[INFO][AppLauncher]: Using device: cuda:0
[INFO][AppLauncher]: Loading experience file: /mnt/ssd/zxl/IsaacLab/apps/isaaclab.python.headless.kit
[2026-08-01 19:45:13,421][asyncio][DEBUG] - Using selector: EpollSelector
[2026-08-01 19:45:14,836][trimesh.util][DEBUG] - falling back to hashlib hashing: `pip install xxhash`for 50x faster cache checks
[2026-08-01 19:45:15,059][h5py._conv][DEBUG] - Creating converter from 7 to 5
[2026-08-01 19:45:15,059][h5py._conv][DEBUG] - Creating converter from 5 to 7
[2026-08-01 19:45:15,059][h5py._conv][DEBUG] - Creating converter from 7 to 5
[2026-08-01 19:45:15,059][h5py._conv][DEBUG] - Creating converter from 5 to 7
[2026-08-01 19:45:15,097][matplotlib][DEBUG] - matplotlib data path: /home/zxl/miniconda3/envs/zxl-pace/lib/python3.10/site-packages/matplotlib/mpl-data
[2026-08-01 19:45:15,099][matplotlib][DEBUG] - CONFIGDIR=/home/zxl/.config/matplotlib
[2026-08-01 19:45:15,100][matplotlib][DEBUG] - interactive is False
[2026-08-01 19:45:15,100][matplotlib][DEBUG] - platform is linux
[2026-08-01 19:45:15,138][matplotlib][DEBUG] - CACHEDIR=/home/zxl/.cache/matplotlib
[2026-08-01 19:45:15,139][matplotlib.font_manager][DEBUG] - Using fontManager instance from /home/zxl/.cache/matplotlib/fontlist-v390.json
[Warning] [simulation_app.simulation_app] Modules: ['omni.kit_app'] were loaded before SimulationApp was started and might not be loaded correctly.
[Warning] [simulation_app.simulation_app] Please check to make sure no extra omniverse or pxr modules are imported before the call to SimulationApp(...)
Loading user config located at: '/home/zxl/miniconda3/envs/zxl-pace/lib/python3.10/site-packages/omni/data/Kit/Isaac-Sim/4.5/user.config.json'
[Info] [carb] Logging to file: /home/zxl/miniconda3/envs/zxl-pace/lib/python3.10/site-packages/omni/logs/Kit/Isaac-Sim/4.5/kit_20260801_194513.log
2026-08-01 11:45:13 [0ms] [Warning] [omni.kit.app.plugin] No crash reporter present, dumps uploading isn't available.
2026-08-01 11:45:13 [1ms] [Warning] [omni.ext.plugin] [ext: rendering_modes] Extensions config 'extension.toml' doesn't exist '/mnt/ssd/zxl/IsaacLab/apps/rendering_modes' or '/mnt/ssd/zxl/IsaacLab/apps/rendering_modes/config'
2026-08-01 11:45:13 [69ms] [Warning] [omni.usd_config.extension] Enable omni.materialx.libs extension to use MaterialX
2026-08-01 11:45:13 [114ms] [Warning] [omni.platforminfo.plugin] failed to open the default display.  Can't verify X Server version.
2026-08-01 11:45:13 [253ms] [Warning] [omni.datastore] OmniHub is inaccessible
2026-08-01 11:45:13 [308ms] [Warning] [omni.isaac.dynamic_control] omni.isaac.dynamic_control is deprecated as of Isaac Sim 4.5. No action is needed from end-users.
2026-08-01 11:45:16 [2,633ms] [Warning] [carb.cudainterop.plugin] CUDA_VISIBLE_DEVICES environment variable is set.
2026-08-01 11:45:16 [2,633ms] [Warning] [carb.cudainterop.plugin] Note CUDA device enumeration and Omniverse device enumeration are different.
2026-08-01 11:45:16 [2,633ms] [Warning] [carb.cudainterop.plugin] Setting CUDA_VISIBLE_DEVICES can lead to undesired behavior or crashes.
2026-08-01 11:45:16 [2,641ms] [Warning] [gpu.foundation.plugin] Skipping NVIDIA GPU due CUDA being in bad state: NVIDIA GeForce RTX 5090
2026-08-01 11:45:16 [2,641ms] [Warning] [gpu.foundation.plugin] Please restart your system if CUDA is known to work in your system.
2026-08-01 11:45:16 [2,642ms] [Warning] [gpu.foundation.plugin] Skipping NVIDIA GPU due CUDA being in bad state: NVIDIA GeForce RTX 5090
2026-08-01 11:45:16 [2,642ms] [Warning] [gpu.foundation.plugin] Please restart your system if CUDA is known to work in your system.

|---------------------------------------------------------------------------------------------|
| Driver Version: 580.105.08    | Graphics API: Vulkan
|=============================================================================================|
| GPU | Name                             | Active | LDA | GPU Memory | Vendor-ID | LUID       |
|     |                                  |        |     |            | Device-ID | UUID       |
|     |                                  |        |     |            | Bus-ID    |            |
|---------------------------------------------------------------------------------------------|
| 0   | NVIDIA GeForce RTX 5090          | Yes: 0 |     | 32607   MB | 10de      | 0          |
|     |                                  |        |     |            | 2b85      | c2a01bc3.. |
|     |                                  |        |     |            | 1         |            |
|---------------------------------------------------------------------------------------------|
| 1   | NVIDIA GeForce RTX 5090          |        |     | 32607   MB | 10de      | 0          |
|     |                                  |        |     |            | 2b85      | 837a84cc.. |
|     |                                  |        |     |            | 7         |            |
|=============================================================================================|
| OS: 24.04.2 LTS (Noble Numbat) ubuntu, Version: 24.04.2, Kernel: 6.17.0-35-generic
| Processor: Intel(R) Core(TM) i9-14900K
| Bare Metal Cores: 24 | Bare Metal Logical Cores: 48
| Available Cores:  32 
|---------------------------------------------------------------------------------------------|
| Total Memory (MB): 128491 | [2026-08-01 19:45:16,795][git.cmd][DEBUG] - Popen(['git', 'version'], cwd=/mnt/ssd/zxl/HOPE_latest_20260721/hope_training/whole_body_tracking, stdin=None, shell=False, universal_newlines=False)
[2026-08-01 19:45:16,797][git.cmd][DEBUG] - Popen(['git', 'version'], cwd=/mnt/ssd/zxl/HOPE_latest_20260721/hope_training/whole_body_tracking, stdin=None, shell=False, universal_newlines=False)
[INFO]: Parsing configuration from: <class 'whole_body_tracking.tasks.tracking.config.agibot_a3.hope_stage2_physical_env_cfg.HOPEStage2PhysicalEnvCfg'>
[train.py] motion clip 0: /mnt/ssd/zxl/HOPE_latest_20260721/hope_training/motions/user_four_motion_manual_hits_a3fk_yaw_leg_stabilized_20260724/user_forehand_raised_30fps_contact075_50hz_a3fk_aligned.npz
[train.py] motion clip 1: /mnt/ssd/zxl/HOPE_latest_20260721/hope_training/motions/user_four_motion_manual_hits_a3fk_yaw_leg_stabilized_20260724/user_backhand_raised_30fps_contact040_50hz_a3fk_aligned.npz
[train.py] runtime reward pruning: removed 73 stateless zero-weight term(s); kept 0 stateful zero-weight term(s).
[train.py]     pruned rewards: ['action_rate', 'active_ready_survival_milestone_bonus', 'active_ready_sustained_bonus', 'backhand_racket_position', 'backhand_soft_ball_contact', 'balanced_ball_contact', 'balanced_net_cross', 'balanced_opponent_bounce', 'balanced_soft_ball_contact', 'ball_contact', 'contact_net_margin', 'cycle_contact_ready', 'cycle_net_ready', 'cycle_return_ready', 'cycle_success_bonus', 'cycle_v2_ready_fail', 'cycle_v2_ready_success_bonus', 'cycle_v2_streak_bonus', 'deferred_recovery_outcome_bonus', 'exact_impact_outgoing_velocity_alignment', 'exact_impact_planner_task_space_alignment', 'exact_impact_racket_velocity_alignment', 'follow_through_recovery', 'functional_no_command_ready', 'health_gated_backhand_soft_ball_contact', 'health_gated_ball_contact', 'health_gated_net_cross', 'health_gated_opponent_bounce', 'health_gated_soft_ball_contact', 'impact_forward_lift', 'impact_outgoing_velocity', 'motion_anchor_height', 'motion_body_ang_vel', 'motion_body_lin_vel', 'motion_body_ori', 'motion_body_pos', 'motion_global_anchor_ori', 'motion_global_anchor_pos', 'net_cross', 'next_ball_readiness', 'next_prestrike_reachable', 'next_swing_ready_bonus', 'no_command_forehand_joint_anchor', 'no_command_ready_balance', 'no_command_ready_progress', 'one_sided_trunk_waist_recovery', 'one_sided_trunk_waist_strike', 'opponent_bounce', 'phase_action_rate', 'phase_lower_body_motion_prior', 'post_contact_arm_racket_ready', 'post_contact_directional_recovery', 'post_contact_ready_fail', 'post_contact_ready_region', 'post_contact_ready_success_bonus', 'post_contact_recovery_ready', 'post_net_arm_racket_ready', 'post_net_recovery_ready', 'post_return_arm_racket_ready', 'post_return_recovery_ready', 'post_strike_lower_body_action_rate', 'prestrike_blade_direction', 'racket_velocity_projection', 'racket_wrist_motion_ori', 'racket_wrist_motion_pos', 'robust_contact_net_margin', 'soft_ball_contact', 'station_relocation_arrival_bonus', 'station_relocation_settle_bonus', 'strike_inactivity', 'targeted_strike_attempt', 'torso_com_balance', 'torso_com_recovery_balance']
[train.py] task=HOPE-PingPong-Stage2-Physical-AgibotA3-v0 num_envs=128 — applied 10 task override(s):
[train.py]     episode_length_s = 12.0
[train.py]     commands.motion.wrap_teleport = False
[train.py]     events.link_mass = (0.97, 1.03)
[train.py]     events.pd_gains = (0.97, 1.03)
[train.py]     observations.policy.racket_target_normal_w = enabled
[train.py]     commands.racket_target.strike_phase_per_clip = (0.4, 0.4)
[train.py]     commands.motion.motion_start_warmup_phase_per_clip = (0.4, 0.4)
[train.py]     commands.racket_target.swing_side_per_clip = (1.0, -1.0)
[train.py]     commands.racket_target.mount_normal_sign_per_clip = (1.0, -1.0)
[train.py]     commands.racket_target.racket_pos_range_per_clip = from motion metadata
[train.py] experiment=hope_pingpong_stage2_physical114 | log_dir=/mnt/ssd/zxl/HOPE_latest_20260721/hope_training/whole_body_tracking/logs/rsl_rl/hope_pingpong_stage2_physical114/2026-08-01_19-45-16_stage2_merged_physics_smoke
Free Memory: 119814
| Total Page/Swap (MB): 8191 | Free Page/Swap: 7149
|---------------------------------------------------------------------------------------------|
2026-08-01 11:45:16 [2,991ms] [Warning] [gpu.foundation.plugin] IOMMU is enabled.
2026-08-01 11:45:16 [2,991ms] [Warning] [gpu.foundation.plugin] Detected IOMMU is enabled. Running CUDA peer-to-peer bandwidth and latency validation.
Unidirectional P2P=Enabled Bandwidth (P2P Writes) Matrix (GB/s)
   D\D     0 
     0 1522.90 
P2P=Enabled Latency (P2P Writes) Matrix (us)
   GPU     0 
     0   2.08 

   CPU     0 
     0   1.28 
2026-08-01 11:45:16 [3,484ms] [Warning] [carb.windowing-glfw.plugin] GLFW initialization failed.
2026-08-01 11:45:16 [3,484ms] [Warning] [carb] Failed to startup plugin carb.windowing-glfw.plugin (interfaces: [carb::windowing::IGLContext v1.0],[carb::windowing::IWindowing v1.5]) (impl: carb.windowing-glfw.plugin)
2026-08-01 11:45:16 [3,485ms] [Error] [gpu.foundation.plugin] DriverShaderCacheManager::init() called without a shutdown()!
2026-08-01 11:45:16 [3,536ms] [Warning] [gpu.foundation.plugin] Skipping NVIDIA GPU due CUDA being in bad state: NVIDIA GeForce RTX 5090
2026-08-01 11:45:16 [3,536ms] [Warning] [gpu.foundation.plugin] Please restart your system if CUDA is known to work in your system.
2026-08-01 11:45:16 [3,536ms] [Warning] [gpu.foundation.plugin] Skipping NVIDIA GPU due CUDA being in bad state: NVIDIA GeForce RTX 5090
2026-08-01 11:45:16 [3,536ms] [Warning] [gpu.foundation.plugin] Please restart your system if CUDA is known to work in your system.

|---------------------------------------------------------------------------------------------|
| Driver Version: 580.105.08    | Graphics API: Vulkan
|=============================================================================================|
| GPU | Name                             | Active | LDA | GPU Memory | Vendor-ID | LUID       |
|     |                                  |        |     |            | Device-ID | UUID       |
|     |                                  |        |     |            | Bus-ID    |            |
|---------------------------------------------------------------------------------------------|
| 0   | NVIDIA GeForce RTX 5090          | Yes: 0 |     | 32607   MB | 10de      | 0          |
|     |                                  |        |     |            | 2b85      | c2a01bc3.. |
|     |                                  |        |     |            | 1         |            |
|---------------------------------------------------------------------------------------------|
| 1   | NVIDIA GeForce RTX 5090          |        |     | 32607   MB | 10de      | 0          |
|     |                                  |        |     |            | 2b85      | 837a84cc.. |
|     |                                  |        |     |            | 7         |            |
|=============================================================================================|
| OS: 24.04.2 LTS (Noble Numbat) ubuntu, Version: 24.04.2, Kernel: 6.17.0-35-generic
| Processor: Intel(R) Core(TM) i9-14900K
| Bare Metal Cores: 24 | Bare Metal Logical Cores: 48
| Available Cores:  32 
|---------------------------------------------------------------------------------------------|
| Total Memory (MB): 128491 | Free Memory: 119557
| Total Page/Swap (MB): 8191 | Free Page/Swap: 7149
|---------------------------------------------------------------------------------------------|
Unidirectional P2P=Enabled Bandwidth (P2P Writes) Matrix (GB/s)
   D\D     0 
     0 1402.76 
P2P=Enabled Latency (P2P Writes) Matrix (us)
   GPU     0 
     0   2.08 

   CPU     0 
     0   1.22 
2026-08-01 11:45:17 [3,874ms] [Warning] [gpu.foundation.plugin] IOMMU is enabled.
2026-08-01 11:45:17 [3,874ms] [Warning] [gpu.foundation.plugin] Detected IOMMU is enabled. Running CUDA peer-to-peer bandwidth and latency validation.
Unidirectional P2P=Enabled Bandwidth (P2P Writes) Matrix (GB/s)
   D\D     0 
     0 1396.38 
P2P=Enabled Latency (P2P Writes) Matrix (us)
   GPU     0 
     0   2.08 

   CPU     0 
     0   1.21 
2026-08-01 11:45:17 [4,025ms] [Warning] [carb.windowing-glfw.plugin] GLFW initialization failed.
2026-08-01 11:45:17 [4,025ms] [Warning] [carb] Failed to startup plugin carb.windowing-glfw.plugin (interfaces: [carb::windowing::IGLContext v1.0],[carb::windowing::IWindowing v1.5]) (impl: carb.windowing-glfw.plugin)
2026-08-01 11:45:17 [4,038ms] [Warning] [carb.windowing-glfw.plugin] GLFW initialization failed.
2026-08-01 11:45:17 [4,038ms] [Warning] [carb] Failed to startup plugin carb.windowing-glfw.plugin (interfaces: [carb::windowing::IGLContext v1.0],[carb::windowing::IWindowing v1.5]) (impl: carb.windowing-glfw.plugin)
2026-08-01 11:45:17 [4,044ms] [Warning] [carb.windowing-glfw.plugin] GLFW initialization failed.
2026-08-01 11:45:17 [4,044ms] [Warning] [carb] Failed to startup plugin carb.windowing-glfw.plugin (interfaces: [carb::windowing::IGLContext v1.0],[carb::windowing::IWindowing v1.5]) (impl: carb.windowing-glfw.plugin)
2026-08-01 11:45:17 [4,049ms] [Warning] [carb.windowing-glfw.plugin] GLFW initializatiSetting seed: 8221
[INFO]: Base environment:
	Environment device    : cuda:0
	Environment seed      : 8221
	Physics step-size     : 0.0025
	Rendering step-size   : 0.02
	Environment step-size : 0.02
[2026-08-01 19:45:17,543][AutoNode][DEBUG] - Defining data type 'any' as 'Any'
[2026-08-01 19:45:17,544][AutoNode][DEBUG] - Defining data type 'bool' as 'Bool' and array 'BoolArray
[2026-08-01 19:45:17,544][AutoNode][DEBUG] - Defining data type 'bundle' as 'Bundle'
[2026-08-01 19:45:17,544][AutoNode][DEBUG] - Defining data type 'colord[3]' as 'Color3d' and array 'Color3dArray
[2026-08-01 19:45:17,544][AutoNode][DEBUG] - Defining data type 'colorf[3]' as 'Color3f' and array 'Color3fArray
[2026-08-01 19:45:17,544][AutoNode][DEBUG] - Defining data type 'colorh[3]' as 'Color3h' and array 'Color3hArray
[2026-08-01 19:45:17,544][AutoNode][DEBUG] - Defining data type 'colord[4]' as 'Color4d' and array 'Color4dArray
[2026-08-01 19:45:17,544][AutoNode][DEBUG] - Defining data type 'colorf[4]' as 'Color4f' and array 'Color4fArray
[2026-08-01 19:45:17,544][AutoNode][DEBUG] - Defining data type 'colorh[4]' as 'Color4h' and array 'Color4hArray
[2026-08-01 19:45:17,544][AutoNode][DEBUG] - Defining data type 'double' as 'Double' and array 'DoubleArray
[2026-08-01 19:45:17,544][AutoNode][DEBUG] - Defining data type 'double[2]' as 'Double2' and array 'Double2Array
[2026-08-01 19:45:17,544][AutoNode][DEBUG] - Defining data type 'double[3]' as 'Double3' and array 'Double3Array
[2026-08-01 19:45:17,544][AutoNode][DEBUG] - Defining data type 'double[4]' as 'Double4' and array 'Double4Array
[2026-08-01 19:45:17,544][AutoNode][DEBUG] - Defining data type 'execution' as 'Execution'
[2026-08-01 19:45:17,544][AutoNode][DEBUG] - Defining data type 'float' as 'Float' and array 'FloatArray
[2026-08-01 19:45:17,544][AutoNode][DEBUG] - Defining data type 'float[2]' as 'Float2' and array 'Float2Array
[2026-08-01 19:45:17,544][AutoNode][DEBUG] - Defining data type 'float[3]' as 'Float3' and array 'Float3Array
[2026-08-01 19:45:17,544][AutoNode][DEBUG] - Defining data type 'float[4]' as 'Float4' and array 'Float4Array
[2026-08-01 19:45:17,544][AutoNode][DEBUG] - Defining data type 'frame[4]' as 'Frame' and array 'FrameArray
[2026-08-01 19:45:17,544][AutoNode][DEBUG] - Defining data type 'half' as 'Half' and array 'HalfArray
[2026-08-01 19:45:17,544][AutoNode][DEBUG] - Defining data type 'half[2]' as 'Half2' and array 'Half2Array
[2026-08-01 19:45:17,544][AutoNode][DEBUG] - Defining data type 'half[3]' as 'Half3' and array 'Half3Array
[2026-08-01 19:45:17,544][AutoNode][DEBUG] - Defining data type 'half[4]' as 'Half4' and array 'Half4Array
[2026-08-01 19:45:17,544][AutoNode][DEBUG] - Defining data type 'int' as 'Int' and array 'IntArray
[2026-08-01 19:45:17,544][AutoNode][DEBUG] - Defining data type 'int[2]' as 'Int2' and array 'Int2Array
[2026-08-01 19:45:17,544][AutoNode][DEBUG] - Defining data type 'int[3]' as 'Int3' and array 'Int3Array
[2026-08-01 19:45:17,544][AutoNode][DEBUG] - Defining data type 'int[4]' as 'Int4' and array 'Int4Array
[2026-08-01 19:45:17,544][AutoNode][DEBUG] - Defining data type 'int64' as 'Int64' and array 'Int64Array
[2026-08-01 19:45:17,544][AutoNode][DEBUG] - Defining data type 'matrixd[2]' as 'Matrix2d' and array 'Matrix2dArray
[2026-08-01 19:45:17,544][AutoNode][DEBUG] - Defining data type 'matrixd[3]' as 'Matrix3d' and array 'Matrix3dArray
[2026-08-01 19:45:17,544][AutoNode][DEBUG] - Defining data type 'matrixd[4]' as 'Matrix4d' and array 'Matrix4dArray
[2026-08-01 19:45:17,544][AutoNode][DEBUG] - Defining data type 'normald[3]' as 'Normal3d' and array 'Normal3dArray
[2026-08-01 19:45:17,544][AutoNode][DEBUG] - Defining data type 'normalf[3]' as 'Normal3f' and array 'Normal3fArray
[2026-08-01 19:45:17,544][AutoNode][DEBUG] - Defining data type 'normalh[3]' as 'Normal3h' and array 'Normal3hArray
[2026-08-01 19:45:17,544][AutoNode][DEBUG] - Defining data type 'objectId' as 'ObjectId' and array 'ObjectIdArray
[2026-08-01 19:45:17,544][AutoNode][DEBUG] - Defining data type 'path' as 'Path'
[2026-08-01 19:45:17,544][AutoNode][DEBUG] - Defining data type 'pointd[3]' as 'Point3d' and array 'Point3dArray
[2026-08-01 19:45:17,544][AutoNode][DEBUG] - Defining data type 'pointf[3]' as 'Point3f' and array 'Point3fArray
[2026-08-01 19:45:17,544][AutoNode][DEBUG] - Defining data type 'pointh[3]' as 'Point3h' and array 'Point3hArray
[2026-08-01 19:45:17,544][AutoNode][DEBUG] - Defining data type 'quatd[4]' as 'Quatd' and array 'QuatdArray
[2026-08-01 19:45:17,544][AutoNode][DEBUG] - Defining data type 'quatf[4]' as 'Quatf' and array 'QuatfArray
[2026-08-01 19:45:17,544][AutoNode][DEBUG] - Defining data type 'quath[4]' as 'Quath' and array 'QuathArray
[2026-08-01 19:45:17,544][AutoNode][DEBUG] - Defining data type 'string' as 'String'
[2026-08-01 19:45:17,544][AutoNode][DEBUG] - Defining data type 'target' as 'Target'
[2026-08-01 19:45:17,544][AutoNode][DEBUG] - Defining data type 'texcoordd[2]' as 'TexCoord2d' and array 'TexCoord2dArray
[2026-08-01 19:45:17,544][AutoNode][DEBUG] - Defining data type 'texcoordf[2]' as 'TexCoord2f' and array 'TexCoord2fArray
[2026-08-01 19:45:17,544][AutoNode][DEBUG] - Defining data type 'texcoordh[2]' as 'TexCoord2h' and array 'TexCoord2hArray
[2026-08-01 19:45:17,544][AutoNode][DEBUG] - Defining data type 'texcoordd[3]' as 'TexCoord3d' and array 'TexCoord3dArray
[2026-08-01 19:45:17,544][AutoNode][DEBUG] - Defining data type 'texcoordf[3]' as 'TexCoord3f' and array 'TexCoord3fArray
[2026-08-01 19:45:17,544][AutoNode][DEBUG] - Defining data type 'texcoordh[3]' as 'TexCoord3h' and array 'TexCoord3hArray
[2026-08-01 19:45:17,545][AutoNode][DEBUG] - Defining data type 'timecode' as 'Timecode' and array 'TimecodeArray
[2026-08-01 19:45:17,545][AutoNode][DEBUG] - Defining data type 'token' as 'Token' and array 'TokenArray
[2026-08-01 19:45:17,545][AutoNode][DEBUG] - Defining data type 'uchar' as 'UChar' and array 'UCharArray
[2026-08-01 19:45:17,545][AutoNode][DEBUG] - Defining data type 'uint' as 'UInt' and array 'UIntArray
[2026-08-01 19:45:17,545][AutoNode][DEBUG] - Defining data type 'uint64' as 'UInt64' and array 'UInt64Array
[2026-08-01 19:45:17,545][AutoNode][DEBUG] - Defining data type 'vectord[3]' as 'Vector3d' and array 'Vector3dArray
[2026-08-01 19:45:17,545][AutoNode][DEBUG] - Defining data type 'vectorf[3]' as 'Vector3f' and array 'Vector3fArray
[2026-08-01 19:45:17,545][AutoNode][DEBUG] - Defining data type 'vectorh[3]' as 'Vector3h' and array 'Vector3hArray
on failed.
2026-08-01 11:45:17 [4,049ms] [Warning] [carb] Failed to startup plugin carb.windowing-glfw.plugin (interfaces: [carb::windowing::IGLContext v1.0],[carb::windowing::IWindowing v1.5]) (impl: carb.windowing-glfw.plugin)
2026-08-01 11:45:17 [4,050ms] [Warning] [carb.windowing-glfw.plugin] GLFW initialization failed.
2026-08-01 11:45:17 [4,050ms] [Warning] [carb] Failed to startup plugin carb.windowing-glfw.plugin (interfaces: [carb::windowing::IGLContext v1.0],[carb::windowing::IWindowing v1.5]) (impl: carb.windowing-glfw.plugin)
2026-08-01 11:45:17 [4,051ms] [Warning] [carb.windowing-glfw.plugin] GLFW initialization failed.
2026-08-01 11:45:17 [4,051ms] [Warning] [carb] Failed to startup plugin carb.windowing-glfw.plugin (interfaces: [carb::windowing::IGLContext v1.0],[carb::windowing::IWindowing v1.5]) (impl: carb.windowing-glfw.plugin)
2026-08-01 11:45:17 [4,264ms] [Warning] [omni.graph.visualization.nodes._impl.extension] No Viewport Window to add omni.graph.visualization.nodes-2.1.1 scene to
2026-08-01 11:45:17 [4,299ms] [Warning] [isaacsim.asset.importer.urdf] The path 0000014503_A3T2.5-URDF-std-pingpang-0409 is not a valid usd path, modifying to a_0000014503_A3T2_5_URDF_std_pingpang_0409
2026-08-01 11:45:17 [4,299ms] [Error] [isaacsim.asset.importer.urdf] *** Could not parse xyz string '0.0' 
2026-08-01 11:45:17 [4,299ms] [Error] [isaacsim.asset.importer.urdf] *** xyz not specified for axis
2026-08-01 11:45:17 [4,299ms] [Error] [isaacsim.asset.importer.urdf] *** Could not parse xyz string '' 
2026-08-01 11:45:17 [4,299ms] [Error] [isaacsim.asset.importer.urdf] *** xyz not specified for axis
2026-08-01 11:45:17 [4,299ms] [Error] [isaacsim.asset.importer.urdf] *** Could not parse xyz string '' 
2026-08-01 11:45:17 [4,299ms] [Error] [isaacsim.asset.importer.urdf] *** xyz not specified for axis
2026-08-01 11:45:17 [4,299ms] [Error] [isaacsim.asset.importer.urdf] *** Could not parse xyz string '' 
2026-08-01 11:45:17 [4,300ms] [Error] [isaacsim.asset.importer.urdf] *** xyz not specified for axis
2026-08-01 11:45:17 [4,300ms] [Error] [isaacsim.asset.importer.urdf] *** Could not parse xyz string '0.0' 
2026-08-01 11:45:17 [4,300ms] [Error] [isaacsim.asset.importer.urdf] *** xyz not specified for axis
2026-08-01 11:45:17 [4,300ms] [Error] [isaacsim.asset.importer.urdf] *** Could not parse xyz string '0.0' 
2026-08-01 11:45:17 [4,300ms] [Error] [isaacsim.asset.importer.urdf] *** xyz not specified for axis
[INFO]: Time taken for scene creation : 9.473114 seconds
[INFO]: Scene manager:  <class InteractiveScene>
	Number of environments: 128
	Environment spacing   : 6.0
	Source prim name      : /World/envs/env_0
	Global prim paths     : ['/World/ground']
	Replicate physics     : True
[INFO]: Starting the simulation. This may take a few seconds. Please wait...
[INFO]: Time taken for simulation start : 0.551096 seconds
[INFO] Command Manager:  <CommandManager> contains 3 active terms.
+-----------------------------------------------------+
|                 Active Command Terms                |
+-------+-----------------+---------------------------+
| Index | Name            |            Type           |
+-------+-----------------+---------------------------+
|   0   | motion          |       MotionCommand       |
|   1   | racket_target   |    RacketTargetCommand    |
|   2   | physical_shadow | PhysicalBallShadowCommand |
+-------+-----------------+---------------------------+

[INFO] Event Manager:  <EventManager> contains 2 active terms.
+---------------------------------------+
| Active Event Terms in Mode: 'startup' |
+---------+-----------------------------+
|  Index  | Name                        |
+---------+-----------------------------+
|    0    | physics_material            |
|    1    | base_com                    |
|    2    | link_mass                   |
|    3    | joint_default_pos           |
|    4    | racket_material             |
+---------+-----------------------------+
+-------------------------------------+
| Active Event Terms in Mode: 'reset' |
+--------------+----------------------+
|    Index     | Name                 |
+--------------+----------------------+
|      0       | pd_gains             |
+--------------+----------------------+

[INFO] Recorder Manager:  <RecorderManager> contains 0 active terms.
+-----------------------+
| Active Recorder Terms |
+------------+----------+
|   Index    | Name     |
+------------+----------+
+------------+----------+

[INFO] Action Manager:  <ActionManager> contains 1 active terms.
+---------------------------------+
| Active Action Terms (shape: 31) |
+-------+-----------+-------------+
| Index | Name      |   Dimension |
+-------+-----------+-------------+
|   0   | joint_pos |          31 |
+-------+-----------+-------------+

[INFO] Observation Manager: <ObservationManager> contains 2 groups.
+-------------------------------------------------------------+
| Active Observation Terms in Group: 'policy' (shape: (114,)) |
+----------+--------------------------------------+-----------+
|  Index   | Name                                 |   Shape   |
+----------+--------------------------------------+-----------+
|    0     | base_ang_vel                         |    (3,)   |
|    1     | joint_pos                            |   (31,)   |
|    2     | joint_vel                            |   (31,)   |
|    3     | last_action                          |   (31,)   |
|    4     | projected_gravity                    |    (3,)   |
|    5     | base_forward_xy                      |    (2,)   |
|    6     | fixed_station_error_xy               |    (2,)   |
|    7     | racket_target_rel_base               |    (3,)   |
|    8     | racket_target_vel_w                  |    (3,)   |
|    9     | time_to_strike                       |    (1,)   |
|    10    | swing_side                           |    (1,)   |
|    11    | racket_target_normal_w               |    (3,)   |
+----------+--------------------------------------+-----------+
+-------------------------------------------------------------+
| Active Observation Terms in Group: 'critic' (shape: (324,)) |
+----------+--------------------------------------+-----------+
|  Index   | Name                                 |   Shape   |
+----------+--------------------------------------+-----------+
|    0     | base_ang_vel                         |    (3,)   |
|    1     | joint_pos                            |   (31,)   |
|    2     | joint_vel                            |   (31,)   |
|    3     | last_action                          |   (31,)   |
|    4     | projected_gravity                    |    (3,)   |
|    5     | base_forward_xy                      |    (2,)   |
|    6     | fixed_station_error_xy               |    (2,)   |
|    7     | racket_target_rel_base               |    (3,)   |
|    8     | racket_target_vel_w                  |    (3,)   |
|    9     | time_to_strike                       |    (1,)   |
|    10    | swing_side                           |    (1,)   |
|    11    | base_lin_vel                         |    (3,)   |
|    12    | motion_command                       |   (62,)   |
|    13    | motion_anchor_pos_b                  |    (3,)   |
|    14    | motion_anchor_ori_b                  |    (6,)   |
|    15    | robot_body_pos_b                     |   (42,)   |
|    16    | robot_body_ori_b                     |   (84,)   |
|    17    | racket_pos_b                         |    (3,)   |
|    18    | racket_lin_vel_w                     |    (3,)   |
|    19    | racket_normal_w                      |    (3,)   |
|    20    | racket_target_normal_w               |    (3,)   |
|    21    | episode_time_left                    |    (1,)   |
+----------+--------------------------------------+-----------+

[INFO] Termination Manager:  <TerminationManager> contains 5 active terms.
+-----------------------------------------------+
|            Active Termination Terms           |
+-------+----------------------------+----------+
| Index | Name                       | Time Out |
+-------+----------------------------+----------+
|   0   | time_out                   |   True   |
|   1   | base_too_low               |  False   |
|   2   | base_tilted                |  False   |
|   3   | table_touch                |  False   |
|   4   | persistent_action_overflow |  False   |
+-------+----------------------------+----------+

[INFO] Reward Manager:  <RewardManager> contains 34 active terms.
+--------------------------------------------------------+
|                  Active Reward Terms                   |
+-------+---------------------------------------+--------+
| Index | Name                                  | Weight |
+-------+---------------------------------------+--------+
|   0   | undesired_contacts                    |   -0.1 |
|   1   | feet_contact_slip                     |  -0.05 |
|   2   | table_no_touch                        |   -0.5 |
|   3   | alive                                 |   0.02 |
|   4   | upright                               |   -0.4 |
|   5   | imitation                             |    1.2 |
|   6   | racket_position                       |    0.8 |
|   7   | racket_velocity                       |   0.45 |
|   8   | planner_racket_task_space_crossfade   |    3.5 |
|   9   | blade_direction                       |   0.45 |
|   10  | healthy_trunk_support                 |    0.8 |
|   11  | pre_strike_station                    |   0.15 |
|   12  | recovery_health                       |   0.55 |
|   13  | no_command_ready_stability            |    0.2 |
|   14  | post_strike_base_ang_vel              |   0.14 |
|   15  | phase_action_overflow                 |   -0.3 |
|   16  | strike_balance                        |   0.22 |
|   17  | prestrike_station_progress            |   0.45 |
|   18  | lower_body_support                    |   0.65 |
|   19  | termination_penalty                   |  -12.0 |
|   20  | phase_action_rate_waist               |  -0.04 |
|   21  | phase_action_rate_upper               | -0.006 |
|   22  | phase_action_rate_legs                | -0.008 |
|   23  | joint_limit                           |   -1.0 |
|   24  | prestrike_racket_progress             |    1.0 |
|   25  | near_impact_planner_velocity_progress |   1.25 |
|   26  | operational_joint_margin              |   -0.6 |
|   27  | joint_target_slew                     | -0.035 |
|   28  | actuator_waist_feasibility            |  -0.02 |
|   29  | actuator_right_arm_feasibility        | -0.005 |
|   30  | actuator_leg_feasibility              | -0.015 |
|   31  | physical_outcome_events               |    3.0 |
|   32  | physical_recovery_settlement          |    2.0 |
|   33  | physical_capability_curriculum        |    1.0 |
+-------+---------------------------------------+--------+

[INFO] Curriculum Manager:  <CurriculumManager> contains 0 active terms.
+-------------------------+
| Active Curriculum Terms |
+-------------+-----------+
|    Index    | Name      |
+-------------+-----------+
+-------------+-----------+

[INFO]: Completed setting up the environment...
[train.py] joint-order gate: using canonical->articulation permutation [2, 5, 8, 11, 16, 12, 17, 21, 23, 25, 27, 29, 13, 18, 22, 24, 26, 28, 30, 0, 3, 6, 9, 14, 19, 1, 4, 7, 10, 15, 20]
[train.py] actor observation contract validated: hope_pingpong_normal114 (114D)
/mnt/ssd/zxl/IsaacLab/source/isaaclab/isaaclab/envs/mdp/events.py:501: UserWarning: To copy construct from a tensor, it is recommended to use sourceTensor.detach().clone() or sourceTensor.detach().clone().requires_grad_(True), rather than torch.tensor(sourceTensor).
  actuator_joint_indices = torch.tensor(actuator.joint_indices, device=asset.device)
Actor MLP: Sequential(
  (0): Linear(in_features=114, out_features=512, bias=True)
  (1): ELU(alpha=1.0)
  (2): Linear(in_features=512, out_features=256, bias=True)
  (3): ELU(alpha=1.0)
  (4): Linear(in_features=256, out_features=128, bias=True)
  (5): ELU(alpha=1.0)
  (6): Linear(in_features=128, out_features=31, bias=True)
)
Critic MLP: Sequential(
  (0): Linear(in_features=324, out_features=512, bias=True)
  (1): ELU(alpha=1.0)
  (2): Linear(in_features=512, out_features=256, bias=True)
  (3): ELU(alpha=1.0)
  (4): Linear(in_features=256, out_features=128, bias=True)
  (5): ELU(alpha=1.0)
  (6): Linear(in_features=128, out_features=1, bias=True)
)
[train.py] actor-only warm start loaded; critic, exploration state, optimizer, and iteration remain fresh: /mnt/ssd/zxl/HOPE_latest_20260721/hope_training/whole_body_tracking/logs/rsl_rl/hope_pingpong_stage1_operational114/2026-08-01_18-31-02_stage1polishP1_fromB1500_250/model_1749.pt
[train.py] action-noise std overrides applied: 0:0.15->0.1, 1:0.15->0.1, 2:0.15->0.1, 3:0.15->0.1, 4:0.15->0.1, 5:0.15->0.1, 6:0.15->0.1, 7:0.15->0.1, 8:0.15->0.1, 9:0.15->0.1, 10:0.15->0.1, 11:0.15->0.1, 12:0.15->0.1, 13:0.15->0.1, 14:0.15->0.1, 15:0.15->0.1, 16:0.15->0.1, 17:0.15->0.1, 18:0.15->0.1, 19:0.15->0.1, 20:0.15->0.1, 21:0.15->0.1, 22:0.15->0.1, 23:0.15->0.1, 24:0.15->0.1, 25:0.15->0.1, 26:0.15->0.1, 27:0.15->0.1, 28:0.15->0.1, 29:0.15->0.1, 30:0.15->0.1
[train.py] global action-noise std applied: 0.1
[train.py] actor anchor enabled: coefficient=10, first_layer_input_exempt_start=None, first_layer_input_exempt_end=None, exempt_coefficient=0, reference=/mnt/ssd/zxl/HOPE_latest_20260721/hope_training/whole_body_tracking/logs/rsl_rl/hope_pingpong_stage1_operational114/2026-08-01_18-31-02_stage1polishP1_fromB1500_250/model_1749.pt
/mnt/ssd/zxl/IsaacLab/source/isaaclab/isaaclab/envs/mdp/events.py:501: UserWarning: To copy construct from a tensor, it is recommended to use sourceTensor.detach().clone() or sourceTensor.detach().clone().requires_grad_(True), rather than torch.tensor(sourceTensor).
  actuator_joint_indices = torch.tensor(actuator.joint_indices, device=asset.device)
################################################################################
                        [1m Learning iteration 0/8 [0m                        

                       Computation: 1083 steps/s (collection: 3.658s, learning 0.123s)
             Mean action noise std: 0.10
          Mean value_function loss: 0.0465
               Mean surrogate loss: 0.2544
                 Mean entropy loss: -27.3927
        Mean actor_anchor_rms loss: 0.0001
Mean actor_anchor_relative_l2 loss: 0.0020
 Mean actor_anchor_exempt_rms loss: 0.0000
                       Mean reward: 0.64
               Mean episode length: 19.00
 Episode_Reward/undesired_contacts: 0.0000
  Episode_Reward/feet_contact_slip: -0.0001
     Episode_Reward/table_no_touch: -0.0000
              Episode_Reward/alive: 0.0004
            Episode_Reward/upright: -0.0002
          Episode_Reward/imitation: 0.0137
    Episode_Reward/racket_position: 0.0000
    Episode_Reward/racket_velocity: 0.0000
Episode_Reward/planner_racket_task_space_crossfade: 0.0001
    Episode_Reward/blade_direction: 0.0000
Episode_Reward/healthy_trunk_support: 0.0035
 Episode_Reward/pre_strike_station: 0.0031
    Episode_Reward/recovery_health: 0.0027
Episode_Reward/no_command_ready_stability: 0.0006
Episode_Reward/post_strike_base_ang_vel: 0.0001
Episode_Reward/phase_action_overflow: -0.0000
     Episode_Reward/strike_balance: 0.0002
Episode_Reward/prestrike_station_progress: 0.0000
 Episode_Reward/lower_body_support: 0.0007
Episode_Reward/termination_penalty: 0.0000
Episode_Reward/phase_action_rate_waist: -0.0000
Episode_Reward/phase_action_rate_upper: -0.0001
Episode_Reward/phase_action_rate_legs: -0.0000
        Episode_Reward/joint_limit: -0.0003
Episode_Reward/prestrike_racket_progress: 0.0130
Episode_Reward/near_impact_planner_velocity_progress: -0.0001
Episode_Reward/operational_joint_margin: -0.0003
  Episode_Reward/joint_target_slew: -0.0009
Episode_Reward/actuator_waist_feasibility: -0.0000
Episode_Reward/actuator_right_arm_feasibility: -0.0000
Episode_Reward/actuator_leg_feasibility: -0.0000
Episode_Reward/physical_outcome_events: 0.0000
Episode_Reward/physical_recovery_settlement: 0.0000
Episode_Reward/physical_capability_curriculum: 0.0000
    Metrics/motion/error_joint_pos: 1.0872
    Metrics/motion/error_joint_vel: 6.0120
     Metrics/motion/error_body_pos: 7.4115
     Metrics/motion/error_body_rot: 0.6464
       Metrics/motion/motion_phase: 0.0608
            Metrics/motion/in_hold: 0.3438
Metrics/motion/motion_start_warmup_prob: 0.7266
Metrics/motion/motion_start_lifecycle_progress: 0.0000
Metrics/motion/motion_start_effective_prestrike_fraction: 0.9688
Metrics/motion/motion_start_effective_recovery_fraction: 0.0000
Metrics/motion/motion_start_effective_rsi_fraction: 0.0000
 Metrics/motion/motion_start_reset: 0.6250
Metrics/motion/motion_start_prestrike_reset: 0.0000
Metrics/motion/motion_start_recovery_reset: 0.0000
Metrics/motion/motion_start_rsi_reset: 0.0000
 Metrics/motion/single_cycle_reset: 0.0000
     Metrics/motion/motion_clip_id: 0.2812
Metrics/motion/motion_supplemental_clip: 0.0000
      Metrics/motion/stand_episode: 0.0000
Metrics/motion/default_stand_reset: 0.3438
Metrics/motion/error_body_pos_lower: 7.3987
Metrics/motion/error_body_rot_lower: 0.5780
Metrics/motion/error_body_lin_vel_lower: 0.1414
Metrics/motion/error_body_ang_vel_lower: 0.9174
Metrics/motion/reference_body_lin_speed_lower: 0.0497
Metrics/motion/robot_body_lin_speed_lower: 0.1419
Metrics/motion/error_body_pos_core: 7.3949
Metrics/motion/error_body_rot_core: 0.3228
Metrics/motion/error_body_lin_vel_core: 0.1808
Metrics/motion/error_body_ang_vel_core: 1.1887
Metrics/motion/reference_body_lin_speed_core: 0.0217
Metrics/motion/robot_body_lin_speed_core: 0.1893
Metrics/motion/error_body_pos_upper: 7.4297
Metrics/motion/error_body_rot_upper: 0.8226
Metrics/motion/error_body_lin_vel_upper: 0.7587
Metrics/motion/error_body_ang_vel_upper: 2.6895
Metrics/motion/reference_body_lin_speed_upper: 0.0514
Metrics/motion/robot_body_lin_speed_upper: 0.7605
Metrics/motion/error_joint_pos_waist: 0.4413
Metrics/motion/error_joint_vel_waist: 1.9818
Metrics/motion/reference_joint_speed_waist: 0.0704
Metrics/motion/error_joint_pos_arms: 0.8979
Metrics/motion/error_joint_vel_arms: 4.1285
Metrics/motion/reference_joint_speed_arms: 0.1126
Metrics/motion/error_joint_pos_legs: 0.3971
Metrics/motion/error_joint_vel_legs: 3.2224
Metrics/motion/reference_joint_speed_legs: 0.0137
Metrics/racket_target/racket_pos_error: 0.0000
Metrics/racket_target/racket_vel_error: 0.0000
Metrics/racket_target/time_to_strike: 0.8987
Metrics/racket_target/return_success: 0.0000
Metrics/racket_target/prev_return_success: 0.0000
Metrics/racket_target/prev_net_cross: 0.0000
Metrics/racket_target/current_net_cross: 0.0000
Metrics/racket_target/racket_pos_curriculum_scale: 0.3552
Metrics/racket_target/impact_inverse_command_blend: 0.0000
Metrics/racket_target/steps_since_target_resample: 11.5312
Metrics/racket_target/recovery_height_error: 0.0249
Metrics/racket_target/recovery_upright_error: 0.1410
Metrics/racket_target/recovery_base_lin_vel: 0.1009
Metrics/racket_target/recovery_base_ang_vel: 1.1014
Metrics/racket_target/recovery_station_error: 0.0255
Metrics/racket_target/recovery_feet_contact_frac: 0.9375
Metrics/racket_target/recovery_racket_speed: 1.8472
Metrics/racket_target/recovery_height_score: 0.8594
Metrics/racket_target/recovery_upright_score: 0.7044
Metrics/racket_target/recovery_lin_vel_score: 0.7638
Metrics/racket_target/recovery_ang_vel_score: 0.3476
Metrics/racket_target/recovery_station_score: 0.9528
Metrics/racket_target/recovery_racket_score: 0.2578
Metrics/racket_target/recovery_arm_score: 0.5813
Metrics/racket_target/recovery_ready_score: 0.7031
Metrics/racket_target/recovery_anchor_arm_score: 0.9688
Metrics/racket_target/recovery_core_ready_score: 0.5550
Metrics/racket_target/recovery_functional_ready_score: 0.4957
Metrics/racket_target/waist_action_overflow_rms: 0.0000
Metrics/racket_target/right_arm_action_overflow_rms: 0.0000
Metrics/racket_target/leg_action_overflow_rms: 0.0000
Metrics/racket_target/operational_margin_fraction: 0.0222
Metrics/racket_target/waist_operational_margin_fraction: 0.0000
Metrics/racket_target/right_arm_operational_margin_fraction: 0.0491
Metrics/racket_target/leg_operational_margin_fraction: 0.0000
Metrics/racket_target/waist_operational_excess_rms: 0.0000
Metrics/racket_target/right_arm_operational_excess_rms: 0.0001
Metrics/racket_target/leg_operational_excess_rms: 0.0000
Metrics/racket_target/q_des_velocity_violation_fraction: 0.1230
Metrics/racket_target/waist_q_des_velocity_violation_fraction: 0.0729
Metrics/racket_target/right_arm_q_des_velocity_violation_fraction: 0.0938
Metrics/racket_target/leg_q_des_velocity_violation_fraction: 0.2031
Metrics/racket_target/q_des_acceleration_violation_fraction: 0.6280
Metrics/racket_target/waist_q_des_acceleration_violation_fraction: 0.6146
Metrics/racket_target/right_arm_q_des_acceleration_violation_fraction: 0.5491
Metrics/racket_target/leg_q_des_acceleration_violation_fraction: 0.7917
Metrics/racket_target/waist_q_des_velocity_rms: 5.0507
Metrics/racket_target/right_arm_q_des_velocity_rms: 11.4858
Metrics/racket_target/leg_q_des_velocity_rms: 10.2379
Metrics/racket_target/waist_q_des_acceleration_rms: 377.1409
Metrics/racket_target/right_arm_q_des_acceleration_rms: 677.0548
Metrics/racket_target/leg_q_des_acceleration_rms: 715.1567
Metrics/racket_target/action_operational_feasibility_score: 0.9687
Metrics/racket_target/actuator_overflow_consecutive_steps: 0.0000
Metrics/racket_target/actuator_overflow_severe: 0.0000
Metrics/racket_target/recovery_phase_gate: 0.6562
Metrics/racket_target/recovery_phase_ready_score: 0.4543
Metrics/racket_target/recovery_contact_ready_score: 0.0000
Metrics/racket_target/recovery_net_ready_score: 0.0000
Metrics/racket_target/recovery_return_ready_score: 0.0000
Metrics/racket_target/cycle_success_ready_score: 0.0000
Metrics/racket_target/cycle_success_soft: 0.0000
Metrics/racket_target/cycle_success_binary: 0.0000
Metrics/racket_target/cycle_v2_pending: 0.0000
Metrics/racket_target/cycle_v2_attempt_latch: 0.0000
Metrics/racket_target/cycle_v2_ready_success_latch: 0.0000
Metrics/racket_target/cycle_v2_ready_fail_latch: 0.0000
Metrics/racket_target/cycle_v2_attempt_event: 0.0000
Metrics/racket_target/cycle_v2_ready_success_event: 0.0000
Metrics/racket_target/cycle_v2_ready_fail_event: 0.0000
Metrics/racket_target/cycle_v2_unresolved_resample_fail_event: 0.0000
Metrics/racket_target/cycle_v2_resolved_event: 0.0000
Metrics/racket_target/cycle_v2_command_visible_steps: 0.0000
Metrics/racket_target/cycle_v2_elapsed_steps: 0.0000
Metrics/racket_target/cycle_v2_ready_score: 0.0000
Metrics/racket_target/cycle_v2_ready_ok: 0.0000
Metrics/racket_target/cycle_v2_visible: 0.0000
Metrics/racket_target/cycle_v2_ready_score_ok: 0.0000
Metrics/racket_target/cycle_v2_height_ok: 0.0000
Metrics/racket_target/cycle_v2_upright_ok: 0.0000
Metrics/racket_target/cycle_v2_base_lin_vel_ok: 0.0000
Metrics/racket_target/cycle_v2_base_ang_vel_ok: 0.0000
Metrics/racket_target/cycle_v2_feet_ok: 0.0000
Metrics/racket_target/cycle_v2_core_ready_ok: 0.0000
Metrics/racket_target/cycle_v2_ready_consecutive_steps: 0.0000
Metrics/racket_target/single_cycle_bootstrap: 0.0000
Metrics/racket_target/single_cycle_swing_completed: 0.0000
Metrics/racket_target/single_cycle_recovery_active: 0.0000
Metrics/racket_target/single_cycle_recovery_elapsed_steps: 0.0000
Metrics/racket_target/single_cycle_ready_consecutive_steps: 0.0000
Metrics/racket_target/single_cycle_safe_timeout_event: 0.0000
Metrics/racket_target/single_cycle_deadline_timeout_event: 0.0000
Metrics/racket_target/single_cycle_timeout_latch: 0.0000
Metrics/racket_target/single_cycle_hard_failure_event: 0.0000
Metrics/racket_target/single_cycle_probability: 0.0000
Metrics/racket_target/single_cycle_curriculum_level: 0.0000
Metrics/racket_target/single_cycle_effective_deadline_steps: 96.8750
Metrics/racket_target/single_cycle_selected_events: 0.0000
Metrics/racket_target/single_cycle_completed_events: 0.0000
Metrics/racket_target/single_cycle_safe_timeout_events: 0.0000
Metrics/racket_target/single_cycle_deadline_timeout_events: 0.0000
Metrics/racket_target/single_cycle_hard_failure_events: 0.0000
Metrics/racket_target/active_ready_consecutive_steps: 0.3438
Metrics/racket_target/active_ready_success_event: 0.0000
Metrics/racket_target/active_ready_success_latch: 0.0000
Metrics/racket_target/active_ready_survival_steps: 0.0000
Metrics/racket_target/active_ready_survival_next_milestone: 0.0000
Metrics/racket_target/active_ready_survival_milestone_event: 0.0000
Metrics/racket_target/no_command_ready_active: 0.3438
Metrics/racket_target/no_command_from_stand_episode: 0.0000
Metrics/racket_target/no_command_from_default_stand_reset: 0.3438
Metrics/racket_target/no_command_ready_upright_ok: 0.3438
Metrics/racket_target/no_command_ready_motion_ok: 0.3438
Metrics/racket_target/no_command_ready_score: 0.2445
Metrics/racket_target/no_command_ready_progress: 0.2809
Metrics/racket_target/no_command_ready_station_error: 0.0096
Metrics/racket_target/no_command_ready_fixed_station_error: 0.0096
Metrics/racket_target/healthy_training_stage: 2.9062
Metrics/racket_target/healthy_stage_planted_rehearsal: 0.0000
Metrics/racket_target/healthy_stage_station_hold_seen: 0.0000
Metrics/racket_target/healthy_stage_station_arrived: 0.0000
Metrics/racket_target/healthy_stage_station_settled: 0.0000
Metrics/racket_target/healthy_stage_station_settle_steps: 0.0000
Metrics/racket_target/station_relocation_active: 0.0000
Metrics/racket_target/station_relocation_target_offset_y: 0.0000
Metrics/racket_target/station_relocation_error: 0.0000
Metrics/racket_target/station_relocation_arrival_event: 0.0000
Metrics/racket_target/station_relocation_settle_event: 0.0000
Metrics/racket_target/station_relocation_release_event: 0.0000
Metrics/racket_target/station_relocation_timeout_event: 0.0000
Metrics/racket_target/station_relocation_elapsed_steps: 0.0000
Metrics/racket_target/station_relocation_hold_deadline_steps: 0.0000
Metrics/racket_target/lifecycle_recovery_hold_active: 0.0000
Metrics/racket_target/lifecycle_recovery_release_success_event: 0.0000
Metrics/racket_target/lifecycle_recovery_release_fail_event: 0.0000
Metrics/racket_target/station_relocation_level: 0.0000
Metrics/racket_target/station_relocation_arrival_ema: 0.0000
Metrics/racket_target/station_relocation_settle_ema: 0.0000
Metrics/racket_target/station_relocation_contact_ema: 0.0000
Metrics/racket_target/station_relocation_safety_ema: 0.0000
Metrics/racket_target/station_relocation_resolved_events: 0.0000
Metrics/racket_target/station_relocation_terminal_reset_events: 0.0000
Metrics/racket_target/station_relocation_advance_streak: 0.0000
Metrics/racket_target/station_relocation_regress_streak: 0.0000
Metrics/racket_target/station_relocation_effective_max_lin_vel: 0.0000
Metrics/racket_target/station_relocation_effective_max_ang_vel: 0.0000
Metrics/racket_target/station_relocation_effective_min_settle_steps: 0.0000
Metrics/racket_target/ability_curriculum_level: 0.0000
Metrics/racket_target/ability_curriculum_scale: 0.3552
Metrics/racket_target/ability_curriculum_resolved_events: 0.0000
Metrics/racket_target/ability_curriculum_total_resolved_events: 0.0000
Metrics/racket_target/ability_curriculum_advance_streak: 0.0000
Metrics/racket_target/ability_curriculum_regress_streak: 0.0000
Metrics/racket_target/ability_contact_ema: 0.0000
Metrics/racket_target/ability_net_ema: 0.0000
Metrics/racket_target/ability_success_ema: 0.0000
Metrics/racket_target/ability_recovery_ema: 0.0000
Metrics/racket_target/ability_cycle_ema: 0.0000
Metrics/racket_target/ability_cycle_attempt_ema: 0.0000
Metrics/racket_target/ability_cycle_resolved_ema: 0.0000
Metrics/racket_target/ability_forehand_contact_ema: 0.0000
Metrics/racket_target/ability_forehand_net_ema: 0.0000
Metrics/racket_target/ability_forehand_success_ema: 0.0000
Metrics/racket_target/ability_backhand_contact_ema: 0.0000
Metrics/racket_target/ability_backhand_net_ema: 0.0000
Metrics/racket_target/ability_backhand_success_ema: 0.0000
Metrics/racket_target/ability_attempt_ema: 0.0000
Metrics/racket_target/ability_targeted_attempt_ema: 0.0000
Metrics/racket_target/impact_health_floor_progress: 0.0000
Metrics/racket_target/ability_safety_ema: 0.9688
Metrics/racket_target/ability_station_saturation_ema: 0.0000
Metrics/racket_target/ability_healthy_normal_ema: 0.0000
Metrics/racket_target/ability_station_arrival_ema: 0.0000
Metrics/racket_target/ability_station_settle_ema: 0.0000
Metrics/racket_target/planner_hit_plane_blend: 0.9688
Metrics/racket_target/planner_hit_plane_x_delta: -0.0005
Metrics/racket_target/true_strike_table_x: 0.1608
Metrics/racket_target/planner_target_table_x: 0.1608
Metrics/racket_target/workspace_level: 0.0000
Metrics/racket_target/workspace_fringe_sample: 0.0000
Metrics/racket_target/workspace_target_lateral_norm: 0.4638
Metrics/racket_target/workspace_target_table_y: -0.3351
Metrics/racket_target/workspace_playable_y_min: -0.6999
Metrics/racket_target/workspace_playable_y_max: 0.6999
Metrics/racket_target/workspace_active_y_lo: -0.2944
Metrics/racket_target/workspace_active_y_hi: -0.1781
Metrics/racket_target/workspace_motion_seed_blend: 0.9688
Metrics/racket_target/incoming_ball_horizontal_speed: 1.0556
Metrics/racket_target/incoming_ball_speed: 1.4647
Metrics/racket_target/incoming_ball_speed_curriculum_level: 0.0000
Metrics/racket_target/incoming_ball_speed_sample_low: 0.8719
Metrics/racket_target/incoming_ball_speed_sample_high: 1.2109
Metrics/racket_target/station_saturated: 0.0000
Metrics/racket_target/station_raw_clip_excess: 0.0000
Metrics/racket_target/station_saturated_x: 0.0000
Metrics/racket_target/station_saturated_y: 0.0000
Metrics/racket_target/station_raw_clip_excess_x: 0.0000
Metrics/racket_target/station_raw_clip_excess_y: 0.0000
Metrics/racket_target/current_swing_opportunity: 0.0000
Metrics/racket_target/current_swing_attempt: 0.0000
Metrics/racket_target/current_swing_targeted_attempt: 0.0000
Metrics/racket_target/prev_swing_targeted_attempt: 0.0000
Metrics/racket_target/current_swing_unsafe: 0.0000
Metrics/racket_target/current_swing_station_saturated: 0.0000
Metrics/racket_target/impact_health_score: 0.9223
Metrics/racket_target/impact_health_ok: 0.9688
Metrics/racket_target/impact_health_backlean_violation: 0.0014
Metrics/racket_target/impact_health_waist_backfold: 0.0360
Metrics/racket_target/impact_health_base_retreat: 0.0114
Metrics/racket_target/impact_health_torso_gravity_x: 0.1293
Metrics/racket_target/impact_health_torso_ang_vel: 0.4935
Metrics/racket_target/impact_health_com_x: 0.0266
Metrics/racket_target/impact_health_com_y: 0.0226
Metrics/racket_target/post_contact_ready_pending: 0.0000
Metrics/racket_target/post_contact_ready_elapsed_steps: 0.0000
Metrics/racket_target/post_contact_ready_consecutive_steps: 0.0000
Metrics/racket_target/post_contact_ready_diagnostic_pending: 0.0000
Metrics/racket_target/post_contact_ready_diagnostic_elapsed_steps: 0.0000
Metrics/racket_target/post_contact_ready_durable_pending: 0.0000
Metrics/racket_target/post_contact_ready_durable_consecutive_steps: 0.0000
Metrics/racket_target/post_contact_ready_durable_ready_now: 0.0000
Metrics/racket_target/post_contact_ready_durable_success_event: 0.0000
Metrics/racket_target/post_contact_ready_durable_fail_event: 0.0000
Metrics/racket_target/post_contact_ready_durable_resolution_success_rate: 0.0000
Metrics/racket_target/post_contact_ready_durable_resolution_fail_rate: 0.0000
Metrics/racket_target/post_contact_ready_durable_resolution_success_latency_steps: 0.0000
Metrics/racket_target/post_contact_ready_durable_resolution_fail_latency_steps: 0.0000
Metrics/racket_target/post_contact_ready_durable_fail_backlean_rate: 0.0000
Metrics/racket_target/post_contact_ready_durable_fail_forward_lean_rate: 0.0000
Metrics/racket_target/post_contact_ready_durable_fail_torso_ang_vel_rate: 0.0000
Metrics/racket_target/post_contact_ready_durable_fail_base_lin_vel_rate: 0.0000
Metrics/racket_target/post_contact_ready_durable_fail_base_ang_vel_rate: 0.0000
Metrics/racket_target/post_contact_ready_durable_fail_racket_speed_rate: 0.0000
Metrics/racket_target/post_contact_ready_durable_fail_height_rate: 0.0000
Metrics/racket_target/post_contact_ready_durable_fail_com_x_rate: 0.0000
Metrics/racket_target/post_contact_ready_durable_fail_com_y_rate: 0.0000
Metrics/racket_target/post_contact_ready_durable_fail_feet_rate: 0.0000
Metrics/racket_target/post_contact_ready_durable_fail_station_rate: 0.0000
Metrics/racket_target/post_contact_ready_durable_fail_arm_rate: 0.0000
Metrics/racket_target/post_contact_ready_terminal_window_active: 0.0000
Metrics/racket_target/post_contact_ready_terminal_quality: 0.0000
Metrics/racket_target/post_contact_ready_terminal_settlement_event: 0.0000
Metrics/racket_target/post_contact_ready_operational_ready_now: 0.0000
Metrics/racket_target/post_contact_ready_operational_consecutive_steps: 0.0000
Metrics/racket_target/post_contact_ready_safe_settlement_event: 0.0000
Metrics/racket_target/post_contact_ready_unsafe_settlement_event: 0.0000
Metrics/racket_target/post_contact_ready_incomplete_settlement_event: 0.0000
Metrics/racket_target/post_contact_ready_safe_net_cycle_event: 0.0000
Metrics/racket_target/post_contact_ready_terminal_quality_mean: 0.0000
Metrics/racket_target/post_contact_ready_safe_terminal_quality_mean: 0.0000
Metrics/racket_target/post_contact_ready_terminal_safe_rate: 0.0000
Metrics/racket_target/post_contact_ready_terminal_unsafe_rate: 0.0000
Metrics/racket_target/post_contact_ready_terminal_incomplete_rate: 0.0000
Metrics/racket_target/post_contact_ready_safe_net_cycle_rate: 0.0000
Metrics/racket_target/post_contact_ready_score: 0.0000
Metrics/racket_target/post_contact_ready_now: 0.0000
Metrics/racket_target/post_contact_ready_success_event: 0.0000
Metrics/racket_target/post_contact_ready_fail_event: 0.0000
Metrics/racket_target/post_contact_ready_outcome_tier: 0.0000
Metrics/racket_target/post_contact_ready_face_quality: 0.0000
Metrics/racket_target/post_contact_ready_safe_face_net_cycle_value: 0.0000
Metrics/racket_target/post_contact_ready_planner_speed_ratio: 0.0000
Metrics/racket_target/post_contact_ready_planner_direction_error_rad: 0.0000
Metrics/racket_target/post_contact_ready_planner_position_error: 0.0000
Metrics/racket_target/post_contact_ready_impact_health_score: 0.0000
Metrics/racket_target/post_contact_ready_peak_base_ang_vel: 0.0000
Metrics/racket_target/post_contact_ready_peak_ang_vel_excess_increment: 0.0000
Metrics/racket_target/post_contact_ready_envelope_violation_latch: 0.0000
Metrics/racket_target/post_contact_ready_envelope_violation_event: 0.0000
Metrics/racket_target/post_contact_ready_envelope_first_violation_step: 0.0000
Metrics/racket_target/post_contact_ready_envelope_attempts: 0.0000
Metrics/racket_target/post_contact_ready_envelope_violation_rate: 0.0000
Metrics/racket_target/post_contact_ready_envelope_tilt_violation_rate: 0.0000
Metrics/racket_target/post_contact_ready_envelope_pitch_violation_rate: 0.0000
Metrics/racket_target/post_contact_ready_envelope_com_violation_rate: 0.0000
Metrics/racket_target/post_contact_ready_envelope_waist_violation_rate: 0.0000
Metrics/racket_target/post_contact_ready_envelope_leg_violation_rate: 0.0000
Metrics/racket_target/post_contact_ready_envelope_base_ang_vel_violation_rate: 0.0000
Metrics/racket_target/post_contact_ready_resolution_success_rate: 0.0000
Metrics/racket_target/post_contact_ready_resolution_fail_rate: 0.0000
Metrics/racket_target/post_contact_ready_resolution_success_latency_steps: 0.0000
Metrics/racket_target/post_contact_ready_resolution_fail_latency_steps: 0.0000
Metrics/racket_target/post_contact_ready_max_tilt: 0.0000
Metrics/racket_target/post_contact_ready_max_abs_pitch: 0.0000
Metrics/racket_target/post_contact_ready_max_com_x: 0.0000
Metrics/racket_target/post_contact_ready_max_com_y: 0.0000
Metrics/racket_target/post_contact_ready_max_waist_overflow: 0.0000
Metrics/racket_target/post_contact_ready_max_leg_overflow: 0.0000
Metrics/racket_target/post_contact_ready_settlement_velocity_score_ema: 0.0000
Metrics/racket_target/post_contact_ready_settlement_position_gate_ema: 0.0000
Metrics/racket_target/post_contact_ready_settlement_health_gate_ema: 0.0000
Metrics/racket_target/post_contact_ready_settlement_recovery_gate_ema: 0.0000
Metrics/racket_target/post_contact_ready_settlement_total_score_ema: 0.0000
Metrics/racket_target/post_contact_recovery_backlean_error: 0.0000
Metrics/racket_target/post_contact_recovery_directional_progress: 0.0000
Metrics/racket_target/post_contact_ready_torso_ok: 0.0000
Metrics/racket_target/post_contact_ready_motion_ok: 0.0000
Metrics/racket_target/post_contact_ready_support_ok: 0.0000
Metrics/racket_target/post_contact_ready_arm_ok: 0.0000
Metrics/racket_target/post_contact_ready_base_lin_vel_ok: 0.0000
Metrics/racket_target/post_contact_ready_base_ang_vel_ok: 0.0000
Metrics/racket_target/post_contact_ready_racket_speed_ok: 0.0000
Metrics/racket_target/post_contact_ready_height_ok: 0.0000
Metrics/racket_target/post_contact_ready_com_x_ok: 0.0000
Metrics/racket_target/post_contact_ready_com_y_ok: 0.0000
Metrics/racket_target/post_contact_ready_feet_ok: 0.0000
Metrics/racket_target/post_contact_ready_station_ok: 0.0000
Metrics/racket_target/post_contact_ready_fail_torso: 0.0000
Metrics/racket_target/post_contact_ready_fail_base_lin_vel: 0.0000
Metrics/racket_target/post_contact_ready_fail_base_ang_vel: 0.0000
Metrics/racket_target/post_contact_ready_fail_racket_speed: 0.0000
Metrics/racket_target/post_contact_ready_fail_support: 0.0000
Metrics/racket_target/post_contact_ready_fail_arm: 0.0000
Metrics/racket_target/post_contact_ready_shadow_now: 0.0000
Metrics/racket_target/post_contact_ready_shadow_consecutive_steps: 0.0000
Metrics/racket_target/post_contact_ready_shadow_success_latch: 0.0000
Metrics/racket_target/post_contact_ready_curriculum_level: 0.0000
Metrics/racket_target/post_contact_ready_curriculum_fraction: 0.0000
Metrics/racket_target/post_contact_ready_curriculum_success_ema: 0.0000
Metrics/racket_target/post_contact_ready_curriculum_shadow_success_ema: 0.0000
Metrics/racket_target/post_contact_ready_curriculum_resolved_events: 0.0000
Metrics/racket_target/post_contact_ready_curriculum_successful_events: 0.0000
Metrics/racket_target/post_contact_ready_curriculum_targeted_attempt_ema: 0.0000
Metrics/racket_target/post_contact_ready_curriculum_return_success_ema: 0.0000
Metrics/racket_target/post_contact_ready_curriculum_completed_swings: 0.0000
Metrics/racket_target/post_contact_ready_curriculum_advance_streak: 0.0000
Metrics/racket_target/post_contact_ready_curriculum_advance_guard_ok: 0.0000
Metrics/racket_target/post_contact_ready_effective_max_torso_ang_vel: 0.0000
Metrics/racket_target/post_contact_ready_effective_max_base_lin_vel: 0.0000
Metrics/racket_target/post_contact_ready_effective_max_base_ang_vel: 0.0000
Metrics/racket_target/post_contact_ready_effective_max_racket_speed: 0.0000
Metrics/racket_target/post_contact_ready_effective_min_feet_contact: 0.0000
Metrics/racket_target/post_contact_ready_effective_required_consecutive_steps: 0.0000
Metrics/racket_target/post_contact_ready_effective_deadline_steps: 0.0000
Metrics/racket_target/post_contact_ready_curriculum_advance_threshold: 0.0000
Metrics/racket_target/post_contact_ready_curriculum_advance_min_events: 0.0000
Metrics/racket_target/post_contact_ready_curriculum_shadow_threshold: 0.0000
Metrics/racket_target/post_contact_ready_curriculum_min_targeted_attempt_ema: 0.0000
Metrics/racket_target/post_contact_ready_curriculum_min_return_success_ema: 0.0000
Metrics/racket_target/post_contact_ready_curriculum_min_completed_swings: 0.0000
Metrics/racket_target/post_contact_ready_curriculum_required_advance_checks: 0.0000
Metrics/racket_target/racket_normal_error_deg: 62.3385
Metrics/racket_target/impact_normal_error_deg: 0.0000
Metrics/racket_target/impact_racket_vel_error_mps: 0.0000
Metrics/racket_target/impact_racket_speed_ratio: 0.0000
Metrics/racket_target/impact_racket_vel_angle_deg: 0.0000
Metrics/racket_target/impact_racket_actual_vel_x: 0.0000
Metrics/racket_target/impact_racket_actual_vel_y: 0.0000
Metrics/racket_target/impact_racket_actual_vel_z: 0.0000
Metrics/racket_target/impact_racket_target_vel_x: 0.0000
Metrics/racket_target/impact_racket_target_vel_y: 0.0000
Metrics/racket_target/impact_racket_target_vel_z: 0.0000
Metrics/racket_target/impact_ball_out_error_mps: 0.0000
Metrics/racket_target/impact_face_radial_error_m: 0.0000
Metrics/racket_target/impact_face_normal_gap_m: 0.0000
Metrics/racket_target/impact_face_quality: 0.0000
Metrics/racket_target/impact_center_contact: 0.0000
Metrics/racket_target/impact_center_net_cross: 0.0000
Metrics/racket_target/impact_center_on_opponent: 0.0000
Metrics/racket_target/impact_rim_contact: 0.0000
Metrics/racket_target/impact_rim_net_cross: 0.0000
Metrics/racket_target/impact_rim_on_opponent: 0.0000
Metrics/racket_target/impact_analytic_outer_contact: 0.0000
Metrics/racket_target/impact_analytic_outer_net_cross: 0.0000
Metrics/racket_target/impact_analytic_outer_on_opponent: 0.0000
Metrics/racket_target/impact_planner_pos_error_m: 0.0000
Metrics/racket_target/impact_planner_vel_error_mps: 0.0000
Metrics/racket_target/impact_planner_speed_ratio: 0.0000
Metrics/racket_target/impact_planner_vel_angle_deg: 0.0000
Metrics/racket_target/impact_healthy_normal_ok: 0.0000
Metrics/racket_target/impact_healthy_contact: 0.0000
Metrics/racket_target/impact_healthy_net_cross: 0.0000
Metrics/racket_target/impact_healthy_on_opponent: 0.0000
Metrics/racket_target/current_swing_impact_health_score: 0.0000
Metrics/racket_target/current_swing_healthy_contact: 0.0000
Metrics/racket_target/current_swing_healthy_net_cross: 0.0000
Metrics/racket_target/current_swing_healthy_on_opponent: 0.0000
Metrics/racket_target/current_swing_healthy_normal_ok: 0.0000
Metrics/racket_target/current_swing_contact: 0.0000
Metrics/racket_target/current_swing_net_cross: 0.0000
Metrics/racket_target/current_swing_on_opponent: 0.0000
Metrics/racket_target/current_swing_center_contact: 0.0000
Metrics/racket_target/current_swing_center_net_cross: 0.0000
Metrics/racket_target/current_swing_center_on_opponent: 0.0000
Metrics/racket_target/current_swing_rim_contact: 0.0000
Metrics/racket_target/current_swing_rim_net_cross: 0.0000
Metrics/racket_target/current_swing_rim_on_opponent: 0.0000
Metrics/racket_target/current_swing_analytic_outer_contact: 0.0000
Metrics/racket_target/current_swing_analytic_outer_net_cross: 0.0000
Metrics/racket_target/current_swing_analytic_outer_on_opponent: 0.0000
Metrics/racket_target/cycle_v2_outcome_tier: -0.9688
Metrics/racket_target/cycle_v2_streak: 0.0000
Metrics/racket_target/closed_loop_recovery_trigger_event: 0.0000
Metrics/racket_target/closed_loop_cycle_success_event: 0.0000
Metrics/racket_target/closed_loop_durable_cycle_success_event: 0.0000
Metrics/racket_target/closed_loop_phase_id: 0.6250
Metrics/racket_target/closed_loop_phase_ready_no_command: 0.3438
Metrics/racket_target/closed_loop_phase_command_acquire: 0.6250
Metrics/racket_target/closed_loop_phase_pre_strike: 0.0000
Metrics/racket_target/closed_loop_phase_strike: 0.0000
Metrics/racket_target/closed_loop_phase_follow_through: 0.0000
Metrics/racket_target/closed_loop_phase_recovery: 0.0000
Metrics/racket_target/closed_loop_phase_next_ready: 0.0000
Metrics/racket_target/post_contact_phase_impact_0_100ms_attempts: 0.0000
Metrics/racket_target/post_contact_phase_impact_0_100ms_tilt_gt_0p1_rate: 0.0000
Metrics/racket_target/post_contact_phase_impact_0_100ms_pitch_gt_0p1_rate: 0.0000
Metrics/racket_target/post_contact_phase_impact_0_100ms_waist_overflow_gt_1p0_rate: 0.0000
Metrics/racket_target/post_contact_phase_impact_0_100ms_base_ang_vel_gt_0p8_rate: 0.0000
Metrics/racket_target/post_contact_phase_brake_100_300ms_attempts: 0.0000
Metrics/racket_target/post_contact_phase_brake_100_300ms_tilt_gt_0p1_rate: 0.0000
Metrics/racket_target/post_contact_phase_brake_100_300ms_pitch_gt_0p1_rate: 0.0000
Metrics/racket_target/post_contact_phase_brake_100_300ms_waist_overflow_gt_1p0_rate: 0.0000
Metrics/racket_target/post_contact_phase_brake_100_300ms_base_ang_vel_gt_0p8_rate: 0.0000
Metrics/racket_target/post_contact_phase_settle_300_600ms_attempts: 0.0000
Metrics/racket_target/post_contact_phase_settle_300_600ms_tilt_gt_0p1_rate: 0.0000
Metrics/racket_target/post_contact_phase_settle_300_600ms_pitch_gt_0p1_rate: 0.0000
Metrics/racket_target/post_contact_phase_settle_300_600ms_waist_overflow_gt_1p0_rate: 0.0000
Metrics/racket_target/post_contact_phase_settle_300_600ms_base_ang_vel_gt_0p8_rate: 0.0000
Metrics/racket_target/post_contact_phase_ready_after_600ms_attempts: 0.0000
Metrics/racket_target/post_contact_phase_ready_after_600ms_tilt_gt_0p1_rate: 0.0000
Metrics/racket_target/post_contact_phase_ready_after_600ms_pitch_gt_0p1_rate: 0.0000
Metrics/racket_target/post_contact_phase_ready_after_600ms_waist_overflow_gt_1p0_rate: 0.0000
Metrics/racket_target/post_contact_phase_ready_after_600ms_base_ang_vel_gt_0p8_rate: 0.0000
     Metrics/physical_shadow/phase: 0.4062
Metrics/physical_shadow/route_valid: 0.9688
Metrics/physical_shadow/serve_event: 0.0000
Metrics/physical_shadow/incoming_bounce_event: 0.0000
Metrics/physical_shadow/contact_event: 0.0000
Metrics/physical_shadow/net_cross_event: 0.0000
Metrics/physical_shadow/outgoing_landing_event: 0.0000
Metrics/physical_shadow/opponent_bounce_event: 0.0000
Metrics/physical_shadow/landing_short_event: 0.0000
Metrics/physical_shadow/landing_long_event: 0.0000
Metrics/physical_shadow/landing_side_event: 0.0000
Metrics/physical_shadow/landing_no_net_event: 0.0000
Metrics/physical_shadow/abort_event: 0.0000
Metrics/physical_shadow/timeout_event: 0.0000
Metrics/physical_shadow/route_unalignable_event: 0.0000
Metrics/physical_shadow/route_invalid_event: 0.0000
Metrics/physical_shadow/incoming_net_collision_event: 0.0000
Metrics/physical_shadow/reset_abort_event: 0.0000
Metrics/physical_shadow/incoming_bounce_latch: 0.0000
Metrics/physical_shadow/contact_latch: 0.0000
Metrics/physical_shadow/net_cross_latch: 0.0000
Metrics/physical_shadow/opponent_bounce_latch: 0.0000
Metrics/physical_shadow/launch_timing_error_s: 0.0013
Metrics/physical_shadow/contact_true_target_error: 0.0000
Metrics/physical_shadow/contact_planner_position_error: 0.0000
Metrics/physical_shadow/contact_planner_velocity_error: 0.0000
Metrics/physical_shadow/contact_planner_velocity_direction_error_deg: 0.0000
Metrics/physical_shadow/contact_planner_normal_error_deg: 0.0000
Metrics/physical_shadow/contact_outgoing_velocity_error: 0.0000
Metrics/physical_shadow/contact_outgoing_speed: 0.0000
Metrics/physical_shadow/contact_target_outgoing_speed: 0.0000
Metrics/physical_shadow/contact_outgoing_speed_ratio: 0.0000
Metrics/physical_shadow/contact_outgoing_direction_error_deg: 0.0000
Metrics/physical_shadow/contact_outgoing_velocity_x: 0.0000
Metrics/physical_shadow/contact_outgoing_velocity_y: 0.0000
Metrics/physical_shadow/contact_outgoing_velocity_z: 0.0000
Metrics/physical_shadow/contact_target_outgoing_velocity_x: 0.0000
Metrics/physical_shadow/contact_target_outgoing_velocity_y: 0.0000
Metrics/physical_shadow/contact_target_outgoing_velocity_z: 0.0000
Metrics/physical_shadow/contact_incoming_velocity_error: 0.0000
Metrics/physical_shadow/contact_incoming_velocity_direction_error_deg: 0.0000
Metrics/physical_shadow/contact_route_incoming_velocity_error: 0.0000
Metrics/physical_shadow/contact_route_incoming_velocity_direction_error_deg: 0.0000
Metrics/physical_shadow/contact_actual_route_incoming_velocity_error: 0.0000
Metrics/physical_shadow/contact_command_normal_only_error: 0.0000
Metrics/physical_shadow/contact_command_training_model_error: 0.0000
Metrics/physical_shadow/contact_command_physics_model_error: 0.0000
Metrics/physical_shadow/contact_actual_training_model_residual: 0.0000
Metrics/physical_shadow/contact_actual_physics_model_residual: 0.0000
Metrics/physical_shadow/contact_actual_normal_only_model_residual: 0.0000
Metrics/physical_shadow/contact_actual_training_predicted_target_error: 0.0000
Metrics/physical_shadow/contact_actual_physics_predicted_target_error: 0.0000
Metrics/physical_shadow/contact_actual_normal_only_predicted_target_error: 0.0000
Metrics/physical_shadow/contact_force_direction_valid: 0.0000
Metrics/physical_shadow/contact_force_vs_racket_normal_angle_deg: 0.0000
Metrics/physical_shadow/contact_actual_force_direction_model_residual: 0.0000
Metrics/physical_shadow/contact_actual_force_direction_predicted_target_error: 0.0000
Metrics/physical_shadow/contact_physx_data_valid: 0.0000
Metrics/physical_shadow/contact_physx_force: 0.0000
Metrics/physical_shadow/contact_physx_separation: 0.0000
Metrics/physical_shadow/contact_physx_normal_error_deg: 0.0000
Metrics/physical_shadow/contact_physx_point_radial_error: 0.0000
Metrics/physical_shadow/contact_actual_physx_normal_model_residual: 0.0000
Metrics/physical_shadow/contact_actual_physx_normal_predicted_target_error: 0.0000
Metrics/physical_shadow/contact_physx_substep_valid: 0.0000
Metrics/physical_shadow/contact_physx_substep_normal_error_deg: 0.0000
Metrics/physical_shadow/contact_physx_substep_point_radial_error: 0.0000
Metrics/physical_shadow/contact_physx_substep_point_normal_offset: 0.0000
Metrics/physical_shadow/contact_physx_patch_substeps: 0.0000
Metrics/physical_shadow/contact_physx_normal_impulse: 0.0000
Metrics/physical_shadow/contact_physx_capture_lag_s: 0.0000
Metrics/physical_shadow/contact_physx_contact_point_speed_delta: 0.0000
Metrics/physical_shadow/contact_physx_substep_link_model_residual: 0.0000
Metrics/physical_shadow/contact_physx_substep_point_model_residual: 0.0000
Metrics/physical_shadow/contact_physx_substep_outgoing_target_error: 0.0000
Metrics/physical_shadow/contact_physx_measured_restitution: 0.0000
Metrics/physical_shadow/contact_physx_pre_ball_speed: 0.0000
Metrics/physical_shadow/contact_physx_post_ball_speed: 0.0000
Metrics/physical_shadow/contact_physx_point_x: 0.0000
Metrics/physical_shadow/contact_physx_point_y: 0.0000
Metrics/physical_shadow/contact_physx_point_z: 0.0000
Metrics/physical_shadow/contact_physx_normal_x: 0.0000
Metrics/physical_shadow/contact_physx_normal_y: 0.0000
Metrics/physical_shadow/contact_physx_normal_z: 0.0000
Metrics/physical_shadow/contact_physx_pre_ball_velocity_x: 0.0000
Metrics/physical_shadow/contact_physx_pre_ball_velocity_y: 0.0000
Metrics/physical_shadow/contact_physx_pre_ball_velocity_z: 0.0000
Metrics/physical_shadow/contact_physx_post_ball_velocity_x: 0.0000
Metrics/physical_shadow/contact_physx_post_ball_velocity_y: 0.0000
Metrics/physical_shadow/contact_physx_post_ball_velocity_z: 0.0000
Metrics/physical_shadow/contact_physx_pre_racket_point_velocity_x: 0.0000
Metrics/physical_shadow/contact_physx_pre_racket_point_velocity_y: 0.0000
Metrics/physical_shadow/contact_physx_pre_racket_point_velocity_z: 0.0000
Metrics/physical_shadow/contact_physx_post_racket_point_velocity_x: 0.0000
Metrics/physical_shadow/contact_physx_post_racket_point_velocity_y: 0.0000
Metrics/physical_shadow/contact_physx_post_racket_point_velocity_z: 0.0000
Metrics/physical_shadow/contact_physx_pre_ball_angular_velocity_x: 0.0000
Metrics/physical_shadow/contact_physx_pre_ball_angular_velocity_y: 0.0000
Metrics/physical_shadow/contact_physx_pre_ball_angular_velocity_z: 0.0000
Metrics/physical_shadow/contact_physx_post_ball_angular_velocity_x: 0.0000
Metrics/physical_shadow/contact_physx_post_ball_angular_velocity_y: 0.0000
Metrics/physical_shadow/contact_physx_post_ball_angular_velocity_z: 0.0000
Metrics/physical_shadow/contact_physx_pre_ball_surface_tangent_speed: 0.0000
Metrics/physical_shadow/contact_physx_post_ball_spin_speed: 0.0000
Metrics/physical_shadow/contact_impact_normal_error_deg: 0.0000
Metrics/physical_shadow/contact_wire_impact_normal_gap_deg: 0.0000
Metrics/physical_shadow/contact_face_radial_error: 0.0000
Metrics/physical_shadow/contact_time_to_strike: 0.0000
Metrics/physical_shadow/landing_target_error: 0.0000
Metrics/physical_shadow/landing_target_x_error: 0.0000
Metrics/physical_shadow/landing_target_y_error: 0.0000
Metrics/physical_shadow/landing_position_x: 0.0000
Metrics/physical_shadow/landing_position_y: 0.0000
Metrics/physical_shadow/minimum_ball_racket_distance: 0.8015
      Episode_Termination/time_out: 0.9688
  Episode_Termination/base_too_low: 0.0000
   Episode_Termination/base_tilted: 0.0000
   Episode_Termination/table_touch: 0.0000
Episode_Termination/persistent_action_overflow: 0.0000
--------------------------------------------------------------------------------
                   Total timesteps: 4096
                    Iteration time: 3.78s
                      Time elapsed: 00:00:03
                               ETA: 00:00:30

[2026-08-01 19:45:31,831][git.util][DEBUG] - sys.platform='linux', git_executable='git'
[2026-08-01 19:45:31,832][git.cmd][DEBUG] - Popen(['git', 'cat-file', '--batch-check'], cwd=/mnt/ssd/zxl/PACE-ICRA2026, stdin=<valid stream>, shell=False, universal_newlines=False)
[2026-08-01 19:45:31,834][git.cmd][DEBUG] - Popen(['git', 'cat-file', '--batch'], cwd=/mnt/ssd/zxl/PACE-ICRA2026, stdin=<valid stream>, shell=False, universal_newlines=False)
Storing git diff for 'PACE-ICRA2026' in: /mnt/ssd/zxl/HOPE_latest_20260721/hope_training/whole_body_tracking/logs/rsl_rl/hope_pingpong_stage2_physical114/2026-08-01_19-45-16_stage2_merged_physics_smoke/git/PACE-ICRA2026.diff
[2026-08-01 19:45:31,836][git.cmd][DEBUG] - Popen(['git', 'status'], cwd=/mnt/ssd/zxl/PACE-ICRA2026, stdin=None, shell=False, universal_newlines=False)
[2026-08-01 19:45:31,838][git.cmd][DEBUG] - Popen(['git', 'diff', 'f680833fa6dd25066f6d1bff1a8f66c566269348'], cwd=/mnt/ssd/zxl/PACE-ICRA2026, stdin=None, shell=False, universal_newlines=False)
[2026-08-01 19:45:31,843][git.util][DEBUG] - sys.platform='linux', git_executable='git'
[2026-08-01 19:45:31,843][git.cmd][DEBUG] - Popen(['git', 'cat-file', '--batch-check'], cwd=/mnt/ssd/zxl/HOPE_latest_20260721, stdin=<valid stream>, shell=False, universal_newlines=False)
[2026-08-01 19:45:31,844][git.cmd][DEBUG] - Popen(['git', 'cat-file', '--batch'], cwd=/mnt/ssd/zxl/HOPE_latest_20260721, stdin=<valid stream>, shell=False, universal_newlines=False)
Storing git diff for 'HOPE_latest_20260721' in: /mnt/ssd/zxl/HOPE_latest_20260721/hope_training/whole_body_tracking/logs/rsl_rl/hope_pingpong_stage2_physical114/2026-08-01_19-45-16_stage2_merged_physics_smoke/git/HOPE_latest_20260721.diff
[2026-08-01 19:45:31,846][git.cmd][DEBUG] - Popen(['git', 'status'], cwd=/mnt/ssd/zxl/HOPE_latest_20260721, stdin=None, shell=False, universal_newlines=False)
[2026-08-01 19:45:31,853][git.cmd][DEBUG] - Popen(['git', 'diff', 'b99de9c8263d8acc9cebf93db6b7631b921597ed'], cwd=/mnt/ssd/zxl/HOPE_latest_20260721, stdin=None, shell=False, universal_newlines=False)
/mnt/ssd/zxl/IsaacLab/source/isaaclab/isaaclab/envs/mdp/events.py:501: UserWarning: To copy construct from a tensor, it is recommended to use sourceTensor.detach().clone() or sourceTensor.detach().clone().requires_grad_(True), rather than torch.tensor(sourceTensor).
  actuator_joint_indices = torch.tensor(actuator.joint_indices, device=asset.device)
################################################################################
                        [1m Learning iteration 1/8 [0m                        

                       Computation: 1611 steps/s (collection: 2.494s, learning 0.048s)
             Mean action noise std: 0.10
          Mean value_function loss: 0.7223
               Mean surrogate loss: 0.0059
                 Mean entropy loss: -27.3918
        Mean actor_anchor_rms loss: 0.0001
Mean actor_anchor_relative_l2 loss: 0.0020
 Mean actor_anchor_exempt_rms loss: 0.0000
                       Mean reward: 1.04
               Mean episode length: 27.38
 Episode_Reward/undesired_contacts: 0.0000
  Episode_Reward/feet_contact_slip: -0.0003
     Episode_Reward/table_no_touch: -0.0000
              Episode_Reward/alive: 0.0014
            Episode_Reward/upright: -0.0009
          Episode_Reward/imitation: 0.0523
    Episode_Reward/racket_position: 0.0004
    Episode_Reward/racket_velocity: 0.0002
Episode_Reward/planner_racket_task_space_crossfade: 0.0174
    Episode_Reward/blade_direction: 0.0002
Episode_Reward/healthy_trunk_support: 0.0063
 Episode_Reward/pre_strike_station: 0.0097
    Episode_Reward/recovery_health: 0.0006
Episode_Reward/no_command_ready_stability: 0.0000
Episode_Reward/post_strike_base_ang_vel: 0.0000
Episode_Reward/phase_action_overflow: 0.0000
     Episode_Reward/strike_balance: 0.0013
Episode_Reward/prestrike_station_progress: -0.0001
 Episode_Reward/lower_body_support: 0.0062
Episode_Reward/termination_penalty: 0.0000
Episode_Reward/phase_action_rate_waist: -0.0000
Episode_Reward/phase_action_rate_upper: -0.0000
Episode_Reward/phase_action_rate_legs: -0.0000
        Episode_Reward/joint_limit: -0.0019
Episode_Reward/prestrike_racket_progress: 0.0468
Episode_Reward/near_impact_planner_velocity_progress: 0.0011
Episode_Reward/operational_joint_margin: -0.0001
  Episode_Reward/joint_target_slew: -0.0015
Episode_Reward/actuator_waist_feasibility: -0.0000
Episode_Reward/actuator_right_arm_feasibility: -0.0000
Episode_Reward/actuator_leg_feasibility: -0.0000
Episode_Reward/physical_outcome_events: 0.0000
Episode_Reward/physical_recovery_settlement: 0.0000
Episode_Reward/physical_capability_curriculum: 0.0000
    Metrics/motion/error_joint_pos: 1.4372
    Metrics/motion/error_joint_vel: 3.9441
     Metrics/motion/error_body_pos: 0.0957
     Metrics/motion/error_body_rot: 0.5200
       Metrics/motion/motion_phase: 0.2631
            Metrics/motion/in_hold: 0.0000
Metrics/motion/motion_start_warmup_prob: 0.7500
Metrics/motion/motion_start_lifecycle_progress: 0.0000
Metrics/motion/motion_start_effective_prestrike_fraction: 1.0000
Metrics/motion/motion_start_effective_recovery_fraction: 0.0000
Metrics/motion/motion_start_effective_rsi_fraction: 0.0000
 Metrics/motion/motion_start_reset: 1.0000
Metrics/motion/motion_start_prestrike_reset: 0.0000
Metrics/motion/motion_start_recovery_reset: 0.0000
Metrics/motion/motion_start_rsi_reset: 0.0000
 Metrics/motion/single_cycle_reset: 0.0000
     Metrics/motion/motion_clip_id: 0.6875
Metrics/motion/motion_supplemental_clip: 0.0000
      Metrics/motion/stand_episode: 0.0000
Metrics/motion/default_stand_reset: 0.0000
Metrics/motion/error_body_pos_lower: 0.1052
Metrics/motion/error_body_rot_lower: 0.6279
Metrics/motion/error_body_lin_vel_lower: 0.0769
Metrics/motion/error_body_ang_vel_lower: 0.5237
Metrics/motion/reference_body_lin_speed_lower: 0.0190
Metrics/motion/robot_body_lin_speed_lower: 0.0773
Metrics/motion/error_body_pos_core: 0.0619
Metrics/motion/error_body_rot_core: 0.2371
Metrics/motion/error_body_lin_vel_core: 0.0847
Metrics/motion/error_body_ang_vel_core: 0.9483
Metrics/motion/reference_body_lin_speed_core: 0.0121
Metrics/motion/robot_body_lin_speed_core: 0.0873
Metrics/motion/error_body_pos_upper: 0.0973
Metrics/motion/error_body_rot_upper: 0.5064
Metrics/motion/error_body_lin_vel_upper: 0.7339
Metrics/motion/error_body_ang_vel_upper: 1.8491
Metrics/motion/reference_body_lin_speed_upper: 0.0777
Metrics/motion/robot_body_lin_speed_upper: 0.7641
Metrics/motion/error_joint_pos_waist: 0.3762
Metrics/motion/error_joint_vel_waist: 1.7463
Metrics/motion/reference_joint_speed_waist: 0.0423
Metrics/motion/error_joint_pos_arms: 1.1852
Metrics/motion/error_joint_vel_arms: 2.9852
Metrics/motion/reference_joint_speed_arms: 0.1839
Metrics/motion/error_joint_pos_legs: 0.6772
Metrics/motion/error_joint_vel_legs: 1.7405
Metrics/motion/reference_joint_speed_legs: 0.0070
Metrics/racket_target/racket_pos_error: 0.0694
Metrics/racket_target/racket_vel_error: 0.0637
Metrics/racket_target/time_to_strike: 0.3906
Metrics/racket_target/return_success: 0.0000
Metrics/racket_target/prev_return_success: 0.0000
Metrics/racket_target/prev_net_cross: 0.0000
Metrics/racket_target/current_net_cross: 0.0000
Metrics/racket_target/racket_pos_curriculum_scale: 0.3667
Metrics/racket_target/impact_inverse_command_blend: 0.0000
Metrics/racket_target/steps_since_target_resample: 39.4688
Metrics/racket_target/recovery_height_error: 0.0181
Metrics/racket_target/recovery_upright_error: 0.2219
Metrics/racket_target/recovery_base_lin_vel: 0.0502
Metrics/racket_target/recovery_base_ang_vel: 0.4879
Metrics/racket_target/recovery_station_error: 0.0350
Metrics/racket_target/recovery_feet_contact_frac: 1.0000
Metrics/racket_target/recovery_racket_speed: 1.3031
Metrics/racket_target/recovery_height_score: 0.9620
Metrics/racket_target/recovery_upright_score: 0.4860
Metrics/racket_target/recovery_lin_vel_score: 0.9356
Metrics/racket_target/recovery_ang_vel_score: 0.6114
Metrics/racket_target/recovery_station_score: 0.9719
Metrics/racket_target/recovery_racket_score: 0.1402
Metrics/racket_target/recovery_arm_score: 0.6427
Metrics/racket_target/recovery_ready_score: 0.7518
Metrics/racket_target/recovery_anchor_arm_score: 1.0000
Metrics/racket_target/recovery_core_ready_score: 0.7342
Metrics/racket_target/recovery_functional_ready_score: 0.6348
Metrics/racket_target/waist_action_overflow_rms: 0.0000
Metrics/racket_target/right_arm_action_overflow_rms: 0.0000
Metrics/racket_target/leg_action_overflow_rms: 0.0000
Metrics/racket_target/operational_margin_fraction: 0.0000
Metrics/racket_target/waist_operational_margin_fraction: 0.0000
Metrics/racket_target/right_arm_operational_margin_fraction: 0.0000
Metrics/racket_target/leg_operational_margin_fraction: 0.0000
Metrics/racket_target/waist_operational_excess_rms: 0.0000
Metrics/racket_target/right_arm_operational_excess_rms: 0.0000
Metrics/racket_target/leg_operational_excess_rms: 0.0000
Metrics/racket_target/q_des_velocity_violation_fraction: 0.0353
Metrics/racket_target/waist_q_des_velocity_violation_fraction: 0.0000
Metrics/racket_target/right_arm_q_des_velocity_violation_fraction: 0.0446
Metrics/racket_target/leg_q_des_velocity_violation_fraction: 0.0391
Metrics/racket_target/q_des_acceleration_violation_fraction: 0.6573
Metrics/racket_target/waist_q_des_acceleration_violation_fraction: 0.8229
Metrics/racket_target/right_arm_q_des_acceleration_violation_fraction: 0.5938
Metrics/racket_target/leg_q_des_acceleration_violation_fraction: 0.7812
Metrics/racket_target/waist_q_des_velocity_rms: 4.4470
Metrics/racket_target/right_arm_q_des_velocity_rms: 4.9480
Metrics/racket_target/leg_q_des_velocity_rms: 5.4245
Metrics/racket_target/waist_q_des_acceleration_rms: 247.0936
Metrics/racket_target/right_arm_q_des_acceleration_rms: 487.2371
Metrics/racket_target/leg_q_des_acceleration_rms: 525.0904
Metrics/racket_target/action_operational_feasibility_score: 1.0000
Metrics/racket_target/actuator_overflow_consecutive_steps: 0.0000
Metrics/racket_target/actuator_overflow_severe: 0.0000
Metrics/racket_target/recovery_phase_gate: 0.0000
Metrics/racket_target/recovery_phase_ready_score: 0.0000
Metrics/racket_target/recovery_contact_ready_score: 0.0000
Metrics/racket_target/recovery_net_ready_score: 0.0000
Metrics/racket_target/recovery_return_ready_score: 0.0000
Metrics/racket_target/cycle_success_ready_score: 0.0000
Metrics/racket_target/cycle_success_soft: 0.0000
Metrics/racket_target/cycle_success_binary: 0.0000
Metrics/racket_target/cycle_v2_pending: 0.0000
Metrics/racket_target/cycle_v2_attempt_latch: 0.0000
Metrics/racket_target/cycle_v2_ready_success_latch: 0.0000
Metrics/racket_target/cycle_v2_ready_fail_latch: 0.0000
Metrics/racket_target/cycle_v2_attempt_event: 0.0000
Metrics/racket_target/cycle_v2_ready_success_event: 0.0000
Metrics/racket_target/cycle_v2_ready_fail_event: 0.0000
Metrics/racket_target/cycle_v2_unresolved_resample_fail_event: 0.0000
Metrics/racket_target/cycle_v2_resolved_event: 0.0000
Metrics/racket_target/cycle_v2_command_visible_steps: 0.0000
Metrics/racket_target/cycle_v2_elapsed_steps: 0.0000
Metrics/racket_target/cycle_v2_ready_score: 0.0000
Metrics/racket_target/cycle_v2_ready_ok: 0.0000
Metrics/racket_target/cycle_v2_visible: 0.0000
Metrics/racket_target/cycle_v2_ready_score_ok: 0.0000
Metrics/racket_target/cycle_v2_height_ok: 0.0000
Metrics/racket_target/cycle_v2_upright_ok: 0.0000
Metrics/racket_target/cycle_v2_base_lin_vel_ok: 0.0000
Metrics/racket_target/cycle_v2_base_ang_vel_ok: 0.0000
Metrics/racket_target/cycle_v2_feet_ok: 0.0000
Metrics/racket_target/cycle_v2_core_ready_ok: 0.0000
Metrics/racket_target/cycle_v2_ready_consecutive_steps: 0.0000
Metrics/racket_target/single_cycle_bootstrap: 0.0000
Metrics/racket_target/single_cycle_swing_completed: 0.0000
Metrics/racket_target/single_cycle_recovery_active: 0.0000
Metrics/racket_target/single_cycle_recovery_elapsed_steps: 0.0000
Metrics/racket_target/single_cycle_ready_consecutive_steps: 0.0000
Metrics/racket_target/single_cycle_safe_timeout_event: 0.0000
Metrics/racket_target/single_cycle_deadline_timeout_event: 0.0000
Metrics/racket_target/single_cycle_timeout_latch: 0.0000
Metrics/racket_target/single_cycle_hard_failure_event: 0.0000
Metrics/racket_target/single_cycle_probability: 0.0000
Metrics/racket_target/single_cycle_curriculum_level: 0.0000
Metrics/racket_target/single_cycle_effective_deadline_steps: 100.0000
Metrics/racket_target/single_cycle_selected_events: 0.0000
Metrics/racket_target/single_cycle_completed_events: 0.0000
Metrics/racket_target/single_cycle_safe_timeout_events: 0.0000
Metrics/racket_target/single_cycle_deadline_timeout_events: 0.0000
Metrics/racket_target/single_cycle_hard_failure_events: 0.0000
Metrics/racket_target/active_ready_consecutive_steps: 0.0000
Metrics/racket_target/active_ready_success_event: 0.0000
Metrics/racket_target/active_ready_success_latch: 0.0000
Metrics/racket_target/active_ready_survival_steps: 0.0000
Metrics/racket_target/active_ready_survival_next_milestone: 0.0000
Metrics/racket_target/active_ready_survival_milestone_event: 0.0000
Metrics/racket_target/no_command_ready_active: 0.0000
Metrics/racket_target/no_command_from_stand_episode: 0.0000
Metrics/racket_target/no_command_from_default_stand_reset: 0.0000
Metrics/racket_target/no_command_ready_upright_ok: 0.0000
Metrics/racket_target/no_command_ready_motion_ok: 0.0000
Metrics/racket_target/no_command_ready_score: 0.0000
Metrics/racket_target/no_command_ready_progress: 0.0000
Metrics/racket_target/no_command_ready_station_error: 0.0000
Metrics/racket_target/no_command_ready_fixed_station_error: 0.0000
Metrics/racket_target/healthy_training_stage: 3.0000
Metrics/racket_target/healthy_stage_planted_rehearsal: 0.0000
Metrics/racket_target/healthy_stage_station_hold_seen: 0.0000
Metrics/racket_target/healthy_stage_station_arrived: 0.0000
Metrics/racket_target/healthy_stage_station_settled: 0.0000
Metrics/racket_target/healthy_stage_station_settle_steps: 0.0000
Metrics/racket_target/station_relocation_active: 0.0000
Metrics/racket_target/station_relocation_target_offset_y: 0.0000
Metrics/racket_target/station_relocation_error: 0.0000
Metrics/racket_target/station_relocation_arrival_event: 0.0000
Metrics/racket_target/station_relocation_settle_event: 0.0000
Metrics/racket_target/station_relocation_release_event: 0.0000
Metrics/racket_target/station_relocation_timeout_event: 0.0000
Metrics/racket_target/station_relocation_elapsed_steps: 0.0000
Metrics/racket_target/station_relocation_hold_deadline_steps: 0.0000
Metrics/racket_target/lifecycle_recovery_hold_active: 0.0000
Metrics/racket_target/lifecycle_recovery_release_success_event: 0.0000
Metrics/racket_target/lifecycle_recovery_release_fail_event: 0.0000
Metrics/racket_target/station_relocation_level: 0.0000
Metrics/racket_target/station_relocation_arrival_ema: 0.0000
Metrics/racket_target/station_relocation_settle_ema: 0.0000
Metrics/racket_target/station_relocation_contact_ema: 0.0000
Metrics/racket_target/station_relocation_safety_ema: 0.0000
Metrics/racket_target/station_relocation_resolved_events: 0.0000
Metrics/racket_target/station_relocation_terminal_reset_events: 0.0000
Metrics/racket_target/station_relocation_advance_streak: 0.0000
Metrics/racket_target/station_relocation_regress_streak: 0.0000
Metrics/racket_target/station_relocation_effective_max_lin_vel: 0.0000
Metrics/racket_target/station_relocation_effective_max_ang_vel: 0.0000
Metrics/racket_target/station_relocation_effective_min_settle_steps: 0.0000
Metrics/racket_target/ability_curriculum_level: 0.0000
Metrics/racket_target/ability_curriculum_scale: 0.3667
Metrics/racket_target/ability_curriculum_resolved_events: 0.0000
Metrics/racket_target/ability_curriculum_total_resolved_events: 0.0000
Metrics/racket_target/ability_curriculum_advance_streak: 0.0000
Metrics/racket_target/ability_curriculum_regress_streak: 0.0000
Metrics/racket_target/ability_contact_ema: 0.0000
Metrics/racket_target/ability_net_ema: 0.0000
Metrics/racket_target/ability_success_ema: 0.0000
Metrics/racket_target/ability_recovery_ema: 0.0000
Metrics/racket_target/ability_cycle_ema: 0.0000
Metrics/racket_target/ability_cycle_attempt_ema: 0.0000
Metrics/racket_target/ability_cycle_resolved_ema: 0.0000
Metrics/racket_target/ability_forehand_contact_ema: 0.0000
Metrics/racket_target/ability_forehand_net_ema: 0.0000
Metrics/racket_target/ability_forehand_success_ema: 0.0000
Metrics/racket_target/ability_backhand_contact_ema: 0.0000
Metrics/racket_target/ability_backhand_net_ema: 0.0000
Metrics/racket_target/ability_backhand_success_ema: 0.0000
Metrics/racket_target/ability_attempt_ema: 0.0000
Metrics/racket_target/ability_targeted_attempt_ema: 0.0000
Metrics/racket_target/impact_health_floor_progress: 0.0000
Metrics/racket_target/ability_safety_ema: 1.0000
Metrics/racket_target/ability_station_saturation_ema: 0.0000
Metrics/racket_target/ability_healthy_normal_ema: 0.0000
Metrics/racket_target/ability_station_arrival_ema: 0.0000
Metrics/racket_target/ability_station_settle_ema: 0.0000
Metrics/racket_target/planner_hit_plane_blend: 1.0000
Metrics/racket_target/planner_hit_plane_x_delta: -0.0059
Metrics/racket_target/true_strike_table_x: 0.1566
Metrics/racket_target/planner_target_table_x: 0.1566
Metrics/racket_target/workspace_level: 0.0000
Metrics/racket_target/workspace_fringe_sample: 0.0000
Metrics/racket_target/workspace_target_lateral_norm: 0.3007
Metrics/racket_target/workspace_target_table_y: -0.2172
Metrics/racket_target/workspace_playable_y_min: -0.7225
Metrics/racket_target/workspace_playable_y_max: 0.7225
Metrics/racket_target/workspace_active_y_lo: -0.1450
Metrics/racket_target/workspace_active_y_hi: -0.0250
Metrics/racket_target/workspace_motion_seed_blend: 1.0000
Metrics/racket_target/incoming_ball_horizontal_speed: 1.1827
Metrics/racket_target/incoming_ball_speed: 1.6375
Metrics/racket_target/incoming_ball_speed_curriculum_level: 0.0000
Metrics/racket_target/incoming_ball_speed_sample_low: 0.9000
Metrics/racket_target/incoming_ball_speed_sample_high: 1.2500
Metrics/racket_target/station_saturated: 0.0000
Metrics/racket_target/station_raw_clip_excess: 0.0000
Metrics/racket_target/station_saturated_x: 0.0000
Metrics/racket_target/station_saturated_y: 0.0000
Metrics/racket_target/station_raw_clip_excess_x: 0.0000
Metrics/racket_target/station_raw_clip_excess_y: 0.0000
Metrics/racket_target/current_swing_opportunity: 0.0000
Metrics/racket_target/current_swing_attempt: 0.0000
Metrics/racket_target/current_swing_targeted_attempt: 0.0000
Metrics/racket_target/prev_swing_targeted_attempt: 0.0000
Metrics/racket_target/current_swing_unsafe: 0.0000
Metrics/racket_target/current_swing_station_saturated: 0.0000
Metrics/racket_target/impact_health_score: 0.9636
Metrics/racket_target/impact_health_ok: 1.0000
Metrics/racket_target/impact_health_backlean_violation: 0.0000
Metrics/racket_target/impact_health_waist_backfold: 0.0000
Metrics/racket_target/impact_health_base_retreat: 0.0257
Metrics/racket_target/impact_health_torso_gravity_x: 0.1851
Metrics/racket_target/impact_health_torso_ang_vel: 0.4807
Metrics/racket_target/impact_health_com_x: 0.0285
Metrics/racket_target/impact_health_com_y: 0.0225
Metrics/racket_target/post_contact_ready_pending: 0.0000
Metrics/racket_target/post_contact_ready_elapsed_steps: 0.0000
Metrics/racket_target/post_contact_ready_consecutive_steps: 0.0000
Metrics/racket_target/post_contact_ready_diagnostic_pending: 0.0000
Metrics/racket_target/post_contact_ready_diagnostic_elapsed_steps: 0.0000
Metrics/racket_target/post_contact_ready_durable_pending: 0.0000
Metrics/racket_target/post_contact_ready_durable_consecutive_steps: 0.0000
Metrics/racket_target/post_contact_ready_durable_ready_now: 0.0000
Metrics/racket_target/post_contact_ready_durable_success_event: 0.0000
Metrics/racket_target/post_contact_ready_durable_fail_event: 0.0000
Metrics/racket_target/post_contact_ready_durable_resolution_success_rate: 0.0000
Metrics/racket_target/post_contact_ready_durable_resolution_fail_rate: 0.0000
Metrics/racket_target/post_contact_ready_durable_resolution_success_latency_steps: 0.0000
Metrics/racket_target/post_contact_ready_durable_resolution_fail_latency_steps: 0.0000
Metrics/racket_target/post_contact_ready_durable_fail_backlean_rate: 0.0000
Metrics/racket_target/post_contact_ready_durable_fail_forward_lean_rate: 0.0000
Metrics/racket_target/post_contact_ready_durable_fail_torso_ang_vel_rate: 0.0000
Metrics/racket_target/post_contact_ready_durable_fail_base_lin_vel_rate: 0.0000
Metrics/racket_target/post_contact_ready_durable_fail_base_ang_vel_rate: 0.0000
Metrics/racket_target/post_contact_ready_durable_fail_racket_speed_rate: 0.0000
Metrics/racket_target/post_contact_ready_durable_fail_height_rate: 0.0000
Metrics/racket_target/post_contact_ready_durable_fail_com_x_rate: 0.0000
Metrics/racket_target/post_contact_ready_durable_fail_com_y_rate: 0.0000
Metrics/racket_target/post_contact_ready_durable_fail_feet_rate: 0.0000
Metrics/racket_target/post_contact_ready_durable_fail_station_rate: 0.0000
Metrics/racket_target/post_contact_ready_durable_fail_arm_rate: 0.0000
Metrics/racket_target/post_contact_ready_terminal_window_active: 0.0000
Metrics/racket_target/post_contact_ready_terminal_quality: 0.0000
Metrics/racket_target/post_contact_ready_terminal_settlement_event: 0.0000
Metrics/racket_target/post_contact_ready_operational_ready_now: 0.0000
Metrics/racket_target/post_contact_ready_operational_consecutive_steps: 0.0000
Metrics/racket_target/post_contact_ready_safe_settlement_event: 0.0000
Metrics/racket_target/post_contact_ready_unsafe_settlement_event: 0.0000
Metrics/racket_target/post_contact_ready_incomplete_settlement_event: 0.0000
Metrics/racket_target/post_contact_ready_safe_net_cycle_event: 0.0000
Metrics/racket_target/post_contact_ready_terminal_quality_mean: 0.0000
Metrics/racket_target/post_contact_ready_safe_terminal_quality_mean: 0.0000
Metrics/racket_target/post_contact_ready_terminal_safe_rate: 0.0000
Metrics/racket_target/post_contact_ready_terminal_unsafe_rate: 0.0000
Metrics/racket_target/post_contact_ready_terminal_incomplete_rate: 0.0000
Metrics/racket_target/post_contact_ready_safe_net_cycle_rate: 0.0000
Metrics/racket_target/post_contact_ready_score: 0.0000
Metrics/racket_target/post_contact_ready_now: 0.0000
Metrics/racket_target/post_contact_ready_success_event: 0.0000
Metrics/racket_target/post_contact_ready_fail_event: 0.0000
Metrics/racket_target/post_contact_ready_outcome_tier: 0.0000
Metrics/racket_target/post_contact_ready_face_quality: 0.0000
Metrics/racket_target/post_contact_ready_safe_face_net_cycle_value: 0.0000
Metrics/racket_target/post_contact_ready_planner_speed_ratio: 0.0000
Metrics/racket_target/post_contact_ready_planner_direction_error_rad: 0.0000
Metrics/racket_target/post_contact_ready_planner_position_error: 0.0000
Metrics/racket_target/post_contact_ready_impact_health_score: 0.0000
Metrics/racket_target/post_contact_ready_peak_base_ang_vel: 0.0000
Metrics/racket_target/post_contact_ready_peak_ang_vel_excess_increment: 0.0000
Metrics/racket_target/post_contact_ready_envelope_violation_latch: 0.0000
Metrics/racket_target/post_contact_ready_envelope_violation_event: 0.0000
Metrics/racket_target/post_contact_ready_envelope_first_violation_step: 0.0000
Metrics/racket_target/post_contact_ready_envelope_attempts: 0.0000
Metrics/racket_target/post_contact_ready_envelope_violation_rate: 0.0000
Metrics/racket_target/post_contact_ready_envelope_tilt_violation_rate: 0.0000
Metrics/racket_target/post_contact_ready_envelope_pitch_violation_rate: 0.0000
Metrics/racket_target/post_contact_ready_envelope_com_violation_rate: 0.0000
Metrics/racket_target/post_contact_ready_envelope_waist_violation_rate: 0.0000
Metrics/racket_target/post_contact_ready_envelope_leg_violation_rate: 0.0000
Metrics/racket_target/post_contact_ready_envelope_base_ang_vel_violation_rate: 0.0000
Metrics/racket_target/post_contact_ready_resolution_success_rate: 0.0000
Metrics/racket_target/post_contact_ready_resolution_fail_rate: 0.0000
Metrics/racket_target/post_contact_ready_resolution_success_latency_steps: 0.0000
Metrics/racket_target/post_contact_ready_resolution_fail_latency_steps: 0.0000
Metrics/racket_target/post_contact_ready_max_tilt: 0.0000
Metrics/racket_target/post_contact_ready_max_abs_pitch: 0.0000
Metrics/racket_target/post_contact_ready_max_com_x: 0.0000
Metrics/racket_target/post_contact_ready_max_com_y: 0.0000
Metrics/racket_target/post_contact_ready_max_waist_overflow: 0.0000
Metrics/racket_target/post_contact_ready_max_leg_overflow: 0.0000
Metrics/racket_target/post_contact_ready_settlement_velocity_score_ema: 0.0000
Metrics/racket_target/post_contact_ready_settlement_position_gate_ema: 0.0000
Metrics/racket_target/post_contact_ready_settlement_health_gate_ema: 0.0000
Metrics/racket_target/post_contact_ready_settlement_recovery_gate_ema: 0.0000
Metrics/racket_target/post_contact_ready_settlement_total_score_ema: 0.0000
Metrics/racket_target/post_contact_recovery_backlean_error: 0.0000
Metrics/racket_target/post_contact_recovery_directional_progress: 0.0000
Metrics/racket_target/post_contact_ready_torso_ok: 0.0000
Metrics/racket_target/post_contact_ready_motion_ok: 0.0000
Metrics/racket_target/post_contact_ready_support_ok: 0.0000
Metrics/racket_target/post_contact_ready_arm_ok: 0.0000
Metrics/racket_target/post_contact_ready_base_lin_vel_ok: 0.0000
Metrics/racket_target/post_contact_ready_base_ang_vel_ok: 0.0000
Metrics/racket_target/post_contact_ready_racket_speed_ok: 0.0000
Metrics/racket_target/post_contact_ready_height_ok: 0.0000
Metrics/racket_target/post_contact_ready_com_x_ok: 0.0000
Metrics/racket_target/post_contact_ready_com_y_ok: 0.0000
Metrics/racket_target/post_contact_ready_feet_ok: 0.0000
Metrics/racket_target/post_contact_ready_station_ok: 0.0000
Metrics/racket_target/post_contact_ready_fail_torso: 0.0000
Metrics/racket_target/post_contact_ready_fail_base_lin_vel: 0.0000
Metrics/racket_target/post_contact_ready_fail_base_ang_vel: 0.0000
Metrics/racket_target/post_contact_ready_fail_racket_speed: 0.0000
Metrics/racket_target/post_contact_ready_fail_support: 0.0000
Metrics/racket_target/post_contact_ready_fail_arm: 0.0000
Metrics/racket_target/post_contact_ready_shadow_now: 0.0000
Metrics/racket_target/post_contact_ready_shadow_consecutive_steps: 0.0000
Metrics/racket_target/post_contact_ready_shadow_success_latch: 0.0000
Metrics/racket_target/post_contact_ready_curriculum_level: 0.0000
Metrics/racket_target/post_contact_ready_curriculum_fraction: 0.0000
Metrics/racket_target/post_contact_ready_curriculum_success_ema: 0.0000
Metrics/racket_target/post_contact_ready_curriculum_shadow_success_ema: 0.0000
Metrics/racket_target/post_contact_ready_curriculum_resolved_events: 0.0000
Metrics/racket_target/post_contact_ready_curriculum_successful_events: 0.0000
Metrics/racket_target/post_contact_ready_curriculum_targeted_attempt_ema: 0.0000
Metrics/racket_target/post_contact_ready_curriculum_return_success_ema: 0.0000
Metrics/racket_target/post_contact_ready_curriculum_completed_swings: 0.0000
Metrics/racket_target/post_contact_ready_curriculum_advance_streak: 0.0000
Metrics/racket_target/post_contact_ready_curriculum_advance_guard_ok: 0.0000
Metrics/racket_target/post_contact_ready_effective_max_torso_ang_vel: 0.0000
Metrics/racket_target/post_contact_ready_effective_max_base_lin_vel: 0.0000
Metrics/racket_target/post_contact_ready_effective_max_base_ang_vel: 0.0000
Metrics/racket_target/post_contact_ready_effective_max_racket_speed: 0.0000
Metrics/racket_target/post_contact_ready_effective_min_feet_contact: 0.0000
Metrics/racket_target/post_contact_ready_effective_required_consecutive_steps: 0.0000
Metrics/racket_target/post_contact_ready_effective_deadline_steps: 0.0000
Metrics/racket_target/post_contact_ready_curriculum_advance_threshold: 0.0000
Metrics/racket_target/post_contact_ready_curriculum_advance_min_events: 0.0000
Metrics/racket_target/post_contact_ready_curriculum_shadow_threshold: 0.0000
Metrics/racket_target/post_contact_ready_curriculum_min_targeted_attempt_ema: 0.0000
Metrics/racket_target/post_contact_ready_curriculum_min_return_success_ema: 0.0000
Metrics/racket_target/post_contact_ready_curriculum_min_completed_swings: 0.0000
Metrics/racket_target/post_contact_ready_curriculum_required_advance_checks: 0.0000
Metrics/racket_target/racket_normal_error_deg: 11.2347
Metrics/racket_target/impact_normal_error_deg: 0.0000
Metrics/racket_target/impact_racket_vel_error_mps: 0.0000
Metrics/racket_target/impact_racket_speed_ratio: 0.0000
Metrics/racket_target/impact_racket_vel_angle_deg: 0.0000
Metrics/racket_target/impact_racket_actual_vel_x: 0.0000
Metrics/racket_target/impact_racket_actual_vel_y: 0.0000
Metrics/racket_target/impact_racket_actual_vel_z: 0.0000
Metrics/racket_target/impact_racket_target_vel_x: 0.0000
Metrics/racket_target/impact_racket_target_vel_y: 0.0000
Metrics/racket_target/impact_racket_target_vel_z: 0.0000
Metrics/racket_target/impact_ball_out_error_mps: 0.0000
Metrics/racket_target/impact_face_radial_error_m: 0.0000
Metrics/racket_target/impact_face_normal_gap_m: 0.0000
Metrics/racket_target/impact_face_quality: 0.0000
Metrics/racket_target/impact_center_contact: 0.0000
Metrics/racket_target/impact_center_net_cross: 0.0000
Metrics/racket_target/impact_center_on_opponent: 0.0000
Metrics/racket_target/impact_rim_contact: 0.0000
Metrics/racket_target/impact_rim_net_cross: 0.0000
Metrics/racket_target/impact_rim_on_opponent: 0.0000
Metrics/racket_target/impact_analytic_outer_contact: 0.0000
Metrics/racket_target/impact_analytic_outer_net_cross: 0.0000
Metrics/racket_target/impact_analytic_outer_on_opponent: 0.0000
Metrics/racket_target/impact_planner_pos_error_m: 0.0000
Metrics/racket_target/impact_planner_vel_error_mps: 0.0000
Metrics/racket_target/impact_planner_speed_ratio: 0.0000
Metrics/racket_target/impact_planner_vel_angle_deg: 0.0000
Metrics/racket_target/impact_healthy_normal_ok: 0.0000
Metrics/racket_target/impact_healthy_contact: 0.0000
Metrics/racket_target/impact_healthy_net_cross: 0.0000
Metrics/racket_target/impact_healthy_on_opponent: 0.0000
Metrics/racket_target/current_swing_impact_health_score: 0.0000
Metrics/racket_target/current_swing_healthy_contact: 0.0000
Metrics/racket_target/current_swing_healthy_net_cross: 0.0000
Metrics/racket_target/current_swing_healthy_on_opponent: 0.0000
Metrics/racket_target/current_swing_healthy_normal_ok: 0.0000
Metrics/racket_target/current_swing_contact: 0.0000
Metrics/racket_target/current_swing_net_cross: 0.0000
Metrics/racket_target/current_swing_on_opponent: 0.0000
Metrics/racket_target/current_swing_center_contact: 0.0000
Metrics/racket_target/current_swing_center_net_cross: 0.0000
Metrics/racket_target/current_swing_center_on_opponent: 0.0000
Metrics/racket_target/current_swing_rim_contact: 0.0000
Metrics/racket_target/current_swing_rim_net_cross: 0.0000
Metrics/racket_target/current_swing_rim_on_opponent: 0.0000
Metrics/racket_target/current_swing_analytic_outer_contact: 0.0000
Metrics/racket_target/current_swing_analytic_outer_net_cross: 0.0000
Metrics/racket_target/current_swing_analytic_outer_on_opponent: 0.0000
Metrics/racket_target/cycle_v2_outcome_tier: -1.0000
Metrics/racket_target/cycle_v2_streak: 0.0000
Metrics/racket_target/closed_loop_recovery_trigger_event: 0.0000
Metrics/racket_target/closed_loop_cycle_success_event: 0.0000
Metrics/racket_target/closed_loop_durable_cycle_success_event: 0.0000
Metrics/racket_target/closed_loop_phase_id: 1.7812
Metrics/racket_target/closed_loop_phase_ready_no_command: 0.0000
Metrics/racket_target/closed_loop_phase_command_acquire: 0.5312
Metrics/racket_target/closed_loop_phase_pre_strike: 0.1562
Metrics/racket_target/closed_loop_phase_strike: 0.3125
Metrics/racket_target/closed_loop_phase_follow_through: 0.0000
Metrics/racket_target/closed_loop_phase_recovery: 0.0000
Metrics/racket_target/closed_loop_phase_next_ready: 0.0000
Metrics/racket_target/post_contact_phase_impact_0_100ms_attempts: 0.0000
Metrics/racket_target/post_contact_phase_impact_0_100ms_tilt_gt_0p1_rate: 0.0000
Metrics/racket_target/post_contact_phase_impact_0_100ms_pitch_gt_0p1_rate: 0.0000
Metrics/racket_target/post_contact_phase_impact_0_100ms_waist_overflow_gt_1p0_rate: 0.0000
Metrics/racket_target/post_contact_phase_impact_0_100ms_base_ang_vel_gt_0p8_rate: 0.0000
Metrics/racket_target/post_contact_phase_brake_100_300ms_attempts: 0.0000
Metrics/racket_target/post_contact_phase_brake_100_300ms_tilt_gt_0p1_rate: 0.0000
Metrics/racket_target/post_contact_phase_brake_100_300ms_pitch_gt_0p1_rate: 0.0000
Metrics/racket_target/post_contact_phase_brake_100_300ms_waist_overflow_gt_1p0_rate: 0.0000
Metrics/racket_target/post_contact_phase_brake_100_300ms_base_ang_vel_gt_0p8_rate: 0.0000
Metrics/racket_target/post_contact_phase_settle_300_600ms_attempts: 0.0000
Metrics/racket_target/post_contact_phase_settle_300_600ms_tilt_gt_0p1_rate: 0.0000
Metrics/racket_target/post_contact_phase_settle_300_600ms_pitch_gt_0p1_rate: 0.0000
Metrics/racket_target/post_contact_phase_settle_300_600ms_waist_overflow_gt_1p0_rate: 0.0000
Metrics/racket_target/post_contact_phase_settle_300_600ms_base_ang_vel_gt_0p8_rate: 0.0000
Metrics/racket_target/post_contact_phase_ready_after_600ms_attempts: 0.0000
Metrics/racket_target/post_contact_phase_ready_after_600ms_tilt_gt_0p1_rate: 0.0000
Metrics/racket_target/post_contact_phase_ready_after_600ms_pitch_gt_0p1_rate: 0.0000
Metrics/racket_target/post_contact_phase_ready_after_600ms_waist_overflow_gt_1p0_rate: 0.0000
Metrics/racket_target/post_contact_phase_ready_after_600ms_base_ang_vel_gt_0p8_rate: 0.0000
Metrics/racket_target/physical_contact_health_score: 0.0000
Metrics/racket_target/physical_recovery_pending: 0.0000
Metrics/racket_target/physical_recovery_tier: 0.0000
Metrics/racket_target/physical_recovery_success_event: 0.0000
Metrics/racket_target/physical_recovery_failure_event: 0.0000
Metrics/racket_target/physical_ability_level: 0.0000
Metrics/racket_target/physical_ability_batch_events: 3.7812
Metrics/racket_target/physical_ability_contact_ema: 0.0000
Metrics/racket_target/physical_ability_net_ema: 0.0000
Metrics/racket_target/physical_ability_bounce_ema: 0.0000
Metrics/racket_target/physical_ability_recovery_ema: 0.0000
Metrics/racket_target/physical_ability_safety_ema: 0.0000
Metrics/racket_target/base_pitch_like_signed: -0.2188
Metrics/racket_target/base_backward_velocity: 0.0037
Metrics/racket_target/waist_action_rms: 0.2860
Metrics/racket_target/right_arm_action_rms: 4.8648
Metrics/racket_target/leg_action_rms: 0.3734
Metrics/racket_target/action_abs_max: 8.3954
Metrics/racket_target/applied_action_abs_max: 8.3954
Metrics/racket_target/leg_action_abs_max: 0.7357
Metrics/racket_target/effective_action_abs_max: 8.3954
Metrics/racket_target/action_clamp_fraction: 0.0000
Metrics/racket_target/waist_action_clamp_fraction: 0.0000
Metrics/racket_target/right_arm_action_clamp_fraction: 0.0000
Metrics/racket_target/leg_action_clamp_fraction: 0.0000
Metrics/racket_target/waist_q_tracking_error_rms: 0.3330
Metrics/racket_target/right_arm_q_tracking_error_rms: 0.1480
Metrics/racket_target/leg_q_tracking_error_rms: 0.1619
Metrics/racket_target/waist_torque_clip_fraction: 0.0000
Metrics/racket_target/right_arm_torque_clip_fraction: 0.0000
Metrics/racket_target/leg_torque_clip_fraction: 0.0000
Metrics/racket_target/waist_action_delta_rms: 0.1832
Metrics/racket_target/right_arm_action_delta_rms: 0.3894
Metrics/racket_target/leg_action_delta_rms: 0.2176
Metrics/racket_target/waist_joint_vel_rms: 1.0396
Metrics/racket_target/right_arm_joint_vel_rms: 0.9816
Metrics/racket_target/leg_joint_vel_rms: 0.5017
Metrics/racket_target/recovery_leg_action_abs_max: 0.0000
Metrics/racket_target/recovery_leg_action_delta_rms: 0.0000
Metrics/racket_target/recovery_leg_joint_vel_rms: 0.0000
     Metrics/physical_shadow/phase: 1.4688
Metrics/physical_shadow/route_valid: 1.0000
Metrics/physical_shadow/serve_event: 0.0000
Metrics/physical_shadow/incoming_bounce_event: 0.0000
Metrics/physical_shadow/contact_event: 0.0000
Metrics/physical_shadow/net_cross_event: 0.0000
Metrics/physical_shadow/outgoing_landing_event: 0.0000
Metrics/physical_shadow/opponent_bounce_event: 0.0000
Metrics/physical_shadow/landing_short_event: 0.0000
Metrics/physical_shadow/landing_long_event: 0.0000
Metrics/physical_shadow/landing_side_event: 0.0000
Metrics/physical_shadow/landing_no_net_event: 0.0000
Metrics/physical_shadow/abort_event: 0.0000
Metrics/physical_shadow/timeout_event: 0.0000
Metrics/physical_shadow/route_unalignable_event: 0.0000
Metrics/physical_shadow/route_invalid_event: 0.0000
Metrics/physical_shadow/incoming_net_collision_event: 0.0000
Metrics/physical_shadow/reset_abort_event: 0.0000
Metrics/physical_shadow/incoming_bounce_latch: 0.4688
Metrics/physical_shadow/contact_latch: 0.0000
Metrics/physical_shadow/net_cross_latch: 0.0000
Metrics/physical_shadow/opponent_bounce_latch: 0.0000
Metrics/physical_shadow/launch_timing_error_s: 0.0046
Metrics/physical_shadow/contact_true_target_error: 0.0000
Metrics/physical_shadow/contact_planner_position_error: 0.0000
Metrics/physical_shadow/contact_planner_velocity_error: 0.0000
Metrics/physical_shadow/contact_planner_velocity_direction_error_deg: 0.0000
Metrics/physical_shadow/contact_planner_normal_error_deg: 0.0000
Metrics/physical_shadow/contact_outgoing_velocity_error: 0.0000
Metrics/physical_shadow/contact_outgoing_speed: 0.0000
Metrics/physical_shadow/contact_target_outgoing_speed: 0.0000
Metrics/physical_shadow/contact_outgoing_speed_ratio: 0.0000
Metrics/physical_shadow/contact_outgoing_direction_error_deg: 0.0000
Metrics/physical_shadow/contact_outgoing_velocity_x: 0.0000
Metrics/physical_shadow/contact_outgoing_velocity_y: 0.0000
Metrics/physical_shadow/contact_outgoing_velocity_z: 0.0000
Metrics/physical_shadow/contact_target_outgoing_velocity_x: 0.0000
Metrics/physical_shadow/contact_target_outgoing_velocity_y: 0.0000
Metrics/physical_shadow/contact_target_outgoing_velocity_z: 0.0000
Metrics/physical_shadow/contact_incoming_velocity_error: 0.0000
Metrics/physical_shadow/contact_incoming_velocity_direction_error_deg: 0.0000
Metrics/physical_shadow/contact_route_incoming_velocity_error: 0.0000
Metrics/physical_shadow/contact_route_incoming_velocity_direction_error_deg: 0.0000
Metrics/physical_shadow/contact_actual_route_incoming_velocity_error: 0.0000
Metrics/physical_shadow/contact_command_normal_only_error: 0.0000
Metrics/physical_shadow/contact_command_training_model_error: 0.0000
Metrics/physical_shadow/contact_command_physics_model_error: 0.0000
Metrics/physical_shadow/contact_actual_training_model_residual: 0.0000
Metrics/physical_shadow/contact_actual_physics_model_residual: 0.0000
Metrics/physical_shadow/contact_actual_normal_only_model_residual: 0.0000
Metrics/physical_shadow/contact_actual_training_predicted_target_error: 0.0000
Metrics/physical_shadow/contact_actual_physics_predicted_target_error: 0.0000
Metrics/physical_shadow/contact_actual_normal_only_predicted_target_error: 0.0000
Metrics/physical_shadow/contact_force_direction_valid: 0.0000
Metrics/physical_shadow/contact_force_vs_racket_normal_angle_deg: 0.0000
Metrics/physical_shadow/contact_actual_force_direction_model_residual: 0.0000
Metrics/physical_shadow/contact_actual_force_direction_predicted_target_error: 0.0000
Metrics/physical_shadow/contact_physx_data_valid: 0.0000
Metrics/physical_shadow/contact_physx_force: 0.0000
Metrics/physical_shadow/contact_physx_separation: 0.0000
Metrics/physical_shadow/contact_physx_normal_error_deg: 0.0000
Metrics/physical_shadow/contact_physx_point_radial_error: 0.0000
Metrics/physical_shadow/contact_actual_physx_normal_model_residual: 0.0000
Metrics/physical_shadow/contact_actual_physx_normal_predicted_target_error: 0.0000
Metrics/physical_shadow/contact_physx_substep_valid: 0.0000
Metrics/physical_shadow/contact_physx_substep_normal_error_deg: 0.0000
Metrics/physical_shadow/contact_physx_substep_point_radial_error: 0.0000
Metrics/physical_shadow/contact_physx_substep_point_normal_offset: 0.0000
Metrics/physical_shadow/contact_physx_patch_substeps: 0.0000
Metrics/physical_shadow/contact_physx_normal_impulse: 0.0000
Metrics/physical_shadow/contact_physx_capture_lag_s: 0.0000
Metrics/physical_shadow/contact_physx_contact_point_speed_delta: 0.0000
Metrics/physical_shadow/contact_physx_substep_link_model_residual: 0.0000
Metrics/physical_shadow/contact_physx_substep_point_model_residual: 0.0000
Metrics/physical_shadow/contact_physx_substep_outgoing_target_error: 0.0000
Metrics/physical_shadow/contact_physx_measured_restitution: 0.0000
Metrics/physical_shadow/contact_physx_pre_ball_speed: 0.0000
Metrics/physical_shadow/contact_physx_post_ball_speed: 0.0000
Metrics/physical_shadow/contact_physx_point_x: 0.0000
Metrics/physical_shadow/contact_physx_point_y: 0.0000
Metrics/physical_shadow/contact_physx_point_z: 0.0000
Metrics/physical_shadow/contact_physx_normal_x: 0.0000
Metrics/physical_shadow/contact_physx_normal_y: 0.0000
Metrics/physical_shadow/contact_physx_normal_z: 0.0000
Metrics/physical_shadow/contact_physx_pre_ball_velocity_x: 0.0000
Metrics/physical_shadow/contact_physx_pre_ball_velocity_y: 0.0000
Metrics/physical_shadow/contact_physx_pre_ball_velocity_z: 0.0000
Metrics/physical_shadow/contact_physx_post_ball_velocity_x: 0.0000
Metrics/physical_shadow/contact_physx_post_ball_velocity_y: 0.0000
Metrics/physical_shadow/contact_physx_post_ball_velocity_z: 0.0000
Metrics/physical_shadow/contact_physx_pre_racket_point_velocity_x: 0.0000
Metrics/physical_shadow/contact_physx_pre_racket_point_velocity_y: 0.0000
Metrics/physical_shadow/contact_physx_pre_racket_point_velocity_z: 0.0000
Metrics/physical_shadow/contact_physx_post_racket_point_velocity_x: 0.0000
Metrics/physical_shadow/contact_physx_post_racket_point_velocity_y: 0.0000
Metrics/physical_shadow/contact_physx_post_racket_point_velocity_z: 0.0000
Metrics/physical_shadow/contact_physx_pre_ball_angular_velocity_x: 0.0000
Metrics/physical_shadow/contact_physx_pre_ball_angular_velocity_y: 0.0000
Metrics/physical_shadow/contact_physx_pre_ball_angular_velocity_z: 0.0000
Metrics/physical_shadow/contact_physx_post_ball_angular_velocity_x: 0.0000
Metrics/physical_shadow/contact_physx_post_ball_angular_velocity_y: 0.0000
Metrics/physical_shadow/contact_physx_post_ball_angular_velocity_z: 0.0000
Metrics/physical_shadow/contact_physx_pre_ball_surface_tangent_speed: 0.0000
Metrics/physical_shadow/contact_physx_post_ball_spin_speed: 0.0000
Metrics/physical_shadow/contact_impact_normal_error_deg: 0.0000
Metrics/physical_shadow/contact_wire_impact_normal_gap_deg: 0.0000
Metrics/physical_shadow/contact_face_radial_error: 0.0000
Metrics/physical_shadow/contact_time_to_strike: 0.0000
Metrics/physical_shadow/landing_target_error: 0.0000
Metrics/physical_shadow/landing_target_x_error: 0.0000
Metrics/physical_shadow/landing_target_y_error: 0.0000
Metrics/physical_shadow/landing_position_x: 0.0000
Metrics/physical_shadow/landing_position_y: 0.0000
Metrics/physical_shadow/minimum_ball_racket_distance: 0.9351
      Episode_Termination/time_out: 1.0000
  Episode_Termination/base_too_low: 0.0000
   Episode_Termination/base_tilted: 0.0000
   Episode_Termination/table_touch: 0.0000
Episode_Termination/persistent_action_overflow: 0.0000
--------------------------------------------------------------------------------
                   Total timesteps: 8192
                    Iteration time: 2.54s
                      Time elapsed: 00:00:06
                               ETA: 00:00:22

################################################################################
                        [1m Learning iteration 2/8 [0m                        

                       Computation: 1373 steps/s (collection: 2.932s, learning 0.051s)
             Mean action noise std: 0.10
          Mean value_function loss: 0.1309
               Mean surrogate loss: -0.0148
                 Mean entropy loss: -27.3915
        Mean actor_anchor_rms loss: 0.0001
Mean actor_anchor_relative_l2 loss: 0.0020
 Mean actor_anchor_exempt_rms loss: 0.0000
                       Mean reward: 2.49
               Mean episode length: 54.76
 Episode_Reward/undesired_contacts: 0.0000
  Episode_Reward/feet_contact_slip: -0.0003
     Episode_Reward/table_no_touch: -0.0000
              Episode_Reward/alive: 0.0026
            Episode_Reward/upright: -0.0012
          Episode_Reward/imitation: 0.0633
    Episode_Reward/racket_position: 0.0071
    Episode_Reward/racket_velocity: 0.0039
Episode_Reward/planner_racket_task_space_crossfade: 0.0552
    Episode_Reward/blade_direction: 0.0039
Episode_Reward/healthy_trunk_support: 0.0434
 Episode_Reward/pre_strike_station: 0.0162
    Episode_Reward/recovery_health: 0.0187
Episode_Reward/no_command_ready_stability: 0.0048
Episode_Reward/post_strike_base_ang_vel: 0.0013
Episode_Reward/phase_action_overflow: -0.0000
     Episode_Reward/strike_balance: 0.0035
Episode_Reward/prestrike_station_progress: 0.0017
 Episode_Reward/lower_body_support: 0.0171
Episode_Reward/termination_penalty: 0.0000
Episode_Reward/phase_action_rate_waist: -0.0000
Episode_Reward/phase_action_rate_upper: -0.0001
Episode_Reward/phase_action_rate_legs: -0.0000
        Episode_Reward/joint_limit: -0.0043
Episode_Reward/prestrike_racket_progress: 0.0557
Episode_Reward/near_impact_planner_velocity_progress: 0.0079
Episode_Reward/operational_joint_margin: -0.0018
  Episode_Reward/joint_target_slew: -0.0036
Episode_Reward/actuator_waist_feasibility: -0.0000
Episode_Reward/actuator_right_arm_feasibility: -0.0000
Episode_Reward/actuator_leg_feasibility: -0.0000
Episode_Reward/physical_outcome_events: 0.0028
Episode_Reward/physical_recovery_settlement: 0.0000
Episode_Reward/physical_capability_curriculum: 0.0000
    Metrics/motion/error_joint_pos: 1.3427
    Metrics/motion/error_joint_vel: 4.3480
     Metrics/motion/error_body_pos: 0.0992
     Metrics/motion/error_body_rot: 0.3826
       Metrics/motion/motion_phase: 0.3658
            Metrics/motion/in_hold: 0.0312
Metrics/motion/motion_start_warmup_prob: 0.7500
Metrics/motion/motion_start_lifecycle_progress: 0.0000
Metrics/motion/motion_start_effective_prestrike_fraction: 1.0000
Metrics/motion/motion_start_effective_recovery_fraction: 0.0000
Metrics/motion/motion_start_effective_rsi_fraction: 0.0000
 Metrics/motion/motion_start_reset: 0.5000
Metrics/motion/motion_start_prestrike_reset: 0.0000
Metrics/motion/motion_start_recovery_reset: 0.0000
Metrics/motion/motion_start_rsi_reset: 0.0000
 Metrics/motion/single_cycle_reset: 0.0000
     Metrics/motion/motion_clip_id: 0.5625
Metrics/motion/motion_supplemental_clip: 0.0000
      Metrics/motion/stand_episode: 0.0312
Metrics/motion/default_stand_reset: 0.5000
Metrics/motion/error_body_pos_lower: 0.1045
Metrics/motion/error_body_rot_lower: 0.3873
Metrics/motion/error_body_lin_vel_lower: 0.0946
Metrics/motion/error_body_ang_vel_lower: 0.4690
Metrics/motion/reference_body_lin_speed_lower: 0.0226
Metrics/motion/robot_body_lin_speed_lower: 0.0940
Metrics/motion/error_body_pos_core: 0.0644
Metrics/motion/error_body_rot_core: 0.1862
Metrics/motion/error_body_lin_vel_core: 0.1204
Metrics/motion/error_body_ang_vel_core: 1.1842
Metrics/motion/reference_body_lin_speed_core: 0.0297
Metrics/motion/robot_body_lin_speed_core: 0.1234
Metrics/motion/error_body_pos_upper: 0.1055
Metrics/motion/error_body_rot_upper: 0.4433
Metrics/motion/error_body_lin_vel_upper: 0.6436
Metrics/motion/error_body_ang_vel_upper: 1.6627
Metrics/motion/reference_body_lin_speed_upper: 0.1191
Metrics/motion/robot_body_lin_speed_upper: 0.6732
Metrics/motion/error_joint_pos_waist: 0.2917
Metrics/motion/error_joint_vel_waist: 1.1398
Metrics/motion/reference_joint_speed_waist: 0.0325
Metrics/motion/error_joint_pos_arms: 1.1427
Metrics/motion/error_joint_vel_arms: 3.5068
Metrics/motion/reference_joint_speed_arms: 0.2342
Metrics/motion/error_joint_pos_legs: 0.5867
Metrics/motion/error_joint_vel_legs: 1.9986
Metrics/motion/reference_joint_speed_legs: 0.0084
Metrics/racket_target/racket_pos_error: 0.0759
Metrics/racket_target/racket_vel_error: 0.5456
Metrics/racket_target/time_to_strike: 0.0769
Metrics/racket_target/return_success: 0.1094
Metrics/racket_target/prev_return_success: 0.0000
Metrics/racket_target/prev_net_cross: 0.0000
Metrics/racket_target/current_net_cross: 0.1094
Metrics/racket_target/racket_pos_curriculum_scale: 0.3667
Metrics/racket_target/impact_inverse_command_blend: 0.0000
Metrics/racket_target/steps_since_target_resample: 75.7500
Metrics/racket_target/recovery_height_error: 0.0156
Metrics/racket_target/recovery_upright_error: 0.1989
Metrics/racket_target/recovery_base_lin_vel: 0.1176
Metrics/racket_target/recovery_base_ang_vel: 0.9122
Metrics/racket_target/recovery_station_error: 0.0426
Metrics/racket_target/recovery_feet_contact_frac: 1.0000
Metrics/racket_target/recovery_racket_speed: 1.3203
Metrics/racket_target/recovery_height_score: 0.9703
Metrics/racket_target/recovery_upright_score: 0.5597
Metrics/racket_target/recovery_lin_vel_score: 0.7743
Metrics/racket_target/recovery_ang_vel_score: 0.2472
Metrics/racket_target/recovery_station_score: 0.9493
Metrics/racket_target/recovery_racket_score: 0.0911
Metrics/racket_target/recovery_arm_score: 0.6929
Metrics/racket_target/recovery_ready_score: 0.6846
Metrics/racket_target/recovery_anchor_arm_score: 1.0000
Metrics/racket_target/recovery_core_ready_score: 0.5450
Metrics/racket_target/recovery_functional_ready_score: 0.4668
Metrics/racket_target/waist_action_overflow_rms: 0.0000
Metrics/racket_target/right_arm_action_overflow_rms: 0.0000
Metrics/racket_target/leg_action_overflow_rms: 0.0000
Metrics/racket_target/operational_margin_fraction: 0.0000
Metrics/racket_target/waist_operational_margin_fraction: 0.0000
Metrics/racket_target/right_arm_operational_margin_fraction: 0.0000
Metrics/racket_target/leg_operational_margin_fraction: 0.0000
Metrics/racket_target/waist_operational_excess_rms: 0.0000
Metrics/racket_target/right_arm_operational_excess_rms: 0.0000
Metrics/racket_target/leg_operational_excess_rms: 0.0000
Metrics/racket_target/q_des_velocity_violation_fraction: 0.0282
Metrics/racket_target/waist_q_des_velocity_violation_fraction: 0.0000
Metrics/racket_target/right_arm_q_des_velocity_violation_fraction: 0.0045
Metrics/racket_target/leg_q_des_velocity_violation_fraction: 0.0677
Metrics/racket_target/q_des_acceleration_violation_fraction: 0.5247
Metrics/racket_target/waist_q_des_acceleration_violation_fraction: 0.6615
Metrics/racket_target/right_arm_q_des_acceleration_violation_fraction: 0.4107
Metrics/racket_target/leg_q_des_acceleration_violation_fraction: 0.6732
Metrics/racket_target/waist_q_des_velocity_rms: 3.2144
Metrics/racket_target/right_arm_q_des_velocity_rms: 3.5299
Metrics/racket_target/leg_q_des_velocity_rms: 5.1297
Metrics/racket_target/waist_q_des_acceleration_rms: 282.6725
Metrics/racket_target/right_arm_q_des_acceleration_rms: 272.2388
Metrics/racket_target/leg_q_des_acceleration_rms: 414.2037
Metrics/racket_target/action_operational_feasibility_score: 1.0000
Metrics/racket_target/actuator_overflow_consecutive_steps: 0.0000
Metrics/racket_target/actuator_overflow_severe: 0.0000
Metrics/racket_target/recovery_phase_gate: 0.2188
Metrics/racket_target/recovery_phase_ready_score: 0.1624
Metrics/racket_target/recovery_contact_ready_score: 0.1407
Metrics/racket_target/recovery_net_ready_score: 0.0793
Metrics/racket_target/recovery_return_ready_score: 0.0793
Metrics/racket_target/cycle_success_ready_score: 0.0000
Metrics/racket_target/cycle_success_soft: 0.0000
Metrics/racket_target/cycle_success_binary: 0.0000
Metrics/racket_target/cycle_v2_pending: 0.0000
Metrics/racket_target/cycle_v2_attempt_latch: 0.0000
Metrics/racket_target/cycle_v2_ready_success_latch: 0.0000
Metrics/racket_target/cycle_v2_ready_fail_latch: 0.0000
Metrics/racket_target/cycle_v2_attempt_event: 0.0000
Metrics/racket_target/cycle_v2_ready_success_event: 0.0000
Metrics/racket_target/cycle_v2_ready_fail_event: 0.0000
Metrics/racket_target/cycle_v2_unresolved_resample_fail_event: 0.0000
Metrics/racket_target/cycle_v2_resolved_event: 0.0000
Metrics/racket_target/cycle_v2_command_visible_steps: 0.0000
Metrics/racket_target/cycle_v2_elapsed_steps: 0.0000
Metrics/racket_target/cycle_v2_ready_score: 0.0000
Metrics/racket_target/cycle_v2_ready_ok: 0.0000
Metrics/racket_target/cycle_v2_visible: 0.0000
Metrics/racket_target/cycle_v2_ready_score_ok: 0.0000
Metrics/racket_target/cycle_v2_height_ok: 0.0000
Metrics/racket_target/cycle_v2_upright_ok: 0.0000
Metrics/racket_target/cycle_v2_base_lin_vel_ok: 0.0000
Metrics/racket_target/cycle_v2_base_ang_vel_ok: 0.0000
Metrics/racket_target/cycle_v2_feet_ok: 0.0000
Metrics/racket_target/cycle_v2_core_ready_ok: 0.0000
Metrics/racket_target/cycle_v2_ready_consecutive_steps: 0.0000
Metrics/racket_target/single_cycle_bootstrap: 0.0000
Metrics/racket_target/single_cycle_swing_completed: 0.0000
Metrics/racket_target/single_cycle_recovery_active: 0.0000
Metrics/racket_target/single_cycle_recovery_elapsed_steps: 0.0000
Metrics/racket_target/single_cycle_ready_consecutive_steps: 0.0000
Metrics/racket_target/single_cycle_safe_timeout_event: 0.0000
Metrics/racket_target/single_cycle_deadline_timeout_event: 0.0000
Metrics/racket_target/single_cycle_timeout_latch: 0.0000
Metrics/racket_target/single_cycle_hard_failure_event: 0.0000
Metrics/racket_target/single_cycle_probability: 0.0000
Metrics/racket_target/single_cycle_curriculum_level: 0.0000
Metrics/racket_target/single_cycle_effective_deadline_steps: 100.0000
Metrics/racket_target/single_cycle_selected_events: 0.0000
Metrics/racket_target/single_cycle_completed_events: 0.0000
Metrics/racket_target/single_cycle_safe_timeout_events: 0.0000
Metrics/racket_target/single_cycle_deadline_timeout_events: 0.0000
Metrics/racket_target/single_cycle_hard_failure_events: 0.0000
Metrics/racket_target/active_ready_consecutive_steps: 0.0000
Metrics/racket_target/active_ready_success_event: 0.0000
Metrics/racket_target/active_ready_success_latch: 0.0000
Metrics/racket_target/active_ready_survival_steps: 0.0000
Metrics/racket_target/active_ready_survival_next_milestone: 0.0000
Metrics/racket_target/active_ready_survival_milestone_event: 0.0000
Metrics/racket_target/no_command_ready_active: 0.0312
Metrics/racket_target/no_command_from_stand_episode: 0.0312
Metrics/racket_target/no_command_from_default_stand_reset: 0.0312
Metrics/racket_target/no_command_ready_upright_ok: 0.0312
Metrics/racket_target/no_command_ready_motion_ok: 0.0000
Metrics/racket_target/no_command_ready_score: 0.0217
Metrics/racket_target/no_command_ready_progress: -0.0235
Metrics/racket_target/no_command_ready_station_error: 0.0025
Metrics/racket_target/no_command_ready_fixed_station_error: 0.0025
Metrics/racket_target/healthy_training_stage: 3.0000
Metrics/racket_target/healthy_stage_planted_rehearsal: 0.0000
Metrics/racket_target/healthy_stage_station_hold_seen: 0.0000
Metrics/racket_target/healthy_stage_station_arrived: 0.0000
Metrics/racket_target/healthy_stage_station_settled: 0.0000
Metrics/racket_target/healthy_stage_station_settle_steps: 0.0000
Metrics/racket_target/station_relocation_active: 0.0000
Metrics/racket_target/station_relocation_target_offset_y: 0.0000
Metrics/racket_target/station_relocation_error: 0.0000
Metrics/racket_target/station_relocation_arrival_event: 0.0000
Metrics/racket_target/station_relocation_settle_event: 0.0000
Metrics/racket_target/station_relocation_release_event: 0.0000
Metrics/racket_target/station_relocation_timeout_event: 0.0000
Metrics/racket_target/station_relocation_elapsed_steps: 0.0000
Metrics/racket_target/station_relocation_hold_deadline_steps: 0.0000
Metrics/racket_target/lifecycle_recovery_hold_active: 0.0000
Metrics/racket_target/lifecycle_recovery_release_success_event: 0.0000
Metrics/racket_target/lifecycle_recovery_release_fail_event: 0.0000
Metrics/racket_target/station_relocation_level: 0.0000
Metrics/racket_target/station_relocation_arrival_ema: 0.0000
Metrics/racket_target/station_relocation_settle_ema: 0.0000
Metrics/racket_target/station_relocation_contact_ema: 0.0000
Metrics/racket_target/station_relocation_safety_ema: 0.0000
Metrics/racket_target/station_relocation_resolved_events: 0.0000
Metrics/racket_target/station_relocation_terminal_reset_events: 0.0000
Metrics/racket_target/station_relocation_advance_streak: 0.0000
Metrics/racket_target/station_relocation_regress_streak: 0.0000
Metrics/racket_target/station_relocation_effective_max_lin_vel: 0.0000
Metrics/racket_target/station_relocation_effective_max_ang_vel: 0.0000
Metrics/racket_target/station_relocation_effective_min_settle_steps: 0.0000
Metrics/racket_target/ability_curriculum_level: 0.0000
Metrics/racket_target/ability_curriculum_scale: 0.3667
Metrics/racket_target/ability_curriculum_resolved_events: 0.0000
Metrics/racket_target/ability_curriculum_total_resolved_events: 0.0000
Metrics/racket_target/ability_curriculum_advance_streak: 0.0000
Metrics/racket_target/ability_curriculum_regress_streak: 0.0000
Metrics/racket_target/ability_contact_ema: 0.0000
Metrics/racket_target/ability_net_ema: 0.0000
Metrics/racket_target/ability_success_ema: 0.0000
Metrics/racket_target/ability_recovery_ema: 0.0000
Metrics/racket_target/ability_cycle_ema: 0.0000
Metrics/racket_target/ability_cycle_attempt_ema: 0.0000
Metrics/racket_target/ability_cycle_resolved_ema: 0.0000
Metrics/racket_target/ability_forehand_contact_ema: 0.0000
Metrics/racket_target/ability_forehand_net_ema: 0.0000
Metrics/racket_target/ability_forehand_success_ema: 0.0000
Metrics/racket_target/ability_backhand_contact_ema: 0.0000
Metrics/racket_target/ability_backhand_net_ema: 0.0000
Metrics/racket_target/ability_backhand_success_ema: 0.0000
Metrics/racket_target/ability_attempt_ema: 0.0000
Metrics/racket_target/ability_targeted_attempt_ema: 0.0000
Metrics/racket_target/impact_health_floor_progress: 0.0000
Metrics/racket_target/ability_safety_ema: 1.0000
Metrics/racket_target/ability_station_saturation_ema: 0.0000
Metrics/racket_target/ability_healthy_normal_ema: 0.0000
Metrics/racket_target/ability_station_arrival_ema: 0.0000
Metrics/racket_target/ability_station_settle_ema: 0.0000
Metrics/racket_target/planner_hit_plane_blend: 1.0000
Metrics/racket_target/planner_hit_plane_x_delta: -0.0006
Metrics/racket_target/true_strike_table_x: 0.1631
Metrics/racket_target/planner_target_table_x: 0.1631
Metrics/racket_target/workspace_level: 0.0000
Metrics/racket_target/workspace_fringe_sample: 0.0000
Metrics/racket_target/workspace_target_lateral_norm: 0.3277
Metrics/racket_target/workspace_target_table_y: -0.2367
Metrics/racket_target/workspace_playable_y_min: -0.7225
Metrics/racket_target/workspace_playable_y_max: 0.7225
Metrics/racket_target/workspace_active_y_lo: -0.1950
Metrics/racket_target/workspace_active_y_hi: -0.0750
Metrics/racket_target/workspace_motion_seed_blend: 1.0000
Metrics/racket_target/incoming_ball_horizontal_speed: 1.0528
Metrics/racket_target/incoming_ball_speed: 1.5007
Metrics/racket_target/incoming_ball_speed_curriculum_level: 0.0000
Metrics/racket_target/incoming_ball_speed_sample_low: 0.9000
Metrics/racket_target/incoming_ball_speed_sample_high: 1.2500
Metrics/racket_target/station_saturated: 0.0000
Metrics/racket_target/station_raw_clip_excess: 0.0000
Metrics/racket_target/station_saturated_x: 0.0000
Metrics/racket_target/station_saturated_y: 0.0000
Metrics/racket_target/station_raw_clip_excess_x: 0.0000
Metrics/racket_target/station_raw_clip_excess_y: 0.0000
Metrics/racket_target/current_swing_opportunity: 0.4688
Metrics/racket_target/current_swing_attempt: 0.4688
Metrics/racket_target/current_swing_targeted_attempt: 0.4688
Metrics/racket_target/prev_swing_targeted_attempt: 0.0000
Metrics/racket_target/current_swing_unsafe: 0.0000
Metrics/racket_target/current_swing_station_saturated: 0.0000
Metrics/racket_target/impact_health_score: 0.9540
Metrics/racket_target/impact_health_ok: 1.0000
Metrics/racket_target/impact_health_backlean_violation: 0.0000
Metrics/racket_target/impact_health_waist_backfold: 0.0000
Metrics/racket_target/impact_health_base_retreat: 0.0211
Metrics/racket_target/impact_health_torso_gravity_x: 0.1787
Metrics/racket_target/impact_health_torso_ang_vel: 0.4961
Metrics/racket_target/impact_health_com_x: 0.0115
Metrics/racket_target/impact_health_com_y: 0.0228
Metrics/racket_target/post_contact_ready_pending: 0.0000
Metrics/racket_target/post_contact_ready_elapsed_steps: 0.0000
Metrics/racket_target/post_contact_ready_consecutive_steps: 0.0000
Metrics/racket_target/post_contact_ready_diagnostic_pending: 0.0000
Metrics/racket_target/post_contact_ready_diagnostic_elapsed_steps: 0.0000
Metrics/racket_target/post_contact_ready_durable_pending: 0.0000
Metrics/racket_target/post_contact_ready_durable_consecutive_steps: 0.0000
Metrics/racket_target/post_contact_ready_durable_ready_now: 0.0000
Metrics/racket_target/post_contact_ready_durable_success_event: 0.0000
Metrics/racket_target/post_contact_ready_durable_fail_event: 0.0000
Metrics/racket_target/post_contact_ready_durable_resolution_success_rate: 0.0000
Metrics/racket_target/post_contact_ready_durable_resolution_fail_rate: 0.0000
Metrics/racket_target/post_contact_ready_durable_resolution_success_latency_steps: 0.0000
Metrics/racket_target/post_contact_ready_durable_resolution_fail_latency_steps: 0.0000
Metrics/racket_target/post_contact_ready_durable_fail_backlean_rate: 0.0000
Metrics/racket_target/post_contact_ready_durable_fail_forward_lean_rate: 0.0000
Metrics/racket_target/post_contact_ready_durable_fail_torso_ang_vel_rate: 0.0000
Metrics/racket_target/post_contact_ready_durable_fail_base_lin_vel_rate: 0.0000
Metrics/racket_target/post_contact_ready_durable_fail_base_ang_vel_rate: 0.0000
Metrics/racket_target/post_contact_ready_durable_fail_racket_speed_rate: 0.0000
Metrics/racket_target/post_contact_ready_durable_fail_height_rate: 0.0000
Metrics/racket_target/post_contact_ready_durable_fail_com_x_rate: 0.0000
Metrics/racket_target/post_contact_ready_durable_fail_com_y_rate: 0.0000
Metrics/racket_target/post_contact_ready_durable_fail_feet_rate: 0.0000
Metrics/racket_target/post_contact_ready_durable_fail_station_rate: 0.0000
Metrics/racket_target/post_contact_ready_durable_fail_arm_rate: 0.0000
Metrics/racket_target/post_contact_ready_terminal_window_active: 0.0000
Metrics/racket_target/post_contact_ready_terminal_quality: 0.0000
Metrics/racket_target/post_contact_ready_terminal_settlement_event: 0.0000
Metrics/racket_target/post_contact_ready_operational_ready_now: 0.0000
Metrics/racket_target/post_contact_ready_operational_consecutive_steps: 0.0000
Metrics/racket_target/post_contact_ready_safe_settlement_event: 0.0000
Metrics/racket_target/post_contact_ready_unsafe_settlement_event: 0.0000
Metrics/racket_target/post_contact_ready_incomplete_settlement_event: 0.0000
Metrics/racket_target/post_contact_ready_safe_net_cycle_event: 0.0000
Metrics/racket_target/post_contact_ready_terminal_quality_mean: 0.0000
Metrics/racket_target/post_contact_ready_safe_terminal_quality_mean: 0.0000
Metrics/racket_target/post_contact_ready_terminal_safe_rate: 0.0000
Metrics/racket_target/post_contact_ready_terminal_unsafe_rate: 0.0000
Metrics/racket_target/post_contact_ready_terminal_incomplete_rate: 0.0000
Metrics/racket_target/post_contact_ready_safe_net_cycle_rate: 0.0000
Metrics/racket_target/post_contact_ready_score: 0.0000
Metrics/racket_target/post_contact_ready_now: 0.0000
Metrics/racket_target/post_contact_ready_success_event: 0.0000
Metrics/racket_target/post_contact_ready_fail_event: 0.0000
Metrics/racket_target/post_contact_ready_outcome_tier: 0.0000
Metrics/racket_target/post_contact_ready_face_quality: 0.0000
Metrics/racket_target/post_contact_ready_safe_face_net_cycle_value: 0.0000
Metrics/racket_target/post_contact_ready_planner_speed_ratio: 0.0000
Metrics/racket_target/post_contact_ready_planner_direction_error_rad: 0.0000
Metrics/racket_target/post_contact_ready_planner_position_error: 0.0000
Metrics/racket_target/post_contact_ready_impact_health_score: 0.0000
Metrics/racket_target/post_contact_ready_peak_base_ang_vel: 0.0000
Metrics/racket_target/post_contact_ready_peak_ang_vel_excess_increment: 0.0000
Metrics/racket_target/post_contact_ready_envelope_violation_latch: 0.0000
Metrics/racket_target/post_contact_ready_envelope_violation_event: 0.0000
Metrics/racket_target/post_contact_ready_envelope_first_violation_step: 0.0000
Metrics/racket_target/post_contact_ready_envelope_attempts: 0.0000
Metrics/racket_target/post_contact_ready_envelope_violation_rate: 0.0000
Metrics/racket_target/post_contact_ready_envelope_tilt_violation_rate: 0.0000
Metrics/racket_target/post_contact_ready_envelope_pitch_violation_rate: 0.0000
Metrics/racket_target/post_contact_ready_envelope_com_violation_rate: 0.0000
Metrics/racket_target/post_contact_ready_envelope_waist_violation_rate: 0.0000
Metrics/racket_target/post_contact_ready_envelope_leg_violation_rate: 0.0000
Metrics/racket_target/post_contact_ready_envelope_base_ang_vel_violation_rate: 0.0000
Metrics/racket_target/post_contact_ready_resolution_success_rate: 0.0000
Metrics/racket_target/post_contact_ready_resolution_fail_rate: 0.0000
Metrics/racket_target/post_contact_ready_resolution_success_latency_steps: 0.0000
Metrics/racket_target/post_contact_ready_resolution_fail_latency_steps: 0.0000
Metrics/racket_target/post_contact_ready_max_tilt: 0.0000
Metrics/racket_target/post_contact_ready_max_abs_pitch: 0.0000
Metrics/racket_target/post_contact_ready_max_com_x: 0.0000
Metrics/racket_target/post_contact_ready_max_com_y: 0.0000
Metrics/racket_target/post_contact_ready_max_waist_overflow: 0.0000
Metrics/racket_target/post_contact_ready_max_leg_overflow: 0.0000
Metrics/racket_target/post_contact_ready_settlement_velocity_score_ema: 0.0000
Metrics/racket_target/post_contact_ready_settlement_position_gate_ema: 0.0000
Metrics/racket_target/post_contact_ready_settlement_health_gate_ema: 0.0000
Metrics/racket_target/post_contact_ready_settlement_recovery_gate_ema: 0.0000
Metrics/racket_target/post_contact_ready_settlement_total_score_ema: 0.0000
Metrics/racket_target/post_contact_recovery_backlean_error: 0.0000
Metrics/racket_target/post_contact_recovery_directional_progress: 0.0000
Metrics/racket_target/post_contact_ready_torso_ok: 0.0000
Metrics/racket_target/post_contact_ready_motion_ok: 0.0000
Metrics/racket_target/post_contact_ready_support_ok: 0.0000
Metrics/racket_target/post_contact_ready_arm_ok: 0.0000
Metrics/racket_target/post_contact_ready_base_lin_vel_ok: 0.0000
Metrics/racket_target/post_contact_ready_base_ang_vel_ok: 0.0000
Metrics/racket_target/post_contact_ready_racket_speed_ok: 0.0000
Metrics/racket_target/post_contact_ready_height_ok: 0.0000
Metrics/racket_target/post_contact_ready_com_x_ok: 0.0000
Metrics/racket_target/post_contact_ready_com_y_ok: 0.0000
Metrics/racket_target/post_contact_ready_feet_ok: 0.0000
Metrics/racket_target/post_contact_ready_station_ok: 0.0000
Metrics/racket_target/post_contact_ready_fail_torso: 0.0000
Metrics/racket_target/post_contact_ready_fail_base_lin_vel: 0.0000
Metrics/racket_target/post_contact_ready_fail_base_ang_vel: 0.0000
Metrics/racket_target/post_contact_ready_fail_racket_speed: 0.0000
Metrics/racket_target/post_contact_ready_fail_support: 0.0000
Metrics/racket_target/post_contact_ready_fail_arm: 0.0000
Metrics/racket_target/post_contact_ready_shadow_now: 0.0000
Metrics/racket_target/post_contact_ready_shadow_consecutive_steps: 0.0000
Metrics/racket_target/post_contact_ready_shadow_success_latch: 0.0000
Metrics/racket_target/post_contact_ready_curriculum_level: 0.0000
Metrics/racket_target/post_contact_ready_curriculum_fraction: 0.0000
Metrics/racket_target/post_contact_ready_curriculum_success_ema: 0.0000
Metrics/racket_target/post_contact_ready_curriculum_shadow_success_ema: 0.0000
Metrics/racket_target/post_contact_ready_curriculum_resolved_events: 0.0000
Metrics/racket_target/post_contact_ready_curriculum_successful_events: 0.0000
Metrics/racket_target/post_contact_ready_curriculum_targeted_attempt_ema: 0.0000
Metrics/racket_target/post_contact_ready_curriculum_return_success_ema: 0.0000
Metrics/racket_target/post_contact_ready_curriculum_completed_swings: 0.0000
Metrics/racket_target/post_contact_ready_curriculum_advance_streak: 0.0000
Metrics/racket_target/post_contact_ready_curriculum_advance_guard_ok: 0.0000
Metrics/racket_target/post_contact_ready_effective_max_torso_ang_vel: 0.0000
Metrics/racket_target/post_contact_ready_effective_max_base_lin_vel: 0.0000
Metrics/racket_target/post_contact_ready_effective_max_base_ang_vel: 0.0000
Metrics/racket_target/post_contact_ready_effective_max_racket_speed: 0.0000
Metrics/racket_target/post_contact_ready_effective_min_feet_contact: 0.0000
Metrics/racket_target/post_contact_ready_effective_required_consecutive_steps: 0.0000
Metrics/racket_target/post_contact_ready_effective_deadline_steps: 0.0000
Metrics/racket_target/post_contact_ready_curriculum_advance_threshold: 0.0000
Metrics/racket_target/post_contact_ready_curriculum_advance_min_events: 0.0000
Metrics/racket_target/post_contact_ready_curriculum_shadow_threshold: 0.0000
Metrics/racket_target/post_contact_ready_curriculum_min_targeted_attempt_ema: 0.0000
Metrics/racket_target/post_contact_ready_curriculum_min_return_success_ema: 0.0000
Metrics/racket_target/post_contact_ready_curriculum_min_completed_swings: 0.0000
Metrics/racket_target/post_contact_ready_curriculum_required_advance_checks: 0.0000
Metrics/racket_target/racket_normal_error_deg: 25.9014
Metrics/racket_target/impact_normal_error_deg: 5.3237
Metrics/racket_target/impact_racket_vel_error_mps: 0.2011
Metrics/racket_target/impact_racket_speed_ratio: 0.4793
Metrics/racket_target/impact_racket_vel_angle_deg: 4.3024
Metrics/racket_target/impact_racket_actual_vel_x: 0.5434
Metrics/racket_target/impact_racket_actual_vel_y: 0.0660
Metrics/racket_target/impact_racket_actual_vel_z: 0.7529
Metrics/racket_target/impact_racket_target_vel_x: 0.6169
Metrics/racket_target/impact_racket_target_vel_y: 0.0001
Metrics/racket_target/impact_racket_target_vel_z: 0.6793
Metrics/racket_target/impact_ball_out_error_mps: 0.9893
Metrics/racket_target/impact_face_radial_error_m: 0.0205
Metrics/racket_target/impact_face_normal_gap_m: 0.0239
Metrics/racket_target/impact_face_quality: 0.4384
Metrics/racket_target/impact_center_contact: 0.0000
Metrics/racket_target/impact_center_net_cross: 0.0000
Metrics/racket_target/impact_center_on_opponent: 0.0000
Metrics/racket_target/impact_rim_contact: 0.0000
Metrics/racket_target/impact_rim_net_cross: 0.0000
Metrics/racket_target/impact_rim_on_opponent: 0.0000
Metrics/racket_target/impact_analytic_outer_contact: 0.0000
Metrics/racket_target/impact_analytic_outer_net_cross: 0.0000
Metrics/racket_target/impact_analytic_outer_on_opponent: 0.0000
Metrics/racket_target/impact_planner_pos_error_m: 0.0342
Metrics/racket_target/impact_planner_vel_error_mps: 0.2011
Metrics/racket_target/impact_planner_speed_ratio: 0.4793
Metrics/racket_target/impact_planner_vel_angle_deg: 4.3024
Metrics/racket_target/impact_healthy_normal_ok: 0.0000
Metrics/racket_target/impact_healthy_contact: 0.0000
Metrics/racket_target/impact_healthy_net_cross: 0.0000
Metrics/racket_target/impact_healthy_on_opponent: 0.0000
Metrics/racket_target/current_swing_impact_health_score: 0.3225
Metrics/racket_target/current_swing_healthy_contact: 0.3281
Metrics/racket_target/current_swing_healthy_net_cross: 0.1094
Metrics/racket_target/current_swing_healthy_on_opponent: 0.1094
Metrics/racket_target/current_swing_healthy_normal_ok: 0.4688
Metrics/racket_target/current_swing_contact: 0.3281
Metrics/racket_target/current_swing_net_cross: 0.1094
Metrics/racket_target/current_swing_on_opponent: 0.1094
Metrics/racket_target/current_swing_center_contact: 0.1875
Metrics/racket_target/current_swing_center_net_cross: 0.1094
Metrics/racket_target/current_swing_center_on_opponent: 0.1094
Metrics/racket_target/current_swing_rim_contact: 0.1406
Metrics/racket_target/current_swing_rim_net_cross: 0.0000
Metrics/racket_target/current_swing_rim_on_opponent: 0.0000
Metrics/racket_target/current_swing_analytic_outer_contact: 0.0000
Metrics/racket_target/current_swing_analytic_outer_net_cross: 0.0000
Metrics/racket_target/current_swing_analytic_outer_on_opponent: 0.0000
Metrics/racket_target/cycle_v2_outcome_tier: -1.0000
Metrics/racket_target/cycle_v2_streak: 0.0000
Metrics/racket_target/closed_loop_recovery_trigger_event: 0.0000
Metrics/racket_target/closed_loop_cycle_success_event: 0.0000
Metrics/racket_target/closed_loop_durable_cycle_success_event: 0.0000
Metrics/racket_target/closed_loop_phase_id: 2.0938
Metrics/racket_target/closed_loop_phase_ready_no_command: 0.0312
Metrics/racket_target/closed_loop_phase_command_acquire: 0.1562
Metrics/racket_target/closed_loop_phase_pre_strike: 0.5000
Metrics/racket_target/closed_loop_phase_strike: 0.3125
Metrics/racket_target/closed_loop_phase_follow_through: 0.0000
Metrics/racket_target/closed_loop_phase_recovery: 0.0000
Metrics/racket_target/closed_loop_phase_next_ready: 0.0000
Metrics/racket_target/post_contact_phase_impact_0_100ms_attempts: 0.0000
Metrics/racket_target/post_contact_phase_impact_0_100ms_tilt_gt_0p1_rate: 0.0000
Metrics/racket_target/post_contact_phase_impact_0_100ms_pitch_gt_0p1_rate: 0.0000
Metrics/racket_target/post_contact_phase_impact_0_100ms_waist_overflow_gt_1p0_rate: 0.0000
Metrics/racket_target/post_contact_phase_impact_0_100ms_base_ang_vel_gt_0p8_rate: 0.0000
Metrics/racket_target/post_contact_phase_brake_100_300ms_attempts: 0.0000
Metrics/racket_target/post_contact_phase_brake_100_300ms_tilt_gt_0p1_rate: 0.0000
Metrics/racket_target/post_contact_phase_brake_100_300ms_pitch_gt_0p1_rate: 0.0000
Metrics/racket_target/post_contact_phase_brake_100_300ms_waist_overflow_gt_1p0_rate: 0.0000
Metrics/racket_target/post_contact_phase_brake_100_300ms_base_ang_vel_gt_0p8_rate: 0.0000
Metrics/racket_target/post_contact_phase_settle_300_600ms_attempts: 0.0000
Metrics/racket_target/post_contact_phase_settle_300_600ms_tilt_gt_0p1_rate: 0.0000
Metrics/racket_target/post_contact_phase_settle_300_600ms_pitch_gt_0p1_rate: 0.0000
Metrics/racket_target/post_contact_phase_settle_300_600ms_waist_overflow_gt_1p0_rate: 0.0000
Metrics/racket_target/post_contact_phase_settle_300_600ms_base_ang_vel_gt_0p8_rate: 0.0000
Metrics/racket_target/post_contact_phase_ready_after_600ms_attempts: 0.0000
Metrics/racket_target/post_contact_phase_ready_after_600ms_tilt_gt_0p1_rate: 0.0000
Metrics/racket_target/post_contact_phase_ready_after_600ms_pitch_gt_0p1_rate: 0.0000
Metrics/racket_target/post_contact_phase_ready_after_600ms_waist_overflow_gt_1p0_rate: 0.0000
Metrics/racket_target/post_contact_phase_ready_after_600ms_base_ang_vel_gt_0p8_rate: 0.0000
Metrics/racket_target/physical_contact_health_score: 0.0000
Metrics/racket_target/physical_recovery_pending: 0.4688
Metrics/racket_target/physical_recovery_tier: 0.5000
Metrics/racket_target/physical_recovery_success_event: 0.0000
Metrics/racket_target/physical_recovery_failure_event: 0.0000
Metrics/racket_target/physical_ability_level: 0.0000
Metrics/racket_target/physical_ability_batch_events: 9.2188
Metrics/racket_target/physical_ability_contact_ema: 0.0000
Metrics/racket_target/physical_ability_net_ema: 0.0000
Metrics/racket_target/physical_ability_bounce_ema: 0.0000
Metrics/racket_target/physical_ability_recovery_ema: 0.0000
Metrics/racket_target/physical_ability_safety_ema: 0.0000
Metrics/racket_target/base_pitch_like_signed: -0.1968
Metrics/racket_target/base_backward_velocity: 0.0555
Metrics/racket_target/waist_action_rms: 0.3597
Metrics/racket_target/right_arm_action_rms: 3.9166
Metrics/racket_target/leg_action_rms: 0.4312
Metrics/racket_target/action_abs_max: 6.7705
Metrics/racket_target/applied_action_abs_max: 6.7705
Metrics/racket_target/leg_action_abs_max: 0.8769
Metrics/racket_target/effective_action_abs_max: 6.7705
Metrics/racket_target/action_clamp_fraction: 0.0000
Metrics/racket_target/waist_action_clamp_fraction: 0.0000
Metrics/racket_target/right_arm_action_clamp_fraction: 0.0000
Metrics/racket_target/leg_action_clamp_fraction: 0.0000
Metrics/racket_target/waist_q_tracking_error_rms: 0.3660
Metrics/racket_target/right_arm_q_tracking_error_rms: 0.1439
Metrics/racket_target/leg_q_tracking_error_rms: 0.2045
Metrics/racket_target/waist_torque_clip_fraction: 0.0000
Metrics/racket_target/right_arm_torque_clip_fraction: 0.0000
Metrics/racket_target/leg_torque_clip_fraction: 0.0000
Metrics/racket_target/waist_action_delta_rms: 0.1356
Metrics/racket_target/right_arm_action_delta_rms: 0.3413
Metrics/racket_target/leg_action_delta_rms: 0.1914
Metrics/racket_target/waist_joint_vel_rms: 0.6604
Metrics/racket_target/right_arm_joint_vel_rms: 1.2449
Metrics/racket_target/leg_joint_vel_rms: 0.5782
Metrics/racket_target/recovery_leg_action_abs_max: 0.1760
Metrics/racket_target/recovery_leg_action_delta_rms: 0.0362
Metrics/racket_target/recovery_leg_joint_vel_rms: 0.0983
     Metrics/physical_shadow/phase: 2.4062
Metrics/physical_shadow/route_valid: 1.0000
Metrics/physical_shadow/serve_event: 0.0000
Metrics/physical_shadow/incoming_bounce_event: 0.0000
Metrics/physical_shadow/contact_event: 0.0000
Metrics/physical_shadow/net_cross_event: 0.0312
Metrics/physical_shadow/outgoing_landing_event: 0.0000
Metrics/physical_shadow/opponent_bounce_event: 0.0000
Metrics/physical_shadow/landing_short_event: 0.0000
Metrics/physical_shadow/landing_long_event: 0.0000
Metrics/physical_shadow/landing_side_event: 0.0000
Metrics/physical_shadow/landing_no_net_event: 0.0000
Metrics/physical_shadow/abort_event: 0.0000
Metrics/physical_shadow/timeout_event: 0.0000
Metrics/physical_shadow/route_unalignable_event: 0.0000
Metrics/physical_shadow/route_invalid_event: 0.0000
Metrics/physical_shadow/incoming_net_collision_event: 0.0000
Metrics/physical_shadow/reset_abort_event: 0.0000
Metrics/physical_shadow/incoming_bounce_latch: 0.9688
Metrics/physical_shadow/contact_latch: 0.4688
Metrics/physical_shadow/net_cross_latch: 0.0312
Metrics/physical_shadow/opponent_bounce_latch: 0.0000
Metrics/physical_shadow/launch_timing_error_s: -0.0036
Metrics/physical_shadow/contact_true_target_error: 0.0377
Metrics/physical_shadow/contact_planner_position_error: 0.0271
Metrics/physical_shadow/contact_planner_velocity_error: 0.2249
Metrics/physical_shadow/contact_planner_velocity_direction_error_deg: 5.6298
Metrics/physical_shadow/contact_planner_normal_error_deg: 5.9218
Metrics/physical_shadow/contact_outgoing_velocity_error: 0.8418
Metrics/physical_shadow/contact_outgoing_speed: 1.7318
Metrics/physical_shadow/contact_target_outgoing_speed: 1.7840
Metrics/physical_shadow/contact_outgoing_speed_ratio: 0.4581
Metrics/physical_shadow/contact_outgoing_direction_error_deg: 12.3927
Metrics/physical_shadow/contact_outgoing_velocity_x: 0.8275
Metrics/physical_shadow/contact_outgoing_velocity_y: 0.2444
Metrics/physical_shadow/contact_outgoing_velocity_z: 1.4672
Metrics/physical_shadow/contact_target_outgoing_velocity_x: 1.4409
Metrics/physical_shadow/contact_target_outgoing_velocity_y: 0.2129
Metrics/physical_shadow/contact_target_outgoing_velocity_z: 1.0075
Metrics/physical_shadow/contact_incoming_velocity_error: 0.1029
Metrics/physical_shadow/contact_incoming_velocity_direction_error_deg: 2.1117
Metrics/physical_shadow/contact_route_incoming_velocity_error: 0.0215
Metrics/physical_shadow/contact_route_incoming_velocity_direction_error_deg: 0.7833
Metrics/physical_shadow/contact_actual_route_incoming_velocity_error: 0.0958
Metrics/physical_shadow/contact_command_normal_only_error: 0.5930
Metrics/physical_shadow/contact_command_training_model_error: 0.5877
Metrics/physical_shadow/contact_command_physics_model_error: 0.5763
Metrics/physical_shadow/contact_actual_training_model_residual: 0.3411
Metrics/physical_shadow/contact_actual_physics_model_residual: 0.3188
Metrics/physical_shadow/contact_actual_normal_only_model_residual: 0.3535
Metrics/physical_shadow/contact_actual_training_predicted_target_error: 0.9578
Metrics/physical_shadow/contact_actual_physics_predicted_target_error: 0.8767
Metrics/physical_shadow/contact_actual_normal_only_predicted_target_error: 0.9911
Metrics/physical_shadow/contact_force_direction_valid: 0.1875
Metrics/physical_shadow/contact_force_vs_racket_normal_angle_deg: 2.0196
Metrics/physical_shadow/contact_actual_force_direction_model_residual: 0.2864
Metrics/physical_shadow/contact_actual_force_direction_predicted_target_error: 0.7893
Metrics/physical_shadow/contact_physx_data_valid: 0.4688
Metrics/physical_shadow/contact_physx_force: 2.5997
Metrics/physical_shadow/contact_physx_separation: 0.0001
Metrics/physical_shadow/contact_physx_normal_error_deg: 4.2951
Metrics/physical_shadow/contact_physx_point_radial_error: 0.0145
Metrics/physical_shadow/contact_actual_physx_normal_model_residual: 0.2228
Metrics/physical_shadow/contact_actual_physx_normal_predicted_target_error: 0.7063
Metrics/physical_shadow/contact_physx_substep_valid: 0.4688
Metrics/physical_shadow/contact_physx_substep_normal_error_deg: 3.7297
Metrics/physical_shadow/contact_physx_substep_point_radial_error: 0.0140
Metrics/physical_shadow/contact_physx_substep_point_normal_offset: 0.0002
Metrics/physical_shadow/contact_physx_patch_substeps: 0.4688
Metrics/physical_shadow/contact_physx_normal_impulse: 0.0065
Metrics/physical_shadow/contact_physx_capture_lag_s: 0.0061
Metrics/physical_shadow/contact_physx_contact_point_speed_delta: 0.1264
Metrics/physical_shadow/contact_physx_substep_link_model_residual: 0.2956
Metrics/physical_shadow/contact_physx_substep_point_model_residual: 0.2261
Metrics/physical_shadow/contact_physx_substep_outgoing_target_error: 0.8705
Metrics/physical_shadow/contact_physx_measured_restitution: 0.3063
Metrics/physical_shadow/contact_physx_pre_ball_speed: 0.6595
Metrics/physical_shadow/contact_physx_post_ball_speed: 1.7809
Metrics/physical_shadow/contact_physx_point_x: 4.0780
Metrics/physical_shadow/contact_physx_point_y: 2.5866
Metrics/physical_shadow/contact_physx_point_z: 0.5687
Metrics/physical_shadow/contact_physx_normal_x: 0.2767
Metrics/physical_shadow/contact_physx_normal_y: 0.0573
Metrics/physical_shadow/contact_physx_normal_z: 0.3665
Metrics/physical_shadow/contact_physx_pre_ball_velocity_x: -0.4359
Metrics/physical_shadow/contact_physx_pre_ball_velocity_y: -0.0093
Metrics/physical_shadow/contact_physx_pre_ball_velocity_z: -0.4809
Metrics/physical_shadow/contact_physx_post_ball_velocity_x: 0.8316
Metrics/physical_shadow/contact_physx_post_ball_velocity_y: 0.2456
Metrics/physical_shadow/contact_physx_post_ball_velocity_z: 1.5224
Metrics/physical_shadow/contact_physx_pre_racket_point_velocity_x: 0.4813
Metrics/physical_shadow/contact_physx_pre_racket_point_velocity_y: 0.0562
Metrics/physical_shadow/contact_physx_pre_racket_point_velocity_z: 0.6730
Metrics/physical_shadow/contact_physx_post_racket_point_velocity_x: 0.4660
Metrics/physical_shadow/contact_physx_post_racket_point_velocity_y: 0.0626
Metrics/physical_shadow/contact_physx_post_racket_point_velocity_z: 0.6421
Metrics/physical_shadow/contact_physx_pre_ball_angular_velocity_x: 0.7675
Metrics/physical_shadow/contact_physx_pre_ball_angular_velocity_y: -38.6285
Metrics/physical_shadow/contact_physx_pre_ball_angular_velocity_z: -0.0000
Metrics/physical_shadow/contact_physx_post_ball_angular_velocity_x: -4.1773
Metrics/physical_shadow/contact_physx_post_ball_angular_velocity_y: -12.4124
Metrics/physical_shadow/contact_physx_post_ball_angular_velocity_z: 0.1898
Metrics/physical_shadow/contact_physx_pre_ball_surface_tangent_speed: 0.7546
Metrics/physical_shadow/contact_physx_post_ball_spin_speed: 15.1289
Metrics/physical_shadow/contact_impact_normal_error_deg: 5.9218
Metrics/physical_shadow/contact_wire_impact_normal_gap_deg: 0.0000
Metrics/physical_shadow/contact_face_radial_error: 0.0183
Metrics/physical_shadow/contact_time_to_strike: -0.0075
Metrics/physical_shadow/landing_target_error: 0.0000
Metrics/physical_shadow/landing_target_x_error: 0.0000
Metrics/physical_shadow/landing_target_y_error: 0.0000
Metrics/physical_shadow/landing_position_x: 0.0000
Metrics/physical_shadow/landing_position_y: 0.0000
Metrics/physical_shadow/minimum_ball_racket_distance: 0.3723
      Episode_Termination/time_out: 1.5000
  Episode_Termination/base_too_low: 0.0000
   Episode_Termination/base_tilted: 0.0000
   Episode_Termination/table_touch: 0.0000
Episode_Termination/persistent_action_overflow: 0.0000
--------------------------------------------------------------------------------
                   Total timesteps: 12288
                    Iteration time: 2.98s
                      Time elapsed: 00:00:09
                               ETA: 00:00:18

################################################################################
                        [1m Learning iteration 3/8 [0m                        

                       Computation: 1328 steps/s (collection: 3.034s, learning 0.048s)
             Mean action noise std: 0.10
          Mean value_function loss: 0.1079
               Mean surrogate loss: -0.0131
                 Mean entropy loss: -27.3919
        Mean actor_anchor_rms loss: 0.0001
Mean actor_anchor_relative_l2 loss: 0.0019
 Mean actor_anchor_exempt_rms loss: 0.0000
                       Mean reward: 3.37
               Mean episode length: 70.30
 Episode_Reward/undesired_contacts: 0.0000
  Episode_Reward/feet_contact_slip: -0.0004
     Episode_Reward/table_no_touch: -0.0000
              Episode_Reward/alive: 0.0037
            Episode_Reward/upright: -0.0020
          Episode_Reward/imitation: 0.1119
    Episode_Reward/racket_position: 0.0116
    Episode_Reward/racket_velocity: 0.0065
Episode_Reward/planner_racket_task_space_crossfade: 0.0873
    Episode_Reward/blade_direction: 0.0065
Episode_Reward/healthy_trunk_support: 0.0471
 Episode_Reward/pre_strike_station: 0.0155
    Episode_Reward/recovery_health: 0.0397
Episode_Reward/no_command_ready_stability: 0.0035
Episode_Reward/post_strike_base_ang_vel: 0.0049
Episode_Reward/phase_action_overflow: -0.0000
     Episode_Reward/strike_balance: 0.0050
Episode_Reward/prestrike_station_progress: 0.0013
 Episode_Reward/lower_body_support: 0.0259
Episode_Reward/termination_penalty: 0.0000
Episode_Reward/phase_action_rate_waist: -0.0001
Episode_Reward/phase_action_rate_upper: -0.0001
Episode_Reward/phase_action_rate_legs: -0.0000
        Episode_Reward/joint_limit: -0.0065
Episode_Reward/prestrike_racket_progress: 0.0508
Episode_Reward/near_impact_planner_velocity_progress: 0.0125
Episode_Reward/operational_joint_margin: -0.0015
  Episode_Reward/joint_target_slew: -0.0051
Episode_Reward/actuator_waist_feasibility: -0.0000
Episode_Reward/actuator_right_arm_feasibility: -0.0000
Episode_Reward/actuator_leg_feasibility: -0.0000
Episode_Reward/physical_outcome_events: 0.0172
Episode_Reward/physical_recovery_settlement: 0.0050
Episode_Reward/physical_capability_curriculum: 0.0000
    Metrics/motion/error_joint_pos: 1.1091
    Metrics/motion/error_joint_vel: 2.6586
     Metrics/motion/error_body_pos: 0.0858
     Metrics/motion/error_body_rot: 0.2645
       Metrics/motion/motion_phase: 0.6177
            Metrics/motion/in_hold: 0.0000
Metrics/motion/motion_start_warmup_prob: 0.7500
Metrics/motion/motion_start_lifecycle_progress: 0.0000
Metrics/motion/motion_start_effective_prestrike_fraction: 1.0000
Metrics/motion/motion_start_effective_recovery_fraction: 0.0000
Metrics/motion/motion_start_effective_rsi_fraction: 0.0000
 Metrics/motion/motion_start_reset: 0.6562
Metrics/motion/motion_start_prestrike_reset: 0.0000
Metrics/motion/motion_start_recovery_reset: 0.0000
Metrics/motion/motion_start_rsi_reset: 0.0000
 Metrics/motion/single_cycle_reset: 0.0000
     Metrics/motion/motion_clip_id: 0.8125
Metrics/motion/motion_supplemental_clip: 0.0000
      Metrics/motion/stand_episode: 0.0000
Metrics/motion/default_stand_reset: 0.3438
Metrics/motion/error_body_pos_lower: 0.0880
Metrics/motion/error_body_rot_lower: 0.2901
Metrics/motion/error_body_lin_vel_lower: 0.0846
Metrics/motion/error_body_ang_vel_lower: 0.3673
Metrics/motion/reference_body_lin_speed_lower: 0.0141
Metrics/motion/robot_body_lin_speed_lower: 0.0786
Metrics/motion/error_body_pos_core: 0.0645
Metrics/motion/error_body_rot_core: 0.1422
Metrics/motion/error_body_lin_vel_core: 0.1023
Metrics/motion/error_body_ang_vel_core: 0.6725
Metrics/motion/reference_body_lin_speed_core: 0.0189
Metrics/motion/robot_body_lin_speed_core: 0.0945
Metrics/motion/error_body_pos_upper: 0.0907
Metrics/motion/error_body_rot_upper: 0.2796
Metrics/motion/error_body_lin_vel_upper: 0.3842
Metrics/motion/error_body_ang_vel_upper: 1.0660
Metrics/motion/reference_body_lin_speed_upper: 0.0525
Metrics/motion/robot_body_lin_speed_upper: 0.3926
Metrics/motion/error_joint_pos_waist: 0.1742
Metrics/motion/error_joint_vel_waist: 0.9434
Metrics/motion/reference_joint_speed_waist: 0.0120
Metrics/motion/error_joint_pos_arms: 0.9174
Metrics/motion/error_joint_vel_arms: 1.7497
Metrics/motion/reference_joint_speed_arms: 0.1104
Metrics/motion/error_joint_pos_legs: 0.5576
Metrics/motion/error_joint_vel_legs: 1.6265
Metrics/motion/reference_joint_speed_legs: 0.0056
Metrics/racket_target/racket_pos_error: 0.0864
Metrics/racket_target/racket_vel_error: 0.6970
Metrics/racket_target/time_to_strike: -0.6731
Metrics/racket_target/return_success: 0.5000
Metrics/racket_target/prev_return_success: 0.0000
Metrics/racket_target/prev_net_cross: 0.0000
Metrics/racket_target/current_net_cross: 0.5938
Metrics/racket_target/racket_pos_curriculum_scale: 0.3667
Metrics/racket_target/impact_inverse_command_blend: 0.0000
Metrics/racket_target/steps_since_target_resample: 107.7500
Metrics/racket_target/recovery_height_error: 0.0162
Metrics/racket_target/recovery_upright_error: 0.1298
Metrics/racket_target/recovery_base_lin_vel: 0.0798
Metrics/racket_target/recovery_base_ang_vel: 0.5897
Metrics/racket_target/recovery_station_error: 0.0376
Metrics/racket_target/recovery_feet_contact_frac: 1.0000
Metrics/racket_target/recovery_racket_speed: 0.7997
Metrics/racket_target/recovery_height_score: 0.9701
Metrics/racket_target/recovery_upright_score: 0.7640
Metrics/racket_target/recovery_lin_vel_score: 0.8660
Metrics/racket_target/recovery_ang_vel_score: 0.5282
Metrics/racket_target/recovery_station_score: 0.9599
Metrics/racket_target/recovery_racket_score: 0.4195
Metrics/racket_target/recovery_arm_score: 0.8664
Metrics/racket_target/recovery_ready_score: 0.8099
Metrics/racket_target/recovery_anchor_arm_score: 1.0000
Metrics/racket_target/recovery_core_ready_score: 0.7547
Metrics/racket_target/recovery_functional_ready_score: 0.6872
Metrics/racket_target/waist_action_overflow_rms: 0.0000
Metrics/racket_target/right_arm_action_overflow_rms: 0.0000
Metrics/racket_target/leg_action_overflow_rms: 0.0000
Metrics/racket_target/operational_margin_fraction: 0.0000
Metrics/racket_target/waist_operational_margin_fraction: 0.0000
Metrics/racket_target/right_arm_operational_margin_fraction: 0.0000
Metrics/racket_target/leg_operational_margin_fraction: 0.0000
Metrics/racket_target/waist_operational_excess_rms: 0.0000
Metrics/racket_target/right_arm_operational_excess_rms: 0.0000
Metrics/racket_target/leg_operational_excess_rms: 0.0000
Metrics/racket_target/q_des_velocity_violation_fraction: 0.0050
Metrics/racket_target/waist_q_des_velocity_violation_fraction: 0.0000
Metrics/racket_target/right_arm_q_des_velocity_violation_fraction: 0.0000
Metrics/racket_target/leg_q_des_velocity_violation_fraction: 0.0130
Metrics/racket_target/q_des_acceleration_violation_fraction: 0.4970
Metrics/racket_target/waist_q_des_acceleration_violation_fraction: 0.4688
Metrics/racket_target/right_arm_q_des_acceleration_violation_fraction: 0.4821
Metrics/racket_target/leg_q_des_acceleration_violation_fraction: 0.6641
Metrics/racket_target/waist_q_des_velocity_rms: 2.9440
Metrics/racket_target/right_arm_q_des_velocity_rms: 2.3247
Metrics/racket_target/leg_q_des_velocity_rms: 4.3459
Metrics/racket_target/waist_q_des_acceleration_rms: 202.9693
Metrics/racket_target/right_arm_q_des_acceleration_rms: 231.5187
Metrics/racket_target/leg_q_des_acceleration_rms: 349.7851
Metrics/racket_target/action_operational_feasibility_score: 1.0000
Metrics/racket_target/actuator_overflow_consecutive_steps: 0.0000
Metrics/racket_target/actuator_overflow_severe: 0.0000
Metrics/racket_target/recovery_phase_gate: 0.6562
Metrics/racket_target/recovery_phase_ready_score: 0.5722
Metrics/racket_target/recovery_contact_ready_score: 0.5722
Metrics/racket_target/recovery_net_ready_score: 0.5166
Metrics/racket_target/recovery_return_ready_score: 0.4373
Metrics/racket_target/cycle_success_ready_score: 0.0000
Metrics/racket_target/cycle_success_soft: 0.0000
Metrics/racket_target/cycle_success_binary: 0.0000
Metrics/racket_target/cycle_v2_pending: 0.0000
Metrics/racket_target/cycle_v2_attempt_latch: 0.0000
Metrics/racket_target/cycle_v2_ready_success_latch: 0.0000
Metrics/racket_target/cycle_v2_ready_fail_latch: 0.0000
Metrics/racket_target/cycle_v2_attempt_event: 0.0000
Metrics/racket_target/cycle_v2_ready_success_event: 0.0000
Metrics/racket_target/cycle_v2_ready_fail_event: 0.0000
Metrics/racket_target/cycle_v2_unresolved_resample_fail_event: 0.0000
Metrics/racket_target/cycle_v2_resolved_event: 0.0000
Metrics/racket_target/cycle_v2_command_visible_steps: 0.0000
Metrics/racket_target/cycle_v2_elapsed_steps: 0.0000
Metrics/racket_target/cycle_v2_ready_score: 0.0000
Metrics/racket_target/cycle_v2_ready_ok: 0.0000
Metrics/racket_target/cycle_v2_visible: 0.0000
Metrics/racket_target/cycle_v2_ready_score_ok: 0.0000
Metrics/racket_target/cycle_v2_height_ok: 0.0000
Metrics/racket_target/cycle_v2_upright_ok: 0.0000
Metrics/racket_target/cycle_v2_base_lin_vel_ok: 0.0000
Metrics/racket_target/cycle_v2_base_ang_vel_ok: 0.0000
Metrics/racket_target/cycle_v2_feet_ok: 0.0000
Metrics/racket_target/cycle_v2_core_ready_ok: 0.0000
Metrics/racket_target/cycle_v2_ready_consecutive_steps: 0.0000
Metrics/racket_target/single_cycle_bootstrap: 0.0000
Metrics/racket_target/single_cycle_swing_completed: 0.0000
Metrics/racket_target/single_cycle_recovery_active: 0.0000
Metrics/racket_target/single_cycle_recovery_elapsed_steps: 0.0000
Metrics/racket_target/single_cycle_ready_consecutive_steps: 0.0000
Metrics/racket_target/single_cycle_safe_timeout_event: 0.0000
Metrics/racket_target/single_cycle_deadline_timeout_event: 0.0000
Metrics/racket_target/single_cycle_timeout_latch: 0.0000
Metrics/racket_target/single_cycle_hard_failure_event: 0.0000
Metrics/racket_target/single_cycle_probability: 0.0000
Metrics/racket_target/single_cycle_curriculum_level: 0.0000
Metrics/racket_target/single_cycle_effective_deadline_steps: 100.0000
Metrics/racket_target/single_cycle_selected_events: 0.0000
Metrics/racket_target/single_cycle_completed_events: 0.0000
Metrics/racket_target/single_cycle_safe_timeout_events: 0.0000
Metrics/racket_target/single_cycle_deadline_timeout_events: 0.0000
Metrics/racket_target/single_cycle_hard_failure_events: 0.0000
Metrics/racket_target/active_ready_consecutive_steps: 0.0000
Metrics/racket_target/active_ready_success_event: 0.0000
Metrics/racket_target/active_ready_success_latch: 0.0000
Metrics/racket_target/active_ready_survival_steps: 0.0000
Metrics/racket_target/active_ready_survival_next_milestone: 0.0000
Metrics/racket_target/active_ready_survival_milestone_event: 0.0000
Metrics/racket_target/no_command_ready_active: 0.0000
Metrics/racket_target/no_command_from_stand_episode: 0.0000
Metrics/racket_target/no_command_from_default_stand_reset: 0.0000
Metrics/racket_target/no_command_ready_upright_ok: 0.0000
Metrics/racket_target/no_command_ready_motion_ok: 0.0000
Metrics/racket_target/no_command_ready_score: 0.0000
Metrics/racket_target/no_command_ready_progress: 0.0000
Metrics/racket_target/no_command_ready_station_error: 0.0000
Metrics/racket_target/no_command_ready_fixed_station_error: 0.0000
Metrics/racket_target/healthy_training_stage: 3.0000
Metrics/racket_target/healthy_stage_planted_rehearsal: 0.0000
Metrics/racket_target/healthy_stage_station_hold_seen: 0.0000
Metrics/racket_target/healthy_stage_station_arrived: 0.0000
Metrics/racket_target/healthy_stage_station_settled: 0.0000
Metrics/racket_target/healthy_stage_station_settle_steps: 0.0000
Metrics/racket_target/station_relocation_active: 0.0000
Metrics/racket_target/station_relocation_target_offset_y: 0.0000
Metrics/racket_target/station_relocation_error: 0.0000
Metrics/racket_target/station_relocation_arrival_event: 0.0000
Metrics/racket_target/station_relocation_settle_event: 0.0000
Metrics/racket_target/station_relocation_release_event: 0.0000
Metrics/racket_target/station_relocation_timeout_event: 0.0000
Metrics/racket_target/station_relocation_elapsed_steps: 0.0000
Metrics/racket_target/station_relocation_hold_deadline_steps: 0.0000
Metrics/racket_target/lifecycle_recovery_hold_active: 0.0000
Metrics/racket_target/lifecycle_recovery_release_success_event: 0.0000
Metrics/racket_target/lifecycle_recovery_release_fail_event: 0.0000
Metrics/racket_target/station_relocation_level: 0.0000
Metrics/racket_target/station_relocation_arrival_ema: 0.0000
Metrics/racket_target/station_relocation_settle_ema: 0.0000
Metrics/racket_target/station_relocation_contact_ema: 0.0000
Metrics/racket_target/station_relocation_safety_ema: 0.0000
Metrics/racket_target/station_relocation_resolved_events: 0.0000
Metrics/racket_target/station_relocation_terminal_reset_events: 0.0000
Metrics/racket_target/station_relocation_advance_streak: 0.0000
Metrics/racket_target/station_relocation_regress_streak: 0.0000
Metrics/racket_target/station_relocation_effective_max_lin_vel: 0.0000
Metrics/racket_target/station_relocation_effective_max_ang_vel: 0.0000
Metrics/racket_target/station_relocation_effective_min_settle_steps: 0.0000
Metrics/racket_target/ability_curriculum_level: 0.0000
Metrics/racket_target/ability_curriculum_scale: 0.3667
Metrics/racket_target/ability_curriculum_resolved_events: 0.0000
Metrics/racket_target/ability_curriculum_total_resolved_events: 0.0000
Metrics/racket_target/ability_curriculum_advance_streak: 0.0000
Metrics/racket_target/ability_curriculum_regress_streak: 0.0000
Metrics/racket_target/ability_contact_ema: 0.0000
Metrics/racket_target/ability_net_ema: 0.0000
Metrics/racket_target/ability_success_ema: 0.0000
Metrics/racket_target/ability_recovery_ema: 0.0000
Metrics/racket_target/ability_cycle_ema: 0.0000
Metrics/racket_target/ability_cycle_attempt_ema: 0.0000
Metrics/racket_target/ability_cycle_resolved_ema: 0.0000
Metrics/racket_target/ability_forehand_contact_ema: 0.0000
Metrics/racket_target/ability_forehand_net_ema: 0.0000
Metrics/racket_target/ability_forehand_success_ema: 0.0000
Metrics/racket_target/ability_backhand_contact_ema: 0.0000
Metrics/racket_target/ability_backhand_net_ema: 0.0000
Metrics/racket_target/ability_backhand_success_ema: 0.0000
Metrics/racket_target/ability_attempt_ema: 0.0000
Metrics/racket_target/ability_targeted_attempt_ema: 0.0000
Metrics/racket_target/impact_health_floor_progress: 0.0000
Metrics/racket_target/ability_safety_ema: 1.0000
Metrics/racket_target/ability_station_saturation_ema: 0.0000
Metrics/racket_target/ability_healthy_normal_ema: 0.0000
Metrics/racket_target/ability_station_arrival_ema: 0.0000
Metrics/racket_target/ability_station_settle_ema: 0.0000
Metrics/racket_target/planner_hit_plane_blend: 1.0000
Metrics/racket_target/planner_hit_plane_x_delta: 0.0011
Metrics/racket_target/true_strike_table_x: 0.1622
Metrics/racket_target/planner_target_table_x: 0.1622
Metrics/racket_target/workspace_level: 0.0000
Metrics/racket_target/workspace_fringe_sample: 0.0000
Metrics/racket_target/workspace_target_lateral_norm: 0.2131
Metrics/racket_target/workspace_target_table_y: -0.1540
Metrics/racket_target/workspace_playable_y_min: -0.7225
Metrics/racket_target/workspace_playable_y_max: 0.7225
Metrics/racket_target/workspace_active_y_lo: -0.0950
Metrics/racket_target/workspace_active_y_hi: 0.0250
Metrics/racket_target/workspace_motion_seed_blend: 1.0000
Metrics/racket_target/incoming_ball_horizontal_speed: 1.0169
Metrics/racket_target/incoming_ball_speed: 1.4252
Metrics/racket_target/incoming_ball_speed_curriculum_level: 0.0000
Metrics/racket_target/incoming_ball_speed_sample_low: 0.9000
Metrics/racket_target/incoming_ball_speed_sample_high: 1.2500
Metrics/racket_target/station_saturated: 0.0000
Metrics/racket_target/station_raw_clip_excess: 0.0000
Metrics/racket_target/station_saturated_x: 0.0000
Metrics/racket_target/station_saturated_y: 0.0000
Metrics/racket_target/station_raw_clip_excess_x: 0.0000
Metrics/racket_target/station_raw_clip_excess_y: 0.0000
Metrics/racket_target/current_swing_opportunity: 0.6562
Metrics/racket_target/current_swing_attempt: 0.6562
Metrics/racket_target/current_swing_targeted_attempt: 0.6562
Metrics/racket_target/prev_swing_targeted_attempt: 0.0000
Metrics/racket_target/current_swing_unsafe: 0.0000
Metrics/racket_target/current_swing_station_saturated: 0.0000
Metrics/racket_target/impact_health_score: 0.9789
Metrics/racket_target/impact_health_ok: 1.0000
Metrics/racket_target/impact_health_backlean_violation: 0.0000
Metrics/racket_target/impact_health_waist_backfold: 0.0000
Metrics/racket_target/impact_health_base_retreat: 0.0180
Metrics/racket_target/impact_health_torso_gravity_x: 0.2739
Metrics/racket_target/impact_health_torso_ang_vel: 0.2600
Metrics/racket_target/impact_health_com_x: 0.0220
Metrics/racket_target/impact_health_com_y: 0.0130
Metrics/racket_target/post_contact_ready_pending: 0.0000
Metrics/racket_target/post_contact_ready_elapsed_steps: 0.0000
Metrics/racket_target/post_contact_ready_consecutive_steps: 0.0000
Metrics/racket_target/post_contact_ready_diagnostic_pending: 0.0000
Metrics/racket_target/post_contact_ready_diagnostic_elapsed_steps: 0.0000
Metrics/racket_target/post_contact_ready_durable_pending: 0.0000
Metrics/racket_target/post_contact_ready_durable_consecutive_steps: 0.0000
Metrics/racket_target/post_contact_ready_durable_ready_now: 0.0000
Metrics/racket_target/post_contact_ready_durable_success_event: 0.0000
Metrics/racket_target/post_contact_ready_durable_fail_event: 0.0000
Metrics/racket_target/post_contact_ready_durable_resolution_success_rate: 0.0000
Metrics/racket_target/post_contact_ready_durable_resolution_fail_rate: 0.0000
Metrics/racket_target/post_contact_ready_durable_resolution_success_latency_steps: 0.0000
Metrics/racket_target/post_contact_ready_durable_resolution_fail_latency_steps: 0.0000
Metrics/racket_target/post_contact_ready_durable_fail_backlean_rate: 0.0000
Metrics/racket_target/post_contact_ready_durable_fail_forward_lean_rate: 0.0000
Metrics/racket_target/post_contact_ready_durable_fail_torso_ang_vel_rate: 0.0000
Metrics/racket_target/post_contact_ready_durable_fail_base_lin_vel_rate: 0.0000
Metrics/racket_target/post_contact_ready_durable_fail_base_ang_vel_rate: 0.0000
Metrics/racket_target/post_contact_ready_durable_fail_racket_speed_rate: 0.0000
Metrics/racket_target/post_contact_ready_durable_fail_height_rate: 0.0000
Metrics/racket_target/post_contact_ready_durable_fail_com_x_rate: 0.0000
Metrics/racket_target/post_contact_ready_durable_fail_com_y_rate: 0.0000
Metrics/racket_target/post_contact_ready_durable_fail_feet_rate: 0.0000
Metrics/racket_target/post_contact_ready_durable_fail_station_rate: 0.0000
Metrics/racket_target/post_contact_ready_durable_fail_arm_rate: 0.0000
Metrics/racket_target/post_contact_ready_terminal_window_active: 0.0000
Metrics/racket_target/post_contact_ready_terminal_quality: 0.0000
Metrics/racket_target/post_contact_ready_terminal_settlement_event: 0.0000
Metrics/racket_target/post_contact_ready_operational_ready_now: 0.0000
Metrics/racket_target/post_contact_ready_operational_consecutive_steps: 0.0000
Metrics/racket_target/post_contact_ready_safe_settlement_event: 0.0000
Metrics/racket_target/post_contact_ready_unsafe_settlement_event: 0.0000
Metrics/racket_target/post_contact_ready_incomplete_settlement_event: 0.0000
Metrics/racket_target/post_contact_ready_safe_net_cycle_event: 0.0000
Metrics/racket_target/post_contact_ready_terminal_quality_mean: 0.0000
Metrics/racket_target/post_contact_ready_safe_terminal_quality_mean: 0.0000
Metrics/racket_target/post_contact_ready_terminal_safe_rate: 0.0000
Metrics/racket_target/post_contact_ready_terminal_unsafe_rate: 0.0000
Metrics/racket_target/post_contact_ready_terminal_incomplete_rate: 0.0000
Metrics/racket_target/post_contact_ready_safe_net_cycle_rate: 0.0000
Metrics/racket_target/post_contact_ready_score: 0.0000
Metrics/racket_target/post_contact_ready_now: 0.0000
Metrics/racket_target/post_contact_ready_success_event: 0.0000
Metrics/racket_target/post_contact_ready_fail_event: 0.0000
Metrics/racket_target/post_contact_ready_outcome_tier: 0.0000
Metrics/racket_target/post_contact_ready_face_quality: 0.0000
Metrics/racket_target/post_contact_ready_safe_face_net_cycle_value: 0.0000
Metrics/racket_target/post_contact_ready_planner_speed_ratio: 0.0000
Metrics/racket_target/post_contact_ready_planner_direction_error_rad: 0.0000
Metrics/racket_target/post_contact_ready_planner_position_error: 0.0000
Metrics/racket_target/post_contact_ready_impact_health_score: 0.0000
Metrics/racket_target/post_contact_ready_peak_base_ang_vel: 0.0000
Metrics/racket_target/post_contact_ready_peak_ang_vel_excess_increment: 0.0000
Metrics/racket_target/post_contact_ready_envelope_violation_latch: 0.0000
Metrics/racket_target/post_contact_ready_envelope_violation_event: 0.0000
Metrics/racket_target/post_contact_ready_envelope_first_violation_step: 0.0000
Metrics/racket_target/post_contact_ready_envelope_attempts: 0.0000
Metrics/racket_target/post_contact_ready_envelope_violation_rate: 0.0000
Metrics/racket_target/post_contact_ready_envelope_tilt_violation_rate: 0.0000
Metrics/racket_target/post_contact_ready_envelope_pitch_violation_rate: 0.0000
Metrics/racket_target/post_contact_ready_envelope_com_violation_rate: 0.0000
Metrics/racket_target/post_contact_ready_envelope_waist_violation_rate: 0.0000
Metrics/racket_target/post_contact_ready_envelope_leg_violation_rate: 0.0000
Metrics/racket_target/post_contact_ready_envelope_base_ang_vel_violation_rate: 0.0000
Metrics/racket_target/post_contact_ready_resolution_success_rate: 0.0000
Metrics/racket_target/post_contact_ready_resolution_fail_rate: 0.0000
Metrics/racket_target/post_contact_ready_resolution_success_latency_steps: 0.0000
Metrics/racket_target/post_contact_ready_resolution_fail_latency_steps: 0.0000
Metrics/racket_target/post_contact_ready_max_tilt: 0.0000
Metrics/racket_target/post_contact_ready_max_abs_pitch: 0.0000
Metrics/racket_target/post_contact_ready_max_com_x: 0.0000
Metrics/racket_target/post_contact_ready_max_com_y: 0.0000
Metrics/racket_target/post_contact_ready_max_waist_overflow: 0.0000
Metrics/racket_target/post_contact_ready_max_leg_overflow: 0.0000
Metrics/racket_target/post_contact_ready_settlement_velocity_score_ema: 0.0000
Metrics/racket_target/post_contact_ready_settlement_position_gate_ema: 0.0000
Metrics/racket_target/post_contact_ready_settlement_health_gate_ema: 0.0000
Metrics/racket_target/post_contact_ready_settlement_recovery_gate_ema: 0.0000
Metrics/racket_target/post_contact_ready_settlement_total_score_ema: 0.0000
Metrics/racket_target/post_contact_recovery_backlean_error: 0.0000
Metrics/racket_target/post_contact_recovery_directional_progress: 0.0000
Metrics/racket_target/post_contact_ready_torso_ok: 0.0000
Metrics/racket_target/post_contact_ready_motion_ok: 0.0000
Metrics/racket_target/post_contact_ready_support_ok: 0.0000
Metrics/racket_target/post_contact_ready_arm_ok: 0.0000
Metrics/racket_target/post_contact_ready_base_lin_vel_ok: 0.0000
Metrics/racket_target/post_contact_ready_base_ang_vel_ok: 0.0000
Metrics/racket_target/post_contact_ready_racket_speed_ok: 0.0000
Metrics/racket_target/post_contact_ready_height_ok: 0.0000
Metrics/racket_target/post_contact_ready_com_x_ok: 0.0000
Metrics/racket_target/post_contact_ready_com_y_ok: 0.0000
Metrics/racket_target/post_contact_ready_feet_ok: 0.0000
Metrics/racket_target/post_contact_ready_station_ok: 0.0000
Metrics/racket_target/post_contact_ready_fail_torso: 0.0000
Metrics/racket_target/post_contact_ready_fail_base_lin_vel: 0.0000
Metrics/racket_target/post_contact_ready_fail_base_ang_vel: 0.0000
Metrics/racket_target/post_contact_ready_fail_racket_speed: 0.0000
Metrics/racket_target/post_contact_ready_fail_support: 0.0000
Metrics/racket_target/post_contact_ready_fail_arm: 0.0000
Metrics/racket_target/post_contact_ready_shadow_now: 0.0000
Metrics/racket_target/post_contact_ready_shadow_consecutive_steps: 0.0000
Metrics/racket_target/post_contact_ready_shadow_success_latch: 0.0000
Metrics/racket_target/post_contact_ready_curriculum_level: 0.0000
Metrics/racket_target/post_contact_ready_curriculum_fraction: 0.0000
Metrics/racket_target/post_contact_ready_curriculum_success_ema: 0.0000
Metrics/racket_target/post_contact_ready_curriculum_shadow_success_ema: 0.0000
Metrics/racket_target/post_contact_ready_curriculum_resolved_events: 0.0000
Metrics/racket_target/post_contact_ready_curriculum_successful_events: 0.0000
Metrics/racket_target/post_contact_ready_curriculum_targeted_attempt_ema: 0.0000
Metrics/racket_target/post_contact_ready_curriculum_return_success_ema: 0.0000
Metrics/racket_target/post_contact_ready_curriculum_completed_swings: 0.0000
Metrics/racket_target/post_contact_ready_curriculum_advance_streak: 0.0000
Metrics/racket_target/post_contact_ready_curriculum_advance_guard_ok: 0.0000
Metrics/racket_target/post_contact_ready_effective_max_torso_ang_vel: 0.0000
Metrics/racket_target/post_contact_ready_effective_max_base_lin_vel: 0.0000
Metrics/racket_target/post_contact_ready_effective_max_base_ang_vel: 0.0000
Metrics/racket_target/post_contact_ready_effective_max_racket_speed: 0.0000
Metrics/racket_target/post_contact_ready_effective_min_feet_contact: 0.0000
Metrics/racket_target/post_contact_ready_effective_required_consecutive_steps: 0.0000
Metrics/racket_target/post_contact_ready_effective_deadline_steps: 0.0000
Metrics/racket_target/post_contact_ready_curriculum_advance_threshold: 0.0000
Metrics/racket_target/post_contact_ready_curriculum_advance_min_events: 0.0000
Metrics/racket_target/post_contact_ready_curriculum_shadow_threshold: 0.0000
Metrics/racket_target/post_contact_ready_curriculum_min_targeted_attempt_ema: 0.0000
Metrics/racket_target/post_contact_ready_curriculum_min_return_success_ema: 0.0000
Metrics/racket_target/post_contact_ready_curriculum_min_completed_swings: 0.0000
Metrics/racket_target/post_contact_ready_curriculum_required_advance_checks: 0.0000
Metrics/racket_target/racket_normal_error_deg: 42.6391
Metrics/racket_target/impact_normal_error_deg: 4.8815
Metrics/racket_target/impact_racket_vel_error_mps: 0.1655
Metrics/racket_target/impact_racket_speed_ratio: 0.6957
Metrics/racket_target/impact_racket_vel_angle_deg: 4.1547
Metrics/racket_target/impact_racket_actual_vel_x: 0.8957
Metrics/racket_target/impact_racket_actual_vel_y: -0.1062
Metrics/racket_target/impact_racket_actual_vel_z: 1.0049
Metrics/racket_target/impact_racket_target_vel_x: 0.8646
Metrics/racket_target/impact_racket_target_vel_y: -0.1635
Metrics/racket_target/impact_racket_target_vel_z: 0.9406
Metrics/racket_target/impact_ball_out_error_mps: 1.2135
Metrics/racket_target/impact_face_radial_error_m: 0.0163
Metrics/racket_target/impact_face_normal_gap_m: 0.0359
Metrics/racket_target/impact_face_quality: 0.6562
Metrics/racket_target/impact_center_contact: 0.0000
Metrics/racket_target/impact_center_net_cross: 0.0000
Metrics/racket_target/impact_center_on_opponent: 0.0000
Metrics/racket_target/impact_rim_contact: 0.0000
Metrics/racket_target/impact_rim_net_cross: 0.0000
Metrics/racket_target/impact_rim_on_opponent: 0.0000
Metrics/racket_target/impact_analytic_outer_contact: 0.0000
Metrics/racket_target/impact_analytic_outer_net_cross: 0.0000
Metrics/racket_target/impact_analytic_outer_on_opponent: 0.0000
Metrics/racket_target/impact_planner_pos_error_m: 0.0398
Metrics/racket_target/impact_planner_vel_error_mps: 0.1655
Metrics/racket_target/impact_planner_speed_ratio: 0.6957
Metrics/racket_target/impact_planner_vel_angle_deg: 4.1547
Metrics/racket_target/impact_healthy_normal_ok: 0.0000
Metrics/racket_target/impact_healthy_contact: 0.0000
Metrics/racket_target/impact_healthy_net_cross: 0.0000
Metrics/racket_target/impact_healthy_on_opponent: 0.0000
Metrics/racket_target/current_swing_impact_health_score: 0.6415
Metrics/racket_target/current_swing_healthy_contact: 0.6562
Metrics/racket_target/current_swing_healthy_net_cross: 0.5938
Metrics/racket_target/current_swing_healthy_on_opponent: 0.5000
Metrics/racket_target/current_swing_healthy_normal_ok: 0.6562
Metrics/racket_target/current_swing_contact: 0.6562
Metrics/racket_target/current_swing_net_cross: 0.5938
Metrics/racket_target/current_swing_on_opponent: 0.5000
Metrics/racket_target/current_swing_center_contact: 0.6562
Metrics/racket_target/current_swing_center_net_cross: 0.5938
Metrics/racket_target/current_swing_center_on_opponent: 0.5000
Metrics/racket_target/current_swing_rim_contact: 0.0000
Metrics/racket_target/current_swing_rim_net_cross: 0.0000
Metrics/racket_target/current_swing_rim_on_opponent: 0.0000
Metrics/racket_target/current_swing_analytic_outer_contact: 0.0000
Metrics/racket_target/current_swing_analytic_outer_net_cross: 0.0000
Metrics/racket_target/current_swing_analytic_outer_on_opponent: 0.0000
Metrics/racket_target/cycle_v2_outcome_tier: -1.0000
Metrics/racket_target/cycle_v2_streak: 0.0000
Metrics/racket_target/closed_loop_recovery_trigger_event: 0.0000
Metrics/racket_target/closed_loop_cycle_success_event: 0.0000
Metrics/racket_target/closed_loop_durable_cycle_success_event: 0.0000
Metrics/racket_target/closed_loop_phase_id: 2.1875
Metrics/racket_target/closed_loop_phase_ready_no_command: 0.0000
Metrics/racket_target/closed_loop_phase_command_acquire: 0.0000
Metrics/racket_target/closed_loop_phase_pre_strike: 0.8125
Metrics/racket_target/closed_loop_phase_strike: 0.1875
Metrics/racket_target/closed_loop_phase_follow_through: 0.0000
Metrics/racket_target/closed_loop_phase_recovery: 0.0000
Metrics/racket_target/closed_loop_phase_next_ready: 0.0000
Metrics/racket_target/post_contact_phase_impact_0_100ms_attempts: 0.0000
Metrics/racket_target/post_contact_phase_impact_0_100ms_tilt_gt_0p1_rate: 0.0000
Metrics/racket_target/post_contact_phase_impact_0_100ms_pitch_gt_0p1_rate: 0.0000
Metrics/racket_target/post_contact_phase_impact_0_100ms_waist_overflow_gt_1p0_rate: 0.0000
Metrics/racket_target/post_contact_phase_impact_0_100ms_base_ang_vel_gt_0p8_rate: 0.0000
Metrics/racket_target/post_contact_phase_brake_100_300ms_attempts: 0.0000
Metrics/racket_target/post_contact_phase_brake_100_300ms_tilt_gt_0p1_rate: 0.0000
Metrics/racket_target/post_contact_phase_brake_100_300ms_pitch_gt_0p1_rate: 0.0000
Metrics/racket_target/post_contact_phase_brake_100_300ms_waist_overflow_gt_1p0_rate: 0.0000
Metrics/racket_target/post_contact_phase_brake_100_300ms_base_ang_vel_gt_0p8_rate: 0.0000
Metrics/racket_target/post_contact_phase_settle_300_600ms_attempts: 0.0000
Metrics/racket_target/post_contact_phase_settle_300_600ms_tilt_gt_0p1_rate: 0.0000
Metrics/racket_target/post_contact_phase_settle_300_600ms_pitch_gt_0p1_rate: 0.0000
Metrics/racket_target/post_contact_phase_settle_300_600ms_waist_overflow_gt_1p0_rate: 0.0000
Metrics/racket_target/post_contact_phase_settle_300_600ms_base_ang_vel_gt_0p8_rate: 0.0000
Metrics/racket_target/post_contact_phase_ready_after_600ms_attempts: 0.0000
Metrics/racket_target/post_contact_phase_ready_after_600ms_tilt_gt_0p1_rate: 0.0000
Metrics/racket_target/post_contact_phase_ready_after_600ms_pitch_gt_0p1_rate: 0.0000
Metrics/racket_target/post_contact_phase_ready_after_600ms_waist_overflow_gt_1p0_rate: 0.0000
Metrics/racket_target/post_contact_phase_ready_after_600ms_base_ang_vel_gt_0p8_rate: 0.0000
Metrics/racket_target/physical_contact_health_score: 0.0000
Metrics/racket_target/physical_recovery_pending: 0.0000
Metrics/racket_target/physical_recovery_tier: 0.0000
Metrics/racket_target/physical_recovery_success_event: 0.0000
Metrics/racket_target/physical_recovery_failure_event: 0.0000
Metrics/racket_target/physical_ability_level: 0.0000
Metrics/racket_target/physical_ability_batch_events: 15.6562
Metrics/racket_target/physical_ability_contact_ema: 0.0000
Metrics/racket_target/physical_ability_net_ema: 0.0000
Metrics/racket_target/physical_ability_bounce_ema: 0.0000
Metrics/racket_target/physical_ability_recovery_ema: 0.0000
Metrics/racket_target/physical_ability_safety_ema: 0.0000
Metrics/racket_target/base_pitch_like_signed: -0.1247
Metrics/racket_target/base_backward_velocity: 0.0084
Metrics/racket_target/waist_action_rms: 0.2790
Metrics/racket_target/right_arm_action_rms: 3.4292
Metrics/racket_target/leg_action_rms: 0.3650
Metrics/racket_target/action_abs_max: 6.4208
Metrics/racket_target/applied_action_abs_max: 6.4208
Metrics/racket_target/leg_action_abs_max: 0.6652
Metrics/racket_target/effective_action_abs_max: 6.4208
Metrics/racket_target/action_clamp_fraction: 0.0000
Metrics/racket_target/waist_action_clamp_fraction: 0.0000
Metrics/racket_target/right_arm_action_clamp_fraction: 0.0000
Metrics/racket_target/leg_action_clamp_fraction: 0.0000
Metrics/racket_target/waist_q_tracking_error_rms: 0.3619
Metrics/racket_target/right_arm_q_tracking_error_rms: 0.1268
Metrics/racket_target/leg_q_tracking_error_rms: 0.1783
Metrics/racket_target/waist_torque_clip_fraction: 0.0000
Metrics/racket_target/right_arm_torque_clip_fraction: 0.0000
Metrics/racket_target/leg_torque_clip_fraction: 0.0000
Metrics/racket_target/waist_action_delta_rms: 0.1126
Metrics/racket_target/right_arm_action_delta_rms: 0.2181
Metrics/racket_target/leg_action_delta_rms: 0.1726
Metrics/racket_target/waist_joint_vel_rms: 0.5496
Metrics/racket_target/right_arm_joint_vel_rms: 0.5477
Metrics/racket_target/leg_joint_vel_rms: 0.4675
Metrics/racket_target/recovery_leg_action_abs_max: 0.4274
Metrics/racket_target/recovery_leg_action_delta_rms: 0.1028
Metrics/racket_target/recovery_leg_joint_vel_rms: 0.2771
     Metrics/physical_shadow/phase: 2.3125
Metrics/physical_shadow/route_valid: 0.7812
Metrics/physical_shadow/serve_event: 0.0000
Metrics/physical_shadow/incoming_bounce_event: 0.0000
Metrics/physical_shadow/contact_event: 0.0000
Metrics/physical_shadow/net_cross_event: 0.0000
Metrics/physical_shadow/outgoing_landing_event: 0.0000
Metrics/physical_shadow/opponent_bounce_event: 0.0000
Metrics/physical_shadow/landing_short_event: 0.0000
Metrics/physical_shadow/landing_long_event: 0.0000
Metrics/physical_shadow/landing_side_event: 0.0000
Metrics/physical_shadow/landing_no_net_event: 0.0000
Metrics/physical_shadow/abort_event: 0.0000
Metrics/physical_shadow/timeout_event: 0.0000
Metrics/physical_shadow/route_unalignable_event: 0.0000
Metrics/physical_shadow/route_invalid_event: 0.0000
Metrics/physical_shadow/incoming_net_collision_event: 0.0000
Metrics/physical_shadow/reset_abort_event: 0.0000
Metrics/physical_shadow/incoming_bounce_latch: 0.7812
Metrics/physical_shadow/contact_latch: 0.3750
Metrics/physical_shadow/net_cross_latch: 0.3750
Metrics/physical_shadow/opponent_bounce_latch: 0.3750
Metrics/physical_shadow/launch_timing_error_s: 0.0026
Metrics/physical_shadow/contact_true_target_error: 0.0251
Metrics/physical_shadow/contact_planner_position_error: 0.0125
Metrics/physical_shadow/contact_planner_velocity_error: 0.1182
Metrics/physical_shadow/contact_planner_velocity_direction_error_deg: 2.8408
Metrics/physical_shadow/contact_planner_normal_error_deg: 2.8646
Metrics/physical_shadow/contact_outgoing_velocity_error: 0.4437
Metrics/physical_shadow/contact_outgoing_speed: 1.2821
Metrics/physical_shadow/contact_target_outgoing_speed: 1.4072
Metrics/physical_shadow/contact_outgoing_speed_ratio: 0.3423
Metrics/physical_shadow/contact_outgoing_direction_error_deg: 6.8012
Metrics/physical_shadow/contact_outgoing_velocity_x: 0.7794
Metrics/physical_shadow/contact_outgoing_velocity_y: 0.0025
Metrics/physical_shadow/contact_outgoing_velocity_z: 1.0123
Metrics/physical_shadow/contact_target_outgoing_velocity_x: 1.1516
Metrics/physical_shadow/contact_target_outgoing_velocity_y: 0.0657
Metrics/physical_shadow/contact_target_outgoing_velocity_z: 0.7952
Metrics/physical_shadow/contact_incoming_velocity_error: 0.0592
Metrics/physical_shadow/contact_incoming_velocity_direction_error_deg: 2.3801
Metrics/physical_shadow/contact_route_incoming_velocity_error: 0.0169
Metrics/physical_shadow/contact_route_incoming_velocity_direction_error_deg: 0.6834
Metrics/physical_shadow/contact_actual_route_incoming_velocity_error: 0.0440
Metrics/physical_shadow/contact_command_normal_only_error: 0.6125
Metrics/physical_shadow/contact_command_training_model_error: 0.5970
Metrics/physical_shadow/contact_command_physics_model_error: 0.5594
Metrics/physical_shadow/contact_actual_training_model_residual: 0.4378
Metrics/physical_shadow/contact_actual_physics_model_residual: 0.3832
Metrics/physical_shadow/contact_actual_normal_only_model_residual: 0.4615
Metrics/physical_shadow/contact_actual_training_predicted_target_error: 0.7389
Metrics/physical_shadow/contact_actual_physics_predicted_target_error: 0.6776
Metrics/physical_shadow/contact_actual_normal_only_predicted_target_error: 0.7645
Metrics/physical_shadow/contact_force_direction_valid: 0.0000
Metrics/physical_shadow/contact_force_vs_racket_normal_angle_deg: 0.0019
Metrics/physical_shadow/contact_actual_force_direction_model_residual: 0.3832
Metrics/physical_shadow/contact_actual_force_direction_predicted_target_error: 0.6776
Metrics/physical_shadow/contact_physx_data_valid: 0.3750
Metrics/physical_shadow/contact_physx_force: 2.0002
Metrics/physical_shadow/contact_physx_separation: -0.0003
Metrics/physical_shadow/contact_physx_normal_error_deg: 5.7682
Metrics/physical_shadow/contact_physx_point_radial_error: 0.0153
Metrics/physical_shadow/contact_actual_physx_normal_model_residual: 0.2940
Metrics/physical_shadow/contact_actual_physx_normal_predicted_target_error: 0.3986
Metrics/physical_shadow/contact_physx_substep_valid: 0.3750
Metrics/physical_shadow/contact_physx_substep_normal_error_deg: 4.7091
Metrics/physical_shadow/contact_physx_substep_point_radial_error: 0.0149
Metrics/physical_shadow/contact_physx_substep_point_normal_offset: 0.0058
Metrics/physical_shadow/contact_physx_patch_substeps: 0.3750
Metrics/physical_shadow/contact_physx_normal_impulse: 0.0050
Metrics/physical_shadow/contact_physx_capture_lag_s: 0.0073
Metrics/physical_shadow/contact_physx_contact_point_speed_delta: 0.0798
Metrics/physical_shadow/contact_physx_substep_link_model_residual: 0.2014
Metrics/physical_shadow/contact_physx_substep_point_model_residual: 0.1608
Metrics/physical_shadow/contact_physx_substep_outgoing_target_error: 0.4782
Metrics/physical_shadow/contact_physx_measured_restitution: 0.2450
Metrics/physical_shadow/contact_physx_pre_ball_speed: 0.5212
Metrics/physical_shadow/contact_physx_post_ball_speed: 1.3402
Metrics/physical_shadow/contact_physx_point_x: 6.9998
Metrics/physical_shadow/contact_physx_point_y: -7.9062
Metrics/physical_shadow/contact_physx_point_z: 0.4562
Metrics/physical_shadow/contact_physx_normal_x: 0.2603
Metrics/physical_shadow/contact_physx_normal_y: 0.0092
Metrics/physical_shadow/contact_physx_normal_z: 0.2682
Metrics/physical_shadow/contact_physx_pre_ball_velocity_x: -0.3486
Metrics/physical_shadow/contact_physx_pre_ball_velocity_y: -0.0201
Metrics/physical_shadow/contact_physx_pre_ball_velocity_z: -0.3864
Metrics/physical_shadow/contact_physx_post_ball_velocity_x: 0.7844
Metrics/physical_shadow/contact_physx_post_ball_velocity_y: 0.0025
Metrics/physical_shadow/contact_physx_post_ball_velocity_z: 1.0812
Metrics/physical_shadow/contact_physx_pre_racket_point_velocity_x: 0.3672
Metrics/physical_shadow/contact_physx_pre_racket_point_velocity_y: -0.0536
Metrics/physical_shadow/contact_physx_pre_racket_point_velocity_z: 0.4878
Metrics/physical_shadow/contact_physx_post_racket_point_velocity_x: 0.3627
Metrics/physical_shadow/contact_physx_post_racket_point_velocity_y: -0.0530
Metrics/physical_shadow/contact_physx_post_racket_point_velocity_z: 0.4772
Metrics/physical_shadow/contact_physx_pre_ball_angular_velocity_x: 1.7047
Metrics/physical_shadow/contact_physx_pre_ball_angular_velocity_y: -31.2887
Metrics/physical_shadow/contact_physx_pre_ball_angular_velocity_z: -0.0000
Metrics/physical_shadow/contact_physx_post_ball_angular_velocity_x: -0.8816
Metrics/physical_shadow/contact_physx_post_ball_angular_velocity_y: -6.2797
Metrics/physical_shadow/contact_physx_post_ball_angular_velocity_z: 1.7671
Metrics/physical_shadow/contact_physx_pre_ball_surface_tangent_speed: 0.6998
Metrics/physical_shadow/contact_physx_post_ball_spin_speed: 7.0505
Metrics/physical_shadow/contact_impact_normal_error_deg: 2.8646
Metrics/physical_shadow/contact_wire_impact_normal_gap_deg: 0.0026
Metrics/physical_shadow/contact_face_radial_error: 0.0122
Metrics/physical_shadow/contact_time_to_strike: -0.0094
Metrics/physical_shadow/landing_target_error: 0.1945
Metrics/physical_shadow/landing_target_x_error: -0.1820
Metrics/physical_shadow/landing_target_y_error: -0.0386
Metrics/physical_shadow/landing_position_x: 7.5019
Metrics/physical_shadow/landing_position_y: -7.9048
Metrics/physical_shadow/minimum_ball_racket_distance: 0.1523
      Episode_Termination/time_out: 1.0000
  Episode_Termination/base_too_low: 0.0000
   Episode_Termination/base_tilted: 0.0000
   Episode_Termination/table_touch: 0.0000
Episode_Termination/persistent_action_overflow: 0.0000
--------------------------------------------------------------------------------
                   Total timesteps: 16384
                    Iteration time: 3.08s
                      Time elapsed: 00:00:12
                               ETA: 00:00:15

################################################################################
                        [1m Learning iteration 4/8 [0m                        

                       Computation: 1089 steps/s (collection: 3.714s, learning 0.047s)
             Mean action noise std: 0.10
          Mean value_function loss: 0.0666
               Mean surrogate loss: -0.0139
                 Mean entropy loss: -27.3925
        Mean actor_anchor_rms loss: 0.0001
Mean actor_anchor_relative_l2 loss: 0.0019
 Mean actor_anchor_exempt_rms loss: 0.0000
                       Mean reward: 4.10
               Mean episode length: 90.73
 Episode_Reward/undesired_contacts: -0.0000
  Episode_Reward/feet_contact_slip: -0.0005
     Episode_Reward/table_no_touch: -0.0000
              Episode_Reward/alive: 0.0047
            Episode_Reward/upright: -0.0025
          Episode_Reward/imitation: 0.1405
    Episode_Reward/racket_position: 0.0155
    Episode_Reward/racket_velocity: 0.0082
Episode_Reward/planner_racket_task_space_crossfade: 0.1072
    Episode_Reward/blade_direction: 0.0085
Episode_Reward/healthy_trunk_support: 0.0541
 Episode_Reward/pre_strike_station: 0.0161
    Episode_Reward/recovery_health: 0.0615
Episode_Reward/no_command_ready_stability: 0.0038
Episode_Reward/post_strike_base_ang_vel: 0.0079
Episode_Reward/phase_action_overflow: -0.0001
     Episode_Reward/strike_balance: 0.0060
Episode_Reward/prestrike_station_progress: 0.0015
 Episode_Reward/lower_body_support: 0.0316
Episode_Reward/termination_penalty: -0.0006
Episode_Reward/phase_action_rate_waist: -0.0001
Episode_Reward/phase_action_rate_upper: -0.0001
Episode_Reward/phase_action_rate_legs: -0.0001
        Episode_Reward/joint_limit: -0.0090
Episode_Reward/prestrike_racket_progress: 0.0515
Episode_Reward/near_impact_planner_velocity_progress: 0.0160
Episode_Reward/operational_joint_margin: -0.0035
  Episode_Reward/joint_target_slew: -0.0067
Episode_Reward/actuator_waist_feasibility: -0.0000
Episode_Reward/actuator_right_arm_feasibility: -0.0000
Episode_Reward/actuator_leg_feasibility: -0.0000
Episode_Reward/physical_outcome_events: 0.0110
Episode_Reward/physical_recovery_settlement: 0.0041
Episode_Reward/physical_capability_curriculum: 0.0000
    Metrics/motion/error_joint_pos: 1.2609
    Metrics/motion/error_joint_vel: 4.1225
     Metrics/motion/error_body_pos: 0.1072
     Metrics/motion/error_body_rot: 0.3907
       Metrics/motion/motion_phase: 0.6084
            Metrics/motion/in_hold: 0.2188
Metrics/motion/motion_start_warmup_prob: 0.7500
Metrics/motion/motion_start_lifecycle_progress: 0.0000
Metrics/motion/motion_start_effective_prestrike_fraction: 1.0000
Metrics/motion/motion_start_effective_recovery_fraction: 0.0000
Metrics/motion/motion_start_effective_rsi_fraction: 0.0000
 Metrics/motion/motion_start_reset: 0.4062
Metrics/motion/motion_start_prestrike_reset: 0.0000
Metrics/motion/motion_start_recovery_reset: 0.0000
Metrics/motion/motion_start_rsi_reset: 0.0000
 Metrics/motion/single_cycle_reset: 0.0000
     Metrics/motion/motion_clip_id: 0.7969
Metrics/motion/motion_supplemental_clip: 0.0000
      Metrics/motion/stand_episode: 0.0312
Metrics/motion/default_stand_reset: 0.4062
Metrics/motion/error_body_pos_lower: 0.1031
Metrics/motion/error_body_rot_lower: 0.3819
Metrics/motion/error_body_lin_vel_lower: 0.0931
Metrics/motion/error_body_ang_vel_lower: 0.4435
Metrics/motion/reference_body_lin_speed_lower: 0.0104
Metrics/motion/robot_body_lin_speed_lower: 0.0897
Metrics/motion/error_body_pos_core: 0.0679
Metrics/motion/error_body_rot_core: 0.2493
Metrics/motion/error_body_lin_vel_core: 0.1456
Metrics/motion/error_body_ang_vel_core: 0.9420
Metrics/motion/reference_body_lin_speed_core: 0.0092
Metrics/motion/robot_body_lin_speed_core: 0.1466
Metrics/motion/error_body_pos_upper: 0.1245
Metrics/motion/error_body_rot_upper: 0.4465
Metrics/motion/error_body_lin_vel_upper: 0.6742
Metrics/motion/error_body_ang_vel_upper: 1.9915
Metrics/motion/reference_body_lin_speed_upper: 0.0172
Metrics/motion/robot_body_lin_speed_upper: 0.6743
Metrics/motion/error_joint_pos_waist: 0.3069
Metrics/motion/error_joint_vel_waist: 1.4266
Metrics/motion/reference_joint_speed_waist: 0.0084
Metrics/motion/error_joint_pos_arms: 1.0349
Metrics/motion/error_joint_vel_arms: 3.1993
Metrics/motion/reference_joint_speed_arms: 0.0455
Metrics/motion/error_joint_pos_legs: 0.6090
Metrics/motion/error_joint_vel_legs: 1.7445
Metrics/motion/reference_joint_speed_legs: 0.0027
Metrics/racket_target/racket_pos_error: 0.1078
Metrics/racket_target/racket_vel_error: 1.1291
Metrics/racket_target/time_to_strike: -0.6534
Metrics/racket_target/return_success: 0.2344
Metrics/racket_target/prev_return_success: 0.0312
Metrics/racket_target/prev_net_cross: 0.0312
Metrics/racket_target/current_net_cross: 0.4844
Metrics/racket_target/racket_pos_curriculum_scale: 0.3667
Metrics/racket_target/impact_inverse_command_blend: 0.0000
Metrics/racket_target/steps_since_target_resample: 109.5000
Metrics/racket_target/recovery_height_error: 0.0276
Metrics/racket_target/recovery_upright_error: 0.1002
Metrics/racket_target/recovery_base_lin_vel: 0.1178
Metrics/racket_target/recovery_base_ang_vel: 0.6441
Metrics/racket_target/recovery_station_error: 0.0684
Metrics/racket_target/recovery_feet_contact_frac: 0.9844
Metrics/racket_target/recovery_racket_speed: 1.2865
Metrics/racket_target/recovery_height_score: 0.9294
Metrics/racket_target/recovery_upright_score: 0.8740
Metrics/racket_target/recovery_lin_vel_score: 0.8030
Metrics/racket_target/recovery_ang_vel_score: 0.5289
Metrics/racket_target/recovery_station_score: 0.9230
Metrics/racket_target/recovery_racket_score: 0.3290
Metrics/racket_target/recovery_arm_score: 0.7753
Metrics/racket_target/recovery_ready_score: 0.7966
Metrics/racket_target/recovery_anchor_arm_score: 1.0000
Metrics/racket_target/recovery_core_ready_score: 0.7489
Metrics/racket_target/recovery_functional_ready_score: 0.6699
Metrics/racket_target/waist_action_overflow_rms: 0.0000
Metrics/racket_target/right_arm_action_overflow_rms: 0.0204
Metrics/racket_target/leg_action_overflow_rms: 0.0127
Metrics/racket_target/operational_margin_fraction: 0.0050
Metrics/racket_target/waist_operational_margin_fraction: 0.0000
Metrics/racket_target/right_arm_operational_margin_fraction: 0.0089
Metrics/racket_target/leg_operational_margin_fraction: 0.0078
Metrics/racket_target/waist_operational_excess_rms: 0.0000
Metrics/racket_target/right_arm_operational_excess_rms: 0.0024
Metrics/racket_target/leg_operational_excess_rms: 0.0063
Metrics/racket_target/q_des_velocity_violation_fraction: 0.0181
Metrics/racket_target/waist_q_des_velocity_violation_fraction: 0.0000
Metrics/racket_target/right_arm_q_des_velocity_violation_fraction: 0.0045
Metrics/racket_target/leg_q_des_velocity_violation_fraction: 0.0417
Metrics/racket_target/q_des_acceleration_violation_fraction: 0.4788
Metrics/racket_target/waist_q_des_acceleration_violation_fraction: 0.4062
Metrics/racket_target/right_arm_q_des_acceleration_violation_fraction: 0.5268
Metrics/racket_target/leg_q_des_acceleration_violation_fraction: 0.5911
Metrics/racket_target/waist_q_des_velocity_rms: 3.3291
Metrics/racket_target/right_arm_q_des_velocity_rms: 4.1952
Metrics/racket_target/leg_q_des_velocity_rms: 5.0638
Metrics/racket_target/waist_q_des_acceleration_rms: 205.9499
Metrics/racket_target/right_arm_q_des_acceleration_rms: 293.6761
Metrics/racket_target/leg_q_des_acceleration_rms: 404.6839
Metrics/racket_target/action_operational_feasibility_score: 0.9629
Metrics/racket_target/actuator_overflow_consecutive_steps: 0.0000
Metrics/racket_target/actuator_overflow_severe: 0.0000
Metrics/racket_target/recovery_phase_gate: 1.0000
Metrics/racket_target/recovery_phase_ready_score: 0.7966
Metrics/racket_target/recovery_contact_ready_score: 0.6690
Metrics/racket_target/recovery_net_ready_score: 0.4069
Metrics/racket_target/recovery_return_ready_score: 0.1690
Metrics/racket_target/cycle_success_ready_score: 0.0000
Metrics/racket_target/cycle_success_soft: 0.0000
Metrics/racket_target/cycle_success_binary: 0.0000
Metrics/racket_target/cycle_v2_pending: 0.0000
Metrics/racket_target/cycle_v2_attempt_latch: 0.0000
Metrics/racket_target/cycle_v2_ready_success_latch: 0.0000
Metrics/racket_target/cycle_v2_ready_fail_latch: 0.0000
Metrics/racket_target/cycle_v2_attempt_event: 0.0000
Metrics/racket_target/cycle_v2_ready_success_event: 0.0000
Metrics/racket_target/cycle_v2_ready_fail_event: 0.0000
Metrics/racket_target/cycle_v2_unresolved_resample_fail_event: 0.0000
Metrics/racket_target/cycle_v2_resolved_event: 0.0000
Metrics/racket_target/cycle_v2_command_visible_steps: 0.0000
Metrics/racket_target/cycle_v2_elapsed_steps: 0.0000
Metrics/racket_target/cycle_v2_ready_score: 0.0000
Metrics/racket_target/cycle_v2_ready_ok: 0.0000
Metrics/racket_target/cycle_v2_visible: 0.0000
Metrics/racket_target/cycle_v2_ready_score_ok: 0.0000
Metrics/racket_target/cycle_v2_height_ok: 0.0000
Metrics/racket_target/cycle_v2_upright_ok: 0.0000
Metrics/racket_target/cycle_v2_base_lin_vel_ok: 0.0000
Metrics/racket_target/cycle_v2_base_ang_vel_ok: 0.0000
Metrics/racket_target/cycle_v2_feet_ok: 0.0000
Metrics/racket_target/cycle_v2_core_ready_ok: 0.0000
Metrics/racket_target/cycle_v2_ready_consecutive_steps: 0.0000
Metrics/racket_target/single_cycle_bootstrap: 0.0000
Metrics/racket_target/single_cycle_swing_completed: 0.0000
Metrics/racket_target/single_cycle_recovery_active: 0.0000
Metrics/racket_target/single_cycle_recovery_elapsed_steps: 0.0000
Metrics/racket_target/single_cycle_ready_consecutive_steps: 0.0000
Metrics/racket_target/single_cycle_safe_timeout_event: 0.0000
Metrics/racket_target/single_cycle_deadline_timeout_event: 0.0000
Metrics/racket_target/single_cycle_timeout_latch: 0.0000
Metrics/racket_target/single_cycle_hard_failure_event: 0.0000
Metrics/racket_target/single_cycle_probability: 0.0000
Metrics/racket_target/single_cycle_curriculum_level: 0.0000
Metrics/racket_target/single_cycle_effective_deadline_steps: 100.0000
Metrics/racket_target/single_cycle_selected_events: 0.0000
Metrics/racket_target/single_cycle_completed_events: 0.0000
Metrics/racket_target/single_cycle_safe_timeout_events: 0.0000
Metrics/racket_target/single_cycle_deadline_timeout_events: 0.0000
Metrics/racket_target/single_cycle_hard_failure_events: 0.0000
Metrics/racket_target/active_ready_consecutive_steps: 0.0000
Metrics/racket_target/active_ready_success_event: 0.0000
Metrics/racket_target/active_ready_success_latch: 0.0000
Metrics/racket_target/active_ready_survival_steps: 0.0000
Metrics/racket_target/active_ready_survival_next_milestone: 0.0000
Metrics/racket_target/active_ready_survival_milestone_event: 0.0000
Metrics/racket_target/no_command_ready_active: 0.0625
Metrics/racket_target/no_command_from_stand_episode: 0.0312
Metrics/racket_target/no_command_from_default_stand_reset: 0.0312
Metrics/racket_target/no_command_ready_upright_ok: 0.0312
Metrics/racket_target/no_command_ready_motion_ok: 0.0000
Metrics/racket_target/no_command_ready_score: 0.0241
Metrics/racket_target/no_command_ready_progress: -0.0012
Metrics/racket_target/no_command_ready_station_error: 0.0279
Metrics/racket_target/no_command_ready_fixed_station_error: 0.0279
Metrics/racket_target/healthy_training_stage: 3.0000
Metrics/racket_target/healthy_stage_planted_rehearsal: 0.0000
Metrics/racket_target/healthy_stage_station_hold_seen: 0.0000
Metrics/racket_target/healthy_stage_station_arrived: 0.0000
Metrics/racket_target/healthy_stage_station_settled: 0.0000
Metrics/racket_target/healthy_stage_station_settle_steps: 0.0000
Metrics/racket_target/station_relocation_active: 0.0000
Metrics/racket_target/station_relocation_target_offset_y: 0.0000
Metrics/racket_target/station_relocation_error: 0.0000
Metrics/racket_target/station_relocation_arrival_event: 0.0000
Metrics/racket_target/station_relocation_settle_event: 0.0000
Metrics/racket_target/station_relocation_release_event: 0.0000
Metrics/racket_target/station_relocation_timeout_event: 0.0000
Metrics/racket_target/station_relocation_elapsed_steps: 0.0000
Metrics/racket_target/station_relocation_hold_deadline_steps: 0.0000
Metrics/racket_target/lifecycle_recovery_hold_active: 0.0000
Metrics/racket_target/lifecycle_recovery_release_success_event: 0.0000
Metrics/racket_target/lifecycle_recovery_release_fail_event: 0.0000
Metrics/racket_target/station_relocation_level: 0.0000
Metrics/racket_target/station_relocation_arrival_ema: 0.0000
Metrics/racket_target/station_relocation_settle_ema: 0.0000
Metrics/racket_target/station_relocation_contact_ema: 0.0000
Metrics/racket_target/station_relocation_safety_ema: 0.0000
Metrics/racket_target/station_relocation_resolved_events: 0.0000
Metrics/racket_target/station_relocation_terminal_reset_events: 0.0000
Metrics/racket_target/station_relocation_advance_streak: 0.0000
Metrics/racket_target/station_relocation_regress_streak: 0.0000
Metrics/racket_target/station_relocation_effective_max_lin_vel: 0.0000
Metrics/racket_target/station_relocation_effective_max_ang_vel: 0.0000
Metrics/racket_target/station_relocation_effective_min_settle_steps: 0.0000
Metrics/racket_target/ability_curriculum_level: 0.0000
Metrics/racket_target/ability_curriculum_scale: 0.3667
Metrics/racket_target/ability_curriculum_resolved_events: 0.0000
Metrics/racket_target/ability_curriculum_total_resolved_events: 0.0000
Metrics/racket_target/ability_curriculum_advance_streak: 0.0000
Metrics/racket_target/ability_curriculum_regress_streak: 0.0000
Metrics/racket_target/ability_contact_ema: 0.0000
Metrics/racket_target/ability_net_ema: 0.0000
Metrics/racket_target/ability_success_ema: 0.0000
Metrics/racket_target/ability_recovery_ema: 0.0000
Metrics/racket_target/ability_cycle_ema: 0.0000
Metrics/racket_target/ability_cycle_attempt_ema: 0.0000
Metrics/racket_target/ability_cycle_resolved_ema: 0.0000
Metrics/racket_target/ability_forehand_contact_ema: 0.0000
Metrics/racket_target/ability_forehand_net_ema: 0.0000
Metrics/racket_target/ability_forehand_success_ema: 0.0000
Metrics/racket_target/ability_backhand_contact_ema: 0.0000
Metrics/racket_target/ability_backhand_net_ema: 0.0000
Metrics/racket_target/ability_backhand_success_ema: 0.0000
Metrics/racket_target/ability_attempt_ema: 0.0000
Metrics/racket_target/ability_targeted_attempt_ema: 0.0000
Metrics/racket_target/impact_health_floor_progress: 0.0000
Metrics/racket_target/ability_safety_ema: 1.0000
Metrics/racket_target/ability_station_saturation_ema: 0.0000
Metrics/racket_target/ability_healthy_normal_ema: 0.0000
Metrics/racket_target/ability_station_arrival_ema: 0.0000
Metrics/racket_target/ability_station_settle_ema: 0.0000
Metrics/racket_target/planner_hit_plane_blend: 1.0000
Metrics/racket_target/planner_hit_plane_x_delta: -0.0008
Metrics/racket_target/true_strike_table_x: 0.1605
Metrics/racket_target/planner_target_table_x: 0.1605
Metrics/racket_target/workspace_level: 0.0000
Metrics/racket_target/workspace_fringe_sample: 0.0000
Metrics/racket_target/workspace_target_lateral_norm: 0.2226
Metrics/racket_target/workspace_target_table_y: -0.1608
Metrics/racket_target/workspace_playable_y_min: -0.7225
Metrics/racket_target/workspace_playable_y_max: 0.7225
Metrics/racket_target/workspace_active_y_lo: -0.1012
Metrics/racket_target/workspace_active_y_hi: 0.0187
Metrics/racket_target/workspace_motion_seed_blend: 1.0000
Metrics/racket_target/incoming_ball_horizontal_speed: 1.1017
Metrics/racket_target/incoming_ball_speed: 1.5187
Metrics/racket_target/incoming_ball_speed_curriculum_level: 0.0000
Metrics/racket_target/incoming_ball_speed_sample_low: 0.9000
Metrics/racket_target/incoming_ball_speed_sample_high: 1.2500
Metrics/racket_target/station_saturated: 0.0000
Metrics/racket_target/station_raw_clip_excess: 0.0000
Metrics/racket_target/station_saturated_x: 0.0000
Metrics/racket_target/station_saturated_y: 0.0000
Metrics/racket_target/station_raw_clip_excess_x: 0.0000
Metrics/racket_target/station_raw_clip_excess_y: 0.0000
Metrics/racket_target/current_swing_opportunity: 0.7812
Metrics/racket_target/current_swing_attempt: 0.7812
Metrics/racket_target/current_swing_targeted_attempt: 0.7812
Metrics/racket_target/prev_swing_targeted_attempt: 0.1875
Metrics/racket_target/current_swing_unsafe: 0.0312
Metrics/racket_target/current_swing_station_saturated: 0.0000
Metrics/racket_target/impact_health_score: 0.9307
Metrics/racket_target/impact_health_ok: 0.9688
Metrics/racket_target/impact_health_backlean_violation: 0.0140
Metrics/racket_target/impact_health_waist_backfold: 0.0134
Metrics/racket_target/impact_health_base_retreat: 0.0563
Metrics/racket_target/impact_health_torso_gravity_x: 0.3194
Metrics/racket_target/impact_health_torso_ang_vel: 0.4235
Metrics/racket_target/impact_health_com_x: 0.0218
Metrics/racket_target/impact_health_com_y: 0.0271
Metrics/racket_target/post_contact_ready_pending: 0.0000
Metrics/racket_target/post_contact_ready_elapsed_steps: 0.0000
Metrics/racket_target/post_contact_ready_consecutive_steps: 0.0000
Metrics/racket_target/post_contact_ready_diagnostic_pending: 0.0000
Metrics/racket_target/post_contact_ready_diagnostic_elapsed_steps: 0.0000
Metrics/racket_target/post_contact_ready_durable_pending: 0.0000
Metrics/racket_target/post_contact_ready_durable_consecutive_steps: 0.0000
Metrics/racket_target/post_contact_ready_durable_ready_now: 0.0000
Metrics/racket_target/post_contact_ready_durable_success_event: 0.0000
Metrics/racket_target/post_contact_ready_durable_fail_event: 0.0000
Metrics/racket_target/post_contact_ready_durable_resolution_success_rate: 0.0000
Metrics/racket_target/post_contact_ready_durable_resolution_fail_rate: 0.0000
Metrics/racket_target/post_contact_ready_durable_resolution_success_latency_steps: 0.0000
Metrics/racket_target/post_contact_ready_durable_resolution_fail_latency_steps: 0.0000
Metrics/racket_target/post_contact_ready_durable_fail_backlean_rate: 0.0000
Metrics/racket_target/post_contact_ready_durable_fail_forward_lean_rate: 0.0000
Metrics/racket_target/post_contact_ready_durable_fail_torso_ang_vel_rate: 0.0000
Metrics/racket_target/post_contact_ready_durable_fail_base_lin_vel_rate: 0.0000
Metrics/racket_target/post_contact_ready_durable_fail_base_ang_vel_rate: 0.0000
Metrics/racket_target/post_contact_ready_durable_fail_racket_speed_rate: 0.0000
Metrics/racket_target/post_contact_ready_durable_fail_height_rate: 0.0000
Metrics/racket_target/post_contact_ready_durable_fail_com_x_rate: 0.0000
Metrics/racket_target/post_contact_ready_durable_fail_com_y_rate: 0.0000
Metrics/racket_target/post_contact_ready_durable_fail_feet_rate: 0.0000
Metrics/racket_target/post_contact_ready_durable_fail_station_rate: 0.0000
Metrics/racket_target/post_contact_ready_durable_fail_arm_rate: 0.0000
Metrics/racket_target/post_contact_ready_terminal_window_active: 0.0000
Metrics/racket_target/post_contact_ready_terminal_quality: 0.0000
Metrics/racket_target/post_contact_ready_terminal_settlement_event: 0.0000
Metrics/racket_target/post_contact_ready_operational_ready_now: 0.0000
Metrics/racket_target/post_contact_ready_operational_consecutive_steps: 0.0000
Metrics/racket_target/post_contact_ready_safe_settlement_event: 0.0000
Metrics/racket_target/post_contact_ready_unsafe_settlement_event: 0.0000
Metrics/racket_target/post_contact_ready_incomplete_settlement_event: 0.0000
Metrics/racket_target/post_contact_ready_safe_net_cycle_event: 0.0000
Metrics/racket_target/post_contact_ready_terminal_quality_mean: 0.0000
Metrics/racket_target/post_contact_ready_safe_terminal_quality_mean: 0.0000
Metrics/racket_target/post_contact_ready_terminal_safe_rate: 0.0000
Metrics/racket_target/post_contact_ready_terminal_unsafe_rate: 0.0000
Metrics/racket_target/post_contact_ready_terminal_incomplete_rate: 0.0000
Metrics/racket_target/post_contact_ready_safe_net_cycle_rate: 0.0000
Metrics/racket_target/post_contact_ready_score: 0.0000
Metrics/racket_target/post_contact_ready_now: 0.0000
Metrics/racket_target/post_contact_ready_success_event: 0.0000
Metrics/racket_target/post_contact_ready_fail_event: 0.0000
Metrics/racket_target/post_contact_ready_outcome_tier: 0.0000
Metrics/racket_target/post_contact_ready_face_quality: 0.0000
Metrics/racket_target/post_contact_ready_safe_face_net_cycle_value: 0.0000
Metrics/racket_target/post_contact_ready_planner_speed_ratio: 0.0000
Metrics/racket_target/post_contact_ready_planner_direction_error_rad: 0.0000
Metrics/racket_target/post_contact_ready_planner_position_error: 0.0000
Metrics/racket_target/post_contact_ready_impact_health_score: 0.0000
Metrics/racket_target/post_contact_ready_peak_base_ang_vel: 0.0000
Metrics/racket_target/post_contact_ready_peak_ang_vel_excess_increment: 0.0000
Metrics/racket_target/post_contact_ready_envelope_violation_latch: 0.0000
Metrics/racket_target/post_contact_ready_envelope_violation_event: 0.0000
Metrics/racket_target/post_contact_ready_envelope_first_violation_step: 0.0000
Metrics/racket_target/post_contact_ready_envelope_attempts: 0.0000
Metrics/racket_target/post_contact_ready_envelope_violation_rate: 0.0000
Metrics/racket_target/post_contact_ready_envelope_tilt_violation_rate: 0.0000
Metrics/racket_target/post_contact_ready_envelope_pitch_violation_rate: 0.0000
Metrics/racket_target/post_contact_ready_envelope_com_violation_rate: 0.0000
Metrics/racket_target/post_contact_ready_envelope_waist_violation_rate: 0.0000
Metrics/racket_target/post_contact_ready_envelope_leg_violation_rate: 0.0000
Metrics/racket_target/post_contact_ready_envelope_base_ang_vel_violation_rate: 0.0000
Metrics/racket_target/post_contact_ready_resolution_success_rate: 0.0000
Metrics/racket_target/post_contact_ready_resolution_fail_rate: 0.0000
Metrics/racket_target/post_contact_ready_resolution_success_latency_steps: 0.0000
Metrics/racket_target/post_contact_ready_resolution_fail_latency_steps: 0.0000
Metrics/racket_target/post_contact_ready_max_tilt: 0.0000
Metrics/racket_target/post_contact_ready_max_abs_pitch: 0.0000
Metrics/racket_target/post_contact_ready_max_com_x: 0.0000
Metrics/racket_target/post_contact_ready_max_com_y: 0.0000
Metrics/racket_target/post_contact_ready_max_waist_overflow: 0.0000
Metrics/racket_target/post_contact_ready_max_leg_overflow: 0.0000
Metrics/racket_target/post_contact_ready_settlement_velocity_score_ema: 0.0000
Metrics/racket_target/post_contact_ready_settlement_position_gate_ema: 0.0000
Metrics/racket_target/post_contact_ready_settlement_health_gate_ema: 0.0000
Metrics/racket_target/post_contact_ready_settlement_recovery_gate_ema: 0.0000
Metrics/racket_target/post_contact_ready_settlement_total_score_ema: 0.0000
Metrics/racket_target/post_contact_recovery_backlean_error: 0.0000
Metrics/racket_target/post_contact_recovery_directional_progress: 0.0000
Metrics/racket_target/post_contact_ready_torso_ok: 0.0000
Metrics/racket_target/post_contact_ready_motion_ok: 0.0000
Metrics/racket_target/post_contact_ready_support_ok: 0.0000
Metrics/racket_target/post_contact_ready_arm_ok: 0.0000
Metrics/racket_target/post_contact_ready_base_lin_vel_ok: 0.0000
Metrics/racket_target/post_contact_ready_base_ang_vel_ok: 0.0000
Metrics/racket_target/post_contact_ready_racket_speed_ok: 0.0000
Metrics/racket_target/post_contact_ready_height_ok: 0.0000
Metrics/racket_target/post_contact_ready_com_x_ok: 0.0000
Metrics/racket_target/post_contact_ready_com_y_ok: 0.0000
Metrics/racket_target/post_contact_ready_feet_ok: 0.0000
Metrics/racket_target/post_contact_ready_station_ok: 0.0000
Metrics/racket_target/post_contact_ready_fail_torso: 0.0000
Metrics/racket_target/post_contact_ready_fail_base_lin_vel: 0.0000
Metrics/racket_target/post_contact_ready_fail_base_ang_vel: 0.0000
Metrics/racket_target/post_contact_ready_fail_racket_speed: 0.0000
Metrics/racket_target/post_contact_ready_fail_support: 0.0000
Metrics/racket_target/post_contact_ready_fail_arm: 0.0000
Metrics/racket_target/post_contact_ready_shadow_now: 0.0000
Metrics/racket_target/post_contact_ready_shadow_consecutive_steps: 0.0000
Metrics/racket_target/post_contact_ready_shadow_success_latch: 0.0000
Metrics/racket_target/post_contact_ready_curriculum_level: 0.0000
Metrics/racket_target/post_contact_ready_curriculum_fraction: 0.0000
Metrics/racket_target/post_contact_ready_curriculum_success_ema: 0.0000
Metrics/racket_target/post_contact_ready_curriculum_shadow_success_ema: 0.0000
Metrics/racket_target/post_contact_ready_curriculum_resolved_events: 0.0000
Metrics/racket_target/post_contact_ready_curriculum_successful_events: 0.0000
Metrics/racket_target/post_contact_ready_curriculum_targeted_attempt_ema: 0.0000
Metrics/racket_target/post_contact_ready_curriculum_return_success_ema: 0.0000
Metrics/racket_target/post_contact_ready_curriculum_completed_swings: 0.0000
Metrics/racket_target/post_contact_ready_curriculum_advance_streak: 0.0000
Metrics/racket_target/post_contact_ready_curriculum_advance_guard_ok: 0.0000
Metrics/racket_target/post_contact_ready_effective_max_torso_ang_vel: 0.0000
Metrics/racket_target/post_contact_ready_effective_max_base_lin_vel: 0.0000
Metrics/racket_target/post_contact_ready_effective_max_base_ang_vel: 0.0000
Metrics/racket_target/post_contact_ready_effective_max_racket_speed: 0.0000
Metrics/racket_target/post_contact_ready_effective_min_feet_contact: 0.0000
Metrics/racket_target/post_contact_ready_effective_required_consecutive_steps: 0.0000
Metrics/racket_target/post_contact_ready_effective_deadline_steps: 0.0000
Metrics/racket_target/post_contact_ready_curriculum_advance_threshold: 0.0000
Metrics/racket_target/post_contact_ready_curriculum_advance_min_events: 0.0000
Metrics/racket_target/post_contact_ready_curriculum_shadow_threshold: 0.0000
Metrics/racket_target/post_contact_ready_curriculum_min_targeted_attempt_ema: 0.0000
Metrics/racket_target/post_contact_ready_curriculum_min_return_success_ema: 0.0000
Metrics/racket_target/post_contact_ready_curriculum_min_completed_swings: 0.0000
Metrics/racket_target/post_contact_ready_curriculum_required_advance_checks: 0.0000
Metrics/racket_target/racket_normal_error_deg: 57.3812
Metrics/racket_target/impact_normal_error_deg: 8.6186
Metrics/racket_target/impact_racket_vel_error_mps: 0.4963
Metrics/racket_target/impact_racket_speed_ratio: 0.9620
Metrics/racket_target/impact_racket_vel_angle_deg: 9.6634
Metrics/racket_target/impact_racket_actual_vel_x: 0.9658
Metrics/racket_target/impact_racket_actual_vel_y: 0.0451
Metrics/racket_target/impact_racket_actual_vel_z: 1.3726
Metrics/racket_target/impact_racket_target_vel_x: 1.1787
Metrics/racket_target/impact_racket_target_vel_y: -0.1033
Metrics/racket_target/impact_racket_target_vel_z: 1.2975
Metrics/racket_target/impact_ball_out_error_mps: 2.0713
Metrics/racket_target/impact_face_radial_error_m: 0.0351
Metrics/racket_target/impact_face_normal_gap_m: 0.0239
Metrics/racket_target/impact_face_quality: 0.9410
Metrics/racket_target/impact_center_contact: 0.0000
Metrics/racket_target/impact_center_net_cross: 0.0000
Metrics/racket_target/impact_center_on_opponent: 0.0000
Metrics/racket_target/impact_rim_contact: 0.0000
Metrics/racket_target/impact_rim_net_cross: 0.0000
Metrics/racket_target/impact_rim_on_opponent: 0.0000
Metrics/racket_target/impact_analytic_outer_contact: 0.0000
Metrics/racket_target/impact_analytic_outer_net_cross: 0.0000
Metrics/racket_target/impact_analytic_outer_on_opponent: 0.0000
Metrics/racket_target/impact_planner_pos_error_m: 0.0485
Metrics/racket_target/impact_planner_vel_error_mps: 0.4963
Metrics/racket_target/impact_planner_speed_ratio: 0.9620
Metrics/racket_target/impact_planner_vel_angle_deg: 9.6634
Metrics/racket_target/impact_healthy_normal_ok: 0.0000
Metrics/racket_target/impact_healthy_contact: 0.0000
Metrics/racket_target/impact_healthy_net_cross: 0.0000
Metrics/racket_target/impact_healthy_on_opponent: 0.0000
Metrics/racket_target/current_swing_impact_health_score: 0.7618
Metrics/racket_target/current_swing_healthy_contact: 0.7812
Metrics/racket_target/current_swing_healthy_net_cross: 0.4844
Metrics/racket_target/current_swing_healthy_on_opponent: 0.2031
Metrics/racket_target/current_swing_healthy_normal_ok: 0.7812
Metrics/racket_target/current_swing_contact: 0.7812
Metrics/racket_target/current_swing_net_cross: 0.4844
Metrics/racket_target/current_swing_on_opponent: 0.2031
Metrics/racket_target/current_swing_center_contact: 0.7812
Metrics/racket_target/current_swing_center_net_cross: 0.4844
Metrics/racket_target/current_swing_center_on_opponent: 0.2031
Metrics/racket_target/current_swing_rim_contact: 0.0000
Metrics/racket_target/current_swing_rim_net_cross: 0.0000
Metrics/racket_target/current_swing_rim_on_opponent: 0.0000
Metrics/racket_target/current_swing_analytic_outer_contact: 0.0000
Metrics/racket_target/current_swing_analytic_outer_net_cross: 0.0000
Metrics/racket_target/current_swing_analytic_outer_on_opponent: 0.0000
Metrics/racket_target/cycle_v2_outcome_tier: -1.0000
Metrics/racket_target/cycle_v2_streak: 0.0000
Metrics/racket_target/closed_loop_recovery_trigger_event: 0.0000
Metrics/racket_target/closed_loop_cycle_success_event: 0.0000
Metrics/racket_target/closed_loop_durable_cycle_success_event: 0.0000
Metrics/racket_target/closed_loop_phase_id: 1.7188
Metrics/racket_target/closed_loop_phase_ready_no_command: 0.0625
Metrics/racket_target/closed_loop_phase_command_acquire: 0.1562
Metrics/racket_target/closed_loop_phase_pre_strike: 0.7812
Metrics/racket_target/closed_loop_phase_strike: 0.0000
Metrics/racket_target/closed_loop_phase_follow_through: 0.0000
Metrics/racket_target/closed_loop_phase_recovery: 0.0000
Metrics/racket_target/closed_loop_phase_next_ready: 0.0000
Metrics/racket_target/post_contact_phase_impact_0_100ms_attempts: 0.0000
Metrics/racket_target/post_contact_phase_impact_0_100ms_tilt_gt_0p1_rate: 0.0000
Metrics/racket_target/post_contact_phase_impact_0_100ms_pitch_gt_0p1_rate: 0.0000
Metrics/racket_target/post_contact_phase_impact_0_100ms_waist_overflow_gt_1p0_rate: 0.0000
Metrics/racket_target/post_contact_phase_impact_0_100ms_base_ang_vel_gt_0p8_rate: 0.0000
Metrics/racket_target/post_contact_phase_brake_100_300ms_attempts: 0.0000
Metrics/racket_target/post_contact_phase_brake_100_300ms_tilt_gt_0p1_rate: 0.0000
Metrics/racket_target/post_contact_phase_brake_100_300ms_pitch_gt_0p1_rate: 0.0000
Metrics/racket_target/post_contact_phase_brake_100_300ms_waist_overflow_gt_1p0_rate: 0.0000
Metrics/racket_target/post_contact_phase_brake_100_300ms_base_ang_vel_gt_0p8_rate: 0.0000
Metrics/racket_target/post_contact_phase_settle_300_600ms_attempts: 0.0000
Metrics/racket_target/post_contact_phase_settle_300_600ms_tilt_gt_0p1_rate: 0.0000
Metrics/racket_target/post_contact_phase_settle_300_600ms_pitch_gt_0p1_rate: 0.0000
Metrics/racket_target/post_contact_phase_settle_300_600ms_waist_overflow_gt_1p0_rate: 0.0000
Metrics/racket_target/post_contact_phase_settle_300_600ms_base_ang_vel_gt_0p8_rate: 0.0000
Metrics/racket_target/post_contact_phase_ready_after_600ms_attempts: 0.0000
Metrics/racket_target/post_contact_phase_ready_after_600ms_tilt_gt_0p1_rate: 0.0000
Metrics/racket_target/post_contact_phase_ready_after_600ms_pitch_gt_0p1_rate: 0.0000
Metrics/racket_target/post_contact_phase_ready_after_600ms_waist_overflow_gt_1p0_rate: 0.0000
Metrics/racket_target/post_contact_phase_ready_after_600ms_base_ang_vel_gt_0p8_rate: 0.0000
Metrics/racket_target/physical_contact_health_score: 0.0000
Metrics/racket_target/physical_recovery_pending: 0.0781
Metrics/racket_target/physical_recovery_tier: 0.0781
Metrics/racket_target/physical_recovery_success_event: 0.0000
Metrics/racket_target/physical_recovery_failure_event: 0.0000
Metrics/racket_target/physical_ability_level: 0.0000
Metrics/racket_target/physical_ability_batch_events: 36.2500
Metrics/racket_target/physical_ability_contact_ema: 0.0000
Metrics/racket_target/physical_ability_net_ema: 0.0000
Metrics/racket_target/physical_ability_bounce_ema: 0.0000
Metrics/racket_target/physical_ability_recovery_ema: 0.0000
Metrics/racket_target/physical_ability_safety_ema: 0.0000
Metrics/racket_target/base_pitch_like_signed: -0.0620
Metrics/racket_target/base_backward_velocity: 0.0357
Metrics/racket_target/waist_action_rms: 0.4047
Metrics/racket_target/right_arm_action_rms: 2.9725
Metrics/racket_target/leg_action_rms: 0.4240
Metrics/racket_target/action_abs_max: 5.7243
Metrics/racket_target/applied_action_abs_max: 5.7243
Metrics/racket_target/leg_action_abs_max: 0.8084
Metrics/racket_target/effective_action_abs_max: 5.6876
Metrics/racket_target/action_clamp_fraction: 0.0050
Metrics/racket_target/waist_action_clamp_fraction: 0.0000
Metrics/racket_target/right_arm_action_clamp_fraction: 0.0089
Metrics/racket_target/leg_action_clamp_fraction: 0.0078
Metrics/racket_target/waist_q_tracking_error_rms: 0.3655
Metrics/racket_target/right_arm_q_tracking_error_rms: 0.1781
Metrics/racket_target/leg_q_tracking_error_rms: 0.1945
Metrics/racket_target/waist_torque_clip_fraction: 0.0000
Metrics/racket_target/right_arm_torque_clip_fraction: 0.0000
Metrics/racket_target/leg_torque_clip_fraction: 0.0000
Metrics/racket_target/waist_action_delta_rms: 0.1400
Metrics/racket_target/right_arm_action_delta_rms: 0.3586
Metrics/racket_target/leg_action_delta_rms: 0.1795
Metrics/racket_target/waist_joint_vel_rms: 0.8203
Metrics/racket_target/right_arm_joint_vel_rms: 0.9981
Metrics/racket_target/leg_joint_vel_rms: 0.5038
Metrics/racket_target/recovery_leg_action_abs_max: 0.8084
Metrics/racket_target/recovery_leg_action_delta_rms: 0.1795
Metrics/racket_target/recovery_leg_joint_vel_rms: 0.5038
     Metrics/physical_shadow/phase: 2.7812
Metrics/physical_shadow/route_valid: 1.0000
Metrics/physical_shadow/serve_event: 0.0000
Metrics/physical_shadow/incoming_bounce_event: 0.0000
Metrics/physical_shadow/contact_event: 0.0000
Metrics/physical_shadow/net_cross_event: 0.0000
Metrics/physical_shadow/outgoing_landing_event: 0.0000
Metrics/physical_shadow/opponent_bounce_event: 0.0000
Metrics/physical_shadow/landing_short_event: 0.0000
Metrics/physical_shadow/landing_long_event: 0.0000
Metrics/physical_shadow/landing_side_event: 0.0000
Metrics/physical_shadow/landing_no_net_event: 0.0000
Metrics/physical_shadow/abort_event: 0.0000
Metrics/physical_shadow/timeout_event: 0.0000
Metrics/physical_shadow/route_unalignable_event: 0.0000
Metrics/physical_shadow/route_invalid_event: 0.0000
Metrics/physical_shadow/incoming_net_collision_event: 0.0000
Metrics/physical_shadow/reset_abort_event: 0.0000
Metrics/physical_shadow/incoming_bounce_latch: 0.7812
Metrics/physical_shadow/contact_latch: 0.5781
Metrics/physical_shadow/net_cross_latch: 0.1875
Metrics/physical_shadow/opponent_bounce_latch: 0.1875
Metrics/physical_shadow/launch_timing_error_s: -0.0003
Metrics/physical_shadow/contact_true_target_error: 0.0357
Metrics/physical_shadow/contact_planner_position_error: 0.0264
Metrics/physical_shadow/contact_planner_velocity_error: 0.3049
Metrics/physical_shadow/contact_planner_velocity_direction_error_deg: 5.6342
Metrics/physical_shadow/contact_planner_normal_error_deg: 7.3508
Metrics/physical_shadow/contact_outgoing_velocity_error: 0.9830
Metrics/physical_shadow/contact_outgoing_speed: 1.8348
Metrics/physical_shadow/contact_target_outgoing_speed: 2.2161
Metrics/physical_shadow/contact_outgoing_speed_ratio: 0.4799
Metrics/physical_shadow/contact_outgoing_direction_error_deg: 14.3410
Metrics/physical_shadow/contact_outgoing_velocity_x: 1.0416
Metrics/physical_shadow/contact_outgoing_velocity_y: -0.1783
Metrics/physical_shadow/contact_outgoing_velocity_z: 1.4330
Metrics/physical_shadow/contact_target_outgoing_velocity_x: 1.8381
Metrics/physical_shadow/contact_target_outgoing_velocity_y: 0.1472
Metrics/physical_shadow/contact_target_outgoing_velocity_z: 1.2190
Metrics/physical_shadow/contact_incoming_velocity_error: 0.1498
Metrics/physical_shadow/contact_incoming_velocity_direction_error_deg: 4.6549
Metrics/physical_shadow/contact_route_incoming_velocity_error: 0.0295
Metrics/physical_shadow/contact_route_incoming_velocity_direction_error_deg: 1.0395
Metrics/physical_shadow/contact_actual_route_incoming_velocity_error: 0.1410
Metrics/physical_shadow/contact_command_normal_only_error: 0.8745
Metrics/physical_shadow/contact_command_training_model_error: 0.8566
Metrics/physical_shadow/contact_command_physics_model_error: 0.8143
Metrics/physical_shadow/contact_actual_training_model_residual: 0.5278
Metrics/physical_shadow/contact_actual_physics_model_residual: 0.4457
Metrics/physical_shadow/contact_actual_normal_only_model_residual: 0.5640
Metrics/physical_shadow/contact_actual_training_predicted_target_error: 1.2827
Metrics/physical_shadow/contact_actual_physics_predicted_target_error: 1.1561
Metrics/physical_shadow/contact_actual_normal_only_predicted_target_error: 1.3345
Metrics/physical_shadow/contact_force_direction_valid: 0.1719
Metrics/physical_shadow/contact_force_vs_racket_normal_angle_deg: 3.1048
Metrics/physical_shadow/contact_actual_force_direction_model_residual: 0.3104
Metrics/physical_shadow/contact_actual_force_direction_predicted_target_error: 1.1190
Metrics/physical_shadow/contact_physx_data_valid: 0.5781
Metrics/physical_shadow/contact_physx_force: 2.9194
Metrics/physical_shadow/contact_physx_separation: -0.0010
Metrics/physical_shadow/contact_physx_normal_error_deg: 9.5115
Metrics/physical_shadow/contact_physx_point_radial_error: 0.0344
Metrics/physical_shadow/contact_actual_physx_normal_model_residual: 0.2835
Metrics/physical_shadow/contact_actual_physx_normal_predicted_target_error: 0.7496
Metrics/physical_shadow/contact_physx_substep_valid: 0.5781
Metrics/physical_shadow/contact_physx_substep_normal_error_deg: 8.8251
Metrics/physical_shadow/contact_physx_substep_point_radial_error: 0.0343
Metrics/physical_shadow/contact_physx_substep_point_normal_offset: 0.0030
Metrics/physical_shadow/contact_physx_patch_substeps: 0.5781
Metrics/physical_shadow/contact_physx_normal_impulse: 0.0073
Metrics/physical_shadow/contact_physx_capture_lag_s: 0.0068
Metrics/physical_shadow/contact_physx_contact_point_speed_delta: 0.1313
Metrics/physical_shadow/contact_physx_substep_link_model_residual: 0.3443
Metrics/physical_shadow/contact_physx_substep_point_model_residual: 0.2706
Metrics/physical_shadow/contact_physx_substep_outgoing_target_error: 1.0020
Metrics/physical_shadow/contact_physx_measured_restitution: 0.3778
Metrics/physical_shadow/contact_physx_pre_ball_speed: 0.8692
Metrics/physical_shadow/contact_physx_post_ball_speed: 1.8836
Metrics/physical_shadow/contact_physx_point_x: 8.9705
Metrics/physical_shadow/contact_physx_point_y: -8.4287
Metrics/physical_shadow/contact_physx_point_z: 0.7065
Metrics/physical_shadow/contact_physx_normal_x: 0.4035
Metrics/physical_shadow/contact_physx_normal_y: -0.0566
Metrics/physical_shadow/contact_physx_normal_z: 0.3926
Metrics/physical_shadow/contact_physx_pre_ball_velocity_x: -0.5726
Metrics/physical_shadow/contact_physx_pre_ball_velocity_y: 0.0182
Metrics/physical_shadow/contact_physx_pre_ball_velocity_z: -0.6521
Metrics/physical_shadow/contact_physx_post_ball_velocity_x: 1.0454
Metrics/physical_shadow/contact_physx_post_ball_velocity_y: -0.1791
Metrics/physical_shadow/contact_physx_post_ball_velocity_z: 1.4909
Metrics/physical_shadow/contact_physx_pre_racket_point_velocity_x: 0.4754
Metrics/physical_shadow/contact_physx_pre_racket_point_velocity_y: -0.0094
Metrics/physical_shadow/contact_physx_pre_racket_point_velocity_z: 0.6934
Metrics/physical_shadow/contact_physx_post_racket_point_velocity_x: 0.4574
Metrics/physical_shadow/contact_physx_post_racket_point_velocity_y: -0.0088
Metrics/physical_shadow/contact_physx_post_racket_point_velocity_z: 0.6653
Metrics/physical_shadow/contact_physx_pre_ball_angular_velocity_x: -2.3651
Metrics/physical_shadow/contact_physx_pre_ball_angular_velocity_y: -66.2388
Metrics/physical_shadow/contact_physx_pre_ball_angular_velocity_z: -0.0000
Metrics/physical_shadow/contact_physx_post_ball_angular_velocity_x: 6.4752
Metrics/physical_shadow/contact_physx_post_ball_angular_velocity_y: -13.4992
Metrics/physical_shadow/contact_physx_post_ball_angular_velocity_z: -1.0866
Metrics/physical_shadow/contact_physx_pre_ball_surface_tangent_speed: 1.4658
Metrics/physical_shadow/contact_physx_post_ball_spin_speed: 20.5725
Metrics/physical_shadow/contact_impact_normal_error_deg: 7.3508
Metrics/physical_shadow/contact_wire_impact_normal_gap_deg: 0.0052
Metrics/physical_shadow/contact_face_radial_error: 0.0376
Metrics/physical_shadow/contact_time_to_strike: -0.0106
Metrics/physical_shadow/landing_target_error: 0.5050
Metrics/physical_shadow/landing_target_x_error: -0.4517
Metrics/physical_shadow/landing_target_y_error: -0.1800
Metrics/physical_shadow/landing_position_x: 9.5999
Metrics/physical_shadow/landing_position_y: -8.5219
Metrics/physical_shadow/minimum_ball_racket_distance: 0.0666
      Episode_Termination/time_out: 1.1250
  Episode_Termination/base_too_low: 0.0000
   Episode_Termination/base_tilted: 0.0312
   Episode_Termination/table_touch: 0.0000
Episode_Termination/persistent_action_overflow: 0.0000
--------------------------------------------------------------------------------
                   Total timesteps: 20480
                    Iteration time: 3.76s
                      Time elapsed: 00:00:16
                               ETA: 00:00:12

################################################################################
                        [1m Learning iteration 5/8 [0m                        

                       Computation: 1104 steps/s (collection: 3.664s, learning 0.046s)
             Mean action noise std: 0.10
          Mean value_function loss: 0.0757
               Mean surrogate loss: -0.0164
                 Mean entropy loss: -27.3929
        Mean actor_anchor_rms loss: 0.0001
Mean actor_anchor_relative_l2 loss: 0.0019
 Mean actor_anchor_exempt_rms loss: 0.0000
                       Mean reward: 4.82
               Mean episode length: 109.77
 Episode_Reward/undesired_contacts: 0.0000
  Episode_Reward/feet_contact_slip: -0.0006
     Episode_Reward/table_no_touch: -0.0000
              Episode_Reward/alive: 0.0058
            Episode_Reward/upright: -0.0023
          Episode_Reward/imitation: 0.1679
    Episode_Reward/racket_position: 0.0155
    Episode_Reward/racket_velocity: 0.0083
Episode_Reward/planner_racket_task_space_crossfade: 0.1060
    Episode_Reward/blade_direction: 0.0089
Episode_Reward/healthy_trunk_support: 0.0446
 Episode_Reward/pre_strike_station: 0.0181
    Episode_Reward/recovery_health: 0.0867
Episode_Reward/no_command_ready_stability: 0.0016
Episode_Reward/post_strike_base_ang_vel: 0.0109
Episode_Reward/phase_action_overflow: -0.0000
     Episode_Reward/strike_balance: 0.0068
Episode_Reward/prestrike_station_progress: 0.0004
 Episode_Reward/lower_body_support: 0.0324
Episode_Reward/termination_penalty: -0.0025
Episode_Reward/phase_action_rate_waist: -0.0001
Episode_Reward/phase_action_rate_upper: -0.0002
Episode_Reward/phase_action_rate_legs: -0.0001
        Episode_Reward/joint_limit: -0.0114
Episode_Reward/prestrike_racket_progress: 0.0813
Episode_Reward/near_impact_planner_velocity_progress: 0.0162
Episode_Reward/operational_joint_margin: -0.0016
  Episode_Reward/joint_target_slew: -0.0089
Episode_Reward/actuator_waist_feasibility: -0.0000
Episode_Reward/actuator_right_arm_feasibility: -0.0000
Episode_Reward/actuator_leg_feasibility: -0.0000
Episode_Reward/physical_outcome_events: 0.0061
Episode_Reward/physical_recovery_settlement: 0.0034
Episode_Reward/physical_capability_curriculum: 0.0000
    Metrics/motion/error_joint_pos: 2.4243
    Metrics/motion/error_joint_vel: 6.4919
     Metrics/motion/error_body_pos: 0.1548
     Metrics/motion/error_body_rot: 0.8704
       Metrics/motion/motion_phase: 0.1352
            Metrics/motion/in_hold: 0.8594
Metrics/motion/motion_start_warmup_prob: 0.7500
Metrics/motion/motion_start_lifecycle_progress: 0.0000
Metrics/motion/motion_start_effective_prestrike_fraction: 1.0000
Metrics/motion/motion_start_effective_recovery_fraction: 0.0000
Metrics/motion/motion_start_effective_rsi_fraction: 0.0000
 Metrics/motion/motion_start_reset: 0.0000
Metrics/motion/motion_start_prestrike_reset: 0.0000
Metrics/motion/motion_start_recovery_reset: 0.0000
Metrics/motion/motion_start_rsi_reset: 0.0000
 Metrics/motion/single_cycle_reset: 0.0000
     Metrics/motion/motion_clip_id: 0.1719
Metrics/motion/motion_supplemental_clip: 0.0000
      Metrics/motion/stand_episode: 0.0000
Metrics/motion/default_stand_reset: 0.1406
Metrics/motion/error_body_pos_lower: 0.1881
Metrics/motion/error_body_rot_lower: 1.1543
Metrics/motion/error_body_lin_vel_lower: 0.2020
Metrics/motion/error_body_ang_vel_lower: 1.2306
Metrics/motion/reference_body_lin_speed_lower: 0.0039
Metrics/motion/robot_body_lin_speed_lower: 0.2026
Metrics/motion/error_body_pos_core: 0.0800
Metrics/motion/error_body_rot_core: 0.5735
Metrics/motion/error_body_lin_vel_core: 0.3631
Metrics/motion/error_body_ang_vel_core: 1.2002
Metrics/motion/reference_body_lin_speed_core: 0.0032
Metrics/motion/robot_body_lin_speed_core: 0.3648
Metrics/motion/error_body_pos_upper: 0.1465
Metrics/motion/error_body_rot_upper: 0.6856
Metrics/motion/error_body_lin_vel_upper: 1.1269
Metrics/motion/error_body_ang_vel_upper: 3.1210
Metrics/motion/reference_body_lin_speed_upper: 0.0045
Metrics/motion/robot_body_lin_speed_upper: 1.1267
Metrics/motion/error_joint_pos_waist: 0.9197
Metrics/motion/error_joint_vel_waist: 1.8452
Metrics/motion/reference_joint_speed_waist: 0.0031
Metrics/motion/error_joint_pos_arms: 2.0515
Metrics/motion/error_joint_vel_arms: 5.6539
Metrics/motion/reference_joint_speed_arms: 0.0102
Metrics/motion/error_joint_pos_legs: 0.8705
Metrics/motion/error_joint_vel_legs: 2.3148
Metrics/motion/reference_joint_speed_legs: 0.0006
Metrics/racket_target/racket_pos_error: 0.1727
Metrics/racket_target/racket_vel_error: 1.4724
Metrics/racket_target/time_to_strike: 0.7728
Metrics/racket_target/return_success: 0.4688
Metrics/racket_target/prev_return_success: 0.4688
Metrics/racket_target/prev_net_cross: 0.4844
Metrics/racket_target/current_net_cross: 0.0000
Metrics/racket_target/racket_pos_curriculum_scale: 0.3667
Metrics/racket_target/impact_inverse_command_blend: 0.0000
Metrics/racket_target/steps_since_target_resample: 42.0156
Metrics/racket_target/recovery_height_error: 0.0617
Metrics/racket_target/recovery_upright_error: 0.1754
Metrics/racket_target/recovery_base_lin_vel: 0.2639
Metrics/racket_target/recovery_base_ang_vel: 1.1554
Metrics/racket_target/recovery_station_error: 0.1083
Metrics/racket_target/recovery_feet_contact_frac: 0.9375
Metrics/racket_target/recovery_racket_speed: 2.2809
Metrics/racket_target/recovery_height_score: 0.8161
Metrics/racket_target/recovery_upright_score: 0.7432
Metrics/racket_target/recovery_lin_vel_score: 0.6507
Metrics/racket_target/recovery_ang_vel_score: 0.2903
Metrics/racket_target/recovery_station_score: 0.8548
Metrics/racket_target/recovery_racket_score: 0.1179
Metrics/racket_target/recovery_arm_score: 0.5646
Metrics/racket_target/recovery_ready_score: 0.6563
Metrics/racket_target/recovery_anchor_arm_score: 1.0000
Metrics/racket_target/recovery_core_ready_score: 0.5822
Metrics/racket_target/recovery_functional_ready_score: 0.5048
Metrics/racket_target/waist_action_overflow_rms: 0.0000
Metrics/racket_target/right_arm_action_overflow_rms: 0.0000
Metrics/racket_target/leg_action_overflow_rms: 0.0000
Metrics/racket_target/operational_margin_fraction: 0.0010
Metrics/racket_target/waist_operational_margin_fraction: 0.0000
Metrics/racket_target/right_arm_operational_margin_fraction: 0.0045
Metrics/racket_target/leg_operational_margin_fraction: 0.0000
Metrics/racket_target/waist_operational_excess_rms: 0.0000
Metrics/racket_target/right_arm_operational_excess_rms: 0.0002
Metrics/racket_target/leg_operational_excess_rms: 0.0000
Metrics/racket_target/q_des_velocity_violation_fraction: 0.0333
Metrics/racket_target/waist_q_des_velocity_violation_fraction: 0.1146
Metrics/racket_target/right_arm_q_des_velocity_violation_fraction: 0.0223
Metrics/racket_target/leg_q_des_velocity_violation_fraction: 0.0443
Metrics/racket_target/q_des_acceleration_violation_fraction: 0.5811
Metrics/racket_target/waist_q_des_acceleration_violation_fraction: 0.5469
Metrics/racket_target/right_arm_q_des_acceleration_violation_fraction: 0.6295
Metrics/racket_target/leg_q_des_acceleration_violation_fraction: 0.6953
Metrics/racket_target/waist_q_des_velocity_rms: 4.8263
Metrics/racket_target/right_arm_q_des_velocity_rms: 5.1899
Metrics/racket_target/leg_q_des_velocity_rms: 5.7124
Metrics/racket_target/waist_q_des_acceleration_rms: 391.1103
Metrics/racket_target/right_arm_q_des_acceleration_rms: 395.5789
Metrics/racket_target/leg_q_des_acceleration_rms: 414.2445
Metrics/racket_target/action_operational_feasibility_score: 0.9998
Metrics/racket_target/actuator_overflow_consecutive_steps: 0.0000
Metrics/racket_target/actuator_overflow_severe: 0.0000
Metrics/racket_target/recovery_phase_gate: 1.0000
Metrics/racket_target/recovery_phase_ready_score: 0.6563
Metrics/racket_target/recovery_contact_ready_score: 0.0134
Metrics/racket_target/recovery_net_ready_score: 0.0000
Metrics/racket_target/recovery_return_ready_score: 0.0000
Metrics/racket_target/cycle_success_ready_score: 0.0695
Metrics/racket_target/cycle_success_soft: 0.0584
Metrics/racket_target/cycle_success_binary: 0.0938
Metrics/racket_target/cycle_v2_pending: 0.0000
Metrics/racket_target/cycle_v2_attempt_latch: 0.0000
Metrics/racket_target/cycle_v2_ready_success_latch: 0.0000
Metrics/racket_target/cycle_v2_ready_fail_latch: 0.0000
Metrics/racket_target/cycle_v2_attempt_event: 0.0000
Metrics/racket_target/cycle_v2_ready_success_event: 0.0000
Metrics/racket_target/cycle_v2_ready_fail_event: 0.0000
Metrics/racket_target/cycle_v2_unresolved_resample_fail_event: 0.0000
Metrics/racket_target/cycle_v2_resolved_event: 0.0000
Metrics/racket_target/cycle_v2_command_visible_steps: 0.0000
Metrics/racket_target/cycle_v2_elapsed_steps: 0.0000
Metrics/racket_target/cycle_v2_ready_score: 0.0000
Metrics/racket_target/cycle_v2_ready_ok: 0.0000
Metrics/racket_target/cycle_v2_visible: 0.0000
Metrics/racket_target/cycle_v2_ready_score_ok: 0.0000
Metrics/racket_target/cycle_v2_height_ok: 0.0000
Metrics/racket_target/cycle_v2_upright_ok: 0.0000
Metrics/racket_target/cycle_v2_base_lin_vel_ok: 0.0000
Metrics/racket_target/cycle_v2_base_ang_vel_ok: 0.0000
Metrics/racket_target/cycle_v2_feet_ok: 0.0000
Metrics/racket_target/cycle_v2_core_ready_ok: 0.0000
Metrics/racket_target/cycle_v2_ready_consecutive_steps: 0.0000
Metrics/racket_target/single_cycle_bootstrap: 0.0000
Metrics/racket_target/single_cycle_swing_completed: 0.0000
Metrics/racket_target/single_cycle_recovery_active: 0.0000
Metrics/racket_target/single_cycle_recovery_elapsed_steps: 0.0000
Metrics/racket_target/single_cycle_ready_consecutive_steps: 0.0000
Metrics/racket_target/single_cycle_safe_timeout_event: 0.0000
Metrics/racket_target/single_cycle_deadline_timeout_event: 0.0000
Metrics/racket_target/single_cycle_timeout_latch: 0.0000
Metrics/racket_target/single_cycle_hard_failure_event: 0.0000
Metrics/racket_target/single_cycle_probability: 0.0000
Metrics/racket_target/single_cycle_curriculum_level: 0.0000
Metrics/racket_target/single_cycle_effective_deadline_steps: 100.0000
Metrics/racket_target/single_cycle_selected_events: 0.0000
Metrics/racket_target/single_cycle_completed_events: 0.0000
Metrics/racket_target/single_cycle_safe_timeout_events: 0.0000
Metrics/racket_target/single_cycle_deadline_timeout_events: 0.0000
Metrics/racket_target/single_cycle_hard_failure_events: 0.0000
Metrics/racket_target/active_ready_consecutive_steps: 0.0000
Metrics/racket_target/active_ready_success_event: 0.0000
Metrics/racket_target/active_ready_success_latch: 0.0000
Metrics/racket_target/active_ready_survival_steps: 0.0000
Metrics/racket_target/active_ready_survival_next_milestone: 0.0000
Metrics/racket_target/active_ready_survival_milestone_event: 0.0000
Metrics/racket_target/no_command_ready_active: 0.0938
Metrics/racket_target/no_command_from_stand_episode: 0.0000
Metrics/racket_target/no_command_from_default_stand_reset: 0.0000
Metrics/racket_target/no_command_ready_upright_ok: 0.0938
Metrics/racket_target/no_command_ready_motion_ok: 0.0000
Metrics/racket_target/no_command_ready_score: 0.0537
Metrics/racket_target/no_command_ready_progress: -0.0317
Metrics/racket_target/no_command_ready_station_error: 0.0025
Metrics/racket_target/no_command_ready_fixed_station_error: 0.0025
Metrics/racket_target/healthy_training_stage: 3.0000
Metrics/racket_target/healthy_stage_planted_rehearsal: 0.0000
Metrics/racket_target/healthy_stage_station_hold_seen: 0.0000
Metrics/racket_target/healthy_stage_station_arrived: 0.0000
Metrics/racket_target/healthy_stage_station_settled: 0.0000
Metrics/racket_target/healthy_stage_station_settle_steps: 0.0000
Metrics/racket_target/station_relocation_active: 0.0000
Metrics/racket_target/station_relocation_target_offset_y: 0.0000
Metrics/racket_target/station_relocation_error: 0.0000
Metrics/racket_target/station_relocation_arrival_event: 0.0000
Metrics/racket_target/station_relocation_settle_event: 0.0000
Metrics/racket_target/station_relocation_release_event: 0.0000
Metrics/racket_target/station_relocation_timeout_event: 0.0000
Metrics/racket_target/station_relocation_elapsed_steps: 0.0000
Metrics/racket_target/station_relocation_hold_deadline_steps: 0.0000
Metrics/racket_target/lifecycle_recovery_hold_active: 0.0000
Metrics/racket_target/lifecycle_recovery_release_success_event: 0.0000
Metrics/racket_target/lifecycle_recovery_release_fail_event: 0.0000
Metrics/racket_target/station_relocation_level: 0.0000
Metrics/racket_target/station_relocation_arrival_ema: 0.0000
Metrics/racket_target/station_relocation_settle_ema: 0.0000
Metrics/racket_target/station_relocation_contact_ema: 0.0000
Metrics/racket_target/station_relocation_safety_ema: 0.0000
Metrics/racket_target/station_relocation_resolved_events: 0.0000
Metrics/racket_target/station_relocation_terminal_reset_events: 0.0000
Metrics/racket_target/station_relocation_advance_streak: 0.0000
Metrics/racket_target/station_relocation_regress_streak: 0.0000
Metrics/racket_target/station_relocation_effective_max_lin_vel: 0.0000
Metrics/racket_target/station_relocation_effective_max_ang_vel: 0.0000
Metrics/racket_target/station_relocation_effective_min_settle_steps: 0.0000
Metrics/racket_target/ability_curriculum_level: 0.0000
Metrics/racket_target/ability_curriculum_scale: 0.3667
Metrics/racket_target/ability_curriculum_resolved_events: 0.0000
Metrics/racket_target/ability_curriculum_total_resolved_events: 0.0000
Metrics/racket_target/ability_curriculum_advance_streak: 0.0000
Metrics/racket_target/ability_curriculum_regress_streak: 0.0000
Metrics/racket_target/ability_contact_ema: 0.0000
Metrics/racket_target/ability_net_ema: 0.0000
Metrics/racket_target/ability_success_ema: 0.0000
Metrics/racket_target/ability_recovery_ema: 0.0000
Metrics/racket_target/ability_cycle_ema: 0.0000
Metrics/racket_target/ability_cycle_attempt_ema: 0.0000
Metrics/racket_target/ability_cycle_resolved_ema: 0.0000
Metrics/racket_target/ability_forehand_contact_ema: 0.0000
Metrics/racket_target/ability_forehand_net_ema: 0.0000
Metrics/racket_target/ability_forehand_success_ema: 0.0000
Metrics/racket_target/ability_backhand_contact_ema: 0.0000
Metrics/racket_target/ability_backhand_net_ema: 0.0000
Metrics/racket_target/ability_backhand_success_ema: 0.0000
Metrics/racket_target/ability_attempt_ema: 0.0000
Metrics/racket_target/ability_targeted_attempt_ema: 0.0000
Metrics/racket_target/impact_health_floor_progress: 0.0000
Metrics/racket_target/ability_safety_ema: 1.0000
Metrics/racket_target/ability_station_saturation_ema: 0.0000
Metrics/racket_target/ability_healthy_normal_ema: 0.0000
Metrics/racket_target/ability_station_arrival_ema: 0.0000
Metrics/racket_target/ability_station_settle_ema: 0.0000
Metrics/racket_target/planner_hit_plane_blend: 1.0000
Metrics/racket_target/planner_hit_plane_x_delta: 0.0005
Metrics/racket_target/true_strike_table_x: 0.1682
Metrics/racket_target/planner_target_table_x: 0.1682
Metrics/racket_target/workspace_level: 0.0000
Metrics/racket_target/workspace_fringe_sample: 0.0000
Metrics/racket_target/workspace_target_lateral_norm: 0.5614
Metrics/racket_target/workspace_target_table_y: -0.4056
Metrics/racket_target/workspace_playable_y_min: -0.7225
Metrics/racket_target/workspace_playable_y_max: 0.7225
Metrics/racket_target/workspace_active_y_lo: -0.3512
Metrics/racket_target/workspace_active_y_hi: -0.2313
Metrics/racket_target/workspace_motion_seed_blend: 1.0000
Metrics/racket_target/incoming_ball_horizontal_speed: 1.1085
Metrics/racket_target/incoming_ball_speed: 1.5594
Metrics/racket_target/incoming_ball_speed_curriculum_level: 0.0000
Metrics/racket_target/incoming_ball_speed_sample_low: 0.9000
Metrics/racket_target/incoming_ball_speed_sample_high: 1.2500
Metrics/racket_target/station_saturated: 0.0000
Metrics/racket_target/station_raw_clip_excess: 0.0000
Metrics/racket_target/station_saturated_x: 0.0000
Metrics/racket_target/station_saturated_y: 0.0000
Metrics/racket_target/station_raw_clip_excess_x: 0.0000
Metrics/racket_target/station_raw_clip_excess_y: 0.0000
Metrics/racket_target/current_swing_opportunity: 0.1406
Metrics/racket_target/current_swing_attempt: 0.1406
Metrics/racket_target/current_swing_targeted_attempt: 0.1406
Metrics/racket_target/prev_swing_targeted_attempt: 0.8594
Metrics/racket_target/current_swing_unsafe: 0.1250
Metrics/racket_target/current_swing_station_saturated: 0.0000
Metrics/racket_target/impact_health_score: 0.8231
Metrics/racket_target/impact_health_ok: 0.8125
Metrics/racket_target/impact_health_backlean_violation: 0.0063
Metrics/racket_target/impact_health_waist_backfold: 0.0000
Metrics/racket_target/impact_health_base_retreat: 0.0567
Metrics/racket_target/impact_health_torso_gravity_x: 0.2751
Metrics/racket_target/impact_health_torso_ang_vel: 0.3817
Metrics/racket_target/impact_health_com_x: 0.0598
Metrics/racket_target/impact_health_com_y: 0.0595
Metrics/racket_target/post_contact_ready_pending: 0.0000
Metrics/racket_target/post_contact_ready_elapsed_steps: 0.0000
Metrics/racket_target/post_contact_ready_consecutive_steps: 0.0000
Metrics/racket_target/post_contact_ready_diagnostic_pending: 0.0000
Metrics/racket_target/post_contact_ready_diagnostic_elapsed_steps: 0.0000
Metrics/racket_target/post_contact_ready_durable_pending: 0.0000
Metrics/racket_target/post_contact_ready_durable_consecutive_steps: 0.0000
Metrics/racket_target/post_contact_ready_durable_ready_now: 0.0000
Metrics/racket_target/post_contact_ready_durable_success_event: 0.0000
Metrics/racket_target/post_contact_ready_durable_fail_event: 0.0000
Metrics/racket_target/post_contact_ready_durable_resolution_success_rate: 0.0000
Metrics/racket_target/post_contact_ready_durable_resolution_fail_rate: 0.0000
Metrics/racket_target/post_contact_ready_durable_resolution_success_latency_steps: 0.0000
Metrics/racket_target/post_contact_ready_durable_resolution_fail_latency_steps: 0.0000
Metrics/racket_target/post_contact_ready_durable_fail_backlean_rate: 0.0000
Metrics/racket_target/post_contact_ready_durable_fail_forward_lean_rate: 0.0000
Metrics/racket_target/post_contact_ready_durable_fail_torso_ang_vel_rate: 0.0000
Metrics/racket_target/post_contact_ready_durable_fail_base_lin_vel_rate: 0.0000
Metrics/racket_target/post_contact_ready_durable_fail_base_ang_vel_rate: 0.0000
Metrics/racket_target/post_contact_ready_durable_fail_racket_speed_rate: 0.0000
Metrics/racket_target/post_contact_ready_durable_fail_height_rate: 0.0000
Metrics/racket_target/post_contact_ready_durable_fail_com_x_rate: 0.0000
Metrics/racket_target/post_contact_ready_durable_fail_com_y_rate: 0.0000
Metrics/racket_target/post_contact_ready_durable_fail_feet_rate: 0.0000
Metrics/racket_target/post_contact_ready_durable_fail_station_rate: 0.0000
Metrics/racket_target/post_contact_ready_durable_fail_arm_rate: 0.0000
Metrics/racket_target/post_contact_ready_terminal_window_active: 0.0000
Metrics/racket_target/post_contact_ready_terminal_quality: 0.0000
Metrics/racket_target/post_contact_ready_terminal_settlement_event: 0.0000
Metrics/racket_target/post_contact_ready_operational_ready_now: 0.0000
Metrics/racket_target/post_contact_ready_operational_consecutive_steps: 0.0000
Metrics/racket_target/post_contact_ready_safe_settlement_event: 0.0000
Metrics/racket_target/post_contact_ready_unsafe_settlement_event: 0.0000
Metrics/racket_target/post_contact_ready_incomplete_settlement_event: 0.0000
Metrics/racket_target/post_contact_ready_safe_net_cycle_event: 0.0000
Metrics/racket_target/post_contact_ready_terminal_quality_mean: 0.0000
Metrics/racket_target/post_contact_ready_safe_terminal_quality_mean: 0.0000
Metrics/racket_target/post_contact_ready_terminal_safe_rate: 0.0000
Metrics/racket_target/post_contact_ready_terminal_unsafe_rate: 0.0000
Metrics/racket_target/post_contact_ready_terminal_incomplete_rate: 0.0000
Metrics/racket_target/post_contact_ready_safe_net_cycle_rate: 0.0000
Metrics/racket_target/post_contact_ready_score: 0.0000
Metrics/racket_target/post_contact_ready_now: 0.0000
Metrics/racket_target/post_contact_ready_success_event: 0.0000
Metrics/racket_target/post_contact_ready_fail_event: 0.0000
Metrics/racket_target/post_contact_ready_outcome_tier: 0.0000
Metrics/racket_target/post_contact_ready_face_quality: 0.0000
Metrics/racket_target/post_contact_ready_safe_face_net_cycle_value: 0.0000
Metrics/racket_target/post_contact_ready_planner_speed_ratio: 0.0000
Metrics/racket_target/post_contact_ready_planner_direction_error_rad: 0.0000
Metrics/racket_target/post_contact_ready_planner_position_error: 0.0000
Metrics/racket_target/post_contact_ready_impact_health_score: 0.0000
Metrics/racket_target/post_contact_ready_peak_base_ang_vel: 0.0000
Metrics/racket_target/post_contact_ready_peak_ang_vel_excess_increment: 0.0000
Metrics/racket_target/post_contact_ready_envelope_violation_latch: 0.0000
Metrics/racket_target/post_contact_ready_envelope_violation_event: 0.0000
Metrics/racket_target/post_contact_ready_envelope_first_violation_step: 0.0000
Metrics/racket_target/post_contact_ready_envelope_attempts: 0.0000
Metrics/racket_target/post_contact_ready_envelope_violation_rate: 0.0000
Metrics/racket_target/post_contact_ready_envelope_tilt_violation_rate: 0.0000
Metrics/racket_target/post_contact_ready_envelope_pitch_violation_rate: 0.0000
Metrics/racket_target/post_contact_ready_envelope_com_violation_rate: 0.0000
Metrics/racket_target/post_contact_ready_envelope_waist_violation_rate: 0.0000
Metrics/racket_target/post_contact_ready_envelope_leg_violation_rate: 0.0000
Metrics/racket_target/post_contact_ready_envelope_base_ang_vel_violation_rate: 0.0000
Metrics/racket_target/post_contact_ready_resolution_success_rate: 0.0000
Metrics/racket_target/post_contact_ready_resolution_fail_rate: 0.0000
Metrics/racket_target/post_contact_ready_resolution_success_latency_steps: 0.0000
Metrics/racket_target/post_contact_ready_resolution_fail_latency_steps: 0.0000
Metrics/racket_target/post_contact_ready_max_tilt: 0.0000
Metrics/racket_target/post_contact_ready_max_abs_pitch: 0.0000
Metrics/racket_target/post_contact_ready_max_com_x: 0.0000
Metrics/racket_target/post_contact_ready_max_com_y: 0.0000
Metrics/racket_target/post_contact_ready_max_waist_overflow: 0.0000
Metrics/racket_target/post_contact_ready_max_leg_overflow: 0.0000
Metrics/racket_target/post_contact_ready_settlement_velocity_score_ema: 0.0000
Metrics/racket_target/post_contact_ready_settlement_position_gate_ema: 0.0000
Metrics/racket_target/post_contact_ready_settlement_health_gate_ema: 0.0000
Metrics/racket_target/post_contact_ready_settlement_recovery_gate_ema: 0.0000
Metrics/racket_target/post_contact_ready_settlement_total_score_ema: 0.0000
Metrics/racket_target/post_contact_recovery_backlean_error: 0.0000
Metrics/racket_target/post_contact_recovery_directional_progress: 0.0000
Metrics/racket_target/post_contact_ready_torso_ok: 0.0000
Metrics/racket_target/post_contact_ready_motion_ok: 0.0000
Metrics/racket_target/post_contact_ready_support_ok: 0.0000
Metrics/racket_target/post_contact_ready_arm_ok: 0.0000
Metrics/racket_target/post_contact_ready_base_lin_vel_ok: 0.0000
Metrics/racket_target/post_contact_ready_base_ang_vel_ok: 0.0000
Metrics/racket_target/post_contact_ready_racket_speed_ok: 0.0000
Metrics/racket_target/post_contact_ready_height_ok: 0.0000
Metrics/racket_target/post_contact_ready_com_x_ok: 0.0000
Metrics/racket_target/post_contact_ready_com_y_ok: 0.0000
Metrics/racket_target/post_contact_ready_feet_ok: 0.0000
Metrics/racket_target/post_contact_ready_station_ok: 0.0000
Metrics/racket_target/post_contact_ready_fail_torso: 0.0000
Metrics/racket_target/post_contact_ready_fail_base_lin_vel: 0.0000
Metrics/racket_target/post_contact_ready_fail_base_ang_vel: 0.0000
Metrics/racket_target/post_contact_ready_fail_racket_speed: 0.0000
Metrics/racket_target/post_contact_ready_fail_support: 0.0000
Metrics/racket_target/post_contact_ready_fail_arm: 0.0000
Metrics/racket_target/post_contact_ready_shadow_now: 0.0000
Metrics/racket_target/post_contact_ready_shadow_consecutive_steps: 0.0000
Metrics/racket_target/post_contact_ready_shadow_success_latch: 0.0000
Metrics/racket_target/post_contact_ready_curriculum_level: 0.0000
Metrics/racket_target/post_contact_ready_curriculum_fraction: 0.0000
Metrics/racket_target/post_contact_ready_curriculum_success_ema: 0.0000
Metrics/racket_target/post_contact_ready_curriculum_shadow_success_ema: 0.0000
Metrics/racket_target/post_contact_ready_curriculum_resolved_events: 0.0000
Metrics/racket_target/post_contact_ready_curriculum_successful_events: 0.0000
Metrics/racket_target/post_contact_ready_curriculum_targeted_attempt_ema: 0.0000
Metrics/racket_target/post_contact_ready_curriculum_return_success_ema: 0.0000
Metrics/racket_target/post_contact_ready_curriculum_completed_swings: 0.0000
Metrics/racket_target/post_contact_ready_curriculum_advance_streak: 0.0000
Metrics/racket_target/post_contact_ready_curriculum_advance_guard_ok: 0.0000
Metrics/racket_target/post_contact_ready_effective_max_torso_ang_vel: 0.0000
Metrics/racket_target/post_contact_ready_effective_max_base_lin_vel: 0.0000
Metrics/racket_target/post_contact_ready_effective_max_base_ang_vel: 0.0000
Metrics/racket_target/post_contact_ready_effective_max_racket_speed: 0.0000
Metrics/racket_target/post_contact_ready_effective_min_feet_contact: 0.0000
Metrics/racket_target/post_contact_ready_effective_required_consecutive_steps: 0.0000
Metrics/racket_target/post_contact_ready_effective_deadline_steps: 0.0000
Metrics/racket_target/post_contact_ready_curriculum_advance_threshold: 0.0000
Metrics/racket_target/post_contact_ready_curriculum_advance_min_events: 0.0000
Metrics/racket_target/post_contact_ready_curriculum_shadow_threshold: 0.0000
Metrics/racket_target/post_contact_ready_curriculum_min_targeted_attempt_ema: 0.0000
Metrics/racket_target/post_contact_ready_curriculum_min_return_success_ema: 0.0000
Metrics/racket_target/post_contact_ready_curriculum_min_completed_swings: 0.0000
Metrics/racket_target/post_contact_ready_curriculum_required_advance_checks: 0.0000
Metrics/racket_target/racket_normal_error_deg: 103.5202
Metrics/racket_target/impact_normal_error_deg: 2.6877
Metrics/racket_target/impact_racket_vel_error_mps: 0.4718
Metrics/racket_target/impact_racket_speed_ratio: 0.9444
Metrics/racket_target/impact_racket_vel_angle_deg: 11.5330
Metrics/racket_target/impact_racket_actual_vel_x: 1.0898
Metrics/racket_target/impact_racket_actual_vel_y: 0.4325
Metrics/racket_target/impact_racket_actual_vel_z: 1.3772
Metrics/racket_target/impact_racket_target_vel_x: 1.2973
Metrics/racket_target/impact_racket_target_vel_y: 0.1864
Metrics/racket_target/impact_racket_target_vel_z: 1.4499
Metrics/racket_target/impact_ball_out_error_mps: 1.9920
Metrics/racket_target/impact_face_radial_error_m: 0.0661
Metrics/racket_target/impact_face_normal_gap_m: 0.0510
Metrics/racket_target/impact_face_quality: 0.5391
Metrics/racket_target/impact_center_contact: 0.0000
Metrics/racket_target/impact_center_net_cross: 0.0000
Metrics/racket_target/impact_center_on_opponent: 0.0000
Metrics/racket_target/impact_rim_contact: 0.0000
Metrics/racket_target/impact_rim_net_cross: 0.0000
Metrics/racket_target/impact_rim_on_opponent: 0.0000
Metrics/racket_target/impact_analytic_outer_contact: 0.0000
Metrics/racket_target/impact_analytic_outer_net_cross: 0.0000
Metrics/racket_target/impact_analytic_outer_on_opponent: 0.0000
Metrics/racket_target/impact_planner_pos_error_m: 0.0854
Metrics/racket_target/impact_planner_vel_error_mps: 0.4718
Metrics/racket_target/impact_planner_speed_ratio: 0.9444
Metrics/racket_target/impact_planner_vel_angle_deg: 11.5330
Metrics/racket_target/impact_healthy_normal_ok: 0.0000
Metrics/racket_target/impact_healthy_contact: 0.0000
Metrics/racket_target/impact_healthy_net_cross: 0.0000
Metrics/racket_target/impact_healthy_on_opponent: 0.0000
Metrics/racket_target/current_swing_impact_health_score: 0.0144
Metrics/racket_target/current_swing_healthy_contact: 0.0156
Metrics/racket_target/current_swing_healthy_net_cross: 0.0000
Metrics/racket_target/current_swing_healthy_on_opponent: 0.0000
Metrics/racket_target/current_swing_healthy_normal_ok: 0.1406
Metrics/racket_target/current_swing_contact: 0.0156
Metrics/racket_target/current_swing_net_cross: 0.0000
Metrics/racket_target/current_swing_on_opponent: 0.0000
Metrics/racket_target/current_swing_center_contact: 0.0000
Metrics/racket_target/current_swing_center_net_cross: 0.0000
Metrics/racket_target/current_swing_center_on_opponent: 0.0000
Metrics/racket_target/current_swing_rim_contact: 0.0156
Metrics/racket_target/current_swing_rim_net_cross: 0.0000
Metrics/racket_target/current_swing_rim_on_opponent: 0.0000
Metrics/racket_target/current_swing_analytic_outer_contact: 0.0000
Metrics/racket_target/current_swing_analytic_outer_net_cross: 0.0000
Metrics/racket_target/current_swing_analytic_outer_on_opponent: 0.0000
Metrics/racket_target/cycle_v2_outcome_tier: -1.0000
Metrics/racket_target/cycle_v2_streak: 0.0000
Metrics/racket_target/closed_loop_recovery_trigger_event: 0.0000
Metrics/racket_target/closed_loop_cycle_success_event: 0.0000
Metrics/racket_target/closed_loop_durable_cycle_success_event: 0.0000
Metrics/racket_target/closed_loop_phase_id: 1.0469
Metrics/racket_target/closed_loop_phase_ready_no_command: 0.0938
Metrics/racket_target/closed_loop_phase_command_acquire: 0.7656
Metrics/racket_target/closed_loop_phase_pre_strike: 0.1406
Metrics/racket_target/closed_loop_phase_strike: 0.0000
Metrics/racket_target/closed_loop_phase_follow_through: 0.0000
Metrics/racket_target/closed_loop_phase_recovery: 0.0000
Metrics/racket_target/closed_loop_phase_next_ready: 0.0000
Metrics/racket_target/post_contact_phase_impact_0_100ms_attempts: 0.0000
Metrics/racket_target/post_contact_phase_impact_0_100ms_tilt_gt_0p1_rate: 0.0000
Metrics/racket_target/post_contact_phase_impact_0_100ms_pitch_gt_0p1_rate: 0.0000
Metrics/racket_target/post_contact_phase_impact_0_100ms_waist_overflow_gt_1p0_rate: 0.0000
Metrics/racket_target/post_contact_phase_impact_0_100ms_base_ang_vel_gt_0p8_rate: 0.0000
Metrics/racket_target/post_contact_phase_brake_100_300ms_attempts: 0.0000
Metrics/racket_target/post_contact_phase_brake_100_300ms_tilt_gt_0p1_rate: 0.0000
Metrics/racket_target/post_contact_phase_brake_100_300ms_pitch_gt_0p1_rate: 0.0000
Metrics/racket_target/post_contact_phase_brake_100_300ms_waist_overflow_gt_1p0_rate: 0.0000
Metrics/racket_target/post_contact_phase_brake_100_300ms_base_ang_vel_gt_0p8_rate: 0.0000
Metrics/racket_target/post_contact_phase_settle_300_600ms_attempts: 0.0000
Metrics/racket_target/post_contact_phase_settle_300_600ms_tilt_gt_0p1_rate: 0.0000
Metrics/racket_target/post_contact_phase_settle_300_600ms_pitch_gt_0p1_rate: 0.0000
Metrics/racket_target/post_contact_phase_settle_300_600ms_waist_overflow_gt_1p0_rate: 0.0000
Metrics/racket_target/post_contact_phase_settle_300_600ms_base_ang_vel_gt_0p8_rate: 0.0000
Metrics/racket_target/post_contact_phase_ready_after_600ms_attempts: 0.0000
Metrics/racket_target/post_contact_phase_ready_after_600ms_tilt_gt_0p1_rate: 0.0000
Metrics/racket_target/post_contact_phase_ready_after_600ms_pitch_gt_0p1_rate: 0.0000
Metrics/racket_target/post_contact_phase_ready_after_600ms_waist_overflow_gt_1p0_rate: 0.0000
Metrics/racket_target/post_contact_phase_ready_after_600ms_base_ang_vel_gt_0p8_rate: 0.0000
Metrics/racket_target/physical_contact_health_score: 0.0000
Metrics/racket_target/physical_recovery_pending: 0.0000
Metrics/racket_target/physical_recovery_tier: 0.0000
Metrics/racket_target/physical_recovery_success_event: 0.0000
Metrics/racket_target/physical_recovery_failure_event: 0.0000
Metrics/racket_target/physical_ability_level: 0.0000
Metrics/racket_target/physical_ability_batch_events: 104.2812
Metrics/racket_target/physical_ability_contact_ema: 0.0000
Metrics/racket_target/physical_ability_net_ema: 0.0000
Metrics/racket_target/physical_ability_bounce_ema: 0.0000
Metrics/racket_target/physical_ability_recovery_ema: 0.0000
Metrics/racket_target/physical_ability_safety_ema: 0.0000
Metrics/racket_target/base_pitch_like_signed: -0.0515
Metrics/racket_target/base_backward_velocity: 0.1204
Metrics/racket_target/waist_action_rms: 0.6063
Metrics/racket_target/right_arm_action_rms: 3.6203
Metrics/racket_target/leg_action_rms: 0.4916
Metrics/racket_target/action_abs_max: 6.9121
Metrics/racket_target/applied_action_abs_max: 6.9121
Metrics/racket_target/leg_action_abs_max: 0.8996
Metrics/racket_target/effective_action_abs_max: 6.9121
Metrics/racket_target/action_clamp_fraction: 0.0000
Metrics/racket_target/waist_action_clamp_fraction: 0.0000
Metrics/racket_target/right_arm_action_clamp_fraction: 0.0000
Metrics/racket_target/leg_action_clamp_fraction: 0.0000
Metrics/racket_target/waist_q_tracking_error_rms: 0.3737
Metrics/racket_target/right_arm_q_tracking_error_rms: 0.2256
Metrics/racket_target/leg_q_tracking_error_rms: 0.1757
Metrics/racket_target/waist_torque_clip_fraction: 0.0000
Metrics/racket_target/right_arm_torque_clip_fraction: 0.0000
Metrics/racket_target/leg_torque_clip_fraction: 0.0000
Metrics/racket_target/waist_action_delta_rms: 0.2212
Metrics/racket_target/right_arm_action_delta_rms: 0.4234
Metrics/racket_target/leg_action_delta_rms: 0.1974
Metrics/racket_target/waist_joint_vel_rms: 1.0658
Metrics/racket_target/right_arm_joint_vel_rms: 1.8984
Metrics/racket_target/leg_joint_vel_rms: 0.6682
Metrics/racket_target/recovery_leg_action_abs_max: 0.8996
Metrics/racket_target/recovery_leg_action_delta_rms: 0.1974
Metrics/racket_target/recovery_leg_joint_vel_rms: 0.6682
     Metrics/physical_shadow/phase: 0.5625
Metrics/physical_shadow/route_valid: 1.0000
Metrics/physical_shadow/serve_event: 0.0000
Metrics/physical_shadow/incoming_bounce_event: 0.0000
Metrics/physical_shadow/contact_event: 0.0000
Metrics/physical_shadow/net_cross_event: 0.0000
Metrics/physical_shadow/outgoing_landing_event: 0.0000
Metrics/physical_shadow/opponent_bounce_event: 0.0000
Metrics/physical_shadow/landing_short_event: 0.0000
Metrics/physical_shadow/landing_long_event: 0.0000
Metrics/physical_shadow/landing_side_event: 0.0000
Metrics/physical_shadow/landing_no_net_event: 0.0000
Metrics/physical_shadow/abort_event: 0.0000
Metrics/physical_shadow/timeout_event: 0.0000
Metrics/physical_shadow/route_unalignable_event: 0.0000
Metrics/physical_shadow/route_invalid_event: 0.0000
Metrics/physical_shadow/incoming_net_collision_event: 0.0000
Metrics/physical_shadow/reset_abort_event: 0.0000
Metrics/physical_shadow/incoming_bounce_latch: 0.1406
Metrics/physical_shadow/contact_latch: 0.0156
Metrics/physical_shadow/net_cross_latch: 0.0000
Metrics/physical_shadow/opponent_bounce_latch: 0.0000
Metrics/physical_shadow/launch_timing_error_s: -0.0008
Metrics/physical_shadow/contact_true_target_error: 0.0008
Metrics/physical_shadow/contact_planner_position_error: 0.0011
Metrics/physical_shadow/contact_planner_velocity_error: 0.0156
Metrics/physical_shadow/contact_planner_velocity_direction_error_deg: 0.3281
Metrics/physical_shadow/contact_planner_normal_error_deg: 0.1955
Metrics/physical_shadow/contact_outgoing_velocity_error: 0.0505
Metrics/physical_shadow/contact_outgoing_speed: 0.0311
Metrics/physical_shadow/contact_target_outgoing_speed: 0.0611
Metrics/physical_shadow/contact_outgoing_speed_ratio: 0.0080
Metrics/physical_shadow/contact_outgoing_direction_error_deg: 0.8683
Metrics/physical_shadow/contact_outgoing_velocity_x: 0.0011
Metrics/physical_shadow/contact_outgoing_velocity_y: 0.0120
Metrics/physical_shadow/contact_outgoing_velocity_z: 0.0287
Metrics/physical_shadow/contact_target_outgoing_velocity_x: 0.0513
Metrics/physical_shadow/contact_target_outgoing_velocity_y: 0.0082
Metrics/physical_shadow/contact_target_outgoing_velocity_z: 0.0321
Metrics/physical_shadow/contact_incoming_velocity_error: 0.0031
Metrics/physical_shadow/contact_incoming_velocity_direction_error_deg: 0.0588
Metrics/physical_shadow/contact_route_incoming_velocity_error: 0.0008
Metrics/physical_shadow/contact_route_incoming_velocity_direction_error_deg: 0.0267
Metrics/physical_shadow/contact_actual_route_incoming_velocity_error: 0.0033
Metrics/physical_shadow/contact_command_normal_only_error: 0.0246
Metrics/physical_shadow/contact_command_training_model_error: 0.0239
Metrics/physical_shadow/contact_command_physics_model_error: 0.0221
Metrics/physical_shadow/contact_actual_training_model_residual: 0.0064
Metrics/physical_shadow/contact_actual_physics_model_residual: 0.0121
Metrics/physical_shadow/contact_actual_normal_only_model_residual: 0.0047
Metrics/physical_shadow/contact_actual_training_predicted_target_error: 0.0450
Metrics/physical_shadow/contact_actual_physics_predicted_target_error: 0.0403
Metrics/physical_shadow/contact_actual_normal_only_predicted_target_error: 0.0471
Metrics/physical_shadow/contact_force_direction_valid: 0.0000
Metrics/physical_shadow/contact_force_vs_racket_normal_angle_deg: 0.0000
Metrics/physical_shadow/contact_actual_force_direction_model_residual: 0.0121
Metrics/physical_shadow/contact_actual_force_direction_predicted_target_error: 0.0403
Metrics/physical_shadow/contact_physx_data_valid: 0.0156
Metrics/physical_shadow/contact_physx_force: 0.0537
Metrics/physical_shadow/contact_physx_separation: 0.0000
Metrics/physical_shadow/contact_physx_normal_error_deg: 0.0259
Metrics/physical_shadow/contact_physx_point_radial_error: 0.0007
Metrics/physical_shadow/contact_actual_physx_normal_model_residual: 0.0114
Metrics/physical_shadow/contact_actual_physx_normal_predicted_target_error: 0.0411
Metrics/physical_shadow/contact_physx_substep_valid: 0.0156
Metrics/physical_shadow/contact_physx_substep_normal_error_deg: 0.0192
Metrics/physical_shadow/contact_physx_substep_point_radial_error: 0.0006
Metrics/physical_shadow/contact_physx_substep_point_normal_offset: -0.0000
Metrics/physical_shadow/contact_physx_patch_substeps: 0.0156
Metrics/physical_shadow/contact_physx_normal_impulse: 0.0001
Metrics/physical_shadow/contact_physx_capture_lag_s: 0.0002
Metrics/physical_shadow/contact_physx_contact_point_speed_delta: 0.0005
Metrics/physical_shadow/contact_physx_substep_link_model_residual: 0.0123
Metrics/physical_shadow/contact_physx_substep_point_model_residual: 0.0122
Metrics/physical_shadow/contact_physx_substep_outgoing_target_error: 0.0504
Metrics/physical_shadow/contact_physx_measured_restitution: 0.0102
Metrics/physical_shadow/contact_physx_pre_ball_speed: 0.0230
Metrics/physical_shadow/contact_physx_post_ball_speed: 0.0330
Metrics/physical_shadow/contact_physx_point_x: 0.4328
Metrics/physical_shadow/contact_physx_point_y: 0.3679
Metrics/physical_shadow/contact_physx_point_z: 0.0186
Metrics/physical_shadow/contact_physx_normal_x: 0.0072
Metrics/physical_shadow/contact_physx_normal_y: 0.0037
Metrics/physical_shadow/contact_physx_normal_z: 0.0134
Metrics/physical_shadow/contact_physx_pre_ball_velocity_x: -0.0181
Metrics/physical_shadow/contact_physx_pre_ball_velocity_y: 0.0019
Metrics/physical_shadow/contact_physx_pre_ball_velocity_z: -0.0140
Metrics/physical_shadow/contact_physx_post_ball_velocity_x: 0.0011
Metrics/physical_shadow/contact_physx_post_ball_velocity_y: 0.0120
Metrics/physical_shadow/contact_physx_post_ball_velocity_z: 0.0307
Metrics/physical_shadow/contact_physx_pre_racket_point_velocity_x: 0.0094
Metrics/physical_shadow/contact_physx_pre_racket_point_velocity_y: -0.0004
Metrics/physical_shadow/contact_physx_pre_racket_point_velocity_z: 0.0070
Metrics/physical_shadow/contact_physx_post_racket_point_velocity_x: 0.0093
Metrics/physical_shadow/contact_physx_post_racket_point_velocity_y: -0.0004
Metrics/physical_shadow/contact_physx_post_racket_point_velocity_z: 0.0067
Metrics/physical_shadow/contact_physx_pre_ball_angular_velocity_x: -1.8129
Metrics/physical_shadow/contact_physx_pre_ball_angular_velocity_y: -70.3020
Metrics/physical_shadow/contact_physx_pre_ball_angular_velocity_z: 0.0000
Metrics/physical_shadow/contact_physx_post_ball_angular_velocity_x: -5.8917
Metrics/physical_shadow/contact_physx_post_ball_angular_velocity_y: -43.5653
Metrics/physical_shadow/contact_physx_post_ball_angular_velocity_z: -2.1227
Metrics/physical_shadow/contact_physx_pre_ball_surface_tangent_speed: 0.7283
Metrics/physical_shadow/contact_physx_post_ball_spin_speed: 44.4732
Metrics/physical_shadow/contact_impact_normal_error_deg: 0.1955
Metrics/physical_shadow/contact_wire_impact_normal_gap_deg: 0.0000
Metrics/physical_shadow/contact_face_radial_error: 0.0009
Metrics/physical_shadow/contact_time_to_strike: 0.0000
Metrics/physical_shadow/landing_target_error: 0.0286
Metrics/physical_shadow/landing_target_x_error: -0.0285
Metrics/physical_shadow/landing_target_y_error: 0.0018
Metrics/physical_shadow/landing_position_x: 0.4335
Metrics/physical_shadow/landing_position_y: 0.3745
Metrics/physical_shadow/minimum_ball_racket_distance: 0.0194
      Episode_Termination/time_out: 0.9062
  Episode_Termination/base_too_low: 0.0000
   Episode_Termination/base_tilted: 0.1250
   Episode_Termination/table_touch: 0.0000
Episode_Termination/persistent_action_overflow: 0.0000
--------------------------------------------------------------------------------
                   Total timesteps: 24576
                    Iteration time: 3.71s
                      Time elapsed: 00:00:19
                               ETA: 00:00:09

################################################################################
                        [1m Learning iteration 6/8 [0m                        

                       Computation: 1291 steps/s (collection: 3.124s, learning 0.046s)
             Mean action noise std: 0.10
          Mean value_function loss: 0.0626
               Mean surrogate loss: -0.0181
                 Mean entropy loss: -27.3930
        Mean actor_anchor_rms loss: 0.0001
Mean actor_anchor_relative_l2 loss: 0.0019
 Mean actor_anchor_exempt_rms loss: 0.0000
                       Mean reward: 5.03
               Mean episode length: 118.53
 Episode_Reward/undesired_contacts: 0.0000
  Episode_Reward/feet_contact_slip: -0.0008
     Episode_Reward/table_no_touch: -0.0000
              Episode_Reward/alive: 0.0063
            Episode_Reward/upright: -0.0034
          Episode_Reward/imitation: 0.1668
    Episode_Reward/racket_position: 0.0141
    Episode_Reward/racket_velocity: 0.0073
Episode_Reward/planner_racket_task_space_crossfade: 0.0977
    Episode_Reward/blade_direction: 0.0076
Episode_Reward/healthy_trunk_support: 0.0545
 Episode_Reward/pre_strike_station: 0.0230
    Episode_Reward/recovery_health: 0.0909
Episode_Reward/no_command_ready_stability: 0.0042
Episode_Reward/post_strike_base_ang_vel: 0.0103
Episode_Reward/phase_action_overflow: -0.0002
     Episode_Reward/strike_balance: 0.0056
Episode_Reward/prestrike_station_progress: 0.0014
 Episode_Reward/lower_body_support: 0.0293
Episode_Reward/termination_penalty: -0.0050
Episode_Reward/phase_action_rate_waist: -0.0001
Episode_Reward/phase_action_rate_upper: -0.0002
Episode_Reward/phase_action_rate_legs: -0.0001
        Episode_Reward/joint_limit: -0.0122
Episode_Reward/prestrike_racket_progress: 0.0855
Episode_Reward/near_impact_planner_velocity_progress: 0.0141
Episode_Reward/operational_joint_margin: -0.0057
  Episode_Reward/joint_target_slew: -0.0102
Episode_Reward/actuator_waist_feasibility: -0.0000
Episode_Reward/actuator_right_arm_feasibility: -0.0000
Episode_Reward/actuator_leg_feasibility: -0.0000
Episode_Reward/physical_outcome_events: 0.0087
Episode_Reward/physical_recovery_settlement: 0.0012
Episode_Reward/physical_capability_curriculum: 0.0000
    Metrics/motion/error_joint_pos: 1.9032
    Metrics/motion/error_joint_vel: 6.8925
     Metrics/motion/error_body_pos: 0.1784
     Metrics/motion/error_body_rot: 0.8324
       Metrics/motion/motion_phase: 0.2855
            Metrics/motion/in_hold: 0.0938
Metrics/motion/motion_start_warmup_prob: 0.7500
Metrics/motion/motion_start_lifecycle_progress: 0.0000
Metrics/motion/motion_start_effective_prestrike_fraction: 1.0000
Metrics/motion/motion_start_effective_recovery_fraction: 0.0000
Metrics/motion/motion_start_effective_rsi_fraction: 0.0000
 Metrics/motion/motion_start_reset: 0.0000
Metrics/motion/motion_start_prestrike_reset: 0.0000
Metrics/motion/motion_start_recovery_reset: 0.0000
Metrics/motion/motion_start_rsi_reset: 0.0000
 Metrics/motion/single_cycle_reset: 0.0000
     Metrics/motion/motion_clip_id: 0.4688
Metrics/motion/motion_supplemental_clip: 0.0000
      Metrics/motion/stand_episode: 0.0000
Metrics/motion/default_stand_reset: 0.2969
Metrics/motion/error_body_pos_lower: 0.1928
Metrics/motion/error_body_rot_lower: 1.0035
Metrics/motion/error_body_lin_vel_lower: 0.2234
Metrics/motion/error_body_ang_vel_lower: 1.0555
Metrics/motion/reference_body_lin_speed_lower: 0.0187
Metrics/motion/robot_body_lin_speed_lower: 0.2177
Metrics/motion/error_body_pos_core: 0.0972
Metrics/motion/error_body_rot_core: 0.5031
Metrics/motion/error_body_lin_vel_core: 0.4663
Metrics/motion/error_body_ang_vel_core: 1.0391
Metrics/motion/reference_body_lin_speed_core: 0.0199
Metrics/motion/robot_body_lin_speed_core: 0.4649
Metrics/motion/error_body_pos_upper: 0.1912
Metrics/motion/error_body_rot_upper: 0.7712
Metrics/motion/error_body_lin_vel_upper: 0.8857
Metrics/motion/error_body_ang_vel_upper: 2.9440
Metrics/motion/reference_body_lin_speed_upper: 0.0602
Metrics/motion/robot_body_lin_speed_upper: 0.9143
Metrics/motion/error_joint_pos_waist: 0.6676
Metrics/motion/error_joint_vel_waist: 1.2502
Metrics/motion/reference_joint_speed_waist: 0.0311
Metrics/motion/error_joint_pos_arms: 1.5419
Metrics/motion/error_joint_vel_arms: 5.7629
Metrics/motion/reference_joint_speed_arms: 0.1441
Metrics/motion/error_joint_pos_legs: 0.8314
Metrics/motion/error_joint_vel_legs: 2.8972
Metrics/motion/reference_joint_speed_legs: 0.0063
Metrics/racket_target/racket_pos_error: 0.1535
Metrics/racket_target/racket_vel_error: 1.3672
Metrics/racket_target/time_to_strike: 0.3066
Metrics/racket_target/return_success: 0.4688
Metrics/racket_target/prev_return_success: 0.4688
Metrics/racket_target/prev_net_cross: 0.6094
Metrics/racket_target/current_net_cross: 0.0000
Metrics/racket_target/racket_pos_curriculum_scale: 0.3667
Metrics/racket_target/impact_inverse_command_blend: 0.0000
Metrics/racket_target/steps_since_target_resample: 77.6406
Metrics/racket_target/recovery_height_error: 0.0760
Metrics/racket_target/recovery_upright_error: 0.2027
Metrics/racket_target/recovery_base_lin_vel: 0.3078
Metrics/racket_target/recovery_base_ang_vel: 1.2149
Metrics/racket_target/recovery_station_error: 0.1418
Metrics/racket_target/recovery_feet_contact_frac: 0.9688
Metrics/racket_target/recovery_racket_speed: 2.2117
Metrics/racket_target/recovery_height_score: 0.8040
Metrics/racket_target/recovery_upright_score: 0.6899
Metrics/racket_target/recovery_lin_vel_score: 0.6570
Metrics/racket_target/recovery_ang_vel_score: 0.3725
Metrics/racket_target/recovery_station_score: 0.7812
Metrics/racket_target/recovery_racket_score: 0.3618
Metrics/racket_target/recovery_arm_score: 0.4048
Metrics/racket_target/recovery_ready_score: 0.6633
Metrics/racket_target/recovery_anchor_arm_score: 1.0000
Metrics/racket_target/recovery_core_ready_score: 0.5902
Metrics/racket_target/recovery_functional_ready_score: 0.5405
Metrics/racket_target/waist_action_overflow_rms: 0.0000
Metrics/racket_target/right_arm_action_overflow_rms: 0.0000
Metrics/racket_target/leg_action_overflow_rms: 0.0000
Metrics/racket_target/operational_margin_fraction: 0.0030
Metrics/racket_target/waist_operational_margin_fraction: 0.0000
Metrics/racket_target/right_arm_operational_margin_fraction: 0.0000
Metrics/racket_target/leg_operational_margin_fraction: 0.0078
Metrics/racket_target/waist_operational_excess_rms: 0.0000
Metrics/racket_target/right_arm_operational_excess_rms: 0.0000
Metrics/racket_target/leg_operational_excess_rms: 0.0005
Metrics/racket_target/q_des_velocity_violation_fraction: 0.0146
Metrics/racket_target/waist_q_des_velocity_violation_fraction: 0.0000
Metrics/racket_target/right_arm_q_des_velocity_violation_fraction: 0.0089
Metrics/racket_target/leg_q_des_velocity_violation_fraction: 0.0208
Metrics/racket_target/q_des_acceleration_violation_fraction: 0.4728
Metrics/racket_target/waist_q_des_acceleration_violation_fraction: 0.5781
Metrics/racket_target/right_arm_q_des_acceleration_violation_fraction: 0.3527
Metrics/racket_target/leg_q_des_acceleration_violation_fraction: 0.6250
Metrics/racket_target/waist_q_des_velocity_rms: 3.7338
Metrics/racket_target/right_arm_q_des_velocity_rms: 3.4924
Metrics/racket_target/leg_q_des_velocity_rms: 5.2615
Metrics/racket_target/waist_q_des_acceleration_rms: 206.9258
Metrics/racket_target/right_arm_q_des_acceleration_rms: 226.4081
Metrics/racket_target/leg_q_des_acceleration_rms: 398.1168
Metrics/racket_target/action_operational_feasibility_score: 0.9976
Metrics/racket_target/actuator_overflow_consecutive_steps: 0.0000
Metrics/racket_target/actuator_overflow_severe: 0.0000
Metrics/racket_target/recovery_phase_gate: 0.2969
Metrics/racket_target/recovery_phase_ready_score: 0.1530
Metrics/racket_target/recovery_contact_ready_score: 0.0000
Metrics/racket_target/recovery_net_ready_score: 0.0000
Metrics/racket_target/recovery_return_ready_score: 0.0000
Metrics/racket_target/cycle_success_ready_score: 0.0000
Metrics/racket_target/cycle_success_soft: 0.0000
Metrics/racket_target/cycle_success_binary: 0.0000
Metrics/racket_target/cycle_v2_pending: 0.0000
Metrics/racket_target/cycle_v2_attempt_latch: 0.0000
Metrics/racket_target/cycle_v2_ready_success_latch: 0.0000
Metrics/racket_target/cycle_v2_ready_fail_latch: 0.0000
Metrics/racket_target/cycle_v2_attempt_event: 0.0000
Metrics/racket_target/cycle_v2_ready_success_event: 0.0000
Metrics/racket_target/cycle_v2_ready_fail_event: 0.0000
Metrics/racket_target/cycle_v2_unresolved_resample_fail_event: 0.0000
Metrics/racket_target/cycle_v2_resolved_event: 0.0000
Metrics/racket_target/cycle_v2_command_visible_steps: 0.0000
Metrics/racket_target/cycle_v2_elapsed_steps: 0.0000
Metrics/racket_target/cycle_v2_ready_score: 0.0000
Metrics/racket_target/cycle_v2_ready_ok: 0.0000
Metrics/racket_target/cycle_v2_visible: 0.0000
Metrics/racket_target/cycle_v2_ready_score_ok: 0.0000
Metrics/racket_target/cycle_v2_height_ok: 0.0000
Metrics/racket_target/cycle_v2_upright_ok: 0.0000
Metrics/racket_target/cycle_v2_base_lin_vel_ok: 0.0000
Metrics/racket_target/cycle_v2_base_ang_vel_ok: 0.0000
Metrics/racket_target/cycle_v2_feet_ok: 0.0000
Metrics/racket_target/cycle_v2_core_ready_ok: 0.0000
Metrics/racket_target/cycle_v2_ready_consecutive_steps: 0.0000
Metrics/racket_target/single_cycle_bootstrap: 0.0000
Metrics/racket_target/single_cycle_swing_completed: 0.0000
Metrics/racket_target/single_cycle_recovery_active: 0.0000
Metrics/racket_target/single_cycle_recovery_elapsed_steps: 0.0000
Metrics/racket_target/single_cycle_ready_consecutive_steps: 0.0000
Metrics/racket_target/single_cycle_safe_timeout_event: 0.0000
Metrics/racket_target/single_cycle_deadline_timeout_event: 0.0000
Metrics/racket_target/single_cycle_timeout_latch: 0.0000
Metrics/racket_target/single_cycle_hard_failure_event: 0.0000
Metrics/racket_target/single_cycle_probability: 0.0000
Metrics/racket_target/single_cycle_curriculum_level: 0.0000
Metrics/racket_target/single_cycle_effective_deadline_steps: 100.0000
Metrics/racket_target/single_cycle_selected_events: 0.0000
Metrics/racket_target/single_cycle_completed_events: 0.0000
Metrics/racket_target/single_cycle_safe_timeout_events: 0.0000
Metrics/racket_target/single_cycle_deadline_timeout_events: 0.0000
Metrics/racket_target/single_cycle_hard_failure_events: 0.0000
Metrics/racket_target/active_ready_consecutive_steps: 0.0000
Metrics/racket_target/active_ready_success_event: 0.0000
Metrics/racket_target/active_ready_success_latch: 0.0000
Metrics/racket_target/active_ready_survival_steps: 0.0000
Metrics/racket_target/active_ready_survival_next_milestone: 0.0000
Metrics/racket_target/active_ready_survival_milestone_event: 0.0000
Metrics/racket_target/no_command_ready_active: 0.0938
Metrics/racket_target/no_command_from_stand_episode: 0.0000
Metrics/racket_target/no_command_from_default_stand_reset: 0.0000
Metrics/racket_target/no_command_ready_upright_ok: 0.0938
Metrics/racket_target/no_command_ready_motion_ok: 0.0000
Metrics/racket_target/no_command_ready_score: 0.0500
Metrics/racket_target/no_command_ready_progress: -0.0832
Metrics/racket_target/no_command_ready_station_error: 0.0073
Metrics/racket_target/no_command_ready_fixed_station_error: 0.0073
Metrics/racket_target/healthy_training_stage: 3.0000
Metrics/racket_target/healthy_stage_planted_rehearsal: 0.0000
Metrics/racket_target/healthy_stage_station_hold_seen: 0.0000
Metrics/racket_target/healthy_stage_station_arrived: 0.0000
Metrics/racket_target/healthy_stage_station_settled: 0.0000
Metrics/racket_target/healthy_stage_station_settle_steps: 0.0000
Metrics/racket_target/station_relocation_active: 0.0000
Metrics/racket_target/station_relocation_target_offset_y: 0.0000
Metrics/racket_target/station_relocation_error: 0.0000
Metrics/racket_target/station_relocation_arrival_event: 0.0000
Metrics/racket_target/station_relocation_settle_event: 0.0000
Metrics/racket_target/station_relocation_release_event: 0.0000
Metrics/racket_target/station_relocation_timeout_event: 0.0000
Metrics/racket_target/station_relocation_elapsed_steps: 0.0000
Metrics/racket_target/station_relocation_hold_deadline_steps: 0.0000
Metrics/racket_target/lifecycle_recovery_hold_active: 0.0000
Metrics/racket_target/lifecycle_recovery_release_success_event: 0.0000
Metrics/racket_target/lifecycle_recovery_release_fail_event: 0.0000
Metrics/racket_target/station_relocation_level: 0.0000
Metrics/racket_target/station_relocation_arrival_ema: 0.0000
Metrics/racket_target/station_relocation_settle_ema: 0.0000
Metrics/racket_target/station_relocation_contact_ema: 0.0000
Metrics/racket_target/station_relocation_safety_ema: 0.0000
Metrics/racket_target/station_relocation_resolved_events: 0.0000
Metrics/racket_target/station_relocation_terminal_reset_events: 0.0000
Metrics/racket_target/station_relocation_advance_streak: 0.0000
Metrics/racket_target/station_relocation_regress_streak: 0.0000
Metrics/racket_target/station_relocation_effective_max_lin_vel: 0.0000
Metrics/racket_target/station_relocation_effective_max_ang_vel: 0.0000
Metrics/racket_target/station_relocation_effective_min_settle_steps: 0.0000
Metrics/racket_target/ability_curriculum_level: 0.0000
Metrics/racket_target/ability_curriculum_scale: 0.3667
Metrics/racket_target/ability_curriculum_resolved_events: 0.0000
Metrics/racket_target/ability_curriculum_total_resolved_events: 0.0000
Metrics/racket_target/ability_curriculum_advance_streak: 0.0000
Metrics/racket_target/ability_curriculum_regress_streak: 0.0000
Metrics/racket_target/ability_contact_ema: 0.0000
Metrics/racket_target/ability_net_ema: 0.0000
Metrics/racket_target/ability_success_ema: 0.0000
Metrics/racket_target/ability_recovery_ema: 0.0000
Metrics/racket_target/ability_cycle_ema: 0.0000
Metrics/racket_target/ability_cycle_attempt_ema: 0.0000
Metrics/racket_target/ability_cycle_resolved_ema: 0.0000
Metrics/racket_target/ability_forehand_contact_ema: 0.0000
Metrics/racket_target/ability_forehand_net_ema: 0.0000
Metrics/racket_target/ability_forehand_success_ema: 0.0000
Metrics/racket_target/ability_backhand_contact_ema: 0.0000
Metrics/racket_target/ability_backhand_net_ema: 0.0000
Metrics/racket_target/ability_backhand_success_ema: 0.0000
Metrics/racket_target/ability_attempt_ema: 0.0000
Metrics/racket_target/ability_targeted_attempt_ema: 0.0000
Metrics/racket_target/impact_health_floor_progress: 0.0000
Metrics/racket_target/ability_safety_ema: 1.0000
Metrics/racket_target/ability_station_saturation_ema: 0.0000
Metrics/racket_target/ability_healthy_normal_ema: 0.0000
Metrics/racket_target/ability_station_arrival_ema: 0.0000
Metrics/racket_target/ability_station_settle_ema: 0.0000
Metrics/racket_target/planner_hit_plane_blend: 1.0000
Metrics/racket_target/planner_hit_plane_x_delta: 0.0016
Metrics/racket_target/true_strike_table_x: 0.1662
Metrics/racket_target/planner_target_table_x: 0.1662
Metrics/racket_target/workspace_level: 0.0000
Metrics/racket_target/workspace_fringe_sample: 0.0000
Metrics/racket_target/workspace_target_lateral_norm: 0.3897
Metrics/racket_target/workspace_target_table_y: -0.2816
Metrics/racket_target/workspace_playable_y_min: -0.7225
Metrics/racket_target/workspace_playable_y_max: 0.7225
Metrics/racket_target/workspace_active_y_lo: -0.2325
Metrics/racket_target/workspace_active_y_hi: -0.1125
Metrics/racket_target/workspace_motion_seed_blend: 1.0000
Metrics/racket_target/incoming_ball_horizontal_speed: 1.0187
Metrics/racket_target/incoming_ball_speed: 1.5200
Metrics/racket_target/incoming_ball_speed_curriculum_level: 0.0000
Metrics/racket_target/incoming_ball_speed_sample_low: 0.9000
Metrics/racket_target/incoming_ball_speed_sample_high: 1.2500
Metrics/racket_target/station_saturated: 0.0000
Metrics/racket_target/station_raw_clip_excess: 0.0000
Metrics/racket_target/station_saturated_x: 0.0000
Metrics/racket_target/station_saturated_y: 0.0000
Metrics/racket_target/station_raw_clip_excess_x: 0.0000
Metrics/racket_target/station_raw_clip_excess_y: 0.0000
Metrics/racket_target/current_swing_opportunity: 0.2031
Metrics/racket_target/current_swing_attempt: 0.2031
Metrics/racket_target/current_swing_targeted_attempt: 0.2031
Metrics/racket_target/prev_swing_targeted_attempt: 0.7031
Metrics/racket_target/current_swing_unsafe: 0.1562
Metrics/racket_target/current_swing_station_saturated: 0.0000
Metrics/racket_target/impact_health_score: 0.8020
Metrics/racket_target/impact_health_ok: 0.8438
Metrics/racket_target/impact_health_backlean_violation: 0.0032
Metrics/racket_target/impact_health_waist_backfold: 0.0000
Metrics/racket_target/impact_health_base_retreat: 0.0840
Metrics/racket_target/impact_health_torso_gravity_x: 0.2478
Metrics/racket_target/impact_health_torso_ang_vel: 0.5839
Metrics/racket_target/impact_health_com_x: 0.0808
Metrics/racket_target/impact_health_com_y: 0.0833
Metrics/racket_target/post_contact_ready_pending: 0.0000
Metrics/racket_target/post_contact_ready_elapsed_steps: 0.0000
Metrics/racket_target/post_contact_ready_consecutive_steps: 0.0000
Metrics/racket_target/post_contact_ready_diagnostic_pending: 0.0000
Metrics/racket_target/post_contact_ready_diagnostic_elapsed_steps: 0.0000
Metrics/racket_target/post_contact_ready_durable_pending: 0.0000
Metrics/racket_target/post_contact_ready_durable_consecutive_steps: 0.0000
Metrics/racket_target/post_contact_ready_durable_ready_now: 0.0000
Metrics/racket_target/post_contact_ready_durable_success_event: 0.0000
Metrics/racket_target/post_contact_ready_durable_fail_event: 0.0000
Metrics/racket_target/post_contact_ready_durable_resolution_success_rate: 0.0000
Metrics/racket_target/post_contact_ready_durable_resolution_fail_rate: 0.0000
Metrics/racket_target/post_contact_ready_durable_resolution_success_latency_steps: 0.0000
Metrics/racket_target/post_contact_ready_durable_resolution_fail_latency_steps: 0.0000
Metrics/racket_target/post_contact_ready_durable_fail_backlean_rate: 0.0000
Metrics/racket_target/post_contact_ready_durable_fail_forward_lean_rate: 0.0000
Metrics/racket_target/post_contact_ready_durable_fail_torso_ang_vel_rate: 0.0000
Metrics/racket_target/post_contact_ready_durable_fail_base_lin_vel_rate: 0.0000
Metrics/racket_target/post_contact_ready_durable_fail_base_ang_vel_rate: 0.0000
Metrics/racket_target/post_contact_ready_durable_fail_racket_speed_rate: 0.0000
Metrics/racket_target/post_contact_ready_durable_fail_height_rate: 0.0000
Metrics/racket_target/post_contact_ready_durable_fail_com_x_rate: 0.0000
Metrics/racket_target/post_contact_ready_durable_fail_com_y_rate: 0.0000
Metrics/racket_target/post_contact_ready_durable_fail_feet_rate: 0.0000
Metrics/racket_target/post_contact_ready_durable_fail_station_rate: 0.0000
Metrics/racket_target/post_contact_ready_durable_fail_arm_rate: 0.0000
Metrics/racket_target/post_contact_ready_terminal_window_active: 0.0000
Metrics/racket_target/post_contact_ready_terminal_quality: 0.0000
Metrics/racket_target/post_contact_ready_terminal_settlement_event: 0.0000
Metrics/racket_target/post_contact_ready_operational_ready_now: 0.0000
Metrics/racket_target/post_contact_ready_operational_consecutive_steps: 0.0000
Metrics/racket_target/post_contact_ready_safe_settlement_event: 0.0000
Metrics/racket_target/post_contact_ready_unsafe_settlement_event: 0.0000
Metrics/racket_target/post_contact_ready_incomplete_settlement_event: 0.0000
Metrics/racket_target/post_contact_ready_safe_net_cycle_event: 0.0000
Metrics/racket_target/post_contact_ready_terminal_quality_mean: 0.0000
Metrics/racket_target/post_contact_ready_safe_terminal_quality_mean: 0.0000
Metrics/racket_target/post_contact_ready_terminal_safe_rate: 0.0000
Metrics/racket_target/post_contact_ready_terminal_unsafe_rate: 0.0000
Metrics/racket_target/post_contact_ready_terminal_incomplete_rate: 0.0000
Metrics/racket_target/post_contact_ready_safe_net_cycle_rate: 0.0000
Metrics/racket_target/post_contact_ready_score: 0.0000
Metrics/racket_target/post_contact_ready_now: 0.0000
Metrics/racket_target/post_contact_ready_success_event: 0.0000
Metrics/racket_target/post_contact_ready_fail_event: 0.0000
Metrics/racket_target/post_contact_ready_outcome_tier: 0.0000
Metrics/racket_target/post_contact_ready_face_quality: 0.0000
Metrics/racket_target/post_contact_ready_safe_face_net_cycle_value: 0.0000
Metrics/racket_target/post_contact_ready_planner_speed_ratio: 0.0000
Metrics/racket_target/post_contact_ready_planner_direction_error_rad: 0.0000
Metrics/racket_target/post_contact_ready_planner_position_error: 0.0000
Metrics/racket_target/post_contact_ready_impact_health_score: 0.0000
Metrics/racket_target/post_contact_ready_peak_base_ang_vel: 0.0000
Metrics/racket_target/post_contact_ready_peak_ang_vel_excess_increment: 0.0000
Metrics/racket_target/post_contact_ready_envelope_violation_latch: 0.0000
Metrics/racket_target/post_contact_ready_envelope_violation_event: 0.0000
Metrics/racket_target/post_contact_ready_envelope_first_violation_step: 0.0000
Metrics/racket_target/post_contact_ready_envelope_attempts: 0.0000
Metrics/racket_target/post_contact_ready_envelope_violation_rate: 0.0000
Metrics/racket_target/post_contact_ready_envelope_tilt_violation_rate: 0.0000
Metrics/racket_target/post_contact_ready_envelope_pitch_violation_rate: 0.0000
Metrics/racket_target/post_contact_ready_envelope_com_violation_rate: 0.0000
Metrics/racket_target/post_contact_ready_envelope_waist_violation_rate: 0.0000
Metrics/racket_target/post_contact_ready_envelope_leg_violation_rate: 0.0000
Metrics/racket_target/post_contact_ready_envelope_base_ang_vel_violation_rate: 0.0000
Metrics/racket_target/post_contact_ready_resolution_success_rate: 0.0000
Metrics/racket_target/post_contact_ready_resolution_fail_rate: 0.0000
Metrics/racket_target/post_contact_ready_resolution_success_latency_steps: 0.0000
Metrics/racket_target/post_contact_ready_resolution_fail_latency_steps: 0.0000
Metrics/racket_target/post_contact_ready_max_tilt: 0.0000
Metrics/racket_target/post_contact_ready_max_abs_pitch: 0.0000
Metrics/racket_target/post_contact_ready_max_com_x: 0.0000
Metrics/racket_target/post_contact_ready_max_com_y: 0.0000
Metrics/racket_target/post_contact_ready_max_waist_overflow: 0.0000
Metrics/racket_target/post_contact_ready_max_leg_overflow: 0.0000
Metrics/racket_target/post_contact_ready_settlement_velocity_score_ema: 0.0000
Metrics/racket_target/post_contact_ready_settlement_position_gate_ema: 0.0000
Metrics/racket_target/post_contact_ready_settlement_health_gate_ema: 0.0000
Metrics/racket_target/post_contact_ready_settlement_recovery_gate_ema: 0.0000
Metrics/racket_target/post_contact_ready_settlement_total_score_ema: 0.0000
Metrics/racket_target/post_contact_recovery_backlean_error: 0.0000
Metrics/racket_target/post_contact_recovery_directional_progress: 0.0000
Metrics/racket_target/post_contact_ready_torso_ok: 0.0000
Metrics/racket_target/post_contact_ready_motion_ok: 0.0000
Metrics/racket_target/post_contact_ready_support_ok: 0.0000
Metrics/racket_target/post_contact_ready_arm_ok: 0.0000
Metrics/racket_target/post_contact_ready_base_lin_vel_ok: 0.0000
Metrics/racket_target/post_contact_ready_base_ang_vel_ok: 0.0000
Metrics/racket_target/post_contact_ready_racket_speed_ok: 0.0000
Metrics/racket_target/post_contact_ready_height_ok: 0.0000
Metrics/racket_target/post_contact_ready_com_x_ok: 0.0000
Metrics/racket_target/post_contact_ready_com_y_ok: 0.0000
Metrics/racket_target/post_contact_ready_feet_ok: 0.0000
Metrics/racket_target/post_contact_ready_station_ok: 0.0000
Metrics/racket_target/post_contact_ready_fail_torso: 0.0000
Metrics/racket_target/post_contact_ready_fail_base_lin_vel: 0.0000
Metrics/racket_target/post_contact_ready_fail_base_ang_vel: 0.0000
Metrics/racket_target/post_contact_ready_fail_racket_speed: 0.0000
Metrics/racket_target/post_contact_ready_fail_support: 0.0000
Metrics/racket_target/post_contact_ready_fail_arm: 0.0000
Metrics/racket_target/post_contact_ready_shadow_now: 0.0000
Metrics/racket_target/post_contact_ready_shadow_consecutive_steps: 0.0000
Metrics/racket_target/post_contact_ready_shadow_success_latch: 0.0000
Metrics/racket_target/post_contact_ready_curriculum_level: 0.0000
Metrics/racket_target/post_contact_ready_curriculum_fraction: 0.0000
Metrics/racket_target/post_contact_ready_curriculum_success_ema: 0.0000
Metrics/racket_target/post_contact_ready_curriculum_shadow_success_ema: 0.0000
Metrics/racket_target/post_contact_ready_curriculum_resolved_events: 0.0000
Metrics/racket_target/post_contact_ready_curriculum_successful_events: 0.0000
Metrics/racket_target/post_contact_ready_curriculum_targeted_attempt_ema: 0.0000
Metrics/racket_target/post_contact_ready_curriculum_return_success_ema: 0.0000
Metrics/racket_target/post_contact_ready_curriculum_completed_swings: 0.0000
Metrics/racket_target/post_contact_ready_curriculum_advance_streak: 0.0000
Metrics/racket_target/post_contact_ready_curriculum_advance_guard_ok: 0.0000
Metrics/racket_target/post_contact_ready_effective_max_torso_ang_vel: 0.0000
Metrics/racket_target/post_contact_ready_effective_max_base_lin_vel: 0.0000
Metrics/racket_target/post_contact_ready_effective_max_base_ang_vel: 0.0000
Metrics/racket_target/post_contact_ready_effective_max_racket_speed: 0.0000
Metrics/racket_target/post_contact_ready_effective_min_feet_contact: 0.0000
Metrics/racket_target/post_contact_ready_effective_required_consecutive_steps: 0.0000
Metrics/racket_target/post_contact_ready_effective_deadline_steps: 0.0000
Metrics/racket_target/post_contact_ready_curriculum_advance_threshold: 0.0000
Metrics/racket_target/post_contact_ready_curriculum_advance_min_events: 0.0000
Metrics/racket_target/post_contact_ready_curriculum_shadow_threshold: 0.0000
Metrics/racket_target/post_contact_ready_curriculum_min_targeted_attempt_ema: 0.0000
Metrics/racket_target/post_contact_ready_curriculum_min_return_success_ema: 0.0000
Metrics/racket_target/post_contact_ready_curriculum_min_completed_swings: 0.0000
Metrics/racket_target/post_contact_ready_curriculum_required_advance_checks: 0.0000
Metrics/racket_target/racket_normal_error_deg: 73.1050
Metrics/racket_target/impact_normal_error_deg: 3.6944
Metrics/racket_target/impact_racket_vel_error_mps: 0.5885
Metrics/racket_target/impact_racket_speed_ratio: 0.8176
Metrics/racket_target/impact_racket_vel_angle_deg: 13.3367
Metrics/racket_target/impact_racket_actual_vel_x: 0.9093
Metrics/racket_target/impact_racket_actual_vel_y: 0.1351
Metrics/racket_target/impact_racket_actual_vel_z: 1.4695
Metrics/racket_target/impact_racket_target_vel_x: 1.3646
Metrics/racket_target/impact_racket_target_vel_y: 0.0051
Metrics/racket_target/impact_racket_target_vel_z: 1.3995
Metrics/racket_target/impact_ball_out_error_mps: 2.2857
Metrics/racket_target/impact_face_radial_error_m: 0.0460
Metrics/racket_target/impact_face_normal_gap_m: 0.0192
Metrics/racket_target/impact_face_quality: 0.7031
Metrics/racket_target/impact_center_contact: 0.0000
Metrics/racket_target/impact_center_net_cross: 0.0000
Metrics/racket_target/impact_center_on_opponent: 0.0000
Metrics/racket_target/impact_rim_contact: 0.0000
Metrics/racket_target/impact_rim_net_cross: 0.0000
Metrics/racket_target/impact_rim_on_opponent: 0.0000
Metrics/racket_target/impact_analytic_outer_contact: 0.0000
Metrics/racket_target/impact_analytic_outer_net_cross: 0.0000
Metrics/racket_target/impact_analytic_outer_on_opponent: 0.0000
Metrics/racket_target/impact_planner_pos_error_m: 0.0523
Metrics/racket_target/impact_planner_vel_error_mps: 0.5885
Metrics/racket_target/impact_planner_speed_ratio: 0.8176
Metrics/racket_target/impact_planner_vel_angle_deg: 13.3367
Metrics/racket_target/impact_healthy_normal_ok: 0.0000
Metrics/racket_target/impact_healthy_contact: 0.0000
Metrics/racket_target/impact_healthy_net_cross: 0.0000
Metrics/racket_target/impact_healthy_on_opponent: 0.0000
Metrics/racket_target/current_swing_impact_health_score: 0.0000
Metrics/racket_target/current_swing_healthy_contact: 0.0000
Metrics/racket_target/current_swing_healthy_net_cross: 0.0000
Metrics/racket_target/current_swing_healthy_on_opponent: 0.0000
Metrics/racket_target/current_swing_healthy_normal_ok: 0.2031
Metrics/racket_target/current_swing_contact: 0.0000
Metrics/racket_target/current_swing_net_cross: 0.0000
Metrics/racket_target/current_swing_on_opponent: 0.0000
Metrics/racket_target/current_swing_center_contact: 0.0000
Metrics/racket_target/current_swing_center_net_cross: 0.0000
Metrics/racket_target/current_swing_center_on_opponent: 0.0000
Metrics/racket_target/current_swing_rim_contact: 0.0000
Metrics/racket_target/current_swing_rim_net_cross: 0.0000
Metrics/racket_target/current_swing_rim_on_opponent: 0.0000
Metrics/racket_target/current_swing_analytic_outer_contact: 0.0000
Metrics/racket_target/current_swing_analytic_outer_net_cross: 0.0000
Metrics/racket_target/current_swing_analytic_outer_on_opponent: 0.0000
Metrics/racket_target/cycle_v2_outcome_tier: -1.0000
Metrics/racket_target/cycle_v2_streak: 0.0000
Metrics/racket_target/closed_loop_recovery_trigger_event: 0.0000
Metrics/racket_target/closed_loop_cycle_success_event: 0.0000
Metrics/racket_target/closed_loop_durable_cycle_success_event: 0.0000
Metrics/racket_target/closed_loop_phase_id: 1.1094
Metrics/racket_target/closed_loop_phase_ready_no_command: 0.0938
Metrics/racket_target/closed_loop_phase_command_acquire: 0.7031
Metrics/racket_target/closed_loop_phase_pre_strike: 0.2031
Metrics/racket_target/closed_loop_phase_strike: 0.0000
Metrics/racket_target/closed_loop_phase_follow_through: 0.0000
Metrics/racket_target/closed_loop_phase_recovery: 0.0000
Metrics/racket_target/closed_loop_phase_next_ready: 0.0000
Metrics/racket_target/post_contact_phase_impact_0_100ms_attempts: 0.0000
Metrics/racket_target/post_contact_phase_impact_0_100ms_tilt_gt_0p1_rate: 0.0000
Metrics/racket_target/post_contact_phase_impact_0_100ms_pitch_gt_0p1_rate: 0.0000
Metrics/racket_target/post_contact_phase_impact_0_100ms_waist_overflow_gt_1p0_rate: 0.0000
Metrics/racket_target/post_contact_phase_impact_0_100ms_base_ang_vel_gt_0p8_rate: 0.0000
Metrics/racket_target/post_contact_phase_brake_100_300ms_attempts: 0.0000
Metrics/racket_target/post_contact_phase_brake_100_300ms_tilt_gt_0p1_rate: 0.0000
Metrics/racket_target/post_contact_phase_brake_100_300ms_pitch_gt_0p1_rate: 0.0000
Metrics/racket_target/post_contact_phase_brake_100_300ms_waist_overflow_gt_1p0_rate: 0.0000
Metrics/racket_target/post_contact_phase_brake_100_300ms_base_ang_vel_gt_0p8_rate: 0.0000
Metrics/racket_target/post_contact_phase_settle_300_600ms_attempts: 0.0000
Metrics/racket_target/post_contact_phase_settle_300_600ms_tilt_gt_0p1_rate: 0.0000
Metrics/racket_target/post_contact_phase_settle_300_600ms_pitch_gt_0p1_rate: 0.0000
Metrics/racket_target/post_contact_phase_settle_300_600ms_waist_overflow_gt_1p0_rate: 0.0000
Metrics/racket_target/post_contact_phase_settle_300_600ms_base_ang_vel_gt_0p8_rate: 0.0000
Metrics/racket_target/post_contact_phase_ready_after_600ms_attempts: 0.0000
Metrics/racket_target/post_contact_phase_ready_after_600ms_tilt_gt_0p1_rate: 0.0000
Metrics/racket_target/post_contact_phase_ready_after_600ms_pitch_gt_0p1_rate: 0.0000
Metrics/racket_target/post_contact_phase_ready_after_600ms_waist_overflow_gt_1p0_rate: 0.0000
Metrics/racket_target/post_contact_phase_ready_after_600ms_base_ang_vel_gt_0p8_rate: 0.0000
Metrics/racket_target/physical_contact_health_score: 0.0000
Metrics/racket_target/physical_recovery_pending: 0.0000
Metrics/racket_target/physical_recovery_tier: 0.0000
Metrics/racket_target/physical_recovery_success_event: 0.0000
Metrics/racket_target/physical_recovery_failure_event: 0.0000
Metrics/racket_target/physical_ability_level: 0.0000
Metrics/racket_target/physical_ability_batch_events: 125.0000
Metrics/racket_target/physical_ability_contact_ema: 0.0000
Metrics/racket_target/physical_ability_net_ema: 0.0000
Metrics/racket_target/physical_ability_bounce_ema: 0.0000
Metrics/racket_target/physical_ability_recovery_ema: 0.0000
Metrics/racket_target/physical_ability_safety_ema: 0.0000
Metrics/racket_target/base_pitch_like_signed: -0.1315
Metrics/racket_target/base_backward_velocity: 0.1520
Metrics/racket_target/waist_action_rms: 0.6123
Metrics/racket_target/right_arm_action_rms: 3.5397
Metrics/racket_target/leg_action_rms: 0.5542
Metrics/racket_target/action_abs_max: 6.3714
Metrics/racket_target/applied_action_abs_max: 6.3714
Metrics/racket_target/leg_action_abs_max: 1.1229
Metrics/racket_target/effective_action_abs_max: 6.3713
Metrics/racket_target/action_clamp_fraction: 0.0000
Metrics/racket_target/waist_action_clamp_fraction: 0.0000
Metrics/racket_target/right_arm_action_clamp_fraction: 0.0000
Metrics/racket_target/leg_action_clamp_fraction: 0.0000
Metrics/racket_target/waist_q_tracking_error_rms: 0.3767
Metrics/racket_target/right_arm_q_tracking_error_rms: 0.2338
Metrics/racket_target/leg_q_tracking_error_rms: 0.2204
Metrics/racket_target/waist_torque_clip_fraction: 0.0000
Metrics/racket_target/right_arm_torque_clip_fraction: 0.0000
Metrics/racket_target/leg_torque_clip_fraction: 0.0000
Metrics/racket_target/waist_action_delta_rms: 0.1654
Metrics/racket_target/right_arm_action_delta_rms: 0.3370
Metrics/racket_target/leg_action_delta_rms: 0.2070
Metrics/racket_target/waist_joint_vel_rms: 0.7462
Metrics/racket_target/right_arm_joint_vel_rms: 1.9808
Metrics/racket_target/leg_joint_vel_rms: 0.8370
Metrics/racket_target/recovery_leg_action_abs_max: 0.2492
Metrics/racket_target/recovery_leg_action_delta_rms: 0.0562
Metrics/racket_target/recovery_leg_joint_vel_rms: 0.3330
     Metrics/physical_shadow/phase: 1.5156
Metrics/physical_shadow/route_valid: 1.0000
Metrics/physical_shadow/serve_event: 0.0000
Metrics/physical_shadow/incoming_bounce_event: 0.0000
Metrics/physical_shadow/contact_event: 0.0000
Metrics/physical_shadow/net_cross_event: 0.0000
Metrics/physical_shadow/outgoing_landing_event: 0.0000
Metrics/physical_shadow/opponent_bounce_event: 0.0000
Metrics/physical_shadow/landing_short_event: 0.0000
Metrics/physical_shadow/landing_long_event: 0.0000
Metrics/physical_shadow/landing_side_event: 0.0000
Metrics/physical_shadow/landing_no_net_event: 0.0000
Metrics/physical_shadow/abort_event: 0.0000
Metrics/physical_shadow/timeout_event: 0.0000
Metrics/physical_shadow/route_unalignable_event: 0.0000
Metrics/physical_shadow/route_invalid_event: 0.0000
Metrics/physical_shadow/incoming_net_collision_event: 0.0000
Metrics/physical_shadow/reset_abort_event: 0.0000
Metrics/physical_shadow/incoming_bounce_latch: 0.2031
Metrics/physical_shadow/contact_latch: 0.0000
Metrics/physical_shadow/net_cross_latch: 0.0000
Metrics/physical_shadow/opponent_bounce_latch: 0.0000
Metrics/physical_shadow/launch_timing_error_s: 0.0041
Metrics/physical_shadow/contact_true_target_error: 0.0000
Metrics/physical_shadow/contact_planner_position_error: 0.0000
Metrics/physical_shadow/contact_planner_velocity_error: 0.0000
Metrics/physical_shadow/contact_planner_velocity_direction_error_deg: 0.0000
Metrics/physical_shadow/contact_planner_normal_error_deg: 0.0000
Metrics/physical_shadow/contact_outgoing_velocity_error: 0.0000
Metrics/physical_shadow/contact_outgoing_speed: 0.0000
Metrics/physical_shadow/contact_target_outgoing_speed: 0.0000
Metrics/physical_shadow/contact_outgoing_speed_ratio: 0.0000
Metrics/physical_shadow/contact_outgoing_direction_error_deg: 0.0000
Metrics/physical_shadow/contact_outgoing_velocity_x: 0.0000
Metrics/physical_shadow/contact_outgoing_velocity_y: 0.0000
Metrics/physical_shadow/contact_outgoing_velocity_z: 0.0000
Metrics/physical_shadow/contact_target_outgoing_velocity_x: 0.0000
Metrics/physical_shadow/contact_target_outgoing_velocity_y: 0.0000
Metrics/physical_shadow/contact_target_outgoing_velocity_z: 0.0000
Metrics/physical_shadow/contact_incoming_velocity_error: 0.0000
Metrics/physical_shadow/contact_incoming_velocity_direction_error_deg: 0.0000
Metrics/physical_shadow/contact_route_incoming_velocity_error: 0.0000
Metrics/physical_shadow/contact_route_incoming_velocity_direction_error_deg: 0.0000
Metrics/physical_shadow/contact_actual_route_incoming_velocity_error: 0.0000
Metrics/physical_shadow/contact_command_normal_only_error: 0.0000
Metrics/physical_shadow/contact_command_training_model_error: 0.0000
Metrics/physical_shadow/contact_command_physics_model_error: 0.0000
Metrics/physical_shadow/contact_actual_training_model_residual: 0.0000
Metrics/physical_shadow/contact_actual_physics_model_residual: 0.0000
Metrics/physical_shadow/contact_actual_normal_only_model_residual: 0.0000
Metrics/physical_shadow/contact_actual_training_predicted_target_error: 0.0000
Metrics/physical_shadow/contact_actual_physics_predicted_target_error: 0.0000
Metrics/physical_shadow/contact_actual_normal_only_predicted_target_error: 0.0000
Metrics/physical_shadow/contact_force_direction_valid: 0.0000
Metrics/physical_shadow/contact_force_vs_racket_normal_angle_deg: 0.0000
Metrics/physical_shadow/contact_actual_force_direction_model_residual: 0.0000
Metrics/physical_shadow/contact_actual_force_direction_predicted_target_error: 0.0000
Metrics/physical_shadow/contact_physx_data_valid: 0.0000
Metrics/physical_shadow/contact_physx_force: 0.0000
Metrics/physical_shadow/contact_physx_separation: 0.0000
Metrics/physical_shadow/contact_physx_normal_error_deg: 0.0000
Metrics/physical_shadow/contact_physx_point_radial_error: 0.0000
Metrics/physical_shadow/contact_actual_physx_normal_model_residual: 0.0000
Metrics/physical_shadow/contact_actual_physx_normal_predicted_target_error: 0.0000
Metrics/physical_shadow/contact_physx_substep_valid: 0.0000
Metrics/physical_shadow/contact_physx_substep_normal_error_deg: 0.0000
Metrics/physical_shadow/contact_physx_substep_point_radial_error: 0.0000
Metrics/physical_shadow/contact_physx_substep_point_normal_offset: 0.0000
Metrics/physical_shadow/contact_physx_patch_substeps: 0.0000
Metrics/physical_shadow/contact_physx_normal_impulse: 0.0000
Metrics/physical_shadow/contact_physx_capture_lag_s: 0.0000
Metrics/physical_shadow/contact_physx_contact_point_speed_delta: 0.0000
Metrics/physical_shadow/contact_physx_substep_link_model_residual: 0.0000
Metrics/physical_shadow/contact_physx_substep_point_model_residual: 0.0000
Metrics/physical_shadow/contact_physx_substep_outgoing_target_error: 0.0000
Metrics/physical_shadow/contact_physx_measured_restitution: 0.0000
Metrics/physical_shadow/contact_physx_pre_ball_speed: 0.0000
Metrics/physical_shadow/contact_physx_post_ball_speed: 0.0000
Metrics/physical_shadow/contact_physx_point_x: 0.0000
Metrics/physical_shadow/contact_physx_point_y: 0.0000
Metrics/physical_shadow/contact_physx_point_z: 0.0000
Metrics/physical_shadow/contact_physx_normal_x: 0.0000
Metrics/physical_shadow/contact_physx_normal_y: 0.0000
Metrics/physical_shadow/contact_physx_normal_z: 0.0000
Metrics/physical_shadow/contact_physx_pre_ball_velocity_x: 0.0000
Metrics/physical_shadow/contact_physx_pre_ball_velocity_y: 0.0000
Metrics/physical_shadow/contact_physx_pre_ball_velocity_z: 0.0000
Metrics/physical_shadow/contact_physx_post_ball_velocity_x: 0.0000
Metrics/physical_shadow/contact_physx_post_ball_velocity_y: 0.0000
Metrics/physical_shadow/contact_physx_post_ball_velocity_z: 0.0000
Metrics/physical_shadow/contact_physx_pre_racket_point_velocity_x: 0.0000
Metrics/physical_shadow/contact_physx_pre_racket_point_velocity_y: 0.0000
Metrics/physical_shadow/contact_physx_pre_racket_point_velocity_z: 0.0000
Metrics/physical_shadow/contact_physx_post_racket_point_velocity_x: 0.0000
Metrics/physical_shadow/contact_physx_post_racket_point_velocity_y: 0.0000
Metrics/physical_shadow/contact_physx_post_racket_point_velocity_z: 0.0000
Metrics/physical_shadow/contact_physx_pre_ball_angular_velocity_x: 2.1293
Metrics/physical_shadow/contact_physx_pre_ball_angular_velocity_y: -54.6394
Metrics/physical_shadow/contact_physx_pre_ball_angular_velocity_z: -0.0000
Metrics/physical_shadow/contact_physx_post_ball_angular_velocity_x: 2.6692
Metrics/physical_shadow/contact_physx_post_ball_angular_velocity_y: -23.3682
Metrics/physical_shadow/contact_physx_post_ball_angular_velocity_z: -2.0526
Metrics/physical_shadow/contact_physx_pre_ball_surface_tangent_speed: 0.8396
Metrics/physical_shadow/contact_physx_post_ball_spin_speed: 24.1505
Metrics/physical_shadow/contact_impact_normal_error_deg: 0.0000
Metrics/physical_shadow/contact_wire_impact_normal_gap_deg: 0.0000
Metrics/physical_shadow/contact_face_radial_error: 0.0000
Metrics/physical_shadow/contact_time_to_strike: 0.0000
Metrics/physical_shadow/landing_target_error: 0.0000
Metrics/physical_shadow/landing_target_x_error: 0.0000
Metrics/physical_shadow/landing_target_y_error: 0.0000
Metrics/physical_shadow/landing_position_x: 0.0000
Metrics/physical_shadow/landing_position_y: 0.0000
Metrics/physical_shadow/minimum_ball_racket_distance: 1.3381
      Episode_Termination/time_out: 1.2188
  Episode_Termination/base_too_low: 0.1875
   Episode_Termination/base_tilted: 0.2500
   Episode_Termination/table_touch: 0.0000
Episode_Termination/persistent_action_overflow: 0.0000
--------------------------------------------------------------------------------
                   Total timesteps: 28672
                    Iteration time: 3.17s
                      Time elapsed: 00:00:23
                               ETA: 00:00:06

################################################################################
                        [1m Learning iteration 7/8 [0m                        

                       Computation: 1238 steps/s (collection: 3.259s, learning 0.047s)
             Mean action noise std: 0.10
          Mean value_function loss: 0.3732
               Mean surrogate loss: -0.0151
                 Mean entropy loss: -27.3927
        Mean actor_anchor_rms loss: 0.0001
Mean actor_anchor_relative_l2 loss: 0.0019
 Mean actor_anchor_exempt_rms loss: 0.0000
                       Mean reward: 5.40
               Mean episode length: 129.91
 Episode_Reward/undesired_contacts: 0.0000
  Episode_Reward/feet_contact_slip: -0.0012
     Episode_Reward/table_no_touch: -0.0000
              Episode_Reward/alive: 0.0079
            Episode_Reward/upright: -0.0036
          Episode_Reward/imitation: 0.1802
    Episode_Reward/racket_position: 0.0161
    Episode_Reward/racket_velocity: 0.0086
Episode_Reward/planner_racket_task_space_crossfade: 0.1116
    Episode_Reward/blade_direction: 0.0088
Episode_Reward/healthy_trunk_support: 0.1044
 Episode_Reward/pre_strike_station: 0.0362
    Episode_Reward/recovery_health: 0.1153
Episode_Reward/no_command_ready_stability: 0.0117
Episode_Reward/post_strike_base_ang_vel: 0.0128
Episode_Reward/phase_action_overflow: -0.0001
     Episode_Reward/strike_balance: 0.0063
Episode_Reward/prestrike_station_progress: 0.0001
 Episode_Reward/lower_body_support: 0.0327
Episode_Reward/termination_penalty: 0.0000
Episode_Reward/phase_action_rate_waist: -0.0002
Episode_Reward/phase_action_rate_upper: -0.0003
Episode_Reward/phase_action_rate_legs: -0.0001
        Episode_Reward/joint_limit: -0.0160
Episode_Reward/prestrike_racket_progress: 0.0964
Episode_Reward/near_impact_planner_velocity_progress: 0.0164
Episode_Reward/operational_joint_margin: -0.0037
  Episode_Reward/joint_target_slew: -0.0132
Episode_Reward/actuator_waist_feasibility: -0.0001
Episode_Reward/actuator_right_arm_feasibility: -0.0000
Episode_Reward/actuator_leg_feasibility: -0.0000
Episode_Reward/physical_outcome_events: 0.0048
Episode_Reward/physical_recovery_settlement: 0.0026
Episode_Reward/physical_capability_curriculum: 0.0000
    Metrics/motion/error_joint_pos: 1.8011
    Metrics/motion/error_joint_vel: 6.1088
     Metrics/motion/error_body_pos: 0.1189
     Metrics/motion/error_body_rot: 0.5880
       Metrics/motion/motion_phase: 0.2492
            Metrics/motion/in_hold: 0.2188
Metrics/motion/motion_start_warmup_prob: 0.7500
Metrics/motion/motion_start_lifecycle_progress: 0.0000
Metrics/motion/motion_start_effective_prestrike_fraction: 1.0000
Metrics/motion/motion_start_effective_recovery_fraction: 0.0000
Metrics/motion/motion_start_effective_rsi_fraction: 0.0000
 Metrics/motion/motion_start_reset: 0.0000
Metrics/motion/motion_start_prestrike_reset: 0.0000
Metrics/motion/motion_start_recovery_reset: 0.0000
Metrics/motion/motion_start_rsi_reset: 0.0000
 Metrics/motion/single_cycle_reset: 0.0000
     Metrics/motion/motion_clip_id: 0.5000
Metrics/motion/motion_supplemental_clip: 0.0000
      Metrics/motion/stand_episode: 0.2188
Metrics/motion/default_stand_reset: 0.2188
Metrics/motion/error_body_pos_lower: 0.1182
Metrics/motion/error_body_rot_lower: 0.6008
Metrics/motion/error_body_lin_vel_lower: 0.1039
Metrics/motion/error_body_ang_vel_lower: 0.7877
Metrics/motion/reference_body_lin_speed_lower: 0.0199
Metrics/motion/robot_body_lin_speed_lower: 0.1007
Metrics/motion/error_body_pos_core: 0.0577
Metrics/motion/error_body_rot_core: 0.2849
Metrics/motion/error_body_lin_vel_core: 0.1290
Metrics/motion/error_body_ang_vel_core: 0.9642
Metrics/motion/reference_body_lin_speed_core: 0.0283
Metrics/motion/robot_body_lin_speed_core: 0.1274
Metrics/motion/error_body_pos_upper: 0.1401
Metrics/motion/error_body_rot_upper: 0.6763
Metrics/motion/error_body_lin_vel_upper: 0.7047
Metrics/motion/error_body_ang_vel_upper: 2.3294
Metrics/motion/reference_body_lin_speed_upper: 0.1173
Metrics/motion/robot_body_lin_speed_upper: 0.7696
Metrics/motion/error_joint_pos_waist: 0.4450
Metrics/motion/error_joint_vel_waist: 1.3213
Metrics/motion/reference_joint_speed_waist: 0.0320
Metrics/motion/error_joint_pos_arms: 1.5653
Metrics/motion/error_joint_vel_arms: 5.2394
Metrics/motion/reference_joint_speed_arms: 0.2548
Metrics/motion/error_joint_pos_legs: 0.7058
Metrics/motion/error_joint_vel_legs: 2.5382
Metrics/motion/reference_joint_speed_legs: 0.0062
Metrics/racket_target/racket_pos_error: 0.1157
Metrics/racket_target/racket_vel_error: 1.0493
Metrics/racket_target/time_to_strike: 0.3931
Metrics/racket_target/return_success: 0.6562
Metrics/racket_target/prev_return_success: 0.6562
Metrics/racket_target/prev_net_cross: 0.6562
Metrics/racket_target/current_net_cross: 0.2188
Metrics/racket_target/racket_pos_curriculum_scale: 0.3667
Metrics/racket_target/impact_inverse_command_blend: 0.0000
Metrics/racket_target/steps_since_target_resample: 116.8750
Metrics/racket_target/recovery_height_error: 0.0230
Metrics/racket_target/recovery_upright_error: 0.1902
Metrics/racket_target/recovery_base_lin_vel: 0.0820
Metrics/racket_target/recovery_base_ang_vel: 0.7988
Metrics/racket_target/recovery_station_error: 0.0636
Metrics/racket_target/recovery_feet_contact_frac: 1.0000
Metrics/racket_target/recovery_racket_speed: 1.9822
Metrics/racket_target/recovery_height_score: 0.9427
Metrics/racket_target/recovery_upright_score: 0.5872
Metrics/racket_target/recovery_lin_vel_score: 0.8700
Metrics/racket_target/recovery_ang_vel_score: 0.3888
Metrics/racket_target/recovery_station_score: 0.8899
Metrics/racket_target/recovery_racket_score: 0.1223
Metrics/racket_target/recovery_arm_score: 0.4645
Metrics/racket_target/recovery_ready_score: 0.7050
Metrics/racket_target/recovery_anchor_arm_score: 1.0000
Metrics/racket_target/recovery_core_ready_score: 0.5985
Metrics/racket_target/recovery_functional_ready_score: 0.5108
Metrics/racket_target/waist_action_overflow_rms: 0.0000
Metrics/racket_target/right_arm_action_overflow_rms: 0.0000
Metrics/racket_target/leg_action_overflow_rms: 0.0000
Metrics/racket_target/operational_margin_fraction: 0.0000
Metrics/racket_target/waist_operational_margin_fraction: 0.0000
Metrics/racket_target/right_arm_operational_margin_fraction: 0.0000
Metrics/racket_target/leg_operational_margin_fraction: 0.0000
Metrics/racket_target/waist_operational_excess_rms: 0.0000
Metrics/racket_target/right_arm_operational_excess_rms: 0.0000
Metrics/racket_target/leg_operational_excess_rms: 0.0000
Metrics/racket_target/q_des_velocity_violation_fraction: 0.0323
Metrics/racket_target/waist_q_des_velocity_violation_fraction: 0.0000
Metrics/racket_target/right_arm_q_des_velocity_violation_fraction: 0.0312
Metrics/racket_target/leg_q_des_velocity_violation_fraction: 0.0651
Metrics/racket_target/q_des_acceleration_violation_fraction: 0.5554
Metrics/racket_target/waist_q_des_acceleration_violation_fraction: 0.6979
Metrics/racket_target/right_arm_q_des_acceleration_violation_fraction: 0.5045
Metrics/racket_target/leg_q_des_acceleration_violation_fraction: 0.7526
Metrics/racket_target/waist_q_des_velocity_rms: 3.5424
Metrics/racket_target/right_arm_q_des_velocity_rms: 5.1937
Metrics/racket_target/leg_q_des_velocity_rms: 6.2432
Metrics/racket_target/waist_q_des_acceleration_rms: 313.0775
Metrics/racket_target/right_arm_q_des_acceleration_rms: 287.1436
Metrics/racket_target/leg_q_des_acceleration_rms: 510.3120
Metrics/racket_target/action_operational_feasibility_score: 1.0000
Metrics/racket_target/actuator_overflow_consecutive_steps: 0.0000
Metrics/racket_target/actuator_overflow_severe: 0.0000
Metrics/racket_target/recovery_phase_gate: 0.2188
Metrics/racket_target/recovery_phase_ready_score: 0.1491
Metrics/racket_target/recovery_contact_ready_score: 0.0000
Metrics/racket_target/recovery_net_ready_score: 0.0000
Metrics/racket_target/recovery_return_ready_score: 0.0000
Metrics/racket_target/cycle_success_ready_score: 0.0000
Metrics/racket_target/cycle_success_soft: 0.0000
Metrics/racket_target/cycle_success_binary: 0.0000
Metrics/racket_target/cycle_v2_pending: 0.0000
Metrics/racket_target/cycle_v2_attempt_latch: 0.0000
Metrics/racket_target/cycle_v2_ready_success_latch: 0.0000
Metrics/racket_target/cycle_v2_ready_fail_latch: 0.0000
Metrics/racket_target/cycle_v2_attempt_event: 0.0000
Metrics/racket_target/cycle_v2_ready_success_event: 0.0000
Metrics/racket_target/cycle_v2_ready_fail_event: 0.0000
Metrics/racket_target/cycle_v2_unresolved_resample_fail_event: 0.0000
Metrics/racket_target/cycle_v2_resolved_event: 0.0000
Metrics/racket_target/cycle_v2_command_visible_steps: 0.0000
Metrics/racket_target/cycle_v2_elapsed_steps: 0.0000
Metrics/racket_target/cycle_v2_ready_score: 0.0000
Metrics/racket_target/cycle_v2_ready_ok: 0.0000
Metrics/racket_target/cycle_v2_visible: 0.0000
Metrics/racket_target/cycle_v2_ready_score_ok: 0.0000
Metrics/racket_target/cycle_v2_height_ok: 0.0000
Metrics/racket_target/cycle_v2_upright_ok: 0.0000
Metrics/racket_target/cycle_v2_base_lin_vel_ok: 0.0000
Metrics/racket_target/cycle_v2_base_ang_vel_ok: 0.0000
Metrics/racket_target/cycle_v2_feet_ok: 0.0000
Metrics/racket_target/cycle_v2_core_ready_ok: 0.0000
Metrics/racket_target/cycle_v2_ready_consecutive_steps: 0.0000
Metrics/racket_target/single_cycle_bootstrap: 0.0000
Metrics/racket_target/single_cycle_swing_completed: 0.0000
Metrics/racket_target/single_cycle_recovery_active: 0.0000
Metrics/racket_target/single_cycle_recovery_elapsed_steps: 0.0000
Metrics/racket_target/single_cycle_ready_consecutive_steps: 0.0000
Metrics/racket_target/single_cycle_safe_timeout_event: 0.0000
Metrics/racket_target/single_cycle_deadline_timeout_event: 0.0000
Metrics/racket_target/single_cycle_timeout_latch: 0.0000
Metrics/racket_target/single_cycle_hard_failure_event: 0.0000
Metrics/racket_target/single_cycle_probability: 0.0000
Metrics/racket_target/single_cycle_curriculum_level: 0.0000
Metrics/racket_target/single_cycle_effective_deadline_steps: 100.0000
Metrics/racket_target/single_cycle_selected_events: 0.0000
Metrics/racket_target/single_cycle_completed_events: 0.0000
Metrics/racket_target/single_cycle_safe_timeout_events: 0.0000
Metrics/racket_target/single_cycle_deadline_timeout_events: 0.0000
Metrics/racket_target/single_cycle_hard_failure_events: 0.0000
Metrics/racket_target/active_ready_consecutive_steps: 0.0000
Metrics/racket_target/active_ready_success_event: 0.0000
Metrics/racket_target/active_ready_success_latch: 0.0000
Metrics/racket_target/active_ready_survival_steps: 0.0000
Metrics/racket_target/active_ready_survival_next_milestone: 0.0000
Metrics/racket_target/active_ready_survival_milestone_event: 0.0000
Metrics/racket_target/no_command_ready_active: 0.2188
Metrics/racket_target/no_command_from_stand_episode: 0.2188
Metrics/racket_target/no_command_from_default_stand_reset: 0.2188
Metrics/racket_target/no_command_ready_upright_ok: 0.2188
Metrics/racket_target/no_command_ready_motion_ok: 0.0000
Metrics/racket_target/no_command_ready_score: 0.1491
Metrics/racket_target/no_command_ready_progress: -0.1757
Metrics/racket_target/no_command_ready_station_error: 0.0257
Metrics/racket_target/no_command_ready_fixed_station_error: 0.0257
Metrics/racket_target/healthy_training_stage: 3.0000
Metrics/racket_target/healthy_stage_planted_rehearsal: 0.0000
Metrics/racket_target/healthy_stage_station_hold_seen: 0.0000
Metrics/racket_target/healthy_stage_station_arrived: 0.0000
Metrics/racket_target/healthy_stage_station_settled: 0.0000
Metrics/racket_target/healthy_stage_station_settle_steps: 0.0000
Metrics/racket_target/station_relocation_active: 0.0000
Metrics/racket_target/station_relocation_target_offset_y: 0.0000
Metrics/racket_target/station_relocation_error: 0.0000
Metrics/racket_target/station_relocation_arrival_event: 0.0000
Metrics/racket_target/station_relocation_settle_event: 0.0000
Metrics/racket_target/station_relocation_release_event: 0.0000
Metrics/racket_target/station_relocation_timeout_event: 0.0000
Metrics/racket_target/station_relocation_elapsed_steps: 0.0000
Metrics/racket_target/station_relocation_hold_deadline_steps: 0.0000
Metrics/racket_target/lifecycle_recovery_hold_active: 0.0000
Metrics/racket_target/lifecycle_recovery_release_success_event: 0.0000
Metrics/racket_target/lifecycle_recovery_release_fail_event: 0.0000
Metrics/racket_target/station_relocation_level: 0.0000
Metrics/racket_target/station_relocation_arrival_ema: 0.0000
Metrics/racket_target/station_relocation_settle_ema: 0.0000
Metrics/racket_target/station_relocation_contact_ema: 0.0000
Metrics/racket_target/station_relocation_safety_ema: 0.0000
Metrics/racket_target/station_relocation_resolved_events: 0.0000
Metrics/racket_target/station_relocation_terminal_reset_events: 0.0000
Metrics/racket_target/station_relocation_advance_streak: 0.0000
Metrics/racket_target/station_relocation_regress_streak: 0.0000
Metrics/racket_target/station_relocation_effective_max_lin_vel: 0.0000
Metrics/racket_target/station_relocation_effective_max_ang_vel: 0.0000
Metrics/racket_target/station_relocation_effective_min_settle_steps: 0.0000
Metrics/racket_target/ability_curriculum_level: 0.0000
Metrics/racket_target/ability_curriculum_scale: 0.3667
Metrics/racket_target/ability_curriculum_resolved_events: 0.0000
Metrics/racket_target/ability_curriculum_total_resolved_events: 0.0000
Metrics/racket_target/ability_curriculum_advance_streak: 0.0000
Metrics/racket_target/ability_curriculum_regress_streak: 0.0000
Metrics/racket_target/ability_contact_ema: 0.0000
Metrics/racket_target/ability_net_ema: 0.0000
Metrics/racket_target/ability_success_ema: 0.0000
Metrics/racket_target/ability_recovery_ema: 0.0000
Metrics/racket_target/ability_cycle_ema: 0.0000
Metrics/racket_target/ability_cycle_attempt_ema: 0.0000
Metrics/racket_target/ability_cycle_resolved_ema: 0.0000
Metrics/racket_target/ability_forehand_contact_ema: 0.0000
Metrics/racket_target/ability_forehand_net_ema: 0.0000
Metrics/racket_target/ability_forehand_success_ema: 0.0000
Metrics/racket_target/ability_backhand_contact_ema: 0.0000
Metrics/racket_target/ability_backhand_net_ema: 0.0000
Metrics/racket_target/ability_backhand_success_ema: 0.0000
Metrics/racket_target/ability_attempt_ema: 0.0000
Metrics/racket_target/ability_targeted_attempt_ema: 0.0000
Metrics/racket_target/impact_health_floor_progress: 0.0000
Metrics/racket_target/ability_safety_ema: 1.0000
Metrics/racket_target/ability_station_saturation_ema: 0.0000
Metrics/racket_target/ability_healthy_normal_ema: 0.0000
Metrics/racket_target/ability_station_arrival_ema: 0.0000
Metrics/racket_target/ability_station_settle_ema: 0.0000
Metrics/racket_target/planner_hit_plane_blend: 1.0000
Metrics/racket_target/planner_hit_plane_x_delta: -0.0049
Metrics/racket_target/true_strike_table_x: 0.1594
Metrics/racket_target/planner_target_table_x: 0.1594
Metrics/racket_target/workspace_level: 0.0000
Metrics/racket_target/workspace_fringe_sample: 0.0000
Metrics/racket_target/workspace_target_lateral_norm: 0.3780
Metrics/racket_target/workspace_target_table_y: -0.2731
Metrics/racket_target/workspace_playable_y_min: -0.7225
Metrics/racket_target/workspace_playable_y_max: 0.7225
Metrics/racket_target/workspace_active_y_lo: -0.2200
Metrics/racket_target/workspace_active_y_hi: -0.1000
Metrics/racket_target/workspace_motion_seed_blend: 1.0000
Metrics/racket_target/incoming_ball_horizontal_speed: 1.0559
Metrics/racket_target/incoming_ball_speed: 1.5023
Metrics/racket_target/incoming_ball_speed_curriculum_level: 0.0000
Metrics/racket_target/incoming_ball_speed_sample_low: 0.9000
Metrics/racket_target/incoming_ball_speed_sample_high: 1.2500
Metrics/racket_target/station_saturated: 0.0000
Metrics/racket_target/station_raw_clip_excess: 0.0000
Metrics/racket_target/station_saturated_x: 0.0000
Metrics/racket_target/station_saturated_y: 0.0000
Metrics/racket_target/station_raw_clip_excess_x: 0.0000
Metrics/racket_target/station_raw_clip_excess_y: 0.0000
Metrics/racket_target/current_swing_opportunity: 0.2188
Metrics/racket_target/current_swing_attempt: 0.2188
Metrics/racket_target/current_swing_targeted_attempt: 0.2188
Metrics/racket_target/prev_swing_targeted_attempt: 0.7812
Metrics/racket_target/current_swing_unsafe: 0.0000
Metrics/racket_target/current_swing_station_saturated: 0.0000
Metrics/racket_target/impact_health_score: 0.9671
Metrics/racket_target/impact_health_ok: 1.0000
Metrics/racket_target/impact_health_backlean_violation: 0.0000
Metrics/racket_target/impact_health_waist_backfold: 0.0000
Metrics/racket_target/impact_health_base_retreat: 0.0167
Metrics/racket_target/impact_health_torso_gravity_x: 0.2387
Metrics/racket_target/impact_health_torso_ang_vel: 0.4218
Metrics/racket_target/impact_health_com_x: 0.0178
Metrics/racket_target/impact_health_com_y: 0.0239
Metrics/racket_target/post_contact_ready_pending: 0.0000
Metrics/racket_target/post_contact_ready_elapsed_steps: 0.0000
Metrics/racket_target/post_contact_ready_consecutive_steps: 0.0000
Metrics/racket_target/post_contact_ready_diagnostic_pending: 0.0000
Metrics/racket_target/post_contact_ready_diagnostic_elapsed_steps: 0.0000
Metrics/racket_target/post_contact_ready_durable_pending: 0.0000
Metrics/racket_target/post_contact_ready_durable_consecutive_steps: 0.0000
Metrics/racket_target/post_contact_ready_durable_ready_now: 0.0000
Metrics/racket_target/post_contact_ready_durable_success_event: 0.0000
Metrics/racket_target/post_contact_ready_durable_fail_event: 0.0000
Metrics/racket_target/post_contact_ready_durable_resolution_success_rate: 0.0000
Metrics/racket_target/post_contact_ready_durable_resolution_fail_rate: 0.0000
Metrics/racket_target/post_contact_ready_durable_resolution_success_latency_steps: 0.0000
Metrics/racket_target/post_contact_ready_durable_resolution_fail_latency_steps: 0.0000
Metrics/racket_target/post_contact_ready_durable_fail_backlean_rate: 0.0000
Metrics/racket_target/post_contact_ready_durable_fail_forward_lean_rate: 0.0000
Metrics/racket_target/post_contact_ready_durable_fail_torso_ang_vel_rate: 0.0000
Metrics/racket_target/post_contact_ready_durable_fail_base_lin_vel_rate: 0.0000
Metrics/racket_target/post_contact_ready_durable_fail_base_ang_vel_rate: 0.0000
Metrics/racket_target/post_contact_ready_durable_fail_racket_speed_rate: 0.0000
Metrics/racket_target/post_contact_ready_durable_fail_height_rate: 0.0000
Metrics/racket_target/post_contact_ready_durable_fail_com_x_rate: 0.0000
Metrics/racket_target/post_contact_ready_durable_fail_com_y_rate: 0.0000
Metrics/racket_target/post_contact_ready_durable_fail_feet_rate: 0.0000
Metrics/racket_target/post_contact_ready_durable_fail_station_rate: 0.0000
Metrics/racket_target/post_contact_ready_durable_fail_arm_rate: 0.0000
Metrics/racket_target/post_contact_ready_terminal_window_active: 0.0000
Metrics/racket_target/post_contact_ready_terminal_quality: 0.0000
Metrics/racket_target/post_contact_ready_terminal_settlement_event: 0.0000
Metrics/racket_target/post_contact_ready_operational_ready_now: 0.0000
Metrics/racket_target/post_contact_ready_operational_consecutive_steps: 0.0000
Metrics/racket_target/post_contact_ready_safe_settlement_event: 0.0000
Metrics/racket_target/post_contact_ready_unsafe_settlement_event: 0.0000
Metrics/racket_target/post_contact_ready_incomplete_settlement_event: 0.0000
Metrics/racket_target/post_contact_ready_safe_net_cycle_event: 0.0000
Metrics/racket_target/post_contact_ready_terminal_quality_mean: 0.0000
Metrics/racket_target/post_contact_ready_safe_terminal_quality_mean: 0.0000
Metrics/racket_target/post_contact_ready_terminal_safe_rate: 0.0000
Metrics/racket_target/post_contact_ready_terminal_unsafe_rate: 0.0000
Metrics/racket_target/post_contact_ready_terminal_incomplete_rate: 0.0000
Metrics/racket_target/post_contact_ready_safe_net_cycle_rate: 0.0000
Metrics/racket_target/post_contact_ready_score: 0.0000
Metrics/racket_target/post_contact_ready_now: 0.0000
Metrics/racket_target/post_contact_ready_success_event: 0.0000
Metrics/racket_target/post_contact_ready_fail_event: 0.0000
Metrics/racket_target/post_contact_ready_outcome_tier: 0.0000
Metrics/racket_target/post_contact_ready_face_quality: 0.0000
Metrics/racket_target/post_contact_ready_safe_face_net_cycle_value: 0.0000
Metrics/racket_target/post_contact_ready_planner_speed_ratio: 0.0000
Metrics/racket_target/post_contact_ready_planner_direction_error_rad: 0.0000
Metrics/racket_target/post_contact_ready_planner_position_error: 0.0000
Metrics/racket_target/post_contact_ready_impact_health_score: 0.0000
Metrics/racket_target/post_contact_ready_peak_base_ang_vel: 0.0000
Metrics/racket_target/post_contact_ready_peak_ang_vel_excess_increment: 0.0000
Metrics/racket_target/post_contact_ready_envelope_violation_latch: 0.0000
Metrics/racket_target/post_contact_ready_envelope_violation_event: 0.0000
Metrics/racket_target/post_contact_ready_envelope_first_violation_step: 0.0000
Metrics/racket_target/post_contact_ready_envelope_attempts: 0.0000
Metrics/racket_target/post_contact_ready_envelope_violation_rate: 0.0000
Metrics/racket_target/post_contact_ready_envelope_tilt_violation_rate: 0.0000
Metrics/racket_target/post_contact_ready_envelope_pitch_violation_rate: 0.0000
Metrics/racket_target/post_contact_ready_envelope_com_violation_rate: 0.0000
Metrics/racket_target/post_contact_ready_envelope_waist_violation_rate: 0.0000
Metrics/racket_target/post_contact_ready_envelope_leg_violation_rate: 0.0000
Metrics/racket_target/post_contact_ready_envelope_base_ang_vel_violation_rate: 0.0000
Metrics/racket_target/post_contact_ready_resolution_success_rate: 0.0000
Metrics/racket_target/post_contact_ready_resolution_fail_rate: 0.0000
Metrics/racket_target/post_contact_ready_resolution_success_latency_steps: 0.0000
Metrics/racket_target/post_contact_ready_resolution_fail_latency_steps: 0.0000
Metrics/racket_target/post_contact_ready_max_tilt: 0.0000
Metrics/racket_target/post_contact_ready_max_abs_pitch: 0.0000
Metrics/racket_target/post_contact_ready_max_com_x: 0.0000
Metrics/racket_target/post_contact_ready_max_com_y: 0.0000
Metrics/racket_target/post_contact_ready_max_waist_overflow: 0.0000
Metrics/racket_target/post_contact_ready_max_leg_overflow: 0.0000
Metrics/racket_target/post_contact_ready_settlement_velocity_score_ema: 0.0000
Metrics/racket_target/post_contact_ready_settlement_position_gate_ema: 0.0000
Metrics/racket_target/post_contact_ready_settlement_health_gate_ema: 0.0000
Metrics/racket_target/post_contact_ready_settlement_recovery_gate_ema: 0.0000
Metrics/racket_target/post_contact_ready_settlement_total_score_ema: 0.0000
Metrics/racket_target/post_contact_recovery_backlean_error: 0.0000
Metrics/racket_target/post_contact_recovery_directional_progress: 0.0000
Metrics/racket_target/post_contact_ready_torso_ok: 0.0000
Metrics/racket_target/post_contact_ready_motion_ok: 0.0000
Metrics/racket_target/post_contact_ready_support_ok: 0.0000
Metrics/racket_target/post_contact_ready_arm_ok: 0.0000
Metrics/racket_target/post_contact_ready_base_lin_vel_ok: 0.0000
Metrics/racket_target/post_contact_ready_base_ang_vel_ok: 0.0000
Metrics/racket_target/post_contact_ready_racket_speed_ok: 0.0000
Metrics/racket_target/post_contact_ready_height_ok: 0.0000
Metrics/racket_target/post_contact_ready_com_x_ok: 0.0000
Metrics/racket_target/post_contact_ready_com_y_ok: 0.0000
Metrics/racket_target/post_contact_ready_feet_ok: 0.0000
Metrics/racket_target/post_contact_ready_station_ok: 0.0000
Metrics/racket_target/post_contact_ready_fail_torso: 0.0000
Metrics/racket_target/post_contact_ready_fail_base_lin_vel: 0.0000
Metrics/racket_target/post_contact_ready_fail_base_ang_vel: 0.0000
Metrics/racket_target/post_contact_ready_fail_racket_speed: 0.0000
Metrics/racket_target/post_contact_ready_fail_support: 0.0000
Metrics/racket_target/post_contact_ready_fail_arm: 0.0000
Metrics/racket_target/post_contact_ready_shadow_now: 0.0000
Metrics/racket_target/post_contact_ready_shadow_consecutive_steps: 0.0000
Metrics/racket_target/post_contact_ready_shadow_success_latch: 0.0000
Metrics/racket_target/post_contact_ready_curriculum_level: 0.0000
Metrics/racket_target/post_contact_ready_curriculum_fraction: 0.0000
Metrics/racket_target/post_contact_ready_curriculum_success_ema: 0.0000
Metrics/racket_target/post_contact_ready_curriculum_shadow_success_ema: 0.0000
Metrics/racket_target/post_contact_ready_curriculum_resolved_events: 0.0000
Metrics/racket_target/post_contact_ready_curriculum_successful_events: 0.0000
Metrics/racket_target/post_contact_ready_curriculum_targeted_attempt_ema: 0.0000
Metrics/racket_target/post_contact_ready_curriculum_return_success_ema: 0.0000
Metrics/racket_target/post_contact_ready_curriculum_completed_swings: 0.0000
Metrics/racket_target/post_contact_ready_curriculum_advance_streak: 0.0000
Metrics/racket_target/post_contact_ready_curriculum_advance_guard_ok: 0.0000
Metrics/racket_target/post_contact_ready_effective_max_torso_ang_vel: 0.0000
Metrics/racket_target/post_contact_ready_effective_max_base_lin_vel: 0.0000
Metrics/racket_target/post_contact_ready_effective_max_base_ang_vel: 0.0000
Metrics/racket_target/post_contact_ready_effective_max_racket_speed: 0.0000
Metrics/racket_target/post_contact_ready_effective_min_feet_contact: 0.0000
Metrics/racket_target/post_contact_ready_effective_required_consecutive_steps: 0.0000
Metrics/racket_target/post_contact_ready_effective_deadline_steps: 0.0000
Metrics/racket_target/post_contact_ready_curriculum_advance_threshold: 0.0000
Metrics/racket_target/post_contact_ready_curriculum_advance_min_events: 0.0000
Metrics/racket_target/post_contact_ready_curriculum_shadow_threshold: 0.0000
Metrics/racket_target/post_contact_ready_curriculum_min_targeted_attempt_ema: 0.0000
Metrics/racket_target/post_contact_ready_curriculum_min_return_success_ema: 0.0000
Metrics/racket_target/post_contact_ready_curriculum_min_completed_swings: 0.0000
Metrics/racket_target/post_contact_ready_curriculum_required_advance_checks: 0.0000
Metrics/racket_target/racket_normal_error_deg: 30.6692
Metrics/racket_target/impact_normal_error_deg: 0.8413
Metrics/racket_target/impact_racket_vel_error_mps: 0.1902
Metrics/racket_target/impact_racket_speed_ratio: 0.7848
Metrics/racket_target/impact_racket_vel_angle_deg: 5.5945
Metrics/racket_target/impact_racket_actual_vel_x: 0.8875
Metrics/racket_target/impact_racket_actual_vel_y: 0.0276
Metrics/racket_target/impact_racket_actual_vel_z: 1.2789
Metrics/racket_target/impact_racket_target_vel_x: 0.9991
Metrics/racket_target/impact_racket_target_vel_y: -0.0304
Metrics/racket_target/impact_racket_target_vel_z: 1.1820
Metrics/racket_target/impact_ball_out_error_mps: 1.5594
Metrics/racket_target/impact_face_radial_error_m: 0.0332
Metrics/racket_target/impact_face_normal_gap_m: 0.0140
Metrics/racket_target/impact_face_quality: 0.5601
Metrics/racket_target/impact_center_contact: 0.0000
Metrics/racket_target/impact_center_net_cross: 0.0000
Metrics/racket_target/impact_center_on_opponent: 0.0000
Metrics/racket_target/impact_rim_contact: 0.0000
Metrics/racket_target/impact_rim_net_cross: 0.0000
Metrics/racket_target/impact_rim_on_opponent: 0.0000
Metrics/racket_target/impact_analytic_outer_contact: 0.0000
Metrics/racket_target/impact_analytic_outer_net_cross: 0.0000
Metrics/racket_target/impact_analytic_outer_on_opponent: 0.0000
Metrics/racket_target/impact_planner_pos_error_m: 0.0414
Metrics/racket_target/impact_planner_vel_error_mps: 0.1902
Metrics/racket_target/impact_planner_speed_ratio: 0.7848
Metrics/racket_target/impact_planner_vel_angle_deg: 5.5945
Metrics/racket_target/impact_healthy_normal_ok: 0.0000
Metrics/racket_target/impact_healthy_contact: 0.0000
Metrics/racket_target/impact_healthy_net_cross: 0.0000
Metrics/racket_target/impact_healthy_on_opponent: 0.0000
Metrics/racket_target/current_swing_impact_health_score: 0.2055
Metrics/racket_target/current_swing_healthy_contact: 0.2188
Metrics/racket_target/current_swing_healthy_net_cross: 0.2188
Metrics/racket_target/current_swing_healthy_on_opponent: 0.2188
Metrics/racket_target/current_swing_healthy_normal_ok: 0.2188
Metrics/racket_target/current_swing_contact: 0.2188
Metrics/racket_target/current_swing_net_cross: 0.2188
Metrics/racket_target/current_swing_on_opponent: 0.2188
Metrics/racket_target/current_swing_center_contact: 0.0000
Metrics/racket_target/current_swing_center_net_cross: 0.0000
Metrics/racket_target/current_swing_center_on_opponent: 0.0000
Metrics/racket_target/current_swing_rim_contact: 0.0000
Metrics/racket_target/current_swing_rim_net_cross: 0.0000
Metrics/racket_target/current_swing_rim_on_opponent: 0.0000
Metrics/racket_target/current_swing_analytic_outer_contact: 0.2188
Metrics/racket_target/current_swing_analytic_outer_net_cross: 0.2188
Metrics/racket_target/current_swing_analytic_outer_on_opponent: 0.2188
Metrics/racket_target/cycle_v2_outcome_tier: -1.0000
Metrics/racket_target/cycle_v2_streak: 0.0000
Metrics/racket_target/closed_loop_recovery_trigger_event: 0.0000
Metrics/racket_target/closed_loop_cycle_success_event: 0.0000
Metrics/racket_target/closed_loop_durable_cycle_success_event: 0.0000
Metrics/racket_target/closed_loop_phase_id: 1.5000
Metrics/racket_target/closed_loop_phase_ready_no_command: 0.2188
Metrics/racket_target/closed_loop_phase_command_acquire: 0.2812
Metrics/racket_target/closed_loop_phase_pre_strike: 0.2812
Metrics/racket_target/closed_loop_phase_strike: 0.2188
Metrics/racket_target/closed_loop_phase_follow_through: 0.0000
Metrics/racket_target/closed_loop_phase_recovery: 0.0000
Metrics/racket_target/closed_loop_phase_next_ready: 0.0000
Metrics/racket_target/post_contact_phase_impact_0_100ms_attempts: 0.0000
Metrics/racket_target/post_contact_phase_impact_0_100ms_tilt_gt_0p1_rate: 0.0000
Metrics/racket_target/post_contact_phase_impact_0_100ms_pitch_gt_0p1_rate: 0.0000
Metrics/racket_target/post_contact_phase_impact_0_100ms_waist_overflow_gt_1p0_rate: 0.0000
Metrics/racket_target/post_contact_phase_impact_0_100ms_base_ang_vel_gt_0p8_rate: 0.0000
Metrics/racket_target/post_contact_phase_brake_100_300ms_attempts: 0.0000
Metrics/racket_target/post_contact_phase_brake_100_300ms_tilt_gt_0p1_rate: 0.0000
Metrics/racket_target/post_contact_phase_brake_100_300ms_pitch_gt_0p1_rate: 0.0000
Metrics/racket_target/post_contact_phase_brake_100_300ms_waist_overflow_gt_1p0_rate: 0.0000
Metrics/racket_target/post_contact_phase_brake_100_300ms_base_ang_vel_gt_0p8_rate: 0.0000
Metrics/racket_target/post_contact_phase_settle_300_600ms_attempts: 0.0000
Metrics/racket_target/post_contact_phase_settle_300_600ms_tilt_gt_0p1_rate: 0.0000
Metrics/racket_target/post_contact_phase_settle_300_600ms_pitch_gt_0p1_rate: 0.0000
Metrics/racket_target/post_contact_phase_settle_300_600ms_waist_overflow_gt_1p0_rate: 0.0000
Metrics/racket_target/post_contact_phase_settle_300_600ms_base_ang_vel_gt_0p8_rate: 0.0000
Metrics/racket_target/post_contact_phase_ready_after_600ms_attempts: 0.0000
Metrics/racket_target/post_contact_phase_ready_after_600ms_tilt_gt_0p1_rate: 0.0000
Metrics/racket_target/post_contact_phase_ready_after_600ms_pitch_gt_0p1_rate: 0.0000
Metrics/racket_target/post_contact_phase_ready_after_600ms_waist_overflow_gt_1p0_rate: 0.0000
Metrics/racket_target/post_contact_phase_ready_after_600ms_base_ang_vel_gt_0p8_rate: 0.0000
Metrics/racket_target/physical_contact_health_score: 0.0000
Metrics/racket_target/physical_recovery_pending: 0.2188
Metrics/racket_target/physical_recovery_tier: 0.2188
Metrics/racket_target/physical_recovery_success_event: 0.0000
Metrics/racket_target/physical_recovery_failure_event: 0.0000
Metrics/racket_target/physical_ability_level: 0.0000
Metrics/racket_target/physical_ability_batch_events: 137.5000
Metrics/racket_target/physical_ability_contact_ema: 0.0000
Metrics/racket_target/physical_ability_net_ema: 0.0000
Metrics/racket_target/physical_ability_bounce_ema: 0.0000
Metrics/racket_target/physical_ability_recovery_ema: 0.0000
Metrics/racket_target/physical_ability_safety_ema: 0.0000
Metrics/racket_target/base_pitch_like_signed: -0.1583
Metrics/racket_target/base_backward_velocity: 0.0136
Metrics/racket_target/waist_action_rms: 0.5294
Metrics/racket_target/right_arm_action_rms: 3.9961
Metrics/racket_target/leg_action_rms: 0.4618
Metrics/racket_target/action_abs_max: 6.8531
Metrics/racket_target/applied_action_abs_max: 6.8531
Metrics/racket_target/leg_action_abs_max: 0.8940
Metrics/racket_target/effective_action_abs_max: 6.8531
Metrics/racket_target/action_clamp_fraction: 0.0000
Metrics/racket_target/waist_action_clamp_fraction: 0.0000
Metrics/racket_target/right_arm_action_clamp_fraction: 0.0000
Metrics/racket_target/leg_action_clamp_fraction: 0.0000
Metrics/racket_target/waist_q_tracking_error_rms: 0.4282
Metrics/racket_target/right_arm_q_tracking_error_rms: 0.2205
Metrics/racket_target/leg_q_tracking_error_rms: 0.1895
Metrics/racket_target/waist_torque_clip_fraction: 0.0000
Metrics/racket_target/right_arm_torque_clip_fraction: 0.0000
Metrics/racket_target/leg_torque_clip_fraction: 0.0000
Metrics/racket_target/waist_action_delta_rms: 0.1322
Metrics/racket_target/right_arm_action_delta_rms: 0.4588
Metrics/racket_target/leg_action_delta_rms: 0.2284
Metrics/racket_target/waist_joint_vel_rms: 0.7835
Metrics/racket_target/right_arm_joint_vel_rms: 1.8617
Metrics/racket_target/leg_joint_vel_rms: 0.7333
Metrics/racket_target/recovery_leg_action_abs_max: 0.2661
Metrics/racket_target/recovery_leg_action_delta_rms: 0.0626
Metrics/racket_target/recovery_leg_joint_vel_rms: 0.2382
     Metrics/physical_shadow/phase: 1.5000
Metrics/physical_shadow/route_valid: 1.0000
Metrics/physical_shadow/serve_event: 0.0000
Metrics/physical_shadow/incoming_bounce_event: 0.0000
Metrics/physical_shadow/contact_event: 0.0000
Metrics/physical_shadow/net_cross_event: 0.0000
Metrics/physical_shadow/outgoing_landing_event: 0.0000
Metrics/physical_shadow/opponent_bounce_event: 0.0000
Metrics/physical_shadow/landing_short_event: 0.0000
Metrics/physical_shadow/landing_long_event: 0.0000
Metrics/physical_shadow/landing_side_event: 0.0000
Metrics/physical_shadow/landing_no_net_event: 0.0000
Metrics/physical_shadow/abort_event: 0.0000
Metrics/physical_shadow/timeout_event: 0.0000
Metrics/physical_shadow/route_unalignable_event: 0.0000
Metrics/physical_shadow/route_invalid_event: 0.0000
Metrics/physical_shadow/incoming_net_collision_event: 0.0000
Metrics/physical_shadow/reset_abort_event: 0.0000
Metrics/physical_shadow/incoming_bounce_latch: 0.5000
Metrics/physical_shadow/contact_latch: 0.2188
Metrics/physical_shadow/net_cross_latch: 0.0000
Metrics/physical_shadow/opponent_bounce_latch: 0.0000
Metrics/physical_shadow/launch_timing_error_s: -0.0011
Metrics/physical_shadow/contact_true_target_error: 0.0027
Metrics/physical_shadow/contact_planner_position_error: 0.0201
Metrics/physical_shadow/contact_planner_velocity_error: 0.0291
Metrics/physical_shadow/contact_planner_velocity_direction_error_deg: 0.7045
Metrics/physical_shadow/contact_planner_normal_error_deg: 0.8413
Metrics/physical_shadow/contact_outgoing_velocity_error: 0.4210
Metrics/physical_shadow/contact_outgoing_speed: 0.9190
Metrics/physical_shadow/contact_target_outgoing_speed: 0.8308
Metrics/physical_shadow/contact_outgoing_speed_ratio: 0.2420
Metrics/physical_shadow/contact_outgoing_direction_error_deg: 5.9613
Metrics/physical_shadow/contact_outgoing_velocity_x: 0.3721
Metrics/physical_shadow/contact_outgoing_velocity_y: 0.2324
Metrics/physical_shadow/contact_outgoing_velocity_z: 0.8075
Metrics/physical_shadow/contact_target_outgoing_velocity_x: 0.6463
Metrics/physical_shadow/contact_target_outgoing_velocity_y: 0.1667
Metrics/physical_shadow/contact_target_outgoing_velocity_z: 0.4948
Metrics/physical_shadow/contact_incoming_velocity_error: 0.0450
Metrics/physical_shadow/contact_incoming_velocity_direction_error_deg: 1.2203
Metrics/physical_shadow/contact_route_incoming_velocity_error: 0.0107
Metrics/physical_shadow/contact_route_incoming_velocity_direction_error_deg: 0.3962
Metrics/physical_shadow/contact_actual_route_incoming_velocity_error: 0.0493
Metrics/physical_shadow/contact_command_normal_only_error: 0.3461
Metrics/physical_shadow/contact_command_training_model_error: 0.3387
Metrics/physical_shadow/contact_command_physics_model_error: 0.3222
Metrics/physical_shadow/contact_actual_training_model_residual: 0.1575
Metrics/physical_shadow/contact_actual_physics_model_residual: 0.1852
Metrics/physical_shadow/contact_actual_normal_only_model_residual: 0.1492
Metrics/physical_shadow/contact_actual_training_predicted_target_error: 0.3919
Metrics/physical_shadow/contact_actual_physics_predicted_target_error: 0.3599
Metrics/physical_shadow/contact_actual_normal_only_predicted_target_error: 0.4057
Metrics/physical_shadow/contact_force_direction_valid: 0.2188
Metrics/physical_shadow/contact_force_vs_racket_normal_angle_deg: 0.1920
Metrics/physical_shadow/contact_actual_force_direction_model_residual: 0.1745
Metrics/physical_shadow/contact_actual_force_direction_predicted_target_error: 0.3692
Metrics/physical_shadow/contact_physx_data_valid: 0.2188
Metrics/physical_shadow/contact_physx_force: 1.2912
Metrics/physical_shadow/contact_physx_separation: -0.0007
Metrics/physical_shadow/contact_physx_normal_error_deg: 0.1919
Metrics/physical_shadow/contact_physx_point_radial_error: 0.0191
Metrics/physical_shadow/contact_actual_physx_normal_model_residual: 0.1745
Metrics/physical_shadow/contact_actual_physx_normal_predicted_target_error: 0.3692
Metrics/physical_shadow/contact_physx_substep_valid: 0.2188
Metrics/physical_shadow/contact_physx_substep_normal_error_deg: 0.1920
Metrics/physical_shadow/contact_physx_substep_point_radial_error: 0.0191
Metrics/physical_shadow/contact_physx_substep_point_normal_offset: -0.0013
Metrics/physical_shadow/contact_physx_patch_substeps: 0.2188
Metrics/physical_shadow/contact_physx_normal_impulse: 0.0032
Metrics/physical_shadow/contact_physx_capture_lag_s: 0.0005
Metrics/physical_shadow/contact_physx_contact_point_speed_delta: 0.0106
Metrics/physical_shadow/contact_physx_substep_link_model_residual: 0.1403
Metrics/physical_shadow/contact_physx_substep_point_model_residual: 0.1364
Metrics/physical_shadow/contact_physx_substep_outgoing_target_error: 0.4210
Metrics/physical_shadow/contact_physx_measured_restitution: 0.1433
Metrics/physical_shadow/contact_physx_pre_ball_speed: 0.3095
Metrics/physical_shadow/contact_physx_post_ball_speed: 0.9190
Metrics/physical_shadow/contact_physx_point_x: 7.3648
Metrics/physical_shadow/contact_physx_point_y: -6.6576
Metrics/physical_shadow/contact_physx_point_z: 0.2665
Metrics/physical_shadow/contact_physx_normal_x: 0.1236
Metrics/physical_shadow/contact_physx_normal_y: 0.0410
Metrics/physical_shadow/contact_physx_normal_z: 0.1758
Metrics/physical_shadow/contact_physx_pre_ball_velocity_x: -0.2368
Metrics/physical_shadow/contact_physx_pre_ball_velocity_y: 0.0220
Metrics/physical_shadow/contact_physx_pre_ball_velocity_z: -0.1980
Metrics/physical_shadow/contact_physx_post_ball_velocity_x: 0.3721
Metrics/physical_shadow/contact_physx_post_ball_velocity_y: 0.2324
Metrics/physical_shadow/contact_physx_post_ball_velocity_z: 0.8075
Metrics/physical_shadow/contact_physx_pre_racket_point_velocity_x: 0.2643
Metrics/physical_shadow/contact_physx_pre_racket_point_velocity_y: 0.0865
Metrics/physical_shadow/contact_physx_pre_racket_point_velocity_z: 0.3348
Metrics/physical_shadow/contact_physx_post_racket_point_velocity_x: 0.2611
Metrics/physical_shadow/contact_physx_post_racket_point_velocity_y: 0.0919
Metrics/physical_shadow/contact_physx_post_racket_point_velocity_z: 0.3287
Metrics/physical_shadow/contact_physx_pre_ball_angular_velocity_x: -0.3884
Metrics/physical_shadow/contact_physx_pre_ball_angular_velocity_y: -68.8983
Metrics/physical_shadow/contact_physx_pre_ball_angular_velocity_z: 0.0000
Metrics/physical_shadow/contact_physx_post_ball_angular_velocity_x: -4.5803
Metrics/physical_shadow/contact_physx_post_ball_angular_velocity_y: -13.0946
Metrics/physical_shadow/contact_physx_post_ball_angular_velocity_z: 2.8861
Metrics/physical_shadow/contact_physx_pre_ball_surface_tangent_speed: 1.6482
Metrics/physical_shadow/contact_physx_post_ball_spin_speed: 31.9869
Metrics/physical_shadow/contact_impact_normal_error_deg: 0.8413
Metrics/physical_shadow/contact_wire_impact_normal_gap_deg: 0.0000
Metrics/physical_shadow/contact_face_radial_error: 0.0195
Metrics/physical_shadow/contact_time_to_strike: 0.0000
Metrics/physical_shadow/landing_target_error: 0.0000
Metrics/physical_shadow/landing_target_x_error: 0.0000
Metrics/physical_shadow/landing_target_y_error: 0.0000
Metrics/physical_shadow/landing_position_x: 0.0000
Metrics/physical_shadow/landing_position_y: 0.0000
Metrics/physical_shadow/minimum_ball_racket_distance: 0.4768
      Episode_Termination/time_out: 1.0000
  Episode_Termination/base_too_low: 0.0000
   Episode_Termination/base_tilted: 0.0000
   Episode_Termination/table_touch: 0.0000
Episode_Termination/persistent_action_overflow: 0.0000
--------------------------------------------------------------------------------
                   Total timesteps: 32768
                    Iteration time: 3.31s
                      Time elapsed: 00:00:26
                               ETA: 00:00:03
2026-08-01 11:45:26 [12,752ms] [Warning] [omni.usd] Warning: in GetNodeDiscoveryResults at line 136 of /builds/omniverse/usd-ci/USD/pxr/usd/usdShade/shaderDefUtils.cpp -- Unable to resolve info:sourceAsset </UsdPreviewSurface.info:mdl:sourceAsset> with value @UsdPreviewSurface.mdl@.

2026-08-01 11:45:26 [12,752ms] [Warning] [omni.usd] Warning: in GetNodeDiscoveryResults at line 136 of /builds/omniverse/usd-ci/USD/pxr/usd/usdShade/shaderDefUtils.cpp -- Unable to resolve info:sourceAsset </UsdUVTexture.info:mdl:sourceAsset> with value @UsdPreviewSurface.mdl@.

2026-08-01 11:45:26 [12,752ms] [Warning] [omni.usd] Warning: in GetNodeDiscoveryResults at line 136 of /builds/omniverse/usd-ci/USD/pxr/usd/usdShade/shaderDefUtils.cpp -- Unable to resolve info:sourceAsset </UsdPrimvarReader_float.info:mdl:sourceAsset> with value @UsdPreviewSurface.mdl@.

2026-08-01 11:45:26 [12,752ms] [Warning] [omni.usd] Warning: in GetNodeDiscoveryResults at line 136 of /builds/omniverse/usd-ci/USD/pxr/usd/usdShade/shaderDefUtils.cpp -- Unable to resolve info:sourceAsset </UsdPrimvarReader_float2.info:mdl:sourceAsset> with value @UsdPreviewSurface.mdl@.

2026-08-01 11:45:26 [12,752ms] [Warning] [omni.usd] Warning: in GetNodeDiscoveryResults at line 136 of /builds/omniverse/usd-ci/USD/pxr/usd/usdShade/shaderDefUtils.cpp -- Unable to resolve info:sourceAsset </UsdPrimvarReader_float3.info:mdl:sourceAsset> with value @UsdPreviewSurface.mdl@.

2026-08-01 11:45:26 [12,752ms] [Warning] [omni.usd] Warning: in GetNodeDiscoveryResults at line 136 of /builds/omniverse/usd-ci/USD/pxr/usd/usdShade/shaderDefUtils.cpp -- Unable to resolve info:sourceAsset </UsdPrimvarReader_float4.info:mdl:sourceAsset> with value @UsdPreviewSurface.mdl@.

2026-08-01 11:45:26 [12,752ms] [Warning] [omni.usd] Warning: in GetNodeDiscoveryResults at line 136 of /builds/omniverse/usd-ci/USD/pxr/usd/usdShade/shaderDefUtils.cpp -- Unable to resolve info:sourceAsset </UsdPrimvarReader_int.info:mdl:sourceAsset> with value @UsdPreviewSurface.mdl@.

2026-08-01 11:45:26 [12,752ms] [Warning] [omni.usd] Warning: in GetNodeDiscoveryResults at line 136 of /builds/omniverse/usd-ci/USD/pxr/usd/usdShade/shaderDefUtils.cpp -- Unable to resolve info:sourceAsset </UsdPrimvarReader_string.info:mdl:sourceAsset> with value @UsdPreviewSurface.mdl@.

2026-08-01 11:45:26 [12,752ms] [Warning] [omni.usd] Warning: in GetNodeDiscoveryResults at line 136 of /builds/omniverse/usd-ci/USD/pxr/usd/usdShade/shaderDefUtils.cpp -- Unable to resolve info:sourceAsset </UsdPrimvarReader_normal.info:mdl:sourceAsset> with value @UsdPreviewSurface.mdl@.

2026-08-01 11:45:26 [12,752ms] [Warning] [omni.usd] Warning: in GetNodeDiscoveryResults at line 136 of /builds/omniverse/usd-ci/USD/pxr/usd/usdShade/shaderDefUtils.cpp -- Unable to resolve info:sourceAsset </UsdPrimvarReader_point.info:mdl:sourceAsset> with value @UsdPreviewSurface.mdl@.

2026-08-01 11:45:26 [12,753ms] [Warning] [omni.usd] Warning: in GetNodeDiscoveryResults at line 136 of /builds/omniverse/usd-ci/USD/pxr/usd/usdShade/shaderDefUtils.cpp -- Unable to resolve info:sourceAsset </UsdPrimvarReader_vector.info:mdl:sourceAsset> with value @UsdPreviewSurface.mdl@.

2026-08-01 11:45:26 [12,753ms] [Warning] [omni.usd] Warning: in GetNodeDiscoveryResults at line 136 of /builds/omniverse/usd-ci/USD/pxr/usd/usdShade/shaderDefUtils.cpp -- Unable to resolve info:sourceAsset </UsdPrimvarReader_matrix.info:mdl:sourceAsset> with value @UsdPreviewSurface.mdl@.

2026-08-01 11:45:26 [12,753ms] [Warning] [omni.usd] Warning: in GetNodeDiscoveryResults at line 136 of /builds/omniverse/usd-ci/USD/pxr/usd/usdShade/shaderDefUtils.cpp -- Unable to resolve info:sourceAsset </UsdTransform2d.info:mdl:sourceAsset> with value @UsdPreviewSurface.mdl@.

