[INFO][AppLauncher]: Using device: cuda:0
[INFO][AppLauncher]: Loading experience file: /mnt/ssd/zxl/IsaacLab/apps/isaaclab.python.headless.kit
[2026-08-01 19:24:15,590][asyncio][DEBUG] - Using selector: EpollSelector
[2026-08-01 19:24:17,047][trimesh.util][DEBUG] - falling back to hashlib hashing: `pip install xxhash`for 50x faster cache checks
[2026-08-01 19:24:17,275][h5py._conv][DEBUG] - Creating converter from 7 to 5
[2026-08-01 19:24:17,275][h5py._conv][DEBUG] - Creating converter from 5 to 7
[2026-08-01 19:24:17,275][h5py._conv][DEBUG] - Creating converter from 7 to 5
[2026-08-01 19:24:17,275][h5py._conv][DEBUG] - Creating converter from 5 to 7
[2026-08-01 19:24:17,311][matplotlib][DEBUG] - matplotlib data path: /home/zxl/miniconda3/envs/zxl-pace/lib/python3.10/site-packages/matplotlib/mpl-data
[2026-08-01 19:24:17,314][matplotlib][DEBUG] - CONFIGDIR=/home/zxl/.config/matplotlib
[2026-08-01 19:24:17,315][matplotlib][DEBUG] - interactive is False
[2026-08-01 19:24:17,315][matplotlib][DEBUG] - platform is linux
[2026-08-01 19:24:17,350][matplotlib][DEBUG] - CACHEDIR=/home/zxl/.cache/matplotlib
[2026-08-01 19:24:17,352][matplotlib.font_manager][DEBUG] - Using fontManager instance from /home/zxl/.cache/matplotlib/fontlist-v390.json
[Warning] [simulation_app.simulation_app] Modules: ['omni.kit_app'] were loaded before SimulationApp was started and might not be loaded correctly.
[Warning] [simulation_app.simulation_app] Please check to make sure no extra omniverse or pxr modules are imported before the call to SimulationApp(...)
Loading user config located at: '/home/zxl/miniconda3/envs/zxl-pace/lib/python3.10/site-packages/omni/data/Kit/Isaac-Sim/4.5/user.config.json'
[Info] [carb] Logging to file: /home/zxl/miniconda3/envs/zxl-pace/lib/python3.10/site-packages/omni/logs/Kit/Isaac-Sim/4.5/kit_20260801_192415.log
2026-08-01 11:24:15 [0ms] [Warning] [omni.kit.app.plugin] No crash reporter present, dumps uploading isn't available.
2026-08-01 11:24:15 [1ms] [Warning] [omni.ext.plugin] [ext: rendering_modes] Extensions config 'extension.toml' doesn't exist '/mnt/ssd/zxl/IsaacLab/apps/rendering_modes' or '/mnt/ssd/zxl/IsaacLab/apps/rendering_modes/config'
2026-08-01 11:24:15 [71ms] [Warning] [omni.usd_config.extension] Enable omni.materialx.libs extension to use MaterialX
2026-08-01 11:24:15 [120ms] [Warning] [omni.platforminfo.plugin] failed to open the default display.  Can't verify X Server version.
2026-08-01 11:24:15 [274ms] [Warning] [omni.datastore] OmniHub is inaccessible
2026-08-01 11:24:15 [328ms] [Warning] [omni.isaac.dynamic_control] omni.isaac.dynamic_control is deprecated as of Isaac Sim 4.5. No action is needed from end-users.
2026-08-01 11:24:18 [2,748ms] [Warning] [carb.cudainterop.plugin] CUDA_VISIBLE_DEVICES environment variable is set.
2026-08-01 11:24:18 [2,748ms] [Warning] [carb.cudainterop.plugin] Note CUDA device enumeration and Omniverse device enumeration are different.
2026-08-01 11:24:18 [2,748ms] [Warning] [carb.cudainterop.plugin] Setting CUDA_VISIBLE_DEVICES can lead to undesired behavior or crashes.
2026-08-01 11:24:18 [2,751ms] [Warning] [gpu.foundation.plugin] Skipping NVIDIA GPU due CUDA being in bad state: NVIDIA GeForce RTX 5090
2026-08-01 11:24:18 [2,751ms] [Warning] [gpu.foundation.plugin] Please restart your system if CUDA is known to work in your system.
2026-08-01 11:24:18 [2,751ms] [Warning] [gpu.foundation.plugin] Skipping NVIDIA GPU due CUDA being in bad state: NVIDIA GeForce RTX 5090
2026-08-01 11:24:18 [2,751ms] [Warning] [gpu.foundation.plugin] Please restart your system if CUDA is known to work in your system.

|---------------------------------------------------------------------------------------------|
| Driver Version: 580.105.08    | Graphics API: Vulkan
|=============================================================================================|
| GPU | Name                             | Active | LDA | GPU Memory | Vendor-ID | LUID       |
|     |                                  |        |     |            | Device-ID | UUID       |
|     |                                  |        |     |            | Bus-ID    |            |
|---------------------------------------------------------------------------------------------|
| 0   | NVIDIA GeForce RTX 5090          | Yes: 0 |     | 32607   MB | 10de      | 0          |
|     |                                  |        |     |            | 2b85      | c2a01bc3.. |
|     |                                  |        |     |            | 1         |            |
|---------------------------------------------------------------------------------------------|
| 1   | NVIDIA GeForce RTX 5090          |        |     | 32607   MB | 10de      | 0          |
|     |                                  |        |     |            | 2b85      | 837a84cc.. |
|     |                                  |        |     |            | 7         |            |
|=============================================================================================|
| OS: 24.04.2 LTS (Noble Numbat) ubuntu, Version: 24.04.2, Kernel: 6.17.0-35-generic
| Processor: Intel(R) Core(TM) i9-14900K
| Bare Metal Cores: 24 | Bare Metal Logical Cores: 48
| Available Cores:  32 
|---------------------------------------------------------------------------------------------|
| Total Memory (MB): 128491 | [2026-08-01 19:24:18,978][git.cmd][DEBUG] - Popen(['git', 'version'], cwd=/mnt/ssd/zxl/HOPE_latest_20260721/hope_training/whole_body_tracking, stdin=None, shell=False, universal_newlines=False)
[2026-08-01 19:24:18,980][git.cmd][DEBUG] - Popen(['git', 'version'], cwd=/mnt/ssd/zxl/HOPE_latest_20260721/hope_training/whole_body_tracking, stdin=None, shell=False, universal_newlines=False)
[INFO]: Parsing configuration from: <class 'whole_body_tracking.tasks.tracking.config.agibot_a3.hope_stage2_physical_env_cfg.HOPEStage2PhysicalEnvCfg'>
[train.py] motion clip 0: /mnt/ssd/zxl/HOPE_latest_20260721/hope_training/motions/user_four_motion_manual_hits_a3fk_yaw_leg_stabilized_20260724/user_forehand_raised_30fps_contact075_50hz_a3fk_aligned.npz
[train.py] motion clip 1: /mnt/ssd/zxl/HOPE_latest_20260721/hope_training/motions/user_four_motion_manual_hits_a3fk_yaw_leg_stabilized_20260724/user_backhand_raised_30fps_contact040_50hz_a3fk_aligned.npz
[train.py] runtime reward pruning: removed 73 stateless zero-weight term(s); kept 0 stateful zero-weight term(s).
[train.py]     pruned rewards: ['action_rate', 'active_ready_survival_milestone_bonus', 'active_ready_sustained_bonus', 'backhand_racket_position', 'backhand_soft_ball_contact', 'balanced_ball_contact', 'balanced_net_cross', 'balanced_opponent_bounce', 'balanced_soft_ball_contact', 'ball_contact', 'contact_net_margin', 'cycle_contact_ready', 'cycle_net_ready', 'cycle_return_ready', 'cycle_success_bonus', 'cycle_v2_ready_fail', 'cycle_v2_ready_success_bonus', 'cycle_v2_streak_bonus', 'deferred_recovery_outcome_bonus', 'exact_impact_outgoing_velocity_alignment', 'exact_impact_planner_task_space_alignment', 'exact_impact_racket_velocity_alignment', 'follow_through_recovery', 'functional_no_command_ready', 'health_gated_backhand_soft_ball_contact', 'health_gated_ball_contact', 'health_gated_net_cross', 'health_gated_opponent_bounce', 'health_gated_soft_ball_contact', 'impact_forward_lift', 'impact_outgoing_velocity', 'motion_anchor_height', 'motion_body_ang_vel', 'motion_body_lin_vel', 'motion_body_ori', 'motion_body_pos', 'motion_global_anchor_ori', 'motion_global_anchor_pos', 'net_cross', 'next_ball_readiness', 'next_prestrike_reachable', 'next_swing_ready_bonus', 'no_command_forehand_joint_anchor', 'no_command_ready_balance', 'no_command_ready_progress', 'one_sided_trunk_waist_recovery', 'one_sided_trunk_waist_strike', 'opponent_bounce', 'phase_action_rate', 'phase_lower_body_motion_prior', 'post_contact_arm_racket_ready', 'post_contact_directional_recovery', 'post_contact_ready_fail', 'post_contact_ready_region', 'post_contact_ready_success_bonus', 'post_contact_recovery_ready', 'post_net_arm_racket_ready', 'post_net_recovery_ready', 'post_return_arm_racket_ready', 'post_return_recovery_ready', 'post_strike_lower_body_action_rate', 'prestrike_blade_direction', 'racket_velocity_projection', 'racket_wrist_motion_ori', 'racket_wrist_motion_pos', 'robust_contact_net_margin', 'soft_ball_contact', 'station_relocation_arrival_bonus', 'station_relocation_settle_bonus', 'strike_inactivity', 'targeted_strike_attempt', 'torso_com_balance', 'torso_com_recovery_balance']
[train.py] task=HOPE-PingPong-Stage2-Physical-AgibotA3-v0 num_envs=32 — applied 10 task override(s):
[train.py]     episode_length_s = 12.0
[train.py]     commands.motion.wrap_teleport = False
[train.py]     events.link_mass = (0.97, 1.03)
[train.py]     events.pd_gains = (0.97, 1.03)
[train.py]     observations.policy.racket_target_normal_w = enabled
[train.py]     commands.racket_target.strike_phase_per_clip = (0.4, 0.4)
[train.py]     commands.motion.motion_start_warmup_phase_per_clip = (0.4, 0.4)
[train.py]     commands.racket_target.swing_side_per_clip = (1.0, -1.0)
[train.py]     commands.racket_target.mount_normal_sign_per_clip = (1.0, -1.0)
[train.py]     commands.racket_target.racket_pos_range_per_clip = from motion metadata
[train.py] experiment=hope_pingpong_stage2_physical114 | log_dir=/mnt/ssd/zxl/HOPE_latest_20260721/hope_training/whole_body_tracking/logs/rsl_rl/hope_pingpong_stage2_physical114/2026-08-01_19-24-19_stage2_velocity_blend_smoke
Free Memory: 119783
| Total Page/Swap (MB): 8191 | Free Page/Swap: 7149
|---------------------------------------------------------------------------------------------|
2026-08-01 11:24:18 [3,014ms] [Warning] [gpu.foundation.plugin] IOMMU is enabled.
2026-08-01 11:24:18 [3,014ms] [Warning] [gpu.foundation.plugin] Detected IOMMU is enabled. Running CUDA peer-to-peer bandwidth and latency validation.
Unidirectional P2P=Enabled Bandwidth (P2P Writes) Matrix (GB/s)
   D\D     0 
     0 1525.88 
P2P=Enabled Latency (P2P Writes) Matrix (us)
   GPU     0 
     0   2.08 

   CPU     0 
     0   1.26 
2026-08-01 11:24:19 [3,499ms] [Warning] [carb.windowing-glfw.plugin] GLFW initialization failed.
2026-08-01 11:24:19 [3,499ms] [Warning] [carb] Failed to startup plugin carb.windowing-glfw.plugin (interfaces: [carb::windowing::IGLContext v1.0],[carb::windowing::IWindowing v1.5]) (impl: carb.windowing-glfw.plugin)
2026-08-01 11:24:19 [3,501ms] [Error] [gpu.foundation.plugin] DriverShaderCacheManager::init() called without a shutdown()!
2026-08-01 11:24:19 [3,547ms] [Warning] [gpu.foundation.plugin] Skipping NVIDIA GPU due CUDA being in bad state: NVIDIA GeForce RTX 5090
2026-08-01 11:24:19 [3,547ms] [Warning] [gpu.foundation.plugin] Please restart your system if CUDA is known to work in your system.
2026-08-01 11:24:19 [3,547ms] [Warning] [gpu.foundation.plugin] Skipping NVIDIA GPU due CUDA being in bad state: NVIDIA GeForce RTX 5090
2026-08-01 11:24:19 [3,547ms] [Warning] [gpu.foundation.plugin] Please restart your system if CUDA is known to work in your system.

|---------------------------------------------------------------------------------------------|
| Driver Version: 580.105.08    | Graphics API: Vulkan
|=============================================================================================|
| GPU | Name                             | Active | LDA | GPU Memory | Vendor-ID | LUID       |
|     |                                  |        |     |            | Device-ID | UUID       |
|     |                                  |        |     |            | Bus-ID    |            |
|---------------------------------------------------------------------------------------------|
| 0   | NVIDIA GeForce RTX 5090          | Yes: 0 |     | 32607   MB | 10de      | 0          |
|     |                                  |        |     |            | 2b85      | c2a01bc3.. |
|     |                                  |        |     |            | 1         |            |
|---------------------------------------------------------------------------------------------|
| 1   | NVIDIA GeForce RTX 5090          |        |     | 32607   MB | 10de      | 0          |
|     |                                  |        |     |            | 2b85      | 837a84cc.. |
|     |                                  |        |     |            | 7         |            |
|=============================================================================================|
| OS: 24.04.2 LTS (Noble Numbat) ubuntu, Version: 24.04.2, Kernel: 6.17.0-35-generic
| Processor: Intel(R) Core(TM) i9-14900K
| Bare Metal Cores: 24 | Bare Metal Logical Cores: 48
| Available Cores:  32 
|---------------------------------------------------------------------------------------------|
| Total Memory (MB): 128491 | Free Memory: 119528
| Total Page/Swap (MB): 8191 | Free Page/Swap: 7149
|---------------------------------------------------------------------------------------------|
Unidirectional P2P=Enabled Bandwidth (P2P Writes) Matrix (GB/s)
   D\D     0 
     0 1415.31 
P2P=Enabled Latency (P2P Writes) Matrix (us)
   GPU     0 
     0   2.08 

   CPU     0 
     0   1.24 
2026-08-01 11:24:19 [3,840ms] [Warning] [gpu.foundation.plugin] IOMMU is enabled.
2026-08-01 11:24:19 [3,841ms] [Warning] [gpu.foundation.plugin] Detected IOMMU is enabled. Running CUDA peer-to-peer bandwidth and latency validation.
Unidirectional P2P=Enabled Bandwidth (P2P Writes) Matrix (GB/s)
   D\D     0 
     0 1400.09 
P2P=Enabled Latency (P2P Writes) Matrix (us)
   GPU     0 
     0   2.08 

   CPU     0 
     0   1.26 
2026-08-01 11:24:19 [3,993ms] [Warning] [carb.windowing-glfw.plugin] GLFW initialization failed.
2026-08-01 11:24:19 [3,993ms] [Warning] [carb] Failed to startup plugin carb.windowing-glfw.plugin (interfaces: [carb::windowing::IGLContext v1.0],[carb::windowing::IWindowing v1.5]) (impl: carb.windowing-glfw.plugin)
2026-08-01 11:24:19 [4,008ms] [Warning] [carb.windowing-glfw.plugin] GLFW initialization failed.
2026-08-01 11:24:19 [4,008ms] [Warning] [carb] Failed to startup plugin carb.windowing-glfw.plugin (interfaces: [carb::windowing::IGLContext v1.0],[carb::windowing::IWindowing v1.5]) (impl: carb.windowing-glfw.plugin)
2026-08-01 11:24:19 [4,016ms] [Warning] [carb.windowing-glfw.plugin] GLFW initialization failed.
2026-08-01 11:24:19 [4,016ms] [Warning] [carb] Failed to startup plugin carb.windowing-glfw.plugin (interfaces: [carb::windowing::IGLContext v1.0],[carb::windowing::IWindowing v1.5]) (impl: carb.windowing-glfw.plugin)
2026-08-01 11:24:19 [4,021ms] [Warning] [carb.windowing-glfw.plugin] GLFW initializatiSetting seed: 8103
[INFO]: Base environment:
	Environment device    : cuda:0
	Environment seed      : 8103
	Physics step-size     : 0.0025
	Rendering step-size   : 0.02
	Environment step-size : 0.02
[2026-08-01 19:24:19,692][AutoNode][DEBUG] - Defining data type 'any' as 'Any'
[2026-08-01 19:24:19,692][AutoNode][DEBUG] - Defining data type 'bool' as 'Bool' and array 'BoolArray
[2026-08-01 19:24:19,692][AutoNode][DEBUG] - Defining data type 'bundle' as 'Bundle'
[2026-08-01 19:24:19,692][AutoNode][DEBUG] - Defining data type 'colord[3]' as 'Color3d' and array 'Color3dArray
[2026-08-01 19:24:19,692][AutoNode][DEBUG] - Defining data type 'colorf[3]' as 'Color3f' and array 'Color3fArray
[2026-08-01 19:24:19,692][AutoNode][DEBUG] - Defining data type 'colorh[3]' as 'Color3h' and array 'Color3hArray
[2026-08-01 19:24:19,692][AutoNode][DEBUG] - Defining data type 'colord[4]' as 'Color4d' and array 'Color4dArray
[2026-08-01 19:24:19,692][AutoNode][DEBUG] - Defining data type 'colorf[4]' as 'Color4f' and array 'Color4fArray
[2026-08-01 19:24:19,692][AutoNode][DEBUG] - Defining data type 'colorh[4]' as 'Color4h' and array 'Color4hArray
[2026-08-01 19:24:19,692][AutoNode][DEBUG] - Defining data type 'double' as 'Double' and array 'DoubleArray
[2026-08-01 19:24:19,692][AutoNode][DEBUG] - Defining data type 'double[2]' as 'Double2' and array 'Double2Array
[2026-08-01 19:24:19,692][AutoNode][DEBUG] - Defining data type 'double[3]' as 'Double3' and array 'Double3Array
[2026-08-01 19:24:19,692][AutoNode][DEBUG] - Defining data type 'double[4]' as 'Double4' and array 'Double4Array
[2026-08-01 19:24:19,692][AutoNode][DEBUG] - Defining data type 'execution' as 'Execution'
[2026-08-01 19:24:19,692][AutoNode][DEBUG] - Defining data type 'float' as 'Float' and array 'FloatArray
[2026-08-01 19:24:19,692][AutoNode][DEBUG] - Defining data type 'float[2]' as 'Float2' and array 'Float2Array
[2026-08-01 19:24:19,692][AutoNode][DEBUG] - Defining data type 'float[3]' as 'Float3' and array 'Float3Array
[2026-08-01 19:24:19,692][AutoNode][DEBUG] - Defining data type 'float[4]' as 'Float4' and array 'Float4Array
[2026-08-01 19:24:19,692][AutoNode][DEBUG] - Defining data type 'frame[4]' as 'Frame' and array 'FrameArray
[2026-08-01 19:24:19,692][AutoNode][DEBUG] - Defining data type 'half' as 'Half' and array 'HalfArray
[2026-08-01 19:24:19,692][AutoNode][DEBUG] - Defining data type 'half[2]' as 'Half2' and array 'Half2Array
[2026-08-01 19:24:19,692][AutoNode][DEBUG] - Defining data type 'half[3]' as 'Half3' and array 'Half3Array
[2026-08-01 19:24:19,692][AutoNode][DEBUG] - Defining data type 'half[4]' as 'Half4' and array 'Half4Array
[2026-08-01 19:24:19,692][AutoNode][DEBUG] - Defining data type 'int' as 'Int' and array 'IntArray
[2026-08-01 19:24:19,692][AutoNode][DEBUG] - Defining data type 'int[2]' as 'Int2' and array 'Int2Array
[2026-08-01 19:24:19,692][AutoNode][DEBUG] - Defining data type 'int[3]' as 'Int3' and array 'Int3Array
[2026-08-01 19:24:19,692][AutoNode][DEBUG] - Defining data type 'int[4]' as 'Int4' and array 'Int4Array
[2026-08-01 19:24:19,692][AutoNode][DEBUG] - Defining data type 'int64' as 'Int64' and array 'Int64Array
[2026-08-01 19:24:19,692][AutoNode][DEBUG] - Defining data type 'matrixd[2]' as 'Matrix2d' and array 'Matrix2dArray
[2026-08-01 19:24:19,692][AutoNode][DEBUG] - Defining data type 'matrixd[3]' as 'Matrix3d' and array 'Matrix3dArray
[2026-08-01 19:24:19,692][AutoNode][DEBUG] - Defining data type 'matrixd[4]' as 'Matrix4d' and array 'Matrix4dArray
[2026-08-01 19:24:19,693][AutoNode][DEBUG] - Defining data type 'normald[3]' as 'Normal3d' and array 'Normal3dArray
[2026-08-01 19:24:19,693][AutoNode][DEBUG] - Defining data type 'normalf[3]' as 'Normal3f' and array 'Normal3fArray
[2026-08-01 19:24:19,693][AutoNode][DEBUG] - Defining data type 'normalh[3]' as 'Normal3h' and array 'Normal3hArray
[2026-08-01 19:24:19,693][AutoNode][DEBUG] - Defining data type 'objectId' as 'ObjectId' and array 'ObjectIdArray
[2026-08-01 19:24:19,693][AutoNode][DEBUG] - Defining data type 'path' as 'Path'
[2026-08-01 19:24:19,693][AutoNode][DEBUG] - Defining data type 'pointd[3]' as 'Point3d' and array 'Point3dArray
[2026-08-01 19:24:19,693][AutoNode][DEBUG] - Defining data type 'pointf[3]' as 'Point3f' and array 'Point3fArray
[2026-08-01 19:24:19,693][AutoNode][DEBUG] - Defining data type 'pointh[3]' as 'Point3h' and array 'Point3hArray
[2026-08-01 19:24:19,693][AutoNode][DEBUG] - Defining data type 'quatd[4]' as 'Quatd' and array 'QuatdArray
[2026-08-01 19:24:19,693][AutoNode][DEBUG] - Defining data type 'quatf[4]' as 'Quatf' and array 'QuatfArray
[2026-08-01 19:24:19,693][AutoNode][DEBUG] - Defining data type 'quath[4]' as 'Quath' and array 'QuathArray
[2026-08-01 19:24:19,693][AutoNode][DEBUG] - Defining data type 'string' as 'String'
[2026-08-01 19:24:19,693][AutoNode][DEBUG] - Defining data type 'target' as 'Target'
[2026-08-01 19:24:19,693][AutoNode][DEBUG] - Defining data type 'texcoordd[2]' as 'TexCoord2d' and array 'TexCoord2dArray
[2026-08-01 19:24:19,693][AutoNode][DEBUG] - Defining data type 'texcoordf[2]' as 'TexCoord2f' and array 'TexCoord2fArray
[2026-08-01 19:24:19,693][AutoNode][DEBUG] - Defining data type 'texcoordh[2]' as 'TexCoord2h' and array 'TexCoord2hArray
[2026-08-01 19:24:19,693][AutoNode][DEBUG] - Defining data type 'texcoordd[3]' as 'TexCoord3d' and array 'TexCoord3dArray
[2026-08-01 19:24:19,693][AutoNode][DEBUG] - Defining data type 'texcoordf[3]' as 'TexCoord3f' and array 'TexCoord3fArray
[2026-08-01 19:24:19,693][AutoNode][DEBUG] - Defining data type 'texcoordh[3]' as 'TexCoord3h' and array 'TexCoord3hArray
[2026-08-01 19:24:19,693][AutoNode][DEBUG] - Defining data type 'timecode' as 'Timecode' and array 'TimecodeArray
[2026-08-01 19:24:19,693][AutoNode][DEBUG] - Defining data type 'token' as 'Token' and array 'TokenArray
[2026-08-01 19:24:19,693][AutoNode][DEBUG] - Defining data type 'uchar' as 'UChar' and array 'UCharArray
[2026-08-01 19:24:19,693][AutoNode][DEBUG] - Defining data type 'uint' as 'UInt' and array 'UIntArray
[2026-08-01 19:24:19,693][AutoNode][DEBUG] - Defining data type 'uint64' as 'UInt64' and array 'UInt64Array
[2026-08-01 19:24:19,693][AutoNode][DEBUG] - Defining data type 'vectord[3]' as 'Vector3d' and array 'Vector3dArray
[2026-08-01 19:24:19,693][AutoNode][DEBUG] - Defining data type 'vectorf[3]' as 'Vector3f' and array 'Vector3fArray
[2026-08-01 19:24:19,693][AutoNode][DEBUG] - Defining data type 'vectorh[3]' as 'Vector3h' and array 'Vector3hArray
on failed.
2026-08-01 11:24:19 [4,021ms] [Warning] [carb] Failed to startup plugin carb.windowing-glfw.plugin (interfaces: [carb::windowing::IGLContext v1.0],[carb::windowing::IWindowing v1.5]) (impl: carb.windowing-glfw.plugin)
2026-08-01 11:24:19 [4,022ms] [Warning] [carb.windowing-glfw.plugin] GLFW initialization failed.
2026-08-01 11:24:19 [4,022ms] [Warning] [carb] Failed to startup plugin carb.windowing-glfw.plugin (interfaces: [carb::windowing::IGLContext v1.0],[carb::windowing::IWindowing v1.5]) (impl: carb.windowing-glfw.plugin)
2026-08-01 11:24:19 [4,023ms] [Warning] [carb.windowing-glfw.plugin] GLFW initialization failed.
2026-08-01 11:24:19 [4,023ms] [Warning] [carb] Failed to startup plugin carb.windowing-glfw.plugin (interfaces: [carb::windowing::IGLContext v1.0],[carb::windowing::IWindowing v1.5]) (impl: carb.windowing-glfw.plugin)
2026-08-01 11:24:19 [4,252ms] [Warning] [omni.graph.visualization.nodes._impl.extension] No Viewport Window to add omni.graph.visualization.nodes-2.1.1 scene to
2026-08-01 11:24:19 [4,285ms] [Warning] [isaacsim.asset.importer.urdf] The path 0000014503_A3T2.5-URDF-std-pingpang-0409 is not a valid usd path, modifying to a_0000014503_A3T2_5_URDF_std_pingpang_0409
2026-08-01 11:24:19 [4,285ms] [Error] [isaacsim.asset.importer.urdf] *** Could not parse xyz string '0.0' 
2026-08-01 11:24:19 [4,285ms] [Error] [isaacsim.asset.importer.urdf] *** xyz not specified for axis
2026-08-01 11:24:19 [4,285ms] [Error] [isaacsim.asset.importer.urdf] *** Could not parse xyz string '' 
2026-08-01 11:24:19 [4,285ms] [Error] [isaacsim.asset.importer.urdf] *** xyz not specified for axis
2026-08-01 11:24:19 [4,285ms] [Error] [isaacsim.asset.importer.urdf] *** Could not parse xyz string '' 
2026-08-01 11:24:19 [4,285ms] [Error] [isaacsim.asset.importer.urdf] *** xyz not specified for axis
2026-08-01 11:24:19 [4,285ms] [Error] [isaacsim.asset.importer.urdf] *** Could not parse xyz string '' 
2026-08-01 11:24:19 [4,285ms] [Error] [isaacsim.asset.importer.urdf] *** xyz not specified for axis
2026-08-01 11:24:19 [4,285ms] [Error] [isaacsim.asset.importer.urdf] *** Could not parse xyz string '0.0' 
2026-08-01 11:24:19 [4,285ms] [Error] [isaacsim.asset.importer.urdf] *** xyz not specified for axis
2026-08-01 11:24:19 [4,286ms] [Error] [isaacsim.asset.importer.urdf] *** Could not parse xyz string '0.0' 
2026-08-01 11:24:19 [4,286ms] [Error] [isaacsim.asset.importer.urdf] *** xyz not specified for axis
2026-08-01 11:24:20 [4,613ms] [Warning] [isaacsim.asset.importer.urdf] std_head_stereo_camera_joint: Joint Axis is not body aligned with X, Y or Z primary axis. Adjusting PhysX joint alignment to Axis X and reorienting bodies.
2026-08-01 11:24:20 [4,758ms] [Warning] [isaacsim.asset.importer.urdf] right_hand_pingpang_joint: Joint Axis is not body aligned with X, Y or Z primary axis. Adjusting PhysX joint alignment to Axis X and reorienting bodies.
2026-08-01 11:24:20 [4,766ms] [Warning] [isaacsim.asset.importer.urdf] pingbang_ball_joint: Joint Axis is not body aligned with X, Y or Z primary axis. Adjusting PhysX joint alignment to Axis X and reorienting bodies.
2026-08-01 11:24:20 [4,771ms] [Warning] [isaacsim.asset.importer.urdf] pingpang_black_joint: Joint Axis is not body aligned with X, Y or Z primary axis. Adjusting PhysX joint alignment to Axis X and reorienting bodies.
2026-08-01 11:24:20 [4,779ms] [Warning] [isaacsim.asset.importer.urdf] pingpang_red_joint: Joint Axis is not body aligned with X, Y or Z primary axis. Adjusting PhysX joint alignment to Axis X and reorienting bodies.
2026-08-01 11:24:22 [6,786ms] [Warning] [omni.usd] Warning: in GetNodeDiscoveryResults at line 136 of /builds/omniverse/usd-ci/USD/pxr/usd/usdShade/shaderDefUtils.cpp -- Unable to resolve info:sourceAsset </UsdPreviewSurface.info:mdl:sourceAsset> with value @UsdPreviewSurface.mdl@.

2026-08-01 11:24:22 [6,786ms] [Warning] [omni.usd] Warning: in GetNodeDiscoveryResults at line 136 of /builds/omniverse/usd-ci/USD/pxr/usd/usdShade/shaderDefUtils.cpp -- Unable to resolve info:sourceAsset </UsdUVTexture.info:mdl:sourceAsset> with value @UsdPreviewSurface.mdl@.

2026-08-01 11:24:22 [6,786ms] [Warning] [omni.usd] Warning: in GetNodeDiscoveryResults at line 136 of /builds/omniverse/usd-ci/USD/pxr/usd/usdShade/shaderDefUtils.cpp -- Unable to resolve info:sourceAsset </UsdPrimvarReader_float.info:mdl:sourceAsset> with value @UsdPreviewSurface.mdl@.

2026-08-01 11:24:22 [6,786ms] [Warning] [omni.usd] Warning: in GetNodeDiscoveryResults at line 136 of /builds/omniverse/usd-ci/USD/pxr/usd/usdShade/shaderDefUtils.cpp -- Unable to resolve info:sourceAsset </UsdPrimvarReader_float2.info:mdl:sourceAsset> with value @UsdPreviewSurface.mdl@.

2026-08-01 11:24:22 [6,787ms] [Warning] [omni.usd] Warning: in GetNodeDiscoveryResults at line 136 of /builds/omniverse/usd-ci/USD/pxr/usd/usdShade/shaderDefUtils.cpp -- Unable to resolve info:sourceAsset </UsdPrimvarReader_float3.info:mdl:sourceAsset> with value @UsdPreviewSurface.mdl@.

2026-08-01 11:24:22 [6,787ms] [Warning] [omni.usd] Warning: in GetNodeDiscoveryResults at line 136 of /builds/omniverse/usd-ci/USD/pxr/usd/usdShade/shaderDefUtils.cpp -- Unable to resolve info:sourceAsset </UsdPrimvarReader_float4.info:mdl:sourceAsset> with value @UsdPreviewSurface.mdl@.

2026-08-01 11:24:22 [6,787ms] [Warning] [omni.usd] Warning: in GetNodeDiscoveryResults at line 136 of /builds/omniverse/usd-ci/USD/pxr/usd/usdShade/shaderDefUtils.cpp -- Unable to resolve info:sourceAsset </UsdPrimvarReader_int.info:mdl:sourceAsset> with value @UsdPreviewSurface.mdl@.

2026-08-01 11:24:22 [6,787ms] [Warning] [omni.usd] Warning: in GetNodeDiscoveryResults at line 136 of /builds/omniverse/usd-ci/USD/pxr/usd/usdShade/shaderDefUtils.cpp -- Unable to resolve info:sourceAsset </UsdPrimvarReader_string.info:mdl:sourceAsset> with value @UsdPreviewSurface.mdl@.

2026-08-01 11:24:22 [6,787ms] [Warning] [omni.usd] Warning: in GetNodeDiscoveryResults at line 136 of /builds/omniverse/usd-ci/USD/pxr/usd/usdShade/shaderDefUtils.cpp -- Unable to resolve info:sourceAsset </UsdPrimvarReader_normal.info:mdl:sourceAsset> with value @UsdPreviewSurface.mdl@.

2026-08-01 11:24:22 [6,787ms] [Warning] [omni.usd] Warning: in GetNodeDiscoveryResults at line 136 of /builds/omniverse/usd-ci/USD/pxr/usd/usdShade/shaderDefUtils.cpp -- Unable to resolve info:sourceAsset </UsdPrimvarReader_point.info:mdl:sourceAsset> with value @UsdPreviewSurface.mdl@.

2026-08-01 11:24:22 [6,787ms] [Warning] [omni.usd] Warning: in GetNodeDiscoveryResults at line 136 of /builds/omn[INFO]: Time taken for scene creation : 3.395736 seconds
[INFO]: Scene manager:  <class InteractiveScene>
	Number of environments: 32
	Environment spacing   : 6.0
	Source prim name      : /World/envs/env_0
	Global prim paths     : ['/World/ground']
	Replicate physics     : True
[INFO]: Starting the simulation. This may take a few seconds. Please wait...
[INFO]: Time taken for simulation start : 0.455187 seconds
[INFO] Command Manager:  <CommandManager> contains 3 active terms.
+-----------------------------------------------------+
|                 Active Command Terms                |
+-------+-----------------+---------------------------+
| Index | Name            |            Type           |
+-------+-----------------+---------------------------+
|   0   | motion          |       MotionCommand       |
|   1   | racket_target   |    RacketTargetCommand    |
|   2   | physical_shadow | PhysicalBallShadowCommand |
+-------+-----------------+---------------------------+

[INFO] Event Manager:  <EventManager> contains 2 active terms.
+---------------------------------------+
| Active Event Terms in Mode: 'startup' |
+---------+-----------------------------+
|  Index  | Name                        |
+---------+-----------------------------+
|    0    | physics_material            |
|    1    | base_com                    |
|    2    | link_mass                   |
|    3    | joint_default_pos           |
|    4    | racket_material             |
+---------+-----------------------------+
+-------------------------------------+
| Active Event Terms in Mode: 'reset' |
+--------------+----------------------+
|    Index     | Name                 |
+--------------+----------------------+
|      0       | pd_gains             |
+--------------+----------------------+

[INFO] Recorder Manager:  <RecorderManager> contains 0 active terms.
+-----------------------+
| Active Recorder Terms |
+------------+----------+
|   Index    | Name     |
+------------+----------+
+------------+----------+

[INFO] Action Manager:  <ActionManager> contains 1 active terms.
+---------------------------------+
| Active Action Terms (shape: 31) |
+-------+-----------+-------------+
| Index | Name      |   Dimension |
+-------+-----------+-------------+
|   0   | joint_pos |          31 |
+-------+-----------+-------------+

[INFO] Observation Manager: <ObservationManager> contains 2 groups.
+-------------------------------------------------------------+
| Active Observation Terms in Group: 'policy' (shape: (114,)) |
+----------+--------------------------------------+-----------+
|  Index   | Name                                 |   Shape   |
+----------+--------------------------------------+-----------+
|    0     | base_ang_vel                         |    (3,)   |
|    1     | joint_pos                            |   (31,)   |
|    2     | joint_vel                            |   (31,)   |
|    3     | last_action                          |   (31,)   |
|    4     | projected_gravity                    |    (3,)   |
|    5     | base_forward_xy                      |    (2,)   |
|    6     | fixed_station_error_xy               |    (2,)   |
|    7     | racket_target_rel_base               |    (3,)   |
|    8     | racket_target_vel_w                  |    (3,)   |
|    9     | time_to_strike                       |    (1,)   |
|    10    | swing_side                           |    (1,)   |
|    11    | racket_target_normal_w               |    (3,)   |
+----------+--------------------------------------+-----------+
+-------------------------------------------------------------+
| Active Observation Terms in Group: 'critic' (shape: (324,)) |
+----------+--------------------------------------+-----------+
|  Index   | Name                                 |   Shape   |
+----------+--------------------------------------+-----------+
|    0     | base_ang_vel                         |    (3,)   |
|    1     | joint_pos                            |   (31,)   |
|    2     | joint_vel                            |   (31,)   |
|    3     | last_action                          |   (31,)   |
|    4     | projected_gravity                    |    (3,)   |
|    5     | base_forward_xy                      |    (2,)   |
|    6     | fixed_station_error_xy               |    (2,)   |
|    7     | racket_target_rel_base               |    (3,)   |
|    8     | racket_target_vel_w                  |    (3,)   |
|    9     | time_to_strike                       |    (1,)   |
|    10    | swing_side                           |    (1,)   |
|    11    | base_lin_vel                         |    (3,)   |
|    12    | motion_command                       |   (62,)   |
|    13    | motion_anchor_pos_b                  |    (3,)   |
|    14    | motion_anchor_ori_b                  |    (6,)   |
|    15    | robot_body_pos_b                     |   (42,)   |
|    16    | robot_body_ori_b                     |   (84,)   |
|    17    | racket_pos_b                         |    (3,)   |
|    18    | racket_lin_vel_w                     |    (3,)   |
|    19    | racket_normal_w                      |    (3,)   |
|    20    | racket_target_normal_w               |    (3,)   |
|    21    | episode_time_left                    |    (1,)   |
+----------+--------------------------------------+-----------+

[INFO] Termination Manager:  <TerminationManager> contains 5 active terms.
+-----------------------------------------------+
|            Active Termination Terms           |
+-------+----------------------------+----------+
| Index | Name                       | Time Out |
+-------+----------------------------+----------+
|   0   | time_out                   |   True   |
|   1   | base_too_low               |  False   |
|   2   | base_tilted                |  False   |
|   3   | table_touch                |  False   |
|   4   | persistent_action_overflow |  False   |
+-------+----------------------------+----------+

[INFO] Reward Manager:  <RewardManager> contains 34 active terms.
+--------------------------------------------------------+
|                  Active Reward Terms                   |
+-------+---------------------------------------+--------+
| Index | Name                                  | Weight |
+-------+---------------------------------------+--------+
|   0   | undesired_contacts                    |   -0.1 |
|   1   | feet_contact_slip                     |  -0.05 |
|   2   | table_no_touch                        |   -0.5 |
|   3   | alive                                 |   0.02 |
|   4   | upright                               |   -0.4 |
|   5   | imitation                             |    1.2 |
|   6   | racket_position                       |    0.8 |
|   7   | racket_velocity                       |   0.45 |
|   8   | planner_racket_task_space_crossfade   |    3.5 |
|   9   | blade_direction                       |   0.45 |
|   10  | healthy_trunk_support                 |    0.8 |
|   11  | pre_strike_station                    |   0.15 |
|   12  | recovery_health                       |   0.55 |
|   13  | no_command_ready_stability            |    0.2 |
|   14  | post_strike_base_ang_vel              |   0.14 |
|   15  | phase_action_overflow                 |   -0.3 |
|   16  | strike_balance                        |   0.22 |
|   17  | prestrike_station_progress            |   0.45 |
|   18  | lower_body_support                    |   0.65 |
|   19  | termination_penalty                   |  -12.0 |
|   20  | phase_action_rate_waist               |  -0.04 |
|   21  | phase_action_rate_upper               | -0.006 |
|   22  | phase_action_rate_legs                | -0.008 |
|   23  | joint_limit                           |   -1.0 |
|   24  | prestrike_racket_progress             |    1.0 |
|   25  | near_impact_planner_velocity_progress |   1.25 |
|   26  | operational_joint_margin              |   -0.6 |
|   27  | joint_target_slew                     | -0.035 |
|   28  | actuator_waist_feasibility            |  -0.02 |
|   29  | actuator_right_arm_feasibility        | -0.005 |
|   30  | actuator_leg_feasibility              | -0.015 |
|   31  | physical_outcome_events               |    3.0 |
|   32  | physical_recovery_settlement          |    2.0 |
|   33  | physical_capability_curriculum        |    1.0 |
+-------+---------------------------------------+--------+

[INFO] Curriculum Manager:  <CurriculumManager> contains 0 active terms.
+-------------------------+
| Active Curriculum Terms |
+-------------+-----------+
|    Index    | Name      |
+-------------+-----------+
+-------------+-----------+

[INFO]: Completed setting up the environment...
[train.py] joint-order gate: using canonical->articulation permutation [2, 5, 8, 11, 16, 12, 17, 21, 23, 25, 27, 29, 13, 18, 22, 24, 26, 28, 30, 0, 3, 6, 9, 14, 19, 1, 4, 7, 10, 15, 20]
[train.py] actor observation contract validated: hope_pingpong_normal114 (114D)
/mnt/ssd/zxl/IsaacLab/source/isaaclab/isaaclab/envs/mdp/events.py:501: UserWarning: To copy construct from a tensor, it is recommended to use sourceTensor.detach().clone() or sourceTensor.detach().clone().requires_grad_(True), rather than torch.tensor(sourceTensor).
  actuator_joint_indices = torch.tensor(actuator.joint_indices, device=asset.device)
Actor MLP: Sequential(
  (0): Linear(in_features=114, out_features=512, bias=True)
  (1): ELU(alpha=1.0)
  (2): Linear(in_features=512, out_features=256, bias=True)
  (3): ELU(alpha=1.0)
  (4): Linear(in_features=256, out_features=128, bias=True)
  (5): ELU(alpha=1.0)
  (6): Linear(in_features=128, out_features=31, bias=True)
)
Critic MLP: Sequential(
  (0): Linear(in_features=324, out_features=512, bias=True)
  (1): ELU(alpha=1.0)
  (2): Linear(in_features=512, out_features=256, bias=True)
  (3): ELU(alpha=1.0)
  (4): Linear(in_features=256, out_features=128, bias=True)
  (5): ELU(alpha=1.0)
  (6): Linear(in_features=128, out_features=1, bias=True)
)
[train.py] actor-only warm start loaded; critic, exploration state, optimizer, and iteration remain fresh: /mnt/ssd/zxl/HOPE_latest_20260721/hope_training/whole_body_tracking/logs/rsl_rl/hope_pingpong_stage1_operational114/2026-08-01_18-31-02_stage1polishP1_fromB1500_250/model_1749.pt
/mnt/ssd/zxl/IsaacLab/source/isaaclab/isaaclab/envs/mdp/events.py:501: UserWarning: To copy construct from a tensor, it is recommended to use sourceTensor.detach().clone() or sourceTensor.detach().clone().requires_grad_(True), rather than torch.tensor(sourceTensor).
  actuator_joint_indices = torch.tensor(actuator.joint_indices, device=asset.device)
################################################################################
                        [1m Learning iteration 0/5 [0m                        

                       Computation: 345 steps/s (collection: 2.849s, learning 0.111s)
             Mean action noise std: 0.25
          Mean value_function loss: 0.0230
               Mean surrogate loss: 0.3706
                 Mean entropy loss: 1.0109
                       Mean reward: 0.13
               Mean episode length: 6.00
 Episode_Reward/undesired_contacts: 0.0000
  Episode_Reward/feet_contact_slip: -0.0001
     Episode_Reward/table_no_touch: -0.0000
              Episode_Reward/alive: 0.0002
            Episode_Reward/upright: -0.0000
          Episode_Reward/imitation: 0.0000
    Episode_Reward/racket_position: 0.0000
    Episode_Reward/racket_velocity: 0.0000
Episode_Reward/planner_racket_task_space_crossfade: 0.0000
    Episode_Reward/blade_direction: 0.0000
Episode_Reward/healthy_trunk_support: 0.0055
 Episode_Reward/pre_strike_station: 0.0010
    Episode_Reward/recovery_health: 0.0038
Episode_Reward/no_command_ready_stability: 0.0009
Episode_Reward/post_strike_base_ang_vel: 0.0000
Episode_Reward/phase_action_overflow: 0.0000
     Episode_Reward/strike_balance: 0.0002
Episode_Reward/prestrike_station_progress: 0.0000
 Episode_Reward/lower_body_support: 0.0006
Episode_Reward/termination_penalty: 0.0000
Episode_Reward/phase_action_rate_waist: -0.0001
Episode_Reward/phase_action_rate_upper: -0.0001
Episode_Reward/phase_action_rate_legs: -0.0000
        Episode_Reward/joint_limit: 0.0000
Episode_Reward/prestrike_racket_progress: 0.0000
Episode_Reward/near_impact_planner_velocity_progress: 0.0000
Episode_Reward/operational_joint_margin: -0.0016
  Episode_Reward/joint_target_slew: -0.0014
Episode_Reward/actuator_waist_feasibility: 0.0000
Episode_Reward/actuator_right_arm_feasibility: -0.0000
Episode_Reward/actuator_leg_feasibility: -0.0000
Episode_Reward/physical_outcome_events: 0.0000
Episode_Reward/physical_recovery_settlement: 0.0000
Episode_Reward/physical_capability_curriculum: 0.0000
    Metrics/motion/error_joint_pos: 0.5576
    Metrics/motion/error_joint_vel: 8.7686
     Metrics/motion/error_body_pos: 0.1436
     Metrics/motion/error_body_rot: 0.4964
       Metrics/motion/motion_phase: 0.0000
            Metrics/motion/in_hold: 0.8438
Metrics/motion/motion_start_warmup_prob: 0.6328
Metrics/motion/motion_start_lifecycle_progress: 0.0000
Metrics/motion/motion_start_effective_prestrike_fraction: 0.8438
Metrics/motion/motion_start_effective_recovery_fraction: 0.0000
Metrics/motion/motion_start_effective_rsi_fraction: 0.0000
 Metrics/motion/motion_start_reset: 0.0000
Metrics/motion/motion_start_prestrike_reset: 0.0000
Metrics/motion/motion_start_recovery_reset: 0.0000
Metrics/motion/motion_start_rsi_reset: 0.0000
 Metrics/motion/single_cycle_reset: 0.0000
     Metrics/motion/motion_clip_id: 0.0000
Metrics/motion/motion_supplemental_clip: 0.0000
      Metrics/motion/stand_episode: 0.0000
Metrics/motion/default_stand_reset: 0.8438
Metrics/motion/error_body_pos_lower: 0.0828
Metrics/motion/error_body_rot_lower: 0.1318
Metrics/motion/error_body_lin_vel_lower: 0.1707
Metrics/motion/error_body_ang_vel_lower: 1.5030
Metrics/motion/reference_body_lin_speed_lower: 0.0000
Metrics/motion/robot_body_lin_speed_lower: 0.1707
Metrics/motion/error_body_pos_core: 0.0658
Metrics/motion/error_body_rot_core: 0.1310
Metrics/motion/error_body_lin_vel_core: 0.1235
Metrics/motion/error_body_ang_vel_core: 1.7183
Metrics/motion/reference_body_lin_speed_core: 0.0000
Metrics/motion/robot_body_lin_speed_core: 0.1235
Metrics/motion/error_body_pos_upper: 0.2305
Metrics/motion/error_body_rot_upper: 0.9828
Metrics/motion/error_body_lin_vel_upper: 0.4367
Metrics/motion/error_body_ang_vel_upper: 3.9135
Metrics/motion/reference_body_lin_speed_upper: 0.0000
Metrics/motion/robot_body_lin_speed_upper: 0.4367
Metrics/motion/error_joint_pos_waist: 0.0677
Metrics/motion/error_joint_vel_waist: 3.3956
Metrics/motion/reference_joint_speed_waist: 0.0000
Metrics/motion/error_joint_pos_arms: 0.5080
Metrics/motion/error_joint_vel_arms: 6.7576
Metrics/motion/reference_joint_speed_arms: 0.0000
Metrics/motion/error_joint_pos_legs: 0.2194
Metrics/motion/error_joint_vel_legs: 4.4326
Metrics/motion/reference_joint_speed_legs: 0.0000
Metrics/racket_target/racket_pos_error: 0.0000
Metrics/racket_target/racket_vel_error: 0.0000
Metrics/racket_target/time_to_strike: 0.8438
Metrics/racket_target/return_success: 0.0000
Metrics/racket_target/prev_return_success: 0.0000
Metrics/racket_target/prev_net_cross: 0.0000
Metrics/racket_target/current_net_cross: 0.0000
Metrics/racket_target/racket_pos_curriculum_scale: 0.3094
Metrics/racket_target/impact_inverse_command_blend: 0.0000
Metrics/racket_target/steps_since_target_resample: 3.3750
Metrics/racket_target/recovery_height_error: 0.0017
Metrics/racket_target/recovery_upright_error: 0.0286
Metrics/racket_target/recovery_base_lin_vel: 0.1810
Metrics/racket_target/recovery_base_ang_vel: 2.1202
Metrics/racket_target/recovery_station_error: 0.0136
Metrics/racket_target/recovery_feet_contact_frac: 0.8438
Metrics/racket_target/recovery_racket_speed: 2.7090
Metrics/racket_target/recovery_height_score: 0.8434
Metrics/racket_target/recovery_upright_score: 0.8295
Metrics/racket_target/recovery_lin_vel_score: 0.3797
Metrics/racket_target/recovery_ang_vel_score: 0.0000
Metrics/racket_target/recovery_station_score: 0.8388
Metrics/racket_target/recovery_racket_score: 0.0000
Metrics/racket_target/recovery_arm_score: 0.2646
Metrics/racket_target/recovery_ready_score: 0.5564
Metrics/racket_target/recovery_anchor_arm_score: 0.8438
Metrics/racket_target/recovery_core_ready_score: 0.0376
Metrics/racket_target/recovery_functional_ready_score: 0.0319
Metrics/racket_target/waist_action_overflow_rms: 0.0000
Metrics/racket_target/right_arm_action_overflow_rms: 0.0000
Metrics/racket_target/leg_action_overflow_rms: 0.0000
Metrics/racket_target/operational_margin_fraction: 0.0544
Metrics/racket_target/waist_operational_margin_fraction: 0.0000
Metrics/racket_target/right_arm_operational_margin_fraction: 0.0000
Metrics/racket_target/leg_operational_margin_fraction: 0.0703
Metrics/racket_target/waist_operational_excess_rms: 0.0000
Metrics/racket_target/right_arm_operational_excess_rms: 0.0000
Metrics/racket_target/leg_operational_excess_rms: 0.0093
Metrics/racket_target/q_des_velocity_violation_fraction: 0.1905
Metrics/racket_target/waist_q_des_velocity_violation_fraction: 0.2812
Metrics/racket_target/right_arm_q_des_velocity_violation_fraction: 0.1205
Metrics/racket_target/leg_q_des_velocity_violation_fraction: 0.2812
Metrics/racket_target/q_des_acceleration_violation_fraction: 0.5988
Metrics/racket_target/waist_q_des_acceleration_violation_fraction: 0.5625
Metrics/racket_target/right_arm_q_des_acceleration_violation_fraction: 0.6027
Metrics/racket_target/leg_q_des_acceleration_violation_fraction: 0.7031
Metrics/racket_target/waist_q_des_velocity_rms: 7.3911
Metrics/racket_target/right_arm_q_des_velocity_rms: 9.2057
Metrics/racket_target/leg_q_des_velocity_rms: 14.3893
Metrics/racket_target/waist_q_des_acceleration_rms: 571.6593
Metrics/racket_target/right_arm_q_des_acceleration_rms: 598.8958
Metrics/racket_target/leg_q_des_acceleration_rms: 1350.8579
Metrics/racket_target/action_operational_feasibility_score: 0.7376
Metrics/racket_target/actuator_overflow_consecutive_steps: 0.0000
Metrics/racket_target/actuator_overflow_severe: 0.0000
Metrics/racket_target/recovery_phase_gate: 0.8438
Metrics/racket_target/recovery_phase_ready_score: 0.5564
Metrics/racket_target/recovery_contact_ready_score: 0.0000
Metrics/racket_target/recovery_net_ready_score: 0.0000
Metrics/racket_target/recovery_return_ready_score: 0.0000
Metrics/racket_target/cycle_success_ready_score: 0.0000
Metrics/racket_target/cycle_success_soft: 0.0000
Metrics/racket_target/cycle_success_binary: 0.0000
Metrics/racket_target/cycle_v2_pending: 0.0000
Metrics/racket_target/cycle_v2_attempt_latch: 0.0000
Metrics/racket_target/cycle_v2_ready_success_latch: 0.0000
Metrics/racket_target/cycle_v2_ready_fail_latch: 0.0000
Metrics/racket_target/cycle_v2_attempt_event: 0.0000
Metrics/racket_target/cycle_v2_ready_success_event: 0.0000
Metrics/racket_target/cycle_v2_ready_fail_event: 0.0000
Metrics/racket_target/cycle_v2_unresolved_resample_fail_event: 0.0000
Metrics/racket_target/cycle_v2_resolved_event: 0.0000
Metrics/racket_target/cycle_v2_command_visible_steps: 0.0000
Metrics/racket_target/cycle_v2_elapsed_steps: 0.0000
Metrics/racket_target/cycle_v2_ready_score: 0.0000
Metrics/racket_target/cycle_v2_ready_ok: 0.0000
Metrics/racket_target/cycle_v2_visible: 0.0000
Metrics/racket_target/cycle_v2_ready_score_ok: 0.0000
Metrics/racket_target/cycle_v2_height_ok: 0.0000
Metrics/racket_target/cycle_v2_upright_ok: 0.0000
Metrics/racket_target/cycle_v2_base_lin_vel_ok: 0.0000
Metrics/racket_target/cycle_v2_base_ang_vel_ok: 0.0000
Metrics/racket_target/cycle_v2_feet_ok: 0.0000
Metrics/racket_target/cycle_v2_core_ready_ok: 0.0000
Metrics/racket_target/cycle_v2_ready_consecutive_steps: 0.0000
Metrics/racket_target/single_cycle_bootstrap: 0.0000
Metrics/racket_target/single_cycle_swing_completed: 0.0000
Metrics/racket_target/single_cycle_recovery_active: 0.0000
Metrics/racket_target/single_cycle_recovery_elapsed_steps: 0.0000
Metrics/racket_target/single_cycle_ready_consecutive_steps: 0.0000
Metrics/racket_target/single_cycle_safe_timeout_event: 0.0000
Metrics/racket_target/single_cycle_deadline_timeout_event: 0.0000
Metrics/racket_target/single_cycle_timeout_latch: 0.0000
Metrics/racket_target/single_cycle_hard_failure_event: 0.0000
Metrics/racket_target/single_cycle_probability: 0.0000
Metrics/racket_target/single_cycle_curriculum_level: 0.0000
Metrics/racket_target/single_cycle_effective_deadline_steps: 84.3750
Metrics/racket_target/single_cycle_selected_events: 0.0000
Metrics/racket_target/single_cycle_completed_events: 0.0000
Metrics/racket_target/single_cycle_safe_timeout_events: 0.0000
Metrics/racket_target/single_cycle_deadline_timeout_events: 0.0000
Metrics/racket_target/single_cycle_hard_failure_events: 0.0000
Metrics/racket_target/active_ready_consecutive_steps: 0.0000
Metrics/racket_target/active_ready_success_event: 0.0000
Metrics/racket_target/active_ready_success_latch: 0.0000
Metrics/racket_target/active_ready_survival_steps: 0.0000
Metrics/racket_target/active_ready_survival_next_milestone: 0.0000
Metrics/racket_target/active_ready_survival_milestone_event: 0.0000
Metrics/racket_target/no_command_ready_active: 0.8438
Metrics/racket_target/no_command_from_stand_episode: 0.0000
Metrics/racket_target/no_command_from_default_stand_reset: 0.8438
Metrics/racket_target/no_command_ready_upright_ok: 0.8438
Metrics/racket_target/no_command_ready_motion_ok: 0.0000
Metrics/racket_target/no_command_ready_score: 0.5564
Metrics/racket_target/no_command_ready_progress: -0.8438
Metrics/racket_target/no_command_ready_station_error: 0.0136
Metrics/racket_target/no_command_ready_fixed_station_error: 0.0136
Metrics/racket_target/healthy_training_stage: 2.5312
Metrics/racket_target/healthy_stage_planted_rehearsal: 0.0000
Metrics/racket_target/healthy_stage_station_hold_seen: 0.0000
Metrics/racket_target/healthy_stage_station_arrived: 0.0000
Metrics/racket_target/healthy_stage_station_settled: 0.0000
Metrics/racket_target/healthy_stage_station_settle_steps: 0.0000
Metrics/racket_target/station_relocation_active: 0.0000
Metrics/racket_target/station_relocation_target_offset_y: 0.0000
Metrics/racket_target/station_relocation_error: 0.0000
Metrics/racket_target/station_relocation_arrival_event: 0.0000
Metrics/racket_target/station_relocation_settle_event: 0.0000
Metrics/racket_target/station_relocation_release_event: 0.0000
Metrics/racket_target/station_relocation_timeout_event: 0.0000
Metrics/racket_target/station_relocation_elapsed_steps: 0.0000
Metrics/racket_target/station_relocation_hold_deadline_steps: 0.0000
Metrics/racket_target/lifecycle_recovery_hold_active: 0.0000
Metrics/racket_target/lifecycle_recovery_release_success_event: 0.0000
Metrics/racket_target/lifecycle_recovery_release_fail_event: 0.0000
Metrics/racket_target/station_relocation_level: 0.0000
Metrics/racket_target/station_relocation_arrival_ema: 0.0000
Metrics/racket_target/station_relocation_settle_ema: 0.0000
Metrics/racket_target/station_relocation_contact_ema: 0.0000
Metrics/racket_target/station_relocation_safety_ema: 0.0000
Metrics/racket_target/station_relocation_resolved_events: 0.0000
Metrics/racket_target/station_relocation_terminal_reset_events: 0.0000
Metrics/racket_target/station_relocation_advance_streak: 0.0000
Metrics/racket_target/station_relocation_regress_streak: 0.0000
Metrics/racket_target/station_relocation_effective_max_lin_vel: 0.0000
Metrics/racket_target/station_relocation_effective_max_ang_vel: 0.0000
Metrics/racket_target/station_relocation_effective_min_settle_steps: 0.0000
Metrics/racket_target/ability_curriculum_level: 0.0000
Metrics/racket_target/ability_curriculum_scale: 0.3094
Metrics/racket_target/ability_curriculum_resolved_events: 0.0000
Metrics/racket_target/ability_curriculum_total_resolved_events: 0.0000
Metrics/racket_target/ability_curriculum_advance_streak: 0.0000
Metrics/racket_target/ability_curriculum_regress_streak: 0.0000
Metrics/racket_target/ability_contact_ema: 0.0000
Metrics/racket_target/ability_net_ema: 0.0000
Metrics/racket_target/ability_success_ema: 0.0000
Metrics/racket_target/ability_recovery_ema: 0.0000
Metrics/racket_target/ability_cycle_ema: 0.0000
Metrics/racket_target/ability_cycle_attempt_ema: 0.0000
Metrics/racket_target/ability_cycle_resolved_ema: 0.0000
Metrics/racket_target/ability_forehand_contact_ema: 0.0000
Metrics/racket_target/ability_forehand_net_ema: 0.0000
Metrics/racket_target/ability_forehand_success_ema: 0.0000
Metrics/racket_target/ability_backhand_contact_ema: 0.0000
Metrics/racket_target/ability_backhand_net_ema: 0.0000
Metrics/racket_target/ability_backhand_success_ema: 0.0000
Metrics/racket_target/ability_attempt_ema: 0.0000
Metrics/racket_target/ability_targeted_attempt_ema: 0.0000
Metrics/racket_target/impact_health_floor_progress: 0.0000
Metrics/racket_target/ability_safety_ema: 0.8438
Metrics/racket_target/ability_station_saturation_ema: 0.0000
Metrics/racket_target/ability_healthy_normal_ema: 0.0000
Metrics/racket_target/ability_station_arrival_ema: 0.0000
Metrics/racket_target/ability_station_settle_ema: 0.0000
Metrics/racket_target/planner_hit_plane_blend: 0.8438
Metrics/racket_target/planner_hit_plane_x_delta: 0.0210
Metrics/racket_target/true_strike_table_x: 0.1640
Metrics/racket_target/planner_target_table_x: 0.1640
Metrics/racket_target/workspace_level: 0.0000
Metrics/racket_target/workspace_fringe_sample: 0.0000
Metrics/racket_target/workspace_target_lateral_norm: 0.3954
Metrics/racket_target/workspace_target_table_y: -0.2857
Metrics/racket_target/workspace_playable_y_min: -0.6096
Metrics/racket_target/workspace_playable_y_max: 0.6096
Metrics/racket_target/workspace_active_y_lo: -0.3544
Metrics/racket_target/workspace_active_y_hi: -0.2531
Metrics/racket_target/workspace_motion_seed_blend: 0.0000
Metrics/racket_target/incoming_ball_horizontal_speed: 0.9174
Metrics/racket_target/incoming_ball_speed: 1.1591
Metrics/racket_target/incoming_ball_speed_curriculum_level: 0.0000
Metrics/racket_target/incoming_ball_speed_sample_low: 0.7594
Metrics/racket_target/incoming_ball_speed_sample_high: 1.0547
Metrics/racket_target/station_saturated: 0.8438
Metrics/racket_target/station_raw_clip_excess: 0.0657
Metrics/racket_target/station_saturated_x: 0.8438
Metrics/racket_target/station_saturated_y: 0.8438
Metrics/racket_target/station_raw_clip_excess_x: 0.0015
Metrics/racket_target/station_raw_clip_excess_y: 0.0657
Metrics/racket_target/current_swing_opportunity: 0.0000
Metrics/racket_target/current_swing_attempt: 0.0000
Metrics/racket_target/current_swing_targeted_attempt: 0.0000
Metrics/racket_target/prev_swing_targeted_attempt: 0.0000
Metrics/racket_target/current_swing_unsafe: 0.0000
Metrics/racket_target/current_swing_station_saturated: 0.8438
Metrics/racket_target/impact_health_score: 0.8283
Metrics/racket_target/impact_health_ok: 0.8438
Metrics/racket_target/impact_health_backlean_violation: 0.0000
Metrics/racket_target/impact_health_waist_backfold: 0.0000
Metrics/racket_target/impact_health_base_retreat: 0.0000
Metrics/racket_target/impact_health_torso_gravity_x: -0.0340
Metrics/racket_target/impact_health_torso_ang_vel: 0.1235
Metrics/racket_target/impact_health_com_x: 0.0314
Metrics/racket_target/impact_health_com_y: 0.0265
Metrics/racket_target/post_contact_ready_pending: 0.0000
Metrics/racket_target/post_contact_ready_elapsed_steps: 0.0000
Metrics/racket_target/post_contact_ready_consecutive_steps: 0.0000
Metrics/racket_target/post_contact_ready_diagnostic_pending: 0.0000
Metrics/racket_target/post_contact_ready_diagnostic_elapsed_steps: 0.0000
Metrics/racket_target/post_contact_ready_durable_pending: 0.0000
Metrics/racket_target/post_contact_ready_durable_consecutive_steps: 0.0000
Metrics/racket_target/post_contact_ready_durable_ready_now: 0.0000
Metrics/racket_target/post_contact_ready_durable_success_event: 0.0000
Metrics/racket_target/post_contact_ready_durable_fail_event: 0.0000
Metrics/racket_target/post_contact_ready_durable_resolution_success_rate: 0.0000
Metrics/racket_target/post_contact_ready_durable_resolution_fail_rate: 0.0000
Metrics/racket_target/post_contact_ready_durable_resolution_success_latency_steps: 0.0000
Metrics/racket_target/post_contact_ready_durable_resolution_fail_latency_steps: 0.0000
Metrics/racket_target/post_contact_ready_durable_fail_backlean_rate: 0.0000
Metrics/racket_target/post_contact_ready_durable_fail_forward_lean_rate: 0.0000
Metrics/racket_target/post_contact_ready_durable_fail_torso_ang_vel_rate: 0.0000
Metrics/racket_target/post_contact_ready_durable_fail_base_lin_vel_rate: 0.0000
Metrics/racket_target/post_contact_ready_durable_fail_base_ang_vel_rate: 0.0000
Metrics/racket_target/post_contact_ready_durable_fail_racket_speed_rate: 0.0000
Metrics/racket_target/post_contact_ready_durable_fail_height_rate: 0.0000
Metrics/racket_target/post_contact_ready_durable_fail_com_x_rate: 0.0000
Metrics/racket_target/post_contact_ready_durable_fail_com_y_rate: 0.0000
Metrics/racket_target/post_contact_ready_durable_fail_feet_rate: 0.0000
Metrics/racket_target/post_contact_ready_durable_fail_station_rate: 0.0000
Metrics/racket_target/post_contact_ready_durable_fail_arm_rate: 0.0000
Metrics/racket_target/post_contact_ready_terminal_window_active: 0.0000
Metrics/racket_target/post_contact_ready_terminal_quality: 0.0000
Metrics/racket_target/post_contact_ready_terminal_settlement_event: 0.0000
Metrics/racket_target/post_contact_ready_operational_ready_now: 0.0000
Metrics/racket_target/post_contact_ready_operational_consecutive_steps: 0.0000
Metrics/racket_target/post_contact_ready_safe_settlement_event: 0.0000
Metrics/racket_target/post_contact_ready_unsafe_settlement_event: 0.0000
Metrics/racket_target/post_contact_ready_incomplete_settlement_event: 0.0000
Metrics/racket_target/post_contact_ready_safe_net_cycle_event: 0.0000
Metrics/racket_target/post_contact_ready_terminal_quality_mean: 0.0000
Metrics/racket_target/post_contact_ready_safe_terminal_quality_mean: 0.0000
Metrics/racket_target/post_contact_ready_terminal_safe_rate: 0.0000
Metrics/racket_target/post_contact_ready_terminal_unsafe_rate: 0.0000
Metrics/racket_target/post_contact_ready_terminal_incomplete_rate: 0.0000
Metrics/racket_target/post_contact_ready_safe_net_cycle_rate: 0.0000
Metrics/racket_target/post_contact_ready_score: 0.0000
Metrics/racket_target/post_contact_ready_now: 0.0000
Metrics/racket_target/post_contact_ready_success_event: 0.0000
Metrics/racket_target/post_contact_ready_fail_event: 0.0000
Metrics/racket_target/post_contact_ready_outcome_tier: 0.0000
Metrics/racket_target/post_contact_ready_face_quality: 0.0000
Metrics/racket_target/post_contact_ready_safe_face_net_cycle_value: 0.0000
Metrics/racket_target/post_contact_ready_planner_speed_ratio: 0.0000
Metrics/racket_target/post_contact_ready_planner_direction_error_rad: 0.0000
Metrics/racket_target/post_contact_ready_planner_position_error: 0.0000
Metrics/racket_target/post_contact_ready_impact_health_score: 0.0000
Metrics/racket_target/post_contact_ready_peak_base_ang_vel: 0.0000
Metrics/racket_target/post_contact_ready_peak_ang_vel_excess_increment: 0.0000
Metrics/racket_target/post_contact_ready_envelope_violation_latch: 0.0000
Metrics/racket_target/post_contact_ready_envelope_violation_event: 0.0000
Metrics/racket_target/post_contact_ready_envelope_first_violation_step: 0.0000
Metrics/racket_target/post_contact_ready_envelope_attempts: 0.0000
Metrics/racket_target/post_contact_ready_envelope_violation_rate: 0.0000
Metrics/racket_target/post_contact_ready_envelope_tilt_violation_rate: 0.0000
Metrics/racket_target/post_contact_ready_envelope_pitch_violation_rate: 0.0000
Metrics/racket_target/post_contact_ready_envelope_com_violation_rate: 0.0000
Metrics/racket_target/post_contact_ready_envelope_waist_violation_rate: 0.0000
Metrics/racket_target/post_contact_ready_envelope_leg_violation_rate: 0.0000
Metrics/racket_target/post_contact_ready_envelope_base_ang_vel_violation_rate: 0.0000
Metrics/racket_target/post_contact_ready_resolution_success_rate: 0.0000
Metrics/racket_target/post_contact_ready_resolution_fail_rate: 0.0000
Metrics/racket_target/post_contact_ready_resolution_success_latency_steps: 0.0000
Metrics/racket_target/post_contact_ready_resolution_fail_latency_steps: 0.0000
Metrics/racket_target/post_contact_ready_max_tilt: 0.0000
Metrics/racket_target/post_contact_ready_max_abs_pitch: 0.0000
Metrics/racket_target/post_contact_ready_max_com_x: 0.0000
Metrics/racket_target/post_contact_ready_max_com_y: 0.0000
Metrics/racket_target/post_contact_ready_max_waist_overflow: 0.0000
Metrics/racket_target/post_contact_ready_max_leg_overflow: 0.0000
Metrics/racket_target/post_contact_ready_settlement_velocity_score_ema: 0.0000
Metrics/racket_target/post_contact_ready_settlement_position_gate_ema: 0.0000
Metrics/racket_target/post_contact_ready_settlement_health_gate_ema: 0.0000
Metrics/racket_target/post_contact_ready_settlement_recovery_gate_ema: 0.0000
Metrics/racket_target/post_contact_ready_settlement_total_score_ema: 0.0000
Metrics/racket_target/post_contact_recovery_backlean_error: 0.0000
Metrics/racket_target/post_contact_recovery_directional_progress: 0.0000
Metrics/racket_target/post_contact_ready_torso_ok: 0.0000
Metrics/racket_target/post_contact_ready_motion_ok: 0.0000
Metrics/racket_target/post_contact_ready_support_ok: 0.0000
Metrics/racket_target/post_contact_ready_arm_ok: 0.0000
Metrics/racket_target/post_contact_ready_base_lin_vel_ok: 0.0000
Metrics/racket_target/post_contact_ready_base_ang_vel_ok: 0.0000
Metrics/racket_target/post_contact_ready_racket_speed_ok: 0.0000
Metrics/racket_target/post_contact_ready_height_ok: 0.0000
Metrics/racket_target/post_contact_ready_com_x_ok: 0.0000
Metrics/racket_target/post_contact_ready_com_y_ok: 0.0000
Metrics/racket_target/post_contact_ready_feet_ok: 0.0000
Metrics/racket_target/post_contact_ready_station_ok: 0.0000
Metrics/racket_target/post_contact_ready_fail_torso: 0.0000
Metrics/racket_target/post_contact_ready_fail_base_lin_vel: 0.0000
Metrics/racket_target/post_contact_ready_fail_base_ang_vel: 0.0000
Metrics/racket_target/post_contact_ready_fail_racket_speed: 0.0000
Metrics/racket_target/post_contact_ready_fail_support: 0.0000
Metrics/racket_target/post_contact_ready_fail_arm: 0.0000
Metrics/racket_target/post_contact_ready_shadow_now: 0.0000
Metrics/racket_target/post_contact_ready_shadow_consecutive_steps: 0.0000
Metrics/racket_target/post_contact_ready_shadow_success_latch: 0.0000
Metrics/racket_target/post_contact_ready_curriculum_level: 0.0000
Metrics/racket_target/post_contact_ready_curriculum_fraction: 0.0000
Metrics/racket_target/post_contact_ready_curriculum_success_ema: 0.0000
Metrics/racket_target/post_contact_ready_curriculum_shadow_success_ema: 0.0000
Metrics/racket_target/post_contact_ready_curriculum_resolved_events: 0.0000
Metrics/racket_target/post_contact_ready_curriculum_successful_events: 0.0000
Metrics/racket_target/post_contact_ready_curriculum_targeted_attempt_ema: 0.0000
Metrics/racket_target/post_contact_ready_curriculum_return_success_ema: 0.0000
Metrics/racket_target/post_contact_ready_curriculum_completed_swings: 0.0000
Metrics/racket_target/post_contact_ready_curriculum_advance_streak: 0.0000
Metrics/racket_target/post_contact_ready_curriculum_advance_guard_ok: 0.0000
Metrics/racket_target/post_contact_ready_effective_max_torso_ang_vel: 0.0000
Metrics/racket_target/post_contact_ready_effective_max_base_lin_vel: 0.0000
Metrics/racket_target/post_contact_ready_effective_max_base_ang_vel: 0.0000
Metrics/racket_target/post_contact_ready_effective_max_racket_speed: 0.0000
Metrics/racket_target/post_contact_ready_effective_min_feet_contact: 0.0000
Metrics/racket_target/post_contact_ready_effective_required_consecutive_steps: 0.0000
Metrics/racket_target/post_contact_ready_effective_deadline_steps: 0.0000
Metrics/racket_target/post_contact_ready_curriculum_advance_threshold: 0.0000
Metrics/racket_target/post_contact_ready_curriculum_advance_min_events: 0.0000
Metrics/racket_target/post_contact_ready_curriculum_shadow_threshold: 0.0000
Metrics/racket_target/post_contact_ready_curriculum_min_targeted_attempt_ema: 0.0000
Metrics/racket_target/post_contact_ready_curriculum_min_return_success_ema: 0.0000
Metrics/racket_target/post_contact_ready_curriculum_min_completed_swings: 0.0000
Metrics/racket_target/post_contact_ready_curriculum_required_advance_checks: 0.0000
Metrics/racket_target/racket_normal_error_deg: 46.9471
Metrics/racket_target/impact_normal_error_deg: 0.0000
Metrics/racket_target/impact_racket_vel_error_mps: 0.0000
Metrics/racket_target/impact_racket_speed_ratio: 0.0000
Metrics/racket_target/impact_racket_vel_angle_deg: 0.0000
Metrics/racket_target/impact_racket_actual_vel_x: 0.0000
Metrics/racket_target/impact_racket_actual_vel_y: 0.0000
Metrics/racket_target/impact_racket_actual_vel_z: 0.0000
Metrics/racket_target/impact_racket_target_vel_x: 0.0000
Metrics/racket_target/impact_racket_target_vel_y: 0.0000
Metrics/racket_target/impact_racket_target_vel_z: 0.0000
Metrics/racket_target/impact_ball_out_error_mps: 0.0000
Metrics/racket_target/impact_face_radial_error_m: 0.0000
Metrics/racket_target/impact_face_normal_gap_m: 0.0000
Metrics/racket_target/impact_face_quality: 0.0000
Metrics/racket_target/impact_center_contact: 0.0000
Metrics/racket_target/impact_center_net_cross: 0.0000
Metrics/racket_target/impact_center_on_opponent: 0.0000
Metrics/racket_target/impact_rim_contact: 0.0000
Metrics/racket_target/impact_rim_net_cross: 0.0000
Metrics/racket_target/impact_rim_on_opponent: 0.0000
Metrics/racket_target/impact_analytic_outer_contact: 0.0000
Metrics/racket_target/impact_analytic_outer_net_cross: 0.0000
Metrics/racket_target/impact_analytic_outer_on_opponent: 0.0000
Metrics/racket_target/impact_planner_pos_error_m: 0.0000
Metrics/racket_target/impact_planner_vel_error_mps: 0.0000
Metrics/racket_target/impact_planner_speed_ratio: 0.0000
Metrics/racket_target/impact_planner_vel_angle_deg: 0.0000
Metrics/racket_target/impact_healthy_normal_ok: 0.0000
Metrics/racket_target/impact_healthy_contact: 0.0000
Metrics/racket_target/impact_healthy_net_cross: 0.0000
Metrics/racket_target/impact_healthy_on_opponent: 0.0000
Metrics/racket_target/current_swing_impact_health_score: 0.0000
Metrics/racket_target/current_swing_healthy_contact: 0.0000
Metrics/racket_target/current_swing_healthy_net_cross: 0.0000
Metrics/racket_target/current_swing_healthy_on_opponent: 0.0000
Metrics/racket_target/current_swing_healthy_normal_ok: 0.0000
Metrics/racket_target/current_swing_contact: 0.0000
Metrics/racket_target/current_swing_net_cross: 0.0000
Metrics/racket_target/current_swing_on_opponent: 0.0000
Metrics/racket_target/current_swing_center_contact: 0.0000
Metrics/racket_target/current_swing_center_net_cross: 0.0000
Metrics/racket_target/current_swing_center_on_opponent: 0.0000
Metrics/racket_target/current_swing_rim_contact: 0.0000
Metrics/racket_target/current_swing_rim_net_cross: 0.0000
Metrics/racket_target/current_swing_rim_on_opponent: 0.0000
Metrics/racket_target/current_swing_analytic_outer_contact: 0.0000
Metrics/racket_target/current_swing_analytic_outer_net_cross: 0.0000
Metrics/racket_target/current_swing_analytic_outer_on_opponent: 0.0000
Metrics/racket_target/cycle_v2_outcome_tier: -0.8438
Metrics/racket_target/cycle_v2_streak: 0.0000
Metrics/racket_target/closed_loop_recovery_trigger_event: 0.0000
Metrics/racket_target/closed_loop_cycle_success_event: 0.0000
Metrics/racket_target/closed_loop_durable_cycle_success_event: 0.0000
Metrics/racket_target/closed_loop_phase_id: 0.0000
Metrics/racket_target/closed_loop_phase_ready_no_command: 0.8438
Metrics/racket_target/closed_loop_phase_command_acquire: 0.0000
Metrics/racket_target/closed_loop_phase_pre_strike: 0.0000
Metrics/racket_target/closed_loop_phase_strike: 0.0000
Metrics/racket_target/closed_loop_phase_follow_through: 0.0000
Metrics/racket_target/closed_loop_phase_recovery: 0.0000
Metrics/racket_target/closed_loop_phase_next_ready: 0.0000
Metrics/racket_target/post_contact_phase_impact_0_100ms_attempts: 0.0000
Metrics/racket_target/post_contact_phase_impact_0_100ms_tilt_gt_0p1_rate: 0.0000
Metrics/racket_target/post_contact_phase_impact_0_100ms_pitch_gt_0p1_rate: 0.0000
Metrics/racket_target/post_contact_phase_impact_0_100ms_waist_overflow_gt_1p0_rate: 0.0000
Metrics/racket_target/post_contact_phase_impact_0_100ms_base_ang_vel_gt_0p8_rate: 0.0000
Metrics/racket_target/post_contact_phase_brake_100_300ms_attempts: 0.0000
Metrics/racket_target/post_contact_phase_brake_100_300ms_tilt_gt_0p1_rate: 0.0000
Metrics/racket_target/post_contact_phase_brake_100_300ms_pitch_gt_0p1_rate: 0.0000
Metrics/racket_target/post_contact_phase_brake_100_300ms_waist_overflow_gt_1p0_rate: 0.0000
Metrics/racket_target/post_contact_phase_brake_100_300ms_base_ang_vel_gt_0p8_rate: 0.0000
Metrics/racket_target/post_contact_phase_settle_300_600ms_attempts: 0.0000
Metrics/racket_target/post_contact_phase_settle_300_600ms_tilt_gt_0p1_rate: 0.0000
Metrics/racket_target/post_contact_phase_settle_300_600ms_pitch_gt_0p1_rate: 0.0000
Metrics/racket_target/post_contact_phase_settle_300_600ms_waist_overflow_gt_1p0_rate: 0.0000
Metrics/racket_target/post_contact_phase_settle_300_600ms_base_ang_vel_gt_0p8_rate: 0.0000
Metrics/racket_target/post_contact_phase_ready_after_600ms_attempts: 0.0000
Metrics/racket_target/post_contact_phase_ready_after_600ms_tilt_gt_0p1_rate: 0.0000
Metrics/racket_target/post_contact_phase_ready_after_600ms_pitch_gt_0p1_rate: 0.0000
Metrics/racket_target/post_contact_phase_ready_after_600ms_waist_overflow_gt_1p0_rate: 0.0000
Metrics/racket_target/post_contact_phase_ready_after_600ms_base_ang_vel_gt_0p8_rate: 0.0000
     Metrics/physical_shadow/phase: 0.0000
Metrics/physical_shadow/route_valid: 0.8438
Metrics/physical_shadow/serve_event: 0.0000
Metrics/physical_shadow/incoming_bounce_event: 0.0000
Metrics/physical_shadow/contact_event: 0.0000
Metrics/physical_shadow/net_cross_event: 0.0000
Metrics/physical_shadow/outgoing_landing_event: 0.0000
Metrics/physical_shadow/opponent_bounce_event: 0.0000
Metrics/physical_shadow/landing_short_event: 0.0000
Metrics/physical_shadow/landing_long_event: 0.0000
Metrics/physical_shadow/landing_side_event: 0.0000
Metrics/physical_shadow/landing_no_net_event: 0.0000
Metrics/physical_shadow/abort_event: 0.0000
Metrics/physical_shadow/timeout_event: 0.0000
Metrics/physical_shadow/route_unalignable_event: 0.0000
Metrics/physical_shadow/route_invalid_event: 0.0000
Metrics/physical_shadow/incoming_net_collision_event: 0.0000
Metrics/physical_shadow/reset_abort_event: 0.0000
Metrics/physical_shadow/incoming_bounce_latch: 0.0000
Metrics/physical_shadow/contact_latch: 0.0000
Metrics/physical_shadow/net_cross_latch: 0.0000
Metrics/physical_shadow/opponent_bounce_latch: 0.0000
Metrics/physical_shadow/launch_timing_error_s: 0.0000
Metrics/physical_shadow/contact_true_target_error: 0.0000
Metrics/physical_shadow/contact_planner_position_error: 0.0000
Metrics/physical_shadow/contact_planner_velocity_error: 0.0000
Metrics/physical_shadow/contact_planner_velocity_direction_error_deg: 0.0000
Metrics/physical_shadow/contact_planner_normal_error_deg: 0.0000
Metrics/physical_shadow/contact_outgoing_velocity_error: 0.0000
Metrics/physical_shadow/contact_outgoing_speed: 0.0000
Metrics/physical_shadow/contact_target_outgoing_speed: 0.0000
Metrics/physical_shadow/contact_outgoing_speed_ratio: 0.0000
Metrics/physical_shadow/contact_outgoing_direction_error_deg: 0.0000
Metrics/physical_shadow/contact_outgoing_velocity_x: 0.0000
Metrics/physical_shadow/contact_outgoing_velocity_y: 0.0000
Metrics/physical_shadow/contact_outgoing_velocity_z: 0.0000
Metrics/physical_shadow/contact_target_outgoing_velocity_x: 0.0000
Metrics/physical_shadow/contact_target_outgoing_velocity_y: 0.0000
Metrics/physical_shadow/contact_target_outgoing_velocity_z: 0.0000
Metrics/physical_shadow/contact_incoming_velocity_error: 0.0000
Metrics/physical_shadow/contact_incoming_velocity_direction_error_deg: 0.0000
Metrics/physical_shadow/contact_route_incoming_velocity_error: 0.0000
Metrics/physical_shadow/contact_route_incoming_velocity_direction_error_deg: 0.0000
Metrics/physical_shadow/contact_actual_route_incoming_velocity_error: 0.0000
Metrics/physical_shadow/contact_command_normal_only_error: 0.0000
Metrics/physical_shadow/contact_command_training_model_error: 0.0000
Metrics/physical_shadow/contact_command_physics_model_error: 0.0000
Metrics/physical_shadow/contact_actual_training_model_residual: 0.0000
Metrics/physical_shadow/contact_actual_physics_model_residual: 0.0000
Metrics/physical_shadow/contact_actual_normal_only_model_residual: 0.0000
Metrics/physical_shadow/contact_actual_training_predicted_target_error: 0.0000
Metrics/physical_shadow/contact_actual_physics_predicted_target_error: 0.0000
Metrics/physical_shadow/contact_actual_normal_only_predicted_target_error: 0.0000
Metrics/physical_shadow/contact_force_direction_valid: 0.0000
Metrics/physical_shadow/contact_force_vs_racket_normal_angle_deg: 0.0000
Metrics/physical_shadow/contact_actual_force_direction_model_residual: 0.0000
Metrics/physical_shadow/contact_actual_force_direction_predicted_target_error: 0.0000
Metrics/physical_shadow/contact_physx_data_valid: 0.0000
Metrics/physical_shadow/contact_physx_force: 0.0000
Metrics/physical_shadow/contact_physx_separation: 0.0000
Metrics/physical_shadow/contact_physx_normal_error_deg: 0.0000
Metrics/physical_shadow/contact_physx_point_radial_error: 0.0000
Metrics/physical_shadow/contact_actual_physx_normal_model_residual: 0.0000
Metrics/physical_shadow/contact_actual_physx_normal_predicted_target_error: 0.0000
Metrics/physical_shadow/contact_physx_substep_valid: 0.0000
Metrics/physical_shadow/contact_physx_substep_normal_error_deg: 0.0000
Metrics/physical_shadow/contact_physx_substep_point_radial_error: 0.0000
Metrics/physical_shadow/contact_physx_substep_point_normal_offset: 0.0000
Metrics/physical_shadow/contact_physx_patch_substeps: 0.0000
Metrics/physical_shadow/contact_physx_normal_impulse: 0.0000
Metrics/physical_shadow/contact_physx_capture_lag_s: 0.0000
Metrics/physical_shadow/contact_physx_contact_point_speed_delta: 0.0000
Metrics/physical_shadow/contact_physx_substep_link_model_residual: 0.0000
Metrics/physical_shadow/contact_physx_substep_point_model_residual: 0.0000
Metrics/physical_shadow/contact_physx_substep_outgoing_target_error: 0.0000
Metrics/physical_shadow/contact_physx_measured_restitution: 0.0000
Metrics/physical_shadow/contact_physx_pre_ball_speed: 0.0000
Metrics/physical_shadow/contact_physx_post_ball_speed: 0.0000
Metrics/physical_shadow/contact_physx_point_x: 0.0000
Metrics/physical_shadow/contact_physx_point_y: 0.0000
Metrics/physical_shadow/contact_physx_point_z: 0.0000
Metrics/physical_shadow/contact_physx_normal_x: 0.0000
Metrics/physical_shadow/contact_physx_normal_y: 0.0000
Metrics/physical_shadow/contact_physx_normal_z: 0.0000
Metrics/physical_shadow/contact_physx_pre_ball_velocity_x: 0.0000
Metrics/physical_shadow/contact_physx_pre_ball_velocity_y: 0.0000
Metrics/physical_shadow/contact_physx_pre_ball_velocity_z: 0.0000
Metrics/physical_shadow/contact_physx_post_ball_velocity_x: 0.0000
Metrics/physical_shadow/contact_physx_post_ball_velocity_y: 0.0000
Metrics/physical_shadow/contact_physx_post_ball_velocity_z: 0.0000
Metrics/physical_shadow/contact_physx_pre_racket_point_velocity_x: 0.0000
Metrics/physical_shadow/contact_physx_pre_racket_point_velocity_y: 0.0000
Metrics/physical_shadow/contact_physx_pre_racket_point_velocity_z: 0.0000
Metrics/physical_shadow/contact_physx_post_racket_point_velocity_x: 0.0000
Metrics/physical_shadow/contact_physx_post_racket_point_velocity_y: 0.0000
Metrics/physical_shadow/contact_physx_post_racket_point_velocity_z: 0.0000
Metrics/physical_shadow/contact_physx_pre_ball_angular_velocity_x: 0.0000
Metrics/physical_shadow/contact_physx_pre_ball_angular_velocity_y: 0.0000
Metrics/physical_shadow/contact_physx_pre_ball_angular_velocity_z: 0.0000
Metrics/physical_shadow/contact_physx_post_ball_angular_velocity_x: 0.0000
Metrics/physical_shadow/contact_physx_post_ball_angular_velocity_y: 0.0000
Metrics/physical_shadow/contact_physx_post_ball_angular_velocity_z: 0.0000
Metrics/physical_shadow/contact_physx_pre_ball_surface_tangent_speed: 0.0000
Metrics/physical_shadow/contact_physx_post_ball_spin_speed: 0.0000
Metrics/physical_shadow/contact_impact_normal_error_deg: 0.0000
Metrics/physical_shadow/contact_wire_impact_normal_gap_deg: 0.0000
Metrics/physical_shadow/contact_face_radial_error: 0.0000
Metrics/physical_shadow/contact_time_to_strike: 0.0000
Metrics/physical_shadow/landing_target_error: 0.0000
Metrics/physical_shadow/landing_target_x_error: 0.0000
Metrics/physical_shadow/landing_target_y_error: 0.0000
Metrics/physical_shadow/landing_position_x: 0.0000
Metrics/physical_shadow/landing_position_y: 0.0000
Metrics/physical_shadow/minimum_ball_racket_distance: 0.0000
      Episode_Termination/time_out: 0.8438
  Episode_Termination/base_too_low: 0.0000
   Episode_Termination/base_tilted: 0.0000
   Episode_Termination/table_touch: 0.0000
Episode_Termination/persistent_action_overflow: 0.0000
--------------------------------------------------------------------------------
                   Total timesteps: 1024
                    Iteration time: 2.96s
                      Time elapsed: 00:00:02
                               ETA: 00:00:14

[2026-08-01 19:24:26,984][git.util][DEBUG] - sys.platform='linux', git_executable='git'
[2026-08-01 19:24:26,984][git.cmd][DEBUG] - Popen(['git', 'cat-file', '--batch-check'], cwd=/mnt/ssd/zxl/PACE-ICRA2026, stdin=<valid stream>, shell=False, universal_newlines=False)
[2026-08-01 19:24:26,986][git.cmd][DEBUG] - Popen(['git', 'cat-file', '--batch'], cwd=/mnt/ssd/zxl/PACE-ICRA2026, stdin=<valid stream>, shell=False, universal_newlines=False)
Storing git diff for 'PACE-ICRA2026' in: /mnt/ssd/zxl/HOPE_latest_20260721/hope_training/whole_body_tracking/logs/rsl_rl/hope_pingpong_stage2_physical114/2026-08-01_19-24-19_stage2_velocity_blend_smoke/git/PACE-ICRA2026.diff
[2026-08-01 19:24:26,988][git.cmd][DEBUG] - Popen(['git', 'status'], cwd=/mnt/ssd/zxl/PACE-ICRA2026, stdin=None, shell=False, universal_newlines=False)
[2026-08-01 19:24:26,992][git.cmd][DEBUG] - Popen(['git', 'diff', 'f680833fa6dd25066f6d1bff1a8f66c566269348'], cwd=/mnt/ssd/zxl/PACE-ICRA2026, stdin=None, shell=False, universal_newlines=False)
[2026-08-01 19:24:26,998][git.util][DEBUG] - sys.platform='linux', git_executable='git'
[2026-08-01 19:24:26,999][git.cmd][DEBUG] - Popen(['git', 'cat-file', '--batch-check'], cwd=/mnt/ssd/zxl/HOPE_latest_20260721, stdin=<valid stream>, shell=False, universal_newlines=False)
[2026-08-01 19:24:27,001][git.cmd][DEBUG] - Popen(['git', 'cat-file', '--batch'], cwd=/mnt/ssd/zxl/HOPE_latest_20260721, stdin=<valid stream>, shell=False, universal_newlines=False)
Storing git diff for 'HOPE_latest_20260721' in: /mnt/ssd/zxl/HOPE_latest_20260721/hope_training/whole_body_tracking/logs/rsl_rl/hope_pingpong_stage2_physical114/2026-08-01_19-24-19_stage2_velocity_blend_smoke/git/HOPE_latest_20260721.diff
[2026-08-01 19:24:27,002][git.cmd][DEBUG] - Popen(['git', 'status'], cwd=/mnt/ssd/zxl/HOPE_latest_20260721, stdin=None, shell=False, universal_newlines=False)
[2026-08-01 19:24:27,009][git.cmd][DEBUG] - Popen(['git', 'diff', 'b99de9c8263d8acc9cebf93db6b7631b921597ed'], cwd=/mnt/ssd/zxl/HOPE_latest_20260721, stdin=None, shell=False, universal_newlines=False)
/mnt/ssd/zxl/IsaacLab/source/isaaclab/isaaclab/envs/mdp/events.py:501: UserWarning: To copy construct from a tensor, it is recommended to use sourceTensor.detach().clone() or sourceTensor.detach().clone().requires_grad_(True), rather than torch.tensor(sourceTensor).
  actuator_joint_indices = torch.tensor(actuator.joint_indices, device=asset.device)
################################################################################
                        [1m Learning iteration 1/5 [0m                        

                       Computation: 309 steps/s (collection: 3.273s, learning 0.038s)
             Mean action noise std: 0.25
          Mean value_function loss: 0.0659
               Mean surrogate loss: -0.0265
                 Mean entropy loss: 1.0119
                       Mean reward: 0.80
               Mean episode length: 52.65
 Episode_Reward/undesired_contacts: 0.0000
  Episode_Reward/feet_contact_slip: -0.0008
     Episode_Reward/table_no_touch: -0.0000
              Episode_Reward/alive: 0.0015
            Episode_Reward/upright: -0.0033
          Episode_Reward/imitation: 0.0520
    Episode_Reward/racket_position: 0.0000
    Episode_Reward/racket_velocity: 0.0002
Episode_Reward/planner_racket_task_space_crossfade: 0.0023
    Episode_Reward/blade_direction: 0.0003
Episode_Reward/healthy_trunk_support: 0.0017
 Episode_Reward/pre_strike_station: 0.0068
    Episode_Reward/recovery_health: 0.0007
Episode_Reward/no_command_ready_stability: 0.0000
Episode_Reward/post_strike_base_ang_vel: 0.0000
Episode_Reward/phase_action_overflow: -0.0004
     Episode_Reward/strike_balance: 0.0005
Episode_Reward/prestrike_station_progress: -0.0096
 Episode_Reward/lower_body_support: 0.0040
Episode_Reward/termination_penalty: -0.0106
Episode_Reward/phase_action_rate_waist: -0.0000
Episode_Reward/phase_action_rate_upper: -0.0001
Episode_Reward/phase_action_rate_legs: -0.0000
        Episode_Reward/joint_limit: -0.0017
Episode_Reward/prestrike_racket_progress: 0.0424
Episode_Reward/near_impact_planner_velocity_progress: -0.0001
Episode_Reward/operational_joint_margin: -0.0138
  Episode_Reward/joint_target_slew: -0.0031
Episode_Reward/actuator_waist_feasibility: -0.0000
Episode_Reward/actuator_right_arm_feasibility: -0.0000
Episode_Reward/actuator_leg_feasibility: -0.0000
Episode_Reward/physical_outcome_events: 0.0000
Episode_Reward/physical_recovery_settlement: 0.0000
Episode_Reward/physical_capability_curriculum: 0.0000
    Metrics/motion/error_joint_pos: 1.6199
    Metrics/motion/error_joint_vel: 6.2154
     Metrics/motion/error_body_pos: 0.1773
     Metrics/motion/error_body_rot: 0.7224
       Metrics/motion/motion_phase: 0.2856
            Metrics/motion/in_hold: 0.0312
Metrics/motion/motion_start_warmup_prob: 0.7500
Metrics/motion/motion_start_lifecycle_progress: 0.0000
Metrics/motion/motion_start_effective_prestrike_fraction: 1.0000
Metrics/motion/motion_start_effective_recovery_fraction: 0.0000
Metrics/motion/motion_start_effective_rsi_fraction: 0.0000
 Metrics/motion/motion_start_reset: 0.9688
Metrics/motion/motion_start_prestrike_reset: 0.0000
Metrics/motion/motion_start_recovery_reset: 0.0000
Metrics/motion/motion_start_rsi_reset: 0.0000
 Metrics/motion/single_cycle_reset: 0.0000
     Metrics/motion/motion_clip_id: 0.4219
Metrics/motion/motion_supplemental_clip: 0.0000
      Metrics/motion/stand_episode: 0.0000
Metrics/motion/default_stand_reset: 0.0312
Metrics/motion/error_body_pos_lower: 0.2033
Metrics/motion/error_body_rot_lower: 0.7599
Metrics/motion/error_body_lin_vel_lower: 0.4023
Metrics/motion/error_body_ang_vel_lower: 1.8302
Metrics/motion/reference_body_lin_speed_lower: 0.0272
Metrics/motion/robot_body_lin_speed_lower: 0.4017
Metrics/motion/error_body_pos_core: 0.0644
Metrics/motion/error_body_rot_core: 0.5332
Metrics/motion/error_body_lin_vel_core: 0.7956
Metrics/motion/error_body_ang_vel_core: 1.6839
Metrics/motion/reference_body_lin_speed_core: 0.0344
Metrics/motion/robot_body_lin_speed_core: 0.7976
Metrics/motion/error_body_pos_upper: 0.1889
Metrics/motion/error_body_rot_upper: 0.7478
Metrics/motion/error_body_lin_vel_upper: 1.1334
Metrics/motion/error_body_ang_vel_upper: 2.2898
Metrics/motion/reference_body_lin_speed_upper: 0.1265
Metrics/motion/robot_body_lin_speed_upper: 1.1548
Metrics/motion/error_joint_pos_waist: 0.4383
Metrics/motion/error_joint_vel_waist: 1.5879
Metrics/motion/reference_joint_speed_waist: 0.0276
Metrics/motion/error_joint_pos_arms: 1.2691
Metrics/motion/error_joint_vel_arms: 3.3508
Metrics/motion/reference_joint_speed_arms: 0.2794
Metrics/motion/error_joint_pos_legs: 0.8277
Metrics/motion/error_joint_vel_legs: 4.7913
Metrics/motion/reference_joint_speed_legs: 0.0115
Metrics/racket_target/racket_pos_error: 0.2458
Metrics/racket_target/racket_vel_error: 0.7667
Metrics/racket_target/time_to_strike: 0.3175
Metrics/racket_target/return_success: 0.0000
Metrics/racket_target/prev_return_success: 0.0000
Metrics/racket_target/prev_net_cross: 0.0000
Metrics/racket_target/current_net_cross: 0.0000
Metrics/racket_target/racket_pos_curriculum_scale: 0.3667
Metrics/racket_target/impact_inverse_command_blend: 0.0000
Metrics/racket_target/steps_since_target_resample: 42.9688
Metrics/racket_target/recovery_height_error: 0.0884
Metrics/racket_target/recovery_upright_error: 0.4737
Metrics/racket_target/recovery_base_lin_vel: 0.5571
Metrics/racket_target/recovery_base_ang_vel: 1.6241
Metrics/racket_target/recovery_station_error: 0.2663
Metrics/racket_target/recovery_feet_contact_frac: 0.8281
Metrics/racket_target/recovery_racket_speed: 1.4347
Metrics/racket_target/recovery_height_score: 0.4920
Metrics/racket_target/recovery_upright_score: 0.2239
Metrics/racket_target/recovery_lin_vel_score: 0.3890
Metrics/racket_target/recovery_ang_vel_score: 0.0335
Metrics/racket_target/recovery_station_score: 0.4034
Metrics/racket_target/recovery_racket_score: 0.0609
Metrics/racket_target/recovery_arm_score: 0.4593
Metrics/racket_target/recovery_ready_score: 0.3592
Metrics/racket_target/recovery_anchor_arm_score: 1.0000
Metrics/racket_target/recovery_core_ready_score: 0.1857
Metrics/racket_target/recovery_functional_ready_score: 0.1539
Metrics/racket_target/waist_action_overflow_rms: 0.0056
Metrics/racket_target/right_arm_action_overflow_rms: 0.0000
Metrics/racket_target/leg_action_overflow_rms: 0.1280
Metrics/racket_target/operational_margin_fraction: 0.0605
Metrics/racket_target/waist_operational_margin_fraction: 0.0312
Metrics/racket_target/right_arm_operational_margin_fraction: 0.0201
Metrics/racket_target/leg_operational_margin_fraction: 0.1341
Metrics/racket_target/waist_operational_excess_rms: 0.0084
Metrics/racket_target/right_arm_operational_excess_rms: 0.0013
Metrics/racket_target/leg_operational_excess_rms: 0.0712
Metrics/racket_target/q_des_velocity_violation_fraction: 0.1734
Metrics/racket_target/waist_q_des_velocity_violation_fraction: 0.1094
Metrics/racket_target/right_arm_q_des_velocity_violation_fraction: 0.1429
Metrics/racket_target/leg_q_des_velocity_violation_fraction: 0.3008
Metrics/racket_target/q_des_acceleration_violation_fraction: 0.6764
Metrics/racket_target/waist_q_des_acceleration_violation_fraction: 0.6927
Metrics/racket_target/right_arm_q_des_acceleration_violation_fraction: 0.7121
Metrics/racket_target/leg_q_des_acceleration_violation_fraction: 0.7591
Metrics/racket_target/waist_q_des_velocity_rms: 5.9398
Metrics/racket_target/right_arm_q_des_velocity_rms: 8.1296
Metrics/racket_target/leg_q_des_velocity_rms: 14.3791
Metrics/racket_target/waist_q_des_acceleration_rms: 384.0159
Metrics/racket_target/right_arm_q_des_acceleration_rms: 602.1782
Metrics/racket_target/leg_q_des_acceleration_rms: 1123.4617
Metrics/racket_target/action_operational_feasibility_score: 0.3000
Metrics/racket_target/actuator_overflow_consecutive_steps: 0.0000
Metrics/racket_target/actuator_overflow_severe: 0.0000
Metrics/racket_target/recovery_phase_gate: 0.0312
Metrics/racket_target/recovery_phase_ready_score: 0.0206
Metrics/racket_target/recovery_contact_ready_score: 0.0000
Metrics/racket_target/recovery_net_ready_score: 0.0000
Metrics/racket_target/recovery_return_ready_score: 0.0000
Metrics/racket_target/cycle_success_ready_score: 0.0000
Metrics/racket_target/cycle_success_soft: 0.0000
Metrics/racket_target/cycle_success_binary: 0.0000
Metrics/racket_target/cycle_v2_pending: 0.0000
Metrics/racket_target/cycle_v2_attempt_latch: 0.0000
Metrics/racket_target/cycle_v2_ready_success_latch: 0.0000
Metrics/racket_target/cycle_v2_ready_fail_latch: 0.0000
Metrics/racket_target/cycle_v2_attempt_event: 0.0000
Metrics/racket_target/cycle_v2_ready_success_event: 0.0000
Metrics/racket_target/cycle_v2_ready_fail_event: 0.0000
Metrics/racket_target/cycle_v2_unresolved_resample_fail_event: 0.0000
Metrics/racket_target/cycle_v2_resolved_event: 0.0000
Metrics/racket_target/cycle_v2_command_visible_steps: 0.0000
Metrics/racket_target/cycle_v2_elapsed_steps: 0.0000
Metrics/racket_target/cycle_v2_ready_score: 0.0000
Metrics/racket_target/cycle_v2_ready_ok: 0.0000
Metrics/racket_target/cycle_v2_visible: 0.0000
Metrics/racket_target/cycle_v2_ready_score_ok: 0.0000
Metrics/racket_target/cycle_v2_height_ok: 0.0000
Metrics/racket_target/cycle_v2_upright_ok: 0.0000
Metrics/racket_target/cycle_v2_base_lin_vel_ok: 0.0000
Metrics/racket_target/cycle_v2_base_ang_vel_ok: 0.0000
Metrics/racket_target/cycle_v2_feet_ok: 0.0000
Metrics/racket_target/cycle_v2_core_ready_ok: 0.0000
Metrics/racket_target/cycle_v2_ready_consecutive_steps: 0.0000
Metrics/racket_target/single_cycle_bootstrap: 0.0000
Metrics/racket_target/single_cycle_swing_completed: 0.0000
Metrics/racket_target/single_cycle_recovery_active: 0.0000
Metrics/racket_target/single_cycle_recovery_elapsed_steps: 0.0000
Metrics/racket_target/single_cycle_ready_consecutive_steps: 0.0000
Metrics/racket_target/single_cycle_safe_timeout_event: 0.0000
Metrics/racket_target/single_cycle_deadline_timeout_event: 0.0000
Metrics/racket_target/single_cycle_timeout_latch: 0.0000
Metrics/racket_target/single_cycle_hard_failure_event: 0.0000
Metrics/racket_target/single_cycle_probability: 0.0000
Metrics/racket_target/single_cycle_curriculum_level: 0.0000
Metrics/racket_target/single_cycle_effective_deadline_steps: 100.0000
Metrics/racket_target/single_cycle_selected_events: 0.0000
Metrics/racket_target/single_cycle_completed_events: 0.0000
Metrics/racket_target/single_cycle_safe_timeout_events: 0.0000
Metrics/racket_target/single_cycle_deadline_timeout_events: 0.0000
Metrics/racket_target/single_cycle_hard_failure_events: 0.0000
Metrics/racket_target/active_ready_consecutive_steps: 0.0000
Metrics/racket_target/active_ready_success_event: 0.0000
Metrics/racket_target/active_ready_success_latch: 0.0000
Metrics/racket_target/active_ready_survival_steps: 0.0000
Metrics/racket_target/active_ready_survival_next_milestone: 0.0000
Metrics/racket_target/active_ready_survival_milestone_event: 0.0000
Metrics/racket_target/no_command_ready_active: 0.0312
Metrics/racket_target/no_command_from_stand_episode: 0.0000
Metrics/racket_target/no_command_from_default_stand_reset: 0.0312
Metrics/racket_target/no_command_ready_upright_ok: 0.0312
Metrics/racket_target/no_command_ready_motion_ok: 0.0000
Metrics/racket_target/no_command_ready_score: 0.0206
Metrics/racket_target/no_command_ready_progress: -0.0312
Metrics/racket_target/no_command_ready_station_error: 0.0005
Metrics/racket_target/no_command_ready_fixed_station_error: 0.0005
Metrics/racket_target/healthy_training_stage: 3.0000
Metrics/racket_target/healthy_stage_planted_rehearsal: 0.0000
Metrics/racket_target/healthy_stage_station_hold_seen: 0.0000
Metrics/racket_target/healthy_stage_station_arrived: 0.0000
Metrics/racket_target/healthy_stage_station_settled: 0.0000
Metrics/racket_target/healthy_stage_station_settle_steps: 0.0000
Metrics/racket_target/station_relocation_active: 0.0000
Metrics/racket_target/station_relocation_target_offset_y: 0.0000
Metrics/racket_target/station_relocation_error: 0.0000
Metrics/racket_target/station_relocation_arrival_event: 0.0000
Metrics/racket_target/station_relocation_settle_event: 0.0000
Metrics/racket_target/station_relocation_release_event: 0.0000
Metrics/racket_target/station_relocation_timeout_event: 0.0000
Metrics/racket_target/station_relocation_elapsed_steps: 0.0000
Metrics/racket_target/station_relocation_hold_deadline_steps: 0.0000
Metrics/racket_target/lifecycle_recovery_hold_active: 0.0000
Metrics/racket_target/lifecycle_recovery_release_success_event: 0.0000
Metrics/racket_target/lifecycle_recovery_release_fail_event: 0.0000
Metrics/racket_target/station_relocation_level: 0.0000
Metrics/racket_target/station_relocation_arrival_ema: 0.0000
Metrics/racket_target/station_relocation_settle_ema: 0.0000
Metrics/racket_target/station_relocation_contact_ema: 0.0000
Metrics/racket_target/station_relocation_safety_ema: 0.0000
Metrics/racket_target/station_relocation_resolved_events: 0.0000
Metrics/racket_target/station_relocation_terminal_reset_events: 0.0000
Metrics/racket_target/station_relocation_advance_streak: 0.0000
Metrics/racket_target/station_relocation_regress_streak: 0.0000
Metrics/racket_target/station_relocation_effective_max_lin_vel: 0.0000
Metrics/racket_target/station_relocation_effective_max_ang_vel: 0.0000
Metrics/racket_target/station_relocation_effective_min_settle_steps: 0.0000
Metrics/racket_target/ability_curriculum_level: 0.0000
Metrics/racket_target/ability_curriculum_scale: 0.3667
Metrics/racket_target/ability_curriculum_resolved_events: 0.0000
Metrics/racket_target/ability_curriculum_total_resolved_events: 0.0000
Metrics/racket_target/ability_curriculum_advance_streak: 0.0000
Metrics/racket_target/ability_curriculum_regress_streak: 0.0000
Metrics/racket_target/ability_contact_ema: 0.0000
Metrics/racket_target/ability_net_ema: 0.0000
Metrics/racket_target/ability_success_ema: 0.0000
Metrics/racket_target/ability_recovery_ema: 0.0000
Metrics/racket_target/ability_cycle_ema: 0.0000
Metrics/racket_target/ability_cycle_attempt_ema: 0.0000
Metrics/racket_target/ability_cycle_resolved_ema: 0.0000
Metrics/racket_target/ability_forehand_contact_ema: 0.0000
Metrics/racket_target/ability_forehand_net_ema: 0.0000
Metrics/racket_target/ability_forehand_success_ema: 0.0000
Metrics/racket_target/ability_backhand_contact_ema: 0.0000
Metrics/racket_target/ability_backhand_net_ema: 0.0000
Metrics/racket_target/ability_backhand_success_ema: 0.0000
Metrics/racket_target/ability_attempt_ema: 0.0000
Metrics/racket_target/ability_targeted_attempt_ema: 0.0000
Metrics/racket_target/impact_health_floor_progress: 0.0000
Metrics/racket_target/ability_safety_ema: 1.0000
Metrics/racket_target/ability_station_saturation_ema: 0.0000
Metrics/racket_target/ability_healthy_normal_ema: 0.0000
Metrics/racket_target/ability_station_arrival_ema: 0.0000
Metrics/racket_target/ability_station_settle_ema: 0.0000
Metrics/racket_target/planner_hit_plane_blend: 1.0000
Metrics/racket_target/planner_hit_plane_x_delta: 0.0301
Metrics/racket_target/true_strike_table_x: 0.1953
Metrics/racket_target/planner_target_table_x: 0.1953
Metrics/racket_target/workspace_level: 0.0000
Metrics/racket_target/workspace_fringe_sample: 0.0000
Metrics/racket_target/workspace_target_lateral_norm: 0.3436
Metrics/racket_target/workspace_target_table_y: -0.2086
Metrics/racket_target/workspace_playable_y_min: -0.7225
Metrics/racket_target/workspace_playable_y_max: 0.7225
Metrics/racket_target/workspace_active_y_lo: -0.2512
Metrics/racket_target/workspace_active_y_hi: -0.1312
Metrics/racket_target/workspace_motion_seed_blend: 0.0000
Metrics/racket_target/incoming_ball_horizontal_speed: 1.0558
Metrics/racket_target/incoming_ball_speed: 1.4423
Metrics/racket_target/incoming_ball_speed_curriculum_level: 0.0000
Metrics/racket_target/incoming_ball_speed_sample_low: 0.9000
Metrics/racket_target/incoming_ball_speed_sample_high: 1.2500
Metrics/racket_target/station_saturated: 1.0000
Metrics/racket_target/station_raw_clip_excess: 0.0470
Metrics/racket_target/station_saturated_x: 0.5938
Metrics/racket_target/station_saturated_y: 1.0000
Metrics/racket_target/station_raw_clip_excess_x: 0.0040
Metrics/racket_target/station_raw_clip_excess_y: 0.0467
Metrics/racket_target/current_swing_opportunity: 0.1250
Metrics/racket_target/current_swing_attempt: 0.1250
Metrics/racket_target/current_swing_targeted_attempt: 0.0000
Metrics/racket_target/prev_swing_targeted_attempt: 0.0000
Metrics/racket_target/current_swing_unsafe: 0.5312
Metrics/racket_target/current_swing_station_saturated: 1.0000
Metrics/racket_target/impact_health_score: 0.4174
Metrics/racket_target/impact_health_ok: 0.4375
Metrics/racket_target/impact_health_backlean_violation: 0.1979
Metrics/racket_target/impact_health_waist_backfold: 0.0000
Metrics/racket_target/impact_health_base_retreat: 0.2277
Metrics/racket_target/impact_health_torso_gravity_x: -0.1320
Metrics/racket_target/impact_health_torso_ang_vel: 1.4086
Metrics/racket_target/impact_health_com_x: 0.2653
Metrics/racket_target/impact_health_com_y: 0.0985
Metrics/racket_target/post_contact_ready_pending: 0.0000
Metrics/racket_target/post_contact_ready_elapsed_steps: 0.0000
Metrics/racket_target/post_contact_ready_consecutive_steps: 0.0000
Metrics/racket_target/post_contact_ready_diagnostic_pending: 0.0000
Metrics/racket_target/post_contact_ready_diagnostic_elapsed_steps: 0.0000
Metrics/racket_target/post_contact_ready_durable_pending: 0.0000
Metrics/racket_target/post_contact_ready_durable_consecutive_steps: 0.0000
Metrics/racket_target/post_contact_ready_durable_ready_now: 0.0000
Metrics/racket_target/post_contact_ready_durable_success_event: 0.0000
Metrics/racket_target/post_contact_ready_durable_fail_event: 0.0000
Metrics/racket_target/post_contact_ready_durable_resolution_success_rate: 0.0000
Metrics/racket_target/post_contact_ready_durable_resolution_fail_rate: 0.0000
Metrics/racket_target/post_contact_ready_durable_resolution_success_latency_steps: 0.0000
Metrics/racket_target/post_contact_ready_durable_resolution_fail_latency_steps: 0.0000
Metrics/racket_target/post_contact_ready_durable_fail_backlean_rate: 0.0000
Metrics/racket_target/post_contact_ready_durable_fail_forward_lean_rate: 0.0000
Metrics/racket_target/post_contact_ready_durable_fail_torso_ang_vel_rate: 0.0000
Metrics/racket_target/post_contact_ready_durable_fail_base_lin_vel_rate: 0.0000
Metrics/racket_target/post_contact_ready_durable_fail_base_ang_vel_rate: 0.0000
Metrics/racket_target/post_contact_ready_durable_fail_racket_speed_rate: 0.0000
Metrics/racket_target/post_contact_ready_durable_fail_height_rate: 0.0000
Metrics/racket_target/post_contact_ready_durable_fail_com_x_rate: 0.0000
Metrics/racket_target/post_contact_ready_durable_fail_com_y_rate: 0.0000
Metrics/racket_target/post_contact_ready_durable_fail_feet_rate: 0.0000
Metrics/racket_target/post_contact_ready_durable_fail_station_rate: 0.0000
Metrics/racket_target/post_contact_ready_durable_fail_arm_rate: 0.0000
Metrics/racket_target/post_contact_ready_terminal_window_active: 0.0000
Metrics/racket_target/post_contact_ready_terminal_quality: 0.0000
Metrics/racket_target/post_contact_ready_terminal_settlement_event: 0.0000
Metrics/racket_target/post_contact_ready_operational_ready_now: 0.0000
Metrics/racket_target/post_contact_ready_operational_consecutive_steps: 0.0000
Metrics/racket_target/post_contact_ready_safe_settlement_event: 0.0000
Metrics/racket_target/post_contact_ready_unsafe_settlement_event: 0.0000
Metrics/racket_target/post_contact_ready_incomplete_settlement_event: 0.0000
Metrics/racket_target/post_contact_ready_safe_net_cycle_event: 0.0000
Metrics/racket_target/post_contact_ready_terminal_quality_mean: 0.0000
Metrics/racket_target/post_contact_ready_safe_terminal_quality_mean: 0.0000
Metrics/racket_target/post_contact_ready_terminal_safe_rate: 0.0000
Metrics/racket_target/post_contact_ready_terminal_unsafe_rate: 0.0000
Metrics/racket_target/post_contact_ready_terminal_incomplete_rate: 0.0000
Metrics/racket_target/post_contact_ready_safe_net_cycle_rate: 0.0000
Metrics/racket_target/post_contact_ready_score: 0.0000
Metrics/racket_target/post_contact_ready_now: 0.0000
Metrics/racket_target/post_contact_ready_success_event: 0.0000
Metrics/racket_target/post_contact_ready_fail_event: 0.0000
Metrics/racket_target/post_contact_ready_outcome_tier: 0.0000
Metrics/racket_target/post_contact_ready_face_quality: 0.0000
Metrics/racket_target/post_contact_ready_safe_face_net_cycle_value: 0.0000
Metrics/racket_target/post_contact_ready_planner_speed_ratio: 0.0000
Metrics/racket_target/post_contact_ready_planner_direction_error_rad: 0.0000
Metrics/racket_target/post_contact_ready_planner_position_error: 0.0000
Metrics/racket_target/post_contact_ready_impact_health_score: 0.0000
Metrics/racket_target/post_contact_ready_peak_base_ang_vel: 0.0000
Metrics/racket_target/post_contact_ready_peak_ang_vel_excess_increment: 0.0000
Metrics/racket_target/post_contact_ready_envelope_violation_latch: 0.0000
Metrics/racket_target/post_contact_ready_envelope_violation_event: 0.0000
Metrics/racket_target/post_contact_ready_envelope_first_violation_step: 0.0000
Metrics/racket_target/post_contact_ready_envelope_attempts: 0.0000
Metrics/racket_target/post_contact_ready_envelope_violation_rate: 0.0000
Metrics/racket_target/post_contact_ready_envelope_tilt_violation_rate: 0.0000
Metrics/racket_target/post_contact_ready_envelope_pitch_violation_rate: 0.0000
Metrics/racket_target/post_contact_ready_envelope_com_violation_rate: 0.0000
Metrics/racket_target/post_contact_ready_envelope_waist_violation_rate: 0.0000
Metrics/racket_target/post_contact_ready_envelope_leg_violation_rate: 0.0000
Metrics/racket_target/post_contact_ready_envelope_base_ang_vel_violation_rate: 0.0000
Metrics/racket_target/post_contact_ready_resolution_success_rate: 0.0000
Metrics/racket_target/post_contact_ready_resolution_fail_rate: 0.0000
Metrics/racket_target/post_contact_ready_resolution_success_latency_steps: 0.0000
Metrics/racket_target/post_contact_ready_resolution_fail_latency_steps: 0.0000
Metrics/racket_target/post_contact_ready_max_tilt: 0.0000
Metrics/racket_target/post_contact_ready_max_abs_pitch: 0.0000
Metrics/racket_target/post_contact_ready_max_com_x: 0.0000
Metrics/racket_target/post_contact_ready_max_com_y: 0.0000
Metrics/racket_target/post_contact_ready_max_waist_overflow: 0.0000
Metrics/racket_target/post_contact_ready_max_leg_overflow: 0.0000
Metrics/racket_target/post_contact_ready_settlement_velocity_score_ema: 0.0000
Metrics/racket_target/post_contact_ready_settlement_position_gate_ema: 0.0000
Metrics/racket_target/post_contact_ready_settlement_health_gate_ema: 0.0000
Metrics/racket_target/post_contact_ready_settlement_recovery_gate_ema: 0.0000
Metrics/racket_target/post_contact_ready_settlement_total_score_ema: 0.0000
Metrics/racket_target/post_contact_recovery_backlean_error: 0.0000
Metrics/racket_target/post_contact_recovery_directional_progress: 0.0000
Metrics/racket_target/post_contact_ready_torso_ok: 0.0000
Metrics/racket_target/post_contact_ready_motion_ok: 0.0000
Metrics/racket_target/post_contact_ready_support_ok: 0.0000
Metrics/racket_target/post_contact_ready_arm_ok: 0.0000
Metrics/racket_target/post_contact_ready_base_lin_vel_ok: 0.0000
Metrics/racket_target/post_contact_ready_base_ang_vel_ok: 0.0000
Metrics/racket_target/post_contact_ready_racket_speed_ok: 0.0000
Metrics/racket_target/post_contact_ready_height_ok: 0.0000
Metrics/racket_target/post_contact_ready_com_x_ok: 0.0000
Metrics/racket_target/post_contact_ready_com_y_ok: 0.0000
Metrics/racket_target/post_contact_ready_feet_ok: 0.0000
Metrics/racket_target/post_contact_ready_station_ok: 0.0000
Metrics/racket_target/post_contact_ready_fail_torso: 0.0000
Metrics/racket_target/post_contact_ready_fail_base_lin_vel: 0.0000
Metrics/racket_target/post_contact_ready_fail_base_ang_vel: 0.0000
Metrics/racket_target/post_contact_ready_fail_racket_speed: 0.0000
Metrics/racket_target/post_contact_ready_fail_support: 0.0000
Metrics/racket_target/post_contact_ready_fail_arm: 0.0000
Metrics/racket_target/post_contact_ready_shadow_now: 0.0000
Metrics/racket_target/post_contact_ready_shadow_consecutive_steps: 0.0000
Metrics/racket_target/post_contact_ready_shadow_success_latch: 0.0000
Metrics/racket_target/post_contact_ready_curriculum_level: 0.0000
Metrics/racket_target/post_contact_ready_curriculum_fraction: 0.0000
Metrics/racket_target/post_contact_ready_curriculum_success_ema: 0.0000
Metrics/racket_target/post_contact_ready_curriculum_shadow_success_ema: 0.0000
Metrics/racket_target/post_contact_ready_curriculum_resolved_events: 0.0000
Metrics/racket_target/post_contact_ready_curriculum_successful_events: 0.0000
Metrics/racket_target/post_contact_ready_curriculum_targeted_attempt_ema: 0.0000
Metrics/racket_target/post_contact_ready_curriculum_return_success_ema: 0.0000
Metrics/racket_target/post_contact_ready_curriculum_completed_swings: 0.0000
Metrics/racket_target/post_contact_ready_curriculum_advance_streak: 0.0000
Metrics/racket_target/post_contact_ready_curriculum_advance_guard_ok: 0.0000
Metrics/racket_target/post_contact_ready_effective_max_torso_ang_vel: 0.0000
Metrics/racket_target/post_contact_ready_effective_max_base_lin_vel: 0.0000
Metrics/racket_target/post_contact_ready_effective_max_base_ang_vel: 0.0000
Metrics/racket_target/post_contact_ready_effective_max_racket_speed: 0.0000
Metrics/racket_target/post_contact_ready_effective_min_feet_contact: 0.0000
Metrics/racket_target/post_contact_ready_effective_required_consecutive_steps: 0.0000
Metrics/racket_target/post_contact_ready_effective_deadline_steps: 0.0000
Metrics/racket_target/post_contact_ready_curriculum_advance_threshold: 0.0000
Metrics/racket_target/post_contact_ready_curriculum_advance_min_events: 0.0000
Metrics/racket_target/post_contact_ready_curriculum_shadow_threshold: 0.0000
Metrics/racket_target/post_contact_ready_curriculum_min_targeted_attempt_ema: 0.0000
Metrics/racket_target/post_contact_ready_curriculum_min_return_success_ema: 0.0000
Metrics/racket_target/post_contact_ready_curriculum_min_completed_swings: 0.0000
Metrics/racket_target/post_contact_ready_curriculum_required_advance_checks: 0.0000
Metrics/racket_target/racket_normal_error_deg: 48.9417
Metrics/racket_target/impact_normal_error_deg: 4.4921
Metrics/racket_target/impact_racket_vel_error_mps: 0.3379
Metrics/racket_target/impact_racket_speed_ratio: 0.1548
Metrics/racket_target/impact_racket_vel_angle_deg: 9.4304
Metrics/racket_target/impact_racket_actual_vel_x: -0.1672
Metrics/racket_target/impact_racket_actual_vel_y: 0.0675
Metrics/racket_target/impact_racket_actual_vel_z: 0.2378
Metrics/racket_target/impact_racket_target_vel_x: 0.1613
Metrics/racket_target/impact_racket_target_vel_y: 0.0150
Metrics/racket_target/impact_racket_target_vel_z: 0.1860
Metrics/racket_target/impact_ball_out_error_mps: 0.4762
Metrics/racket_target/impact_face_radial_error_m: 0.0885
Metrics/racket_target/impact_face_normal_gap_m: 0.0135
Metrics/racket_target/impact_face_quality: 0.0000
Metrics/racket_target/impact_center_contact: 0.0000
Metrics/racket_target/impact_center_net_cross: 0.0000
Metrics/racket_target/impact_center_on_opponent: 0.0000
Metrics/racket_target/impact_rim_contact: 0.0000
Metrics/racket_target/impact_rim_net_cross: 0.0000
Metrics/racket_target/impact_rim_on_opponent: 0.0000
Metrics/racket_target/impact_analytic_outer_contact: 0.0000
Metrics/racket_target/impact_analytic_outer_net_cross: 0.0000
Metrics/racket_target/impact_analytic_outer_on_opponent: 0.0000
Metrics/racket_target/impact_planner_pos_error_m: 0.0914
Metrics/racket_target/impact_planner_vel_error_mps: 0.3379
Metrics/racket_target/impact_planner_speed_ratio: 0.1548
Metrics/racket_target/impact_planner_vel_angle_deg: 9.4304
Metrics/racket_target/impact_healthy_normal_ok: 0.0000
Metrics/racket_target/impact_healthy_contact: 0.0000
Metrics/racket_target/impact_healthy_net_cross: 0.0000
Metrics/racket_target/impact_healthy_on_opponent: 0.0000
Metrics/racket_target/current_swing_impact_health_score: 0.0000
Metrics/racket_target/current_swing_healthy_contact: 0.0000
Metrics/racket_target/current_swing_healthy_net_cross: 0.0000
Metrics/racket_target/current_swing_healthy_on_opponent: 0.0000
Metrics/racket_target/current_swing_healthy_normal_ok: 0.0000
Metrics/racket_target/current_swing_contact: 0.0000
Metrics/racket_target/current_swing_net_cross: 0.0000
Metrics/racket_target/current_swing_on_opponent: 0.0000
Metrics/racket_target/current_swing_center_contact: 0.0000
Metrics/racket_target/current_swing_center_net_cross: 0.0000
Metrics/racket_target/current_swing_center_on_opponent: 0.0000
Metrics/racket_target/current_swing_rim_contact: 0.0000
Metrics/racket_target/current_swing_rim_net_cross: 0.0000
Metrics/racket_target/current_swing_rim_on_opponent: 0.0000
Metrics/racket_target/current_swing_analytic_outer_contact: 0.0000
Metrics/racket_target/current_swing_analytic_outer_net_cross: 0.0000
Metrics/racket_target/current_swing_analytic_outer_on_opponent: 0.0000
Metrics/racket_target/cycle_v2_outcome_tier: -1.0000
Metrics/racket_target/cycle_v2_streak: 0.0000
Metrics/racket_target/closed_loop_recovery_trigger_event: 0.0000
Metrics/racket_target/closed_loop_cycle_success_event: 0.0000
Metrics/racket_target/closed_loop_durable_cycle_success_event: 0.0000
Metrics/racket_target/closed_loop_phase_id: 1.8438
Metrics/racket_target/closed_loop_phase_ready_no_command: 0.0312
Metrics/racket_target/closed_loop_phase_command_acquire: 0.4062
Metrics/racket_target/closed_loop_phase_pre_strike: 0.2500
Metrics/racket_target/closed_loop_phase_strike: 0.3125
Metrics/racket_target/closed_loop_phase_follow_through: 0.0000
Metrics/racket_target/closed_loop_phase_recovery: 0.0000
Metrics/racket_target/closed_loop_phase_next_ready: 0.0000
Metrics/racket_target/post_contact_phase_impact_0_100ms_attempts: 0.0000
Metrics/racket_target/post_contact_phase_impact_0_100ms_tilt_gt_0p1_rate: 0.0000
Metrics/racket_target/post_contact_phase_impact_0_100ms_pitch_gt_0p1_rate: 0.0000
Metrics/racket_target/post_contact_phase_impact_0_100ms_waist_overflow_gt_1p0_rate: 0.0000
Metrics/racket_target/post_contact_phase_impact_0_100ms_base_ang_vel_gt_0p8_rate: 0.0000
Metrics/racket_target/post_contact_phase_brake_100_300ms_attempts: 0.0000
Metrics/racket_target/post_contact_phase_brake_100_300ms_tilt_gt_0p1_rate: 0.0000
Metrics/racket_target/post_contact_phase_brake_100_300ms_pitch_gt_0p1_rate: 0.0000
Metrics/racket_target/post_contact_phase_brake_100_300ms_waist_overflow_gt_1p0_rate: 0.0000
Metrics/racket_target/post_contact_phase_brake_100_300ms_base_ang_vel_gt_0p8_rate: 0.0000
Metrics/racket_target/post_contact_phase_settle_300_600ms_attempts: 0.0000
Metrics/racket_target/post_contact_phase_settle_300_600ms_tilt_gt_0p1_rate: 0.0000
Metrics/racket_target/post_contact_phase_settle_300_600ms_pitch_gt_0p1_rate: 0.0000
Metrics/racket_target/post_contact_phase_settle_300_600ms_waist_overflow_gt_1p0_rate: 0.0000
Metrics/racket_target/post_contact_phase_settle_300_600ms_base_ang_vel_gt_0p8_rate: 0.0000
Metrics/racket_target/post_contact_phase_ready_after_600ms_attempts: 0.0000
Metrics/racket_target/post_contact_phase_ready_after_600ms_tilt_gt_0p1_rate: 0.0000
Metrics/racket_target/post_contact_phase_ready_after_600ms_pitch_gt_0p1_rate: 0.0000
Metrics/racket_target/post_contact_phase_ready_after_600ms_waist_overflow_gt_1p0_rate: 0.0000
Metrics/racket_target/post_contact_phase_ready_after_600ms_base_ang_vel_gt_0p8_rate: 0.0000
Metrics/racket_target/physical_contact_health_score: 0.0000
Metrics/racket_target/physical_recovery_pending: 0.0000
Metrics/racket_target/physical_recovery_tier: 0.0000
Metrics/racket_target/physical_recovery_success_event: 0.0000
Metrics/racket_target/physical_recovery_failure_event: 0.0000
Metrics/racket_target/physical_ability_level: 0.0000
Metrics/racket_target/physical_ability_batch_events: 3.6875
Metrics/racket_target/physical_ability_contact_ema: 0.0000
Metrics/racket_target/physical_ability_net_ema: 0.0000
Metrics/racket_target/physical_ability_bounce_ema: 0.0000
Metrics/racket_target/physical_ability_recovery_ema: 0.0000
Metrics/racket_target/physical_ability_safety_ema: 0.0000
Metrics/racket_target/base_pitch_like_signed: -0.4524
Metrics/racket_target/base_backward_velocity: 0.5089
Metrics/racket_target/waist_action_rms: 0.4772
Metrics/racket_target/right_arm_action_rms: 3.9727
Metrics/racket_target/leg_action_rms: 0.6993
Metrics/racket_target/action_abs_max: 6.6358
Metrics/racket_target/applied_action_abs_max: 6.6358
Metrics/racket_target/leg_action_abs_max: 1.6529
Metrics/racket_target/effective_action_abs_max: 6.6358
Metrics/racket_target/action_clamp_fraction: 0.0292
Metrics/racket_target/waist_action_clamp_fraction: 0.0208
Metrics/racket_target/right_arm_action_clamp_fraction: 0.0000
Metrics/racket_target/leg_action_clamp_fraction: 0.0703
Metrics/racket_target/waist_q_tracking_error_rms: 0.3737
Metrics/racket_target/right_arm_q_tracking_error_rms: 0.2074
Metrics/racket_target/leg_q_tracking_error_rms: 0.3016
Metrics/racket_target/waist_torque_clip_fraction: 0.0000
Metrics/racket_target/right_arm_torque_clip_fraction: 0.0000
Metrics/racket_target/leg_torque_clip_fraction: 0.0000
Metrics/racket_target/waist_action_delta_rms: 0.2415
Metrics/racket_target/right_arm_action_delta_rms: 0.6973
Metrics/racket_target/leg_action_delta_rms: 0.5167
Metrics/racket_target/waist_joint_vel_rms: 0.9347
Metrics/racket_target/right_arm_joint_vel_rms: 1.1361
Metrics/racket_target/leg_joint_vel_rms: 1.3869
Metrics/racket_target/recovery_leg_action_abs_max: 0.0261
Metrics/racket_target/recovery_leg_action_delta_rms: 0.0175
Metrics/racket_target/recovery_leg_joint_vel_rms: 0.0474
     Metrics/physical_shadow/phase: 1.5312
Metrics/physical_shadow/route_valid: 1.0000
Metrics/physical_shadow/serve_event: 0.0000
Metrics/physical_shadow/incoming_bounce_event: 0.0000
Metrics/physical_shadow/contact_event: 0.0000
Metrics/physical_shadow/net_cross_event: 0.0000
Metrics/physical_shadow/outgoing_landing_event: 0.0000
Metrics/physical_shadow/opponent_bounce_event: 0.0000
Metrics/physical_shadow/landing_short_event: 0.0000
Metrics/physical_shadow/landing_long_event: 0.0000
Metrics/physical_shadow/landing_side_event: 0.0000
Metrics/physical_shadow/landing_no_net_event: 0.0000
Metrics/physical_shadow/abort_event: 0.0000
Metrics/physical_shadow/timeout_event: 0.0000
Metrics/physical_shadow/route_unalignable_event: 0.0000
Metrics/physical_shadow/route_invalid_event: 0.0000
Metrics/physical_shadow/incoming_net_collision_event: 0.0000
Metrics/physical_shadow/reset_abort_event: 0.0000
Metrics/physical_shadow/incoming_bounce_latch: 0.5625
Metrics/physical_shadow/contact_latch: 0.0000
Metrics/physical_shadow/net_cross_latch: 0.0000
Metrics/physical_shadow/opponent_bounce_latch: 0.0000
Metrics/physical_shadow/launch_timing_error_s: 0.0042
Metrics/physical_shadow/contact_true_target_error: 0.0000
Metrics/physical_shadow/contact_planner_position_error: 0.0000
Metrics/physical_shadow/contact_planner_velocity_error: 0.0000
Metrics/physical_shadow/contact_planner_velocity_direction_error_deg: 0.0000
Metrics/physical_shadow/contact_planner_normal_error_deg: 0.0000
Metrics/physical_shadow/contact_outgoing_velocity_error: 0.0000
Metrics/physical_shadow/contact_outgoing_speed: 0.0000
Metrics/physical_shadow/contact_target_outgoing_speed: 0.0000
Metrics/physical_shadow/contact_outgoing_speed_ratio: 0.0000
Metrics/physical_shadow/contact_outgoing_direction_error_deg: 0.0000
Metrics/physical_shadow/contact_outgoing_velocity_x: 0.0000
Metrics/physical_shadow/contact_outgoing_velocity_y: 0.0000
Metrics/physical_shadow/contact_outgoing_velocity_z: 0.0000
Metrics/physical_shadow/contact_target_outgoing_velocity_x: 0.0000
Metrics/physical_shadow/contact_target_outgoing_velocity_y: 0.0000
Metrics/physical_shadow/contact_target_outgoing_velocity_z: 0.0000
Metrics/physical_shadow/contact_incoming_velocity_error: 0.0000
Metrics/physical_shadow/contact_incoming_velocity_direction_error_deg: 0.0000
Metrics/physical_shadow/contact_route_incoming_velocity_error: 0.0000
Metrics/physical_shadow/contact_route_incoming_velocity_direction_error_deg: 0.0000
Metrics/physical_shadow/contact_actual_route_incoming_velocity_error: 0.0000
Metrics/physical_shadow/contact_command_normal_only_error: 0.0000
Metrics/physical_shadow/contact_command_training_model_error: 0.0000
Metrics/physical_shadow/contact_command_physics_model_error: 0.0000
Metrics/physical_shadow/contact_actual_training_model_residual: 0.0000
Metrics/physical_shadow/contact_actual_physics_model_residual: 0.0000
Metrics/physical_shadow/contact_actual_normal_only_model_residual: 0.0000
Metrics/physical_shadow/contact_actual_training_predicted_target_error: 0.0000
Metrics/physical_shadow/contact_actual_physics_predicted_target_error: 0.0000
Metrics/physical_shadow/contact_actual_normal_only_predicted_target_error: 0.0000
Metrics/physical_shadow/contact_force_direction_valid: 0.0000
Metrics/physical_shadow/contact_force_vs_racket_normal_angle_deg: 0.0000
Metrics/physical_shadow/contact_actual_force_direction_model_residual: 0.0000
Metrics/physical_shadow/contact_actual_force_direction_predicted_target_error: 0.0000
Metrics/physical_shadow/contact_physx_data_valid: 0.0000
Metrics/physical_shadow/contact_physx_force: 0.0000
Metrics/physical_shadow/contact_physx_separation: 0.0000
Metrics/physical_shadow/contact_physx_normal_error_deg: 0.0000
Metrics/physical_shadow/contact_physx_point_radial_error: 0.0000
Metrics/physical_shadow/contact_actual_physx_normal_model_residual: 0.0000
Metrics/physical_shadow/contact_actual_physx_normal_predicted_target_error: 0.0000
Metrics/physical_shadow/contact_physx_substep_valid: 0.0000
Metrics/physical_shadow/contact_physx_substep_normal_error_deg: 0.0000
Metrics/physical_shadow/contact_physx_substep_point_radial_error: 0.0000
Metrics/physical_shadow/contact_physx_substep_point_normal_offset: 0.0000
Metrics/physical_shadow/contact_physx_patch_substeps: 0.0000
Metrics/physical_shadow/contact_physx_normal_impulse: 0.0000
Metrics/physical_shadow/contact_physx_capture_lag_s: 0.0000
Metrics/physical_shadow/contact_physx_contact_point_speed_delta: 0.0000
Metrics/physical_shadow/contact_physx_substep_link_model_residual: 0.0000
Metrics/physical_shadow/contact_physx_substep_point_model_residual: 0.0000
Metrics/physical_shadow/contact_physx_substep_outgoing_target_error: 0.0000
Metrics/physical_shadow/contact_physx_measured_restitution: 0.0000
Metrics/physical_shadow/contact_physx_pre_ball_speed: 0.0000
Metrics/physical_shadow/contact_physx_post_ball_speed: 0.0000
Metrics/physical_shadow/contact_physx_point_x: 0.0000
Metrics/physical_shadow/contact_physx_point_y: 0.0000
Metrics/physical_shadow/contact_physx_point_z: 0.0000
Metrics/physical_shadow/contact_physx_normal_x: 0.0000
Metrics/physical_shadow/contact_physx_normal_y: 0.0000
Metrics/physical_shadow/contact_physx_normal_z: 0.0000
Metrics/physical_shadow/contact_physx_pre_ball_velocity_x: 0.0000
Metrics/physical_shadow/contact_physx_pre_ball_velocity_y: 0.0000
Metrics/physical_shadow/contact_physx_pre_ball_velocity_z: 0.0000
Metrics/physical_shadow/contact_physx_post_ball_velocity_x: 0.0000
Metrics/physical_shadow/contact_physx_post_ball_velocity_y: 0.0000
Metrics/physical_shadow/contact_physx_post_ball_velocity_z: 0.0000
Metrics/physical_shadow/contact_physx_pre_racket_point_velocity_x: 0.0000
Metrics/physical_shadow/contact_physx_pre_racket_point_velocity_y: 0.0000
Metrics/physical_shadow/contact_physx_pre_racket_point_velocity_z: 0.0000
Metrics/physical_shadow/contact_physx_post_racket_point_velocity_x: 0.0000
Metrics/physical_shadow/contact_physx_post_racket_point_velocity_y: 0.0000
Metrics/physical_shadow/contact_physx_post_racket_point_velocity_z: 0.0000
Metrics/physical_shadow/contact_physx_pre_ball_angular_velocity_x: 0.0000
Metrics/physical_shadow/contact_physx_pre_ball_angular_velocity_y: 0.0000
Metrics/physical_shadow/contact_physx_pre_ball_angular_velocity_z: 0.0000
Metrics/physical_shadow/contact_physx_post_ball_angular_velocity_x: 0.0000
Metrics/physical_shadow/contact_physx_post_ball_angular_velocity_y: 0.0000
Metrics/physical_shadow/contact_physx_post_ball_angular_velocity_z: 0.0000
Metrics/physical_shadow/contact_physx_pre_ball_surface_tangent_speed: 0.0000
Metrics/physical_shadow/contact_physx_post_ball_spin_speed: 0.0000
Metrics/physical_shadow/contact_impact_normal_error_deg: 0.0000
Metrics/physical_shadow/contact_wire_impact_normal_gap_deg: 0.0000
Metrics/physical_shadow/contact_face_radial_error: 0.0000
Metrics/physical_shadow/contact_time_to_strike: 0.0000
Metrics/physical_shadow/landing_target_error: 0.0000
Metrics/physical_shadow/landing_target_x_error: 0.0000
Metrics/physical_shadow/landing_target_y_error: 0.0000
Metrics/physical_shadow/landing_position_x: 0.0000
Metrics/physical_shadow/landing_position_y: 0.0000
Metrics/physical_shadow/minimum_ball_racket_distance: 1.1494
      Episode_Termination/time_out: 0.4688
  Episode_Termination/base_too_low: 0.0000
   Episode_Termination/base_tilted: 0.5938
   Episode_Termination/table_touch: 0.0000
Episode_Termination/persistent_action_overflow: 0.0000
--------------------------------------------------------------------------------
                   Total timesteps: 2048
                    Iteration time: 3.31s
                      Time elapsed: 00:00:06
                               ETA: 00:00:12

################################################################################
                        [1m Learning iteration 2/5 [0m                        

                       Computation: 338 steps/s (collection: 2.990s, learning 0.038s)
             Mean action noise std: 0.25
          Mean value_function loss: 0.0563
               Mean surrogate loss: -0.0363
                 Mean entropy loss: 1.0128
                       Mean reward: 1.06
               Mean episode length: 60.58
 Episode_Reward/undesired_contacts: 0.0000
  Episode_Reward/feet_contact_slip: -0.0010
     Episode_Reward/table_no_touch: -0.0000
              Episode_Reward/alive: 0.0026
            Episode_Reward/upright: -0.0045
          Episode_Reward/imitation: 0.0563
    Episode_Reward/racket_position: 0.0006
    Episode_Reward/racket_velocity: 0.0012
Episode_Reward/planner_racket_task_space_crossfade: 0.0093
    Episode_Reward/blade_direction: 0.0016
Episode_Reward/healthy_trunk_support: 0.0243
 Episode_Reward/pre_strike_station: 0.0108
    Episode_Reward/recovery_health: 0.0126
Episode_Reward/no_command_ready_stability: 0.0033
Episode_Reward/post_strike_base_ang_vel: 0.0004
Episode_Reward/phase_action_overflow: -0.0004
     Episode_Reward/strike_balance: 0.0015
Episode_Reward/prestrike_station_progress: -0.0098
 Episode_Reward/lower_body_support: 0.0115
Episode_Reward/termination_penalty: -0.0156
Episode_Reward/phase_action_rate_waist: -0.0001
Episode_Reward/phase_action_rate_upper: -0.0001
Episode_Reward/phase_action_rate_legs: -0.0001
        Episode_Reward/joint_limit: -0.0029
Episode_Reward/prestrike_racket_progress: 0.0555
Episode_Reward/near_impact_planner_velocity_progress: 0.0011
Episode_Reward/operational_joint_margin: -0.0204
  Episode_Reward/joint_target_slew: -0.0068
Episode_Reward/actuator_waist_feasibility: -0.0000
Episode_Reward/actuator_right_arm_feasibility: -0.0000
Episode_Reward/actuator_leg_feasibility: -0.0000
Episode_Reward/physical_outcome_events: 0.0000
Episode_Reward/physical_recovery_settlement: 0.0000
Episode_Reward/physical_capability_curriculum: 0.0000
    Metrics/motion/error_joint_pos: 1.8504
    Metrics/motion/error_joint_vel: 8.1925
     Metrics/motion/error_body_pos: 0.2287
     Metrics/motion/error_body_rot: 0.7586
       Metrics/motion/motion_phase: 0.4044
            Metrics/motion/in_hold: 0.0000
Metrics/motion/motion_start_warmup_prob: 0.7500
Metrics/motion/motion_start_lifecycle_progress: 0.0000
Metrics/motion/motion_start_effective_prestrike_fraction: 1.0000
Metrics/motion/motion_start_effective_recovery_fraction: 0.0000
Metrics/motion/motion_start_effective_rsi_fraction: 0.0000
 Metrics/motion/motion_start_reset: 0.6250
Metrics/motion/motion_start_prestrike_reset: 0.0000
Metrics/motion/motion_start_recovery_reset: 0.0000
Metrics/motion/motion_start_rsi_reset: 0.0000
 Metrics/motion/single_cycle_reset: 0.0000
     Metrics/motion/motion_clip_id: 0.2188
Metrics/motion/motion_supplemental_clip: 0.0000
      Metrics/motion/stand_episode: 0.0000
Metrics/motion/default_stand_reset: 0.3750
Metrics/motion/error_body_pos_lower: 0.2491
Metrics/motion/error_body_rot_lower: 0.6740
Metrics/motion/error_body_lin_vel_lower: 0.7012
Metrics/motion/error_body_ang_vel_lower: 3.0640
Metrics/motion/reference_body_lin_speed_lower: 0.0352
Metrics/motion/robot_body_lin_speed_lower: 0.7076
Metrics/motion/error_body_pos_core: 0.0886
Metrics/motion/error_body_rot_core: 0.6172
Metrics/motion/error_body_lin_vel_core: 1.2614
Metrics/motion/error_body_ang_vel_core: 2.2356
Metrics/motion/reference_body_lin_speed_core: 0.0461
Metrics/motion/robot_body_lin_speed_core: 1.2662
Metrics/motion/error_body_pos_upper: 0.2549
Metrics/motion/error_body_rot_upper: 0.8903
Metrics/motion/error_body_lin_vel_upper: 1.6793
Metrics/motion/error_body_ang_vel_upper: 2.3236
Metrics/motion/reference_body_lin_speed_upper: 0.1948
Metrics/motion/robot_body_lin_speed_upper: 1.6460
Metrics/motion/error_joint_pos_waist: 0.3563
Metrics/motion/error_joint_vel_waist: 2.7858
Metrics/motion/reference_joint_speed_waist: 0.0362
Metrics/motion/error_joint_pos_arms: 1.5719
Metrics/motion/error_joint_vel_arms: 4.1229
Metrics/motion/reference_joint_speed_arms: 0.3401
Metrics/motion/error_joint_pos_legs: 0.8835
Metrics/motion/error_joint_vel_legs: 6.3180
Metrics/motion/reference_joint_speed_legs: 0.0128
Metrics/racket_target/racket_pos_error: 0.3875
Metrics/racket_target/racket_vel_error: 1.7057
Metrics/racket_target/time_to_strike: -0.0331
Metrics/racket_target/return_success: 0.0000
Metrics/racket_target/prev_return_success: 0.0000
Metrics/racket_target/prev_net_cross: 0.0000
Metrics/racket_target/current_net_cross: 0.0000
Metrics/racket_target/racket_pos_curriculum_scale: 0.3667
Metrics/racket_target/impact_inverse_command_blend: 0.0000
Metrics/racket_target/steps_since_target_resample: 75.8125
Metrics/racket_target/recovery_height_error: 0.1369
Metrics/racket_target/recovery_upright_error: 0.5998
Metrics/racket_target/recovery_base_lin_vel: 0.9096
Metrics/racket_target/recovery_base_ang_vel: 2.1898
Metrics/racket_target/recovery_station_error: 0.4208
Metrics/racket_target/recovery_feet_contact_frac: 0.5234
Metrics/racket_target/recovery_racket_speed: 2.0110
Metrics/racket_target/recovery_height_score: 0.2542
Metrics/racket_target/recovery_upright_score: 0.0702
Metrics/racket_target/recovery_lin_vel_score: 0.0417
Metrics/racket_target/recovery_ang_vel_score: 0.0152
Metrics/racket_target/recovery_station_score: 0.1855
Metrics/racket_target/recovery_racket_score: 0.0424
Metrics/racket_target/recovery_arm_score: 0.3851
Metrics/racket_target/recovery_ready_score: 0.1705
Metrics/racket_target/recovery_anchor_arm_score: 1.0000
Metrics/racket_target/recovery_core_ready_score: 0.0662
Metrics/racket_target/recovery_functional_ready_score: 0.0554
Metrics/racket_target/waist_action_overflow_rms: 0.0028
Metrics/racket_target/right_arm_action_overflow_rms: 0.0000
Metrics/racket_target/leg_action_overflow_rms: 0.1379
Metrics/racket_target/operational_margin_fraction: 0.0701
Metrics/racket_target/waist_operational_margin_fraction: 0.0729
Metrics/racket_target/right_arm_operational_margin_fraction: 0.0000
Metrics/racket_target/leg_operational_margin_fraction: 0.1628
Metrics/racket_target/waist_operational_excess_rms: 0.0103
Metrics/racket_target/right_arm_operational_excess_rms: 0.0000
Metrics/racket_target/leg_operational_excess_rms: 0.0758
Metrics/racket_target/q_des_velocity_violation_fraction: 0.1361
Metrics/racket_target/waist_q_des_velocity_violation_fraction: 0.1615
Metrics/racket_target/right_arm_q_des_velocity_violation_fraction: 0.0558
Metrics/racket_target/leg_q_des_velocity_violation_fraction: 0.2630
Metrics/racket_target/q_des_acceleration_violation_fraction: 0.6623
Metrics/racket_target/waist_q_des_acceleration_violation_fraction: 0.6823
Metrics/racket_target/right_arm_q_des_acceleration_violation_fraction: 0.6406
Metrics/racket_target/leg_q_des_acceleration_violation_fraction: 0.8203
Metrics/racket_target/waist_q_des_velocity_rms: 7.6582
Metrics/racket_target/right_arm_q_des_velocity_rms: 6.2957
Metrics/racket_target/leg_q_des_velocity_rms: 11.8005
Metrics/racket_target/waist_q_des_acceleration_rms: 597.5073
Metrics/racket_target/right_arm_q_des_acceleration_rms: 629.5696
Metrics/racket_target/leg_q_des_acceleration_rms: 1137.6151
Metrics/racket_target/action_operational_feasibility_score: 0.4098
Metrics/racket_target/actuator_overflow_consecutive_steps: 0.0000
Metrics/racket_target/actuator_overflow_severe: 0.0000
Metrics/racket_target/recovery_phase_gate: 0.4375
Metrics/racket_target/recovery_phase_ready_score: 0.0358
Metrics/racket_target/recovery_contact_ready_score: 0.0000
Metrics/racket_target/recovery_net_ready_score: 0.0000
Metrics/racket_target/recovery_return_ready_score: 0.0000
Metrics/racket_target/cycle_success_ready_score: 0.0000
Metrics/racket_target/cycle_success_soft: 0.0000
Metrics/racket_target/cycle_success_binary: 0.0000
Metrics/racket_target/cycle_v2_pending: 0.0000
Metrics/racket_target/cycle_v2_attempt_latch: 0.0000
Metrics/racket_target/cycle_v2_ready_success_latch: 0.0000
Metrics/racket_target/cycle_v2_ready_fail_latch: 0.0000
Metrics/racket_target/cycle_v2_attempt_event: 0.0000
Metrics/racket_target/cycle_v2_ready_success_event: 0.0000
Metrics/racket_target/cycle_v2_ready_fail_event: 0.0000
Metrics/racket_target/cycle_v2_unresolved_resample_fail_event: 0.0000
Metrics/racket_target/cycle_v2_resolved_event: 0.0000
Metrics/racket_target/cycle_v2_command_visible_steps: 0.0000
Metrics/racket_target/cycle_v2_elapsed_steps: 0.0000
Metrics/racket_target/cycle_v2_ready_score: 0.0000
Metrics/racket_target/cycle_v2_ready_ok: 0.0000
Metrics/racket_target/cycle_v2_visible: 0.0000
Metrics/racket_target/cycle_v2_ready_score_ok: 0.0000
Metrics/racket_target/cycle_v2_height_ok: 0.0000
Metrics/racket_target/cycle_v2_upright_ok: 0.0000
Metrics/racket_target/cycle_v2_base_lin_vel_ok: 0.0000
Metrics/racket_target/cycle_v2_base_ang_vel_ok: 0.0000
Metrics/racket_target/cycle_v2_feet_ok: 0.0000
Metrics/racket_target/cycle_v2_core_ready_ok: 0.0000
Metrics/racket_target/cycle_v2_ready_consecutive_steps: 0.0000
Metrics/racket_target/single_cycle_bootstrap: 0.0000
Metrics/racket_target/single_cycle_swing_completed: 0.0000
Metrics/racket_target/single_cycle_recovery_active: 0.0000
Metrics/racket_target/single_cycle_recovery_elapsed_steps: 0.0000
Metrics/racket_target/single_cycle_ready_consecutive_steps: 0.0000
Metrics/racket_target/single_cycle_safe_timeout_event: 0.0000
Metrics/racket_target/single_cycle_deadline_timeout_event: 0.0000
Metrics/racket_target/single_cycle_timeout_latch: 0.0000
Metrics/racket_target/single_cycle_hard_failure_event: 0.0000
Metrics/racket_target/single_cycle_probability: 0.0000
Metrics/racket_target/single_cycle_curriculum_level: 0.0000
Metrics/racket_target/single_cycle_effective_deadline_steps: 100.0000
Metrics/racket_target/single_cycle_selected_events: 0.0000
Metrics/racket_target/single_cycle_completed_events: 0.0000
Metrics/racket_target/single_cycle_safe_timeout_events: 0.0000
Metrics/racket_target/single_cycle_deadline_timeout_events: 0.0000
Metrics/racket_target/single_cycle_hard_failure_events: 0.0000
Metrics/racket_target/active_ready_consecutive_steps: 0.0000
Metrics/racket_target/active_ready_success_event: 0.0000
Metrics/racket_target/active_ready_success_latch: 0.0000
Metrics/racket_target/active_ready_survival_steps: 0.0000
Metrics/racket_target/active_ready_survival_next_milestone: 0.0000
Metrics/racket_target/active_ready_survival_milestone_event: 0.0000
Metrics/racket_target/no_command_ready_active: 0.0000
Metrics/racket_target/no_command_from_stand_episode: 0.0000
Metrics/racket_target/no_command_from_default_stand_reset: 0.0000
Metrics/racket_target/no_command_ready_upright_ok: 0.0000
Metrics/racket_target/no_command_ready_motion_ok: 0.0000
Metrics/racket_target/no_command_ready_score: 0.0000
Metrics/racket_target/no_command_ready_progress: 0.0000
Metrics/racket_target/no_command_ready_station_error: 0.0000
Metrics/racket_target/no_command_ready_fixed_station_error: 0.0000
Metrics/racket_target/healthy_training_stage: 3.0000
Metrics/racket_target/healthy_stage_planted_rehearsal: 0.0000
Metrics/racket_target/healthy_stage_station_hold_seen: 0.0000
Metrics/racket_target/healthy_stage_station_arrived: 0.0000
Metrics/racket_target/healthy_stage_station_settled: 0.0000
Metrics/racket_target/healthy_stage_station_settle_steps: 0.0000
Metrics/racket_target/station_relocation_active: 0.0000
Metrics/racket_target/station_relocation_target_offset_y: 0.0000
Metrics/racket_target/station_relocation_error: 0.0000
Metrics/racket_target/station_relocation_arrival_event: 0.0000
Metrics/racket_target/station_relocation_settle_event: 0.0000
Metrics/racket_target/station_relocation_release_event: 0.0000
Metrics/racket_target/station_relocation_timeout_event: 0.0000
Metrics/racket_target/station_relocation_elapsed_steps: 0.0000
Metrics/racket_target/station_relocation_hold_deadline_steps: 0.0000
Metrics/racket_target/lifecycle_recovery_hold_active: 0.0000
Metrics/racket_target/lifecycle_recovery_release_success_event: 0.0000
Metrics/racket_target/lifecycle_recovery_release_fail_event: 0.0000
Metrics/racket_target/station_relocation_level: 0.0000
Metrics/racket_target/station_relocation_arrival_ema: 0.0000
Metrics/racket_target/station_relocation_settle_ema: 0.0000
Metrics/racket_target/station_relocation_contact_ema: 0.0000
Metrics/racket_target/station_relocation_safety_ema: 0.0000
Metrics/racket_target/station_relocation_resolved_events: 0.0000
Metrics/racket_target/station_relocation_terminal_reset_events: 0.0000
Metrics/racket_target/station_relocation_advance_streak: 0.0000
Metrics/racket_target/station_relocation_regress_streak: 0.0000
Metrics/racket_target/station_relocation_effective_max_lin_vel: 0.0000
Metrics/racket_target/station_relocation_effective_max_ang_vel: 0.0000
Metrics/racket_target/station_relocation_effective_min_settle_steps: 0.0000
Metrics/racket_target/ability_curriculum_level: 0.0000
Metrics/racket_target/ability_curriculum_scale: 0.3667
Metrics/racket_target/ability_curriculum_resolved_events: 0.0000
Metrics/racket_target/ability_curriculum_total_resolved_events: 0.0000
Metrics/racket_target/ability_curriculum_advance_streak: 0.0000
Metrics/racket_target/ability_curriculum_regress_streak: 0.0000
Metrics/racket_target/ability_contact_ema: 0.0000
Metrics/racket_target/ability_net_ema: 0.0000
Metrics/racket_target/ability_success_ema: 0.0000
Metrics/racket_target/ability_recovery_ema: 0.0000
Metrics/racket_target/ability_cycle_ema: 0.0000
Metrics/racket_target/ability_cycle_attempt_ema: 0.0000
Metrics/racket_target/ability_cycle_resolved_ema: 0.0000
Metrics/racket_target/ability_forehand_contact_ema: 0.0000
Metrics/racket_target/ability_forehand_net_ema: 0.0000
Metrics/racket_target/ability_forehand_success_ema: 0.0000
Metrics/racket_target/ability_backhand_contact_ema: 0.0000
Metrics/racket_target/ability_backhand_net_ema: 0.0000
Metrics/racket_target/ability_backhand_success_ema: 0.0000
Metrics/racket_target/ability_attempt_ema: 0.0000
Metrics/racket_target/ability_targeted_attempt_ema: 0.0000
Metrics/racket_target/impact_health_floor_progress: 0.0000
Metrics/racket_target/ability_safety_ema: 1.0000
Metrics/racket_target/ability_station_saturation_ema: 0.0000
Metrics/racket_target/ability_healthy_normal_ema: 0.0000
Metrics/racket_target/ability_station_arrival_ema: 0.0000
Metrics/racket_target/ability_station_settle_ema: 0.0000
Metrics/racket_target/planner_hit_plane_blend: 1.0000
Metrics/racket_target/planner_hit_plane_x_delta: 0.0339
Metrics/racket_target/true_strike_table_x: 0.2011
Metrics/racket_target/planner_target_table_x: 0.2011
Metrics/racket_target/workspace_level: 0.0000
Metrics/racket_target/workspace_fringe_sample: 0.0000
Metrics/racket_target/workspace_target_lateral_norm: 0.3643
Metrics/racket_target/workspace_target_table_y: -0.2632
Metrics/racket_target/workspace_playable_y_min: -0.7225
Metrics/racket_target/workspace_playable_y_max: 0.7225
Metrics/racket_target/workspace_active_y_lo: -0.3325
Metrics/racket_target/workspace_active_y_hi: -0.2125
Metrics/racket_target/workspace_motion_seed_blend: 0.0000
Metrics/racket_target/incoming_ball_horizontal_speed: 1.0964
Metrics/racket_target/incoming_ball_speed: 1.5248
Metrics/racket_target/incoming_ball_speed_curriculum_level: 0.0000
Metrics/racket_target/incoming_ball_speed_sample_low: 0.9000
Metrics/racket_target/incoming_ball_speed_sample_high: 1.2500
Metrics/racket_target/station_saturated: 1.0000
Metrics/racket_target/station_raw_clip_excess: 0.0709
Metrics/racket_target/station_saturated_x: 0.9844
Metrics/racket_target/station_saturated_y: 1.0000
Metrics/racket_target/station_raw_clip_excess_x: 0.0092
Metrics/racket_target/station_raw_clip_excess_y: 0.0697
Metrics/racket_target/current_swing_opportunity: 0.6250
Metrics/racket_target/current_swing_attempt: 0.6250
Metrics/racket_target/current_swing_targeted_attempt: 0.0000
Metrics/racket_target/prev_swing_targeted_attempt: 0.0000
Metrics/racket_target/current_swing_unsafe: 0.7812
Metrics/racket_target/current_swing_station_saturated: 1.0000
Metrics/racket_target/impact_health_score: 0.0052
Metrics/racket_target/impact_health_ok: 0.0000
Metrics/racket_target/impact_health_backlean_violation: 0.4496
Metrics/racket_target/impact_health_waist_backfold: 0.0559
Metrics/racket_target/impact_health_base_retreat: 0.3872
Metrics/racket_target/impact_health_torso_gravity_x: -0.4996
Metrics/racket_target/impact_health_torso_ang_vel: 1.9281
Metrics/racket_target/impact_health_com_x: 0.4046
Metrics/racket_target/impact_health_com_y: 0.1059
Metrics/racket_target/post_contact_ready_pending: 0.0000
Metrics/racket_target/post_contact_ready_elapsed_steps: 0.0000
Metrics/racket_target/post_contact_ready_consecutive_steps: 0.0000
Metrics/racket_target/post_contact_ready_diagnostic_pending: 0.0000
Metrics/racket_target/post_contact_ready_diagnostic_elapsed_steps: 0.0000
Metrics/racket_target/post_contact_ready_durable_pending: 0.0000
Metrics/racket_target/post_contact_ready_durable_consecutive_steps: 0.0000
Metrics/racket_target/post_contact_ready_durable_ready_now: 0.0000
Metrics/racket_target/post_contact_ready_durable_success_event: 0.0000
Metrics/racket_target/post_contact_ready_durable_fail_event: 0.0000
Metrics/racket_target/post_contact_ready_durable_resolution_success_rate: 0.0000
Metrics/racket_target/post_contact_ready_durable_resolution_fail_rate: 0.0000
Metrics/racket_target/post_contact_ready_durable_resolution_success_latency_steps: 0.0000
Metrics/racket_target/post_contact_ready_durable_resolution_fail_latency_steps: 0.0000
Metrics/racket_target/post_contact_ready_durable_fail_backlean_rate: 0.0000
Metrics/racket_target/post_contact_ready_durable_fail_forward_lean_rate: 0.0000
Metrics/racket_target/post_contact_ready_durable_fail_torso_ang_vel_rate: 0.0000
Metrics/racket_target/post_contact_ready_durable_fail_base_lin_vel_rate: 0.0000
Metrics/racket_target/post_contact_ready_durable_fail_base_ang_vel_rate: 0.0000
Metrics/racket_target/post_contact_ready_durable_fail_racket_speed_rate: 0.0000
Metrics/racket_target/post_contact_ready_durable_fail_height_rate: 0.0000
Metrics/racket_target/post_contact_ready_durable_fail_com_x_rate: 0.0000
Metrics/racket_target/post_contact_ready_durable_fail_com_y_rate: 0.0000
Metrics/racket_target/post_contact_ready_durable_fail_feet_rate: 0.0000
Metrics/racket_target/post_contact_ready_durable_fail_station_rate: 0.0000
Metrics/racket_target/post_contact_ready_durable_fail_arm_rate: 0.0000
Metrics/racket_target/post_contact_ready_terminal_window_active: 0.0000
Metrics/racket_target/post_contact_ready_terminal_quality: 0.0000
Metrics/racket_target/post_contact_ready_terminal_settlement_event: 0.0000
Metrics/racket_target/post_contact_ready_operational_ready_now: 0.0000
Metrics/racket_target/post_contact_ready_operational_consecutive_steps: 0.0000
Metrics/racket_target/post_contact_ready_safe_settlement_event: 0.0000
Metrics/racket_target/post_contact_ready_unsafe_settlement_event: 0.0000
Metrics/racket_target/post_contact_ready_incomplete_settlement_event: 0.0000
Metrics/racket_target/post_contact_ready_safe_net_cycle_event: 0.0000
Metrics/racket_target/post_contact_ready_terminal_quality_mean: 0.0000
Metrics/racket_target/post_contact_ready_safe_terminal_quality_mean: 0.0000
Metrics/racket_target/post_contact_ready_terminal_safe_rate: 0.0000
Metrics/racket_target/post_contact_ready_terminal_unsafe_rate: 0.0000
Metrics/racket_target/post_contact_ready_terminal_incomplete_rate: 0.0000
Metrics/racket_target/post_contact_ready_safe_net_cycle_rate: 0.0000
Metrics/racket_target/post_contact_ready_score: 0.0000
Metrics/racket_target/post_contact_ready_now: 0.0000
Metrics/racket_target/post_contact_ready_success_event: 0.0000
Metrics/racket_target/post_contact_ready_fail_event: 0.0000
Metrics/racket_target/post_contact_ready_outcome_tier: 0.0000
Metrics/racket_target/post_contact_ready_face_quality: 0.0000
Metrics/racket_target/post_contact_ready_safe_face_net_cycle_value: 0.0000
Metrics/racket_target/post_contact_ready_planner_speed_ratio: 0.0000
Metrics/racket_target/post_contact_ready_planner_direction_error_rad: 0.0000
Metrics/racket_target/post_contact_ready_planner_position_error: 0.0000
Metrics/racket_target/post_contact_ready_impact_health_score: 0.0000
Metrics/racket_target/post_contact_ready_peak_base_ang_vel: 0.0000
Metrics/racket_target/post_contact_ready_peak_ang_vel_excess_increment: 0.0000
Metrics/racket_target/post_contact_ready_envelope_violation_latch: 0.0000
Metrics/racket_target/post_contact_ready_envelope_violation_event: 0.0000
Metrics/racket_target/post_contact_ready_envelope_first_violation_step: 0.0000
Metrics/racket_target/post_contact_ready_envelope_attempts: 0.0000
Metrics/racket_target/post_contact_ready_envelope_violation_rate: 0.0000
Metrics/racket_target/post_contact_ready_envelope_tilt_violation_rate: 0.0000
Metrics/racket_target/post_contact_ready_envelope_pitch_violation_rate: 0.0000
Metrics/racket_target/post_contact_ready_envelope_com_violation_rate: 0.0000
Metrics/racket_target/post_contact_ready_envelope_waist_violation_rate: 0.0000
Metrics/racket_target/post_contact_ready_envelope_leg_violation_rate: 0.0000
Metrics/racket_target/post_contact_ready_envelope_base_ang_vel_violation_rate: 0.0000
Metrics/racket_target/post_contact_ready_resolution_success_rate: 0.0000
Metrics/racket_target/post_contact_ready_resolution_fail_rate: 0.0000
Metrics/racket_target/post_contact_ready_resolution_success_latency_steps: 0.0000
Metrics/racket_target/post_contact_ready_resolution_fail_latency_steps: 0.0000
Metrics/racket_target/post_contact_ready_max_tilt: 0.0000
Metrics/racket_target/post_contact_ready_max_abs_pitch: 0.0000
Metrics/racket_target/post_contact_ready_max_com_x: 0.0000
Metrics/racket_target/post_contact_ready_max_com_y: 0.0000
Metrics/racket_target/post_contact_ready_max_waist_overflow: 0.0000
Metrics/racket_target/post_contact_ready_max_leg_overflow: 0.0000
Metrics/racket_target/post_contact_ready_settlement_velocity_score_ema: 0.0000
Metrics/racket_target/post_contact_ready_settlement_position_gate_ema: 0.0000
Metrics/racket_target/post_contact_ready_settlement_health_gate_ema: 0.0000
Metrics/racket_target/post_contact_ready_settlement_recovery_gate_ema: 0.0000
Metrics/racket_target/post_contact_ready_settlement_total_score_ema: 0.0000
Metrics/racket_target/post_contact_recovery_backlean_error: 0.0000
Metrics/racket_target/post_contact_recovery_directional_progress: 0.0000
Metrics/racket_target/post_contact_ready_torso_ok: 0.0000
Metrics/racket_target/post_contact_ready_motion_ok: 0.0000
Metrics/racket_target/post_contact_ready_support_ok: 0.0000
Metrics/racket_target/post_contact_ready_arm_ok: 0.0000
Metrics/racket_target/post_contact_ready_base_lin_vel_ok: 0.0000
Metrics/racket_target/post_contact_ready_base_ang_vel_ok: 0.0000
Metrics/racket_target/post_contact_ready_racket_speed_ok: 0.0000
Metrics/racket_target/post_contact_ready_height_ok: 0.0000
Metrics/racket_target/post_contact_ready_com_x_ok: 0.0000
Metrics/racket_target/post_contact_ready_com_y_ok: 0.0000
Metrics/racket_target/post_contact_ready_feet_ok: 0.0000
Metrics/racket_target/post_contact_ready_station_ok: 0.0000
Metrics/racket_target/post_contact_ready_fail_torso: 0.0000
Metrics/racket_target/post_contact_ready_fail_base_lin_vel: 0.0000
Metrics/racket_target/post_contact_ready_fail_base_ang_vel: 0.0000
Metrics/racket_target/post_contact_ready_fail_racket_speed: 0.0000
Metrics/racket_target/post_contact_ready_fail_support: 0.0000
Metrics/racket_target/post_contact_ready_fail_arm: 0.0000
Metrics/racket_target/post_contact_ready_shadow_now: 0.0000
Metrics/racket_target/post_contact_ready_shadow_consecutive_steps: 0.0000
Metrics/racket_target/post_contact_ready_shadow_success_latch: 0.0000
Metrics/racket_target/post_contact_ready_curriculum_level: 0.0000
Metrics/racket_target/post_contact_ready_curriculum_fraction: 0.0000
Metrics/racket_target/post_contact_ready_curriculum_success_ema: 0.0000
Metrics/racket_target/post_contact_ready_curriculum_shadow_success_ema: 0.0000
Metrics/racket_target/post_contact_ready_curriculum_resolved_events: 0.0000
Metrics/racket_target/post_contact_ready_curriculum_successful_events: 0.0000
Metrics/racket_target/post_contact_ready_curriculum_targeted_attempt_ema: 0.0000
Metrics/racket_target/post_contact_ready_curriculum_return_success_ema: 0.0000
Metrics/racket_target/post_contact_ready_curriculum_completed_swings: 0.0000
Metrics/racket_target/post_contact_ready_curriculum_advance_streak: 0.0000
Metrics/racket_target/post_contact_ready_curriculum_advance_guard_ok: 0.0000
Metrics/racket_target/post_contact_ready_effective_max_torso_ang_vel: 0.0000
Metrics/racket_target/post_contact_ready_effective_max_base_lin_vel: 0.0000
Metrics/racket_target/post_contact_ready_effective_max_base_ang_vel: 0.0000
Metrics/racket_target/post_contact_ready_effective_max_racket_speed: 0.0000
Metrics/racket_target/post_contact_ready_effective_min_feet_contact: 0.0000
Metrics/racket_target/post_contact_ready_effective_required_consecutive_steps: 0.0000
Metrics/racket_target/post_contact_ready_effective_deadline_steps: 0.0000
Metrics/racket_target/post_contact_ready_curriculum_advance_threshold: 0.0000
Metrics/racket_target/post_contact_ready_curriculum_advance_min_events: 0.0000
Metrics/racket_target/post_contact_ready_curriculum_shadow_threshold: 0.0000
Metrics/racket_target/post_contact_ready_curriculum_min_targeted_attempt_ema: 0.0000
Metrics/racket_target/post_contact_ready_curriculum_min_return_success_ema: 0.0000
Metrics/racket_target/post_contact_ready_curriculum_min_completed_swings: 0.0000
Metrics/racket_target/post_contact_ready_curriculum_required_advance_checks: 0.0000
Metrics/racket_target/racket_normal_error_deg: 57.2870
Metrics/racket_target/impact_normal_error_deg: 18.2624
Metrics/racket_target/impact_racket_vel_error_mps: 1.1578
Metrics/racket_target/impact_racket_speed_ratio: 0.6707
Metrics/racket_target/impact_racket_vel_angle_deg: 33.9385
Metrics/racket_target/impact_racket_actual_vel_x: -0.3209
Metrics/racket_target/impact_racket_actual_vel_y: 0.2784
Metrics/racket_target/impact_racket_actual_vel_z: 1.1844
Metrics/racket_target/impact_racket_target_vel_x: 0.7856
Metrics/racket_target/impact_racket_target_vel_y: 0.1698
Metrics/racket_target/impact_racket_target_vel_z: 0.9065
Metrics/racket_target/impact_ball_out_error_mps: 2.1894
Metrics/racket_target/impact_face_radial_error_m: 0.3039
Metrics/racket_target/impact_face_normal_gap_m: 0.0631
Metrics/racket_target/impact_face_quality: 0.0000
Metrics/racket_target/impact_center_contact: 0.0000
Metrics/racket_target/impact_center_net_cross: 0.0000
Metrics/racket_target/impact_center_on_opponent: 0.0000
Metrics/racket_target/impact_rim_contact: 0.0000
Metrics/racket_target/impact_rim_net_cross: 0.0000
Metrics/racket_target/impact_rim_on_opponent: 0.0000
Metrics/racket_target/impact_analytic_outer_contact: 0.0000
Metrics/racket_target/impact_analytic_outer_net_cross: 0.0000
Metrics/racket_target/impact_analytic_outer_on_opponent: 0.0000
Metrics/racket_target/impact_planner_pos_error_m: 0.3160
Metrics/racket_target/impact_planner_vel_error_mps: 1.1578
Metrics/racket_target/impact_planner_speed_ratio: 0.6707
Metrics/racket_target/impact_planner_vel_angle_deg: 33.9385
Metrics/racket_target/impact_healthy_normal_ok: 0.0000
Metrics/racket_target/impact_healthy_contact: 0.0000
Metrics/racket_target/impact_healthy_net_cross: 0.0000
Metrics/racket_target/impact_healthy_on_opponent: 0.0000
Metrics/racket_target/current_swing_impact_health_score: 0.0000
Metrics/racket_target/current_swing_healthy_contact: 0.0000
Metrics/racket_target/current_swing_healthy_net_cross: 0.0000
Metrics/racket_target/current_swing_healthy_on_opponent: 0.0000
Metrics/racket_target/current_swing_healthy_normal_ok: 0.0000
Metrics/racket_target/current_swing_contact: 0.0000
Metrics/racket_target/current_swing_net_cross: 0.0000
Metrics/racket_target/current_swing_on_opponent: 0.0000
Metrics/racket_target/current_swing_center_contact: 0.0000
Metrics/racket_target/current_swing_center_net_cross: 0.0000
Metrics/racket_target/current_swing_center_on_opponent: 0.0000
Metrics/racket_target/current_swing_rim_contact: 0.0000
Metrics/racket_target/current_swing_rim_net_cross: 0.0000
Metrics/racket_target/current_swing_rim_on_opponent: 0.0000
Metrics/racket_target/current_swing_analytic_outer_contact: 0.0000
Metrics/racket_target/current_swing_analytic_outer_net_cross: 0.0000
Metrics/racket_target/current_swing_analytic_outer_on_opponent: 0.0000
Metrics/racket_target/cycle_v2_outcome_tier: -1.0000
Metrics/racket_target/cycle_v2_streak: 0.0000
Metrics/racket_target/closed_loop_recovery_trigger_event: 0.0000
Metrics/racket_target/closed_loop_cycle_success_event: 0.0000
Metrics/racket_target/closed_loop_durable_cycle_success_event: 0.0000
Metrics/racket_target/closed_loop_phase_id: 2.5625
Metrics/racket_target/closed_loop_phase_ready_no_command: 0.0000
Metrics/racket_target/closed_loop_phase_command_acquire: 0.0000
Metrics/racket_target/closed_loop_phase_pre_strike: 0.6250
Metrics/racket_target/closed_loop_phase_strike: 0.1875
Metrics/racket_target/closed_loop_phase_follow_through: 0.1875
Metrics/racket_target/closed_loop_phase_recovery: 0.0000
Metrics/racket_target/closed_loop_phase_next_ready: 0.0000
Metrics/racket_target/post_contact_phase_impact_0_100ms_attempts: 0.0000
Metrics/racket_target/post_contact_phase_impact_0_100ms_tilt_gt_0p1_rate: 0.0000
Metrics/racket_target/post_contact_phase_impact_0_100ms_pitch_gt_0p1_rate: 0.0000
Metrics/racket_target/post_contact_phase_impact_0_100ms_waist_overflow_gt_1p0_rate: 0.0000
Metrics/racket_target/post_contact_phase_impact_0_100ms_base_ang_vel_gt_0p8_rate: 0.0000
Metrics/racket_target/post_contact_phase_brake_100_300ms_attempts: 0.0000
Metrics/racket_target/post_contact_phase_brake_100_300ms_tilt_gt_0p1_rate: 0.0000
Metrics/racket_target/post_contact_phase_brake_100_300ms_pitch_gt_0p1_rate: 0.0000
Metrics/racket_target/post_contact_phase_brake_100_300ms_waist_overflow_gt_1p0_rate: 0.0000
Metrics/racket_target/post_contact_phase_brake_100_300ms_base_ang_vel_gt_0p8_rate: 0.0000
Metrics/racket_target/post_contact_phase_settle_300_600ms_attempts: 0.0000
Metrics/racket_target/post_contact_phase_settle_300_600ms_tilt_gt_0p1_rate: 0.0000
Metrics/racket_target/post_contact_phase_settle_300_600ms_pitch_gt_0p1_rate: 0.0000
Metrics/racket_target/post_contact_phase_settle_300_600ms_waist_overflow_gt_1p0_rate: 0.0000
Metrics/racket_target/post_contact_phase_settle_300_600ms_base_ang_vel_gt_0p8_rate: 0.0000
Metrics/racket_target/post_contact_phase_ready_after_600ms_attempts: 0.0000
Metrics/racket_target/post_contact_phase_ready_after_600ms_tilt_gt_0p1_rate: 0.0000
Metrics/racket_target/post_contact_phase_ready_after_600ms_pitch_gt_0p1_rate: 0.0000
Metrics/racket_target/post_contact_phase_ready_after_600ms_waist_overflow_gt_1p0_rate: 0.0000
Metrics/racket_target/post_contact_phase_ready_after_600ms_base_ang_vel_gt_0p8_rate: 0.0000
Metrics/racket_target/physical_contact_health_score: 0.0000
Metrics/racket_target/physical_recovery_pending: 0.0000
Metrics/racket_target/physical_recovery_tier: 0.0000
Metrics/racket_target/physical_recovery_success_event: 0.0000
Metrics/racket_target/physical_recovery_failure_event: 0.0000
Metrics/racket_target/physical_ability_level: 0.0000
Metrics/racket_target/physical_ability_batch_events: 20.6562
Metrics/racket_target/physical_ability_contact_ema: 0.0000
Metrics/racket_target/physical_ability_net_ema: 0.0000
Metrics/racket_target/physical_ability_bounce_ema: 0.0000
Metrics/racket_target/physical_ability_recovery_ema: 0.0000
Metrics/racket_target/physical_ability_safety_ema: 0.0000
Metrics/racket_target/base_pitch_like_signed: -0.5852
Metrics/racket_target/base_backward_velocity: 0.8282
Metrics/racket_target/waist_action_rms: 0.5451
Metrics/racket_target/right_arm_action_rms: 4.5155
Metrics/racket_target/leg_action_rms: 0.7349
Metrics/racket_target/action_abs_max: 7.5752
Metrics/racket_target/applied_action_abs_max: 7.5752
Metrics/racket_target/leg_action_abs_max: 1.6227
Metrics/racket_target/effective_action_abs_max: 7.5752
Metrics/racket_target/action_clamp_fraction: 0.0312
Metrics/racket_target/waist_action_clamp_fraction: 0.0260
Metrics/racket_target/right_arm_action_clamp_fraction: 0.0000
Metrics/racket_target/leg_action_clamp_fraction: 0.0742
Metrics/racket_target/waist_q_tracking_error_rms: 0.3369
Metrics/racket_target/right_arm_q_tracking_error_rms: 0.1592
Metrics/racket_target/leg_q_tracking_error_rms: 0.3302
Metrics/racket_target/waist_torque_clip_fraction: 0.0000
Metrics/racket_target/right_arm_torque_clip_fraction: 0.0000
Metrics/racket_target/leg_torque_clip_fraction: 0.0000
Metrics/racket_target/waist_action_delta_rms: 0.3249
Metrics/racket_target/right_arm_action_delta_rms: 0.5349
Metrics/racket_target/leg_action_delta_rms: 0.4684
Metrics/racket_target/waist_joint_vel_rms: 1.5955
Metrics/racket_target/right_arm_joint_vel_rms: 1.3725
Metrics/racket_target/leg_joint_vel_rms: 1.8239
Metrics/racket_target/recovery_leg_action_abs_max: 0.9019
Metrics/racket_target/recovery_leg_action_delta_rms: 0.2393
Metrics/racket_target/recovery_leg_joint_vel_rms: 0.6869
     Metrics/physical_shadow/phase: 2.0000
Metrics/physical_shadow/route_valid: 1.0000
Metrics/physical_shadow/serve_event: 0.0000
Metrics/physical_shadow/incoming_bounce_event: 0.0000
Metrics/physical_shadow/contact_event: 0.0000
Metrics/physical_shadow/net_cross_event: 0.0000
Metrics/physical_shadow/outgoing_landing_event: 0.0000
Metrics/physical_shadow/opponent_bounce_event: 0.0000
Metrics/physical_shadow/landing_short_event: 0.0000
Metrics/physical_shadow/landing_long_event: 0.0000
Metrics/physical_shadow/landing_side_event: 0.0000
Metrics/physical_shadow/landing_no_net_event: 0.0000
Metrics/physical_shadow/abort_event: 0.0000
Metrics/physical_shadow/timeout_event: 0.0000
Metrics/physical_shadow/route_unalignable_event: 0.0000
Metrics/physical_shadow/route_invalid_event: 0.0000
Metrics/physical_shadow/incoming_net_collision_event: 0.0000
Metrics/physical_shadow/reset_abort_event: 0.0000
Metrics/physical_shadow/incoming_bounce_latch: 1.0000
Metrics/physical_shadow/contact_latch: 0.0000
Metrics/physical_shadow/net_cross_latch: 0.0000
Metrics/physical_shadow/opponent_bounce_latch: 0.0000
Metrics/physical_shadow/launch_timing_error_s: -0.0000
Metrics/physical_shadow/contact_true_target_error: 0.0000
Metrics/physical_shadow/contact_planner_position_error: 0.0000
Metrics/physical_shadow/contact_planner_velocity_error: 0.0000
Metrics/physical_shadow/contact_planner_velocity_direction_error_deg: 0.0000
Metrics/physical_shadow/contact_planner_normal_error_deg: 0.0000
Metrics/physical_shadow/contact_outgoing_velocity_error: 0.0000
Metrics/physical_shadow/contact_outgoing_speed: 0.0000
Metrics/physical_shadow/contact_target_outgoing_speed: 0.0000
Metrics/physical_shadow/contact_outgoing_speed_ratio: 0.0000
Metrics/physical_shadow/contact_outgoing_direction_error_deg: 0.0000
Metrics/physical_shadow/contact_outgoing_velocity_x: 0.0000
Metrics/physical_shadow/contact_outgoing_velocity_y: 0.0000
Metrics/physical_shadow/contact_outgoing_velocity_z: 0.0000
Metrics/physical_shadow/contact_target_outgoing_velocity_x: 0.0000
Metrics/physical_shadow/contact_target_outgoing_velocity_y: 0.0000
Metrics/physical_shadow/contact_target_outgoing_velocity_z: 0.0000
Metrics/physical_shadow/contact_incoming_velocity_error: 0.0000
Metrics/physical_shadow/contact_incoming_velocity_direction_error_deg: 0.0000
Metrics/physical_shadow/contact_route_incoming_velocity_error: 0.0000
Metrics/physical_shadow/contact_route_incoming_velocity_direction_error_deg: 0.0000
Metrics/physical_shadow/contact_actual_route_incoming_velocity_error: 0.0000
Metrics/physical_shadow/contact_command_normal_only_error: 0.0000
Metrics/physical_shadow/contact_command_training_model_error: 0.0000
Metrics/physical_shadow/contact_command_physics_model_error: 0.0000
Metrics/physical_shadow/contact_actual_training_model_residual: 0.0000
Metrics/physical_shadow/contact_actual_physics_model_residual: 0.0000
Metrics/physical_shadow/contact_actual_normal_only_model_residual: 0.0000
Metrics/physical_shadow/contact_actual_training_predicted_target_error: 0.0000
Metrics/physical_shadow/contact_actual_physics_predicted_target_error: 0.0000
Metrics/physical_shadow/contact_actual_normal_only_predicted_target_error: 0.0000
Metrics/physical_shadow/contact_force_direction_valid: 0.0000
Metrics/physical_shadow/contact_force_vs_racket_normal_angle_deg: 0.0000
Metrics/physical_shadow/contact_actual_force_direction_model_residual: 0.0000
Metrics/physical_shadow/contact_actual_force_direction_predicted_target_error: 0.0000
Metrics/physical_shadow/contact_physx_data_valid: 0.0000
Metrics/physical_shadow/contact_physx_force: 0.0000
Metrics/physical_shadow/contact_physx_separation: 0.0000
Metrics/physical_shadow/contact_physx_normal_error_deg: 0.0000
Metrics/physical_shadow/contact_physx_point_radial_error: 0.0000
Metrics/physical_shadow/contact_actual_physx_normal_model_residual: 0.0000
Metrics/physical_shadow/contact_actual_physx_normal_predicted_target_error: 0.0000
Metrics/physical_shadow/contact_physx_substep_valid: 0.0000
Metrics/physical_shadow/contact_physx_substep_normal_error_deg: 0.0000
Metrics/physical_shadow/contact_physx_substep_point_radial_error: 0.0000
Metrics/physical_shadow/contact_physx_substep_point_normal_offset: 0.0000
Metrics/physical_shadow/contact_physx_patch_substeps: 0.0000
Metrics/physical_shadow/contact_physx_normal_impulse: 0.0000
Metrics/physical_shadow/contact_physx_capture_lag_s: 0.0000
Metrics/physical_shadow/contact_physx_contact_point_speed_delta: 0.0000
Metrics/physical_shadow/contact_physx_substep_link_model_residual: 0.0000
Metrics/physical_shadow/contact_physx_substep_point_model_residual: 0.0000
Metrics/physical_shadow/contact_physx_substep_outgoing_target_error: 0.0000
Metrics/physical_shadow/contact_physx_measured_restitution: 0.0000
Metrics/physical_shadow/contact_physx_pre_ball_speed: 0.0000
Metrics/physical_shadow/contact_physx_post_ball_speed: 0.0000
Metrics/physical_shadow/contact_physx_point_x: 0.0000
Metrics/physical_shadow/contact_physx_point_y: 0.0000
Metrics/physical_shadow/contact_physx_point_z: 0.0000
Metrics/physical_shadow/contact_physx_normal_x: 0.0000
Metrics/physical_shadow/contact_physx_normal_y: 0.0000
Metrics/physical_shadow/contact_physx_normal_z: 0.0000
Metrics/physical_shadow/contact_physx_pre_ball_velocity_x: 0.0000
Metrics/physical_shadow/contact_physx_pre_ball_velocity_y: 0.0000
Metrics/physical_shadow/contact_physx_pre_ball_velocity_z: 0.0000
Metrics/physical_shadow/contact_physx_post_ball_velocity_x: 0.0000
Metrics/physical_shadow/contact_physx_post_ball_velocity_y: 0.0000
Metrics/physical_shadow/contact_physx_post_ball_velocity_z: 0.0000
Metrics/physical_shadow/contact_physx_pre_racket_point_velocity_x: 0.0000
Metrics/physical_shadow/contact_physx_pre_racket_point_velocity_y: 0.0000
Metrics/physical_shadow/contact_physx_pre_racket_point_velocity_z: 0.0000
Metrics/physical_shadow/contact_physx_post_racket_point_velocity_x: 0.0000
Metrics/physical_shadow/contact_physx_post_racket_point_velocity_y: 0.0000
Metrics/physical_shadow/contact_physx_post_racket_point_velocity_z: 0.0000
Metrics/physical_shadow/contact_physx_pre_ball_angular_velocity_x: 0.0000
Metrics/physical_shadow/contact_physx_pre_ball_angular_velocity_y: 0.0000
Metrics/physical_shadow/contact_physx_pre_ball_angular_velocity_z: 0.0000
Metrics/physical_shadow/contact_physx_post_ball_angular_velocity_x: 0.0000
Metrics/physical_shadow/contact_physx_post_ball_angular_velocity_y: 0.0000
Metrics/physical_shadow/contact_physx_post_ball_angular_velocity_z: 0.0000
Metrics/physical_shadow/contact_physx_pre_ball_surface_tangent_speed: 0.0000
Metrics/physical_shadow/contact_physx_post_ball_spin_speed: 0.0000
Metrics/physical_shadow/contact_impact_normal_error_deg: 0.0000
Metrics/physical_shadow/contact_wire_impact_normal_gap_deg: 0.0000
Metrics/physical_shadow/contact_face_radial_error: 0.0000
Metrics/physical_shadow/contact_time_to_strike: 0.0000
Metrics/physical_shadow/landing_target_error: 0.0000
Metrics/physical_shadow/landing_target_x_error: 0.0000
Metrics/physical_shadow/landing_target_y_error: 0.0000
Metrics/physical_shadow/landing_position_x: 0.0000
Metrics/physical_shadow/landing_position_y: 0.0000
Metrics/physical_shadow/minimum_ball_racket_distance: 0.7702
      Episode_Termination/time_out: 0.2188
  Episode_Termination/base_too_low: 0.0000
   Episode_Termination/base_tilted: 0.9688
   Episode_Termination/table_touch: 0.0000
Episode_Termination/persistent_action_overflow: 0.0000
--------------------------------------------------------------------------------
                   Total timesteps: 3072
                    Iteration time: 3.03s
                      Time elapsed: 00:00:09
                               ETA: 00:00:09

################################################################################
                        [1m Learning iteration 3/5 [0m                        

                       Computation: 341 steps/s (collection: 2.958s, learning 0.038s)
             Mean action noise std: 0.25
          Mean value_function loss: 0.0573
               Mean surrogate loss: -0.0325
                 Mean entropy loss: 1.0132
                       Mean reward: 1.10
               Mean episode length: 64.92
 Episode_Reward/undesired_contacts: -0.0001
  Episode_Reward/feet_contact_slip: -0.0012
     Episode_Reward/table_no_touch: -0.0000
              Episode_Reward/alive: 0.0025
            Episode_Reward/upright: -0.0055
          Episode_Reward/imitation: 0.0526
    Episode_Reward/racket_position: 0.0001
    Episode_Reward/racket_velocity: 0.0005
Episode_Reward/planner_racket_task_space_crossfade: 0.0035
    Episode_Reward/blade_direction: 0.0006
Episode_Reward/healthy_trunk_support: 0.0279
 Episode_Reward/pre_strike_station: 0.0098
    Episode_Reward/recovery_health: 0.0168
Episode_Reward/no_command_ready_stability: 0.0046
Episode_Reward/post_strike_base_ang_vel: 0.0006
Episode_Reward/phase_action_overflow: -0.0007
     Episode_Reward/strike_balance: 0.0008
Episode_Reward/prestrike_station_progress: -0.0128
 Episode_Reward/lower_body_support: 0.0073
Episode_Reward/termination_penalty: -0.0200
Episode_Reward/phase_action_rate_waist: -0.0001
Episode_Reward/phase_action_rate_upper: -0.0001
Episode_Reward/phase_action_rate_legs: -0.0001
        Episode_Reward/joint_limit: -0.0034
Episode_Reward/prestrike_racket_progress: 0.0448
Episode_Reward/near_impact_planner_velocity_progress: -0.0000
Episode_Reward/operational_joint_margin: -0.0258
  Episode_Reward/joint_target_slew: -0.0072
Episode_Reward/actuator_waist_feasibility: -0.0000
Episode_Reward/actuator_right_arm_feasibility: -0.0000
Episode_Reward/actuator_leg_feasibility: -0.0000
Episode_Reward/physical_outcome_events: 0.0000
Episode_Reward/physical_recovery_settlement: 0.0000
Episode_Reward/physical_capability_curriculum: 0.0000
    Metrics/motion/error_joint_pos: 1.8805
    Metrics/motion/error_joint_vel: 7.7378
     Metrics/motion/error_body_pos: 0.2523
     Metrics/motion/error_body_rot: 0.8976
       Metrics/motion/motion_phase: 0.3544
            Metrics/motion/in_hold: 0.0156
Metrics/motion/motion_start_warmup_prob: 0.7500
Metrics/motion/motion_start_lifecycle_progress: 0.0000
Metrics/motion/motion_start_effective_prestrike_fraction: 1.0000
Metrics/motion/motion_start_effective_recovery_fraction: 0.0000
Metrics/motion/motion_start_effective_rsi_fraction: 0.0000
 Metrics/motion/motion_start_reset: 0.5625
Metrics/motion/motion_start_prestrike_reset: 0.0000
Metrics/motion/motion_start_recovery_reset: 0.0000
Metrics/motion/motion_start_rsi_reset: 0.0000
 Metrics/motion/single_cycle_reset: 0.0000
     Metrics/motion/motion_clip_id: 0.4844
Metrics/motion/motion_supplemental_clip: 0.0000
      Metrics/motion/stand_episode: 0.0156
Metrics/motion/default_stand_reset: 0.4375
Metrics/motion/error_body_pos_lower: 0.2709
Metrics/motion/error_body_rot_lower: 0.7428
Metrics/motion/error_body_lin_vel_lower: 0.6313
Metrics/motion/error_body_ang_vel_lower: 2.8473
Metrics/motion/reference_body_lin_speed_lower: 0.0329
Metrics/motion/robot_body_lin_speed_lower: 0.6341
Metrics/motion/error_body_pos_core: 0.0632
Metrics/motion/error_body_rot_core: 0.7474
Metrics/motion/error_body_lin_vel_core: 1.2612
Metrics/motion/error_body_ang_vel_core: 2.0136
Metrics/motion/reference_body_lin_speed_core: 0.0512
Metrics/motion/robot_body_lin_speed_core: 1.2770
Metrics/motion/error_body_pos_upper: 0.2968
Metrics/motion/error_body_rot_upper: 1.1025
Metrics/motion/error_body_lin_vel_upper: 1.6860
Metrics/motion/error_body_ang_vel_upper: 2.8139
Metrics/motion/reference_body_lin_speed_upper: 0.1320
Metrics/motion/robot_body_lin_speed_upper: 1.6719
Metrics/motion/error_joint_pos_waist: 0.3725
Metrics/motion/error_joint_vel_waist: 1.8034
Metrics/motion/reference_joint_speed_waist: 0.0312
Metrics/motion/error_joint_pos_arms: 1.5184
Metrics/motion/error_joint_vel_arms: 3.6143
Metrics/motion/reference_joint_speed_arms: 0.2563
Metrics/motion/error_joint_pos_legs: 0.9836
Metrics/motion/error_joint_vel_legs: 6.4534
Metrics/motion/reference_joint_speed_legs: 0.0110
Metrics/racket_target/racket_pos_error: 0.3451
Metrics/racket_target/racket_vel_error: 1.0288
Metrics/racket_target/time_to_strike: 0.1141
Metrics/racket_target/return_success: 0.0000
Metrics/racket_target/prev_return_success: 0.0000
Metrics/racket_target/prev_net_cross: 0.0000
Metrics/racket_target/current_net_cross: 0.0000
Metrics/racket_target/racket_pos_curriculum_scale: 0.3667
Metrics/racket_target/impact_inverse_command_blend: 0.0000
Metrics/racket_target/steps_since_target_resample: 74.1406
Metrics/racket_target/recovery_height_error: 0.1348
Metrics/racket_target/recovery_upright_error: 0.6862
Metrics/racket_target/recovery_base_lin_vel: 0.9374
Metrics/racket_target/recovery_base_ang_vel: 1.6769
Metrics/racket_target/recovery_station_error: 0.4507
Metrics/racket_target/recovery_feet_contact_frac: 0.4297
Metrics/racket_target/recovery_racket_speed: 1.3825
Metrics/racket_target/recovery_height_score: 0.1445
Metrics/racket_target/recovery_upright_score: 0.0010
Metrics/racket_target/recovery_lin_vel_score: 0.0200
Metrics/racket_target/recovery_ang_vel_score: 0.0259
Metrics/racket_target/recovery_station_score: 0.0368
Metrics/racket_target/recovery_racket_score: 0.1288
Metrics/racket_target/recovery_arm_score: 0.3184
Metrics/racket_target/recovery_ready_score: 0.1133
Metrics/racket_target/recovery_anchor_arm_score: 1.0000
Metrics/racket_target/recovery_core_ready_score: 0.0062
Metrics/racket_target/recovery_functional_ready_score: 0.0045
Metrics/racket_target/waist_action_overflow_rms: 0.0000
Metrics/racket_target/right_arm_action_overflow_rms: 0.0000
Metrics/racket_target/leg_action_overflow_rms: 0.1216
Metrics/racket_target/operational_margin_fraction: 0.0514
Metrics/racket_target/waist_operational_margin_fraction: 0.0000
Metrics/racket_target/right_arm_operational_margin_fraction: 0.0000
Metrics/racket_target/leg_operational_margin_fraction: 0.1328
Metrics/racket_target/waist_operational_excess_rms: 0.0000
Metrics/racket_target/right_arm_operational_excess_rms: 0.0000
Metrics/racket_target/leg_operational_excess_rms: 0.0742
Metrics/racket_target/q_des_velocity_violation_fraction: 0.1114
Metrics/racket_target/waist_q_des_velocity_violation_fraction: 0.1510
Metrics/racket_target/right_arm_q_des_velocity_violation_fraction: 0.0379
Metrics/racket_target/leg_q_des_velocity_violation_fraction: 0.1979
Metrics/racket_target/q_des_acceleration_violation_fraction: 0.7031
Metrics/racket_target/waist_q_des_acceleration_violation_fraction: 0.8438
Metrics/racket_target/right_arm_q_des_acceleration_violation_fraction: 0.6696
Metrics/racket_target/leg_q_des_acceleration_violation_fraction: 0.8516
Metrics/racket_target/waist_q_des_velocity_rms: 6.4045
Metrics/racket_target/right_arm_q_des_velocity_rms: 5.6592
Metrics/racket_target/leg_q_des_velocity_rms: 10.2003
Metrics/racket_target/waist_q_des_acceleration_rms: 445.4143
Metrics/racket_target/right_arm_q_des_acceleration_rms: 538.9586
Metrics/racket_target/leg_q_des_acceleration_rms: 980.5438
Metrics/racket_target/action_operational_feasibility_score: 0.1889
Metrics/racket_target/actuator_overflow_consecutive_steps: 0.0000
Metrics/racket_target/actuator_overflow_severe: 0.0000
Metrics/racket_target/recovery_phase_gate: 0.1875
Metrics/racket_target/recovery_phase_ready_score: 0.0313
Metrics/racket_target/recovery_contact_ready_score: 0.0000
Metrics/racket_target/recovery_net_ready_score: 0.0000
Metrics/racket_target/recovery_return_ready_score: 0.0000
Metrics/racket_target/cycle_success_ready_score: 0.0000
Metrics/racket_target/cycle_success_soft: 0.0000
Metrics/racket_target/cycle_success_binary: 0.0000
Metrics/racket_target/cycle_v2_pending: 0.0000
Metrics/racket_target/cycle_v2_attempt_latch: 0.0000
Metrics/racket_target/cycle_v2_ready_success_latch: 0.0000
Metrics/racket_target/cycle_v2_ready_fail_latch: 0.0000
Metrics/racket_target/cycle_v2_attempt_event: 0.0000
Metrics/racket_target/cycle_v2_ready_success_event: 0.0000
Metrics/racket_target/cycle_v2_ready_fail_event: 0.0000
Metrics/racket_target/cycle_v2_unresolved_resample_fail_event: 0.0000
Metrics/racket_target/cycle_v2_resolved_event: 0.0000
Metrics/racket_target/cycle_v2_command_visible_steps: 0.0000
Metrics/racket_target/cycle_v2_elapsed_steps: 0.0000
Metrics/racket_target/cycle_v2_ready_score: 0.0000
Metrics/racket_target/cycle_v2_ready_ok: 0.0000
Metrics/racket_target/cycle_v2_visible: 0.0000
Metrics/racket_target/cycle_v2_ready_score_ok: 0.0000
Metrics/racket_target/cycle_v2_height_ok: 0.0000
Metrics/racket_target/cycle_v2_upright_ok: 0.0000
Metrics/racket_target/cycle_v2_base_lin_vel_ok: 0.0000
Metrics/racket_target/cycle_v2_base_ang_vel_ok: 0.0000
Metrics/racket_target/cycle_v2_feet_ok: 0.0000
Metrics/racket_target/cycle_v2_core_ready_ok: 0.0000
Metrics/racket_target/cycle_v2_ready_consecutive_steps: 0.0000
Metrics/racket_target/single_cycle_bootstrap: 0.0000
Metrics/racket_target/single_cycle_swing_completed: 0.0000
Metrics/racket_target/single_cycle_recovery_active: 0.0000
Metrics/racket_target/single_cycle_recovery_elapsed_steps: 0.0000
Metrics/racket_target/single_cycle_ready_consecutive_steps: 0.0000
Metrics/racket_target/single_cycle_safe_timeout_event: 0.0000
Metrics/racket_target/single_cycle_deadline_timeout_event: 0.0000
Metrics/racket_target/single_cycle_timeout_latch: 0.0000
Metrics/racket_target/single_cycle_hard_failure_event: 0.0000
Metrics/racket_target/single_cycle_probability: 0.0000
Metrics/racket_target/single_cycle_curriculum_level: 0.0000
Metrics/racket_target/single_cycle_effective_deadline_steps: 100.0000
Metrics/racket_target/single_cycle_selected_events: 0.0000
Metrics/racket_target/single_cycle_completed_events: 0.0000
Metrics/racket_target/single_cycle_safe_timeout_events: 0.0000
Metrics/racket_target/single_cycle_deadline_timeout_events: 0.0000
Metrics/racket_target/single_cycle_hard_failure_events: 0.0000
Metrics/racket_target/active_ready_consecutive_steps: 0.0000
Metrics/racket_target/active_ready_success_event: 0.0000
Metrics/racket_target/active_ready_success_latch: 0.0000
Metrics/racket_target/active_ready_survival_steps: 0.0000
Metrics/racket_target/active_ready_survival_next_milestone: 0.0000
Metrics/racket_target/active_ready_survival_milestone_event: 0.0000
Metrics/racket_target/no_command_ready_active: 0.0156
Metrics/racket_target/no_command_from_stand_episode: 0.0156
Metrics/racket_target/no_command_from_default_stand_reset: 0.0156
Metrics/racket_target/no_command_ready_upright_ok: 0.0000
Metrics/racket_target/no_command_ready_motion_ok: 0.0000
Metrics/racket_target/no_command_ready_score: 0.0014
Metrics/racket_target/no_command_ready_progress: -0.0014
Metrics/racket_target/no_command_ready_station_error: 0.0111
Metrics/racket_target/no_command_ready_fixed_station_error: 0.0111
Metrics/racket_target/healthy_training_stage: 3.0000
Metrics/racket_target/healthy_stage_planted_rehearsal: 0.0000
Metrics/racket_target/healthy_stage_station_hold_seen: 0.0000
Metrics/racket_target/healthy_stage_station_arrived: 0.0000
Metrics/racket_target/healthy_stage_station_settled: 0.0000
Metrics/racket_target/healthy_stage_station_settle_steps: 0.0000
Metrics/racket_target/station_relocation_active: 0.0000
Metrics/racket_target/station_relocation_target_offset_y: 0.0000
Metrics/racket_target/station_relocation_error: 0.0000
Metrics/racket_target/station_relocation_arrival_event: 0.0000
Metrics/racket_target/station_relocation_settle_event: 0.0000
Metrics/racket_target/station_relocation_release_event: 0.0000
Metrics/racket_target/station_relocation_timeout_event: 0.0000
Metrics/racket_target/station_relocation_elapsed_steps: 0.0000
Metrics/racket_target/station_relocation_hold_deadline_steps: 0.0000
Metrics/racket_target/lifecycle_recovery_hold_active: 0.0000
Metrics/racket_target/lifecycle_recovery_release_success_event: 0.0000
Metrics/racket_target/lifecycle_recovery_release_fail_event: 0.0000
Metrics/racket_target/station_relocation_level: 0.0000
Metrics/racket_target/station_relocation_arrival_ema: 0.0000
Metrics/racket_target/station_relocation_settle_ema: 0.0000
Metrics/racket_target/station_relocation_contact_ema: 0.0000
Metrics/racket_target/station_relocation_safety_ema: 0.0000
Metrics/racket_target/station_relocation_resolved_events: 0.0000
Metrics/racket_target/station_relocation_terminal_reset_events: 0.0000
Metrics/racket_target/station_relocation_advance_streak: 0.0000
Metrics/racket_target/station_relocation_regress_streak: 0.0000
Metrics/racket_target/station_relocation_effective_max_lin_vel: 0.0000
Metrics/racket_target/station_relocation_effective_max_ang_vel: 0.0000
Metrics/racket_target/station_relocation_effective_min_settle_steps: 0.0000
Metrics/racket_target/ability_curriculum_level: 0.0000
Metrics/racket_target/ability_curriculum_scale: 0.3667
Metrics/racket_target/ability_curriculum_resolved_events: 0.0000
Metrics/racket_target/ability_curriculum_total_resolved_events: 0.0000
Metrics/racket_target/ability_curriculum_advance_streak: 0.0000
Metrics/racket_target/ability_curriculum_regress_streak: 0.0000
Metrics/racket_target/ability_contact_ema: 0.0000
Metrics/racket_target/ability_net_ema: 0.0000
Metrics/racket_target/ability_success_ema: 0.0000
Metrics/racket_target/ability_recovery_ema: 0.0000
Metrics/racket_target/ability_cycle_ema: 0.0000
Metrics/racket_target/ability_cycle_attempt_ema: 0.0000
Metrics/racket_target/ability_cycle_resolved_ema: 0.0000
Metrics/racket_target/ability_forehand_contact_ema: 0.0000
Metrics/racket_target/ability_forehand_net_ema: 0.0000
Metrics/racket_target/ability_forehand_success_ema: 0.0000
Metrics/racket_target/ability_backhand_contact_ema: 0.0000
Metrics/racket_target/ability_backhand_net_ema: 0.0000
Metrics/racket_target/ability_backhand_success_ema: 0.0000
Metrics/racket_target/ability_attempt_ema: 0.0000
Metrics/racket_target/ability_targeted_attempt_ema: 0.0000
Metrics/racket_target/impact_health_floor_progress: 0.0000
Metrics/racket_target/ability_safety_ema: 1.0000
Metrics/racket_target/ability_station_saturation_ema: 0.0000
Metrics/racket_target/ability_healthy_normal_ema: 0.0000
Metrics/racket_target/ability_station_arrival_ema: 0.0000
Metrics/racket_target/ability_station_settle_ema: 0.0000
Metrics/racket_target/planner_hit_plane_blend: 1.0000
Metrics/racket_target/planner_hit_plane_x_delta: 0.0359
Metrics/racket_target/true_strike_table_x: 0.2004
Metrics/racket_target/planner_target_table_x: 0.2004
Metrics/racket_target/workspace_level: 0.0000
Metrics/racket_target/workspace_fringe_sample: 0.0000
Metrics/racket_target/workspace_target_lateral_norm: 0.2887
Metrics/racket_target/workspace_target_table_y: -0.1653
Metrics/racket_target/workspace_playable_y_min: -0.7225
Metrics/racket_target/workspace_playable_y_max: 0.7225
Metrics/racket_target/workspace_active_y_lo: -0.2262
Metrics/racket_target/workspace_active_y_hi: -0.1063
Metrics/racket_target/workspace_motion_seed_blend: 0.0000
Metrics/racket_target/incoming_ball_horizontal_speed: 1.0260
Metrics/racket_target/incoming_ball_speed: 1.4275
Metrics/racket_target/incoming_ball_speed_curriculum_level: 0.0000
Metrics/racket_target/incoming_ball_speed_sample_low: 0.9000
Metrics/racket_target/incoming_ball_speed_sample_high: 1.2500
Metrics/racket_target/station_saturated: 1.0000
Metrics/racket_target/station_raw_clip_excess: 0.0672
Metrics/racket_target/station_saturated_x: 1.0000
Metrics/racket_target/station_saturated_y: 0.9375
Metrics/racket_target/station_raw_clip_excess_x: 0.0093
Metrics/racket_target/station_raw_clip_excess_y: 0.0661
Metrics/racket_target/current_swing_opportunity: 0.1875
Metrics/racket_target/current_swing_attempt: 0.1875
Metrics/racket_target/current_swing_targeted_attempt: 0.0000
Metrics/racket_target/prev_swing_targeted_attempt: 0.0000
Metrics/racket_target/current_swing_unsafe: 1.0000
Metrics/racket_target/current_swing_station_saturated: 1.0000
Metrics/racket_target/impact_health_score: 0.0047
Metrics/racket_target/impact_health_ok: 0.0000
Metrics/racket_target/impact_health_backlean_violation: 0.4740
Metrics/racket_target/impact_health_waist_backfold: 0.0341
Metrics/racket_target/impact_health_base_retreat: 0.3913
Metrics/racket_target/impact_health_torso_gravity_x: -0.5240
Metrics/racket_target/impact_health_torso_ang_vel: 2.2308
Metrics/racket_target/impact_health_com_x: 0.3927
Metrics/racket_target/impact_health_com_y: 0.1984
Metrics/racket_target/post_contact_ready_pending: 0.0000
Metrics/racket_target/post_contact_ready_elapsed_steps: 0.0000
Metrics/racket_target/post_contact_ready_consecutive_steps: 0.0000
Metrics/racket_target/post_contact_ready_diagnostic_pending: 0.0000
Metrics/racket_target/post_contact_ready_diagnostic_elapsed_steps: 0.0000
Metrics/racket_target/post_contact_ready_durable_pending: 0.0000
Metrics/racket_target/post_contact_ready_durable_consecutive_steps: 0.0000
Metrics/racket_target/post_contact_ready_durable_ready_now: 0.0000
Metrics/racket_target/post_contact_ready_durable_success_event: 0.0000
Metrics/racket_target/post_contact_ready_durable_fail_event: 0.0000
Metrics/racket_target/post_contact_ready_durable_resolution_success_rate: 0.0000
Metrics/racket_target/post_contact_ready_durable_resolution_fail_rate: 0.0000
Metrics/racket_target/post_contact_ready_durable_resolution_success_latency_steps: 0.0000
Metrics/racket_target/post_contact_ready_durable_resolution_fail_latency_steps: 0.0000
Metrics/racket_target/post_contact_ready_durable_fail_backlean_rate: 0.0000
Metrics/racket_target/post_contact_ready_durable_fail_forward_lean_rate: 0.0000
Metrics/racket_target/post_contact_ready_durable_fail_torso_ang_vel_rate: 0.0000
Metrics/racket_target/post_contact_ready_durable_fail_base_lin_vel_rate: 0.0000
Metrics/racket_target/post_contact_ready_durable_fail_base_ang_vel_rate: 0.0000
Metrics/racket_target/post_contact_ready_durable_fail_racket_speed_rate: 0.0000
Metrics/racket_target/post_contact_ready_durable_fail_height_rate: 0.0000
Metrics/racket_target/post_contact_ready_durable_fail_com_x_rate: 0.0000
Metrics/racket_target/post_contact_ready_durable_fail_com_y_rate: 0.0000
Metrics/racket_target/post_contact_ready_durable_fail_feet_rate: 0.0000
Metrics/racket_target/post_contact_ready_durable_fail_station_rate: 0.0000
Metrics/racket_target/post_contact_ready_durable_fail_arm_rate: 0.0000
Metrics/racket_target/post_contact_ready_terminal_window_active: 0.0000
Metrics/racket_target/post_contact_ready_terminal_quality: 0.0000
Metrics/racket_target/post_contact_ready_terminal_settlement_event: 0.0000
Metrics/racket_target/post_contact_ready_operational_ready_now: 0.0000
Metrics/racket_target/post_contact_ready_operational_consecutive_steps: 0.0000
Metrics/racket_target/post_contact_ready_safe_settlement_event: 0.0000
Metrics/racket_target/post_contact_ready_unsafe_settlement_event: 0.0000
Metrics/racket_target/post_contact_ready_incomplete_settlement_event: 0.0000
Metrics/racket_target/post_contact_ready_safe_net_cycle_event: 0.0000
Metrics/racket_target/post_contact_ready_terminal_quality_mean: 0.0000
Metrics/racket_target/post_contact_ready_safe_terminal_quality_mean: 0.0000
Metrics/racket_target/post_contact_ready_terminal_safe_rate: 0.0000
Metrics/racket_target/post_contact_ready_terminal_unsafe_rate: 0.0000
Metrics/racket_target/post_contact_ready_terminal_incomplete_rate: 0.0000
Metrics/racket_target/post_contact_ready_safe_net_cycle_rate: 0.0000
Metrics/racket_target/post_contact_ready_score: 0.0000
Metrics/racket_target/post_contact_ready_now: 0.0000
Metrics/racket_target/post_contact_ready_success_event: 0.0000
Metrics/racket_target/post_contact_ready_fail_event: 0.0000
Metrics/racket_target/post_contact_ready_outcome_tier: 0.0000
Metrics/racket_target/post_contact_ready_face_quality: 0.0000
Metrics/racket_target/post_contact_ready_safe_face_net_cycle_value: 0.0000
Metrics/racket_target/post_contact_ready_planner_speed_ratio: 0.0000
Metrics/racket_target/post_contact_ready_planner_direction_error_rad: 0.0000
Metrics/racket_target/post_contact_ready_planner_position_error: 0.0000
Metrics/racket_target/post_contact_ready_impact_health_score: 0.0000
Metrics/racket_target/post_contact_ready_peak_base_ang_vel: 0.0000
Metrics/racket_target/post_contact_ready_peak_ang_vel_excess_increment: 0.0000
Metrics/racket_target/post_contact_ready_envelope_violation_latch: 0.0000
Metrics/racket_target/post_contact_ready_envelope_violation_event: 0.0000
Metrics/racket_target/post_contact_ready_envelope_first_violation_step: 0.0000
Metrics/racket_target/post_contact_ready_envelope_attempts: 0.0000
Metrics/racket_target/post_contact_ready_envelope_violation_rate: 0.0000
Metrics/racket_target/post_contact_ready_envelope_tilt_violation_rate: 0.0000
Metrics/racket_target/post_contact_ready_envelope_pitch_violation_rate: 0.0000
Metrics/racket_target/post_contact_ready_envelope_com_violation_rate: 0.0000
Metrics/racket_target/post_contact_ready_envelope_waist_violation_rate: 0.0000
Metrics/racket_target/post_contact_ready_envelope_leg_violation_rate: 0.0000
Metrics/racket_target/post_contact_ready_envelope_base_ang_vel_violation_rate: 0.0000
Metrics/racket_target/post_contact_ready_resolution_success_rate: 0.0000
Metrics/racket_target/post_contact_ready_resolution_fail_rate: 0.0000
Metrics/racket_target/post_contact_ready_resolution_success_latency_steps: 0.0000
Metrics/racket_target/post_contact_ready_resolution_fail_latency_steps: 0.0000
Metrics/racket_target/post_contact_ready_max_tilt: 0.0000
Metrics/racket_target/post_contact_ready_max_abs_pitch: 0.0000
Metrics/racket_target/post_contact_ready_max_com_x: 0.0000
Metrics/racket_target/post_contact_ready_max_com_y: 0.0000
Metrics/racket_target/post_contact_ready_max_waist_overflow: 0.0000
Metrics/racket_target/post_contact_ready_max_leg_overflow: 0.0000
Metrics/racket_target/post_contact_ready_settlement_velocity_score_ema: 0.0000
Metrics/racket_target/post_contact_ready_settlement_position_gate_ema: 0.0000
Metrics/racket_target/post_contact_ready_settlement_health_gate_ema: 0.0000
Metrics/racket_target/post_contact_ready_settlement_recovery_gate_ema: 0.0000
Metrics/racket_target/post_contact_ready_settlement_total_score_ema: 0.0000
Metrics/racket_target/post_contact_recovery_backlean_error: 0.0000
Metrics/racket_target/post_contact_recovery_directional_progress: 0.0000
Metrics/racket_target/post_contact_ready_torso_ok: 0.0000
Metrics/racket_target/post_contact_ready_motion_ok: 0.0000
Metrics/racket_target/post_contact_ready_support_ok: 0.0000
Metrics/racket_target/post_contact_ready_arm_ok: 0.0000
Metrics/racket_target/post_contact_ready_base_lin_vel_ok: 0.0000
Metrics/racket_target/post_contact_ready_base_ang_vel_ok: 0.0000
Metrics/racket_target/post_contact_ready_racket_speed_ok: 0.0000
Metrics/racket_target/post_contact_ready_height_ok: 0.0000
Metrics/racket_target/post_contact_ready_com_x_ok: 0.0000
Metrics/racket_target/post_contact_ready_com_y_ok: 0.0000
Metrics/racket_target/post_contact_ready_feet_ok: 0.0000
Metrics/racket_target/post_contact_ready_station_ok: 0.0000
Metrics/racket_target/post_contact_ready_fail_torso: 0.0000
Metrics/racket_target/post_contact_ready_fail_base_lin_vel: 0.0000
Metrics/racket_target/post_contact_ready_fail_base_ang_vel: 0.0000
Metrics/racket_target/post_contact_ready_fail_racket_speed: 0.0000
Metrics/racket_target/post_contact_ready_fail_support: 0.0000
Metrics/racket_target/post_contact_ready_fail_arm: 0.0000
Metrics/racket_target/post_contact_ready_shadow_now: 0.0000
Metrics/racket_target/post_contact_ready_shadow_consecutive_steps: 0.0000
Metrics/racket_target/post_contact_ready_shadow_success_latch: 0.0000
Metrics/racket_target/post_contact_ready_curriculum_level: 0.0000
Metrics/racket_target/post_contact_ready_curriculum_fraction: 0.0000
Metrics/racket_target/post_contact_ready_curriculum_success_ema: 0.0000
Metrics/racket_target/post_contact_ready_curriculum_shadow_success_ema: 0.0000
Metrics/racket_target/post_contact_ready_curriculum_resolved_events: 0.0000
Metrics/racket_target/post_contact_ready_curriculum_successful_events: 0.0000
Metrics/racket_target/post_contact_ready_curriculum_targeted_attempt_ema: 0.0000
Metrics/racket_target/post_contact_ready_curriculum_return_success_ema: 0.0000
Metrics/racket_target/post_contact_ready_curriculum_completed_swings: 0.0000
Metrics/racket_target/post_contact_ready_curriculum_advance_streak: 0.0000
Metrics/racket_target/post_contact_ready_curriculum_advance_guard_ok: 0.0000
Metrics/racket_target/post_contact_ready_effective_max_torso_ang_vel: 0.0000
Metrics/racket_target/post_contact_ready_effective_max_base_lin_vel: 0.0000
Metrics/racket_target/post_contact_ready_effective_max_base_ang_vel: 0.0000
Metrics/racket_target/post_contact_ready_effective_max_racket_speed: 0.0000
Metrics/racket_target/post_contact_ready_effective_min_feet_contact: 0.0000
Metrics/racket_target/post_contact_ready_effective_required_consecutive_steps: 0.0000
Metrics/racket_target/post_contact_ready_effective_deadline_steps: 0.0000
Metrics/racket_target/post_contact_ready_curriculum_advance_threshold: 0.0000
Metrics/racket_target/post_contact_ready_curriculum_advance_min_events: 0.0000
Metrics/racket_target/post_contact_ready_curriculum_shadow_threshold: 0.0000
Metrics/racket_target/post_contact_ready_curriculum_min_targeted_attempt_ema: 0.0000
Metrics/racket_target/post_contact_ready_curriculum_min_return_success_ema: 0.0000
Metrics/racket_target/post_contact_ready_curriculum_min_completed_swings: 0.0000
Metrics/racket_target/post_contact_ready_curriculum_required_advance_checks: 0.0000
Metrics/racket_target/racket_normal_error_deg: 65.2470
Metrics/racket_target/impact_normal_error_deg: 8.0581
Metrics/racket_target/impact_racket_vel_error_mps: 0.3086
Metrics/racket_target/impact_racket_speed_ratio: 0.1471
Metrics/racket_target/impact_racket_vel_angle_deg: 9.0216
Metrics/racket_target/impact_racket_actual_vel_x: 0.0072
Metrics/racket_target/impact_racket_actual_vel_y: 0.0968
Metrics/racket_target/impact_racket_actual_vel_z: 0.2649
Metrics/racket_target/impact_racket_target_vel_x: 0.2880
Metrics/racket_target/impact_racket_target_vel_y: 0.0118
Metrics/racket_target/impact_racket_target_vel_z: 0.2854
Metrics/racket_target/impact_ball_out_error_mps: 0.6369
Metrics/racket_target/impact_face_radial_error_m: 0.0920
Metrics/racket_target/impact_face_normal_gap_m: 0.0314
Metrics/racket_target/impact_face_quality: 0.0000
Metrics/racket_target/impact_center_contact: 0.0000
Metrics/racket_target/impact_center_net_cross: 0.0000
Metrics/racket_target/impact_center_on_opponent: 0.0000
Metrics/racket_target/impact_rim_contact: 0.0000
Metrics/racket_target/impact_rim_net_cross: 0.0000
Metrics/racket_target/impact_rim_on_opponent: 0.0000
Metrics/racket_target/impact_analytic_outer_contact: 0.0000
Metrics/racket_target/impact_analytic_outer_net_cross: 0.0000
Metrics/racket_target/impact_analytic_outer_on_opponent: 0.0000
Metrics/racket_target/impact_planner_pos_error_m: 0.1037
Metrics/racket_target/impact_planner_vel_error_mps: 0.3086
Metrics/racket_target/impact_planner_speed_ratio: 0.1471
Metrics/racket_target/impact_planner_vel_angle_deg: 9.0216
Metrics/racket_target/impact_healthy_normal_ok: 0.0000
Metrics/racket_target/impact_healthy_contact: 0.0000
Metrics/racket_target/impact_healthy_net_cross: 0.0000
Metrics/racket_target/impact_healthy_on_opponent: 0.0000
Metrics/racket_target/current_swing_impact_health_score: 0.0000
Metrics/racket_target/current_swing_healthy_contact: 0.0000
Metrics/racket_target/current_swing_healthy_net_cross: 0.0000
Metrics/racket_target/current_swing_healthy_on_opponent: 0.0000
Metrics/racket_target/current_swing_healthy_normal_ok: 0.0000
Metrics/racket_target/current_swing_contact: 0.0000
Metrics/racket_target/current_swing_net_cross: 0.0000
Metrics/racket_target/current_swing_on_opponent: 0.0000
Metrics/racket_target/current_swing_center_contact: 0.0000
Metrics/racket_target/current_swing_center_net_cross: 0.0000
Metrics/racket_target/current_swing_center_on_opponent: 0.0000
Metrics/racket_target/current_swing_rim_contact: 0.0000
Metrics/racket_target/current_swing_rim_net_cross: 0.0000
Metrics/racket_target/current_swing_rim_on_opponent: 0.0000
Metrics/racket_target/current_swing_analytic_outer_contact: 0.0000
Metrics/racket_target/current_swing_analytic_outer_net_cross: 0.0000
Metrics/racket_target/current_swing_analytic_outer_on_opponent: 0.0000
Metrics/racket_target/cycle_v2_outcome_tier: -1.0000
Metrics/racket_target/cycle_v2_streak: 0.0000
Metrics/racket_target/closed_loop_recovery_trigger_event: 0.0000
Metrics/racket_target/closed_loop_cycle_success_event: 0.0000
Metrics/racket_target/closed_loop_durable_cycle_success_event: 0.0000
Metrics/racket_target/closed_loop_phase_id: 2.4375
Metrics/racket_target/closed_loop_phase_ready_no_command: 0.0156
Metrics/racket_target/closed_loop_phase_command_acquire: 0.0000
Metrics/racket_target/closed_loop_phase_pre_strike: 0.6094
Metrics/racket_target/closed_loop_phase_strike: 0.2812
Metrics/racket_target/closed_loop_phase_follow_through: 0.0938
Metrics/racket_target/closed_loop_phase_recovery: 0.0000
Metrics/racket_target/closed_loop_phase_next_ready: 0.0000
Metrics/racket_target/post_contact_phase_impact_0_100ms_attempts: 0.0000
Metrics/racket_target/post_contact_phase_impact_0_100ms_tilt_gt_0p1_rate: 0.0000
Metrics/racket_target/post_contact_phase_impact_0_100ms_pitch_gt_0p1_rate: 0.0000
Metrics/racket_target/post_contact_phase_impact_0_100ms_waist_overflow_gt_1p0_rate: 0.0000
Metrics/racket_target/post_contact_phase_impact_0_100ms_base_ang_vel_gt_0p8_rate: 0.0000
Metrics/racket_target/post_contact_phase_brake_100_300ms_attempts: 0.0000
Metrics/racket_target/post_contact_phase_brake_100_300ms_tilt_gt_0p1_rate: 0.0000
Metrics/racket_target/post_contact_phase_brake_100_300ms_pitch_gt_0p1_rate: 0.0000
Metrics/racket_target/post_contact_phase_brake_100_300ms_waist_overflow_gt_1p0_rate: 0.0000
Metrics/racket_target/post_contact_phase_brake_100_300ms_base_ang_vel_gt_0p8_rate: 0.0000
Metrics/racket_target/post_contact_phase_settle_300_600ms_attempts: 0.0000
Metrics/racket_target/post_contact_phase_settle_300_600ms_tilt_gt_0p1_rate: 0.0000
Metrics/racket_target/post_contact_phase_settle_300_600ms_pitch_gt_0p1_rate: 0.0000
Metrics/racket_target/post_contact_phase_settle_300_600ms_waist_overflow_gt_1p0_rate: 0.0000
Metrics/racket_target/post_contact_phase_settle_300_600ms_base_ang_vel_gt_0p8_rate: 0.0000
Metrics/racket_target/post_contact_phase_ready_after_600ms_attempts: 0.0000
Metrics/racket_target/post_contact_phase_ready_after_600ms_tilt_gt_0p1_rate: 0.0000
Metrics/racket_target/post_contact_phase_ready_after_600ms_pitch_gt_0p1_rate: 0.0000
Metrics/racket_target/post_contact_phase_ready_after_600ms_waist_overflow_gt_1p0_rate: 0.0000
Metrics/racket_target/post_contact_phase_ready_after_600ms_base_ang_vel_gt_0p8_rate: 0.0000
Metrics/racket_target/physical_contact_health_score: 0.0000
Metrics/racket_target/physical_recovery_pending: 0.0000
Metrics/racket_target/physical_recovery_tier: 0.0000
Metrics/racket_target/physical_recovery_success_event: 0.0000
Metrics/racket_target/physical_recovery_failure_event: 0.0000
Metrics/racket_target/physical_ability_level: 0.0000
Metrics/racket_target/physical_ability_batch_events: 27.1562
Metrics/racket_target/physical_ability_contact_ema: 0.0000
Metrics/racket_target/physical_ability_net_ema: 0.0000
Metrics/racket_target/physical_ability_bounce_ema: 0.0000
Metrics/racket_target/physical_ability_recovery_ema: 0.0000
Metrics/racket_target/physical_ability_safety_ema: 0.0000
Metrics/racket_target/base_pitch_like_signed: -0.6471
Metrics/racket_target/base_backward_velocity: 0.9001
Metrics/racket_target/waist_action_rms: 0.3595
Metrics/racket_target/right_arm_action_rms: 4.2294
Metrics/racket_target/leg_action_rms: 0.7085
Metrics/racket_target/action_abs_max: 7.2396
Metrics/racket_target/applied_action_abs_max: 7.2396
Metrics/racket_target/leg_action_abs_max: 1.6934
Metrics/racket_target/effective_action_abs_max: 7.2396
Metrics/racket_target/action_clamp_fraction: 0.0423
Metrics/racket_target/waist_action_clamp_fraction: 0.0000
Metrics/racket_target/right_arm_action_clamp_fraction: 0.0000
Metrics/racket_target/leg_action_clamp_fraction: 0.1094
Metrics/racket_target/waist_q_tracking_error_rms: 0.2738
Metrics/racket_target/right_arm_q_tracking_error_rms: 0.1741
Metrics/racket_target/leg_q_tracking_error_rms: 0.3260
Metrics/racket_target/waist_torque_clip_fraction: 0.0000
Metrics/racket_target/right_arm_torque_clip_fraction: 0.0000
Metrics/racket_target/leg_torque_clip_fraction: 0.0000
Metrics/racket_target/waist_action_delta_rms: 0.2621
Metrics/racket_target/right_arm_action_delta_rms: 0.4813
Metrics/racket_target/leg_action_delta_rms: 0.4446
Metrics/racket_target/waist_joint_vel_rms: 1.0372
Metrics/racket_target/right_arm_joint_vel_rms: 1.2316
Metrics/racket_target/leg_joint_vel_rms: 1.8610
Metrics/racket_target/recovery_leg_action_abs_max: 0.2702
Metrics/racket_target/recovery_leg_action_delta_rms: 0.0864
Metrics/racket_target/recovery_leg_joint_vel_rms: 0.2225
     Metrics/physical_shadow/phase: 1.9688
Metrics/physical_shadow/route_valid: 1.0000
Metrics/physical_shadow/serve_event: 0.0000
Metrics/physical_shadow/incoming_bounce_event: 0.0000
Metrics/physical_shadow/contact_event: 0.0000
Metrics/physical_shadow/net_cross_event: 0.0000
Metrics/physical_shadow/outgoing_landing_event: 0.0000
Metrics/physical_shadow/opponent_bounce_event: 0.0000
Metrics/physical_shadow/landing_short_event: 0.0000
Metrics/physical_shadow/landing_long_event: 0.0000
Metrics/physical_shadow/landing_side_event: 0.0000
Metrics/physical_shadow/landing_no_net_event: 0.0000
Metrics/physical_shadow/abort_event: 0.0000
Metrics/physical_shadow/timeout_event: 0.0000
Metrics/physical_shadow/route_unalignable_event: 0.0000
Metrics/physical_shadow/route_invalid_event: 0.0000
Metrics/physical_shadow/incoming_net_collision_event: 0.0000
Metrics/physical_shadow/reset_abort_event: 0.0000
Metrics/physical_shadow/incoming_bounce_latch: 0.9844
Metrics/physical_shadow/contact_latch: 0.0000
Metrics/physical_shadow/net_cross_latch: 0.0000
Metrics/physical_shadow/opponent_bounce_latch: 0.0000
Metrics/physical_shadow/launch_timing_error_s: 0.0061
Metrics/physical_shadow/contact_true_target_error: 0.0000
Metrics/physical_shadow/contact_planner_position_error: 0.0000
Metrics/physical_shadow/contact_planner_velocity_error: 0.0000
Metrics/physical_shadow/contact_planner_velocity_direction_error_deg: 0.0000
Metrics/physical_shadow/contact_planner_normal_error_deg: 0.0000
Metrics/physical_shadow/contact_outgoing_velocity_error: 0.0000
Metrics/physical_shadow/contact_outgoing_speed: 0.0000
Metrics/physical_shadow/contact_target_outgoing_speed: 0.0000
Metrics/physical_shadow/contact_outgoing_speed_ratio: 0.0000
Metrics/physical_shadow/contact_outgoing_direction_error_deg: 0.0000
Metrics/physical_shadow/contact_outgoing_velocity_x: 0.0000
Metrics/physical_shadow/contact_outgoing_velocity_y: 0.0000
Metrics/physical_shadow/contact_outgoing_velocity_z: 0.0000
Metrics/physical_shadow/contact_target_outgoing_velocity_x: 0.0000
Metrics/physical_shadow/contact_target_outgoing_velocity_y: 0.0000
Metrics/physical_shadow/contact_target_outgoing_velocity_z: 0.0000
Metrics/physical_shadow/contact_incoming_velocity_error: 0.0000
Metrics/physical_shadow/contact_incoming_velocity_direction_error_deg: 0.0000
Metrics/physical_shadow/contact_route_incoming_velocity_error: 0.0000
Metrics/physical_shadow/contact_route_incoming_velocity_direction_error_deg: 0.0000
Metrics/physical_shadow/contact_actual_route_incoming_velocity_error: 0.0000
Metrics/physical_shadow/contact_command_normal_only_error: 0.0000
Metrics/physical_shadow/contact_command_training_model_error: 0.0000
Metrics/physical_shadow/contact_command_physics_model_error: 0.0000
Metrics/physical_shadow/contact_actual_training_model_residual: 0.0000
Metrics/physical_shadow/contact_actual_physics_model_residual: 0.0000
Metrics/physical_shadow/contact_actual_normal_only_model_residual: 0.0000
Metrics/physical_shadow/contact_actual_training_predicted_target_error: 0.0000
Metrics/physical_shadow/contact_actual_physics_predicted_target_error: 0.0000
Metrics/physical_shadow/contact_actual_normal_only_predicted_target_error: 0.0000
Metrics/physical_shadow/contact_force_direction_valid: 0.0000
Metrics/physical_shadow/contact_force_vs_racket_normal_angle_deg: 0.0000
Metrics/physical_shadow/contact_actual_force_direction_model_residual: 0.0000
Metrics/physical_shadow/contact_actual_force_direction_predicted_target_error: 0.0000
Metrics/physical_shadow/contact_physx_data_valid: 0.0000
Metrics/physical_shadow/contact_physx_force: 0.0000
Metrics/physical_shadow/contact_physx_separation: 0.0000
Metrics/physical_shadow/contact_physx_normal_error_deg: 0.0000
Metrics/physical_shadow/contact_physx_point_radial_error: 0.0000
Metrics/physical_shadow/contact_actual_physx_normal_model_residual: 0.0000
Metrics/physical_shadow/contact_actual_physx_normal_predicted_target_error: 0.0000
Metrics/physical_shadow/contact_physx_substep_valid: 0.0000
Metrics/physical_shadow/contact_physx_substep_normal_error_deg: 0.0000
Metrics/physical_shadow/contact_physx_substep_point_radial_error: 0.0000
Metrics/physical_shadow/contact_physx_substep_point_normal_offset: 0.0000
Metrics/physical_shadow/contact_physx_patch_substeps: 0.0000
Metrics/physical_shadow/contact_physx_normal_impulse: 0.0000
Metrics/physical_shadow/contact_physx_capture_lag_s: 0.0000
Metrics/physical_shadow/contact_physx_contact_point_speed_delta: 0.0000
Metrics/physical_shadow/contact_physx_substep_link_model_residual: 0.0000
Metrics/physical_shadow/contact_physx_substep_point_model_residual: 0.0000
Metrics/physical_shadow/contact_physx_substep_outgoing_target_error: 0.0000
Metrics/physical_shadow/contact_physx_measured_restitution: 0.0000
Metrics/physical_shadow/contact_physx_pre_ball_speed: 0.0000
Metrics/physical_shadow/contact_physx_post_ball_speed: 0.0000
Metrics/physical_shadow/contact_physx_point_x: 0.0000
Metrics/physical_shadow/contact_physx_point_y: 0.0000
Metrics/physical_shadow/contact_physx_point_z: 0.0000
Metrics/physical_shadow/contact_physx_normal_x: 0.0000
Metrics/physical_shadow/contact_physx_normal_y: 0.0000
Metrics/physical_shadow/contact_physx_normal_z: 0.0000
Metrics/physical_shadow/contact_physx_pre_ball_velocity_x: 0.0000
Metrics/physical_shadow/contact_physx_pre_ball_velocity_y: 0.0000
Metrics/physical_shadow/contact_physx_pre_ball_velocity_z: 0.0000
Metrics/physical_shadow/contact_physx_post_ball_velocity_x: 0.0000
Metrics/physical_shadow/contact_physx_post_ball_velocity_y: 0.0000
Metrics/physical_shadow/contact_physx_post_ball_velocity_z: 0.0000
Metrics/physical_shadow/contact_physx_pre_racket_point_velocity_x: 0.0000
Metrics/physical_shadow/contact_physx_pre_racket_point_velocity_y: 0.0000
Metrics/physical_shadow/contact_physx_pre_racket_point_velocity_z: 0.0000
Metrics/physical_shadow/contact_physx_post_racket_point_velocity_x: 0.0000
Metrics/physical_shadow/contact_physx_post_racket_point_velocity_y: 0.0000
Metrics/physical_shadow/contact_physx_post_racket_point_velocity_z: 0.0000
Metrics/physical_shadow/contact_physx_pre_ball_angular_velocity_x: 0.0000
Metrics/physical_shadow/contact_physx_pre_ball_angular_velocity_y: 0.0000
Metrics/physical_shadow/contact_physx_pre_ball_angular_velocity_z: 0.0000
Metrics/physical_shadow/contact_physx_post_ball_angular_velocity_x: 0.0000
Metrics/physical_shadow/contact_physx_post_ball_angular_velocity_y: 0.0000
Metrics/physical_shadow/contact_physx_post_ball_angular_velocity_z: 0.0000
Metrics/physical_shadow/contact_physx_pre_ball_surface_tangent_speed: 0.0000
Metrics/physical_shadow/contact_physx_post_ball_spin_speed: 0.0000
Metrics/physical_shadow/contact_impact_normal_error_deg: 0.0000
Metrics/physical_shadow/contact_wire_impact_normal_gap_deg: 0.0000
Metrics/physical_shadow/contact_face_radial_error: 0.0000
Metrics/physical_shadow/contact_time_to_strike: 0.0000
Metrics/physical_shadow/landing_target_error: 0.0000
Metrics/physical_shadow/landing_target_x_error: 0.0000
Metrics/physical_shadow/landing_target_y_error: 0.0000
Metrics/physical_shadow/landing_position_x: 0.0000
Metrics/physical_shadow/landing_position_y: 0.0000
Metrics/physical_shadow/minimum_ball_racket_distance: 1.0886
      Episode_Termination/time_out: 0.0000
  Episode_Termination/base_too_low: 0.0000
   Episode_Termination/base_tilted: 1.2500
   Episode_Termination/table_touch: 0.0000
Episode_Termination/persistent_action_overflow: 0.0000
--------------------------------------------------------------------------------
                   Total timesteps: 4096
                    Iteration time: 3.00s
                      Time elapsed: 00:00:12
                               ETA: 00:00:06

################################################################################
                        [1m Learning iteration 4/5 [0m                        

                       Computation: 335 steps/s (collection: 3.009s, learning 0.039s)
             Mean action noise std: 0.25
          Mean value_function loss: 0.0501
               Mean surrogate loss: -0.0369
                 Mean entropy loss: 1.0136
                       Mean reward: 1.13
               Mean episode length: 66.24
 Episode_Reward/undesired_contacts: -0.0007
  Episode_Reward/feet_contact_slip: -0.0013
     Episode_Reward/table_no_touch: -0.0012
              Episode_Reward/alive: 0.0025
            Episode_Reward/upright: -0.0065
          Episode_Reward/imitation: 0.0702
    Episode_Reward/racket_position: 0.0013
    Episode_Reward/racket_velocity: 0.0024
Episode_Reward/planner_racket_task_space_crossfade: 0.0108
    Episode_Reward/blade_direction: 0.0016
Episode_Reward/healthy_trunk_support: 0.0167
 Episode_Reward/pre_strike_station: 0.0102
    Episode_Reward/recovery_health: 0.0055
Episode_Reward/no_command_ready_stability: 0.0011
Episode_Reward/post_strike_base_ang_vel: 0.0002
Episode_Reward/phase_action_overflow: -0.0005
     Episode_Reward/strike_balance: 0.0020
Episode_Reward/prestrike_station_progress: -0.0110
 Episode_Reward/lower_body_support: 0.0168
Episode_Reward/termination_penalty: -0.0200
Episode_Reward/phase_action_rate_waist: -0.0001
Episode_Reward/phase_action_rate_upper: -0.0001
Episode_Reward/phase_action_rate_legs: -0.0001
        Episode_Reward/joint_limit: -0.0034
Episode_Reward/prestrike_racket_progress: 0.0542
Episode_Reward/near_impact_planner_velocity_progress: 0.0017
Episode_Reward/operational_joint_margin: -0.0258
  Episode_Reward/joint_target_slew: -0.0058
Episode_Reward/actuator_waist_feasibility: -0.0000
Episode_Reward/actuator_right_arm_feasibility: -0.0000
Episode_Reward/actuator_leg_feasibility: -0.0000
Episode_Reward/physical_outcome_events: 0.0000
Episode_Reward/physical_recovery_settlement: 0.0000
Episode_Reward/physical_capability_curriculum: 0.0000
    Metrics/motion/error_joint_pos: 1.6801
    Metrics/motion/error_joint_vel: 7.2759
     Metrics/motion/error_body_pos: 0.2390
     Metrics/motion/error_body_rot: 0.7193
       Metrics/motion/motion_phase: 0.4706
            Metrics/motion/in_hold: 0.0000
Metrics/motion/motion_start_warmup_prob: 0.7500
Metrics/motion/motion_start_lifecycle_progress: 0.0000
Metrics/motion/motion_start_effective_prestrike_fraction: 1.0000
Metrics/motion/motion_start_effective_recovery_fraction: 0.0000
Metrics/motion/motion_start_effective_rsi_fraction: 0.0000
 Metrics/motion/motion_start_reset: 0.8281
Metrics/motion/motion_start_prestrike_reset: 0.0000
Metrics/motion/motion_start_recovery_reset: 0.0000
Metrics/motion/motion_start_rsi_reset: 0.0000
 Metrics/motion/single_cycle_reset: 0.0000
     Metrics/motion/motion_clip_id: 0.2031
Metrics/motion/motion_supplemental_clip: 0.0000
      Metrics/motion/stand_episode: 0.0000
Metrics/motion/default_stand_reset: 0.1719
Metrics/motion/error_body_pos_lower: 0.2895
Metrics/motion/error_body_rot_lower: 0.6445
Metrics/motion/error_body_lin_vel_lower: 0.7387
Metrics/motion/error_body_ang_vel_lower: 2.8906
Metrics/motion/reference_body_lin_speed_lower: 0.0306
Metrics/motion/robot_body_lin_speed_lower: 0.7440
Metrics/motion/error_body_pos_core: 0.1059
Metrics/motion/error_body_rot_core: 0.6268
Metrics/motion/error_body_lin_vel_core: 1.4589
Metrics/motion/error_body_ang_vel_core: 2.1036
Metrics/motion/reference_body_lin_speed_core: 0.0397
Metrics/motion/robot_body_lin_speed_core: 1.4620
Metrics/motion/error_body_pos_upper: 0.2330
Metrics/motion/error_body_rot_upper: 0.8249
Metrics/motion/error_body_lin_vel_upper: 1.9144
Metrics/motion/error_body_ang_vel_upper: 2.6735
Metrics/motion/reference_body_lin_speed_upper: 0.1966
Metrics/motion/robot_body_lin_speed_upper: 1.8850
Metrics/motion/error_joint_pos_waist: 0.2887
Metrics/motion/error_joint_vel_waist: 2.8381
Metrics/motion/reference_joint_speed_waist: 0.0416
Metrics/motion/error_joint_pos_arms: 1.4352
Metrics/motion/error_joint_vel_arms: 4.2682
Metrics/motion/reference_joint_speed_arms: 0.3097
Metrics/motion/error_joint_pos_legs: 0.7550
Metrics/motion/error_joint_vel_legs: 4.9598
Metrics/motion/reference_joint_speed_legs: 0.0128
Metrics/racket_target/racket_pos_error: 0.5949
Metrics/racket_target/racket_vel_error: 2.1960
Metrics/racket_target/time_to_strike: -0.2319
Metrics/racket_target/return_success: 0.0000
Metrics/racket_target/prev_return_success: 0.0000
Metrics/racket_target/prev_net_cross: 0.0000
Metrics/racket_target/current_net_cross: 0.0000
Metrics/racket_target/racket_pos_curriculum_scale: 0.3667
Metrics/racket_target/impact_inverse_command_blend: 0.0000
Metrics/racket_target/steps_since_target_resample: 76.0938
Metrics/racket_target/recovery_height_error: 0.1775
Metrics/racket_target/recovery_upright_error: 0.6819
Metrics/racket_target/recovery_base_lin_vel: 1.0203
Metrics/racket_target/recovery_base_ang_vel: 1.7691
Metrics/racket_target/recovery_station_error: 0.5375
Metrics/racket_target/recovery_feet_contact_frac: 0.7344
Metrics/racket_target/recovery_racket_speed: 2.3607
Metrics/racket_target/recovery_height_score: 0.0776
Metrics/racket_target/recovery_upright_score: 0.0011
Metrics/racket_target/recovery_lin_vel_score: 0.0800
Metrics/racket_target/recovery_ang_vel_score: 0.0481
Metrics/racket_target/recovery_station_score: 0.0193
Metrics/racket_target/recovery_racket_score: 0.0065
Metrics/racket_target/recovery_arm_score: 0.4571
Metrics/racket_target/recovery_ready_score: 0.1467
Metrics/racket_target/recovery_anchor_arm_score: 1.0000
Metrics/racket_target/recovery_core_ready_score: 0.0084
Metrics/racket_target/recovery_functional_ready_score: 0.0056
Metrics/racket_target/waist_action_overflow_rms: 0.0038
Metrics/racket_target/right_arm_action_overflow_rms: 0.0000
Metrics/racket_target/leg_action_overflow_rms: 0.0614
Metrics/racket_target/operational_margin_fraction: 0.0277
Metrics/racket_target/waist_operational_margin_fraction: 0.0312
Metrics/racket_target/right_arm_operational_margin_fraction: 0.0000
Metrics/racket_target/leg_operational_margin_fraction: 0.0638
Metrics/racket_target/waist_operational_excess_rms: 0.0066
Metrics/racket_target/right_arm_operational_excess_rms: 0.0000
Metrics/racket_target/leg_operational_excess_rms: 0.0364
Metrics/racket_target/q_des_velocity_violation_fraction: 0.1361
Metrics/racket_target/waist_q_des_velocity_violation_fraction: 0.2083
Metrics/racket_target/right_arm_q_des_velocity_violation_fraction: 0.0580
Metrics/racket_target/leg_q_des_velocity_violation_fraction: 0.2396
Metrics/racket_target/q_des_acceleration_violation_fraction: 0.7011
Metrics/racket_target/waist_q_des_acceleration_violation_fraction: 0.8750
Metrics/racket_target/right_arm_q_des_acceleration_violation_fraction: 0.5625
Metrics/racket_target/leg_q_des_acceleration_violation_fraction: 0.9375
Metrics/racket_target/waist_q_des_velocity_rms: 7.9370
Metrics/racket_target/right_arm_q_des_velocity_rms: 5.2431
Metrics/racket_target/leg_q_des_velocity_rms: 10.4454
Metrics/racket_target/waist_q_des_acceleration_rms: 803.0132
Metrics/racket_target/right_arm_q_des_acceleration_rms: 450.5308
Metrics/racket_target/leg_q_des_acceleration_rms: 1004.1631
Metrics/racket_target/action_operational_feasibility_score: 0.6016
Metrics/racket_target/actuator_overflow_consecutive_steps: 0.0000
Metrics/racket_target/actuator_overflow_severe: 0.0000
Metrics/racket_target/recovery_phase_gate: 0.6875
Metrics/racket_target/recovery_phase_ready_score: 0.0961
Metrics/racket_target/recovery_contact_ready_score: 0.0000
Metrics/racket_target/recovery_net_ready_score: 0.0000
Metrics/racket_target/recovery_return_ready_score: 0.0000
Metrics/racket_target/cycle_success_ready_score: 0.0000
Metrics/racket_target/cycle_success_soft: 0.0000
Metrics/racket_target/cycle_success_binary: 0.0000
Metrics/racket_target/cycle_v2_pending: 0.0000
Metrics/racket_target/cycle_v2_attempt_latch: 0.0000
Metrics/racket_target/cycle_v2_ready_success_latch: 0.0000
Metrics/racket_target/cycle_v2_ready_fail_latch: 0.0000
Metrics/racket_target/cycle_v2_attempt_event: 0.0000
Metrics/racket_target/cycle_v2_ready_success_event: 0.0000
Metrics/racket_target/cycle_v2_ready_fail_event: 0.0000
Metrics/racket_target/cycle_v2_unresolved_resample_fail_event: 0.0000
Metrics/racket_target/cycle_v2_resolved_event: 0.0000
Metrics/racket_target/cycle_v2_command_visible_steps: 0.0000
Metrics/racket_target/cycle_v2_elapsed_steps: 0.0000
Metrics/racket_target/cycle_v2_ready_score: 0.0000
Metrics/racket_target/cycle_v2_ready_ok: 0.0000
Metrics/racket_target/cycle_v2_visible: 0.0000
Metrics/racket_target/cycle_v2_ready_score_ok: 0.0000
Metrics/racket_target/cycle_v2_height_ok: 0.0000
Metrics/racket_target/cycle_v2_upright_ok: 0.0000
Metrics/racket_target/cycle_v2_base_lin_vel_ok: 0.0000
Metrics/racket_target/cycle_v2_base_ang_vel_ok: 0.0000
Metrics/racket_target/cycle_v2_feet_ok: 0.0000
Metrics/racket_target/cycle_v2_core_ready_ok: 0.0000
Metrics/racket_target/cycle_v2_ready_consecutive_steps: 0.0000
Metrics/racket_target/single_cycle_bootstrap: 0.0000
Metrics/racket_target/single_cycle_swing_completed: 0.0000
Metrics/racket_target/single_cycle_recovery_active: 0.0000
Metrics/racket_target/single_cycle_recovery_elapsed_steps: 0.0000
Metrics/racket_target/single_cycle_ready_consecutive_steps: 0.0000
Metrics/racket_target/single_cycle_safe_timeout_event: 0.0000
Metrics/racket_target/single_cycle_deadline_timeout_event: 0.0000
Metrics/racket_target/single_cycle_timeout_latch: 0.0000
Metrics/racket_target/single_cycle_hard_failure_event: 0.0000
Metrics/racket_target/single_cycle_probability: 0.0000
Metrics/racket_target/single_cycle_curriculum_level: 0.0000
Metrics/racket_target/single_cycle_effective_deadline_steps: 100.0000
Metrics/racket_target/single_cycle_selected_events: 0.0000
Metrics/racket_target/single_cycle_completed_events: 0.0000
Metrics/racket_target/single_cycle_safe_timeout_events: 0.0000
Metrics/racket_target/single_cycle_deadline_timeout_events: 0.0000
Metrics/racket_target/single_cycle_hard_failure_events: 0.0000
Metrics/racket_target/active_ready_consecutive_steps: 0.0000
Metrics/racket_target/active_ready_success_event: 0.0000
Metrics/racket_target/active_ready_success_latch: 0.0000
Metrics/racket_target/active_ready_survival_steps: 0.0000
Metrics/racket_target/active_ready_survival_next_milestone: 0.0000
Metrics/racket_target/active_ready_survival_milestone_event: 0.0000
Metrics/racket_target/no_command_ready_active: 0.0000
Metrics/racket_target/no_command_from_stand_episode: 0.0000
Metrics/racket_target/no_command_from_default_stand_reset: 0.0000
Metrics/racket_target/no_command_ready_upright_ok: 0.0000
Metrics/racket_target/no_command_ready_motion_ok: 0.0000
Metrics/racket_target/no_command_ready_score: 0.0000
Metrics/racket_target/no_command_ready_progress: 0.0000
Metrics/racket_target/no_command_ready_station_error: 0.0000
Metrics/racket_target/no_command_ready_fixed_station_error: 0.0000
Metrics/racket_target/healthy_training_stage: 3.0000
Metrics/racket_target/healthy_stage_planted_rehearsal: 0.0000
Metrics/racket_target/healthy_stage_station_hold_seen: 0.0000
Metrics/racket_target/healthy_stage_station_arrived: 0.0000
Metrics/racket_target/healthy_stage_station_settled: 0.0000
Metrics/racket_target/healthy_stage_station_settle_steps: 0.0000
Metrics/racket_target/station_relocation_active: 0.0000
Metrics/racket_target/station_relocation_target_offset_y: 0.0000
Metrics/racket_target/station_relocation_error: 0.0000
Metrics/racket_target/station_relocation_arrival_event: 0.0000
Metrics/racket_target/station_relocation_settle_event: 0.0000
Metrics/racket_target/station_relocation_release_event: 0.0000
Metrics/racket_target/station_relocation_timeout_event: 0.0000
Metrics/racket_target/station_relocation_elapsed_steps: 0.0000
Metrics/racket_target/station_relocation_hold_deadline_steps: 0.0000
Metrics/racket_target/lifecycle_recovery_hold_active: 0.0000
Metrics/racket_target/lifecycle_recovery_release_success_event: 0.0000
Metrics/racket_target/lifecycle_recovery_release_fail_event: 0.0000
Metrics/racket_target/station_relocation_level: 0.0000
Metrics/racket_target/station_relocation_arrival_ema: 0.0000
Metrics/racket_target/station_relocation_settle_ema: 0.0000
Metrics/racket_target/station_relocation_contact_ema: 0.0000
Metrics/racket_target/station_relocation_safety_ema: 0.0000
Metrics/racket_target/station_relocation_resolved_events: 0.0000
Metrics/racket_target/station_relocation_terminal_reset_events: 0.0000
Metrics/racket_target/station_relocation_advance_streak: 0.0000
Metrics/racket_target/station_relocation_regress_streak: 0.0000
Metrics/racket_target/station_relocation_effective_max_lin_vel: 0.0000
Metrics/racket_target/station_relocation_effective_max_ang_vel: 0.0000
Metrics/racket_target/station_relocation_effective_min_settle_steps: 0.0000
Metrics/racket_target/ability_curriculum_level: 0.0000
Metrics/racket_target/ability_curriculum_scale: 0.3667
Metrics/racket_target/ability_curriculum_resolved_events: 0.0000
Metrics/racket_target/ability_curriculum_total_resolved_events: 0.0000
Metrics/racket_target/ability_curriculum_advance_streak: 0.0000
Metrics/racket_target/ability_curriculum_regress_streak: 0.0000
Metrics/racket_target/ability_contact_ema: 0.0000
Metrics/racket_target/ability_net_ema: 0.0000
Metrics/racket_target/ability_success_ema: 0.0000
Metrics/racket_target/ability_recovery_ema: 0.0000
Metrics/racket_target/ability_cycle_ema: 0.0000
Metrics/racket_target/ability_cycle_attempt_ema: 0.0000
Metrics/racket_target/ability_cycle_resolved_ema: 0.0000
Metrics/racket_target/ability_forehand_contact_ema: 0.0000
Metrics/racket_target/ability_forehand_net_ema: 0.0000
Metrics/racket_target/ability_forehand_success_ema: 0.0000
Metrics/racket_target/ability_backhand_contact_ema: 0.0000
Metrics/racket_target/ability_backhand_net_ema: 0.0000
Metrics/racket_target/ability_backhand_success_ema: 0.0000
Metrics/racket_target/ability_attempt_ema: 0.0000
Metrics/racket_target/ability_targeted_attempt_ema: 0.0000
Metrics/racket_target/impact_health_floor_progress: 0.0000
Metrics/racket_target/ability_safety_ema: 1.0000
Metrics/racket_target/ability_station_saturation_ema: 0.0000
Metrics/racket_target/ability_healthy_normal_ema: 0.0000
Metrics/racket_target/ability_station_arrival_ema: 0.0000
Metrics/racket_target/ability_station_settle_ema: 0.0000
Metrics/racket_target/planner_hit_plane_blend: 1.0000
Metrics/racket_target/planner_hit_plane_x_delta: 0.0364
Metrics/racket_target/true_strike_table_x: 0.2038
Metrics/racket_target/planner_target_table_x: 0.2038
Metrics/racket_target/workspace_level: 0.0000
Metrics/racket_target/workspace_fringe_sample: 0.0000
Metrics/racket_target/workspace_target_lateral_norm: 0.4183
Metrics/racket_target/workspace_target_table_y: -0.2957
Metrics/racket_target/workspace_playable_y_min: -0.7225
Metrics/racket_target/workspace_playable_y_max: 0.7225
Metrics/racket_target/workspace_active_y_lo: -0.3388
Metrics/racket_target/workspace_active_y_hi: -0.2188
Metrics/racket_target/workspace_motion_seed_blend: 0.0000
Metrics/racket_target/incoming_ball_horizontal_speed: 0.9991
Metrics/racket_target/incoming_ball_speed: 1.3752
Metrics/racket_target/incoming_ball_speed_curriculum_level: 0.0000
Metrics/racket_target/incoming_ball_speed_sample_low: 0.9000
Metrics/racket_target/incoming_ball_speed_sample_high: 1.2500
Metrics/racket_target/station_saturated: 1.0000
Metrics/racket_target/station_raw_clip_excess: 0.0454
Metrics/racket_target/station_saturated_x: 1.0000
Metrics/racket_target/station_saturated_y: 1.0000
Metrics/racket_target/station_raw_clip_excess_x: 0.0118
Metrics/racket_target/station_raw_clip_excess_y: 0.0431
Metrics/racket_target/current_swing_opportunity: 0.8750
Metrics/racket_target/current_swing_attempt: 0.8750
Metrics/racket_target/current_swing_targeted_attempt: 0.0000
Metrics/racket_target/prev_swing_targeted_attempt: 0.0000
Metrics/racket_target/current_swing_unsafe: 0.8750
Metrics/racket_target/current_swing_station_saturated: 1.0000
Metrics/racket_target/impact_health_score: 0.0072
Metrics/racket_target/impact_health_ok: 0.0000
Metrics/racket_target/impact_health_backlean_violation: 0.3513
Metrics/racket_target/impact_health_waist_backfold: 0.0310
Metrics/racket_target/impact_health_base_retreat: 0.4276
Metrics/racket_target/impact_health_torso_gravity_x: -0.3408
Metrics/racket_target/impact_health_torso_ang_vel: 1.8567
Metrics/racket_target/impact_health_com_x: 0.4802
Metrics/racket_target/impact_health_com_y: 0.1298
Metrics/racket_target/post_contact_ready_pending: 0.0000
Metrics/racket_target/post_contact_ready_elapsed_steps: 0.0000
Metrics/racket_target/post_contact_ready_consecutive_steps: 0.0000
Metrics/racket_target/post_contact_ready_diagnostic_pending: 0.0000
Metrics/racket_target/post_contact_ready_diagnostic_elapsed_steps: 0.0000
Metrics/racket_target/post_contact_ready_durable_pending: 0.0000
Metrics/racket_target/post_contact_ready_durable_consecutive_steps: 0.0000
Metrics/racket_target/post_contact_ready_durable_ready_now: 0.0000
Metrics/racket_target/post_contact_ready_durable_success_event: 0.0000
Metrics/racket_target/post_contact_ready_durable_fail_event: 0.0000
Metrics/racket_target/post_contact_ready_durable_resolution_success_rate: 0.0000
Metrics/racket_target/post_contact_ready_durable_resolution_fail_rate: 0.0000
Metrics/racket_target/post_contact_ready_durable_resolution_success_latency_steps: 0.0000
Metrics/racket_target/post_contact_ready_durable_resolution_fail_latency_steps: 0.0000
Metrics/racket_target/post_contact_ready_durable_fail_backlean_rate: 0.0000
Metrics/racket_target/post_contact_ready_durable_fail_forward_lean_rate: 0.0000
Metrics/racket_target/post_contact_ready_durable_fail_torso_ang_vel_rate: 0.0000
Metrics/racket_target/post_contact_ready_durable_fail_base_lin_vel_rate: 0.0000
Metrics/racket_target/post_contact_ready_durable_fail_base_ang_vel_rate: 0.0000
Metrics/racket_target/post_contact_ready_durable_fail_racket_speed_rate: 0.0000
Metrics/racket_target/post_contact_ready_durable_fail_height_rate: 0.0000
Metrics/racket_target/post_contact_ready_durable_fail_com_x_rate: 0.0000
Metrics/racket_target/post_contact_ready_durable_fail_com_y_rate: 0.0000
Metrics/racket_target/post_contact_ready_durable_fail_feet_rate: 0.0000
Metrics/racket_target/post_contact_ready_durable_fail_station_rate: 0.0000
Metrics/racket_target/post_contact_ready_durable_fail_arm_rate: 0.0000
Metrics/racket_target/post_contact_ready_terminal_window_active: 0.0000
Metrics/racket_target/post_contact_ready_terminal_quality: 0.0000
Metrics/racket_target/post_contact_ready_terminal_settlement_event: 0.0000
Metrics/racket_target/post_contact_ready_operational_ready_now: 0.0000
Metrics/racket_target/post_contact_ready_operational_consecutive_steps: 0.0000
Metrics/racket_target/post_contact_ready_safe_settlement_event: 0.0000
Metrics/racket_target/post_contact_ready_unsafe_settlement_event: 0.0000
Metrics/racket_target/post_contact_ready_incomplete_settlement_event: 0.0000
Metrics/racket_target/post_contact_ready_safe_net_cycle_event: 0.0000
Metrics/racket_target/post_contact_ready_terminal_quality_mean: 0.0000
Metrics/racket_target/post_contact_ready_safe_terminal_quality_mean: 0.0000
Metrics/racket_target/post_contact_ready_terminal_safe_rate: 0.0000
Metrics/racket_target/post_contact_ready_terminal_unsafe_rate: 0.0000
Metrics/racket_target/post_contact_ready_terminal_incomplete_rate: 0.0000
Metrics/racket_target/post_contact_ready_safe_net_cycle_rate: 0.0000
Metrics/racket_target/post_contact_ready_score: 0.0000
Metrics/racket_target/post_contact_ready_now: 0.0000
Metrics/racket_target/post_contact_ready_success_event: 0.0000
Metrics/racket_target/post_contact_ready_fail_event: 0.0000
Metrics/racket_target/post_contact_ready_outcome_tier: 0.0000
Metrics/racket_target/post_contact_ready_face_quality: 0.0000
Metrics/racket_target/post_contact_ready_safe_face_net_cycle_value: 0.0000
Metrics/racket_target/post_contact_ready_planner_speed_ratio: 0.0000
Metrics/racket_target/post_contact_ready_planner_direction_error_rad: 0.0000
Metrics/racket_target/post_contact_ready_planner_position_error: 0.0000
Metrics/racket_target/post_contact_ready_impact_health_score: 0.0000
Metrics/racket_target/post_contact_ready_peak_base_ang_vel: 0.0000
Metrics/racket_target/post_contact_ready_peak_ang_vel_excess_increment: 0.0000
Metrics/racket_target/post_contact_ready_envelope_violation_latch: 0.0000
Metrics/racket_target/post_contact_ready_envelope_violation_event: 0.0000
Metrics/racket_target/post_contact_ready_envelope_first_violation_step: 0.0000
Metrics/racket_target/post_contact_ready_envelope_attempts: 0.0000
Metrics/racket_target/post_contact_ready_envelope_violation_rate: 0.0000
Metrics/racket_target/post_contact_ready_envelope_tilt_violation_rate: 0.0000
Metrics/racket_target/post_contact_ready_envelope_pitch_violation_rate: 0.0000
Metrics/racket_target/post_contact_ready_envelope_com_violation_rate: 0.0000
Metrics/racket_target/post_contact_ready_envelope_waist_violation_rate: 0.0000
Metrics/racket_target/post_contact_ready_envelope_leg_violation_rate: 0.0000
Metrics/racket_target/post_contact_ready_envelope_base_ang_vel_violation_rate: 0.0000
Metrics/racket_target/post_contact_ready_resolution_success_rate: 0.0000
Metrics/racket_target/post_contact_ready_resolution_fail_rate: 0.0000
Metrics/racket_target/post_contact_ready_resolution_success_latency_steps: 0.0000
Metrics/racket_target/post_contact_ready_resolution_fail_latency_steps: 0.0000
Metrics/racket_target/post_contact_ready_max_tilt: 0.0000
Metrics/racket_target/post_contact_ready_max_abs_pitch: 0.0000
Metrics/racket_target/post_contact_ready_max_com_x: 0.0000
Metrics/racket_target/post_contact_ready_max_com_y: 0.0000
Metrics/racket_target/post_contact_ready_max_waist_overflow: 0.0000
Metrics/racket_target/post_contact_ready_max_leg_overflow: 0.0000
Metrics/racket_target/post_contact_ready_settlement_velocity_score_ema: 0.0000
Metrics/racket_target/post_contact_ready_settlement_position_gate_ema: 0.0000
Metrics/racket_target/post_contact_ready_settlement_health_gate_ema: 0.0000
Metrics/racket_target/post_contact_ready_settlement_recovery_gate_ema: 0.0000
Metrics/racket_target/post_contact_ready_settlement_total_score_ema: 0.0000
Metrics/racket_target/post_contact_recovery_backlean_error: 0.0000
Metrics/racket_target/post_contact_recovery_directional_progress: 0.0000
Metrics/racket_target/post_contact_ready_torso_ok: 0.0000
Metrics/racket_target/post_contact_ready_motion_ok: 0.0000
Metrics/racket_target/post_contact_ready_support_ok: 0.0000
Metrics/racket_target/post_contact_ready_arm_ok: 0.0000
Metrics/racket_target/post_contact_ready_base_lin_vel_ok: 0.0000
Metrics/racket_target/post_contact_ready_base_ang_vel_ok: 0.0000
Metrics/racket_target/post_contact_ready_racket_speed_ok: 0.0000
Metrics/racket_target/post_contact_ready_height_ok: 0.0000
Metrics/racket_target/post_contact_ready_com_x_ok: 0.0000
Metrics/racket_target/post_contact_ready_com_y_ok: 0.0000
Metrics/racket_target/post_contact_ready_feet_ok: 0.0000
Metrics/racket_target/post_contact_ready_station_ok: 0.0000
Metrics/racket_target/post_contact_ready_fail_torso: 0.0000
Metrics/racket_target/post_contact_ready_fail_base_lin_vel: 0.0000
Metrics/racket_target/post_contact_ready_fail_base_ang_vel: 0.0000
Metrics/racket_target/post_contact_ready_fail_racket_speed: 0.0000
Metrics/racket_target/post_contact_ready_fail_support: 0.0000
Metrics/racket_target/post_contact_ready_fail_arm: 0.0000
Metrics/racket_target/post_contact_ready_shadow_now: 0.0000
Metrics/racket_target/post_contact_ready_shadow_consecutive_steps: 0.0000
Metrics/racket_target/post_contact_ready_shadow_success_latch: 0.0000
Metrics/racket_target/post_contact_ready_curriculum_level: 0.0000
Metrics/racket_target/post_contact_ready_curriculum_fraction: 0.0000
Metrics/racket_target/post_contact_ready_curriculum_success_ema: 0.0000
Metrics/racket_target/post_contact_ready_curriculum_shadow_success_ema: 0.0000
Metrics/racket_target/post_contact_ready_curriculum_resolved_events: 0.0000
Metrics/racket_target/post_contact_ready_curriculum_successful_events: 0.0000
Metrics/racket_target/post_contact_ready_curriculum_targeted_attempt_ema: 0.0000
Metrics/racket_target/post_contact_ready_curriculum_return_success_ema: 0.0000
Metrics/racket_target/post_contact_ready_curriculum_completed_swings: 0.0000
Metrics/racket_target/post_contact_ready_curriculum_advance_streak: 0.0000
Metrics/racket_target/post_contact_ready_curriculum_advance_guard_ok: 0.0000
Metrics/racket_target/post_contact_ready_effective_max_torso_ang_vel: 0.0000
Metrics/racket_target/post_contact_ready_effective_max_base_lin_vel: 0.0000
Metrics/racket_target/post_contact_ready_effective_max_base_ang_vel: 0.0000
Metrics/racket_target/post_contact_ready_effective_max_racket_speed: 0.0000
Metrics/racket_target/post_contact_ready_effective_min_feet_contact: 0.0000
Metrics/racket_target/post_contact_ready_effective_required_consecutive_steps: 0.0000
Metrics/racket_target/post_contact_ready_effective_deadline_steps: 0.0000
Metrics/racket_target/post_contact_ready_curriculum_advance_threshold: 0.0000
Metrics/racket_target/post_contact_ready_curriculum_advance_min_events: 0.0000
Metrics/racket_target/post_contact_ready_curriculum_shadow_threshold: 0.0000
Metrics/racket_target/post_contact_ready_curriculum_min_targeted_attempt_ema: 0.0000
Metrics/racket_target/post_contact_ready_curriculum_min_return_success_ema: 0.0000
Metrics/racket_target/post_contact_ready_curriculum_min_completed_swings: 0.0000
Metrics/racket_target/post_contact_ready_curriculum_required_advance_checks: 0.0000
Metrics/racket_target/racket_normal_error_deg: 63.0564
Metrics/racket_target/impact_normal_error_deg: 38.9313
Metrics/racket_target/impact_racket_vel_error_mps: 1.4717
Metrics/racket_target/impact_racket_speed_ratio: 0.8462
Metrics/racket_target/impact_racket_vel_angle_deg: 46.8021
Metrics/racket_target/impact_racket_actual_vel_x: -0.0132
Metrics/racket_target/impact_racket_actual_vel_y: 0.4692
Metrics/racket_target/impact_racket_actual_vel_z: 1.1584
Metrics/racket_target/impact_racket_target_vel_x: 1.0832
Metrics/racket_target/impact_racket_target_vel_y: 0.1705
Metrics/racket_target/impact_racket_target_vel_z: 1.1938
Metrics/racket_target/impact_ball_out_error_mps: 3.2465
Metrics/racket_target/impact_face_radial_error_m: 0.3833
Metrics/racket_target/impact_face_normal_gap_m: 0.0886
Metrics/racket_target/impact_face_quality: 0.0000
Metrics/racket_target/impact_center_contact: 0.0000
Metrics/racket_target/impact_center_net_cross: 0.0000
Metrics/racket_target/impact_center_on_opponent: 0.0000
Metrics/racket_target/impact_rim_contact: 0.0000
Metrics/racket_target/impact_rim_net_cross: 0.0000
Metrics/racket_target/impact_rim_on_opponent: 0.0000
Metrics/racket_target/impact_analytic_outer_contact: 0.0000
Metrics/racket_target/impact_analytic_outer_net_cross: 0.0000
Metrics/racket_target/impact_analytic_outer_on_opponent: 0.0000
Metrics/racket_target/impact_planner_pos_error_m: 0.4149
Metrics/racket_target/impact_planner_vel_error_mps: 1.4717
Metrics/racket_target/impact_planner_speed_ratio: 0.8462
Metrics/racket_target/impact_planner_vel_angle_deg: 46.8021
Metrics/racket_target/impact_healthy_normal_ok: 0.0000
Metrics/racket_target/impact_healthy_contact: 0.0000
Metrics/racket_target/impact_healthy_net_cross: 0.0000
Metrics/racket_target/impact_healthy_on_opponent: 0.0000
Metrics/racket_target/current_swing_impact_health_score: 0.0000
Metrics/racket_target/current_swing_healthy_contact: 0.0000
Metrics/racket_target/current_swing_healthy_net_cross: 0.0000
Metrics/racket_target/current_swing_healthy_on_opponent: 0.0000
Metrics/racket_target/current_swing_healthy_normal_ok: 0.0000
Metrics/racket_target/current_swing_contact: 0.0000
Metrics/racket_target/current_swing_net_cross: 0.0000
Metrics/racket_target/current_swing_on_opponent: 0.0000
Metrics/racket_target/current_swing_center_contact: 0.0000
Metrics/racket_target/current_swing_center_net_cross: 0.0000
Metrics/racket_target/current_swing_center_on_opponent: 0.0000
Metrics/racket_target/current_swing_rim_contact: 0.0000
Metrics/racket_target/current_swing_rim_net_cross: 0.0000
Metrics/racket_target/current_swing_rim_on_opponent: 0.0000
Metrics/racket_target/current_swing_analytic_outer_contact: 0.0000
Metrics/racket_target/current_swing_analytic_outer_net_cross: 0.0000
Metrics/racket_target/current_swing_analytic_outer_on_opponent: 0.0000
Metrics/racket_target/cycle_v2_outcome_tier: -1.0000
Metrics/racket_target/cycle_v2_streak: 0.0000
Metrics/racket_target/closed_loop_recovery_trigger_event: 0.0000
Metrics/racket_target/closed_loop_cycle_success_event: 0.0000
Metrics/racket_target/closed_loop_durable_cycle_success_event: 0.0000
Metrics/racket_target/closed_loop_phase_id: 2.5312
Metrics/racket_target/closed_loop_phase_ready_no_command: 0.0000
Metrics/racket_target/closed_loop_phase_command_acquire: 0.0000
Metrics/racket_target/closed_loop_phase_pre_strike: 0.5781
Metrics/racket_target/closed_loop_phase_strike: 0.3125
Metrics/racket_target/closed_loop_phase_follow_through: 0.1094
Metrics/racket_target/closed_loop_phase_recovery: 0.0000
Metrics/racket_target/closed_loop_phase_next_ready: 0.0000
Metrics/racket_target/post_contact_phase_impact_0_100ms_attempts: 0.0000
Metrics/racket_target/post_contact_phase_impact_0_100ms_tilt_gt_0p1_rate: 0.0000
Metrics/racket_target/post_contact_phase_impact_0_100ms_pitch_gt_0p1_rate: 0.0000
Metrics/racket_target/post_contact_phase_impact_0_100ms_waist_overflow_gt_1p0_rate: 0.0000
Metrics/racket_target/post_contact_phase_impact_0_100ms_base_ang_vel_gt_0p8_rate: 0.0000
Metrics/racket_target/post_contact_phase_brake_100_300ms_attempts: 0.0000
Metrics/racket_target/post_contact_phase_brake_100_300ms_tilt_gt_0p1_rate: 0.0000
Metrics/racket_target/post_contact_phase_brake_100_300ms_pitch_gt_0p1_rate: 0.0000
Metrics/racket_target/post_contact_phase_brake_100_300ms_waist_overflow_gt_1p0_rate: 0.0000
Metrics/racket_target/post_contact_phase_brake_100_300ms_base_ang_vel_gt_0p8_rate: 0.0000
Metrics/racket_target/post_contact_phase_settle_300_600ms_attempts: 0.0000
Metrics/racket_target/post_contact_phase_settle_300_600ms_tilt_gt_0p1_rate: 0.0000
Metrics/racket_target/post_contact_phase_settle_300_600ms_pitch_gt_0p1_rate: 0.0000
Metrics/racket_target/post_contact_phase_settle_300_600ms_waist_overflow_gt_1p0_rate: 0.0000
Metrics/racket_target/post_contact_phase_settle_300_600ms_base_ang_vel_gt_0p8_rate: 0.0000
Metrics/racket_target/post_contact_phase_ready_after_600ms_attempts: 0.0000
Metrics/racket_target/post_contact_phase_ready_after_600ms_tilt_gt_0p1_rate: 0.0000
Metrics/racket_target/post_contact_phase_ready_after_600ms_pitch_gt_0p1_rate: 0.0000
Metrics/racket_target/post_contact_phase_ready_after_600ms_waist_overflow_gt_1p0_rate: 0.0000
Metrics/racket_target/post_contact_phase_ready_after_600ms_base_ang_vel_gt_0p8_rate: 0.0000
Metrics/racket_target/physical_contact_health_score: 0.0000
Metrics/racket_target/physical_recovery_pending: 0.0000
Metrics/racket_target/physical_recovery_tier: 0.0000
Metrics/racket_target/physical_recovery_success_event: 0.0000
Metrics/racket_target/physical_recovery_failure_event: 0.0000
Metrics/racket_target/physical_ability_level: 0.0000
Metrics/racket_target/physical_ability_batch_events: 38.5312
Metrics/racket_target/physical_ability_contact_ema: 0.0000
Metrics/racket_target/physical_ability_net_ema: 0.0000
Metrics/racket_target/physical_ability_bounce_ema: 0.0000
Metrics/racket_target/physical_ability_recovery_ema: 0.0000
Metrics/racket_target/physical_ability_safety_ema: 0.0000
Metrics/racket_target/base_pitch_like_signed: -0.5209
Metrics/racket_target/base_backward_velocity: 0.9641
Metrics/racket_target/waist_action_rms: 0.3704
Metrics/racket_target/right_arm_action_rms: 4.2229
Metrics/racket_target/leg_action_rms: 0.5998
Metrics/racket_target/action_abs_max: 7.4238
Metrics/racket_target/applied_action_abs_max: 7.4238
Metrics/racket_target/leg_action_abs_max: 1.2601
Metrics/racket_target/effective_action_abs_max: 7.4238
Metrics/racket_target/action_clamp_fraction: 0.0212
Metrics/racket_target/waist_action_clamp_fraction: 0.0312
Metrics/racket_target/right_arm_action_clamp_fraction: 0.0000
Metrics/racket_target/leg_action_clamp_fraction: 0.0469
Metrics/racket_target/waist_q_tracking_error_rms: 0.3003
Metrics/racket_target/right_arm_q_tracking_error_rms: 0.1562
Metrics/racket_target/leg_q_tracking_error_rms: 0.2614
Metrics/racket_target/waist_torque_clip_fraction: 0.0000
Metrics/racket_target/right_arm_torque_clip_fraction: 0.0000
Metrics/racket_target/leg_torque_clip_fraction: 0.0000
Metrics/racket_target/waist_action_delta_rms: 0.2814
Metrics/racket_target/right_arm_action_delta_rms: 0.4665
Metrics/racket_target/leg_action_delta_rms: 0.4128
Metrics/racket_target/waist_joint_vel_rms: 1.6338
Metrics/racket_target/right_arm_joint_vel_rms: 1.3900
Metrics/racket_target/leg_joint_vel_rms: 1.4323
Metrics/racket_target/recovery_leg_action_abs_max: 0.8193
Metrics/racket_target/recovery_leg_action_delta_rms: 0.2646
Metrics/racket_target/recovery_leg_joint_vel_rms: 0.9310
     Metrics/physical_shadow/phase: 2.0000
Metrics/physical_shadow/route_valid: 1.0000
Metrics/physical_shadow/serve_event: 0.0000
Metrics/physical_shadow/incoming_bounce_event: 0.0000
Metrics/physical_shadow/contact_event: 0.0000
Metrics/physical_shadow/net_cross_event: 0.0000
Metrics/physical_shadow/outgoing_landing_event: 0.0000
Metrics/physical_shadow/opponent_bounce_event: 0.0000
Metrics/physical_shadow/landing_short_event: 0.0000
Metrics/physical_shadow/landing_long_event: 0.0000
Metrics/physical_shadow/landing_side_event: 0.0000
Metrics/physical_shadow/landing_no_net_event: 0.0000
Metrics/physical_shadow/abort_event: 0.0000
Metrics/physical_shadow/timeout_event: 0.0000
Metrics/physical_shadow/route_unalignable_event: 0.0000
Metrics/physical_shadow/route_invalid_event: 0.0000
Metrics/physical_shadow/incoming_net_collision_event: 0.0000
Metrics/physical_shadow/reset_abort_event: 0.0000
Metrics/physical_shadow/incoming_bounce_latch: 1.0000
Metrics/physical_shadow/contact_latch: 0.0000
Metrics/physical_shadow/net_cross_latch: 0.0000
Metrics/physical_shadow/opponent_bounce_latch: 0.0000
Metrics/physical_shadow/launch_timing_error_s: -0.0013
Metrics/physical_shadow/contact_true_target_error: 0.0000
Metrics/physical_shadow/contact_planner_position_error: 0.0000
Metrics/physical_shadow/contact_planner_velocity_error: 0.0000
Metrics/physical_shadow/contact_planner_velocity_direction_error_deg: 0.0000
Metrics/physical_shadow/contact_planner_normal_error_deg: 0.0000
Metrics/physical_shadow/contact_outgoing_velocity_error: 0.0000
Metrics/physical_shadow/contact_outgoing_speed: 0.0000
Metrics/physical_shadow/contact_target_outgoing_speed: 0.0000
Metrics/physical_shadow/contact_outgoing_speed_ratio: 0.0000
Metrics/physical_shadow/contact_outgoing_direction_error_deg: 0.0000
Metrics/physical_shadow/contact_outgoing_velocity_x: 0.0000
Metrics/physical_shadow/contact_outgoing_velocity_y: 0.0000
Metrics/physical_shadow/contact_outgoing_velocity_z: 0.0000
Metrics/physical_shadow/contact_target_outgoing_velocity_x: 0.0000
Metrics/physical_shadow/contact_target_outgoing_velocity_y: 0.0000
Metrics/physical_shadow/contact_target_outgoing_velocity_z: 0.0000
Metrics/physical_shadow/contact_incoming_velocity_error: 0.0000
Metrics/physical_shadow/contact_incoming_velocity_direction_error_deg: 0.0000
Metrics/physical_shadow/contact_route_incoming_velocity_error: 0.0000
Metrics/physical_shadow/contact_route_incoming_velocity_direction_error_deg: 0.0000
Metrics/physical_shadow/contact_actual_route_incoming_velocity_error: 0.0000
Metrics/physical_shadow/contact_command_normal_only_error: 0.0000
Metrics/physical_shadow/contact_command_training_model_error: 0.0000
Metrics/physical_shadow/contact_command_physics_model_error: 0.0000
Metrics/physical_shadow/contact_actual_training_model_residual: 0.0000
Metrics/physical_shadow/contact_actual_physics_model_residual: 0.0000
Metrics/physical_shadow/contact_actual_normal_only_model_residual: 0.0000
Metrics/physical_shadow/contact_actual_training_predicted_target_error: 0.0000
Metrics/physical_shadow/contact_actual_physics_predicted_target_error: 0.0000
Metrics/physical_shadow/contact_actual_normal_only_predicted_target_error: 0.0000
Metrics/physical_shadow/contact_force_direction_valid: 0.0000
Metrics/physical_shadow/contact_force_vs_racket_normal_angle_deg: 0.0000
Metrics/physical_shadow/contact_actual_force_direction_model_residual: 0.0000
Metrics/physical_shadow/contact_actual_force_direction_predicted_target_error: 0.0000
Metrics/physical_shadow/contact_physx_data_valid: 0.0000
Metrics/physical_shadow/contact_physx_force: 0.0000
Metrics/physical_shadow/contact_physx_separation: 0.0000
Metrics/physical_shadow/contact_physx_normal_error_deg: 0.0000
Metrics/physical_shadow/contact_physx_point_radial_error: 0.0000
Metrics/physical_shadow/contact_actual_physx_normal_model_residual: 0.0000
Metrics/physical_shadow/contact_actual_physx_normal_predicted_target_error: 0.0000
Metrics/physical_shadow/contact_physx_substep_valid: 0.0000
Metrics/physical_shadow/contact_physx_substep_normal_error_deg: 0.0000
Metrics/physical_shadow/contact_physx_substep_point_radial_error: 0.0000
Metrics/physical_shadow/contact_physx_substep_point_normal_offset: 0.0000
Metrics/physical_shadow/contact_physx_patch_substeps: 0.0000
Metrics/physical_shadow/contact_physx_normal_impulse: 0.0000
Metrics/physical_shadow/contact_physx_capture_lag_s: 0.0000
Metrics/physical_shadow/contact_physx_contact_point_speed_delta: 0.0000
Metrics/physical_shadow/contact_physx_substep_link_model_residual: 0.0000
Metrics/physical_shadow/contact_physx_substep_point_model_residual: 0.0000
Metrics/physical_shadow/contact_physx_substep_outgoing_target_error: 0.0000
Metrics/physical_shadow/contact_physx_measured_restitution: 0.0000
Metrics/physical_shadow/contact_physx_pre_ball_speed: 0.0000
Metrics/physical_shadow/contact_physx_post_ball_speed: 0.0000
Metrics/physical_shadow/contact_physx_point_x: 0.0000
Metrics/physical_shadow/contact_physx_point_y: 0.0000
Metrics/physical_shadow/contact_physx_point_z: 0.0000
Metrics/physical_shadow/contact_physx_normal_x: 0.0000
Metrics/physical_shadow/contact_physx_normal_y: 0.0000
Metrics/physical_shadow/contact_physx_normal_z: 0.0000
Metrics/physical_shadow/contact_physx_pre_ball_velocity_x: 0.0000
Metrics/physical_shadow/contact_physx_pre_ball_velocity_y: 0.0000
Metrics/physical_shadow/contact_physx_pre_ball_velocity_z: 0.0000
Metrics/physical_shadow/contact_physx_post_ball_velocity_x: 0.0000
Metrics/physical_shadow/contact_physx_post_ball_velocity_y: 0.0000
Metrics/physical_shadow/contact_physx_post_ball_velocity_z: 0.0000
Metrics/physical_shadow/contact_physx_pre_racket_point_velocity_x: 0.0000
Metrics/physical_shadow/contact_physx_pre_racket_point_velocity_y: 0.0000
Metrics/physical_shadow/contact_physx_pre_racket_point_velocity_z: 0.0000
Metrics/physical_shadow/contact_physx_post_racket_point_velocity_x: 0.0000
Metrics/physical_shadow/contact_physx_post_racket_point_velocity_y: 0.0000
Metrics/physical_shadow/contact_physx_post_racket_point_velocity_z: 0.0000
Metrics/physical_shadow/contact_physx_pre_ball_angular_velocity_x: 0.0000
Metrics/physical_shadow/contact_physx_pre_ball_angular_velocity_y: 0.0000
Metrics/physical_shadow/contact_physx_pre_ball_angular_velocity_z: 0.0000
Metrics/physical_shadow/contact_physx_post_ball_angular_velocity_x: 0.0000
Metrics/physical_shadow/contact_physx_post_ball_angular_velocity_y: 0.0000
Metrics/physical_shadow/contact_physx_post_ball_angular_velocity_z: 0.0000
Metrics/physical_shadow/contact_physx_pre_ball_surface_tangent_speed: 0.0000
Metrics/physical_shadow/contact_physx_post_ball_spin_speed: 0.0000
Metrics/physical_shadow/contact_impact_normal_error_deg: 0.0000
Metrics/physical_shadow/contact_wire_impact_normal_gap_deg: 0.0000
Metrics/physical_shadow/contact_face_radial_error: 0.0000
Metrics/physical_shadow/contact_time_to_strike: 0.0000
Metrics/physical_shadow/landing_target_error: 0.0000
Metrics/physical_shadow/landing_target_x_error: 0.0000
Metrics/physical_shadow/landing_target_y_error: 0.0000
Metrics/physical_shadow/landing_position_x: 0.0000
Metrics/physical_shadow/landing_position_y: 0.0000
Metrics/physical_shadow/minimum_ball_racket_distance: 0.5237
      Episode_Termination/time_out: 0.0000
  Episode_Termination/base_too_low: 0.0000
   Episode_Termination/base_tilted: 1.1875
   Episode_Termination/table_touch: 0.1250
Episode_Termination/persistent_action_overflow: 0.0000
--------------------------------------------------------------------------------
                   Total timesteps: 5120
                    Iteration time: 3.05s
                      Time elapsed: 00:00:15
                               ETA: 00:00:03
iverse/usd-ci/USD/pxr/usd/usdShade/shaderDefUtils.cpp -- Unable to resolve info:sourceAsset </UsdPrimvarReader_vector.info:mdl:sourceAsset> with value @UsdPreviewSurface.mdl@.

2026-08-01 11:24:22 [6,787ms] [Warning] [omni.usd] Warning: in GetNodeDiscoveryResults at line 136 of /builds/omniverse/usd-ci/USD/pxr/usd/usdShade/shaderDefUtils.cpp -- Unable to resolve info:sourceAsset </UsdPrimvarReader_matrix.info:mdl:sourceAsset> with value @UsdPreviewSurface.mdl@.

2026-08-01 11:24:22 [6,787ms] [Warning] [omni.usd] Warning: in GetNodeDiscoveryResults at line 136 of /builds/omniverse/usd-ci/USD/pxr/usd/usdShade/shaderDefUtils.cpp -- Unable to resolve info:sourceAsset </UsdTransform2d.info:mdl:sourceAsset> with value @UsdPreviewSurface.mdl@.

