[INFO][AppLauncher]: Using device: cuda:0
[INFO][AppLauncher]: Loading experience file: /mnt/ssd/zxl/IsaacLab/apps/isaaclab.python.headless.kit
[2026-08-02 17:57:17,692][asyncio][DEBUG] - Using selector: EpollSelector
[2026-08-02 17:57:18,952][trimesh.util][DEBUG] - falling back to hashlib hashing: `pip install xxhash`for 50x faster cache checks
[2026-08-02 17:57:19,181][h5py._conv][DEBUG] - Creating converter from 7 to 5
[2026-08-02 17:57:19,181][h5py._conv][DEBUG] - Creating converter from 5 to 7
[2026-08-02 17:57:19,181][h5py._conv][DEBUG] - Creating converter from 7 to 5
[2026-08-02 17:57:19,181][h5py._conv][DEBUG] - Creating converter from 5 to 7
[2026-08-02 17:57:19,220][matplotlib][DEBUG] - matplotlib data path: /home/zxl/miniconda3/envs/zxl-pace/lib/python3.10/site-packages/matplotlib/mpl-data
[2026-08-02 17:57:19,223][matplotlib][DEBUG] - CONFIGDIR=/home/zxl/.config/matplotlib
[2026-08-02 17:57:19,223][matplotlib][DEBUG] - interactive is False
[2026-08-02 17:57:19,224][matplotlib][DEBUG] - platform is linux
[2026-08-02 17:57:19,261][matplotlib][DEBUG] - CACHEDIR=/home/zxl/.cache/matplotlib
[2026-08-02 17:57:19,263][matplotlib.font_manager][DEBUG] - Using fontManager instance from /home/zxl/.cache/matplotlib/fontlist-v390.json
[Warning] [simulation_app.simulation_app] Modules: ['omni.kit_app'] were loaded before SimulationApp was started and might not be loaded correctly.
[Warning] [simulation_app.simulation_app] Please check to make sure no extra omniverse or pxr modules are imported before the call to SimulationApp(...)
Loading user config located at: '/home/zxl/miniconda3/envs/zxl-pace/lib/python3.10/site-packages/omni/data/Kit/Isaac-Sim/4.5/user.config.json'
[Info] [carb] Logging to file: /home/zxl/miniconda3/envs/zxl-pace/lib/python3.10/site-packages/omni/logs/Kit/Isaac-Sim/4.5/kit_20260802_175717.log
2026-08-02 09:57:17 [0ms] [Warning] [omni.kit.app.plugin] No crash reporter present, dumps uploading isn't available.
2026-08-02 09:57:17 [1ms] [Warning] [omni.ext.plugin] [ext: rendering_modes] Extensions config 'extension.toml' doesn't exist '/mnt/ssd/zxl/IsaacLab/apps/rendering_modes' or '/mnt/ssd/zxl/IsaacLab/apps/rendering_modes/config'
2026-08-02 09:57:17 [72ms] [Warning] [omni.usd_config.extension] Enable omni.materialx.libs extension to use MaterialX
2026-08-02 09:57:17 [123ms] [Warning] [omni.platforminfo.plugin] failed to open the default display.  Can't verify X Server version.
2026-08-02 09:57:17 [263ms] [Warning] [omni.datastore] OmniHub is inaccessible
2026-08-02 09:57:17 [320ms] [Warning] [omni.isaac.dynamic_control] omni.isaac.dynamic_control is deprecated as of Isaac Sim 4.5. No action is needed from end-users.

|---------------------------------------------------------------------------------------------|
| Driver Version: 580.105.08    | Graphics API: Vulkan
|=============================================================================================|
| GPU | Name                             | Active | LDA | GPU Memory | Vendor-ID | LUID       |
|     |                                  |        |     |            | Device-ID | UUID       |
|     |                                  |        |     |            | Bus-ID    |            |
|---------------------------------------------------------------------------------------------|
| 0   | NVIDIA GeForce RTX 5090          | Yes: 0 |     | 32607   MB | 10de      | 0          |
|     |                                  |        |     |            | 2b85      | c2a01bc3.. |
|     |                                  |        |     |            | 1         |            |
|---------------------------------------------------------------------------------------------|
| 1   | NVIDIA GeForce RTX 5090          | Yes: 1 |     | 32607   MB | 10de      | 0          |
|     |                                  |        |     |            | 2b85      | 837a84cc.. |
|     |                                  |        |     |            | 7         |            |
|=============================================================================================|
| OS: 24.04.2 LTS (Noble Numbat) ubuntu, Version: 24.04.2, Kernel: 6.17.0-35-generic
| Processor: Intel(R) Core(TM) i9-14900K
| Bare Metal Cores: 24 | Bare Metal Logical Cores: 48
| Available Cores:  32 
|---------------------------------------------------------------------------------------------|
| Total Memory (MB): 128491 | Free Memory: 119509
| Total Page/Swap (MB): 8191 | Free Page/Swap: 7149
|---------------------------------------------------------------------------------------------|
2026-08-02 09:57:21 [3,414ms] [Warning] [gpu.foundation.plugin] IOMMU is enabled.
2026-08-02 09:57:21 [3,414ms] [Warning] [gpu.foundation.plugin] Detected IOMMU is enabled. Running CUDA peer-to-peer bandwidth and latency validation.
Unidirectional P2P=Enabled Bandwidth (P2P Writes) Matrix (GB/s)
   D\D     0      1 
     0 1522.90   6.82 
     1   6.98 1551.64 
P2P=Enabled Latency (P2P Writes) Matrix (us)
   GPU     0      1 
     0   2.07  20.41 
     1  20.24   2.09 

   CPU     0      1 
     0   1.29   3.39 
     1   3.18   1.17 
2026-08-02 09:57:21 [3,664ms] [Warning] [gpu.foundation.plugin] CUDA peer-to-peer observed bandwidth: 6.8 GB/s.
2026-08-02 09:57:21 [3,664ms] [Warning] [gpu.foundation.plugin] CUDA peer-to-peer observed latency: 20.4 us.
2026-0[2026-08-02 17:57:21,763][git.cmd][DEBUG] - Popen(['git', 'version'], cwd=/mnt/ssd/zxl/HOPE_latest_20260721/hope_training/whole_body_tracking, stdin=None, shell=False, universal_newlines=False)
[2026-08-02 17:57:21,766][git.cmd][DEBUG] - Popen(['git', 'version'], cwd=/mnt/ssd/zxl/HOPE_latest_20260721/hope_training/whole_body_tracking, stdin=None, shell=False, universal_newlines=False)
[INFO]: Parsing configuration from: <class 'whole_body_tracking.tasks.tracking.config.agibot_a3.hope_stage1_plane020_escrow_env_cfg.HOPEStage1Plane020EscrowGuardedEnvCfg'>
[train.py] motion clip 0: /mnt/ssd/zxl/HOPE_latest_20260721/hope_training/motions/user_four_motion_manual_hits_a3fk_yaw_leg_stabilized_20260724/user_forehand_raised_30fps_contact075_50hz_a3fk_aligned.npz
[train.py] motion clip 1: /mnt/ssd/zxl/HOPE_latest_20260721/hope_training/motions/user_four_motion_manual_hits_a3fk_yaw_leg_stabilized_20260724/user_backhand_raised_30fps_contact040_50hz_a3fk_aligned.npz
[train.py] runtime reward pruning: removed 68 stateless zero-weight term(s); kept 0 stateful zero-weight term(s).
[train.py]     pruned rewards: ['action_rate', 'active_ready_survival_milestone_bonus', 'active_ready_sustained_bonus', 'backhand_soft_ball_contact', 'balanced_ball_contact', 'balanced_net_cross', 'balanced_opponent_bounce', 'balanced_soft_ball_contact', 'ball_contact', 'contact_net_margin', 'cycle_contact_ready', 'cycle_net_ready', 'cycle_return_ready', 'cycle_success_bonus', 'cycle_v2_ready_fail', 'cycle_v2_ready_success_bonus', 'cycle_v2_streak_bonus', 'deferred_recovery_outcome_bonus', 'exact_impact_outgoing_velocity_alignment', 'exact_impact_racket_velocity_alignment', 'follow_through_recovery', 'functional_no_command_ready', 'health_gated_net_cross', 'health_gated_opponent_bounce', 'impact_forward_lift', 'impact_outgoing_velocity', 'motion_anchor_height', 'motion_body_ang_vel', 'motion_body_lin_vel', 'motion_body_ori', 'motion_body_pos', 'motion_global_anchor_ori', 'motion_global_anchor_pos', 'net_cross', 'next_ball_readiness', 'next_prestrike_reachable', 'next_swing_ready_bonus', 'no_command_forehand_joint_anchor', 'no_command_ready_balance', 'no_command_ready_progress', 'one_sided_trunk_waist_recovery', 'one_sided_trunk_waist_strike', 'opponent_bounce', 'phase_action_rate', 'phase_lower_body_motion_prior', 'post_contact_arm_racket_ready', 'post_contact_directional_recovery', 'post_contact_ready_fail', 'post_contact_ready_region', 'post_contact_ready_success_bonus', 'post_contact_recovery_ready', 'post_net_arm_racket_ready', 'post_net_recovery_ready', 'post_return_arm_racket_ready', 'post_return_recovery_ready', 'post_strike_lower_body_action_rate', 'prestrike_blade_direction', 'racket_velocity_projection', 'racket_wrist_motion_ori', 'racket_wrist_motion_pos', 'robust_contact_net_margin', 'safe_terminal_outcome', 'soft_ball_contact', 'station_relocation_arrival_bonus', 'station_relocation_settle_bonus', 'targeted_contact_miss', 'torso_com_balance', 'torso_com_recovery_balance']
[train.py] task=HOPE-PingPong-Stage1-Plane020-EscrowGuarded-AgibotA3-v0 num_envs=2048 — applied 11 task override(s):
[train.py]     episode_length_s = 10.0
[train.py]     commands.motion.wrap_teleport = False
[train.py]     events.link_mass = (0.97, 1.03)
[train.py]     events.pd_gains = (0.97, 1.03)
[train.py]     observations.policy.racket_target_normal_w = enabled
[train.py]     commands.motion.clip_sampling_weights = [0.4, 0.6]
[train.py]     commands.racket_target.strike_phase_per_clip = (0.4, 0.4)
[train.py]     commands.motion.motion_start_warmup_phase_per_clip = (0.4, 0.4)
[train.py]     commands.racket_target.swing_side_per_clip = (1.0, -1.0)
[train.py]     commands.racket_target.mount_normal_sign_per_clip = (1.0, -1.0)
[train.py]     commands.racket_target.racket_pos_range_per_clip = from motion metadata
[train.py] experiment=hope_pingpong_stage1_plane020_escrow_guard114 | log_dir=/mnt/ssd/zxl/HOPE_latest_20260721/hope_training/whole_body_tracking/logs/rsl_rl/hope_pingpong_stage1_plane020_escrow_guard114/2026-08-02_17-57-21_plane020EscrowGuardAudit_seed9581_20x2048
8-02 09:57:21 [3,664ms] [Warning] [gpu.foundation.plugin] Please verify if observed bandwidth and latency are expected.
2026-08-02 09:57:21 [4,187ms] [Warning] [carb.windowing-glfw.plugin] GLFW initialization failed.
2026-08-02 09:57:21 [4,187ms] [Warning] [carb] Failed to startup plugin carb.windowing-glfw.plugin (interfaces: [carb::windowing::IGLContext v1.0],[carb::windowing::IWindowing v1.5]) (impl: carb.windowing-glfw.plugin)
2026-08-02 09:57:21 [4,188ms] [Error] [gpu.foundation.plugin] DriverShaderCacheManager::init() called without a shutdown()!

|---------------------------------------------------------------------------------------------|
| Driver Version: 580.105.08    | Graphics API: Vulkan
|=============================================================================================|
| GPU | Name                             | Active | LDA | GPU Memory | Vendor-ID | LUID       |
|     |                                  |        |     |            | Device-ID | UUID       |
|     |                                  |        |     |            | Bus-ID    |            |
|---------------------------------------------------------------------------------------------|
| 0   | NVIDIA GeForce RTX 5090          | Yes: 0 |     | 32607   MB | 10de      | 0          |
|     |                                  |        |     |            | 2b85      | c2a01bc3.. |
|     |                                  |        |     |            | 1         |            |
|---------------------------------------------------------------------------------------------|
| 1   | NVIDIA GeForce RTX 5090          | Yes: 1 |     | 32607   MB | 10de      | 0          |
|     |                                  |        |     |            | 2b85      | 837a84cc.. |
|     |                                  |        |     |            | 7         |            |
|=============================================================================================|
| OS: 24.04.2 LTS (Noble Numbat) ubuntu, Version: 24.04.2, Kernel: 6.17.0-35-generic
| Processor: Intel(R) Core(TM) i9-14900K
| Bare Metal Cores: 24 | Bare Metal Logical Cores: 48
| Available Cores:  32 
|---------------------------------------------------------------------------------------------|
| Total Memory (MB): 128491 | Free Memory: 119195
| Total Page/Swap (MB): 8191 | Free Page/Swap: 7149
|---------------------------------------------------------------------------------------------|
Unidirectional P2P=Enabled Bandwidth (P2P Writes) Matrix (GB/s)
   D\D     0      1 
     0 1531.86   6.82 
     1   6.98 1554.73 
P2P=Enabled Latency (P2P Writes) Matrix (us)
   GPU     0      1 
     0   2.07  20.70 
     1  20.40   2.10 

   CPU     0      1 
     0   1.26   3.32 
     1   3.24   1.20 
2026-08-02 09:57:22 [4,983ms] [Warning] [gpu.foundation.plugin] CUDA peer-to-peer observed bandwidth: 6.8 GB/s.
2026-08-02 09:57:22 [4,983ms] [Warning] [gpu.foundation.plugin] CUDA peer-to-peer observed latency: 20.7 us.
2026-08-02 09:57:22 [4,983ms] [Warning] [gpu.foundation.plugin] Please verify if observed bandwidth and latency are expected.
2026-08-02 09:57:22 [4,983ms] [Warning] [gpu.foundation.plugin] IOMMU is enabled.
2026-08-02 09:57:22 [4,983ms] [Warning] [gpu.foundation.plugin] Detected IOMMU is enabled. Running CUDA peer-to-peer bandwidth and latency validation.
Unidirectional P2P=Enabled Bandwidth (P2P Writes) Matrix (GB/s)
   D\D     0      1 
     0 1516.99   6.83 
     1   6.99 1542.45 
P2P=Enabled Latency (P2P Writes) Matrix (us)
   GPU     0      1 
     0   2.07  20.01 
     1  21.01   2.08 

   CPU     0      1 
     0   1.22   3.29 
     1   3.21   1.17 
2026-08-02 09:57:22 [5,232ms] [Warning] [gpu.foundation.plugin] CUDA peer-to-peer observed bandwidth: 6.8 GB/s.
2026-08-02 09:57:22 [5,232ms] [Warning] [gpu.foundation.plugin] CUDA peer-to-peer observed latency: 21.0 us.
2026-08-02 09:57:22 [5,232ms] [Warning] [gpu.foundation.plugin] Please verify if observed bandwidth and latency are expected.
2026-08-02 09:57:23 [5,460ms] [Warning] [carb.windowing-glfw.plugin] GLFW initialization failed.
2026-08-02 09:57:23 [5,460ms] [Warning] [carb] Failed to startup plugin carb.windowing-glfw.plugin (interfaces: [carb::windowing::IGLContext v1.0],[carb::windowing::IWindowing v1.5]) (impl: carb.windowing-glfw.plugin)
2026-08-02 09:57:23 [5,480ms] [Warning] [carb.windowing-glfw.plugin] GLFW initialization failed.
2026-08-02 09:57:23 [5,480ms] [Warning] [carb] Failed to startup plugin carb.windowing-glfw.plugin (interfaces: [carb::windowing::IGLContext v1.0],[carb::windowing::IWindowing v1.5]) (impl: carb.windowing-glfw.plugin)
2026-08-02 09:57:23 [5,489mSetting seed: 9581
[INFO]: Base environment:
	Environment device    : cuda:0
	Environment seed      : 9581
	Physics step-size     : 0.005
	Rendering step-size   : 0.02
	Environment step-size : 0.02
[2026-08-02 17:57:23,248][AutoNode][DEBUG] - Defining data type 'any' as 'Any'
[2026-08-02 17:57:23,248][AutoNode][DEBUG] - Defining data type 'bool' as 'Bool' and array 'BoolArray
[2026-08-02 17:57:23,248][AutoNode][DEBUG] - Defining data type 'bundle' as 'Bundle'
[2026-08-02 17:57:23,248][AutoNode][DEBUG] - Defining data type 'colord[3]' as 'Color3d' and array 'Color3dArray
[2026-08-02 17:57:23,248][AutoNode][DEBUG] - Defining data type 'colorf[3]' as 'Color3f' and array 'Color3fArray
[2026-08-02 17:57:23,248][AutoNode][DEBUG] - Defining data type 'colorh[3]' as 'Color3h' and array 'Color3hArray
[2026-08-02 17:57:23,248][AutoNode][DEBUG] - Defining data type 'colord[4]' as 'Color4d' and array 'Color4dArray
[2026-08-02 17:57:23,248][AutoNode][DEBUG] - Defining data type 'colorf[4]' as 'Color4f' and array 'Color4fArray
[2026-08-02 17:57:23,248][AutoNode][DEBUG] - Defining data type 'colorh[4]' as 'Color4h' and array 'Color4hArray
[2026-08-02 17:57:23,248][AutoNode][DEBUG] - Defining data type 'double' as 'Double' and array 'DoubleArray
[2026-08-02 17:57:23,248][AutoNode][DEBUG] - Defining data type 'double[2]' as 'Double2' and array 'Double2Array
[2026-08-02 17:57:23,248][AutoNode][DEBUG] - Defining data type 'double[3]' as 'Double3' and array 'Double3Array
[2026-08-02 17:57:23,248][AutoNode][DEBUG] - Defining data type 'double[4]' as 'Double4' and array 'Double4Array
[2026-08-02 17:57:23,248][AutoNode][DEBUG] - Defining data type 'execution' as 'Execution'
[2026-08-02 17:57:23,248][AutoNode][DEBUG] - Defining data type 'float' as 'Float' and array 'FloatArray
[2026-08-02 17:57:23,248][AutoNode][DEBUG] - Defining data type 'float[2]' as 'Float2' and array 'Float2Array
[2026-08-02 17:57:23,248][AutoNode][DEBUG] - Defining data type 'float[3]' as 'Float3' and array 'Float3Array
[2026-08-02 17:57:23,248][AutoNode][DEBUG] - Defining data type 'float[4]' as 'Float4' and array 'Float4Array
[2026-08-02 17:57:23,248][AutoNode][DEBUG] - Defining data type 'frame[4]' as 'Frame' and array 'FrameArray
[2026-08-02 17:57:23,248][AutoNode][DEBUG] - Defining data type 'half' as 'Half' and array 'HalfArray
[2026-08-02 17:57:23,248][AutoNode][DEBUG] - Defining data type 'half[2]' as 'Half2' and array 'Half2Array
[2026-08-02 17:57:23,248][AutoNode][DEBUG] - Defining data type 'half[3]' as 'Half3' and array 'Half3Array
[2026-08-02 17:57:23,248][AutoNode][DEBUG] - Defining data type 'half[4]' as 'Half4' and array 'Half4Array
[2026-08-02 17:57:23,248][AutoNode][DEBUG] - Defining data type 'int' as 'Int' and array 'IntArray
[2026-08-02 17:57:23,248][AutoNode][DEBUG] - Defining data type 'int[2]' as 'Int2' and array 'Int2Array
[2026-08-02 17:57:23,248][AutoNode][DEBUG] - Defining data type 'int[3]' as 'Int3' and array 'Int3Array
[2026-08-02 17:57:23,248][AutoNode][DEBUG] - Defining data type 'int[4]' as 'Int4' and array 'Int4Array
[2026-08-02 17:57:23,248][AutoNode][DEBUG] - Defining data type 'int64' as 'Int64' and array 'Int64Array
[2026-08-02 17:57:23,248][AutoNode][DEBUG] - Defining data type 'matrixd[2]' as 'Matrix2d' and array 'Matrix2dArray
[2026-08-02 17:57:23,248][AutoNode][DEBUG] - Defining data type 'matrixd[3]' as 'Matrix3d' and array 'Matrix3dArray
[2026-08-02 17:57:23,248][AutoNode][DEBUG] - Defining data type 'matrixd[4]' as 'Matrix4d' and array 'Matrix4dArray
[2026-08-02 17:57:23,248][AutoNode][DEBUG] - Defining data type 'normald[3]' as 'Normal3d' and array 'Normal3dArray
[2026-08-02 17:57:23,248][AutoNode][DEBUG] - Defining data type 'normalf[3]' as 'Normal3f' and array 'Normal3fArray
[2026-08-02 17:57:23,248][AutoNode][DEBUG] - Defining data type 'normalh[3]' as 'Normal3h' and array 'Normal3hArray
[2026-08-02 17:57:23,248][AutoNode][DEBUG] - Defining data type 'objectId' as 'ObjectId' and array 'ObjectIdArray
[2026-08-02 17:57:23,248][AutoNode][DEBUG] - Defining data type 'path' as 'Path'
[2026-08-02 17:57:23,248][AutoNode][DEBUG] - Defining data type 'pointd[3]' as 'Point3d' and array 'Point3dArray
[2026-08-02 17:57:23,249][AutoNode][DEBUG] - Defining data type 'pointf[3]' as 'Point3f' and array 'Point3fArray
[2026-08-02 17:57:23,249][AutoNode][DEBUG] - Defining data type 'pointh[3]' as 'Point3h' and array 'Point3hArray
[2026-08-02 17:57:23,249][AutoNode][DEBUG] - Defining data type 'quatd[4]' as 'Quatd' and array 'QuatdArray
[2026-08-02 17:57:23,249][AutoNode][DEBUG] - Defining data type 'quatf[4]' as 'Quatf' and array 'QuatfArray
[2026-08-02 17:57:23,249][AutoNode][DEBUG] - Defining data type 'quath[4]' as 'Quath' and array 'QuathArray
[2026-08-02 17:57:23,249][AutoNode][DEBUG] - Defining data type 'string' as 'String'
[2026-08-02 17:57:23,249][AutoNode][DEBUG] - Defining data type 'target' as 'Target'
[2026-08-02 17:57:23,249][AutoNode][DEBUG] - Defining data type 'texcoordd[2]' as 'TexCoord2d' and array 'TexCoord2dArray
[2026-08-02 17:57:23,249][AutoNode][DEBUG] - Defining data type 'texcoordf[2]' as 'TexCoord2f' and array 'TexCoord2fArray
[2026-08-02 17:57:23,249][AutoNode][DEBUG] - Defining data type 'texcoordh[2]' as 'TexCoord2h' and array 'TexCoord2hArray
[2026-08-02 17:57:23,249][AutoNode][DEBUG] - Defining data type 'texcoordd[3]' as 'TexCoord3d' and array 'TexCoord3dArray
[2026-08-02 17:57:23,249][AutoNode][DEBUG] - Defining data type 'texcoordf[3]' as 'TexCoord3f' and array 'TexCoord3fArray
[2026-08-02 17:57:23,249][AutoNode][DEBUG] - Defining data type 'texcoordh[3]' as 'TexCoord3h' and array 'TexCoord3hArray
[2026-08-02 17:57:23,249][AutoNode][DEBUG] - Defining data type 'timecode' as 'Timecode' and array 'TimecodeArray
[2026-08-02 17:57:23,249][AutoNode][DEBUG] - Defining data type 'token' as 'Token' and array 'TokenArray
[2026-08-02 17:57:23,249][AutoNode][DEBUG] - Defining data type 'uchar' as 'UChar' and array 'UCharArray
[2026-08-02 17:57:23,249][AutoNode][DEBUG] - Defining data type 'uint' as 'UInt' and array 'UIntArray
[2026-08-02 17:57:23,249][AutoNode][DEBUG] - Defining data type 'uint64' as 'UInt64' and array 'UInt64Array
[2026-08-02 17:57:23,249][AutoNode][DEBUG] - Defining data type 'vectord[3]' as 'Vector3d' and array 'Vector3dArray
[2026-08-02 17:57:23,249][AutoNode][DEBUG] - Defining data type 'vectorf[3]' as 'Vector3f' and array 'Vector3fArray
[2026-08-02 17:57:23,249][AutoNode][DEBUG] - Defining data type 'vectorh[3]' as 'Vector3h' and array 'Vector3hArray
s] [Warning] [carb.windowing-glfw.plugin] GLFW initialization failed.
2026-08-02 09:57:23 [5,489ms] [Warning] [carb] Failed to startup plugin carb.windowing-glfw.plugin (interfaces: [carb::windowing::IGLContext v1.0],[carb::windowing::IWindowing v1.5]) (impl: carb.windowing-glfw.plugin)
2026-08-02 09:57:23 [5,495ms] [Warning] [carb.windowing-glfw.plugin] GLFW initialization failed.
2026-08-02 09:57:23 [5,495ms] [Warning] [carb] Failed to startup plugin carb.windowing-glfw.plugin (interfaces: [carb::windowing::IGLContext v1.0],[carb::windowing::IWindowing v1.5]) (impl: carb.windowing-glfw.plugin)
2026-08-02 09:57:23 [5,496ms] [Warning] [carb.windowing-glfw.plugin] GLFW initialization failed.
2026-08-02 09:57:23 [5,496ms] [Warning] [carb] Failed to startup plugin carb.windowing-glfw.plugin (interfaces: [carb::windowing::IGLContext v1.0],[carb::windowing::IWindowing v1.5]) (impl: carb.windowing-glfw.plugin)
2026-08-02 09:57:23 [5,497ms] [Warning] [carb.windowing-glfw.plugin] GLFW initialization failed.
2026-08-02 09:57:23 [5,497ms] [Warning] [carb] Failed to startup plugin carb.windowing-glfw.plugin (interfaces: [carb::windowing::IGLContext v1.0],[carb::windowing::IWindowing v1.5]) (impl: carb.windowing-glfw.plugin)
2026-08-02 09:57:23 [5,697ms] [Warning] [omni.graph.visualization.nodes._impl.extension] No Viewport Window to add omni.graph.visualization.nodes-2.1.1 scene to
2026-08-02 09:57:23 [5,733ms] [Warning] [isaacsim.asset.importer.urdf] The path 0000014503_A3T2.5-URDF-std-pingpang-0409 is not a valid usd path, modifying to a_0000014503_A3T2_5_URDF_std_pingpang_0409
2026-08-02 09:57:23 [5,733ms] [Error] [isaacsim.asset.importer.urdf] *** Could not parse xyz string '0.0' 
2026-08-02 09:57:23 [5,733ms] [Error] [isaacsim.asset.importer.urdf] *** xyz not specified for axis
2026-08-02 09:57:23 [5,733ms] [Error] [isaacsim.asset.importer.urdf] *** Could not parse xyz string '' 
2026-08-02 09:57:23 [5,733ms] [Error] [isaacsim.asset.importer.urdf] *** xyz not specified for axis
2026-08-02 09:57:23 [5,733ms] [Error] [isaacsim.asset.importer.urdf] *** Could not parse xyz string '' 
2026-08-02 09:57:23 [5,733ms] [Error] [isaacsim.asset.importer.urdf] *** xyz not specified for axis
2026-08-02 09:57:23 [5,733ms] [Error] [isaacsim.asset.importer.urdf] *** Could not parse xyz string '' 
2026-08-02 09:57:23 [5,733ms] [Error] [isaacsim.asset.importer.urdf] *** xyz not specified for axis
2026-08-02 09:57:23 [5,733ms] [Error] [isaacsim.asset.importer.urdf] *** Could not parse xyz string '0.0' 
2026-08-02 09:57:23 [5,733ms] [Error] [isaacsim.asset.importer.urdf] *** xyz not specified for axis
2026-08-02 09:57:23 [5,733ms] [Error] [isaacsim.asset.importer.urdf] *** Could not parse xyz string '0.0' 
2026-08-02 09:57:23 [5,733ms] [Error] [isaacsim.asset.importer.urdf] *** xyz not specified for axis
[INFO]: Time taken for scene creation : 11.668668 seconds
[INFO]: Scene manager:  <class InteractiveScene>
	Number of environments: 2048
	Environment spacing   : 2.5
	Source prim name      : /World/envs/env_0
	Global prim paths     : ['/World/ground']
	Replicate physics     : True
[INFO]: Starting the simulation. This may take a few seconds. Please wait...
[INFO]: Time taken for simulation start : 2.215389 seconds
[INFO] Command Manager:  <CommandManager> contains 2 active terms.
+---------------------------------------------+
|             Active Command Terms            |
+-------+---------------+---------------------+
| Index | Name          |         Type        |
+-------+---------------+---------------------+
|   0   | motion        |    MotionCommand    |
|   1   | racket_target | RacketTargetCommand |
+-------+---------------+---------------------+

[INFO] Event Manager:  <EventManager> contains 2 active terms.
+---------------------------------------+
| Active Event Terms in Mode: 'startup' |
+---------+-----------------------------+
|  Index  | Name                        |
+---------+-----------------------------+
|    0    | physics_material            |
|    1    | base_com                    |
|    2    | link_mass                   |
|    3    | joint_default_pos           |
+---------+-----------------------------+
+-------------------------------------+
| Active Event Terms in Mode: 'reset' |
+--------------+----------------------+
|    Index     | Name                 |
+--------------+----------------------+
|      0       | pd_gains             |
+--------------+----------------------+

[INFO] Recorder Manager:  <RecorderManager> contains 0 active terms.
+-----------------------+
| Active Recorder Terms |
+------------+----------+
|   Index    | Name     |
+------------+----------+
+------------+----------+

[INFO] Action Manager:  <ActionManager> contains 1 active terms.
+---------------------------------+
| Active Action Terms (shape: 31) |
+-------+-----------+-------------+
| Index | Name      |   Dimension |
+-------+-----------+-------------+
|   0   | joint_pos |          31 |
+-------+-----------+-------------+

[INFO] Observation Manager: <ObservationManager> contains 2 groups.
+-------------------------------------------------------------+
| Active Observation Terms in Group: 'policy' (shape: (114,)) |
+----------+--------------------------------------+-----------+
|  Index   | Name                                 |   Shape   |
+----------+--------------------------------------+-----------+
|    0     | base_ang_vel                         |    (3,)   |
|    1     | joint_pos                            |   (31,)   |
|    2     | joint_vel                            |   (31,)   |
|    3     | last_action                          |   (31,)   |
|    4     | projected_gravity                    |    (3,)   |
|    5     | base_forward_xy                      |    (2,)   |
|    6     | fixed_station_error_xy               |    (2,)   |
|    7     | racket_target_rel_base               |    (3,)   |
|    8     | racket_target_vel_w                  |    (3,)   |
|    9     | time_to_strike                       |    (1,)   |
|    10    | swing_side                           |    (1,)   |
|    11    | racket_target_normal_w               |    (3,)   |
+----------+--------------------------------------+-----------+
+-------------------------------------------------------------+
| Active Observation Terms in Group: 'critic' (shape: (324,)) |
+----------+--------------------------------------+-----------+
|  Index   | Name                                 |   Shape   |
+----------+--------------------------------------+-----------+
|    0     | base_ang_vel                         |    (3,)   |
|    1     | joint_pos                            |   (31,)   |
|    2     | joint_vel                            |   (31,)   |
|    3     | last_action                          |   (31,)   |
|    4     | projected_gravity                    |    (3,)   |
|    5     | base_forward_xy                      |    (2,)   |
|    6     | fixed_station_error_xy               |    (2,)   |
|    7     | racket_target_rel_base               |    (3,)   |
|    8     | racket_target_vel_w                  |    (3,)   |
|    9     | time_to_strike                       |    (1,)   |
|    10    | swing_side                           |    (1,)   |
|    11    | base_lin_vel                         |    (3,)   |
|    12    | motion_command                       |   (62,)   |
|    13    | motion_anchor_pos_b                  |    (3,)   |
|    14    | motion_anchor_ori_b                  |    (6,)   |
|    15    | robot_body_pos_b                     |   (42,)   |
|    16    | robot_body_ori_b                     |   (84,)   |
|    17    | racket_pos_b                         |    (3,)   |
|    18    | racket_lin_vel_w                     |    (3,)   |
|    19    | racket_normal_w                      |    (3,)   |
|    20    | racket_target_normal_w               |    (3,)   |
|    21    | episode_time_left                    |    (1,)   |
+----------+--------------------------------------+-----------+

[INFO] Termination Manager:  <TerminationManager> contains 5 active terms.
+-----------------------------------------------+
|            Active Termination Terms           |
+-------+----------------------------+----------+
| Index | Name                       | Time Out |
+-------+----------------------------+----------+
|   0   | time_out                   |   True   |
|   1   | base_too_low               |  False   |
|   2   | base_tilted                |  False   |
|   3   | table_touch                |  False   |
|   4   | persistent_action_overflow |  False   |
+-------+----------------------------+----------+

[INFO] Reward Manager:  <RewardManager> contains 42 active terms.
+------------------------------------------------------------+
|                    Active Reward Terms                     |
+-------+-------------------------------------------+--------+
| Index | Name                                      | Weight |
+-------+-------------------------------------------+--------+
|   0   | undesired_contacts                        |   -0.1 |
|   1   | feet_contact_slip                         |  -0.05 |
|   2   | table_no_touch                            |   -1.0 |
|   3   | alive                                     |   0.01 |
|   4   | upright                                   |   -0.4 |
|   5   | imitation                                 |    0.9 |
|   6   | racket_position                           |    1.2 |
|   7   | backhand_racket_position                  |    1.0 |
|   8   | racket_velocity                           |    0.8 |
|   9   | planner_racket_task_space_crossfade       |    3.0 |
|   10  | exact_impact_planner_task_space_alignment |    4.0 |
|   11  | blade_direction                           |    0.7 |
|   12  | health_gated_soft_ball_contact            |    1.2 |
|   13  | health_gated_backhand_soft_ball_contact   |    1.2 |
|   14  | health_gated_ball_contact                 |    2.5 |
|   15  | healthy_trunk_support                     |    0.4 |
|   16  | targeted_strike_attempt                   |    2.0 |
|   17  | strike_inactivity                         |   -0.6 |
|   18  | pre_strike_station                        |    0.2 |
|   19  | recovery_health                           |   0.12 |
|   20  | no_command_ready_stability                |   0.08 |
|   21  | post_strike_base_ang_vel                  |   0.06 |
|   22  | phase_action_overflow                     |   -0.3 |
|   23  | strike_balance                            |    0.3 |
|   24  | prestrike_station_progress                |    0.8 |
|   25  | lower_body_support                        |   0.25 |
|   26  | termination_penalty                       |  -60.0 |
|   27  | phase_action_rate_waist                   | -0.035 |
|   28  | phase_action_rate_upper                   | -0.005 |
|   29  | phase_action_rate_legs                    | -0.007 |
|   30  | joint_limit                               |   -1.0 |
|   31  | prestrike_racket_progress                 |    0.9 |
|   32  | near_impact_planner_velocity_progress     |    1.1 |
|   33  | operational_joint_margin                  |   -0.6 |
|   34  | joint_target_slew                         | -0.035 |
|   35  | actuator_waist_feasibility                |  -0.02 |
|   36  | actuator_right_arm_feasibility            | -0.005 |
|   37  | actuator_leg_feasibility                  | -0.015 |
|   38  | terminal_quality_window                   |    0.4 |
|   39  | safe_terminal_quality                     |    1.0 |
|   40  | unsafe_terminal_recovery                  |   -0.5 |
|   41  | capability_gated_safe_terminal_outcome    |    8.0 |
+-------+-------------------------------------------+--------+

[INFO] Curriculum Manager:  <CurriculumManager> contains 0 active terms.
+-------------------------+
| Active Curriculum Terms |
+-------------+-----------+
|    Index    | Name      |
+-------------+-----------+
+-------------+-----------+

[INFO]: Completed setting up the environment...
[train.py] joint-order gate: using canonical->articulation permutation [2, 5, 8, 11, 16, 12, 17, 21, 23, 25, 27, 29, 13, 18, 22, 24, 26, 28, 30, 0, 3, 6, 9, 14, 19, 1, 4, 7, 10, 15, 20]
[train.py] actor observation contract validated: hope_pingpong_normal114 (114D)
/mnt/ssd/zxl/IsaacLab/source/isaaclab/isaaclab/envs/mdp/events.py:501: UserWarning: To copy construct from a tensor, it is recommended to use sourceTensor.detach().clone() or sourceTensor.detach().clone().requires_grad_(True), rather than torch.tensor(sourceTensor).
  actuator_joint_indices = torch.tensor(actuator.joint_indices, device=asset.device)
Actor MLP: Sequential(
  (0): Linear(in_features=114, out_features=512, bias=True)
  (1): ELU(alpha=1.0)
  (2): Linear(in_features=512, out_features=256, bias=True)
  (3): ELU(alpha=1.0)
  (4): Linear(in_features=256, out_features=128, bias=True)
  (5): ELU(alpha=1.0)
  (6): Linear(in_features=128, out_features=31, bias=True)
)
Critic MLP: Sequential(
  (0): Linear(in_features=324, out_features=512, bias=True)
  (1): ELU(alpha=1.0)
  (2): Linear(in_features=512, out_features=256, bias=True)
  (3): ELU(alpha=1.0)
  (4): Linear(in_features=256, out_features=128, bias=True)
  (5): ELU(alpha=1.0)
  (6): Linear(in_features=128, out_features=1, bias=True)
)
[train.py] resumed from checkpoint: /mnt/ssd/zxl/HOPE_latest_20260721/hope_training/whole_body_tracking/logs/rsl_rl/hope_pingpong_stage1_plane020_merged114/2026-08-02_16-16-32_plane020V3_healthsquare_slow_seed9261_1500x4096/model_1800.pt (load_optimizer=False)
[train.py] optimizer LR overridden after checkpoint load: 3e-06
[train.py] critic-only task adaptation enabled for 1000000 update(s); actor mean and action std are frozen
[train.py] random initial episode age: True
/mnt/ssd/zxl/IsaacLab/source/isaaclab/isaaclab/envs/mdp/events.py:501: UserWarning: To copy construct from a tensor, it is recommended to use sourceTensor.detach().clone() or sourceTensor.detach().clone().requires_grad_(True), rather than torch.tensor(sourceTensor).
  actuator_joint_indices = torch.tensor(actuator.joint_indices, device=asset.device)
################################################################################
                     [1m Learning iteration 1800/1820 [0m                     

                       Computation: 25125 steps/s (collection: 2.520s, learning 0.089s)
             Mean action noise std: 0.45
          Mean value_function loss: 0.1049
               Mean surrogate loss: -0.0000
                 Mean entropy loss: 2.8121
      Mean critic_only_warmup loss: 1.0000
                       Mean reward: 0.50
               Mean episode length: 20.09
 Episode_Reward/undesired_contacts: 0.0000
  Episode_Reward/feet_contact_slip: -0.0002
     Episode_Reward/table_no_touch: -0.0000
              Episode_Reward/alive: 0.0003
            Episode_Reward/upright: -0.0003
          Episode_Reward/imitation: 0.0151
    Episode_Reward/racket_position: 0.0000
Episode_Reward/backhand_racket_position: 0.0000
    Episode_Reward/racket_velocity: 0.0000
Episode_Reward/planner_racket_task_space_crossfade: 0.0000
Episode_Reward/exact_impact_planner_task_space_alignment: 0.0000
    Episode_Reward/blade_direction: 0.0000
Episode_Reward/health_gated_soft_ball_contact: 0.0000
Episode_Reward/health_gated_backhand_soft_ball_contact: 0.0000
Episode_Reward/health_gated_ball_contact: 0.0000
Episode_Reward/healthy_trunk_support: 0.0017
Episode_Reward/targeted_strike_attempt: 0.0000
  Episode_Reward/strike_inactivity: 0.0000
 Episode_Reward/pre_strike_station: 0.0055
    Episode_Reward/recovery_health: 0.0005
Episode_Reward/no_command_ready_stability: 0.0002
Episode_Reward/post_strike_base_ang_vel: 0.0000
Episode_Reward/phase_action_overflow: -0.0000
     Episode_Reward/strike_balance: 0.0000
Episode_Reward/prestrike_station_progress: 0.0023
 Episode_Reward/lower_body_support: 0.0000
Episode_Reward/termination_penalty: 0.0000
Episode_Reward/phase_action_rate_waist: -0.0000
Episode_Reward/phase_action_rate_upper: -0.0001
Episode_Reward/phase_action_rate_legs: -0.0000
        Episode_Reward/joint_limit: -0.0007
Episode_Reward/prestrike_racket_progress: 0.0176
Episode_Reward/near_impact_planner_velocity_progress: 0.0000
Episode_Reward/operational_joint_margin: -0.0006
  Episode_Reward/joint_target_slew: -0.0012
Episode_Reward/actuator_waist_feasibility: -0.0000
Episode_Reward/actuator_right_arm_feasibility: -0.0000
Episode_Reward/actuator_leg_feasibility: -0.0000
Episode_Reward/terminal_quality_window: 0.0000
Episode_Reward/safe_terminal_quality: 0.0000
Episode_Reward/unsafe_terminal_recovery: 0.0000
Episode_Reward/capability_gated_safe_terminal_outcome: 0.0000
    Metrics/motion/error_joint_pos: 1.1574
    Metrics/motion/error_joint_vel: 6.5909
     Metrics/motion/error_body_pos: 1.2102
     Metrics/motion/error_body_rot: 0.4973
       Metrics/motion/motion_phase: 0.0824
            Metrics/motion/in_hold: 0.1383
Metrics/motion/motion_start_warmup_prob: 0.7750
Metrics/motion/motion_start_lifecycle_progress: 0.0000
Metrics/motion/motion_start_effective_prestrike_fraction: 0.9688
Metrics/motion/motion_start_effective_recovery_fraction: 0.0000
Metrics/motion/motion_start_effective_rsi_fraction: 0.0000
 Metrics/motion/motion_start_reset: 0.7452
Metrics/motion/motion_start_prestrike_reset: 0.0000
Metrics/motion/motion_start_recovery_reset: 0.0000
Metrics/motion/motion_start_rsi_reset: 0.0000
 Metrics/motion/single_cycle_reset: 0.0000
     Metrics/motion/motion_clip_id: 0.4740
Metrics/motion/motion_supplemental_clip: 0.0000
      Metrics/motion/stand_episode: 0.0078
Metrics/motion/default_stand_reset: 0.2235
Metrics/motion/error_body_pos_lower: 1.2043
Metrics/motion/error_body_rot_lower: 0.4963
Metrics/motion/error_body_lin_vel_lower: 0.1722
Metrics/motion/error_body_ang_vel_lower: 0.9747
Metrics/motion/reference_body_lin_speed_lower: 0.0215
Metrics/motion/robot_body_lin_speed_lower: 0.1688
Metrics/motion/error_body_pos_core: 1.1721
Metrics/motion/error_body_rot_core: 0.2278
Metrics/motion/error_body_lin_vel_core: 0.1670
Metrics/motion/error_body_ang_vel_core: 1.2686
Metrics/motion/reference_body_lin_speed_core: 0.0194
Metrics/motion/robot_body_lin_speed_core: 0.1645
Metrics/motion/error_body_pos_upper: 1.2288
Metrics/motion/error_body_rot_upper: 0.5881
Metrics/motion/error_body_lin_vel_upper: 0.7744
Metrics/motion/error_body_ang_vel_upper: 2.7168
Metrics/motion/reference_body_lin_speed_upper: 0.0506
Metrics/motion/robot_body_lin_speed_upper: 0.7826
Metrics/motion/error_joint_pos_waist: 0.3423
Metrics/motion/error_joint_vel_waist: 1.8445
Metrics/motion/reference_joint_speed_waist: 0.0341
Metrics/motion/error_joint_pos_arms: 0.9636
Metrics/motion/error_joint_vel_arms: 5.2394
Metrics/motion/reference_joint_speed_arms: 0.1451
Metrics/motion/error_joint_pos_legs: 0.4882
Metrics/motion/error_joint_vel_legs: 3.0756
Metrics/motion/reference_joint_speed_legs: 0.0062
Metrics/racket_target/racket_pos_error: 0.0000
Metrics/racket_target/racket_vel_error: 0.0000
Metrics/racket_target/time_to_strike: 0.8711
Metrics/racket_target/return_success: 0.0000
Metrics/racket_target/prev_return_success: 0.0000
Metrics/racket_target/prev_net_cross: 0.0000
Metrics/racket_target/current_net_cross: 0.0000
Metrics/racket_target/racket_pos_curriculum_scale: 0.9688
Metrics/racket_target/impact_inverse_command_blend: 0.0000
Metrics/racket_target/steps_since_target_resample: 14.5312
Metrics/racket_target/recovery_height_error: 0.0184
Metrics/racket_target/recovery_upright_error: 0.1254
Metrics/racket_target/recovery_base_lin_vel: 0.1292
Metrics/racket_target/recovery_base_ang_vel: 1.0425
Metrics/racket_target/recovery_station_error: 0.0527
Metrics/racket_target/recovery_feet_contact_frac: 0.9163
Metrics/racket_target/recovery_racket_speed: 1.5720
Metrics/racket_target/recovery_height_score: 0.9172
Metrics/racket_target/recovery_upright_score: 0.7433
Metrics/racket_target/recovery_lin_vel_score: 0.7031
Metrics/racket_target/recovery_ang_vel_score: 0.2422
Metrics/racket_target/recovery_station_score: 0.8966
Metrics/racket_target/recovery_racket_score: 0.1450
Metrics/racket_target/recovery_arm_score: 0.6443
Metrics/racket_target/recovery_ready_score: 0.6827
Metrics/racket_target/recovery_anchor_arm_score: 0.9688
Metrics/racket_target/recovery_core_ready_score: 0.4988
Metrics/racket_target/recovery_functional_ready_score: 0.4294
Metrics/racket_target/waist_action_overflow_rms: 0.0000
Metrics/racket_target/right_arm_action_overflow_rms: 0.0032
Metrics/racket_target/leg_action_overflow_rms: 0.0000
Metrics/racket_target/operational_margin_fraction: 0.0077
Metrics/racket_target/waist_operational_margin_fraction: 0.0104
Metrics/racket_target/right_arm_operational_margin_fraction: 0.0115
Metrics/racket_target/leg_operational_margin_fraction: 0.0079
Metrics/racket_target/waist_operational_excess_rms: 0.0002
Metrics/racket_target/right_arm_operational_excess_rms: 0.0013
Metrics/racket_target/leg_operational_excess_rms: 0.0010
Metrics/racket_target/q_des_velocity_violation_fraction: 0.1076
Metrics/racket_target/waist_q_des_velocity_violation_fraction: 0.0366
Metrics/racket_target/right_arm_q_des_velocity_violation_fraction: 0.1177
Metrics/racket_target/leg_q_des_velocity_violation_fraction: 0.1444
Metrics/racket_target/q_des_acceleration_violation_fraction: 0.7067
Metrics/racket_target/waist_q_des_acceleration_violation_fraction: 0.6054
Metrics/racket_target/right_arm_q_des_acceleration_violation_fraction: 0.8104
Metrics/racket_target/leg_q_des_acceleration_violation_fraction: 0.7554
Metrics/racket_target/waist_q_des_velocity_rms: 4.5860
Metrics/racket_target/right_arm_q_des_velocity_rms: 9.1155
Metrics/racket_target/leg_q_des_velocity_rms: 8.4999
Metrics/racket_target/waist_q_des_acceleration_rms: 384.9993
Metrics/racket_target/right_arm_q_des_acceleration_rms: 772.9041
Metrics/racket_target/leg_q_des_acceleration_rms: 706.4133
Metrics/racket_target/action_operational_feasibility_score: 0.9467
Metrics/racket_target/actuator_overflow_consecutive_steps: 0.0000
Metrics/racket_target/actuator_overflow_severe: 0.0000
Metrics/racket_target/recovery_phase_gate: 0.5938
Metrics/racket_target/recovery_phase_ready_score: 0.4172
Metrics/racket_target/recovery_contact_ready_score: 0.0000
Metrics/racket_target/recovery_net_ready_score: 0.0000
Metrics/racket_target/recovery_return_ready_score: 0.0000
Metrics/racket_target/cycle_success_ready_score: 0.0000
Metrics/racket_target/cycle_success_soft: 0.0000
Metrics/racket_target/cycle_success_binary: 0.0000
Metrics/racket_target/cycle_v2_pending: 0.0000
Metrics/racket_target/cycle_v2_attempt_latch: 0.0000
Metrics/racket_target/cycle_v2_ready_success_latch: 0.0000
Metrics/racket_target/cycle_v2_ready_fail_latch: 0.0000
Metrics/racket_target/cycle_v2_attempt_event: 0.0000
Metrics/racket_target/cycle_v2_ready_success_event: 0.0000
Metrics/racket_target/cycle_v2_ready_fail_event: 0.0000
Metrics/racket_target/cycle_v2_unresolved_resample_fail_event: 0.0000
Metrics/racket_target/cycle_v2_resolved_event: 0.0000
Metrics/racket_target/cycle_v2_command_visible_steps: 0.0000
Metrics/racket_target/cycle_v2_elapsed_steps: 0.0000
Metrics/racket_target/cycle_v2_ready_score: 0.0000
Metrics/racket_target/cycle_v2_ready_ok: 0.0000
Metrics/racket_target/cycle_v2_visible: 0.0000
Metrics/racket_target/cycle_v2_ready_score_ok: 0.0000
Metrics/racket_target/cycle_v2_height_ok: 0.0000
Metrics/racket_target/cycle_v2_upright_ok: 0.0000
Metrics/racket_target/cycle_v2_base_lin_vel_ok: 0.0000
Metrics/racket_target/cycle_v2_base_ang_vel_ok: 0.0000
Metrics/racket_target/cycle_v2_feet_ok: 0.0000
Metrics/racket_target/cycle_v2_core_ready_ok: 0.0000
Metrics/racket_target/cycle_v2_ready_consecutive_steps: 0.0000
Metrics/racket_target/single_cycle_bootstrap: 0.0000
Metrics/racket_target/single_cycle_swing_completed: 0.0000
Metrics/racket_target/single_cycle_recovery_active: 0.0000
Metrics/racket_target/single_cycle_recovery_elapsed_steps: 0.0000
Metrics/racket_target/single_cycle_ready_consecutive_steps: 0.0000
Metrics/racket_target/single_cycle_safe_timeout_event: 0.0000
Metrics/racket_target/single_cycle_deadline_timeout_event: 0.0000
Metrics/racket_target/single_cycle_timeout_latch: 0.0000
Metrics/racket_target/single_cycle_hard_failure_event: 0.0000
Metrics/racket_target/single_cycle_probability: 0.0000
Metrics/racket_target/single_cycle_curriculum_level: 0.0000
Metrics/racket_target/single_cycle_effective_deadline_steps: 96.8750
Metrics/racket_target/single_cycle_selected_events: 0.0000
Metrics/racket_target/single_cycle_completed_events: 0.0000
Metrics/racket_target/single_cycle_safe_timeout_events: 0.0000
Metrics/racket_target/single_cycle_deadline_timeout_events: 0.0000
Metrics/racket_target/single_cycle_hard_failure_events: 0.0000
Metrics/racket_target/active_ready_consecutive_steps: 0.0620
Metrics/racket_target/active_ready_success_event: 0.0000
Metrics/racket_target/active_ready_success_latch: 0.0000
Metrics/racket_target/active_ready_survival_steps: 0.0000
Metrics/racket_target/active_ready_survival_next_milestone: 0.0000
Metrics/racket_target/active_ready_survival_milestone_event: 0.0000
Metrics/racket_target/no_command_ready_active: 0.1383
Metrics/racket_target/no_command_from_stand_episode: 0.0078
Metrics/racket_target/no_command_from_default_stand_reset: 0.1383
Metrics/racket_target/no_command_ready_upright_ok: 0.1383
Metrics/racket_target/no_command_ready_motion_ok: 0.0542
Metrics/racket_target/no_command_ready_score: 0.1010
Metrics/racket_target/no_command_ready_progress: 0.0703
Metrics/racket_target/no_command_ready_station_error: 0.0026
Metrics/racket_target/no_command_ready_fixed_station_error: 0.0026
Metrics/racket_target/healthy_training_stage: 2.9062
Metrics/racket_target/healthy_stage_planted_rehearsal: 0.0000
Metrics/racket_target/healthy_stage_station_hold_seen: 0.0000
Metrics/racket_target/healthy_stage_station_arrived: 0.0000
Metrics/racket_target/healthy_stage_station_settled: 0.0000
Metrics/racket_target/healthy_stage_station_settle_steps: 0.0000
Metrics/racket_target/station_relocation_active: 0.0000
Metrics/racket_target/station_relocation_target_offset_y: 0.0000
Metrics/racket_target/station_relocation_error: 0.0000
Metrics/racket_target/station_relocation_arrival_event: 0.0000
Metrics/racket_target/station_relocation_settle_event: 0.0000
Metrics/racket_target/station_relocation_release_event: 0.0000
Metrics/racket_target/station_relocation_timeout_event: 0.0000
Metrics/racket_target/station_relocation_elapsed_steps: 0.0000
Metrics/racket_target/station_relocation_hold_deadline_steps: 0.0000
Metrics/racket_target/lifecycle_recovery_hold_active: 0.0000
Metrics/racket_target/lifecycle_recovery_release_success_event: 0.0000
Metrics/racket_target/lifecycle_recovery_release_fail_event: 0.0000
Metrics/racket_target/station_relocation_level: 0.0000
Metrics/racket_target/station_relocation_arrival_ema: 0.0000
Metrics/racket_target/station_relocation_settle_ema: 0.0000
Metrics/racket_target/station_relocation_contact_ema: 0.0000
Metrics/racket_target/station_relocation_safety_ema: 0.0000
Metrics/racket_target/station_relocation_resolved_events: 0.0000
Metrics/racket_target/station_relocation_terminal_reset_events: 0.0000
Metrics/racket_target/station_relocation_advance_streak: 0.0000
Metrics/racket_target/station_relocation_regress_streak: 0.0000
Metrics/racket_target/station_relocation_effective_max_lin_vel: 0.0000
Metrics/racket_target/station_relocation_effective_max_ang_vel: 0.0000
Metrics/racket_target/station_relocation_effective_min_settle_steps: 0.0000
Metrics/racket_target/ability_curriculum_level: 0.0000
Metrics/racket_target/ability_curriculum_scale: 0.9688
Metrics/racket_target/ability_curriculum_resolved_events: 0.0000
Metrics/racket_target/ability_curriculum_total_resolved_events: 0.0000
Metrics/racket_target/ability_curriculum_advance_streak: 0.0000
Metrics/racket_target/ability_curriculum_regress_streak: 0.0000
Metrics/racket_target/ability_contact_ema: 0.0000
Metrics/racket_target/ability_net_ema: 0.0000
Metrics/racket_target/ability_success_ema: 0.0000
Metrics/racket_target/ability_recovery_ema: 0.0000
Metrics/racket_target/ability_cycle_ema: 0.0000
Metrics/racket_target/ability_cycle_attempt_ema: 0.0000
Metrics/racket_target/ability_cycle_resolved_ema: 0.0000
Metrics/racket_target/ability_forehand_contact_ema: 0.0000
Metrics/racket_target/ability_forehand_net_ema: 0.0000
Metrics/racket_target/ability_forehand_success_ema: 0.0000
Metrics/racket_target/ability_backhand_contact_ema: 0.0000
Metrics/racket_target/ability_backhand_net_ema: 0.0000
Metrics/racket_target/ability_backhand_success_ema: 0.0000
Metrics/racket_target/ability_attempt_ema: 0.0000
Metrics/racket_target/ability_targeted_attempt_ema: 0.0000
Metrics/racket_target/impact_health_floor_progress: 0.0000
Metrics/racket_target/ability_safety_ema: 0.9688
Metrics/racket_target/ability_station_saturation_ema: 0.0000
Metrics/racket_target/ability_healthy_normal_ema: 0.0000
Metrics/racket_target/ability_station_arrival_ema: 0.0000
Metrics/racket_target/ability_station_settle_ema: 0.0000
Metrics/racket_target/safe_outcome_capability_gate: 0.0000
Metrics/racket_target/planner_hit_plane_blend: 1.0000
Metrics/racket_target/planner_hit_plane_x_delta: 0.0355
Metrics/racket_target/true_strike_table_x: 0.2000
Metrics/racket_target/planner_target_table_x: 0.2000
Metrics/racket_target/workspace_level: 0.0000
Metrics/racket_target/workspace_fringe_sample: 0.0000
Metrics/racket_target/workspace_target_lateral_norm: 0.3530
Metrics/racket_target/workspace_target_table_y: -0.2550
Metrics/racket_target/workspace_playable_y_min: -0.7225
Metrics/racket_target/workspace_playable_y_max: 0.7225
Metrics/racket_target/workspace_active_y_lo: -0.3306
Metrics/racket_target/workspace_active_y_hi: -0.1951
Metrics/racket_target/workspace_motion_seed_blend: 0.0000
Metrics/racket_target/planner_perturb_curriculum_scale: 1.0000
Metrics/racket_target/incoming_ball_horizontal_speed: 2.2522
Metrics/racket_target/incoming_ball_speed: 4.6187
Metrics/racket_target/incoming_ball_speed_curriculum_level: 0.0000
Metrics/racket_target/incoming_ball_speed_sample_low: 0.0000
Metrics/racket_target/incoming_ball_speed_sample_high: 0.0000
Metrics/racket_target/station_saturated: 0.0000
Metrics/racket_target/station_raw_clip_excess: 0.0000
Metrics/racket_target/station_saturated_x: 0.0000
Metrics/racket_target/station_saturated_y: 0.0000
Metrics/racket_target/station_raw_clip_excess_x: 0.0000
Metrics/racket_target/station_raw_clip_excess_y: 0.0000
Metrics/racket_target/current_swing_opportunity: 0.0000
Metrics/racket_target/current_swing_attempt: 0.0000
Metrics/racket_target/current_swing_targeted_attempt: 0.0000
Metrics/racket_target/prev_swing_targeted_attempt: 0.0000
Metrics/racket_target/current_swing_unsafe: 0.0000
Metrics/racket_target/current_swing_station_saturated: 0.0000
Metrics/racket_target/impact_health_score: 0.9226
Metrics/racket_target/impact_health_ok: 0.9583
Metrics/racket_target/impact_health_backlean_violation: 0.0011
Metrics/racket_target/impact_health_waist_backfold: 0.0041
Metrics/racket_target/impact_health_base_retreat: 0.0105
Metrics/racket_target/impact_health_torso_gravity_x: 0.2020
Metrics/racket_target/impact_health_torso_ang_vel: 0.4510
Metrics/racket_target/impact_health_com_x: 0.0229
Metrics/racket_target/impact_health_com_y: 0.0253
Metrics/racket_target/post_contact_ready_pending: 0.0000
Metrics/racket_target/post_contact_ready_elapsed_steps: 0.0000
Metrics/racket_target/post_contact_ready_consecutive_steps: 0.0000
Metrics/racket_target/post_contact_ready_diagnostic_pending: 0.0000
Metrics/racket_target/post_contact_ready_diagnostic_elapsed_steps: 0.0000
Metrics/racket_target/post_contact_ready_durable_pending: 0.0000
Metrics/racket_target/post_contact_ready_durable_consecutive_steps: 0.0000
Metrics/racket_target/post_contact_ready_durable_ready_now: 0.0000
Metrics/racket_target/post_contact_ready_durable_success_event: 0.0000
Metrics/racket_target/post_contact_ready_durable_fail_event: 0.0000
Metrics/racket_target/post_contact_ready_durable_resolution_success_rate: 0.0000
Metrics/racket_target/post_contact_ready_durable_resolution_fail_rate: 0.0000
Metrics/racket_target/post_contact_ready_durable_resolution_success_latency_steps: 0.0000
Metrics/racket_target/post_contact_ready_durable_resolution_fail_latency_steps: 0.0000
Metrics/racket_target/post_contact_ready_durable_fail_backlean_rate: 0.0000
Metrics/racket_target/post_contact_ready_durable_fail_forward_lean_rate: 0.0000
Metrics/racket_target/post_contact_ready_durable_fail_torso_ang_vel_rate: 0.0000
Metrics/racket_target/post_contact_ready_durable_fail_base_lin_vel_rate: 0.0000
Metrics/racket_target/post_contact_ready_durable_fail_base_ang_vel_rate: 0.0000
Metrics/racket_target/post_contact_ready_durable_fail_racket_speed_rate: 0.0000
Metrics/racket_target/post_contact_ready_durable_fail_height_rate: 0.0000
Metrics/racket_target/post_contact_ready_durable_fail_com_x_rate: 0.0000
Metrics/racket_target/post_contact_ready_durable_fail_com_y_rate: 0.0000
Metrics/racket_target/post_contact_ready_durable_fail_feet_rate: 0.0000
Metrics/racket_target/post_contact_ready_durable_fail_station_rate: 0.0000
Metrics/racket_target/post_contact_ready_durable_fail_arm_rate: 0.0000
Metrics/racket_target/post_contact_ready_terminal_window_active: 0.0000
Metrics/racket_target/post_contact_ready_terminal_quality: 0.0000
Metrics/racket_target/post_contact_ready_terminal_settlement_event: 0.0000
Metrics/racket_target/post_contact_ready_operational_ready_now: 0.0000
Metrics/racket_target/post_contact_ready_operational_consecutive_steps: 0.0000
Metrics/racket_target/post_contact_ready_safe_settlement_event: 0.0000
Metrics/racket_target/post_contact_ready_unsafe_settlement_event: 0.0000
Metrics/racket_target/post_contact_ready_incomplete_settlement_event: 0.0000
Metrics/racket_target/post_contact_ready_safe_net_cycle_event: 0.0000
Metrics/racket_target/post_contact_ready_terminal_quality_mean: 0.0000
Metrics/racket_target/post_contact_ready_safe_terminal_quality_mean: 0.0000
Metrics/racket_target/post_contact_ready_terminal_safe_rate: 0.0000
Metrics/racket_target/post_contact_ready_terminal_unsafe_rate: 0.0000
Metrics/racket_target/post_contact_ready_terminal_incomplete_rate: 0.0000
Metrics/racket_target/post_contact_ready_safe_net_cycle_rate: 0.0000
Metrics/racket_target/post_contact_ready_score: 0.8157
Metrics/racket_target/post_contact_ready_now: 0.0000
Metrics/racket_target/post_contact_ready_success_event: 0.0000
Metrics/racket_target/post_contact_ready_fail_event: 0.0000
Metrics/racket_target/post_contact_ready_outcome_tier: -0.9688
Metrics/racket_target/post_contact_ready_face_quality: 0.0000
Metrics/racket_target/post_contact_ready_safe_face_net_cycle_value: 0.0000
Metrics/racket_target/post_contact_ready_planner_speed_ratio: 0.0000
Metrics/racket_target/post_contact_ready_planner_direction_error_rad: 0.0000
Metrics/racket_target/post_contact_ready_planner_position_error: 0.0000
Metrics/racket_target/post_contact_ready_impact_health_score: 0.0000
Metrics/racket_target/post_contact_ready_peak_base_ang_vel: 0.0000
Metrics/racket_target/post_contact_ready_peak_ang_vel_excess_increment: 0.0000
Metrics/racket_target/post_contact_ready_envelope_violation_latch: 0.0000
Metrics/racket_target/post_contact_ready_envelope_violation_event: 0.0000
Metrics/racket_target/post_contact_ready_envelope_first_violation_step: -0.9688
Metrics/racket_target/post_contact_ready_envelope_attempts: 0.0000
Metrics/racket_target/post_contact_ready_envelope_violation_rate: 0.0000
Metrics/racket_target/post_contact_ready_envelope_tilt_violation_rate: 0.0000
Metrics/racket_target/post_contact_ready_envelope_pitch_violation_rate: 0.0000
Metrics/racket_target/post_contact_ready_envelope_com_violation_rate: 0.0000
Metrics/racket_target/post_contact_ready_envelope_waist_violation_rate: 0.0000
Metrics/racket_target/post_contact_ready_envelope_leg_violation_rate: 0.0000
Metrics/racket_target/post_contact_ready_envelope_base_ang_vel_violation_rate: 0.0000
Metrics/racket_target/post_contact_ready_resolution_success_rate: 0.0000
Metrics/racket_target/post_contact_ready_resolution_fail_rate: 0.0000
Metrics/racket_target/post_contact_ready_resolution_success_latency_steps: 0.0000
Metrics/racket_target/post_contact_ready_resolution_fail_latency_steps: 0.0000
Metrics/racket_target/post_contact_ready_max_tilt: 0.0000
Metrics/racket_target/post_contact_ready_max_abs_pitch: 0.0000
Metrics/racket_target/post_contact_ready_max_com_x: 0.0000
Metrics/racket_target/post_contact_ready_max_com_y: 0.0000
Metrics/racket_target/post_contact_ready_max_waist_overflow: 0.0000
Metrics/racket_target/post_contact_ready_max_leg_overflow: 0.0000
Metrics/racket_target/post_contact_ready_settlement_velocity_score_ema: 0.0000
Metrics/racket_target/post_contact_ready_settlement_position_gate_ema: 0.0000
Metrics/racket_target/post_contact_ready_settlement_health_gate_ema: 0.0000
Metrics/racket_target/post_contact_ready_settlement_recovery_gate_ema: 0.0000
Metrics/racket_target/post_contact_ready_settlement_total_score_ema: 0.0000
Metrics/racket_target/post_contact_recovery_backlean_error: 0.0007
Metrics/racket_target/post_contact_recovery_directional_progress: 0.0000
Metrics/racket_target/post_contact_ready_torso_ok: 0.9106
Metrics/racket_target/post_contact_ready_motion_ok: 0.6371
Metrics/racket_target/post_contact_ready_support_ok: 0.9583
Metrics/racket_target/post_contact_ready_arm_ok: 0.9688
Metrics/racket_target/post_contact_ready_base_lin_vel_ok: 0.9688
Metrics/racket_target/post_contact_ready_base_ang_vel_ok: 0.7295
Metrics/racket_target/post_contact_ready_racket_speed_ok: 0.8408
Metrics/racket_target/post_contact_ready_height_ok: 0.9688
Metrics/racket_target/post_contact_ready_com_x_ok: 0.9688
Metrics/racket_target/post_contact_ready_com_y_ok: 0.9688
Metrics/racket_target/post_contact_ready_feet_ok: 0.9583
Metrics/racket_target/post_contact_ready_station_ok: 0.9688
Metrics/racket_target/post_contact_ready_fail_torso: 0.0000
Metrics/racket_target/post_contact_ready_fail_base_lin_vel: 0.0000
Metrics/racket_target/post_contact_ready_fail_base_ang_vel: 0.0000
Metrics/racket_target/post_contact_ready_fail_racket_speed: 0.0000
Metrics/racket_target/post_contact_ready_fail_support: 0.0000
Metrics/racket_target/post_contact_ready_fail_arm: 0.0000
Metrics/racket_target/post_contact_ready_shadow_now: 0.0000
Metrics/racket_target/post_contact_ready_shadow_consecutive_steps: 0.0000
Metrics/racket_target/post_contact_ready_shadow_success_latch: 0.0000
Metrics/racket_target/post_contact_ready_curriculum_level: 0.0000
Metrics/racket_target/post_contact_ready_curriculum_fraction: 0.9688
Metrics/racket_target/post_contact_ready_curriculum_success_ema: 0.0000
Metrics/racket_target/post_contact_ready_curriculum_shadow_success_ema: 0.0000
Metrics/racket_target/post_contact_ready_curriculum_resolved_events: 0.0000
Metrics/racket_target/post_contact_ready_curriculum_successful_events: 0.0000
Metrics/racket_target/post_contact_ready_curriculum_targeted_attempt_ema: 0.0000
Metrics/racket_target/post_contact_ready_curriculum_return_success_ema: 0.0000
Metrics/racket_target/post_contact_ready_curriculum_completed_swings: 0.0000
Metrics/racket_target/post_contact_ready_curriculum_advance_streak: 0.0000
Metrics/racket_target/post_contact_ready_curriculum_advance_guard_ok: 0.0000
Metrics/racket_target/post_contact_ready_effective_max_torso_ang_vel: 1.4531
Metrics/racket_target/post_contact_ready_effective_torso_x_min: -0.1163
Metrics/racket_target/post_contact_ready_effective_torso_x_max: 0.3100
Metrics/racket_target/post_contact_ready_effective_max_base_lin_vel: 0.4359
Metrics/racket_target/post_contact_ready_effective_max_base_ang_vel: 1.2594
Metrics/racket_target/post_contact_ready_effective_max_racket_speed: 2.9062
Metrics/racket_target/post_contact_ready_effective_min_feet_contact: 0.4844
Metrics/racket_target/post_contact_ready_effective_required_consecutive_steps: 2.9062
Metrics/racket_target/post_contact_ready_effective_deadline_steps: 38.7500
Metrics/racket_target/post_contact_ready_curriculum_advance_threshold: 0.9688
Metrics/racket_target/post_contact_ready_curriculum_advance_min_events: 0.0000
Metrics/racket_target/post_contact_ready_curriculum_shadow_threshold: 0.9688
Metrics/racket_target/post_contact_ready_curriculum_min_targeted_attempt_ema: 0.0000
Metrics/racket_target/post_contact_ready_curriculum_min_return_success_ema: 0.0000
Metrics/racket_target/post_contact_ready_curriculum_min_completed_swings: 0.9688
Metrics/racket_target/post_contact_ready_curriculum_required_advance_checks: 0.9688
Metrics/racket_target/racket_normal_error_deg: 54.3629
Metrics/racket_target/impact_normal_error_deg: 0.0000
Metrics/racket_target/impact_racket_vel_error_mps: 0.0000
Metrics/racket_target/impact_racket_speed_ratio: 0.0000
Metrics/racket_target/impact_racket_vel_angle_deg: 0.0000
Metrics/racket_target/impact_racket_actual_vel_x: 0.0000
Metrics/racket_target/impact_racket_actual_vel_y: 0.0000
Metrics/racket_target/impact_racket_actual_vel_z: 0.0000
Metrics/racket_target/impact_racket_target_vel_x: 0.0000
Metrics/racket_target/impact_racket_target_vel_y: 0.0000
Metrics/racket_target/impact_racket_target_vel_z: 0.0000
Metrics/racket_target/impact_ball_out_error_mps: 0.0000
Metrics/racket_target/impact_face_radial_error_m: 0.0000
Metrics/racket_target/impact_face_normal_gap_m: 0.0000
Metrics/racket_target/impact_face_quality: 0.0000
Metrics/racket_target/impact_center_contact: 0.0000
Metrics/racket_target/impact_center_net_cross: 0.0000
Metrics/racket_target/impact_center_on_opponent: 0.0000
Metrics/racket_target/impact_rim_contact: 0.0000
Metrics/racket_target/impact_rim_net_cross: 0.0000
Metrics/racket_target/impact_rim_on_opponent: 0.0000
Metrics/racket_target/impact_analytic_outer_contact: 0.0000
Metrics/racket_target/impact_analytic_outer_net_cross: 0.0000
Metrics/racket_target/impact_analytic_outer_on_opponent: 0.0000
Metrics/racket_target/impact_planner_pos_error_m: 0.0000
Metrics/racket_target/impact_planner_vel_error_mps: 0.0000
Metrics/racket_target/impact_planner_speed_ratio: 0.0000
Metrics/racket_target/impact_planner_vel_angle_deg: 0.0000
Metrics/racket_target/impact_healthy_normal_ok: 0.0000
Metrics/racket_target/impact_healthy_contact: 0.0000
Metrics/racket_target/impact_healthy_net_cross: 0.0000
Metrics/racket_target/impact_healthy_on_opponent: 0.0000
Metrics/racket_target/current_swing_impact_health_score: 0.0000
Metrics/racket_target/current_swing_healthy_contact: 0.0000
Metrics/racket_target/current_swing_healthy_net_cross: 0.0000
Metrics/racket_target/current_swing_healthy_on_opponent: 0.0000
Metrics/racket_target/current_swing_healthy_normal_ok: 0.0000
Metrics/racket_target/current_swing_contact: 0.0000
Metrics/racket_target/current_swing_net_cross: 0.0000
Metrics/racket_target/current_swing_on_opponent: 0.0000
Metrics/racket_target/current_swing_center_contact: 0.0000
Metrics/racket_target/current_swing_center_net_cross: 0.0000
Metrics/racket_target/current_swing_center_on_opponent: 0.0000
Metrics/racket_target/current_swing_rim_contact: 0.0000
Metrics/racket_target/current_swing_rim_net_cross: 0.0000
Metrics/racket_target/current_swing_rim_on_opponent: 0.0000
Metrics/racket_target/current_swing_analytic_outer_contact: 0.0000
Metrics/racket_target/current_swing_analytic_outer_net_cross: 0.0000
Metrics/racket_target/current_swing_analytic_outer_on_opponent: 0.0000
Metrics/racket_target/cycle_v2_outcome_tier: -0.9688
Metrics/racket_target/cycle_v2_streak: 0.0000
Metrics/racket_target/closed_loop_recovery_trigger_event: 0.0000
Metrics/racket_target/closed_loop_cycle_success_event: 0.0000
Metrics/racket_target/closed_loop_durable_cycle_success_event: 0.0000
Metrics/racket_target/closed_loop_phase_id: 0.8305
Metrics/racket_target/closed_loop_phase_ready_no_command: 0.1383
Metrics/racket_target/closed_loop_phase_command_acquire: 0.8305
Metrics/racket_target/closed_loop_phase_pre_strike: 0.0000
Metrics/racket_target/closed_loop_phase_strike: 0.0000
Metrics/racket_target/closed_loop_phase_follow_through: 0.0000
Metrics/racket_target/closed_loop_phase_recovery: 0.0000
Metrics/racket_target/closed_loop_phase_next_ready: 0.0000
Metrics/racket_target/post_contact_phase_impact_0_100ms_attempts: 0.0000
Metrics/racket_target/post_contact_phase_impact_0_100ms_tilt_gt_0p1_rate: 0.0000
Metrics/racket_target/post_contact_phase_impact_0_100ms_pitch_gt_0p1_rate: 0.0000
Metrics/racket_target/post_contact_phase_impact_0_100ms_waist_overflow_gt_1p0_rate: 0.0000
Metrics/racket_target/post_contact_phase_impact_0_100ms_base_ang_vel_gt_0p8_rate: 0.0000
Metrics/racket_target/post_contact_phase_brake_100_300ms_attempts: 0.0000
Metrics/racket_target/post_contact_phase_brake_100_300ms_tilt_gt_0p1_rate: 0.0000
Metrics/racket_target/post_contact_phase_brake_100_300ms_pitch_gt_0p1_rate: 0.0000
Metrics/racket_target/post_contact_phase_brake_100_300ms_waist_overflow_gt_1p0_rate: 0.0000
Metrics/racket_target/post_contact_phase_brake_100_300ms_base_ang_vel_gt_0p8_rate: 0.0000
Metrics/racket_target/post_contact_phase_settle_300_600ms_attempts: 0.0000
Metrics/racket_target/post_contact_phase_settle_300_600ms_tilt_gt_0p1_rate: 0.0000
Metrics/racket_target/post_contact_phase_settle_300_600ms_pitch_gt_0p1_rate: 0.0000
Metrics/racket_target/post_contact_phase_settle_300_600ms_waist_overflow_gt_1p0_rate: 0.0000
Metrics/racket_target/post_contact_phase_settle_300_600ms_base_ang_vel_gt_0p8_rate: 0.0000
Metrics/racket_target/post_contact_phase_ready_after_600ms_attempts: 0.0000
Metrics/racket_target/post_contact_phase_ready_after_600ms_tilt_gt_0p1_rate: 0.0000
Metrics/racket_target/post_contact_phase_ready_after_600ms_pitch_gt_0p1_rate: 0.0000
Metrics/racket_target/post_contact_phase_ready_after_600ms_waist_overflow_gt_1p0_rate: 0.0000
Metrics/racket_target/post_contact_phase_ready_after_600ms_base_ang_vel_gt_0p8_rate: 0.0000
      Episode_Termination/time_out: 3.7812
  Episode_Termination/base_too_low: 0.0000
   Episode_Termination/base_tilted: 0.0000
   Episode_Termination/table_touch: 0.0000
Episode_Termination/persistent_action_overflow: 0.0000
--------------------------------------------------------------------------------
                   Total timesteps: 65536
                    Iteration time: 2.61s
                      Time elapsed: 00:00:02
                               ETA: 00:00:52

[2026-08-02 17:57:39,756][git.util][DEBUG] - sys.platform='linux', git_executable='git'
[2026-08-02 17:57:39,758][git.cmd][DEBUG] - Popen(['git', 'cat-file', '--batch-check'], cwd=/mnt/ssd/zxl/PACE-ICRA2026, stdin=<valid stream>, shell=False, universal_newlines=False)
[2026-08-02 17:57:39,760][git.cmd][DEBUG] - Popen(['git', 'cat-file', '--batch'], cwd=/mnt/ssd/zxl/PACE-ICRA2026, stdin=<valid stream>, shell=False, universal_newlines=False)
Storing git diff for 'PACE-ICRA2026' in: /mnt/ssd/zxl/HOPE_latest_20260721/hope_training/whole_body_tracking/logs/rsl_rl/hope_pingpong_stage1_plane020_escrow_guard114/2026-08-02_17-57-21_plane020EscrowGuardAudit_seed9581_20x2048/git/PACE-ICRA2026.diff
[2026-08-02 17:57:39,762][git.cmd][DEBUG] - Popen(['git', 'status'], cwd=/mnt/ssd/zxl/PACE-ICRA2026, stdin=None, shell=False, universal_newlines=False)
[2026-08-02 17:57:39,765][git.cmd][DEBUG] - Popen(['git', 'diff', 'f680833fa6dd25066f6d1bff1a8f66c566269348'], cwd=/mnt/ssd/zxl/PACE-ICRA2026, stdin=None, shell=False, universal_newlines=False)
[2026-08-02 17:57:39,770][git.util][DEBUG] - sys.platform='linux', git_executable='git'
[2026-08-02 17:57:39,771][git.cmd][DEBUG] - Popen(['git', 'cat-file', '--batch-check'], cwd=/mnt/ssd/zxl/HOPE_latest_20260721, stdin=<valid stream>, shell=False, universal_newlines=False)
[2026-08-02 17:57:39,773][git.cmd][DEBUG] - Popen(['git', 'cat-file', '--batch'], cwd=/mnt/ssd/zxl/HOPE_latest_20260721, stdin=<valid stream>, shell=False, universal_newlines=False)
Storing git diff for 'HOPE_latest_20260721' in: /mnt/ssd/zxl/HOPE_latest_20260721/hope_training/whole_body_tracking/logs/rsl_rl/hope_pingpong_stage1_plane020_escrow_guard114/2026-08-02_17-57-21_plane020EscrowGuardAudit_seed9581_20x2048/git/HOPE_latest_20260721.diff
[2026-08-02 17:57:39,775][git.cmd][DEBUG] - Popen(['git', 'status'], cwd=/mnt/ssd/zxl/HOPE_latest_20260721, stdin=None, shell=False, universal_newlines=False)
[2026-08-02 17:57:39,781][git.cmd][DEBUG] - Popen(['git', 'diff', 'b99de9c8263d8acc9cebf93db6b7631b921597ed'], cwd=/mnt/ssd/zxl/HOPE_latest_20260721, stdin=None, shell=False, universal_newlines=False)
/mnt/ssd/zxl/IsaacLab/source/isaaclab/isaaclab/envs/mdp/events.py:501: UserWarning: To copy construct from a tensor, it is recommended to use sourceTensor.detach().clone() or sourceTensor.detach().clone().requires_grad_(True), rather than torch.tensor(sourceTensor).
  actuator_joint_indices = torch.tensor(actuator.joint_indices, device=asset.device)
################################################################################
                     [1m Learning iteration 1801/1820 [0m                     

                       Computation: 31164 steps/s (collection: 2.087s, learning 0.016s)
             Mean action noise std: 0.45
          Mean value_function loss: 0.0684
               Mean surrogate loss: -0.0000
                 Mean entropy loss: 2.8121
      Mean critic_only_warmup loss: 1.0000
                       Mean reward: 1.76
               Mean episode length: 54.27
 Episode_Reward/undesired_contacts: 0.0000
  Episode_Reward/feet_contact_slip: -0.0005
     Episode_Reward/table_no_touch: -0.0000
              Episode_Reward/alive: 0.0010
            Episode_Reward/upright: -0.0010
          Episode_Reward/imitation: 0.0427
    Episode_Reward/racket_position: 0.0020
Episode_Reward/backhand_racket_position: 0.0006
    Episode_Reward/racket_velocity: 0.0013
Episode_Reward/planner_racket_task_space_crossfade: 0.0154
Episode_Reward/exact_impact_planner_task_space_alignment: 0.0003
    Episode_Reward/blade_direction: 0.0012
Episode_Reward/health_gated_soft_ball_contact: 0.0010
Episode_Reward/health_gated_backhand_soft_ball_contact: 0.0004
Episode_Reward/health_gated_ball_contact: 0.0003
Episode_Reward/healthy_trunk_support: 0.0075
Episode_Reward/targeted_strike_attempt: 0.0003
  Episode_Reward/strike_inactivity: 0.0000
 Episode_Reward/pre_strike_station: 0.0159
    Episode_Reward/recovery_health: 0.0012
Episode_Reward/no_command_ready_stability: 0.0006
Episode_Reward/post_strike_base_ang_vel: 0.0001
Episode_Reward/phase_action_overflow: -0.0000
     Episode_Reward/strike_balance: 0.0016
Episode_Reward/prestrike_station_progress: 0.0045
 Episode_Reward/lower_body_support: 0.0025
Episode_Reward/termination_penalty: 0.0000
Episode_Reward/phase_action_rate_waist: -0.0000
Episode_Reward/phase_action_rate_upper: -0.0004
Episode_Reward/phase_action_rate_legs: -0.0000
        Episode_Reward/joint_limit: -0.0028
Episode_Reward/prestrike_racket_progress: 0.0500
Episode_Reward/near_impact_planner_velocity_progress: 0.0018
Episode_Reward/operational_joint_margin: -0.0009
  Episode_Reward/joint_target_slew: -0.0029
Episode_Reward/actuator_waist_feasibility: -0.0000
Episode_Reward/actuator_right_arm_feasibility: -0.0000
Episode_Reward/actuator_leg_feasibility: -0.0000
Episode_Reward/terminal_quality_window: 0.0000
Episode_Reward/safe_terminal_quality: 0.0000
Episode_Reward/unsafe_terminal_recovery: 0.0000
Episode_Reward/capability_gated_safe_terminal_outcome: 0.0000
    Metrics/motion/error_joint_pos: 1.4109
    Metrics/motion/error_joint_vel: 5.8982
     Metrics/motion/error_body_pos: 0.1070
     Metrics/motion/error_body_rot: 0.5472
       Metrics/motion/motion_phase: 0.2730
            Metrics/motion/in_hold: 0.0219
Metrics/motion/motion_start_warmup_prob: 0.8000
Metrics/motion/motion_start_lifecycle_progress: 0.0000
Metrics/motion/motion_start_effective_prestrike_fraction: 1.0000
Metrics/motion/motion_start_effective_recovery_fraction: 0.0000
Metrics/motion/motion_start_effective_rsi_fraction: 0.0000
 Metrics/motion/motion_start_reset: 0.7070
Metrics/motion/motion_start_prestrike_reset: 0.0000
Metrics/motion/motion_start_recovery_reset: 0.0000
Metrics/motion/motion_start_rsi_reset: 0.0000
 Metrics/motion/single_cycle_reset: 0.0000
     Metrics/motion/motion_clip_id: 0.4937
Metrics/motion/motion_supplemental_clip: 0.0000
      Metrics/motion/stand_episode: 0.0219
Metrics/motion/default_stand_reset: 0.2930
Metrics/motion/error_body_pos_lower: 0.1157
Metrics/motion/error_body_rot_lower: 0.6691
Metrics/motion/error_body_lin_vel_lower: 0.1185
Metrics/motion/error_body_ang_vel_lower: 0.6642
Metrics/motion/reference_body_lin_speed_lower: 0.0226
Metrics/motion/robot_body_lin_speed_lower: 0.1161
Metrics/motion/error_body_pos_core: 0.0628
Metrics/motion/error_body_rot_core: 0.2813
Metrics/motion/error_body_lin_vel_core: 0.1255
Metrics/motion/error_body_ang_vel_core: 1.1902
Metrics/motion/reference_body_lin_speed_core: 0.0289
Metrics/motion/robot_body_lin_speed_core: 0.1191
Metrics/motion/error_body_pos_upper: 0.1130
Metrics/motion/error_body_rot_upper: 0.5140
Metrics/motion/error_body_lin_vel_upper: 0.7540
Metrics/motion/error_body_ang_vel_upper: 2.3981
Metrics/motion/reference_body_lin_speed_upper: 0.1088
Metrics/motion/robot_body_lin_speed_upper: 0.7872
Metrics/motion/error_joint_pos_waist: 0.4447
Metrics/motion/error_joint_vel_waist: 1.5487
Metrics/motion/reference_joint_speed_waist: 0.0326
Metrics/motion/error_joint_pos_arms: 1.1360
Metrics/motion/error_joint_vel_arms: 5.0042
Metrics/motion/reference_joint_speed_arms: 0.2435
Metrics/motion/error_joint_pos_legs: 0.6582
Metrics/motion/error_joint_vel_legs: 2.4440
Metrics/motion/reference_joint_speed_legs: 0.0086
Metrics/racket_target/racket_pos_error: 0.0272
Metrics/racket_target/racket_vel_error: 0.1128
Metrics/racket_target/time_to_strike: 0.3570
Metrics/racket_target/return_success: 0.0000
Metrics/racket_target/prev_return_success: 0.0000
Metrics/racket_target/prev_net_cross: 0.0000
Metrics/racket_target/current_net_cross: 0.0599
Metrics/racket_target/racket_pos_curriculum_scale: 1.0000
Metrics/racket_target/impact_inverse_command_blend: 0.0000
Metrics/racket_target/steps_since_target_resample: 46.5000
Metrics/racket_target/recovery_height_error: 0.0172
Metrics/racket_target/recovery_upright_error: 0.2037
Metrics/racket_target/recovery_base_lin_vel: 0.1360
Metrics/racket_target/recovery_base_ang_vel: 0.9085
Metrics/racket_target/recovery_station_error: 0.0566
Metrics/racket_target/recovery_feet_contact_frac: 0.9731
Metrics/racket_target/recovery_racket_speed: 1.5578
Metrics/racket_target/recovery_height_score: 0.9659
Metrics/racket_target/recovery_upright_score: 0.5417
Metrics/racket_target/recovery_lin_vel_score: 0.7105
Metrics/racket_target/recovery_ang_vel_score: 0.3011
Metrics/racket_target/recovery_station_score: 0.9145
Metrics/racket_target/recovery_racket_score: 0.0848
Metrics/racket_target/recovery_arm_score: 0.6266
Metrics/racket_target/recovery_ready_score: 0.6686
Metrics/racket_target/recovery_anchor_arm_score: 1.0000
Metrics/racket_target/recovery_core_ready_score: 0.5331
Metrics/racket_target/recovery_functional_ready_score: 0.4513
Metrics/racket_target/waist_action_overflow_rms: 0.0000
Metrics/racket_target/right_arm_action_overflow_rms: 0.0029
Metrics/racket_target/leg_action_overflow_rms: 0.0000
Metrics/racket_target/operational_margin_fraction: 0.0032
Metrics/racket_target/waist_operational_margin_fraction: 0.0000
Metrics/racket_target/right_arm_operational_margin_fraction: 0.0016
Metrics/racket_target/leg_operational_margin_fraction: 0.0072
Metrics/racket_target/waist_operational_excess_rms: 0.0000
Metrics/racket_target/right_arm_operational_excess_rms: 0.0003
Metrics/racket_target/leg_operational_excess_rms: 0.0006
Metrics/racket_target/q_des_velocity_violation_fraction: 0.0821
Metrics/racket_target/waist_q_des_velocity_violation_fraction: 0.0000
Metrics/racket_target/right_arm_q_des_velocity_violation_fraction: 0.1221
Metrics/racket_target/leg_q_des_velocity_violation_fraction: 0.1102
Metrics/racket_target/q_des_acceleration_violation_fraction: 0.6986
Metrics/racket_target/waist_q_des_acceleration_violation_fraction: 0.5711
Metrics/racket_target/right_arm_q_des_acceleration_violation_fraction: 0.7951
Metrics/racket_target/leg_q_des_acceleration_violation_fraction: 0.7734
Metrics/racket_target/waist_q_des_velocity_rms: 3.0570
Metrics/racket_target/right_arm_q_des_velocity_rms: 8.5382
Metrics/racket_target/leg_q_des_velocity_rms: 7.1629
Metrics/racket_target/waist_q_des_acceleration_rms: 261.3793
Metrics/racket_target/right_arm_q_des_acceleration_rms: 749.0651
Metrics/racket_target/leg_q_des_acceleration_rms: 619.2388
Metrics/racket_target/action_operational_feasibility_score: 0.9882
Metrics/racket_target/actuator_overflow_consecutive_steps: 0.0000
Metrics/racket_target/actuator_overflow_severe: 0.0000
Metrics/racket_target/recovery_phase_gate: 0.0219
Metrics/racket_target/recovery_phase_ready_score: 0.0158
Metrics/racket_target/recovery_contact_ready_score: 0.0000
Metrics/racket_target/recovery_net_ready_score: 0.0000
Metrics/racket_target/recovery_return_ready_score: 0.0000
Metrics/racket_target/cycle_success_ready_score: 0.0000
Metrics/racket_target/cycle_success_soft: 0.0000
Metrics/racket_target/cycle_success_binary: 0.0000
Metrics/racket_target/cycle_v2_pending: 0.0000
Metrics/racket_target/cycle_v2_attempt_latch: 0.0000
Metrics/racket_target/cycle_v2_ready_success_latch: 0.0000
Metrics/racket_target/cycle_v2_ready_fail_latch: 0.0000
Metrics/racket_target/cycle_v2_attempt_event: 0.0000
Metrics/racket_target/cycle_v2_ready_success_event: 0.0000
Metrics/racket_target/cycle_v2_ready_fail_event: 0.0000
Metrics/racket_target/cycle_v2_unresolved_resample_fail_event: 0.0000
Metrics/racket_target/cycle_v2_resolved_event: 0.0000
Metrics/racket_target/cycle_v2_command_visible_steps: 0.0000
Metrics/racket_target/cycle_v2_elapsed_steps: 0.0000
Metrics/racket_target/cycle_v2_ready_score: 0.0000
Metrics/racket_target/cycle_v2_ready_ok: 0.0000
Metrics/racket_target/cycle_v2_visible: 0.0000
Metrics/racket_target/cycle_v2_ready_score_ok: 0.0000
Metrics/racket_target/cycle_v2_height_ok: 0.0000
Metrics/racket_target/cycle_v2_upright_ok: 0.0000
Metrics/racket_target/cycle_v2_base_lin_vel_ok: 0.0000
Metrics/racket_target/cycle_v2_base_ang_vel_ok: 0.0000
Metrics/racket_target/cycle_v2_feet_ok: 0.0000
Metrics/racket_target/cycle_v2_core_ready_ok: 0.0000
Metrics/racket_target/cycle_v2_ready_consecutive_steps: 0.0000
Metrics/racket_target/single_cycle_bootstrap: 0.0000
Metrics/racket_target/single_cycle_swing_completed: 0.0000
Metrics/racket_target/single_cycle_recovery_active: 0.0000
Metrics/racket_target/single_cycle_recovery_elapsed_steps: 0.0000
Metrics/racket_target/single_cycle_ready_consecutive_steps: 0.0000
Metrics/racket_target/single_cycle_safe_timeout_event: 0.0000
Metrics/racket_target/single_cycle_deadline_timeout_event: 0.0000
Metrics/racket_target/single_cycle_timeout_latch: 0.0000
Metrics/racket_target/single_cycle_hard_failure_event: 0.0000
Metrics/racket_target/single_cycle_probability: 0.0000
Metrics/racket_target/single_cycle_curriculum_level: 0.0000
Metrics/racket_target/single_cycle_effective_deadline_steps: 100.0000
Metrics/racket_target/single_cycle_selected_events: 0.0000
Metrics/racket_target/single_cycle_completed_events: 0.0000
Metrics/racket_target/single_cycle_safe_timeout_events: 0.0000
Metrics/racket_target/single_cycle_deadline_timeout_events: 0.0000
Metrics/racket_target/single_cycle_hard_failure_events: 0.0000
Metrics/racket_target/active_ready_consecutive_steps: 0.0344
Metrics/racket_target/active_ready_success_event: 0.0000
Metrics/racket_target/active_ready_success_latch: 0.0000
Metrics/racket_target/active_ready_survival_steps: 0.0000
Metrics/racket_target/active_ready_survival_next_milestone: 0.0000
Metrics/racket_target/active_ready_survival_milestone_event: 0.0000
Metrics/racket_target/no_command_ready_active: 0.0219
Metrics/racket_target/no_command_from_stand_episode: 0.0219
Metrics/racket_target/no_command_from_default_stand_reset: 0.0219
Metrics/racket_target/no_command_ready_upright_ok: 0.0219
Metrics/racket_target/no_command_ready_motion_ok: 0.0141
Metrics/racket_target/no_command_ready_score: 0.0158
Metrics/racket_target/no_command_ready_progress: -0.0010
Metrics/racket_target/no_command_ready_station_error: 0.0014
Metrics/racket_target/no_command_ready_fixed_station_error: 0.0014
Metrics/racket_target/healthy_training_stage: 3.0000
Metrics/racket_target/healthy_stage_planted_rehearsal: 0.0000
Metrics/racket_target/healthy_stage_station_hold_seen: 0.0000
Metrics/racket_target/healthy_stage_station_arrived: 0.0000
Metrics/racket_target/healthy_stage_station_settled: 0.0000
Metrics/racket_target/healthy_stage_station_settle_steps: 0.0000
Metrics/racket_target/station_relocation_active: 0.0000
Metrics/racket_target/station_relocation_target_offset_y: 0.0000
Metrics/racket_target/station_relocation_error: 0.0000
Metrics/racket_target/station_relocation_arrival_event: 0.0000
Metrics/racket_target/station_relocation_settle_event: 0.0000
Metrics/racket_target/station_relocation_release_event: 0.0000
Metrics/racket_target/station_relocation_timeout_event: 0.0000
Metrics/racket_target/station_relocation_elapsed_steps: 0.0000
Metrics/racket_target/station_relocation_hold_deadline_steps: 0.0000
Metrics/racket_target/lifecycle_recovery_hold_active: 0.0000
Metrics/racket_target/lifecycle_recovery_release_success_event: 0.0000
Metrics/racket_target/lifecycle_recovery_release_fail_event: 0.0000
Metrics/racket_target/station_relocation_level: 0.0000
Metrics/racket_target/station_relocation_arrival_ema: 0.0000
Metrics/racket_target/station_relocation_settle_ema: 0.0000
Metrics/racket_target/station_relocation_contact_ema: 0.0000
Metrics/racket_target/station_relocation_safety_ema: 0.0000
Metrics/racket_target/station_relocation_resolved_events: 0.0000
Metrics/racket_target/station_relocation_terminal_reset_events: 0.0000
Metrics/racket_target/station_relocation_advance_streak: 0.0000
Metrics/racket_target/station_relocation_regress_streak: 0.0000
Metrics/racket_target/station_relocation_effective_max_lin_vel: 0.0000
Metrics/racket_target/station_relocation_effective_max_ang_vel: 0.0000
Metrics/racket_target/station_relocation_effective_min_settle_steps: 0.0000
Metrics/racket_target/ability_curriculum_level: 0.0000
Metrics/racket_target/ability_curriculum_scale: 1.0000
Metrics/racket_target/ability_curriculum_resolved_events: 0.0000
Metrics/racket_target/ability_curriculum_total_resolved_events: 0.0000
Metrics/racket_target/ability_curriculum_advance_streak: 0.0000
Metrics/racket_target/ability_curriculum_regress_streak: 0.0000
Metrics/racket_target/ability_contact_ema: 0.0000
Metrics/racket_target/ability_net_ema: 0.0000
Metrics/racket_target/ability_success_ema: 0.0000
Metrics/racket_target/ability_recovery_ema: 0.0000
Metrics/racket_target/ability_cycle_ema: 0.0000
Metrics/racket_target/ability_cycle_attempt_ema: 0.0000
Metrics/racket_target/ability_cycle_resolved_ema: 0.0000
Metrics/racket_target/ability_forehand_contact_ema: 0.0000
Metrics/racket_target/ability_forehand_net_ema: 0.0000
Metrics/racket_target/ability_forehand_success_ema: 0.0000
Metrics/racket_target/ability_backhand_contact_ema: 0.0000
Metrics/racket_target/ability_backhand_net_ema: 0.0000
Metrics/racket_target/ability_backhand_success_ema: 0.0000
Metrics/racket_target/ability_attempt_ema: 0.0000
Metrics/racket_target/ability_targeted_attempt_ema: 0.0000
Metrics/racket_target/impact_health_floor_progress: 0.0000
Metrics/racket_target/ability_safety_ema: 1.0000
Metrics/racket_target/ability_station_saturation_ema: 0.0000
Metrics/racket_target/ability_healthy_normal_ema: 0.0000
Metrics/racket_target/ability_station_arrival_ema: 0.0000
Metrics/racket_target/ability_station_settle_ema: 0.0000
Metrics/racket_target/safe_outcome_capability_gate: 0.0000
Metrics/racket_target/planner_hit_plane_blend: 1.0000
Metrics/racket_target/planner_hit_plane_x_delta: 0.0356
Metrics/racket_target/true_strike_table_x: 0.2000
Metrics/racket_target/planner_target_table_x: 0.2000
Metrics/racket_target/workspace_level: 0.0000
Metrics/racket_target/workspace_fringe_sample: 0.0000
Metrics/racket_target/workspace_target_lateral_norm: 0.3586
Metrics/racket_target/workspace_target_table_y: -0.2591
Metrics/racket_target/workspace_playable_y_min: -0.7225
Metrics/racket_target/workspace_playable_y_max: 0.7225
Metrics/racket_target/workspace_active_y_lo: -0.3276
Metrics/racket_target/workspace_active_y_hi: -0.1924
Metrics/racket_target/workspace_motion_seed_blend: 0.0000
Metrics/racket_target/planner_perturb_curriculum_scale: 1.0000
Metrics/racket_target/incoming_ball_horizontal_speed: 2.2556
Metrics/racket_target/incoming_ball_speed: 4.6070
Metrics/racket_target/incoming_ball_speed_curriculum_level: 0.0000
Metrics/racket_target/incoming_ball_speed_sample_low: 0.0000
Metrics/racket_target/incoming_ball_speed_sample_high: 0.0000
Metrics/racket_target/station_saturated: 0.0000
Metrics/racket_target/station_raw_clip_excess: 0.0000
Metrics/racket_target/station_saturated_x: 0.0000
Metrics/racket_target/station_saturated_y: 0.0000
Metrics/racket_target/station_raw_clip_excess_x: 0.0000
Metrics/racket_target/station_raw_clip_excess_y: 0.0000
Metrics/racket_target/current_swing_opportunity: 0.0693
Metrics/racket_target/current_swing_attempt: 0.0693
Metrics/racket_target/current_swing_targeted_attempt: 0.0693
Metrics/racket_target/prev_swing_targeted_attempt: 0.0000
Metrics/racket_target/current_swing_unsafe: 0.0000
Metrics/racket_target/current_swing_station_saturated: 0.0000
Metrics/racket_target/impact_health_score: 0.9649
Metrics/racket_target/impact_health_ok: 1.0000
Metrics/racket_target/impact_health_backlean_violation: 0.0000
Metrics/racket_target/impact_health_waist_backfold: 0.0000
Metrics/racket_target/impact_health_base_retreat: 0.0141
Metrics/racket_target/impact_health_torso_gravity_x: 0.1987
Metrics/racket_target/impact_health_torso_ang_vel: 0.4120
Metrics/racket_target/impact_health_com_x: 0.0228
Metrics/racket_target/impact_health_com_y: 0.0220
Metrics/racket_target/post_contact_ready_pending: 0.0505
Metrics/racket_target/post_contact_ready_elapsed_steps: 0.1042
Metrics/racket_target/post_contact_ready_consecutive_steps: 0.0573
Metrics/racket_target/post_contact_ready_diagnostic_pending: 0.0599
Metrics/racket_target/post_contact_ready_diagnostic_elapsed_steps: 0.1042
Metrics/racket_target/post_contact_ready_durable_pending: 0.0599
Metrics/racket_target/post_contact_ready_durable_consecutive_steps: 0.0000
Metrics/racket_target/post_contact_ready_durable_ready_now: 0.0000
Metrics/racket_target/post_contact_ready_durable_success_event: 0.0000
Metrics/racket_target/post_contact_ready_durable_fail_event: 0.0000
Metrics/racket_target/post_contact_ready_durable_resolution_success_rate: 0.0000
Metrics/racket_target/post_contact_ready_durable_resolution_fail_rate: 0.0003
Metrics/racket_target/post_contact_ready_durable_resolution_success_latency_steps: 0.0000
Metrics/racket_target/post_contact_ready_durable_resolution_fail_latency_steps: 0.0583
Metrics/racket_target/post_contact_ready_durable_fail_backlean_rate: 0.0938
Metrics/racket_target/post_contact_ready_durable_fail_forward_lean_rate: 0.0938
Metrics/racket_target/post_contact_ready_durable_fail_torso_ang_vel_rate: 0.0938
Metrics/racket_target/post_contact_ready_durable_fail_base_lin_vel_rate: 0.0938
Metrics/racket_target/post_contact_ready_durable_fail_base_ang_vel_rate: 0.0938
Metrics/racket_target/post_contact_ready_durable_fail_racket_speed_rate: 0.0938
Metrics/racket_target/post_contact_ready_durable_fail_height_rate: 0.0938
Metrics/racket_target/post_contact_ready_durable_fail_com_x_rate: 0.0938
Metrics/racket_target/post_contact_ready_durable_fail_com_y_rate: 0.0938
Metrics/racket_target/post_contact_ready_durable_fail_feet_rate: 0.0938
Metrics/racket_target/post_contact_ready_durable_fail_station_rate: 0.0938
Metrics/racket_target/post_contact_ready_durable_fail_arm_rate: 0.0938
Metrics/racket_target/post_contact_ready_terminal_window_active: 0.0000
Metrics/racket_target/post_contact_ready_terminal_quality: 0.0000
Metrics/racket_target/post_contact_ready_terminal_settlement_event: 0.0000
Metrics/racket_target/post_contact_ready_operational_ready_now: 0.0000
Metrics/racket_target/post_contact_ready_operational_consecutive_steps: 0.0000
Metrics/racket_target/post_contact_ready_safe_settlement_event: 0.0000
Metrics/racket_target/post_contact_ready_unsafe_settlement_event: 0.0000
Metrics/racket_target/post_contact_ready_incomplete_settlement_event: 0.0000
Metrics/racket_target/post_contact_ready_safe_net_cycle_event: 0.0000
Metrics/racket_target/post_contact_ready_terminal_quality_mean: 0.0000
Metrics/racket_target/post_contact_ready_safe_terminal_quality_mean: 0.0000
Metrics/racket_target/post_contact_ready_terminal_safe_rate: 0.0000
Metrics/racket_target/post_contact_ready_terminal_unsafe_rate: 0.0000
Metrics/racket_target/post_contact_ready_terminal_incomplete_rate: 0.0000
Metrics/racket_target/post_contact_ready_safe_net_cycle_rate: 0.0000
Metrics/racket_target/post_contact_ready_score: 0.8872
Metrics/racket_target/post_contact_ready_now: 0.0385
Metrics/racket_target/post_contact_ready_success_event: 0.0094
Metrics/racket_target/post_contact_ready_fail_event: 0.0000
Metrics/racket_target/post_contact_ready_outcome_tier: -0.8802
Metrics/racket_target/post_contact_ready_face_quality: 0.0539
Metrics/racket_target/post_contact_ready_safe_face_net_cycle_value: 0.0000
Metrics/racket_target/post_contact_ready_planner_speed_ratio: 0.0586
Metrics/racket_target/post_contact_ready_planner_direction_error_rad: 0.0110
Metrics/racket_target/post_contact_ready_planner_position_error: 0.0042
Metrics/racket_target/post_contact_ready_impact_health_score: 0.0583
Metrics/racket_target/post_contact_ready_peak_base_ang_vel: 0.0790
Metrics/racket_target/post_contact_ready_peak_ang_vel_excess_increment: 0.0000
Metrics/racket_target/post_contact_ready_envelope_violation_latch: 0.0000
Metrics/racket_target/post_contact_ready_envelope_violation_event: 0.0000
Metrics/racket_target/post_contact_ready_envelope_first_violation_step: -1.0000
Metrics/racket_target/post_contact_ready_envelope_attempts: 135.5000
Metrics/racket_target/post_contact_ready_envelope_violation_rate: 0.0009
Metrics/racket_target/post_contact_ready_envelope_tilt_violation_rate: 0.0000
Metrics/racket_target/post_contact_ready_envelope_pitch_violation_rate: 0.0000
Metrics/racket_target/post_contact_ready_envelope_com_violation_rate: 0.0000
Metrics/racket_target/post_contact_ready_envelope_waist_violation_rate: 0.0000
Metrics/racket_target/post_contact_ready_envelope_leg_violation_rate: 0.0000
Metrics/racket_target/post_contact_ready_envelope_base_ang_vel_violation_rate: 0.0009
Metrics/racket_target/post_contact_ready_resolution_success_rate: 0.0140
Metrics/racket_target/post_contact_ready_resolution_fail_rate: 0.0003
Metrics/racket_target/post_contact_ready_resolution_success_latency_steps: 0.0938
Metrics/racket_target/post_contact_ready_resolution_fail_latency_steps: 0.0583
Metrics/racket_target/post_contact_ready_max_tilt: 0.0130
Metrics/racket_target/post_contact_ready_max_abs_pitch: 0.0129
Metrics/racket_target/post_contact_ready_max_com_x: 0.0012
Metrics/racket_target/post_contact_ready_max_com_y: 0.0012
Metrics/racket_target/post_contact_ready_max_waist_overflow: 0.0000
Metrics/racket_target/post_contact_ready_max_leg_overflow: 0.0000
Metrics/racket_target/post_contact_ready_settlement_velocity_score_ema: 0.0211
Metrics/racket_target/post_contact_ready_settlement_position_gate_ema: 0.0244
Metrics/racket_target/post_contact_ready_settlement_health_gate_ema: 0.0306
Metrics/racket_target/post_contact_ready_settlement_recovery_gate_ema: 0.0210
Metrics/racket_target/post_contact_ready_settlement_total_score_ema: 0.0108
Metrics/racket_target/post_contact_recovery_backlean_error: 0.0006
Metrics/racket_target/post_contact_recovery_directional_progress: 0.0000
Metrics/racket_target/post_contact_ready_torso_ok: 0.9799
Metrics/racket_target/post_contact_ready_motion_ok: 0.8370
Metrics/racket_target/post_contact_ready_support_ok: 1.0000
Metrics/racket_target/post_contact_ready_arm_ok: 1.0000
Metrics/racket_target/post_contact_ready_base_lin_vel_ok: 1.0000
Metrics/racket_target/post_contact_ready_base_ang_vel_ok: 0.8370
Metrics/racket_target/post_contact_ready_racket_speed_ok: 0.9922
Metrics/racket_target/post_contact_ready_height_ok: 1.0000
Metrics/racket_target/post_contact_ready_com_x_ok: 1.0000
Metrics/racket_target/post_contact_ready_com_y_ok: 1.0000
Metrics/racket_target/post_contact_ready_feet_ok: 1.0000
Metrics/racket_target/post_contact_ready_station_ok: 1.0000
Metrics/racket_target/post_contact_ready_fail_torso: 0.0000
Metrics/racket_target/post_contact_ready_fail_base_lin_vel: 0.0000
Metrics/racket_target/post_contact_ready_fail_base_ang_vel: 0.0000
Metrics/racket_target/post_contact_ready_fail_racket_speed: 0.0000
Metrics/racket_target/post_contact_ready_fail_support: 0.0000
Metrics/racket_target/post_contact_ready_fail_arm: 0.0000
Metrics/racket_target/post_contact_ready_shadow_now: 0.0000
Metrics/racket_target/post_contact_ready_shadow_consecutive_steps: 0.0000
Metrics/racket_target/post_contact_ready_shadow_success_latch: 0.0000
Metrics/racket_target/post_contact_ready_curriculum_level: 0.0000
Metrics/racket_target/post_contact_ready_curriculum_fraction: 1.0000
Metrics/racket_target/post_contact_ready_curriculum_success_ema: 0.0000
Metrics/racket_target/post_contact_ready_curriculum_shadow_success_ema: 0.0000
Metrics/racket_target/post_contact_ready_curriculum_resolved_events: 0.0000
Metrics/racket_target/post_contact_ready_curriculum_successful_events: 0.0000
Metrics/racket_target/post_contact_ready_curriculum_targeted_attempt_ema: 0.0000
Metrics/racket_target/post_contact_ready_curriculum_return_success_ema: 0.0000
Metrics/racket_target/post_contact_ready_curriculum_completed_swings: 0.0000
Metrics/racket_target/post_contact_ready_curriculum_advance_streak: 0.0000
Metrics/racket_target/post_contact_ready_curriculum_advance_guard_ok: 0.0000
Metrics/racket_target/post_contact_ready_effective_max_torso_ang_vel: 1.5000
Metrics/racket_target/post_contact_ready_effective_torso_x_min: -0.1200
Metrics/racket_target/post_contact_ready_effective_torso_x_max: 0.3200
Metrics/racket_target/post_contact_ready_effective_max_base_lin_vel: 0.4500
Metrics/racket_target/post_contact_ready_effective_max_base_ang_vel: 1.3000
Metrics/racket_target/post_contact_ready_effective_max_racket_speed: 3.0000
Metrics/racket_target/post_contact_ready_effective_min_feet_contact: 0.5000
Metrics/racket_target/post_contact_ready_effective_required_consecutive_steps: 3.0000
Metrics/racket_target/post_contact_ready_effective_deadline_steps: 40.0000
Metrics/racket_target/post_contact_ready_curriculum_advance_threshold: 1.0000
Metrics/racket_target/post_contact_ready_curriculum_advance_min_events: 0.0000
Metrics/racket_target/post_contact_ready_curriculum_shadow_threshold: 1.0000
Metrics/racket_target/post_contact_ready_curriculum_min_targeted_attempt_ema: 0.0000
Metrics/racket_target/post_contact_ready_curriculum_min_return_success_ema: 0.0000
Metrics/racket_target/post_contact_ready_curriculum_min_completed_swings: 1.0000
Metrics/racket_target/post_contact_ready_curriculum_required_advance_checks: 1.0000
Metrics/racket_target/racket_normal_error_deg: 24.8958
Metrics/racket_target/impact_normal_error_deg: 0.8183
Metrics/racket_target/impact_racket_vel_error_mps: 0.0339
Metrics/racket_target/impact_racket_speed_ratio: 0.0671
Metrics/racket_target/impact_racket_vel_angle_deg: 0.7190
Metrics/racket_target/impact_racket_actual_vel_x: 0.0717
Metrics/racket_target/impact_racket_actual_vel_y: 0.0090
Metrics/racket_target/impact_racket_actual_vel_z: 0.0948
Metrics/racket_target/impact_racket_target_vel_x: 0.0809
Metrics/racket_target/impact_racket_target_vel_y: 0.0049
Metrics/racket_target/impact_racket_target_vel_z: 0.0965
Metrics/racket_target/impact_ball_out_error_mps: 0.3208
Metrics/racket_target/impact_face_radial_error_m: 0.0037
Metrics/racket_target/impact_face_normal_gap_m: 0.0033
Metrics/racket_target/impact_face_quality: 0.0601
Metrics/racket_target/impact_center_contact: 0.0078
Metrics/racket_target/impact_center_net_cross: 0.0078
Metrics/racket_target/impact_center_on_opponent: 0.0000
Metrics/racket_target/impact_rim_contact: 0.0000
Metrics/racket_target/impact_rim_net_cross: 0.0000
Metrics/racket_target/impact_rim_on_opponent: 0.0000
Metrics/racket_target/impact_analytic_outer_contact: 0.0000
Metrics/racket_target/impact_analytic_outer_net_cross: 0.0000
Metrics/racket_target/impact_analytic_outer_on_opponent: 0.0000
Metrics/racket_target/impact_planner_pos_error_m: 0.0053
Metrics/racket_target/impact_planner_vel_error_mps: 0.0339
Metrics/racket_target/impact_planner_speed_ratio: 0.0671
Metrics/racket_target/impact_planner_vel_angle_deg: 0.7190
Metrics/racket_target/impact_healthy_normal_ok: 0.0078
Metrics/racket_target/impact_healthy_contact: 0.0078
Metrics/racket_target/impact_healthy_net_cross: 0.0078
Metrics/racket_target/impact_healthy_on_opponent: 0.0000
Metrics/racket_target/current_swing_impact_health_score: 0.0583
Metrics/racket_target/current_swing_healthy_contact: 0.0599
Metrics/racket_target/current_swing_healthy_net_cross: 0.0599
Metrics/racket_target/current_swing_healthy_on_opponent: 0.0000
Metrics/racket_target/current_swing_healthy_normal_ok: 0.0693
Metrics/racket_target/current_swing_contact: 0.0599
Metrics/racket_target/current_swing_net_cross: 0.0599
Metrics/racket_target/current_swing_on_opponent: 0.0000
Metrics/racket_target/current_swing_center_contact: 0.0401
Metrics/racket_target/current_swing_center_net_cross: 0.0401
Metrics/racket_target/current_swing_center_on_opponent: 0.0000
Metrics/racket_target/current_swing_rim_contact: 0.0167
Metrics/racket_target/current_swing_rim_net_cross: 0.0167
Metrics/racket_target/current_swing_rim_on_opponent: 0.0000
Metrics/racket_target/current_swing_analytic_outer_contact: 0.0031
Metrics/racket_target/current_swing_analytic_outer_net_cross: 0.0031
Metrics/racket_target/current_swing_analytic_outer_on_opponent: 0.0000
Metrics/racket_target/cycle_v2_outcome_tier: -1.0000
Metrics/racket_target/cycle_v2_streak: 0.0000
Metrics/racket_target/closed_loop_recovery_trigger_event: 0.0078
Metrics/racket_target/closed_loop_cycle_success_event: 0.0094
Metrics/racket_target/closed_loop_durable_cycle_success_event: 0.0000
Metrics/racket_target/closed_loop_phase_id: 1.6375
Metrics/racket_target/closed_loop_phase_ready_no_command: 0.0219
Metrics/racket_target/closed_loop_phase_command_acquire: 0.4957
Metrics/racket_target/closed_loop_phase_pre_strike: 0.3056
Metrics/racket_target/closed_loop_phase_strike: 0.1769
Metrics/racket_target/closed_loop_phase_follow_through: 0.0000
Metrics/racket_target/closed_loop_phase_recovery: 0.0000
Metrics/racket_target/closed_loop_phase_next_ready: 0.0000
Metrics/racket_target/post_contact_phase_impact_0_100ms_attempts: 135.5000
Metrics/racket_target/post_contact_phase_impact_0_100ms_tilt_gt_0p1_rate: 0.1250
Metrics/racket_target/post_contact_phase_impact_0_100ms_pitch_gt_0p1_rate: 0.1250
Metrics/racket_target/post_contact_phase_impact_0_100ms_waist_overflow_gt_1p0_rate: 0.0000
Metrics/racket_target/post_contact_phase_impact_0_100ms_base_ang_vel_gt_0p8_rate: 0.1043
Metrics/racket_target/post_contact_phase_brake_100_300ms_attempts: 0.0000
Metrics/racket_target/post_contact_phase_brake_100_300ms_tilt_gt_0p1_rate: 0.0000
Metrics/racket_target/post_contact_phase_brake_100_300ms_pitch_gt_0p1_rate: 0.0000
Metrics/racket_target/post_contact_phase_brake_100_300ms_waist_overflow_gt_1p0_rate: 0.0000
Metrics/racket_target/post_contact_phase_brake_100_300ms_base_ang_vel_gt_0p8_rate: 0.0000
Metrics/racket_target/post_contact_phase_settle_300_600ms_attempts: 0.0000
Metrics/racket_target/post_contact_phase_settle_300_600ms_tilt_gt_0p1_rate: 0.0000
Metrics/racket_target/post_contact_phase_settle_300_600ms_pitch_gt_0p1_rate: 0.0000
Metrics/racket_target/post_contact_phase_settle_300_600ms_waist_overflow_gt_1p0_rate: 0.0000
Metrics/racket_target/post_contact_phase_settle_300_600ms_base_ang_vel_gt_0p8_rate: 0.0000
Metrics/racket_target/post_contact_phase_ready_after_600ms_attempts: 0.0000
Metrics/racket_target/post_contact_phase_ready_after_600ms_tilt_gt_0p1_rate: 0.0000
Metrics/racket_target/post_contact_phase_ready_after_600ms_pitch_gt_0p1_rate: 0.0000
Metrics/racket_target/post_contact_phase_ready_after_600ms_waist_overflow_gt_1p0_rate: 0.0000
Metrics/racket_target/post_contact_phase_ready_after_600ms_base_ang_vel_gt_0p8_rate: 0.0000
Metrics/racket_target/base_pitch_like_signed: -0.1931
Metrics/racket_target/base_backward_velocity: 0.0065
Metrics/racket_target/waist_action_rms: 0.4018
Metrics/racket_target/right_arm_action_rms: 3.9599
Metrics/racket_target/leg_action_rms: 0.4829
Metrics/racket_target/action_abs_max: 7.1808
Metrics/racket_target/applied_action_abs_max: 6.9852
Metrics/racket_target/leg_action_abs_max: 0.9422
Metrics/racket_target/effective_action_abs_max: 6.9798
Metrics/racket_target/action_clamp_fraction: 0.0006
Metrics/racket_target/waist_action_clamp_fraction: 0.0000
Metrics/racket_target/right_arm_action_clamp_fraction: 0.0026
Metrics/racket_target/leg_action_clamp_fraction: 0.0000
Metrics/racket_target/waist_q_tracking_error_rms: 0.3821
Metrics/racket_target/right_arm_q_tracking_error_rms: 0.1837
Metrics/racket_target/leg_q_tracking_error_rms: 0.2138
Metrics/racket_target/waist_torque_clip_fraction: 0.0000
Metrics/racket_target/right_arm_torque_clip_fraction: 0.0000
Metrics/racket_target/leg_torque_clip_fraction: 0.0000
Metrics/racket_target/waist_action_delta_rms: 0.1401
Metrics/racket_target/right_arm_action_delta_rms: 0.9275
Metrics/racket_target/leg_action_delta_rms: 0.2669
Metrics/racket_target/waist_joint_vel_rms: 0.9100
Metrics/racket_target/right_arm_joint_vel_rms: 1.6337
Metrics/racket_target/leg_joint_vel_rms: 0.7060
Metrics/racket_target/recovery_leg_action_abs_max: 0.0175
Metrics/racket_target/recovery_leg_action_delta_rms: 0.0078
Metrics/racket_target/recovery_leg_joint_vel_rms: 0.0158
      Episode_Termination/time_out: 4.2188
  Episode_Termination/base_too_low: 0.0000
   Episode_Termination/base_tilted: 0.0000
   Episode_Termination/table_touch: 0.0000
Episode_Termination/persistent_action_overflow: 0.0000
--------------------------------------------------------------------------------
                   Total timesteps: 131072
                    Iteration time: 2.10s
                      Time elapsed: 00:00:04
                               ETA: 00:00:44

################################################################################
                     [1m Learning iteration 1802/1820 [0m                     

                       Computation: 30251 steps/s (collection: 2.151s, learning 0.015s)
             Mean action noise std: 0.45
          Mean value_function loss: 0.0996
               Mean surrogate loss: -0.0000
                 Mean entropy loss: 2.8121
      Mean critic_only_warmup loss: 1.0000
                       Mean reward: 4.01
               Mean episode length: 84.13
 Episode_Reward/undesired_contacts: 0.0000
  Episode_Reward/feet_contact_slip: -0.0006
     Episode_Reward/table_no_touch: -0.0000
              Episode_Reward/alive: 0.0016
            Episode_Reward/upright: -0.0021
          Episode_Reward/imitation: 0.0726
    Episode_Reward/racket_position: 0.0234
Episode_Reward/backhand_racket_position: 0.0104
    Episode_Reward/racket_velocity: 0.0152
Episode_Reward/planner_racket_task_space_crossfade: 0.0951
Episode_Reward/exact_impact_planner_task_space_alignment: 0.0026
    Episode_Reward/blade_direction: 0.0139
Episode_Reward/health_gated_soft_ball_contact: 0.0150
Episode_Reward/health_gated_backhand_soft_ball_contact: 0.0093
Episode_Reward/health_gated_ball_contact: 0.0030
Episode_Reward/healthy_trunk_support: 0.0219
Episode_Reward/targeted_strike_attempt: 0.0034
  Episode_Reward/strike_inactivity: -0.0000
 Episode_Reward/pre_strike_station: 0.0191
    Episode_Reward/recovery_health: 0.0031
Episode_Reward/no_command_ready_stability: 0.0004
Episode_Reward/post_strike_base_ang_vel: 0.0005
Episode_Reward/phase_action_overflow: -0.0000
     Episode_Reward/strike_balance: 0.0089
Episode_Reward/prestrike_station_progress: 0.0060
 Episode_Reward/lower_body_support: 0.0131
Episode_Reward/termination_penalty: -0.0023
Episode_Reward/phase_action_rate_waist: -0.0000
Episode_Reward/phase_action_rate_upper: -0.0006
Episode_Reward/phase_action_rate_legs: -0.0000
        Episode_Reward/joint_limit: -0.0047
Episode_Reward/prestrike_racket_progress: 0.0533
Episode_Reward/near_impact_planner_velocity_progress: 0.0141
Episode_Reward/operational_joint_margin: -0.0017
  Episode_Reward/joint_target_slew: -0.0042
Episode_Reward/actuator_waist_feasibility: -0.0000
Episode_Reward/actuator_right_arm_feasibility: -0.0000
Episode_Reward/actuator_leg_feasibility: -0.0000
Episode_Reward/terminal_quality_window: 0.0001
Episode_Reward/safe_terminal_quality: 0.0000
Episode_Reward/unsafe_terminal_recovery: 0.0000
Episode_Reward/capability_gated_safe_terminal_outcome: 0.0003
    Metrics/motion/error_joint_pos: 1.1650
    Metrics/motion/error_joint_vel: 4.8179
     Metrics/motion/error_body_pos: 0.0893
     Metrics/motion/error_body_rot: 0.3124
       Metrics/motion/motion_phase: 0.4977
            Metrics/motion/in_hold: 0.0052
Metrics/motion/motion_start_warmup_prob: 0.8000
Metrics/motion/motion_start_lifecycle_progress: 0.0000
Metrics/motion/motion_start_effective_prestrike_fraction: 1.0000
Metrics/motion/motion_start_effective_recovery_fraction: 0.0000
Metrics/motion/motion_start_effective_rsi_fraction: 0.0000
 Metrics/motion/motion_start_reset: 0.8007
Metrics/motion/motion_start_prestrike_reset: 0.0000
Metrics/motion/motion_start_recovery_reset: 0.0000
Metrics/motion/motion_start_rsi_reset: 0.0000
 Metrics/motion/single_cycle_reset: 0.0000
     Metrics/motion/motion_clip_id: 0.5449
Metrics/motion/motion_supplemental_clip: 0.0000
      Metrics/motion/stand_episode: 0.0052
Metrics/motion/default_stand_reset: 0.1993
Metrics/motion/error_body_pos_lower: 0.0988
Metrics/motion/error_body_rot_lower: 0.3205
Metrics/motion/error_body_lin_vel_lower: 0.1178
Metrics/motion/error_body_ang_vel_lower: 0.6378
Metrics/motion/reference_body_lin_speed_lower: 0.0229
Metrics/motion/robot_body_lin_speed_lower: 0.1173
Metrics/motion/error_body_pos_core: 0.0620
Metrics/motion/error_body_rot_core: 0.1975
Metrics/motion/error_body_lin_vel_core: 0.1509
Metrics/motion/error_body_ang_vel_core: 0.9631
Metrics/motion/reference_body_lin_speed_core: 0.0292
Metrics/motion/robot_body_lin_speed_core: 0.1542
Metrics/motion/error_body_pos_upper: 0.0890
Metrics/motion/error_body_rot_upper: 0.3427
Metrics/motion/error_body_lin_vel_upper: 0.5785
Metrics/motion/error_body_ang_vel_upper: 1.8513
Metrics/motion/reference_body_lin_speed_upper: 0.1086
Metrics/motion/robot_body_lin_speed_upper: 0.5889
Metrics/motion/error_joint_pos_waist: 0.2456
Metrics/motion/error_joint_vel_waist: 1.2605
Metrics/motion/reference_joint_speed_waist: 0.0272
Metrics/motion/error_joint_pos_arms: 0.9868
Metrics/motion/error_joint_vel_arms: 3.9513
Metrics/motion/reference_joint_speed_arms: 0.2166
Metrics/motion/error_joint_pos_legs: 0.5306
Metrics/motion/error_joint_vel_legs: 2.2117
Metrics/motion/reference_joint_speed_legs: 0.0088
Metrics/racket_target/racket_pos_error: 0.1089
Metrics/racket_target/racket_vel_error: 1.1124
Metrics/racket_target/time_to_strike: -0.3141
Metrics/racket_target/return_success: 0.0102
Metrics/racket_target/prev_return_success: 0.0000
Metrics/racket_target/prev_net_cross: 0.0000
Metrics/racket_target/current_net_cross: 0.6394
Metrics/racket_target/racket_pos_curriculum_scale: 1.0000
Metrics/racket_target/impact_inverse_command_blend: 0.0000
Metrics/racket_target/steps_since_target_resample: 78.2359
Metrics/racket_target/recovery_height_error: 0.0226
Metrics/racket_target/recovery_upright_error: 0.1368
Metrics/racket_target/recovery_base_lin_vel: 0.1514
Metrics/racket_target/recovery_base_ang_vel: 0.7665
Metrics/racket_target/recovery_station_error: 0.0516
Metrics/racket_target/recovery_feet_contact_frac: 0.9935
Metrics/racket_target/recovery_racket_speed: 1.0577
Metrics/racket_target/recovery_height_score: 0.9385
Metrics/racket_target/recovery_upright_score: 0.7611
Metrics/racket_target/recovery_lin_vel_score: 0.6999
Metrics/racket_target/recovery_ang_vel_score: 0.4038
Metrics/racket_target/recovery_station_score: 0.9233
Metrics/racket_target/recovery_racket_score: 0.2469
Metrics/racket_target/recovery_arm_score: 0.8341
Metrics/racket_target/recovery_ready_score: 0.7420
Metrics/racket_target/recovery_anchor_arm_score: 1.0000
Metrics/racket_target/recovery_core_ready_score: 0.6420
Metrics/racket_target/recovery_functional_ready_score: 0.5648
Metrics/racket_target/waist_action_overflow_rms: 0.0000
Metrics/racket_target/right_arm_action_overflow_rms: 0.0000
Metrics/racket_target/leg_action_overflow_rms: 0.0018
Metrics/racket_target/operational_margin_fraction: 0.0045
Metrics/racket_target/waist_operational_margin_fraction: 0.0021
Metrics/racket_target/right_arm_operational_margin_fraction: 0.0022
Metrics/racket_target/leg_operational_margin_fraction: 0.0099
Metrics/racket_target/waist_operational_excess_rms: 0.0001
Metrics/racket_target/right_arm_operational_excess_rms: 0.0000
Metrics/racket_target/leg_operational_excess_rms: 0.0023
Metrics/racket_target/q_des_velocity_violation_fraction: 0.0606
Metrics/racket_target/waist_q_des_velocity_violation_fraction: 0.0094
Metrics/racket_target/right_arm_q_des_velocity_violation_fraction: 0.0716
Metrics/racket_target/leg_q_des_velocity_violation_fraction: 0.0840
Metrics/racket_target/q_des_acceleration_violation_fraction: 0.7030
Metrics/racket_target/waist_q_des_acceleration_violation_fraction: 0.5876
Metrics/racket_target/right_arm_q_des_acceleration_violation_fraction: 0.8101
Metrics/racket_target/leg_q_des_acceleration_violation_fraction: 0.7643
Metrics/racket_target/waist_q_des_velocity_rms: 2.9810
Metrics/racket_target/right_arm_q_des_velocity_rms: 7.5205
Metrics/racket_target/leg_q_des_velocity_rms: 6.6503
Metrics/racket_target/waist_q_des_acceleration_rms: 248.4060
Metrics/racket_target/right_arm_q_des_acceleration_rms: 666.1715
Metrics/racket_target/leg_q_des_acceleration_rms: 564.5085
Metrics/racket_target/action_operational_feasibility_score: 0.9588
Metrics/racket_target/actuator_overflow_consecutive_steps: 0.0000
Metrics/racket_target/actuator_overflow_severe: 0.0000
Metrics/racket_target/recovery_phase_gate: 0.7854
Metrics/racket_target/recovery_phase_ready_score: 0.6031
Metrics/racket_target/recovery_contact_ready_score: 0.4492
Metrics/racket_target/recovery_net_ready_score: 0.4409
Metrics/racket_target/recovery_return_ready_score: 0.0030
Metrics/racket_target/cycle_success_ready_score: 0.0000
Metrics/racket_target/cycle_success_soft: 0.0000
Metrics/racket_target/cycle_success_binary: 0.0000
Metrics/racket_target/cycle_v2_pending: 0.0000
Metrics/racket_target/cycle_v2_attempt_latch: 0.0000
Metrics/racket_target/cycle_v2_ready_success_latch: 0.0000
Metrics/racket_target/cycle_v2_ready_fail_latch: 0.0000
Metrics/racket_target/cycle_v2_attempt_event: 0.0000
Metrics/racket_target/cycle_v2_ready_success_event: 0.0000
Metrics/racket_target/cycle_v2_ready_fail_event: 0.0000
Metrics/racket_target/cycle_v2_unresolved_resample_fail_event: 0.0000
Metrics/racket_target/cycle_v2_resolved_event: 0.0000
Metrics/racket_target/cycle_v2_command_visible_steps: 0.0000
Metrics/racket_target/cycle_v2_elapsed_steps: 0.0000
Metrics/racket_target/cycle_v2_ready_score: 0.0000
Metrics/racket_target/cycle_v2_ready_ok: 0.0000
Metrics/racket_target/cycle_v2_visible: 0.0000
Metrics/racket_target/cycle_v2_ready_score_ok: 0.0000
Metrics/racket_target/cycle_v2_height_ok: 0.0000
Metrics/racket_target/cycle_v2_upright_ok: 0.0000
Metrics/racket_target/cycle_v2_base_lin_vel_ok: 0.0000
Metrics/racket_target/cycle_v2_base_ang_vel_ok: 0.0000
Metrics/racket_target/cycle_v2_feet_ok: 0.0000
Metrics/racket_target/cycle_v2_core_ready_ok: 0.0000
Metrics/racket_target/cycle_v2_ready_consecutive_steps: 0.0000
Metrics/racket_target/single_cycle_bootstrap: 0.0000
Metrics/racket_target/single_cycle_swing_completed: 0.0000
Metrics/racket_target/single_cycle_recovery_active: 0.0000
Metrics/racket_target/single_cycle_recovery_elapsed_steps: 0.0000
Metrics/racket_target/single_cycle_ready_consecutive_steps: 0.0000
Metrics/racket_target/single_cycle_safe_timeout_event: 0.0000
Metrics/racket_target/single_cycle_deadline_timeout_event: 0.0000
Metrics/racket_target/single_cycle_timeout_latch: 0.0000
Metrics/racket_target/single_cycle_hard_failure_event: 0.0000
Metrics/racket_target/single_cycle_probability: 0.0000
Metrics/racket_target/single_cycle_curriculum_level: 0.0000
Metrics/racket_target/single_cycle_effective_deadline_steps: 100.0000
Metrics/racket_target/single_cycle_selected_events: 0.0000
Metrics/racket_target/single_cycle_completed_events: 0.0000
Metrics/racket_target/single_cycle_safe_timeout_events: 0.0000
Metrics/racket_target/single_cycle_deadline_timeout_events: 0.0000
Metrics/racket_target/single_cycle_hard_failure_events: 0.0000
Metrics/racket_target/active_ready_consecutive_steps: 0.0052
Metrics/racket_target/active_ready_success_event: 0.0000
Metrics/racket_target/active_ready_success_latch: 0.0000
Metrics/racket_target/active_ready_survival_steps: 0.0000
Metrics/racket_target/active_ready_survival_next_milestone: 0.0000
Metrics/racket_target/active_ready_survival_milestone_event: 0.0000
Metrics/racket_target/no_command_ready_active: 0.0052
Metrics/racket_target/no_command_from_stand_episode: 0.0052
Metrics/racket_target/no_command_from_default_stand_reset: 0.0052
Metrics/racket_target/no_command_ready_upright_ok: 0.0052
Metrics/racket_target/no_command_ready_motion_ok: 0.0052
Metrics/racket_target/no_command_ready_score: 0.0046
Metrics/racket_target/no_command_ready_progress: 0.0052
Metrics/racket_target/no_command_ready_station_error: 0.0002
Metrics/racket_target/no_command_ready_fixed_station_error: 0.0002
Metrics/racket_target/healthy_training_stage: 3.0000
Metrics/racket_target/healthy_stage_planted_rehearsal: 0.0000
Metrics/racket_target/healthy_stage_station_hold_seen: 0.0000
Metrics/racket_target/healthy_stage_station_arrived: 0.0000
Metrics/racket_target/healthy_stage_station_settled: 0.0000
Metrics/racket_target/healthy_stage_station_settle_steps: 0.0000
Metrics/racket_target/station_relocation_active: 0.0000
Metrics/racket_target/station_relocation_target_offset_y: 0.0000
Metrics/racket_target/station_relocation_error: 0.0000
Metrics/racket_target/station_relocation_arrival_event: 0.0000
Metrics/racket_target/station_relocation_settle_event: 0.0000
Metrics/racket_target/station_relocation_release_event: 0.0000
Metrics/racket_target/station_relocation_timeout_event: 0.0000
Metrics/racket_target/station_relocation_elapsed_steps: 0.0000
Metrics/racket_target/station_relocation_hold_deadline_steps: 0.0000
Metrics/racket_target/lifecycle_recovery_hold_active: 0.0000
Metrics/racket_target/lifecycle_recovery_release_success_event: 0.0000
Metrics/racket_target/lifecycle_recovery_release_fail_event: 0.0000
Metrics/racket_target/station_relocation_level: 0.0000
Metrics/racket_target/station_relocation_arrival_ema: 0.0000
Metrics/racket_target/station_relocation_settle_ema: 0.0000
Metrics/racket_target/station_relocation_contact_ema: 0.0000
Metrics/racket_target/station_relocation_safety_ema: 0.0000
Metrics/racket_target/station_relocation_resolved_events: 0.0000
Metrics/racket_target/station_relocation_terminal_reset_events: 0.0000
Metrics/racket_target/station_relocation_advance_streak: 0.0000
Metrics/racket_target/station_relocation_regress_streak: 0.0000
Metrics/racket_target/station_relocation_effective_max_lin_vel: 0.0000
Metrics/racket_target/station_relocation_effective_max_ang_vel: 0.0000
Metrics/racket_target/station_relocation_effective_min_settle_steps: 0.0000
Metrics/racket_target/ability_curriculum_level: 0.0000
Metrics/racket_target/ability_curriculum_scale: 1.0000
Metrics/racket_target/ability_curriculum_resolved_events: 0.0000
Metrics/racket_target/ability_curriculum_total_resolved_events: 0.0000
Metrics/racket_target/ability_curriculum_advance_streak: 0.0000
Metrics/racket_target/ability_curriculum_regress_streak: 0.0000
Metrics/racket_target/ability_contact_ema: 0.0000
Metrics/racket_target/ability_net_ema: 0.0000
Metrics/racket_target/ability_success_ema: 0.0000
Metrics/racket_target/ability_recovery_ema: 0.0000
Metrics/racket_target/ability_cycle_ema: 0.0000
Metrics/racket_target/ability_cycle_attempt_ema: 0.0000
Metrics/racket_target/ability_cycle_resolved_ema: 0.0000
Metrics/racket_target/ability_forehand_contact_ema: 0.0000
Metrics/racket_target/ability_forehand_net_ema: 0.0000
Metrics/racket_target/ability_forehand_success_ema: 0.0000
Metrics/racket_target/ability_backhand_contact_ema: 0.0000
Metrics/racket_target/ability_backhand_net_ema: 0.0000
Metrics/racket_target/ability_backhand_success_ema: 0.0000
Metrics/racket_target/ability_attempt_ema: 0.0000
Metrics/racket_target/ability_targeted_attempt_ema: 0.0000
Metrics/racket_target/impact_health_floor_progress: 0.0000
Metrics/racket_target/ability_safety_ema: 1.0000
Metrics/racket_target/ability_station_saturation_ema: 0.0000
Metrics/racket_target/ability_healthy_normal_ema: 0.0000
Metrics/racket_target/ability_station_arrival_ema: 0.0000
Metrics/racket_target/ability_station_settle_ema: 0.0000
Metrics/racket_target/safe_outcome_capability_gate: 0.0000
Metrics/racket_target/planner_hit_plane_blend: 1.0000
Metrics/racket_target/planner_hit_plane_x_delta: 0.0361
Metrics/racket_target/true_strike_table_x: 0.2000
Metrics/racket_target/planner_target_table_x: 0.2000
Metrics/racket_target/workspace_level: 0.0000
Metrics/racket_target/workspace_fringe_sample: 0.0000
Metrics/racket_target/workspace_target_lateral_norm: 0.3359
Metrics/racket_target/workspace_target_table_y: -0.2427
Metrics/racket_target/workspace_playable_y_min: -0.7225
Metrics/racket_target/workspace_playable_y_max: 0.7225
Metrics/racket_target/workspace_active_y_lo: -0.3066
Metrics/racket_target/workspace_active_y_hi: -0.1729
Metrics/racket_target/workspace_motion_seed_blend: 0.0000
Metrics/racket_target/planner_perturb_curriculum_scale: 1.0000
Metrics/racket_target/incoming_ball_horizontal_speed: 2.2435
Metrics/racket_target/incoming_ball_speed: 4.6512
Metrics/racket_target/incoming_ball_speed_curriculum_level: 0.0000
Metrics/racket_target/incoming_ball_speed_sample_low: 0.0000
Metrics/racket_target/incoming_ball_speed_sample_high: 0.0000
Metrics/racket_target/station_saturated: 0.0000
Metrics/racket_target/station_raw_clip_excess: 0.0000
Metrics/racket_target/station_saturated_x: 0.0000
Metrics/racket_target/station_saturated_y: 0.0000
Metrics/racket_target/station_raw_clip_excess_x: 0.0000
Metrics/racket_target/station_raw_clip_excess_y: 0.0000
Metrics/racket_target/current_swing_opportunity: 0.8917
Metrics/racket_target/current_swing_attempt: 0.8917
Metrics/racket_target/current_swing_targeted_attempt: 0.8813
Metrics/racket_target/prev_swing_targeted_attempt: 0.0000
Metrics/racket_target/current_swing_unsafe: 0.0193
Metrics/racket_target/current_swing_station_saturated: 0.0000
Metrics/racket_target/impact_health_score: 0.9341
Metrics/racket_target/impact_health_ok: 0.9807
Metrics/racket_target/impact_health_backlean_violation: 0.0072
Metrics/racket_target/impact_health_waist_backfold: 0.0000
Metrics/racket_target/impact_health_base_retreat: 0.0184
Metrics/racket_target/impact_health_torso_gravity_x: 0.2653
Metrics/racket_target/impact_health_torso_ang_vel: 0.3874
Metrics/racket_target/impact_health_com_x: 0.0371
Metrics/racket_target/impact_health_com_y: 0.0222
Metrics/racket_target/post_contact_ready_pending: 0.0281
Metrics/racket_target/post_contact_ready_elapsed_steps: 3.0423
Metrics/racket_target/post_contact_ready_consecutive_steps: 0.0417
Metrics/racket_target/post_contact_ready_diagnostic_pending: 0.6491
Metrics/racket_target/post_contact_ready_diagnostic_elapsed_steps: 12.1881
Metrics/racket_target/post_contact_ready_durable_pending: 0.6178
Metrics/racket_target/post_contact_ready_durable_consecutive_steps: 0.3415
Metrics/racket_target/post_contact_ready_durable_ready_now: 0.1034
Metrics/racket_target/post_contact_ready_durable_success_event: 0.0000
Metrics/racket_target/post_contact_ready_durable_fail_event: 0.0312
Metrics/racket_target/post_contact_ready_durable_resolution_success_rate: 0.0046
Metrics/racket_target/post_contact_ready_durable_resolution_fail_rate: 0.0577
Metrics/racket_target/post_contact_ready_durable_resolution_success_latency_steps: 1.0938
Metrics/racket_target/post_contact_ready_durable_resolution_fail_latency_steps: 9.4836
Metrics/racket_target/post_contact_ready_durable_fail_backlean_rate: 0.8776
Metrics/racket_target/post_contact_ready_durable_fail_forward_lean_rate: 0.9921
Metrics/racket_target/post_contact_ready_durable_fail_torso_ang_vel_rate: 0.8776
Metrics/racket_target/post_contact_ready_durable_fail_base_lin_vel_rate: 0.8777
Metrics/racket_target/post_contact_ready_durable_fail_base_ang_vel_rate: 0.9128
Metrics/racket_target/post_contact_ready_durable_fail_racket_speed_rate: 0.8776
Metrics/racket_target/post_contact_ready_durable_fail_height_rate: 0.8776
Metrics/racket_target/post_contact_ready_durable_fail_com_x_rate: 0.8777
Metrics/racket_target/post_contact_ready_durable_fail_com_y_rate: 0.8776
Metrics/racket_target/post_contact_ready_durable_fail_feet_rate: 0.8776
Metrics/racket_target/post_contact_ready_durable_fail_station_rate: 0.8776
Metrics/racket_target/post_contact_ready_durable_fail_arm_rate: 0.8776
Metrics/racket_target/post_contact_ready_terminal_window_active: 0.0990
Metrics/racket_target/post_contact_ready_terminal_quality: 0.0929
Metrics/racket_target/post_contact_ready_terminal_settlement_event: 0.0312
Metrics/racket_target/post_contact_ready_operational_ready_now: 0.0885
Metrics/racket_target/post_contact_ready_operational_consecutive_steps: 0.3151
Metrics/racket_target/post_contact_ready_safe_settlement_event: 0.0208
Metrics/racket_target/post_contact_ready_unsafe_settlement_event: 0.0000
Metrics/racket_target/post_contact_ready_incomplete_settlement_event: 0.0104
Metrics/racket_target/post_contact_ready_safe_net_cycle_event: 0.0208
Metrics/racket_target/post_contact_ready_terminal_quality_mean: 0.0287
Metrics/racket_target/post_contact_ready_safe_terminal_quality_mean: 0.0289
Metrics/racket_target/post_contact_ready_terminal_safe_rate: 0.0217
Metrics/racket_target/post_contact_ready_terminal_unsafe_rate: 0.0012
Metrics/racket_target/post_contact_ready_terminal_incomplete_rate: 0.0083
Metrics/racket_target/post_contact_ready_safe_net_cycle_rate: 0.0215
Metrics/racket_target/post_contact_ready_score: 0.8805
Metrics/racket_target/post_contact_ready_now: 0.0177
Metrics/racket_target/post_contact_ready_success_event: 0.0063
Metrics/racket_target/post_contact_ready_fail_event: 0.0000
Metrics/racket_target/post_contact_ready_outcome_tier: 0.2986
Metrics/racket_target/post_contact_ready_face_quality: 0.5691
Metrics/racket_target/post_contact_ready_safe_face_net_cycle_value: 0.0208
Metrics/racket_target/post_contact_ready_planner_speed_ratio: 0.6352
Metrics/racket_target/post_contact_ready_planner_direction_error_rad: 0.1479
Metrics/racket_target/post_contact_ready_planner_position_error: 0.0398
Metrics/racket_target/post_contact_ready_impact_health_score: 0.6278
Metrics/racket_target/post_contact_ready_peak_base_ang_vel: 0.9545
Metrics/racket_target/post_contact_ready_peak_ang_vel_excess_increment: 0.0064
Metrics/racket_target/post_contact_ready_envelope_violation_latch: 0.0156
Metrics/racket_target/post_contact_ready_envelope_violation_event: 0.0000
Metrics/racket_target/post_contact_ready_envelope_first_violation_step: -0.8750
Metrics/racket_target/post_contact_ready_envelope_attempts: 1193.2188
Metrics/racket_target/post_contact_ready_envelope_violation_rate: 0.0279
Metrics/racket_target/post_contact_ready_envelope_tilt_violation_rate: 0.0000
Metrics/racket_target/post_contact_ready_envelope_pitch_violation_rate: 0.0000
Metrics/racket_target/post_contact_ready_envelope_com_violation_rate: 0.0000
Metrics/racket_target/post_contact_ready_envelope_waist_violation_rate: 0.0000
Metrics/racket_target/post_contact_ready_envelope_leg_violation_rate: 0.0000
Metrics/racket_target/post_contact_ready_envelope_base_ang_vel_violation_rate: 0.0279
Metrics/racket_target/post_contact_ready_resolution_success_rate: 0.9244
Metrics/racket_target/post_contact_ready_resolution_fail_rate: 0.0082
Metrics/racket_target/post_contact_ready_resolution_success_latency_steps: 4.6336
Metrics/racket_target/post_contact_ready_resolution_fail_latency_steps: 2.2362
Metrics/racket_target/post_contact_ready_max_tilt: 0.1360
Metrics/racket_target/post_contact_ready_max_abs_pitch: 0.1351
Metrics/racket_target/post_contact_ready_max_com_x: 0.0241
Metrics/racket_target/post_contact_ready_max_com_y: 0.0183
Metrics/racket_target/post_contact_ready_max_waist_overflow: 0.0000
Metrics/racket_target/post_contact_ready_max_leg_overflow: 0.0019
Metrics/racket_target/post_contact_ready_settlement_velocity_score_ema: 0.6517
Metrics/racket_target/post_contact_ready_settlement_position_gate_ema: 0.7781
Metrics/racket_target/post_contact_ready_settlement_health_gate_ema: 0.9761
Metrics/racket_target/post_contact_ready_settlement_recovery_gate_ema: 0.4918
Metrics/racket_target/post_contact_ready_settlement_total_score_ema: 0.2464
Metrics/racket_target/post_contact_recovery_backlean_error: 0.0155
Metrics/racket_target/post_contact_recovery_directional_progress: 0.0000
Metrics/racket_target/post_contact_ready_torso_ok: 0.6238
Metrics/racket_target/post_contact_ready_motion_ok: 0.8740
Metrics/racket_target/post_contact_ready_support_ok: 0.9755
Metrics/racket_target/post_contact_ready_arm_ok: 1.0000
Metrics/racket_target/post_contact_ready_base_lin_vel_ok: 0.9807
Metrics/racket_target/post_contact_ready_base_ang_vel_ok: 0.8802
Metrics/racket_target/post_contact_ready_racket_speed_ok: 1.0000
Metrics/racket_target/post_contact_ready_height_ok: 0.9807
Metrics/racket_target/post_contact_ready_com_x_ok: 0.9755
Metrics/racket_target/post_contact_ready_com_y_ok: 0.9922
Metrics/racket_target/post_contact_ready_feet_ok: 1.0000
Metrics/racket_target/post_contact_ready_station_ok: 0.9807
Metrics/racket_target/post_contact_ready_fail_torso: 0.0000
Metrics/racket_target/post_contact_ready_fail_base_lin_vel: 0.0000
Metrics/racket_target/post_contact_ready_fail_base_ang_vel: 0.0000
Metrics/racket_target/post_contact_ready_fail_racket_speed: 0.0000
Metrics/racket_target/post_contact_ready_fail_support: 0.0000
Metrics/racket_target/post_contact_ready_fail_arm: 0.0000
Metrics/racket_target/post_contact_ready_shadow_now: 0.0000
Metrics/racket_target/post_contact_ready_shadow_consecutive_steps: 0.0000
Metrics/racket_target/post_contact_ready_shadow_success_latch: 0.0000
Metrics/racket_target/post_contact_ready_curriculum_level: 0.0000
Metrics/racket_target/post_contact_ready_curriculum_fraction: 1.0000
Metrics/racket_target/post_contact_ready_curriculum_success_ema: 0.0000
Metrics/racket_target/post_contact_ready_curriculum_shadow_success_ema: 0.0000
Metrics/racket_target/post_contact_ready_curriculum_resolved_events: 0.0000
Metrics/racket_target/post_contact_ready_curriculum_successful_events: 0.0000
Metrics/racket_target/post_contact_ready_curriculum_targeted_attempt_ema: 0.0000
Metrics/racket_target/post_contact_ready_curriculum_return_success_ema: 0.0000
Metrics/racket_target/post_contact_ready_curriculum_completed_swings: 0.0000
Metrics/racket_target/post_contact_ready_curriculum_advance_streak: 0.0000
Metrics/racket_target/post_contact_ready_curriculum_advance_guard_ok: 0.0000
Metrics/racket_target/post_contact_ready_effective_max_torso_ang_vel: 1.5000
Metrics/racket_target/post_contact_ready_effective_torso_x_min: -0.1200
Metrics/racket_target/post_contact_ready_effective_torso_x_max: 0.3200
Metrics/racket_target/post_contact_ready_effective_max_base_lin_vel: 0.4500
Metrics/racket_target/post_contact_ready_effective_max_base_ang_vel: 1.3000
Metrics/racket_target/post_contact_ready_effective_max_racket_speed: 3.0000
Metrics/racket_target/post_contact_ready_effective_min_feet_contact: 0.5000
Metrics/racket_target/post_contact_ready_effective_required_consecutive_steps: 3.0000
Metrics/racket_target/post_contact_ready_effective_deadline_steps: 40.0000
Metrics/racket_target/post_contact_ready_curriculum_advance_threshold: 1.0000
Metrics/racket_target/post_contact_ready_curriculum_advance_min_events: 0.0000
Metrics/racket_target/post_contact_ready_curriculum_shadow_threshold: 1.0000
Metrics/racket_target/post_contact_ready_curriculum_min_targeted_attempt_ema: 0.0000
Metrics/racket_target/post_contact_ready_curriculum_min_return_success_ema: 0.0000
Metrics/racket_target/post_contact_ready_curriculum_min_completed_swings: 1.0000
Metrics/racket_target/post_contact_ready_curriculum_required_advance_checks: 1.0000
Metrics/racket_target/racket_normal_error_deg: 32.1745
Metrics/racket_target/impact_normal_error_deg: 10.8437
Metrics/racket_target/impact_racket_vel_error_mps: 0.4944
Metrics/racket_target/impact_racket_speed_ratio: 0.8686
Metrics/racket_target/impact_racket_vel_angle_deg: 11.3620
Metrics/racket_target/impact_racket_actual_vel_x: 0.9806
Metrics/racket_target/impact_racket_actual_vel_y: 0.0966
Metrics/racket_target/impact_racket_actual_vel_z: 1.2560
Metrics/racket_target/impact_racket_target_vel_x: 1.1271
Metrics/racket_target/impact_racket_target_vel_y: -0.0263
Metrics/racket_target/impact_racket_target_vel_z: 1.2630
Metrics/racket_target/impact_ball_out_error_mps: 4.2560
Metrics/racket_target/impact_face_radial_error_m: 0.0428
Metrics/racket_target/impact_face_normal_gap_m: 0.0474
Metrics/racket_target/impact_face_quality: 0.7335
Metrics/racket_target/impact_center_contact: 0.0000
Metrics/racket_target/impact_center_net_cross: 0.0000
Metrics/racket_target/impact_center_on_opponent: 0.0000
Metrics/racket_target/impact_rim_contact: 0.0000
Metrics/racket_target/impact_rim_net_cross: 0.0000
Metrics/racket_target/impact_rim_on_opponent: 0.0000
Metrics/racket_target/impact_analytic_outer_contact: 0.0000
Metrics/racket_target/impact_analytic_outer_net_cross: 0.0000
Metrics/racket_target/impact_analytic_outer_on_opponent: 0.0000
Metrics/racket_target/impact_planner_pos_error_m: 0.0703
Metrics/racket_target/impact_planner_vel_error_mps: 0.4944
Metrics/racket_target/impact_planner_speed_ratio: 0.8686
Metrics/racket_target/impact_planner_vel_angle_deg: 11.3620
Metrics/racket_target/impact_healthy_normal_ok: 0.0000
Metrics/racket_target/impact_healthy_contact: 0.0000
Metrics/racket_target/impact_healthy_net_cross: 0.0000
Metrics/racket_target/impact_healthy_on_opponent: 0.0000
Metrics/racket_target/current_swing_impact_health_score: 0.6278
Metrics/racket_target/current_swing_healthy_contact: 0.6491
Metrics/racket_target/current_swing_healthy_net_cross: 0.6394
Metrics/racket_target/current_swing_healthy_on_opponent: 0.0102
Metrics/racket_target/current_swing_healthy_normal_ok: 0.8917
Metrics/racket_target/current_swing_contact: 0.6491
Metrics/racket_target/current_swing_net_cross: 0.6394
Metrics/racket_target/current_swing_on_opponent: 0.0102
Metrics/racket_target/current_swing_center_contact: 0.5191
Metrics/racket_target/current_swing_center_net_cross: 0.5139
Metrics/racket_target/current_swing_center_on_opponent: 0.0039
Metrics/racket_target/current_swing_rim_contact: 0.0987
Metrics/racket_target/current_swing_rim_net_cross: 0.0943
Metrics/racket_target/current_swing_rim_on_opponent: 0.0063
Metrics/racket_target/current_swing_analytic_outer_contact: 0.0312
Metrics/racket_target/current_swing_analytic_outer_net_cross: 0.0312
Metrics/racket_target/current_swing_analytic_outer_on_opponent: 0.0000
Metrics/racket_target/cycle_v2_outcome_tier: -1.0000
Metrics/racket_target/cycle_v2_streak: 0.0000
Metrics/racket_target/closed_loop_recovery_trigger_event: 0.0000
Metrics/racket_target/closed_loop_cycle_success_event: 0.0063
Metrics/racket_target/closed_loop_durable_cycle_success_event: 0.0000
Metrics/racket_target/closed_loop_phase_id: 2.4720
Metrics/racket_target/closed_loop_phase_ready_no_command: 0.0052
Metrics/racket_target/closed_loop_phase_command_acquire: 0.0078
Metrics/racket_target/closed_loop_phase_pre_strike: 0.6653
Metrics/racket_target/closed_loop_phase_strike: 0.1656
Metrics/racket_target/closed_loop_phase_follow_through: 0.1498
Metrics/racket_target/closed_loop_phase_recovery: 0.0000
Metrics/racket_target/closed_loop_phase_next_ready: 0.0063
Metrics/racket_target/post_contact_phase_impact_0_100ms_attempts: 1193.2188
Metrics/racket_target/post_contact_phase_impact_0_100ms_tilt_gt_0p1_rate: 1.0000
Metrics/racket_target/post_contact_phase_impact_0_100ms_pitch_gt_0p1_rate: 1.0000
Metrics/racket_target/post_contact_phase_impact_0_100ms_waist_overflow_gt_1p0_rate: 0.0000
Metrics/racket_target/post_contact_phase_impact_0_100ms_base_ang_vel_gt_0p8_rate: 0.9876
Metrics/racket_target/post_contact_phase_brake_100_300ms_attempts: 1116.6250
Metrics/racket_target/post_contact_phase_brake_100_300ms_tilt_gt_0p1_rate: 0.9679
Metrics/racket_target/post_contact_phase_brake_100_300ms_pitch_gt_0p1_rate: 0.9679
Metrics/racket_target/post_contact_phase_brake_100_300ms_waist_overflow_gt_1p0_rate: 0.0000
Metrics/racket_target/post_contact_phase_brake_100_300ms_base_ang_vel_gt_0p8_rate: 0.9402
Metrics/racket_target/post_contact_phase_settle_300_600ms_attempts: 715.7812
Metrics/racket_target/post_contact_phase_settle_300_600ms_tilt_gt_0p1_rate: 0.4900
Metrics/racket_target/post_contact_phase_settle_300_600ms_pitch_gt_0p1_rate: 0.4495
Metrics/racket_target/post_contact_phase_settle_300_600ms_waist_overflow_gt_1p0_rate: 0.0000
Metrics/racket_target/post_contact_phase_settle_300_600ms_base_ang_vel_gt_0p8_rate: 0.5904
Metrics/racket_target/post_contact_phase_ready_after_600ms_attempts: 190.8750
Metrics/racket_target/post_contact_phase_ready_after_600ms_tilt_gt_0p1_rate: 0.0550
Metrics/racket_target/post_contact_phase_ready_after_600ms_pitch_gt_0p1_rate: 0.0414
Metrics/racket_target/post_contact_phase_ready_after_600ms_waist_overflow_gt_1p0_rate: 0.0000
Metrics/racket_target/post_contact_phase_ready_after_600ms_base_ang_vel_gt_0p8_rate: 0.1207
Metrics/racket_target/base_pitch_like_signed: -0.1291
Metrics/racket_target/base_backward_velocity: 0.1028
Metrics/racket_target/waist_action_rms: 0.3299
Metrics/racket_target/right_arm_action_rms: 3.5767
Metrics/racket_target/leg_action_rms: 0.4435
Metrics/racket_target/action_abs_max: 6.4995
Metrics/racket_target/applied_action_abs_max: 6.3216
Metrics/racket_target/leg_action_abs_max: 0.8290
Metrics/racket_target/effective_action_abs_max: 6.3216
Metrics/racket_target/action_clamp_fraction: 0.0015
Metrics/racket_target/waist_action_clamp_fraction: 0.0000
Metrics/racket_target/right_arm_action_clamp_fraction: 0.0000
Metrics/racket_target/leg_action_clamp_fraction: 0.0039
Metrics/racket_target/waist_q_tracking_error_rms: 0.3796
Metrics/racket_target/right_arm_q_tracking_error_rms: 0.1562
Metrics/racket_target/leg_q_tracking_error_rms: 0.2195
Metrics/racket_target/waist_torque_clip_fraction: 0.0000
Metrics/racket_target/right_arm_torque_clip_fraction: 0.0000
Metrics/racket_target/leg_torque_clip_fraction: 0.0000
Metrics/racket_target/waist_action_delta_rms: 0.1365
Metrics/racket_target/right_arm_action_delta_rms: 0.8345
Metrics/racket_target/leg_action_delta_rms: 0.2591
Metrics/racket_target/waist_joint_vel_rms: 0.7257
Metrics/racket_target/right_arm_joint_vel_rms: 1.1914
Metrics/racket_target/leg_joint_vel_rms: 0.6386
Metrics/racket_target/recovery_leg_action_abs_max: 0.6348
Metrics/racket_target/recovery_leg_action_delta_rms: 0.2068
Metrics/racket_target/recovery_leg_joint_vel_rms: 0.4853
      Episode_Termination/time_out: 3.9688
  Episode_Termination/base_too_low: 0.0000
   Episode_Termination/base_tilted: 0.0938
   Episode_Termination/table_touch: 0.0000
Episode_Termination/persistent_action_overflow: 0.0000
--------------------------------------------------------------------------------
                   Total timesteps: 196608
                    Iteration time: 2.17s
                      Time elapsed: 00:00:06
                               ETA: 00:00:41

################################################################################
                     [1m Learning iteration 1803/1820 [0m                     

                       Computation: 30259 steps/s (collection: 2.151s, learning 0.015s)
             Mean action noise std: 0.45
          Mean value_function loss: 0.1277
               Mean surrogate loss: 0.0000
                 Mean entropy loss: 2.8121
      Mean critic_only_warmup loss: 1.0000
                       Mean reward: 4.18
               Mean episode length: 114.70
 Episode_Reward/undesired_contacts: -0.0000
  Episode_Reward/feet_contact_slip: -0.0008
     Episode_Reward/table_no_touch: -0.0007
              Episode_Reward/alive: 0.0022
            Episode_Reward/upright: -0.0027
          Episode_Reward/imitation: 0.1002
    Episode_Reward/racket_position: 0.0243
Episode_Reward/backhand_racket_position: 0.0114
    Episode_Reward/racket_velocity: 0.0158
Episode_Reward/planner_racket_task_space_crossfade: 0.0975
Episode_Reward/exact_impact_planner_task_space_alignment: 0.0024
    Episode_Reward/blade_direction: 0.0145
Episode_Reward/health_gated_soft_ball_contact: 0.0157
Episode_Reward/health_gated_backhand_soft_ball_contact: 0.0103
Episode_Reward/health_gated_ball_contact: 0.0028
Episode_Reward/healthy_trunk_support: 0.0238
Episode_Reward/targeted_strike_attempt: 0.0037
  Episode_Reward/strike_inactivity: 0.0000
 Episode_Reward/pre_strike_station: 0.0188
    Episode_Reward/recovery_health: 0.0093
Episode_Reward/no_command_ready_stability: 0.0005
Episode_Reward/post_strike_base_ang_vel: 0.0018
Episode_Reward/phase_action_overflow: -0.0001
     Episode_Reward/strike_balance: 0.0094
Episode_Reward/prestrike_station_progress: 0.0062
 Episode_Reward/lower_body_support: 0.0139
Episode_Reward/termination_penalty: -0.0143
Episode_Reward/phase_action_rate_waist: -0.0001
Episode_Reward/phase_action_rate_upper: -0.0012
Episode_Reward/phase_action_rate_legs: -0.0001
        Episode_Reward/joint_limit: -0.0075
Episode_Reward/prestrike_racket_progress: 0.0511
Episode_Reward/near_impact_planner_velocity_progress: 0.0144
Episode_Reward/operational_joint_margin: -0.0041
  Episode_Reward/joint_target_slew: -0.0067
Episode_Reward/actuator_waist_feasibility: -0.0000
Episode_Reward/actuator_right_arm_feasibility: -0.0000
Episode_Reward/actuator_leg_feasibility: -0.0000
Episode_Reward/terminal_quality_window: 0.0004
Episode_Reward/safe_terminal_quality: 0.0008
Episode_Reward/unsafe_terminal_recovery: -0.0000
Episode_Reward/capability_gated_safe_terminal_outcome: 0.0053
    Metrics/motion/error_joint_pos: 1.1047
    Metrics/motion/error_joint_vel: 4.7080
     Metrics/motion/error_body_pos: 0.1145
     Metrics/motion/error_body_rot: 0.3485
       Metrics/motion/motion_phase: 0.6809
            Metrics/motion/in_hold: 0.0115
Metrics/motion/motion_start_warmup_prob: 0.8000
Metrics/motion/motion_start_lifecycle_progress: 0.0000
Metrics/motion/motion_start_effective_prestrike_fraction: 1.0000
Metrics/motion/motion_start_effective_recovery_fraction: 0.0000
Metrics/motion/motion_start_effective_rsi_fraction: 0.0000
 Metrics/motion/motion_start_reset: 0.7501
Metrics/motion/motion_start_prestrike_reset: 0.0000
Metrics/motion/motion_start_recovery_reset: 0.0000
Metrics/motion/motion_start_rsi_reset: 0.0000
 Metrics/motion/single_cycle_reset: 0.0000
     Metrics/motion/motion_clip_id: 0.6018
Metrics/motion/motion_supplemental_clip: 0.0000
      Metrics/motion/stand_episode: 0.0115
Metrics/motion/default_stand_reset: 0.2499
Metrics/motion/error_body_pos_lower: 0.1241
Metrics/motion/error_body_rot_lower: 0.3778
Metrics/motion/error_body_lin_vel_lower: 0.1887
Metrics/motion/error_body_ang_vel_lower: 0.7664
Metrics/motion/reference_body_lin_speed_lower: 0.0147
Metrics/motion/robot_body_lin_speed_lower: 0.1860
Metrics/motion/error_body_pos_core: 0.0749
Metrics/motion/error_body_rot_core: 0.2695
Metrics/motion/error_body_lin_vel_core: 0.2552
Metrics/motion/error_body_ang_vel_core: 0.7824
Metrics/motion/reference_body_lin_speed_core: 0.0128
Metrics/motion/robot_body_lin_speed_core: 0.2555
Metrics/motion/error_body_pos_upper: 0.1182
Metrics/motion/error_body_rot_upper: 0.3455
Metrics/motion/error_body_lin_vel_upper: 0.4864
Metrics/motion/error_body_ang_vel_upper: 1.7675
Metrics/motion/reference_body_lin_speed_upper: 0.0325
Metrics/motion/robot_body_lin_speed_upper: 0.4846
Metrics/motion/error_joint_pos_waist: 0.2296
Metrics/motion/error_joint_vel_waist: 0.9201
Metrics/motion/reference_joint_speed_waist: 0.0190
Metrics/motion/error_joint_pos_arms: 0.8988
Metrics/motion/error_joint_vel_arms: 3.9230
Metrics/motion/reference_joint_speed_arms: 0.0783
Metrics/motion/error_joint_pos_legs: 0.5769
Metrics/motion/error_joint_vel_legs: 2.1717
Metrics/motion/reference_joint_speed_legs: 0.0048
Metrics/racket_target/racket_pos_error: 0.1129
Metrics/racket_target/racket_vel_error: 1.1954
Metrics/racket_target/time_to_strike: -0.8649
Metrics/racket_target/return_success: 0.0260
Metrics/racket_target/prev_return_success: 0.0000
Metrics/racket_target/prev_net_cross: 0.0000
Metrics/racket_target/current_net_cross: 0.5920
Metrics/racket_target/racket_pos_curriculum_scale: 1.0000
Metrics/racket_target/impact_inverse_command_blend: 0.0000
Metrics/racket_target/steps_since_target_resample: 107.3378
Metrics/racket_target/recovery_height_error: 0.0394
Metrics/racket_target/recovery_upright_error: 0.1335
Metrics/racket_target/recovery_base_lin_vel: 0.1679
Metrics/racket_target/recovery_base_ang_vel: 0.8278
Metrics/racket_target/recovery_station_error: 0.0776
Metrics/racket_target/recovery_feet_contact_frac: 0.9652
Metrics/racket_target/recovery_racket_speed: 0.9167
Metrics/racket_target/recovery_height_score: 0.9051
Metrics/racket_target/recovery_upright_score: 0.8116
Metrics/racket_target/recovery_lin_vel_score: 0.7688
Metrics/racket_target/recovery_ang_vel_score: 0.4630
Metrics/racket_target/recovery_station_score: 0.8664
Metrics/racket_target/recovery_racket_score: 0.3882
Metrics/racket_target/recovery_arm_score: 0.8506
Metrics/racket_target/recovery_ready_score: 0.7659
Metrics/racket_target/recovery_anchor_arm_score: 1.0000
Metrics/racket_target/recovery_core_ready_score: 0.6867
Metrics/racket_target/recovery_functional_ready_score: 0.6200
Metrics/racket_target/waist_action_overflow_rms: 0.0000
Metrics/racket_target/right_arm_action_overflow_rms: 0.0000
Metrics/racket_target/leg_action_overflow_rms: 0.0089
Metrics/racket_target/operational_margin_fraction: 0.0069
Metrics/racket_target/waist_operational_margin_fraction: 0.0000
Metrics/racket_target/right_arm_operational_margin_fraction: 0.0005
Metrics/racket_target/leg_operational_margin_fraction: 0.0177
Metrics/racket_target/waist_operational_excess_rms: 0.0000
Metrics/racket_target/right_arm_operational_excess_rms: 0.0000
Metrics/racket_target/leg_operational_excess_rms: 0.0062
Metrics/racket_target/q_des_velocity_violation_fraction: 0.0570
Metrics/racket_target/waist_q_des_velocity_violation_fraction: 0.0041
Metrics/racket_target/right_arm_q_des_velocity_violation_fraction: 0.0656
Metrics/racket_target/leg_q_des_velocity_violation_fraction: 0.0882
Metrics/racket_target/q_des_acceleration_violation_fraction: 0.6909
Metrics/racket_target/waist_q_des_acceleration_violation_fraction: 0.4949
Metrics/racket_target/right_arm_q_des_acceleration_violation_fraction: 0.8003
Metrics/racket_target/leg_q_des_acceleration_violation_fraction: 0.7612
Metrics/racket_target/waist_q_des_velocity_rms: 3.1034
Metrics/racket_target/right_arm_q_des_velocity_rms: 7.2175
Metrics/racket_target/leg_q_des_velocity_rms: 6.6682
Metrics/racket_target/waist_q_des_acceleration_rms: 252.6930
Metrics/racket_target/right_arm_q_des_acceleration_rms: 658.9441
Metrics/racket_target/leg_q_des_acceleration_rms: 578.1818
Metrics/racket_target/action_operational_feasibility_score: 0.9175
Metrics/racket_target/actuator_overflow_consecutive_steps: 0.0000
Metrics/racket_target/actuator_overflow_severe: 0.0000
Metrics/racket_target/recovery_phase_gate: 0.9642
Metrics/racket_target/recovery_phase_ready_score: 0.7619
Metrics/racket_target/recovery_contact_ready_score: 0.4914
Metrics/racket_target/recovery_net_ready_score: 0.4843
Metrics/racket_target/recovery_return_ready_score: 0.0220
Metrics/racket_target/cycle_success_ready_score: 0.0000
Metrics/racket_target/cycle_success_soft: 0.0000
Metrics/racket_target/cycle_success_binary: 0.0000
Metrics/racket_target/cycle_v2_pending: 0.0000
Metrics/racket_target/cycle_v2_attempt_latch: 0.0000
Metrics/racket_target/cycle_v2_ready_success_latch: 0.0000
Metrics/racket_target/cycle_v2_ready_fail_latch: 0.0000
Metrics/racket_target/cycle_v2_attempt_event: 0.0000
Metrics/racket_target/cycle_v2_ready_success_event: 0.0000
Metrics/racket_target/cycle_v2_ready_fail_event: 0.0000
Metrics/racket_target/cycle_v2_unresolved_resample_fail_event: 0.0000
Metrics/racket_target/cycle_v2_resolved_event: 0.0000
Metrics/racket_target/cycle_v2_command_visible_steps: 0.0000
Metrics/racket_target/cycle_v2_elapsed_steps: 0.0000
Metrics/racket_target/cycle_v2_ready_score: 0.0000
Metrics/racket_target/cycle_v2_ready_ok: 0.0000
Metrics/racket_target/cycle_v2_visible: 0.0000
Metrics/racket_target/cycle_v2_ready_score_ok: 0.0000
Metrics/racket_target/cycle_v2_height_ok: 0.0000
Metrics/racket_target/cycle_v2_upright_ok: 0.0000
Metrics/racket_target/cycle_v2_base_lin_vel_ok: 0.0000
Metrics/racket_target/cycle_v2_base_ang_vel_ok: 0.0000
Metrics/racket_target/cycle_v2_feet_ok: 0.0000
Metrics/racket_target/cycle_v2_core_ready_ok: 0.0000
Metrics/racket_target/cycle_v2_ready_consecutive_steps: 0.0000
Metrics/racket_target/single_cycle_bootstrap: 0.0000
Metrics/racket_target/single_cycle_swing_completed: 0.0000
Metrics/racket_target/single_cycle_recovery_active: 0.0000
Metrics/racket_target/single_cycle_recovery_elapsed_steps: 0.0000
Metrics/racket_target/single_cycle_ready_consecutive_steps: 0.0000
Metrics/racket_target/single_cycle_safe_timeout_event: 0.0000
Metrics/racket_target/single_cycle_deadline_timeout_event: 0.0000
Metrics/racket_target/single_cycle_timeout_latch: 0.0000
Metrics/racket_target/single_cycle_hard_failure_event: 0.0000
Metrics/racket_target/single_cycle_probability: 0.0000
Metrics/racket_target/single_cycle_curriculum_level: 0.0000
Metrics/racket_target/single_cycle_effective_deadline_steps: 100.0000
Metrics/racket_target/single_cycle_selected_events: 0.0000
Metrics/racket_target/single_cycle_completed_events: 0.0000
Metrics/racket_target/single_cycle_safe_timeout_events: 0.0000
Metrics/racket_target/single_cycle_deadline_timeout_events: 0.0000
Metrics/racket_target/single_cycle_hard_failure_events: 0.0000
Metrics/racket_target/active_ready_consecutive_steps: 0.0365
Metrics/racket_target/active_ready_success_event: 0.0000
Metrics/racket_target/active_ready_success_latch: 0.0000
Metrics/racket_target/active_ready_survival_steps: 0.0000
Metrics/racket_target/active_ready_survival_next_milestone: 0.0000
Metrics/racket_target/active_ready_survival_milestone_event: 0.0000
Metrics/racket_target/no_command_ready_active: 0.0115
Metrics/racket_target/no_command_from_stand_episode: 0.0115
Metrics/racket_target/no_command_from_default_stand_reset: 0.0115
Metrics/racket_target/no_command_ready_upright_ok: 0.0115
Metrics/racket_target/no_command_ready_motion_ok: 0.0115
Metrics/racket_target/no_command_ready_score: 0.0091
Metrics/racket_target/no_command_ready_progress: 0.0059
Metrics/racket_target/no_command_ready_station_error: 0.0005
Metrics/racket_target/no_command_ready_fixed_station_error: 0.0005
Metrics/racket_target/healthy_training_stage: 3.0000
Metrics/racket_target/healthy_stage_planted_rehearsal: 0.0000
Metrics/racket_target/healthy_stage_station_hold_seen: 0.0000
Metrics/racket_target/healthy_stage_station_arrived: 0.0000
Metrics/racket_target/healthy_stage_station_settled: 0.0000
Metrics/racket_target/healthy_stage_station_settle_steps: 0.0000
Metrics/racket_target/station_relocation_active: 0.0000
Metrics/racket_target/station_relocation_target_offset_y: 0.0000
Metrics/racket_target/station_relocation_error: 0.0000
Metrics/racket_target/station_relocation_arrival_event: 0.0000
Metrics/racket_target/station_relocation_settle_event: 0.0000
Metrics/racket_target/station_relocation_release_event: 0.0000
Metrics/racket_target/station_relocation_timeout_event: 0.0000
Metrics/racket_target/station_relocation_elapsed_steps: 0.0000
Metrics/racket_target/station_relocation_hold_deadline_steps: 0.0000
Metrics/racket_target/lifecycle_recovery_hold_active: 0.0000
Metrics/racket_target/lifecycle_recovery_release_success_event: 0.0000
Metrics/racket_target/lifecycle_recovery_release_fail_event: 0.0000
Metrics/racket_target/station_relocation_level: 0.0000
Metrics/racket_target/station_relocation_arrival_ema: 0.0000
Metrics/racket_target/station_relocation_settle_ema: 0.0000
Metrics/racket_target/station_relocation_contact_ema: 0.0000
Metrics/racket_target/station_relocation_safety_ema: 0.0000
Metrics/racket_target/station_relocation_resolved_events: 0.0000
Metrics/racket_target/station_relocation_terminal_reset_events: 0.0000
Metrics/racket_target/station_relocation_advance_streak: 0.0000
Metrics/racket_target/station_relocation_regress_streak: 0.0000
Metrics/racket_target/station_relocation_effective_max_lin_vel: 0.0000
Metrics/racket_target/station_relocation_effective_max_ang_vel: 0.0000
Metrics/racket_target/station_relocation_effective_min_settle_steps: 0.0000
Metrics/racket_target/ability_curriculum_level: 0.0000
Metrics/racket_target/ability_curriculum_scale: 1.0000
Metrics/racket_target/ability_curriculum_resolved_events: 0.0000
Metrics/racket_target/ability_curriculum_total_resolved_events: 0.0000
Metrics/racket_target/ability_curriculum_advance_streak: 0.0000
Metrics/racket_target/ability_curriculum_regress_streak: 0.0000
Metrics/racket_target/ability_contact_ema: 0.0000
Metrics/racket_target/ability_net_ema: 0.0000
Metrics/racket_target/ability_success_ema: 0.0000
Metrics/racket_target/ability_recovery_ema: 0.0000
Metrics/racket_target/ability_cycle_ema: 0.0000
Metrics/racket_target/ability_cycle_attempt_ema: 0.0000
Metrics/racket_target/ability_cycle_resolved_ema: 0.0000
Metrics/racket_target/ability_forehand_contact_ema: 0.0000
Metrics/racket_target/ability_forehand_net_ema: 0.0000
Metrics/racket_target/ability_forehand_success_ema: 0.0000
Metrics/racket_target/ability_backhand_contact_ema: 0.0000
Metrics/racket_target/ability_backhand_net_ema: 0.0000
Metrics/racket_target/ability_backhand_success_ema: 0.0000
Metrics/racket_target/ability_attempt_ema: 0.0000
Metrics/racket_target/ability_targeted_attempt_ema: 0.0000
Metrics/racket_target/impact_health_floor_progress: 0.0000
Metrics/racket_target/ability_safety_ema: 1.0000
Metrics/racket_target/ability_station_saturation_ema: 0.0000
Metrics/racket_target/ability_healthy_normal_ema: 0.0000
Metrics/racket_target/ability_station_arrival_ema: 0.0000
Metrics/racket_target/ability_station_settle_ema: 0.0000
Metrics/racket_target/safe_outcome_capability_gate: 0.0000
Metrics/racket_target/planner_hit_plane_blend: 1.0000
Metrics/racket_target/planner_hit_plane_x_delta: 0.0367
Metrics/racket_target/true_strike_table_x: 0.2000
Metrics/racket_target/planner_target_table_x: 0.2000
Metrics/racket_target/workspace_level: 0.0000
Metrics/racket_target/workspace_fringe_sample: 0.0000
Metrics/racket_target/workspace_target_lateral_norm: 0.3075
Metrics/racket_target/workspace_target_table_y: -0.2222
Metrics/racket_target/workspace_playable_y_min: -0.7225
Metrics/racket_target/workspace_playable_y_max: 0.7225
Metrics/racket_target/workspace_active_y_lo: -0.2832
Metrics/racket_target/workspace_active_y_hi: -0.1513
Metrics/racket_target/workspace_motion_seed_blend: 0.0000
Metrics/racket_target/planner_perturb_curriculum_scale: 1.0000
Metrics/racket_target/incoming_ball_horizontal_speed: 2.2730
Metrics/racket_target/incoming_ball_speed: 4.6312
Metrics/racket_target/incoming_ball_speed_curriculum_level: 0.0000
Metrics/racket_target/incoming_ball_speed_sample_low: 0.0000
Metrics/racket_target/incoming_ball_speed_sample_high: 0.0000
Metrics/racket_target/station_saturated: 0.0000
Metrics/racket_target/station_raw_clip_excess: 0.0000
Metrics/racket_target/station_saturated_x: 0.0000
Metrics/racket_target/station_saturated_y: 0.0000
Metrics/racket_target/station_raw_clip_excess_x: 0.0000
Metrics/racket_target/station_raw_clip_excess_y: 0.0000
Metrics/racket_target/current_swing_opportunity: 0.9528
Metrics/racket_target/current_swing_attempt: 0.9528
Metrics/racket_target/current_swing_targeted_attempt: 0.9528
Metrics/racket_target/prev_swing_targeted_attempt: 0.0000
Metrics/racket_target/current_swing_unsafe: 0.0358
Metrics/racket_target/current_swing_station_saturated: 0.0000
Metrics/racket_target/impact_health_score: 0.8923
Metrics/racket_target/impact_health_ok: 0.9043
Metrics/racket_target/impact_health_backlean_violation: 0.0022
Metrics/racket_target/impact_health_waist_backfold: 0.0007
Metrics/racket_target/impact_health_base_retreat: 0.0296
Metrics/racket_target/impact_health_torso_gravity_x: 0.3437
Metrics/racket_target/impact_health_torso_ang_vel: 0.4433
Metrics/racket_target/impact_health_com_x: 0.0482
Metrics/racket_target/impact_health_com_y: 0.0491
Metrics/racket_target/post_contact_ready_pending: 0.0063
Metrics/racket_target/post_contact_ready_elapsed_steps: 3.1049
Metrics/racket_target/post_contact_ready_consecutive_steps: 0.0000
Metrics/racket_target/post_contact_ready_diagnostic_pending: 0.0745
Metrics/racket_target/post_contact_ready_diagnostic_elapsed_steps: 22.3705
Metrics/racket_target/post_contact_ready_durable_pending: 0.0245
Metrics/racket_target/post_contact_ready_durable_consecutive_steps: 0.0234
Metrics/racket_target/post_contact_ready_durable_ready_now: 0.0078
Metrics/racket_target/post_contact_ready_durable_success_event: 0.0000
Metrics/racket_target/post_contact_ready_durable_fail_event: 0.0000
Metrics/racket_target/post_contact_ready_durable_resolution_success_rate: 0.1595
Metrics/racket_target/post_contact_ready_durable_resolution_fail_rate: 0.7336
Metrics/racket_target/post_contact_ready_durable_resolution_success_latency_steps: 35.0000
Metrics/racket_target/post_contact_ready_durable_resolution_fail_latency_steps: 33.2916
Metrics/racket_target/post_contact_ready_durable_fail_backlean_rate: 0.0568
Metrics/racket_target/post_contact_ready_durable_fail_forward_lean_rate: 0.9078
Metrics/racket_target/post_contact_ready_durable_fail_torso_ang_vel_rate: 0.0568
Metrics/racket_target/post_contact_ready_durable_fail_base_lin_vel_rate: 0.0579
Metrics/racket_target/post_contact_ready_durable_fail_base_ang_vel_rate: 0.3671
Metrics/racket_target/post_contact_ready_durable_fail_racket_speed_rate: 0.0568
Metrics/racket_target/post_contact_ready_durable_fail_height_rate: 0.0568
Metrics/racket_target/post_contact_ready_durable_fail_com_x_rate: 0.0594
Metrics/racket_target/post_contact_ready_durable_fail_com_y_rate: 0.0568
Metrics/racket_target/post_contact_ready_durable_fail_feet_rate: 0.0568
Metrics/racket_target/post_contact_ready_durable_fail_station_rate: 0.0568
Metrics/racket_target/post_contact_ready_durable_fail_arm_rate: 0.0568
Metrics/racket_target/post_contact_ready_terminal_window_active: 0.0000
Metrics/racket_target/post_contact_ready_terminal_quality: 0.5235
Metrics/racket_target/post_contact_ready_terminal_settlement_event: 0.0000
Metrics/racket_target/post_contact_ready_operational_ready_now: 0.0000
Metrics/racket_target/post_contact_ready_operational_consecutive_steps: 0.0000
Metrics/racket_target/post_contact_ready_safe_settlement_event: 0.0000
Metrics/racket_target/post_contact_ready_unsafe_settlement_event: 0.0000
Metrics/racket_target/post_contact_ready_incomplete_settlement_event: 0.0000
Metrics/racket_target/post_contact_ready_safe_net_cycle_event: 0.0000
Metrics/racket_target/post_contact_ready_terminal_quality_mean: 0.9185
Metrics/racket_target/post_contact_ready_safe_terminal_quality_mean: 0.9256
Metrics/racket_target/post_contact_ready_terminal_safe_rate: 0.7008
Metrics/racket_target/post_contact_ready_terminal_unsafe_rate: 0.0372
Metrics/racket_target/post_contact_ready_terminal_incomplete_rate: 0.2620
Metrics/racket_target/post_contact_ready_safe_net_cycle_rate: 0.6916
Metrics/racket_target/post_contact_ready_score: 0.8105
Metrics/racket_target/post_contact_ready_now: 0.0000
Metrics/racket_target/post_contact_ready_success_event: 0.0000
Metrics/racket_target/post_contact_ready_fail_event: 0.0000
Metrics/racket_target/post_contact_ready_outcome_tier: 0.2187
Metrics/racket_target/post_contact_ready_face_quality: 0.5222
Metrics/racket_target/post_contact_ready_safe_face_net_cycle_value: 0.0000
Metrics/racket_target/post_contact_ready_planner_speed_ratio: 0.5836
Metrics/racket_target/post_contact_ready_planner_direction_error_rad: 0.1252
Metrics/racket_target/post_contact_ready_planner_position_error: 0.0372
Metrics/racket_target/post_contact_ready_impact_health_score: 0.5781
Metrics/racket_target/post_contact_ready_peak_base_ang_vel: 0.8931
Metrics/racket_target/post_contact_ready_peak_ang_vel_excess_increment: 0.0000
Metrics/racket_target/post_contact_ready_envelope_violation_latch: 0.0123
Metrics/racket_target/post_contact_ready_envelope_violation_event: 0.0000
Metrics/racket_target/post_contact_ready_envelope_first_violation_step: -0.9364
Metrics/racket_target/post_contact_ready_envelope_attempts: 1320.7500
Metrics/racket_target/post_contact_ready_envelope_violation_rate: 0.0337
Metrics/racket_target/post_contact_ready_envelope_tilt_violation_rate: 0.0000
Metrics/racket_target/post_contact_ready_envelope_pitch_violation_rate: 0.0000
Metrics/racket_target/post_contact_ready_envelope_com_violation_rate: 0.0003
Metrics/racket_target/post_contact_ready_envelope_waist_violation_rate: 0.0000
Metrics/racket_target/post_contact_ready_envelope_leg_violation_rate: 0.0000
Metrics/racket_target/post_contact_ready_envelope_base_ang_vel_violation_rate: 0.0333
Metrics/racket_target/post_contact_ready_resolution_success_rate: 0.9778
Metrics/racket_target/post_contact_ready_resolution_fail_rate: 0.0107
Metrics/racket_target/post_contact_ready_resolution_success_latency_steps: 4.8843
Metrics/racket_target/post_contact_ready_resolution_fail_latency_steps: 8.8932
Metrics/racket_target/post_contact_ready_max_tilt: 0.1292
Metrics/racket_target/post_contact_ready_max_abs_pitch: 0.1286
Metrics/racket_target/post_contact_ready_max_com_x: 0.0245
Metrics/racket_target/post_contact_ready_max_com_y: 0.0196
Metrics/racket_target/post_contact_ready_max_waist_overflow: 0.0000
Metrics/racket_target/post_contact_ready_max_leg_overflow: 0.0052
Metrics/racket_target/post_contact_ready_settlement_velocity_score_ema: 0.6511
Metrics/racket_target/post_contact_ready_settlement_position_gate_ema: 0.7734
Metrics/racket_target/post_contact_ready_settlement_health_gate_ema: 0.9761
Metrics/racket_target/post_contact_ready_settlement_recovery_gate_ema: 0.4502
Metrics/racket_target/post_contact_ready_settlement_total_score_ema: 0.2303
Metrics/racket_target/post_contact_recovery_backlean_error: 0.0431
Metrics/racket_target/post_contact_recovery_directional_progress: -0.0009
Metrics/racket_target/post_contact_ready_torso_ok: 0.3078
Metrics/racket_target/post_contact_ready_motion_ok: 0.8618
Metrics/racket_target/post_contact_ready_support_ok: 0.9043
Metrics/racket_target/post_contact_ready_arm_ok: 1.0000
Metrics/racket_target/post_contact_ready_base_lin_vel_ok: 0.9181
Metrics/racket_target/post_contact_ready_base_ang_vel_ok: 0.9004
Metrics/racket_target/post_contact_ready_racket_speed_ok: 0.9507
Metrics/racket_target/post_contact_ready_height_ok: 0.9642
Metrics/racket_target/post_contact_ready_com_x_ok: 0.9303
Metrics/racket_target/post_contact_ready_com_y_ok: 0.9521
Metrics/racket_target/post_contact_ready_feet_ok: 0.9705
Metrics/racket_target/post_contact_ready_station_ok: 0.9365
Metrics/racket_target/post_contact_ready_fail_torso: 0.0000
Metrics/racket_target/post_contact_ready_fail_base_lin_vel: 0.0000
Metrics/racket_target/post_contact_ready_fail_base_ang_vel: 0.0000
Metrics/racket_target/post_contact_ready_fail_racket_speed: 0.0000
Metrics/racket_target/post_contact_ready_fail_support: 0.0000
Metrics/racket_target/post_contact_ready_fail_arm: 0.0000
Metrics/racket_target/post_contact_ready_shadow_now: 0.0000
Metrics/racket_target/post_contact_ready_shadow_consecutive_steps: 0.0000
Metrics/racket_target/post_contact_ready_shadow_success_latch: 0.0000
Metrics/racket_target/post_contact_ready_curriculum_level: 0.0000
Metrics/racket_target/post_contact_ready_curriculum_fraction: 1.0000
Metrics/racket_target/post_contact_ready_curriculum_success_ema: 0.0000
Metrics/racket_target/post_contact_ready_curriculum_shadow_success_ema: 0.0000
Metrics/racket_target/post_contact_ready_curriculum_resolved_events: 0.0000
Metrics/racket_target/post_contact_ready_curriculum_successful_events: 0.0000
Metrics/racket_target/post_contact_ready_curriculum_targeted_attempt_ema: 0.0000
Metrics/racket_target/post_contact_ready_curriculum_return_success_ema: 0.0000
Metrics/racket_target/post_contact_ready_curriculum_completed_swings: 0.0000
Metrics/racket_target/post_contact_ready_curriculum_advance_streak: 0.0000
Metrics/racket_target/post_contact_ready_curriculum_advance_guard_ok: 0.0000
Metrics/racket_target/post_contact_ready_effective_max_torso_ang_vel: 1.5000
Metrics/racket_target/post_contact_ready_effective_torso_x_min: -0.1200
Metrics/racket_target/post_contact_ready_effective_torso_x_max: 0.3200
Metrics/racket_target/post_contact_ready_effective_max_base_lin_vel: 0.4500
Metrics/racket_target/post_contact_ready_effective_max_base_ang_vel: 1.3000
Metrics/racket_target/post_contact_ready_effective_max_racket_speed: 3.0000
Metrics/racket_target/post_contact_ready_effective_min_feet_contact: 0.5000
Metrics/racket_target/post_contact_ready_effective_required_consecutive_steps: 3.0000
Metrics/racket_target/post_contact_ready_effective_deadline_steps: 40.0000
Metrics/racket_target/post_contact_ready_curriculum_advance_threshold: 1.0000
Metrics/racket_target/post_contact_ready_curriculum_advance_min_events: 0.0000
Metrics/racket_target/post_contact_ready_curriculum_shadow_threshold: 1.0000
Metrics/racket_target/post_contact_ready_curriculum_min_targeted_attempt_ema: 0.0000
Metrics/racket_target/post_contact_ready_curriculum_min_return_success_ema: 0.0000
Metrics/racket_target/post_contact_ready_curriculum_min_completed_swings: 1.0000
Metrics/racket_target/post_contact_ready_curriculum_required_advance_checks: 1.0000
Metrics/racket_target/racket_normal_error_deg: 51.7940
Metrics/racket_target/impact_normal_error_deg: 12.4121
Metrics/racket_target/impact_racket_vel_error_mps: 0.5116
Metrics/racket_target/impact_racket_speed_ratio: 0.8932
Metrics/racket_target/impact_racket_vel_angle_deg: 11.7556
Metrics/racket_target/impact_racket_actual_vel_x: 0.9968
Metrics/racket_target/impact_racket_actual_vel_y: 0.0991
Metrics/racket_target/impact_racket_actual_vel_z: 1.2687
Metrics/racket_target/impact_racket_target_vel_x: 1.1888
Metrics/racket_target/impact_racket_target_vel_y: -0.0419
Metrics/racket_target/impact_racket_target_vel_z: 1.3215
Metrics/racket_target/impact_ball_out_error_mps: 4.4130
Metrics/racket_target/impact_face_radial_error_m: 0.0557
Metrics/racket_target/impact_face_normal_gap_m: 0.0503
Metrics/racket_target/impact_face_quality: 0.6799
Metrics/racket_target/impact_center_contact: 0.0000
Metrics/racket_target/impact_center_net_cross: 0.0000
Metrics/racket_target/impact_center_on_opponent: 0.0000
Metrics/racket_target/impact_rim_contact: 0.0000
Metrics/racket_target/impact_rim_net_cross: 0.0000
Metrics/racket_target/impact_rim_on_opponent: 0.0000
Metrics/racket_target/impact_analytic_outer_contact: 0.0000
Metrics/racket_target/impact_analytic_outer_net_cross: 0.0000
Metrics/racket_target/impact_analytic_outer_on_opponent: 0.0000
Metrics/racket_target/impact_planner_pos_error_m: 0.0819
Metrics/racket_target/impact_planner_vel_error_mps: 0.5116
Metrics/racket_target/impact_planner_speed_ratio: 0.8932
Metrics/racket_target/impact_planner_vel_angle_deg: 11.7556
Metrics/racket_target/impact_healthy_normal_ok: 0.0000
Metrics/racket_target/impact_healthy_contact: 0.0000
Metrics/racket_target/impact_healthy_net_cross: 0.0000
Metrics/racket_target/impact_healthy_on_opponent: 0.0000
Metrics/racket_target/current_swing_impact_health_score: 0.5781
Metrics/racket_target/current_swing_healthy_contact: 0.6007
Metrics/racket_target/current_swing_healthy_net_cross: 0.5920
Metrics/racket_target/current_swing_healthy_on_opponent: 0.0260
Metrics/racket_target/current_swing_healthy_normal_ok: 0.9528
Metrics/racket_target/current_swing_contact: 0.6007
Metrics/racket_target/current_swing_net_cross: 0.5920
Metrics/racket_target/current_swing_on_opponent: 0.0260
Metrics/racket_target/current_swing_center_contact: 0.4688
Metrics/racket_target/current_swing_center_net_cross: 0.4601
Metrics/racket_target/current_swing_center_on_opponent: 0.0260
Metrics/racket_target/current_swing_rim_contact: 0.0983
Metrics/racket_target/current_swing_rim_net_cross: 0.0983
Metrics/racket_target/current_swing_rim_on_opponent: 0.0000
Metrics/racket_target/current_swing_analytic_outer_contact: 0.0336
Metrics/racket_target/current_swing_analytic_outer_net_cross: 0.0336
Metrics/racket_target/current_swing_analytic_outer_on_opponent: 0.0000
Metrics/racket_target/cycle_v2_outcome_tier: -1.0000
Metrics/racket_target/cycle_v2_streak: 0.0000
Metrics/racket_target/closed_loop_recovery_trigger_event: 0.0000
Metrics/racket_target/closed_loop_cycle_success_event: 0.0000
Metrics/racket_target/closed_loop_durable_cycle_success_event: 0.0000
Metrics/racket_target/closed_loop_phase_id: 1.9601
Metrics/racket_target/closed_loop_phase_ready_no_command: 0.0115
Metrics/racket_target/closed_loop_phase_command_acquire: 0.0358
Metrics/racket_target/closed_loop_phase_pre_strike: 0.9465
Metrics/racket_target/closed_loop_phase_strike: 0.0000
Metrics/racket_target/closed_loop_phase_follow_through: 0.0000
Metrics/racket_target/closed_loop_phase_recovery: 0.0063
Metrics/racket_target/closed_loop_phase_next_ready: 0.0000
Metrics/racket_target/post_contact_phase_impact_0_100ms_attempts: 1320.7500
Metrics/racket_target/post_contact_phase_impact_0_100ms_tilt_gt_0p1_rate: 1.0000
Metrics/racket_target/post_contact_phase_impact_0_100ms_pitch_gt_0p1_rate: 1.0000
Metrics/racket_target/post_contact_phase_impact_0_100ms_waist_overflow_gt_1p0_rate: 0.0000
Metrics/racket_target/post_contact_phase_impact_0_100ms_base_ang_vel_gt_0p8_rate: 0.9885
Metrics/racket_target/post_contact_phase_brake_100_300ms_attempts: 1292.0312
Metrics/racket_target/post_contact_phase_brake_100_300ms_tilt_gt_0p1_rate: 0.9985
Metrics/racket_target/post_contact_phase_brake_100_300ms_pitch_gt_0p1_rate: 0.9985
Metrics/racket_target/post_contact_phase_brake_100_300ms_waist_overflow_gt_1p0_rate: 0.0000
Metrics/racket_target/post_contact_phase_brake_100_300ms_base_ang_vel_gt_0p8_rate: 0.9963
Metrics/racket_target/post_contact_phase_settle_300_600ms_attempts: 1238.5312
Metrics/racket_target/post_contact_phase_settle_300_600ms_tilt_gt_0p1_rate: 0.7535
Metrics/racket_target/post_contact_phase_settle_300_600ms_pitch_gt_0p1_rate: 0.6902
Metrics/racket_target/post_contact_phase_settle_300_600ms_waist_overflow_gt_1p0_rate: 0.0000
Metrics/racket_target/post_contact_phase_settle_300_600ms_base_ang_vel_gt_0p8_rate: 0.9907
Metrics/racket_target/post_contact_phase_ready_after_600ms_attempts: 1129.9062
Metrics/racket_target/post_contact_phase_ready_after_600ms_tilt_gt_0p1_rate: 0.4481
Metrics/racket_target/post_contact_phase_ready_after_600ms_pitch_gt_0p1_rate: 0.3656
Metrics/racket_target/post_contact_phase_ready_after_600ms_waist_overflow_gt_1p0_rate: 0.0000
Metrics/racket_target/post_contact_phase_ready_after_600ms_base_ang_vel_gt_0p8_rate: 0.9388
Metrics/racket_target/base_pitch_like_signed: -0.0573
Metrics/racket_target/base_backward_velocity: 0.0371
Metrics/racket_target/waist_action_rms: 0.2708
Metrics/racket_target/right_arm_action_rms: 3.0575
Metrics/racket_target/leg_action_rms: 0.4318
Metrics/racket_target/action_abs_max: 5.8363
Metrics/racket_target/applied_action_abs_max: 5.6322
Metrics/racket_target/leg_action_abs_max: 0.8341
Metrics/racket_target/effective_action_abs_max: 5.6322
Metrics/racket_target/action_clamp_fraction: 0.0042
Metrics/racket_target/waist_action_clamp_fraction: 0.0000
Metrics/racket_target/right_arm_action_clamp_fraction: 0.0000
Metrics/racket_target/leg_action_clamp_fraction: 0.0109
Metrics/racket_target/waist_q_tracking_error_rms: 0.3510
Metrics/racket_target/right_arm_q_tracking_error_rms: 0.1589
Metrics/racket_target/leg_q_tracking_error_rms: 0.2098
Metrics/racket_target/waist_torque_clip_fraction: 0.0000
Metrics/racket_target/right_arm_torque_clip_fraction: 0.0030
Metrics/racket_target/leg_torque_clip_fraction: 0.0000
Metrics/racket_target/waist_action_delta_rms: 0.1399
Metrics/racket_target/right_arm_action_delta_rms: 0.8412
Metrics/racket_target/leg_action_delta_rms: 0.2585
Metrics/racket_target/waist_joint_vel_rms: 0.5284
Metrics/racket_target/right_arm_joint_vel_rms: 1.1365
Metrics/racket_target/leg_joint_vel_rms: 0.6268
Metrics/racket_target/recovery_leg_action_abs_max: 0.7781
Metrics/racket_target/recovery_leg_action_delta_rms: 0.2386
Metrics/racket_target/recovery_leg_joint_vel_rms: 0.5348
      Episode_Termination/time_out: 4.0312
  Episode_Termination/base_too_low: 0.0938
   Episode_Termination/base_tilted: 0.0938
   Episode_Termination/table_touch: 0.3750
Episode_Termination/persistent_action_overflow: 0.0000
--------------------------------------------------------------------------------
                   Total timesteps: 262144
                    Iteration time: 2.17s
                      Time elapsed: 00:00:09
                               ETA: 00:00:38

################################################################################
                     [1m Learning iteration 1804/1820 [0m                     

                       Computation: 29475 steps/s (collection: 2.209s, learning 0.015s)
             Mean action noise std: 0.45
          Mean value_function loss: 0.1907
               Mean surrogate loss: -0.0000
                 Mean entropy loss: 2.8121
      Mean critic_only_warmup loss: 1.0000
                       Mean reward: 4.30
               Mean episode length: 142.44
 Episode_Reward/undesired_contacts: -0.0000
  Episode_Reward/feet_contact_slip: -0.0009
     Episode_Reward/table_no_touch: -0.0009
              Episode_Reward/alive: 0.0028
            Episode_Reward/upright: -0.0027
          Episode_Reward/imitation: 0.1228
    Episode_Reward/racket_position: 0.0239
Episode_Reward/backhand_racket_position: 0.0103
    Episode_Reward/racket_velocity: 0.0157
Episode_Reward/planner_racket_task_space_crossfade: 0.0961
Episode_Reward/exact_impact_planner_task_space_alignment: 0.0025
    Episode_Reward/blade_direction: 0.0143
Episode_Reward/health_gated_soft_ball_contact: 0.0154
Episode_Reward/health_gated_backhand_soft_ball_contact: 0.0094
Episode_Reward/health_gated_ball_contact: 0.0029
Episode_Reward/healthy_trunk_support: 0.0245
Episode_Reward/targeted_strike_attempt: 0.0036
  Episode_Reward/strike_inactivity: 0.0000
 Episode_Reward/pre_strike_station: 0.0196
    Episode_Reward/recovery_health: 0.0159
Episode_Reward/no_command_ready_stability: 0.0007
Episode_Reward/post_strike_base_ang_vel: 0.0031
Episode_Reward/phase_action_overflow: -0.0001
     Episode_Reward/strike_balance: 0.0093
Episode_Reward/prestrike_station_progress: 0.0060
 Episode_Reward/lower_body_support: 0.0136
Episode_Reward/termination_penalty: -0.0172
Episode_Reward/phase_action_rate_waist: -0.0001
Episode_Reward/phase_action_rate_upper: -0.0018
Episode_Reward/phase_action_rate_legs: -0.0001
        Episode_Reward/joint_limit: -0.0103
Episode_Reward/prestrike_racket_progress: 0.0526
Episode_Reward/near_impact_planner_velocity_progress: 0.0142
Episode_Reward/operational_joint_margin: -0.0056
  Episode_Reward/joint_target_slew: -0.0094
Episode_Reward/actuator_waist_feasibility: -0.0000
Episode_Reward/actuator_right_arm_feasibility: -0.0000
Episode_Reward/actuator_leg_feasibility: -0.0000
Episode_Reward/terminal_quality_window: 0.0004
Episode_Reward/safe_terminal_quality: 0.0008
Episode_Reward/unsafe_terminal_recovery: -0.0000
Episode_Reward/capability_gated_safe_terminal_outcome: 0.0053
    Metrics/motion/error_joint_pos: 1.8338
    Metrics/motion/error_joint_vel: 7.9647
     Metrics/motion/error_body_pos: 0.1471
     Metrics/motion/error_body_rot: 0.6487
       Metrics/motion/motion_phase: 0.6750
            Metrics/motion/in_hold: 0.2136
Metrics/motion/motion_start_warmup_prob: 0.8000
Metrics/motion/motion_start_lifecycle_progress: 0.0000
Metrics/motion/motion_start_effective_prestrike_fraction: 1.0000
Metrics/motion/motion_start_effective_recovery_fraction: 0.0000
Metrics/motion/motion_start_effective_rsi_fraction: 0.0000
 Metrics/motion/motion_start_reset: 0.5671
Metrics/motion/motion_start_prestrike_reset: 0.0000
Metrics/motion/motion_start_recovery_reset: 0.0000
Metrics/motion/motion_start_rsi_reset: 0.0000
 Metrics/motion/single_cycle_reset: 0.0000
     Metrics/motion/motion_clip_id: 0.6014
Metrics/motion/motion_supplemental_clip: 0.0000
      Metrics/motion/stand_episode: 0.0261
Metrics/motion/default_stand_reset: 0.2454
Metrics/motion/error_body_pos_lower: 0.1344
Metrics/motion/error_body_rot_lower: 0.5140
Metrics/motion/error_body_lin_vel_lower: 0.2307
Metrics/motion/error_body_ang_vel_lower: 1.1000
Metrics/motion/reference_body_lin_speed_lower: 0.0122
Metrics/motion/robot_body_lin_speed_lower: 0.2269
Metrics/motion/error_body_pos_core: 0.0655
Metrics/motion/error_body_rot_core: 0.3839
Metrics/motion/error_body_lin_vel_core: 0.3251
Metrics/motion/error_body_ang_vel_core: 1.5551
Metrics/motion/reference_body_lin_speed_core: 0.0093
Metrics/motion/robot_body_lin_speed_core: 0.3213
Metrics/motion/error_body_pos_upper: 0.1871
Metrics/motion/error_body_rot_upper: 0.8716
Metrics/motion/error_body_lin_vel_upper: 1.1693
Metrics/motion/error_body_ang_vel_upper: 3.8079
Metrics/motion/reference_body_lin_speed_upper: 0.0163
Metrics/motion/robot_body_lin_speed_upper: 1.1691
Metrics/motion/error_joint_pos_waist: 0.3727
Metrics/motion/error_joint_vel_waist: 1.9680
Metrics/motion/reference_joint_speed_waist: 0.0115
Metrics/motion/error_joint_pos_arms: 1.6323
Metrics/motion/error_joint_vel_arms: 6.9838
Metrics/motion/reference_joint_speed_arms: 0.0399
Metrics/motion/error_joint_pos_legs: 0.6728
Metrics/motion/error_joint_vel_legs: 2.7178
Metrics/motion/reference_joint_speed_legs: 0.0031
Metrics/racket_target/racket_pos_error: 0.1037
Metrics/racket_target/racket_vel_error: 1.1342
Metrics/racket_target/time_to_strike: -0.7752
Metrics/racket_target/return_success: 0.0000
Metrics/racket_target/prev_return_success: 0.0000
Metrics/racket_target/prev_net_cross: 0.1536
Metrics/racket_target/current_net_cross: 0.4428
Metrics/racket_target/racket_pos_curriculum_scale: 1.0000
Metrics/racket_target/impact_inverse_command_blend: 0.0000
Metrics/racket_target/steps_since_target_resample: 108.9661
Metrics/racket_target/recovery_height_error: 0.0445
Metrics/racket_target/recovery_upright_error: 0.1006
Metrics/racket_target/recovery_base_lin_vel: 0.2661
Metrics/racket_target/recovery_base_ang_vel: 1.1024
Metrics/racket_target/recovery_station_error: 0.0999
Metrics/racket_target/recovery_feet_contact_frac: 0.9753
Metrics/racket_target/recovery_racket_speed: 2.8677
Metrics/racket_target/recovery_height_score: 0.8588
Metrics/racket_target/recovery_upright_score: 0.8519
Metrics/racket_target/recovery_lin_vel_score: 0.6043
Metrics/racket_target/recovery_ang_vel_score: 0.3435
Metrics/racket_target/recovery_station_score: 0.8203
Metrics/racket_target/recovery_racket_score: 0.0454
Metrics/racket_target/recovery_arm_score: 0.4601
Metrics/racket_target/recovery_ready_score: 0.6753
Metrics/racket_target/recovery_anchor_arm_score: 1.0000
Metrics/racket_target/recovery_core_ready_score: 0.5724
Metrics/racket_target/recovery_functional_ready_score: 0.4844
Metrics/racket_target/waist_action_overflow_rms: 0.0000
Metrics/racket_target/right_arm_action_overflow_rms: 0.0014
Metrics/racket_target/leg_action_overflow_rms: 0.0212
Metrics/racket_target/operational_margin_fraction: 0.0106
Metrics/racket_target/waist_operational_margin_fraction: 0.0000
Metrics/racket_target/right_arm_operational_margin_fraction: 0.0026
Metrics/racket_target/leg_operational_margin_fraction: 0.0250
Metrics/racket_target/waist_operational_excess_rms: 0.0000
Metrics/racket_target/right_arm_operational_excess_rms: 0.0004
Metrics/racket_target/leg_operational_excess_rms: 0.0112
Metrics/racket_target/q_des_velocity_violation_fraction: 0.0745
Metrics/racket_target/waist_q_des_velocity_violation_fraction: 0.0196
Metrics/racket_target/right_arm_q_des_velocity_violation_fraction: 0.1067
Metrics/racket_target/leg_q_des_velocity_violation_fraction: 0.0893
Metrics/racket_target/q_des_acceleration_violation_fraction: 0.6986
Metrics/racket_target/waist_q_des_acceleration_violation_fraction: 0.5630
Metrics/racket_target/right_arm_q_des_acceleration_violation_fraction: 0.8110
Metrics/racket_target/leg_q_des_acceleration_violation_fraction: 0.7600
Metrics/racket_target/waist_q_des_velocity_rms: 3.7857
Metrics/racket_target/right_arm_q_des_velocity_rms: 8.3394
Metrics/racket_target/leg_q_des_velocity_rms: 6.8923
Metrics/racket_target/waist_q_des_acceleration_rms: 295.3180
Metrics/racket_target/right_arm_q_des_acceleration_rms: 659.9483
Metrics/racket_target/leg_q_des_acceleration_rms: 573.6437
Metrics/racket_target/action_operational_feasibility_score: 0.8935
Metrics/racket_target/actuator_overflow_consecutive_steps: 0.0000
Metrics/racket_target/actuator_overflow_severe: 0.0000
Metrics/racket_target/recovery_phase_gate: 0.9557
Metrics/racket_target/recovery_phase_ready_score: 0.6678
Metrics/racket_target/recovery_contact_ready_score: 0.3455
Metrics/racket_target/recovery_net_ready_score: 0.3341
Metrics/racket_target/recovery_return_ready_score: 0.0000
Metrics/racket_target/cycle_success_ready_score: 0.0000
Metrics/racket_target/cycle_success_soft: 0.0000
Metrics/racket_target/cycle_success_binary: 0.0000
Metrics/racket_target/cycle_v2_pending: 0.0000
Metrics/racket_target/cycle_v2_attempt_latch: 0.0000
Metrics/racket_target/cycle_v2_ready_success_latch: 0.0000
Metrics/racket_target/cycle_v2_ready_fail_latch: 0.0000
Metrics/racket_target/cycle_v2_attempt_event: 0.0000
Metrics/racket_target/cycle_v2_ready_success_event: 0.0000
Metrics/racket_target/cycle_v2_ready_fail_event: 0.0000
Metrics/racket_target/cycle_v2_unresolved_resample_fail_event: 0.0000
Metrics/racket_target/cycle_v2_resolved_event: 0.0000
Metrics/racket_target/cycle_v2_command_visible_steps: 0.0000
Metrics/racket_target/cycle_v2_elapsed_steps: 0.0000
Metrics/racket_target/cycle_v2_ready_score: 0.0000
Metrics/racket_target/cycle_v2_ready_ok: 0.0000
Metrics/racket_target/cycle_v2_visible: 0.0000
Metrics/racket_target/cycle_v2_ready_score_ok: 0.0000
Metrics/racket_target/cycle_v2_height_ok: 0.0000
Metrics/racket_target/cycle_v2_upright_ok: 0.0000
Metrics/racket_target/cycle_v2_base_lin_vel_ok: 0.0000
Metrics/racket_target/cycle_v2_base_ang_vel_ok: 0.0000
Metrics/racket_target/cycle_v2_feet_ok: 0.0000
Metrics/racket_target/cycle_v2_core_ready_ok: 0.0000
Metrics/racket_target/cycle_v2_ready_consecutive_steps: 0.0000
Metrics/racket_target/single_cycle_bootstrap: 0.0000
Metrics/racket_target/single_cycle_swing_completed: 0.0000
Metrics/racket_target/single_cycle_recovery_active: 0.0000
Metrics/racket_target/single_cycle_recovery_elapsed_steps: 0.0000
Metrics/racket_target/single_cycle_ready_consecutive_steps: 0.0000
Metrics/racket_target/single_cycle_safe_timeout_event: 0.0000
Metrics/racket_target/single_cycle_deadline_timeout_event: 0.0000
Metrics/racket_target/single_cycle_timeout_latch: 0.0000
Metrics/racket_target/single_cycle_hard_failure_event: 0.0000
Metrics/racket_target/single_cycle_probability: 0.0000
Metrics/racket_target/single_cycle_curriculum_level: 0.0000
Metrics/racket_target/single_cycle_effective_deadline_steps: 100.0000
Metrics/racket_target/single_cycle_selected_events: 0.0000
Metrics/racket_target/single_cycle_completed_events: 0.0000
Metrics/racket_target/single_cycle_safe_timeout_events: 0.0000
Metrics/racket_target/single_cycle_deadline_timeout_events: 0.0000
Metrics/racket_target/single_cycle_hard_failure_events: 0.0000
Metrics/racket_target/active_ready_consecutive_steps: 0.0000
Metrics/racket_target/active_ready_success_event: 0.0000
Metrics/racket_target/active_ready_success_latch: 0.0000
Metrics/racket_target/active_ready_survival_steps: 0.0000
Metrics/racket_target/active_ready_survival_next_milestone: 0.0000
Metrics/racket_target/active_ready_survival_milestone_event: 0.0000
Metrics/racket_target/no_command_ready_active: 0.0261
Metrics/racket_target/no_command_from_stand_episode: 0.0261
Metrics/racket_target/no_command_from_default_stand_reset: 0.0261
Metrics/racket_target/no_command_ready_upright_ok: 0.0159
Metrics/racket_target/no_command_ready_motion_ok: 0.0000
Metrics/racket_target/no_command_ready_score: 0.0104
Metrics/racket_target/no_command_ready_progress: -0.0002
Metrics/racket_target/no_command_ready_station_error: 0.0061
Metrics/racket_target/no_command_ready_fixed_station_error: 0.0061
Metrics/racket_target/healthy_training_stage: 3.0000
Metrics/racket_target/healthy_stage_planted_rehearsal: 0.0000
Metrics/racket_target/healthy_stage_station_hold_seen: 0.0000
Metrics/racket_target/healthy_stage_station_arrived: 0.0000
Metrics/racket_target/healthy_stage_station_settled: 0.0000
Metrics/racket_target/healthy_stage_station_settle_steps: 0.0000
Metrics/racket_target/station_relocation_active: 0.0000
Metrics/racket_target/station_relocation_target_offset_y: 0.0000
Metrics/racket_target/station_relocation_error: 0.0000
Metrics/racket_target/station_relocation_arrival_event: 0.0000
Metrics/racket_target/station_relocation_settle_event: 0.0000
Metrics/racket_target/station_relocation_release_event: 0.0000
Metrics/racket_target/station_relocation_timeout_event: 0.0000
Metrics/racket_target/station_relocation_elapsed_steps: 0.0000
Metrics/racket_target/station_relocation_hold_deadline_steps: 0.0000
Metrics/racket_target/lifecycle_recovery_hold_active: 0.0000
Metrics/racket_target/lifecycle_recovery_release_success_event: 0.0000
Metrics/racket_target/lifecycle_recovery_release_fail_event: 0.0000
Metrics/racket_target/station_relocation_level: 0.0000
Metrics/racket_target/station_relocation_arrival_ema: 0.0000
Metrics/racket_target/station_relocation_settle_ema: 0.0000
Metrics/racket_target/station_relocation_contact_ema: 0.0000
Metrics/racket_target/station_relocation_safety_ema: 0.0000
Metrics/racket_target/station_relocation_resolved_events: 0.0000
Metrics/racket_target/station_relocation_terminal_reset_events: 0.0000
Metrics/racket_target/station_relocation_advance_streak: 0.0000
Metrics/racket_target/station_relocation_regress_streak: 0.0000
Metrics/racket_target/station_relocation_effective_max_lin_vel: 0.0000
Metrics/racket_target/station_relocation_effective_max_ang_vel: 0.0000
Metrics/racket_target/station_relocation_effective_min_settle_steps: 0.0000
Metrics/racket_target/ability_curriculum_level: 0.0000
Metrics/racket_target/ability_curriculum_scale: 1.0000
Metrics/racket_target/ability_curriculum_resolved_events: 282.2188
Metrics/racket_target/ability_curriculum_total_resolved_events: 282.2188
Metrics/racket_target/ability_curriculum_advance_streak: 0.0000
Metrics/racket_target/ability_curriculum_regress_streak: 0.0000
Metrics/racket_target/ability_contact_ema: 0.1969
Metrics/racket_target/ability_net_ema: 0.1961
Metrics/racket_target/ability_success_ema: 0.0038
Metrics/racket_target/ability_recovery_ema: 0.2018
Metrics/racket_target/ability_cycle_ema: 0.0038
Metrics/racket_target/ability_cycle_attempt_ema: 0.0038
Metrics/racket_target/ability_cycle_resolved_ema: 0.0000
Metrics/racket_target/ability_forehand_contact_ema: 0.1977
Metrics/racket_target/ability_forehand_net_ema: 0.1964
Metrics/racket_target/ability_forehand_success_ema: 0.0021
Metrics/racket_target/ability_backhand_contact_ema: 0.1982
Metrics/racket_target/ability_backhand_net_ema: 0.1976
Metrics/racket_target/ability_backhand_success_ema: 0.0050
Metrics/racket_target/ability_attempt_ema: 0.2500
Metrics/racket_target/ability_targeted_attempt_ema: 0.2498
Metrics/racket_target/impact_health_floor_progress: 0.0000
Metrics/racket_target/ability_safety_ema: 0.9919
Metrics/racket_target/ability_station_saturation_ema: 0.0000
Metrics/racket_target/ability_healthy_normal_ema: 0.2498
Metrics/racket_target/ability_station_arrival_ema: 0.0000
Metrics/racket_target/ability_station_settle_ema: 0.0000
Metrics/racket_target/safe_outcome_capability_gate: 0.1697
Metrics/racket_target/planner_hit_plane_blend: 1.0000
Metrics/racket_target/planner_hit_plane_x_delta: 0.0368
Metrics/racket_target/true_strike_table_x: 0.2000
Metrics/racket_target/planner_target_table_x: 0.2000
Metrics/racket_target/workspace_level: 0.0000
Metrics/racket_target/workspace_fringe_sample: 0.0000
Metrics/racket_target/workspace_target_lateral_norm: 0.2969
Metrics/racket_target/workspace_target_table_y: -0.2145
Metrics/racket_target/workspace_playable_y_min: -0.7225
Metrics/racket_target/workspace_playable_y_max: 0.7225
Metrics/racket_target/workspace_active_y_lo: -0.2802
Metrics/racket_target/workspace_active_y_hi: -0.1485
Metrics/racket_target/workspace_motion_seed_blend: 0.0000
Metrics/racket_target/planner_perturb_curriculum_scale: 1.0000
Metrics/racket_target/incoming_ball_horizontal_speed: 2.2582
Metrics/racket_target/incoming_ball_speed: 4.6069
Metrics/racket_target/incoming_ball_speed_curriculum_level: 0.0000
Metrics/racket_target/incoming_ball_speed_sample_low: 0.0000
Metrics/racket_target/incoming_ball_speed_sample_high: 0.0000
Metrics/racket_target/station_saturated: 0.0000
Metrics/racket_target/station_raw_clip_excess: 0.0000
Metrics/racket_target/station_saturated_x: 0.0000
Metrics/racket_target/station_saturated_y: 0.0000
Metrics/racket_target/station_raw_clip_excess_x: 0.0000
Metrics/racket_target/station_raw_clip_excess_y: 0.0000
Metrics/racket_target/current_swing_opportunity: 0.7422
Metrics/racket_target/current_swing_attempt: 0.7422
Metrics/racket_target/current_swing_targeted_attempt: 0.7422
Metrics/racket_target/prev_swing_targeted_attempt: 0.1875
Metrics/racket_target/current_swing_unsafe: 0.0534
Metrics/racket_target/current_swing_station_saturated: 0.0000
Metrics/racket_target/impact_health_score: 0.8424
Metrics/racket_target/impact_health_ok: 0.8578
Metrics/racket_target/impact_health_backlean_violation: 0.0038
Metrics/racket_target/impact_health_waist_backfold: 0.0047
Metrics/racket_target/impact_health_base_retreat: 0.0302
Metrics/racket_target/impact_health_torso_gravity_x: 0.4015
Metrics/racket_target/impact_health_torso_ang_vel: 0.7528
Metrics/racket_target/impact_health_com_x: 0.0633
Metrics/racket_target/impact_health_com_y: 0.0350
Metrics/racket_target/post_contact_ready_pending: 0.0000
Metrics/racket_target/post_contact_ready_elapsed_steps: 2.6258
Metrics/racket_target/post_contact_ready_consecutive_steps: 0.0000
Metrics/racket_target/post_contact_ready_diagnostic_pending: 0.0000
Metrics/racket_target/post_contact_ready_diagnostic_elapsed_steps: 17.4120
Metrics/racket_target/post_contact_ready_durable_pending: 0.0000
Metrics/racket_target/post_contact_ready_durable_consecutive_steps: 0.0000
Metrics/racket_target/post_contact_ready_durable_ready_now: 0.0000
Metrics/racket_target/post_contact_ready_durable_success_event: 0.0000
Metrics/racket_target/post_contact_ready_durable_fail_event: 0.0000
Metrics/racket_target/post_contact_ready_durable_resolution_success_rate: 0.1724
Metrics/racket_target/post_contact_ready_durable_resolution_fail_rate: 0.7604
Metrics/racket_target/post_contact_ready_durable_resolution_success_latency_steps: 35.0000
Metrics/racket_target/post_contact_ready_durable_resolution_fail_latency_steps: 33.4509
Metrics/racket_target/post_contact_ready_durable_fail_backlean_rate: 0.0514
Metrics/racket_target/post_contact_ready_durable_fail_forward_lean_rate: 0.9070
Metrics/racket_target/post_contact_ready_durable_fail_torso_ang_vel_rate: 0.0514
Metrics/racket_target/post_contact_ready_durable_fail_base_lin_vel_rate: 0.0524
Metrics/racket_target/post_contact_ready_durable_fail_base_ang_vel_rate: 0.3628
Metrics/racket_target/post_contact_ready_durable_fail_racket_speed_rate: 0.0514
Metrics/racket_target/post_contact_ready_durable_fail_height_rate: 0.0514
Metrics/racket_target/post_contact_ready_durable_fail_com_x_rate: 0.0542
Metrics/racket_target/post_contact_ready_durable_fail_com_y_rate: 0.0514
Metrics/racket_target/post_contact_ready_durable_fail_feet_rate: 0.0514
Metrics/racket_target/post_contact_ready_durable_fail_station_rate: 0.0514
Metrics/racket_target/post_contact_ready_durable_fail_arm_rate: 0.0514
Metrics/racket_target/post_contact_ready_terminal_window_active: 0.0000
Metrics/racket_target/post_contact_ready_terminal_quality: 0.4007
Metrics/racket_target/post_contact_ready_terminal_settlement_event: 0.0000
Metrics/racket_target/post_contact_ready_operational_ready_now: 0.0000
Metrics/racket_target/post_contact_ready_operational_consecutive_steps: 0.0000
Metrics/racket_target/post_contact_ready_safe_settlement_event: 0.0000
Metrics/racket_target/post_contact_ready_unsafe_settlement_event: 0.0000
Metrics/racket_target/post_contact_ready_incomplete_settlement_event: 0.0000
Metrics/racket_target/post_contact_ready_safe_net_cycle_event: 0.0000
Metrics/racket_target/post_contact_ready_terminal_quality_mean: 0.9182
Metrics/racket_target/post_contact_ready_safe_terminal_quality_mean: 0.9255
Metrics/racket_target/post_contact_ready_terminal_safe_rate: 0.7058
Metrics/racket_target/post_contact_ready_terminal_unsafe_rate: 0.0351
Metrics/racket_target/post_contact_ready_terminal_incomplete_rate: 0.2590
Metrics/racket_target/post_contact_ready_safe_net_cycle_rate: 0.6952
Metrics/racket_target/post_contact_ready_score: 0.5779
Metrics/racket_target/post_contact_ready_now: 0.0000
Metrics/racket_target/post_contact_ready_success_event: 0.0000
Metrics/racket_target/post_contact_ready_fail_event: 0.0000
Metrics/racket_target/post_contact_ready_outcome_tier: -0.0989
Metrics/racket_target/post_contact_ready_face_quality: 0.3946
Metrics/racket_target/post_contact_ready_safe_face_net_cycle_value: 0.0000
Metrics/racket_target/post_contact_ready_planner_speed_ratio: 0.4389
Metrics/racket_target/post_contact_ready_planner_direction_error_rad: 0.1047
Metrics/racket_target/post_contact_ready_planner_position_error: 0.0276
Metrics/racket_target/post_contact_ready_impact_health_score: 0.4293
Metrics/racket_target/post_contact_ready_peak_base_ang_vel: 0.6819
Metrics/racket_target/post_contact_ready_peak_ang_vel_excess_increment: 0.0000
Metrics/racket_target/post_contact_ready_envelope_violation_latch: 0.0154
Metrics/racket_target/post_contact_ready_envelope_violation_event: 0.0000
Metrics/racket_target/post_contact_ready_envelope_first_violation_step: -0.7904
Metrics/racket_target/post_contact_ready_envelope_attempts: 1407.1250
Metrics/racket_target/post_contact_ready_envelope_violation_rate: 0.0330
Metrics/racket_target/post_contact_ready_envelope_tilt_violation_rate: 0.0000
Metrics/racket_target/post_contact_ready_envelope_pitch_violation_rate: 0.0000
Metrics/racket_target/post_contact_ready_envelope_com_violation_rate: 0.0007
Metrics/racket_target/post_contact_ready_envelope_waist_violation_rate: 0.0000
Metrics/racket_target/post_contact_ready_envelope_leg_violation_rate: 0.0000
Metrics/racket_target/post_contact_ready_envelope_base_ang_vel_violation_rate: 0.0323
Metrics/racket_target/post_contact_ready_resolution_success_rate: 0.9808
Metrics/racket_target/post_contact_ready_resolution_fail_rate: 0.0107
Metrics/racket_target/post_contact_ready_resolution_success_latency_steps: 4.9064
Metrics/racket_target/post_contact_ready_resolution_fail_latency_steps: 10.8667
Metrics/racket_target/post_contact_ready_max_tilt: 0.0946
Metrics/racket_target/post_contact_ready_max_abs_pitch: 0.0941
Metrics/racket_target/post_contact_ready_max_com_x: 0.0171
Metrics/racket_target/post_contact_ready_max_com_y: 0.0140
Metrics/racket_target/post_contact_ready_max_waist_overflow: 0.0000
Metrics/racket_target/post_contact_ready_max_leg_overflow: 0.0034
Metrics/racket_target/post_contact_ready_settlement_velocity_score_ema: 0.6729
Metrics/racket_target/post_contact_ready_settlement_position_gate_ema: 0.7797
Metrics/racket_target/post_contact_ready_settlement_health_gate_ema: 0.9764
Metrics/racket_target/post_contact_ready_settlement_recovery_gate_ema: 0.4361
Metrics/racket_target/post_contact_ready_settlement_total_score_ema: 0.2278
Metrics/racket_target/post_contact_recovery_backlean_error: 0.0954
Metrics/racket_target/post_contact_recovery_directional_progress: 0.0000
Metrics/racket_target/post_contact_ready_torso_ok: 0.0258
Metrics/racket_target/post_contact_ready_motion_ok: 0.3950
Metrics/racket_target/post_contact_ready_support_ok: 0.8578
Metrics/racket_target/post_contact_ready_arm_ok: 1.0000
Metrics/racket_target/post_contact_ready_base_lin_vel_ok: 0.8515
Metrics/racket_target/post_contact_ready_base_ang_vel_ok: 0.7738
Metrics/racket_target/post_contact_ready_racket_speed_ok: 0.4972
Metrics/racket_target/post_contact_ready_height_ok: 0.9466
Metrics/racket_target/post_contact_ready_com_x_ok: 0.8630
Metrics/racket_target/post_contact_ready_com_y_ok: 0.9495
Metrics/racket_target/post_contact_ready_feet_ok: 0.9792
Metrics/racket_target/post_contact_ready_station_ok: 0.8779
Metrics/racket_target/post_contact_ready_fail_torso: 0.0000
Metrics/racket_target/post_contact_ready_fail_base_lin_vel: 0.0000
Metrics/racket_target/post_contact_ready_fail_base_ang_vel: 0.0000
Metrics/racket_target/post_contact_ready_fail_racket_speed: 0.0000
Metrics/racket_target/post_contact_ready_fail_support: 0.0000
Metrics/racket_target/post_contact_ready_fail_arm: 0.0000
Metrics/racket_target/post_contact_ready_shadow_now: 0.0000
Metrics/racket_target/post_contact_ready_shadow_consecutive_steps: 0.0000
Metrics/racket_target/post_contact_ready_shadow_success_latch: 0.0000
Metrics/racket_target/post_contact_ready_curriculum_level: 0.0000
Metrics/racket_target/post_contact_ready_curriculum_fraction: 1.0000
Metrics/racket_target/post_contact_ready_curriculum_success_ema: 0.0000
Metrics/racket_target/post_contact_ready_curriculum_shadow_success_ema: 0.0000
Metrics/racket_target/post_contact_ready_curriculum_resolved_events: 0.0000
Metrics/racket_target/post_contact_ready_curriculum_successful_events: 0.0000
Metrics/racket_target/post_contact_ready_curriculum_targeted_attempt_ema: 0.0000
Metrics/racket_target/post_contact_ready_curriculum_return_success_ema: 0.0000
Metrics/racket_target/post_contact_ready_curriculum_completed_swings: 0.0000
Metrics/racket_target/post_contact_ready_curriculum_advance_streak: 0.0000
Metrics/racket_target/post_contact_ready_curriculum_advance_guard_ok: 0.0000
Metrics/racket_target/post_contact_ready_effective_max_torso_ang_vel: 1.5000
Metrics/racket_target/post_contact_ready_effective_torso_x_min: -0.1200
Metrics/racket_target/post_contact_ready_effective_torso_x_max: 0.3200
Metrics/racket_target/post_contact_ready_effective_max_base_lin_vel: 0.4500
Metrics/racket_target/post_contact_ready_effective_max_base_ang_vel: 1.3000
Metrics/racket_target/post_contact_ready_effective_max_racket_speed: 3.0000
Metrics/racket_target/post_contact_ready_effective_min_feet_contact: 0.5000
Metrics/racket_target/post_contact_ready_effective_required_consecutive_steps: 3.0000
Metrics/racket_target/post_contact_ready_effective_deadline_steps: 40.0000
Metrics/racket_target/post_contact_ready_curriculum_advance_threshold: 1.0000
Metrics/racket_target/post_contact_ready_curriculum_advance_min_events: 0.0000
Metrics/racket_target/post_contact_ready_curriculum_shadow_threshold: 1.0000
Metrics/racket_target/post_contact_ready_curriculum_min_targeted_attempt_ema: 0.0000
Metrics/racket_target/post_contact_ready_curriculum_min_return_success_ema: 0.0000
Metrics/racket_target/post_contact_ready_curriculum_min_completed_swings: 1.0000
Metrics/racket_target/post_contact_ready_curriculum_required_advance_checks: 1.0000
Metrics/racket_target/racket_normal_error_deg: 70.0832
Metrics/racket_target/impact_normal_error_deg: 8.7994
Metrics/racket_target/impact_racket_vel_error_mps: 0.5119
Metrics/racket_target/impact_racket_speed_ratio: 0.9019
Metrics/racket_target/impact_racket_vel_angle_deg: 12.3598
Metrics/racket_target/impact_racket_actual_vel_x: 0.9888
Metrics/racket_target/impact_racket_actual_vel_y: 0.1149
Metrics/racket_target/impact_racket_actual_vel_z: 1.2932
Metrics/racket_target/impact_racket_target_vel_x: 1.1486
Metrics/racket_target/impact_racket_target_vel_y: -0.0172
Metrics/racket_target/impact_racket_target_vel_z: 1.2890
Metrics/racket_target/impact_ball_out_error_mps: 4.3860
Metrics/racket_target/impact_face_radial_error_m: 0.0492
Metrics/racket_target/impact_face_normal_gap_m: 0.0562
Metrics/racket_target/impact_face_quality: 0.7167
Metrics/racket_target/impact_center_contact: 0.0000
Metrics/racket_target/impact_center_net_cross: 0.0000
Metrics/racket_target/impact_center_on_opponent: 0.0000
Metrics/racket_target/impact_rim_contact: 0.0000
Metrics/racket_target/impact_rim_net_cross: 0.0000
Metrics/racket_target/impact_rim_on_opponent: 0.0000
Metrics/racket_target/impact_analytic_outer_contact: 0.0000
Metrics/racket_target/impact_analytic_outer_net_cross: 0.0000
Metrics/racket_target/impact_analytic_outer_on_opponent: 0.0000
Metrics/racket_target/impact_planner_pos_error_m: 0.0805
Metrics/racket_target/impact_planner_vel_error_mps: 0.5119
Metrics/racket_target/impact_planner_speed_ratio: 0.9019
Metrics/racket_target/impact_planner_vel_angle_deg: 12.3598
Metrics/racket_target/impact_healthy_normal_ok: 0.0000
Metrics/racket_target/impact_healthy_contact: 0.0000
Metrics/racket_target/impact_healthy_net_cross: 0.0000
Metrics/racket_target/impact_healthy_on_opponent: 0.0000
Metrics/racket_target/current_swing_impact_health_score: 0.4293
Metrics/racket_target/current_swing_healthy_contact: 0.4582
Metrics/racket_target/current_swing_healthy_net_cross: 0.4428
Metrics/racket_target/current_swing_healthy_on_opponent: 0.0000
Metrics/racket_target/current_swing_healthy_normal_ok: 0.7422
Metrics/racket_target/current_swing_contact: 0.4582
Metrics/racket_target/current_swing_net_cross: 0.4428
Metrics/racket_target/current_swing_on_opponent: 0.0000
Metrics/racket_target/current_swing_center_contact: 0.3725
Metrics/racket_target/current_swing_center_net_cross: 0.3623
Metrics/racket_target/current_swing_center_on_opponent: 0.0000
Metrics/racket_target/current_swing_rim_contact: 0.0578
Metrics/racket_target/current_swing_rim_net_cross: 0.0578
Metrics/racket_target/current_swing_rim_on_opponent: 0.0000
Metrics/racket_target/current_swing_analytic_outer_contact: 0.0279
Metrics/racket_target/current_swing_analytic_outer_net_cross: 0.0227
Metrics/racket_target/current_swing_analytic_outer_on_opponent: 0.0000
Metrics/racket_target/cycle_v2_outcome_tier: -1.0000
Metrics/racket_target/cycle_v2_streak: 0.0000
Metrics/racket_target/closed_loop_recovery_trigger_event: 0.0000
Metrics/racket_target/closed_loop_cycle_success_event: 0.0000
Metrics/racket_target/closed_loop_durable_cycle_success_event: 0.0000
Metrics/racket_target/closed_loop_phase_id: 1.6926
Metrics/racket_target/closed_loop_phase_ready_no_command: 0.0261
Metrics/racket_target/closed_loop_phase_command_acquire: 0.2552
Metrics/racket_target/closed_loop_phase_pre_strike: 0.7187
Metrics/racket_target/closed_loop_phase_strike: 0.0000
Metrics/racket_target/closed_loop_phase_follow_through: 0.0000
Metrics/racket_target/closed_loop_phase_recovery: 0.0000
Metrics/racket_target/closed_loop_phase_next_ready: 0.0000
Metrics/racket_target/post_contact_phase_impact_0_100ms_attempts: 1407.1250
Metrics/racket_target/post_contact_phase_impact_0_100ms_tilt_gt_0p1_rate: 1.0000
Metrics/racket_target/post_contact_phase_impact_0_100ms_pitch_gt_0p1_rate: 1.0000
Metrics/racket_target/post_contact_phase_impact_0_100ms_waist_overflow_gt_1p0_rate: 0.0000
Metrics/racket_target/post_contact_phase_impact_0_100ms_base_ang_vel_gt_0p8_rate: 0.9884
Metrics/racket_target/post_contact_phase_brake_100_300ms_attempts: 1379.0312
Metrics/racket_target/post_contact_phase_brake_100_300ms_tilt_gt_0p1_rate: 0.9985
Metrics/racket_target/post_contact_phase_brake_100_300ms_pitch_gt_0p1_rate: 0.9985
Metrics/racket_target/post_contact_phase_brake_100_300ms_waist_overflow_gt_1p0_rate: 0.0000
Metrics/racket_target/post_contact_phase_brake_100_300ms_base_ang_vel_gt_0p8_rate: 0.9962
Metrics/racket_target/post_contact_phase_settle_300_600ms_attempts: 1326.4688
Metrics/racket_target/post_contact_phase_settle_300_600ms_tilt_gt_0p1_rate: 0.7586
Metrics/racket_target/post_contact_phase_settle_300_600ms_pitch_gt_0p1_rate: 0.6934
Metrics/racket_target/post_contact_phase_settle_300_600ms_waist_overflow_gt_1p0_rate: 0.0000
Metrics/racket_target/post_contact_phase_settle_300_600ms_base_ang_vel_gt_0p8_rate: 0.9912
Metrics/racket_target/post_contact_phase_ready_after_600ms_attempts: 1247.1562
Metrics/racket_target/post_contact_phase_ready_after_600ms_tilt_gt_0p1_rate: 0.4583
Metrics/racket_target/post_contact_phase_ready_after_600ms_pitch_gt_0p1_rate: 0.3761
Metrics/racket_target/post_contact_phase_ready_after_600ms_waist_overflow_gt_1p0_rate: 0.0000
Metrics/racket_target/post_contact_phase_ready_after_600ms_base_ang_vel_gt_0p8_rate: 0.9470
Metrics/racket_target/base_pitch_like_signed: 0.0135
Metrics/racket_target/base_backward_velocity: 0.0358
Metrics/racket_target/waist_action_rms: 0.4043
Metrics/racket_target/right_arm_action_rms: 2.7520
Metrics/racket_target/leg_action_rms: 0.4878
Metrics/racket_target/action_abs_max: 5.2404
Metrics/racket_target/applied_action_abs_max: 4.9761
Metrics/racket_target/leg_action_abs_max: 0.9693
Metrics/racket_target/effective_action_abs_max: 4.9761
Metrics/racket_target/action_clamp_fraction: 0.0082
Metrics/racket_target/waist_action_clamp_fraction: 0.0000
Metrics/racket_target/right_arm_action_clamp_fraction: 0.0015
Metrics/racket_target/leg_action_clamp_fraction: 0.0194
Metrics/racket_target/waist_q_tracking_error_rms: 0.3350
Metrics/racket_target/right_arm_q_tracking_error_rms: 0.2225
Metrics/racket_target/leg_q_tracking_error_rms: 0.2210
Metrics/racket_target/waist_torque_clip_fraction: 0.0000
Metrics/racket_target/right_arm_torque_clip_fraction: 0.0039
Metrics/racket_target/leg_torque_clip_fraction: 0.0000
Metrics/racket_target/waist_action_delta_rms: 0.1604
Metrics/racket_target/right_arm_action_delta_rms: 0.9239
Metrics/racket_target/leg_action_delta_rms: 0.2696
Metrics/racket_target/waist_joint_vel_rms: 1.1357
Metrics/racket_target/right_arm_joint_vel_rms: 2.2558
Metrics/racket_target/leg_joint_vel_rms: 0.7846
Metrics/racket_target/recovery_leg_action_abs_max: 0.8630
Metrics/racket_target/recovery_leg_action_delta_rms: 0.2440
Metrics/racket_target/recovery_leg_joint_vel_rms: 0.6930
      Episode_Termination/time_out: 4.2812
  Episode_Termination/base_too_low: 0.0938
   Episode_Termination/base_tilted: 0.2188
   Episode_Termination/table_touch: 0.4375
Episode_Termination/persistent_action_overflow: 0.0000
--------------------------------------------------------------------------------
                   Total timesteps: 327680
                    Iteration time: 2.22s
                      Time elapsed: 00:00:11
                               ETA: 00:00:36

################################################################################
                     [1m Learning iteration 1805/1820 [0m                     

                       Computation: 28414 steps/s (collection: 2.291s, learning 0.015s)
             Mean action noise std: 0.45
          Mean value_function loss: 0.1132
               Mean surrogate loss: -0.0000
                 Mean entropy loss: 2.8121
      Mean critic_only_warmup loss: 1.0000
                       Mean reward: 4.96
               Mean episode length: 175.05
 Episode_Reward/undesired_contacts: 0.0000
  Episode_Reward/feet_contact_slip: -0.0011
     Episode_Reward/table_no_touch: -0.0010
              Episode_Reward/alive: 0.0035
            Episode_Reward/upright: -0.0030
          Episode_Reward/imitation: 0.1375
    Episode_Reward/racket_position: 0.0246
Episode_Reward/backhand_racket_position: 0.0108
    Episode_Reward/racket_velocity: 0.0161
Episode_Reward/planner_racket_task_space_crossfade: 0.0993
Episode_Reward/exact_impact_planner_task_space_alignment: 0.0024
    Episode_Reward/blade_direction: 0.0148
Episode_Reward/health_gated_soft_ball_contact: 0.0159
Episode_Reward/health_gated_backhand_soft_ball_contact: 0.0099
Episode_Reward/health_gated_ball_contact: 0.0028
Episode_Reward/healthy_trunk_support: 0.0272
Episode_Reward/targeted_strike_attempt: 0.0037
  Episode_Reward/strike_inactivity: -0.0000
 Episode_Reward/pre_strike_station: 0.0268
    Episode_Reward/recovery_health: 0.0210
Episode_Reward/no_command_ready_stability: 0.0010
Episode_Reward/post_strike_base_ang_vel: 0.0039
Episode_Reward/phase_action_overflow: -0.0001
     Episode_Reward/strike_balance: 0.0094
Episode_Reward/prestrike_station_progress: 0.0088
 Episode_Reward/lower_body_support: 0.0140
Episode_Reward/termination_penalty: -0.0180
Episode_Reward/phase_action_rate_waist: -0.0001
Episode_Reward/phase_action_rate_upper: -0.0025
Episode_Reward/phase_action_rate_legs: -0.0001
        Episode_Reward/joint_limit: -0.0131
Episode_Reward/prestrike_racket_progress: 0.0783
Episode_Reward/near_impact_planner_velocity_progress: 0.0146
Episode_Reward/operational_joint_margin: -0.0072
  Episode_Reward/joint_target_slew: -0.0124
Episode_Reward/actuator_waist_feasibility: -0.0000
Episode_Reward/actuator_right_arm_feasibility: -0.0000
Episode_Reward/actuator_leg_feasibility: -0.0000
Episode_Reward/terminal_quality_window: 0.0004
Episode_Reward/safe_terminal_quality: 0.0007
Episode_Reward/unsafe_terminal_recovery: -0.0000
Episode_Reward/capability_gated_safe_terminal_outcome: 0.0046
    Metrics/motion/error_joint_pos: 2.0014
    Metrics/motion/error_joint_vel: 5.5586
     Metrics/motion/error_body_pos: 0.1436
     Metrics/motion/error_body_rot: 0.8059
       Metrics/motion/motion_phase: 0.1406
            Metrics/motion/in_hold: 0.3159
Metrics/motion/motion_start_warmup_prob: 0.8000
Metrics/motion/motion_start_lifecycle_progress: 0.0000
Metrics/motion/motion_start_effective_prestrike_fraction: 1.0000
Metrics/motion/motion_start_effective_recovery_fraction: 0.0000
Metrics/motion/motion_start_effective_rsi_fraction: 0.0000
 Metrics/motion/motion_start_reset: 0.0177
Metrics/motion/motion_start_prestrike_reset: 0.0000
Metrics/motion/motion_start_recovery_reset: 0.0000
Metrics/motion/motion_start_rsi_reset: 0.0000
 Metrics/motion/single_cycle_reset: 0.0000
     Metrics/motion/motion_clip_id: 0.5773
Metrics/motion/motion_supplemental_clip: 0.0000
      Metrics/motion/stand_episode: 0.0344
Metrics/motion/default_stand_reset: 0.1295
Metrics/motion/error_body_pos_lower: 0.1781
Metrics/motion/error_body_rot_lower: 1.0365
Metrics/motion/error_body_lin_vel_lower: 0.2238
Metrics/motion/error_body_ang_vel_lower: 0.9337
Metrics/motion/reference_body_lin_speed_lower: 0.0264
Metrics/motion/robot_body_lin_speed_lower: 0.2128
Metrics/motion/error_body_pos_core: 0.0603
Metrics/motion/error_body_rot_core: 0.5556
Metrics/motion/error_body_lin_vel_core: 0.3198
Metrics/motion/error_body_ang_vel_core: 1.1013
Metrics/motion/reference_body_lin_speed_core: 0.0145
Metrics/motion/robot_body_lin_speed_core: 0.3187
Metrics/motion/error_body_pos_upper: 0.1370
Metrics/motion/error_body_rot_upper: 0.6589
Metrics/motion/error_body_lin_vel_upper: 0.7773
Metrics/motion/error_body_ang_vel_upper: 2.4724
Metrics/motion/reference_body_lin_speed_upper: 0.0305
Metrics/motion/robot_body_lin_speed_upper: 0.7790
Metrics/motion/error_joint_pos_waist: 0.7552
Metrics/motion/error_joint_vel_waist: 1.2226
Metrics/motion/reference_joint_speed_waist: 0.0370
Metrics/motion/error_joint_pos_arms: 1.6828
Metrics/motion/error_joint_vel_arms: 4.7087
Metrics/motion/reference_joint_speed_arms: 0.0860
Metrics/motion/error_joint_pos_legs: 0.7289
Metrics/motion/error_joint_vel_legs: 2.3982
Metrics/motion/reference_joint_speed_legs: 0.0072
Metrics/racket_target/racket_pos_error: 0.1063
Metrics/racket_target/racket_vel_error: 1.2303
Metrics/racket_target/time_to_strike: 0.8424
Metrics/racket_target/return_success: 0.0409
Metrics/racket_target/prev_return_success: 0.0253
Metrics/racket_target/prev_net_cross: 0.5674
Metrics/racket_target/current_net_cross: 0.0333
Metrics/racket_target/racket_pos_curriculum_scale: 1.0000
Metrics/racket_target/impact_inverse_command_blend: 0.0000
Metrics/racket_target/steps_since_target_resample: 39.3329
Metrics/racket_target/recovery_height_error: 0.0396
Metrics/racket_target/recovery_upright_error: 0.1613
Metrics/racket_target/recovery_base_lin_vel: 0.2690
Metrics/racket_target/recovery_base_ang_vel: 1.0542
Metrics/racket_target/recovery_station_error: 0.1187
Metrics/racket_target/recovery_feet_contact_frac: 0.9592
Metrics/racket_target/recovery_racket_speed: 1.6426
Metrics/racket_target/recovery_height_score: 0.8478
Metrics/racket_target/recovery_upright_score: 0.7536
Metrics/racket_target/recovery_lin_vel_score: 0.6450
Metrics/racket_target/recovery_ang_vel_score: 0.3273
Metrics/racket_target/recovery_station_score: 0.8125
Metrics/racket_target/recovery_racket_score: 0.0907
Metrics/racket_target/recovery_arm_score: 0.5790
Metrics/racket_target/recovery_ready_score: 0.6657
Metrics/racket_target/recovery_anchor_arm_score: 1.0000
Metrics/racket_target/recovery_core_ready_score: 0.5605
Metrics/racket_target/recovery_functional_ready_score: 0.4789
Metrics/racket_target/waist_action_overflow_rms: 0.0000
Metrics/racket_target/right_arm_action_overflow_rms: 0.0014
Metrics/racket_target/leg_action_overflow_rms: 0.0120
Metrics/racket_target/operational_margin_fraction: 0.0103
Metrics/racket_target/waist_operational_margin_fraction: 0.0084
Metrics/racket_target/right_arm_operational_margin_fraction: 0.0007
Metrics/racket_target/leg_operational_margin_fraction: 0.0240
Metrics/racket_target/waist_operational_excess_rms: 0.0003
Metrics/racket_target/right_arm_operational_excess_rms: 0.0003
Metrics/racket_target/leg_operational_excess_rms: 0.0085
Metrics/racket_target/q_des_velocity_violation_fraction: 0.0734
Metrics/racket_target/waist_q_des_velocity_violation_fraction: 0.0180
Metrics/racket_target/right_arm_q_des_velocity_violation_fraction: 0.0993
Metrics/racket_target/leg_q_des_velocity_violation_fraction: 0.0966
Metrics/racket_target/q_des_acceleration_violation_fraction: 0.7082
Metrics/racket_target/waist_q_des_acceleration_violation_fraction: 0.5733
Metrics/racket_target/right_arm_q_des_acceleration_violation_fraction: 0.8206
Metrics/racket_target/leg_q_des_acceleration_violation_fraction: 0.7651
Metrics/racket_target/waist_q_des_velocity_rms: 3.4768
Metrics/racket_target/right_arm_q_des_velocity_rms: 8.2358
Metrics/racket_target/leg_q_des_velocity_rms: 7.0579
Metrics/racket_target/waist_q_des_acceleration_rms: 279.7320
Metrics/racket_target/right_arm_q_des_acceleration_rms: 711.8683
Metrics/racket_target/leg_q_des_acceleration_rms: 591.6808
Metrics/racket_target/action_operational_feasibility_score: 0.8836
Metrics/racket_target/actuator_overflow_consecutive_steps: 0.0000
Metrics/racket_target/actuator_overflow_severe: 0.0000
Metrics/racket_target/recovery_phase_gate: 0.5167
Metrics/racket_target/recovery_phase_ready_score: 0.3136
Metrics/racket_target/recovery_contact_ready_score: 0.0114
Metrics/racket_target/recovery_net_ready_score: 0.0114
Metrics/racket_target/recovery_return_ready_score: 0.0025
Metrics/racket_target/cycle_success_ready_score: 0.0160
Metrics/racket_target/cycle_success_soft: 0.0160
Metrics/racket_target/cycle_success_binary: 0.0208
Metrics/racket_target/cycle_v2_pending: 0.0000
Metrics/racket_target/cycle_v2_attempt_latch: 0.0000
Metrics/racket_target/cycle_v2_ready_success_latch: 0.0000
Metrics/racket_target/cycle_v2_ready_fail_latch: 0.0000
Metrics/racket_target/cycle_v2_attempt_event: 0.0000
Metrics/racket_target/cycle_v2_ready_success_event: 0.0000
Metrics/racket_target/cycle_v2_ready_fail_event: 0.0000
Metrics/racket_target/cycle_v2_unresolved_resample_fail_event: 0.0000
Metrics/racket_target/cycle_v2_resolved_event: 0.0000
Metrics/racket_target/cycle_v2_command_visible_steps: 0.0000
Metrics/racket_target/cycle_v2_elapsed_steps: 0.0000
Metrics/racket_target/cycle_v2_ready_score: 0.0000
Metrics/racket_target/cycle_v2_ready_ok: 0.0000
Metrics/racket_target/cycle_v2_visible: 0.0000
Metrics/racket_target/cycle_v2_ready_score_ok: 0.0000
Metrics/racket_target/cycle_v2_height_ok: 0.0000
Metrics/racket_target/cycle_v2_upright_ok: 0.0000
Metrics/racket_target/cycle_v2_base_lin_vel_ok: 0.0000
Metrics/racket_target/cycle_v2_base_ang_vel_ok: 0.0000
Metrics/racket_target/cycle_v2_feet_ok: 0.0000
Metrics/racket_target/cycle_v2_core_ready_ok: 0.0000
Metrics/racket_target/cycle_v2_ready_consecutive_steps: 0.0000
Metrics/racket_target/single_cycle_bootstrap: 0.0000
Metrics/racket_target/single_cycle_swing_completed: 0.0000
Metrics/racket_target/single_cycle_recovery_active: 0.0000
Metrics/racket_target/single_cycle_recovery_elapsed_steps: 0.0000
Metrics/racket_target/single_cycle_ready_consecutive_steps: 0.0000
Metrics/racket_target/single_cycle_safe_timeout_event: 0.0000
Metrics/racket_target/single_cycle_deadline_timeout_event: 0.0000
Metrics/racket_target/single_cycle_timeout_latch: 0.0000
Metrics/racket_target/single_cycle_hard_failure_event: 0.0000
Metrics/racket_target/single_cycle_probability: 0.0000
Metrics/racket_target/single_cycle_curriculum_level: 0.0000
Metrics/racket_target/single_cycle_effective_deadline_steps: 100.0000
Metrics/racket_target/single_cycle_selected_events: 0.0000
Metrics/racket_target/single_cycle_completed_events: 0.0000
Metrics/racket_target/single_cycle_safe_timeout_events: 0.0000
Metrics/racket_target/single_cycle_deadline_timeout_events: 0.0000
Metrics/racket_target/single_cycle_hard_failure_events: 0.0000
Metrics/racket_target/active_ready_consecutive_steps: 0.0774
Metrics/racket_target/active_ready_success_event: 0.0000
Metrics/racket_target/active_ready_success_latch: 0.0000
Metrics/racket_target/active_ready_survival_steps: 0.0000
Metrics/racket_target/active_ready_survival_next_milestone: 0.0000
Metrics/racket_target/active_ready_survival_milestone_event: 0.0000
Metrics/racket_target/no_command_ready_active: 0.0826
Metrics/racket_target/no_command_from_stand_episode: 0.0344
Metrics/racket_target/no_command_from_default_stand_reset: 0.0344
Metrics/racket_target/no_command_ready_upright_ok: 0.0649
Metrics/racket_target/no_command_ready_motion_ok: 0.0586
Metrics/racket_target/no_command_ready_score: 0.0487
Metrics/racket_target/no_command_ready_progress: 0.0222
Metrics/racket_target/no_command_ready_station_error: 0.0161
Metrics/racket_target/no_command_ready_fixed_station_error: 0.0161
Metrics/racket_target/healthy_training_stage: 3.0000
Metrics/racket_target/healthy_stage_planted_rehearsal: 0.0000
Metrics/racket_target/healthy_stage_station_hold_seen: 0.0000
Metrics/racket_target/healthy_stage_station_arrived: 0.0000
Metrics/racket_target/healthy_stage_station_settled: 0.0000
Metrics/racket_target/healthy_stage_station_settle_steps: 0.0000
Metrics/racket_target/station_relocation_active: 0.0000
Metrics/racket_target/station_relocation_target_offset_y: 0.0000
Metrics/racket_target/station_relocation_error: 0.0000
Metrics/racket_target/station_relocation_arrival_event: 0.0000
Metrics/racket_target/station_relocation_settle_event: 0.0000
Metrics/racket_target/station_relocation_release_event: 0.0000
Metrics/racket_target/station_relocation_timeout_event: 0.0000
Metrics/racket_target/station_relocation_elapsed_steps: 0.0000
Metrics/racket_target/station_relocation_hold_deadline_steps: 0.0000
Metrics/racket_target/lifecycle_recovery_hold_active: 0.0000
Metrics/racket_target/lifecycle_recovery_release_success_event: 0.0000
Metrics/racket_target/lifecycle_recovery_release_fail_event: 0.0000
Metrics/racket_target/station_relocation_level: 0.0000
Metrics/racket_target/station_relocation_arrival_ema: 0.0000
Metrics/racket_target/station_relocation_settle_ema: 0.0000
Metrics/racket_target/station_relocation_contact_ema: 0.0000
Metrics/racket_target/station_relocation_safety_ema: 0.0000
Metrics/racket_target/station_relocation_resolved_events: 0.0000
Metrics/racket_target/station_relocation_terminal_reset_events: 0.0000
Metrics/racket_target/station_relocation_advance_streak: 0.0000
Metrics/racket_target/station_relocation_regress_streak: 0.0000
Metrics/racket_target/station_relocation_effective_max_lin_vel: 0.0000
Metrics/racket_target/station_relocation_effective_max_ang_vel: 0.0000
Metrics/racket_target/station_relocation_effective_min_settle_steps: 0.0000
Metrics/racket_target/ability_curriculum_level: 0.0000
Metrics/racket_target/ability_curriculum_scale: 1.0000
Metrics/racket_target/ability_curriculum_resolved_events: 1380.3750
Metrics/racket_target/ability_curriculum_total_resolved_events: 1380.3750
Metrics/racket_target/ability_curriculum_advance_streak: 0.0000
Metrics/racket_target/ability_curriculum_regress_streak: 0.0000
Metrics/racket_target/ability_contact_ema: 0.6913
Metrics/racket_target/ability_net_ema: 0.6822
Metrics/racket_target/ability_success_ema: 0.0104
Metrics/racket_target/ability_recovery_ema: 0.8017
Metrics/racket_target/ability_cycle_ema: 0.0104
Metrics/racket_target/ability_cycle_attempt_ema: 0.0104
Metrics/racket_target/ability_cycle_resolved_ema: 0.0064
Metrics/racket_target/ability_forehand_contact_ema: 0.7549
Metrics/racket_target/ability_forehand_net_ema: 0.7445
Metrics/racket_target/ability_forehand_success_ema: 0.0305
Metrics/racket_target/ability_backhand_contact_ema: 0.6959
Metrics/racket_target/ability_backhand_net_ema: 0.6895
Metrics/racket_target/ability_backhand_success_ema: 0.0055
Metrics/racket_target/ability_attempt_ema: 1.0000
Metrics/racket_target/ability_targeted_attempt_ema: 0.9975
Metrics/racket_target/impact_health_floor_progress: 0.0000
Metrics/racket_target/ability_safety_ema: 0.9383
Metrics/racket_target/ability_station_saturation_ema: 0.0000
Metrics/racket_target/ability_healthy_normal_ema: 0.9998
Metrics/racket_target/ability_station_arrival_ema: 0.0000
Metrics/racket_target/ability_station_settle_ema: 0.0000
Metrics/racket_target/safe_outcome_capability_gate: 0.4240
Metrics/racket_target/planner_hit_plane_blend: 1.0000
Metrics/racket_target/planner_hit_plane_x_delta: 0.0361
Metrics/racket_target/true_strike_table_x: 0.2000
Metrics/racket_target/planner_target_table_x: 0.2000
Metrics/racket_target/workspace_level: 0.0000
Metrics/racket_target/workspace_fringe_sample: 0.0000
Metrics/racket_target/workspace_target_lateral_norm: 0.3402
Metrics/racket_target/workspace_target_table_y: -0.2458
Metrics/racket_target/workspace_playable_y_min: -0.7225
Metrics/racket_target/workspace_playable_y_max: 0.7225
Metrics/racket_target/workspace_active_y_lo: -0.3061
Metrics/racket_target/workspace_active_y_hi: -0.1725
Metrics/racket_target/workspace_motion_seed_blend: 0.0000
Metrics/racket_target/planner_perturb_curriculum_scale: 1.0000
Metrics/racket_target/incoming_ball_horizontal_speed: 2.2766
Metrics/racket_target/incoming_ball_speed: 4.6689
Metrics/racket_target/incoming_ball_speed_curriculum_level: 0.0000
Metrics/racket_target/incoming_ball_speed_sample_low: 0.0000
Metrics/racket_target/incoming_ball_speed_sample_high: 0.0000
Metrics/racket_target/station_saturated: 0.0000
Metrics/racket_target/station_raw_clip_excess: 0.0000
Metrics/racket_target/station_saturated_x: 0.0000
Metrics/racket_target/station_saturated_y: 0.0000
Metrics/racket_target/station_raw_clip_excess_x: 0.0000
Metrics/racket_target/station_raw_clip_excess_y: 0.0000
Metrics/racket_target/current_swing_opportunity: 0.1076
Metrics/racket_target/current_swing_attempt: 0.1076
Metrics/racket_target/current_swing_targeted_attempt: 0.0969
Metrics/racket_target/prev_swing_targeted_attempt: 0.8528
Metrics/racket_target/current_swing_unsafe: 0.0735
Metrics/racket_target/current_swing_station_saturated: 0.0000
Metrics/racket_target/impact_health_score: 0.8349
Metrics/racket_target/impact_health_ok: 0.8428
Metrics/racket_target/impact_health_backlean_violation: 0.0062
Metrics/racket_target/impact_health_waist_backfold: 0.0010
Metrics/racket_target/impact_health_base_retreat: 0.0266
Metrics/racket_target/impact_health_torso_gravity_x: 0.3697
Metrics/racket_target/impact_health_torso_ang_vel: 0.5705
Metrics/racket_target/impact_health_com_x: 0.0757
Metrics/racket_target/impact_health_com_y: 0.0363
Metrics/racket_target/post_contact_ready_pending: 0.0000
Metrics/racket_target/post_contact_ready_elapsed_steps: 0.1344
Metrics/racket_target/post_contact_ready_consecutive_steps: 0.0000
Metrics/racket_target/post_contact_ready_diagnostic_pending: 0.0000
Metrics/racket_target/post_contact_ready_diagnostic_elapsed_steps: 1.2667
Metrics/racket_target/post_contact_ready_durable_pending: 0.0000
Metrics/racket_target/post_contact_ready_durable_consecutive_steps: 0.0000
Metrics/racket_target/post_contact_ready_durable_ready_now: 0.0000
Metrics/racket_target/post_contact_ready_durable_success_event: 0.0000
Metrics/racket_target/post_contact_ready_durable_fail_event: 0.0000
Metrics/racket_target/post_contact_ready_durable_resolution_success_rate: 0.1722
Metrics/racket_target/post_contact_ready_durable_resolution_fail_rate: 0.7611
Metrics/racket_target/post_contact_ready_durable_resolution_success_latency_steps: 35.0000
Metrics/racket_target/post_contact_ready_durable_resolution_fail_latency_steps: 33.5474
Metrics/racket_target/post_contact_ready_durable_fail_backlean_rate: 0.0482
Metrics/racket_target/post_contact_ready_durable_fail_forward_lean_rate: 0.9099
Metrics/racket_target/post_contact_ready_durable_fail_torso_ang_vel_rate: 0.0482
Metrics/racket_target/post_contact_ready_durable_fail_base_lin_vel_rate: 0.0491
Metrics/racket_target/post_contact_ready_durable_fail_base_ang_vel_rate: 0.3572
Metrics/racket_target/post_contact_ready_durable_fail_racket_speed_rate: 0.0482
Metrics/racket_target/post_contact_ready_durable_fail_height_rate: 0.0482
Metrics/racket_target/post_contact_ready_durable_fail_com_x_rate: 0.0508
Metrics/racket_target/post_contact_ready_durable_fail_com_y_rate: 0.0482
Metrics/racket_target/post_contact_ready_durable_fail_feet_rate: 0.0482
Metrics/racket_target/post_contact_ready_durable_fail_station_rate: 0.0482
Metrics/racket_target/post_contact_ready_durable_fail_arm_rate: 0.0482
Metrics/racket_target/post_contact_ready_terminal_window_active: 0.0000
Metrics/racket_target/post_contact_ready_terminal_quality: 0.0204
Metrics/racket_target/post_contact_ready_terminal_settlement_event: 0.0000
Metrics/racket_target/post_contact_ready_operational_ready_now: 0.0000
Metrics/racket_target/post_contact_ready_operational_consecutive_steps: 0.0000
Metrics/racket_target/post_contact_ready_safe_settlement_event: 0.0000
Metrics/racket_target/post_contact_ready_unsafe_settlement_event: 0.0000
Metrics/racket_target/post_contact_ready_incomplete_settlement_event: 0.0000
Metrics/racket_target/post_contact_ready_safe_net_cycle_event: 0.0000
Metrics/racket_target/post_contact_ready_terminal_quality_mean: 0.9182
Metrics/racket_target/post_contact_ready_safe_terminal_quality_mean: 0.9251
Metrics/racket_target/post_contact_ready_terminal_safe_rate: 0.7093
Metrics/racket_target/post_contact_ready_terminal_unsafe_rate: 0.0341
Metrics/racket_target/post_contact_ready_terminal_incomplete_rate: 0.2567
Metrics/racket_target/post_contact_ready_safe_net_cycle_rate: 0.6992
Metrics/racket_target/post_contact_ready_score: 0.7227
Metrics/racket_target/post_contact_ready_now: 0.0000
Metrics/racket_target/post_contact_ready_success_event: 0.0000
Metrics/racket_target/post_contact_ready_fail_event: 0.0000
Metrics/racket_target/post_contact_ready_outcome_tier: -0.9177
Metrics/racket_target/post_contact_ready_face_quality: 0.0095
Metrics/racket_target/post_contact_ready_safe_face_net_cycle_value: 0.0000
Metrics/racket_target/post_contact_ready_planner_speed_ratio: 0.0266
Metrics/racket_target/post_contact_ready_planner_direction_error_rad: 0.0141
Metrics/racket_target/post_contact_ready_planner_position_error: 0.0028
Metrics/racket_target/post_contact_ready_impact_health_score: 0.0312
Metrics/racket_target/post_contact_ready_peak_base_ang_vel: 0.0446
Metrics/racket_target/post_contact_ready_peak_ang_vel_excess_increment: 0.0000
Metrics/racket_target/post_contact_ready_envelope_violation_latch: 0.0000
Metrics/racket_target/post_contact_ready_envelope_violation_event: 0.0000
Metrics/racket_target/post_contact_ready_envelope_first_violation_step: -1.0000
Metrics/racket_target/post_contact_ready_envelope_attempts: 1499.2500
Metrics/racket_target/post_contact_ready_envelope_violation_rate: 0.0342
Metrics/racket_target/post_contact_ready_envelope_tilt_violation_rate: 0.0000
Metrics/racket_target/post_contact_ready_envelope_pitch_violation_rate: 0.0000
Metrics/racket_target/post_contact_ready_envelope_com_violation_rate: 0.0007
Metrics/racket_target/post_contact_ready_envelope_waist_violation_rate: 0.0000
Metrics/racket_target/post_contact_ready_envelope_leg_violation_rate: 0.0000
Metrics/racket_target/post_contact_ready_envelope_base_ang_vel_violation_rate: 0.0336
Metrics/racket_target/post_contact_ready_resolution_success_rate: 0.9808
Metrics/racket_target/post_contact_ready_resolution_fail_rate: 0.0100
Metrics/racket_target/post_contact_ready_resolution_success_latency_steps: 4.8726
Metrics/racket_target/post_contact_ready_resolution_fail_latency_steps: 10.8667
Metrics/racket_target/post_contact_ready_max_tilt: 0.0062
Metrics/racket_target/post_contact_ready_max_abs_pitch: 0.0061
Metrics/racket_target/post_contact_ready_max_com_x: 0.0036
Metrics/racket_target/post_contact_ready_max_com_y: 0.0013
Metrics/racket_target/post_contact_ready_max_waist_overflow: 0.0000
Metrics/racket_target/post_contact_ready_max_leg_overflow: 0.0043
Metrics/racket_target/post_contact_ready_settlement_velocity_score_ema: 0.6567
Metrics/racket_target/post_contact_ready_settlement_position_gate_ema: 0.7866
Metrics/racket_target/post_contact_ready_settlement_health_gate_ema: 0.9752
Metrics/racket_target/post_contact_ready_settlement_recovery_gate_ema: 0.4553
Metrics/racket_target/post_contact_ready_settlement_total_score_ema: 0.2325
Metrics/racket_target/post_contact_recovery_backlean_error: 0.0768
Metrics/racket_target/post_contact_recovery_directional_progress: 0.0000
Metrics/racket_target/post_contact_ready_torso_ok: 0.2231
Metrics/racket_target/post_contact_ready_motion_ok: 0.7161
Metrics/racket_target/post_contact_ready_support_ok: 0.8464
Metrics/racket_target/post_contact_ready_arm_ok: 1.0000
Metrics/racket_target/post_contact_ready_base_lin_vel_ok: 0.8542
Metrics/racket_target/post_contact_ready_base_ang_vel_ok: 0.7792
Metrics/racket_target/post_contact_ready_racket_speed_ok: 0.9320
Metrics/racket_target/post_contact_ready_height_ok: 0.9432
Metrics/racket_target/post_contact_ready_com_x_ok: 0.8509
Metrics/racket_target/post_contact_ready_com_y_ok: 0.9588
Metrics/racket_target/post_contact_ready_feet_ok: 0.9948
Metrics/racket_target/post_contact_ready_station_ok: 0.8542
Metrics/racket_target/post_contact_ready_fail_torso: 0.0000
Metrics/racket_target/post_contact_ready_fail_base_lin_vel: 0.0000
Metrics/racket_target/post_contact_ready_fail_base_ang_vel: 0.0000
Metrics/racket_target/post_contact_ready_fail_racket_speed: 0.0000
Metrics/racket_target/post_contact_ready_fail_support: 0.0000
Metrics/racket_target/post_contact_ready_fail_arm: 0.0000
Metrics/racket_target/post_contact_ready_shadow_now: 0.0000
Metrics/racket_target/post_contact_ready_shadow_consecutive_steps: 0.0000
Metrics/racket_target/post_contact_ready_shadow_success_latch: 0.0000
Metrics/racket_target/post_contact_ready_curriculum_level: 0.0000
Metrics/racket_target/post_contact_ready_curriculum_fraction: 1.0000
Metrics/racket_target/post_contact_ready_curriculum_success_ema: 0.0000
Metrics/racket_target/post_contact_ready_curriculum_shadow_success_ema: 0.0000
Metrics/racket_target/post_contact_ready_curriculum_resolved_events: 0.0000
Metrics/racket_target/post_contact_ready_curriculum_successful_events: 0.0000
Metrics/racket_target/post_contact_ready_curriculum_targeted_attempt_ema: 0.0000
Metrics/racket_target/post_contact_ready_curriculum_return_success_ema: 0.0000
Metrics/racket_target/post_contact_ready_curriculum_completed_swings: 0.0000
Metrics/racket_target/post_contact_ready_curriculum_advance_streak: 0.0000
Metrics/racket_target/post_contact_ready_curriculum_advance_guard_ok: 0.0000
Metrics/racket_target/post_contact_ready_effective_max_torso_ang_vel: 1.5000
Metrics/racket_target/post_contact_ready_effective_torso_x_min: -0.1200
Metrics/racket_target/post_contact_ready_effective_torso_x_max: 0.3200
Metrics/racket_target/post_contact_ready_effective_max_base_lin_vel: 0.4500
Metrics/racket_target/post_contact_ready_effective_max_base_ang_vel: 1.3000
Metrics/racket_target/post_contact_ready_effective_max_racket_speed: 3.0000
Metrics/racket_target/post_contact_ready_effective_min_feet_contact: 0.5000
Metrics/racket_target/post_contact_ready_effective_required_consecutive_steps: 3.0000
Metrics/racket_target/post_contact_ready_effective_deadline_steps: 40.0000
Metrics/racket_target/post_contact_ready_curriculum_advance_threshold: 1.0000
Metrics/racket_target/post_contact_ready_curriculum_advance_min_events: 0.0000
Metrics/racket_target/post_contact_ready_curriculum_shadow_threshold: 1.0000
Metrics/racket_target/post_contact_ready_curriculum_min_targeted_attempt_ema: 0.0000
Metrics/racket_target/post_contact_ready_curriculum_min_return_success_ema: 0.0000
Metrics/racket_target/post_contact_ready_curriculum_min_completed_swings: 1.0000
Metrics/racket_target/post_contact_ready_curriculum_required_advance_checks: 1.0000
Metrics/racket_target/racket_normal_error_deg: 61.9121
Metrics/racket_target/impact_normal_error_deg: 1.0856
Metrics/racket_target/impact_racket_vel_error_mps: 0.5456
Metrics/racket_target/impact_racket_speed_ratio: 0.8957
Metrics/racket_target/impact_racket_vel_angle_deg: 13.4045
Metrics/racket_target/impact_racket_actual_vel_x: 0.9573
Metrics/racket_target/impact_racket_actual_vel_y: 0.0915
Metrics/racket_target/impact_racket_actual_vel_z: 1.2770
Metrics/racket_target/impact_racket_target_vel_x: 1.1793
Metrics/racket_target/impact_racket_target_vel_y: -0.0311
Metrics/racket_target/impact_racket_target_vel_z: 1.3268
Metrics/racket_target/impact_ball_out_error_mps: 4.3805
Metrics/racket_target/impact_face_radial_error_m: 0.0543
Metrics/racket_target/impact_face_normal_gap_m: 0.0550
Metrics/racket_target/impact_face_quality: 0.6707
Metrics/racket_target/impact_center_contact: 0.0000
Metrics/racket_target/impact_center_net_cross: 0.0000
Metrics/racket_target/impact_center_on_opponent: 0.0000
Metrics/racket_target/impact_rim_contact: 0.0000
Metrics/racket_target/impact_rim_net_cross: 0.0000
Metrics/racket_target/impact_rim_on_opponent: 0.0000
Metrics/racket_target/impact_analytic_outer_contact: 0.0000
Metrics/racket_target/impact_analytic_outer_net_cross: 0.0000
Metrics/racket_target/impact_analytic_outer_on_opponent: 0.0000
Metrics/racket_target/impact_planner_pos_error_m: 0.0841
Metrics/racket_target/impact_planner_vel_error_mps: 0.5456
Metrics/racket_target/impact_planner_speed_ratio: 0.8957
Metrics/racket_target/impact_planner_vel_angle_deg: 13.4045
Metrics/racket_target/impact_healthy_normal_ok: 0.0000
Metrics/racket_target/impact_healthy_contact: 0.0000
Metrics/racket_target/impact_healthy_net_cross: 0.0000
Metrics/racket_target/impact_healthy_on_opponent: 0.0000
Metrics/racket_target/current_swing_impact_health_score: 0.0312
Metrics/racket_target/current_swing_healthy_contact: 0.0333
Metrics/racket_target/current_swing_healthy_net_cross: 0.0333
Metrics/racket_target/current_swing_healthy_on_opponent: 0.0156
Metrics/racket_target/current_swing_healthy_normal_ok: 0.1031
Metrics/racket_target/current_swing_contact: 0.0333
Metrics/racket_target/current_swing_net_cross: 0.0333
Metrics/racket_target/current_swing_on_opponent: 0.0156
Metrics/racket_target/current_swing_center_contact: 0.0000
Metrics/racket_target/current_swing_center_net_cross: 0.0000
Metrics/racket_target/current_swing_center_on_opponent: 0.0000
Metrics/racket_target/current_swing_rim_contact: 0.0115
Metrics/racket_target/current_swing_rim_net_cross: 0.0115
Metrics/racket_target/current_swing_rim_on_opponent: 0.0000
Metrics/racket_target/current_swing_analytic_outer_contact: 0.0219
Metrics/racket_target/current_swing_analytic_outer_net_cross: 0.0219
Metrics/racket_target/current_swing_analytic_outer_on_opponent: 0.0156
Metrics/racket_target/cycle_v2_outcome_tier: -1.0000
Metrics/racket_target/cycle_v2_streak: 0.0000
Metrics/racket_target/closed_loop_recovery_trigger_event: 0.0000
Metrics/racket_target/closed_loop_cycle_success_event: 0.0000
Metrics/racket_target/closed_loop_durable_cycle_success_event: 0.0000
Metrics/racket_target/closed_loop_phase_id: 1.0027
Metrics/racket_target/closed_loop_phase_ready_no_command: 0.0826
Metrics/racket_target/closed_loop_phase_command_acquire: 0.8411
Metrics/racket_target/closed_loop_phase_pre_strike: 0.0719
Metrics/racket_target/closed_loop_phase_strike: 0.0000
Metrics/racket_target/closed_loop_phase_follow_through: 0.0045
Metrics/racket_target/closed_loop_phase_recovery: 0.0000
Metrics/racket_target/closed_loop_phase_next_ready: 0.0000
Metrics/racket_target/post_contact_phase_impact_0_100ms_attempts: 1499.2500
Metrics/racket_target/post_contact_phase_impact_0_100ms_tilt_gt_0p1_rate: 1.0000
Metrics/racket_target/post_contact_phase_impact_0_100ms_pitch_gt_0p1_rate: 1.0000
Metrics/racket_target/post_contact_phase_impact_0_100ms_waist_overflow_gt_1p0_rate: 0.0000
Metrics/racket_target/post_contact_phase_impact_0_100ms_base_ang_vel_gt_0p8_rate: 0.9888
Metrics/racket_target/post_contact_phase_brake_100_300ms_attempts: 1469.4375
Metrics/racket_target/post_contact_phase_brake_100_300ms_tilt_gt_0p1_rate: 0.9986
Metrics/racket_target/post_contact_phase_brake_100_300ms_pitch_gt_0p1_rate: 0.9986
Metrics/racket_target/post_contact_phase_brake_100_300ms_waist_overflow_gt_1p0_rate: 0.0000
Metrics/racket_target/post_contact_phase_brake_100_300ms_base_ang_vel_gt_0p8_rate: 0.9964
Metrics/racket_target/post_contact_phase_settle_300_600ms_attempts: 1414.2812
Metrics/racket_target/post_contact_phase_settle_300_600ms_tilt_gt_0p1_rate: 0.7581
Metrics/racket_target/post_contact_phase_settle_300_600ms_pitch_gt_0p1_rate: 0.6940
Metrics/racket_target/post_contact_phase_settle_300_600ms_waist_overflow_gt_1p0_rate: 0.0000
Metrics/racket_target/post_contact_phase_settle_300_600ms_base_ang_vel_gt_0p8_rate: 0.9919
Metrics/racket_target/post_contact_phase_ready_after_600ms_attempts: 1333.5312
Metrics/racket_target/post_contact_phase_ready_after_600ms_tilt_gt_0p1_rate: 0.4547
Metrics/racket_target/post_contact_phase_ready_after_600ms_pitch_gt_0p1_rate: 0.3725
Metrics/racket_target/post_contact_phase_ready_after_600ms_waist_overflow_gt_1p0_rate: 0.0000
Metrics/racket_target/post_contact_phase_ready_after_600ms_base_ang_vel_gt_0p8_rate: 0.9456
Metrics/racket_target/base_pitch_like_signed: 0.0204
Metrics/racket_target/base_backward_velocity: 0.0485
Metrics/racket_target/waist_action_rms: 0.6208
Metrics/racket_target/right_arm_action_rms: 3.8921
Metrics/racket_target/leg_action_rms: 0.5416
Metrics/racket_target/action_abs_max: 7.5920
Metrics/racket_target/applied_action_abs_max: 7.4988
Metrics/racket_target/leg_action_abs_max: 1.0761
Metrics/racket_target/effective_action_abs_max: 7.4988
Metrics/racket_target/action_clamp_fraction: 0.0067
Metrics/racket_target/waist_action_clamp_fraction: 0.0000
Metrics/racket_target/right_arm_action_clamp_fraction: 0.0007
Metrics/racket_target/leg_action_clamp_fraction: 0.0170
Metrics/racket_target/waist_q_tracking_error_rms: 0.3526
Metrics/racket_target/right_arm_q_tracking_error_rms: 0.1764
Metrics/racket_target/leg_q_tracking_error_rms: 0.1929
Metrics/racket_target/waist_torque_clip_fraction: 0.0000
Metrics/racket_target/right_arm_torque_clip_fraction: 0.0009
Metrics/racket_target/leg_torque_clip_fraction: 0.0000
Metrics/racket_target/waist_action_delta_rms: 0.1548
Metrics/racket_target/right_arm_action_delta_rms: 0.9073
Metrics/racket_target/leg_action_delta_rms: 0.2664
Metrics/racket_target/waist_joint_vel_rms: 0.7010
Metrics/racket_target/right_arm_joint_vel_rms: 1.4843
Metrics/racket_target/leg_joint_vel_rms: 0.6919
Metrics/racket_target/recovery_leg_action_abs_max: 0.5670
Metrics/racket_target/recovery_leg_action_delta_rms: 0.1430
Metrics/racket_target/recovery_leg_joint_vel_rms: 0.3783
      Episode_Termination/time_out: 3.7500
  Episode_Termination/base_too_low: 0.0000
   Episode_Termination/base_tilted: 0.2500
   Episode_Termination/table_touch: 0.4062
Episode_Termination/persistent_action_overflow: 0.0000
--------------------------------------------------------------------------------
                   Total timesteps: 393216
                    Iteration time: 2.31s
                      Time elapsed: 00:00:13
                               ETA: 00:00:33

################################################################################
                     [1m Learning iteration 1806/1820 [0m                     

                       Computation: 28298 steps/s (collection: 2.301s, learning 0.015s)
             Mean action noise std: 0.45
          Mean value_function loss: 0.0660
               Mean surrogate loss: -0.0000
                 Mean entropy loss: 2.8121
      Mean critic_only_warmup loss: 1.0000
                       Mean reward: 6.05
               Mean episode length: 209.71
 Episode_Reward/undesired_contacts: 0.0000
  Episode_Reward/feet_contact_slip: -0.0013
     Episode_Reward/table_no_touch: -0.0010
              Episode_Reward/alive: 0.0041
            Episode_Reward/upright: -0.0033
          Episode_Reward/imitation: 0.1672
    Episode_Reward/racket_position: 0.0255
Episode_Reward/backhand_racket_position: 0.0108
    Episode_Reward/racket_velocity: 0.0165
Episode_Reward/planner_racket_task_space_crossfade: 0.1082
Episode_Reward/exact_impact_planner_task_space_alignment: 0.0027
    Episode_Reward/blade_direction: 0.0154
Episode_Reward/health_gated_soft_ball_contact: 0.0164
Episode_Reward/health_gated_backhand_soft_ball_contact: 0.0099
Episode_Reward/health_gated_ball_contact: 0.0028
Episode_Reward/healthy_trunk_support: 0.0310
Episode_Reward/targeted_strike_attempt: 0.0038
  Episode_Reward/strike_inactivity: 0.0000
 Episode_Reward/pre_strike_station: 0.0374
    Episode_Reward/recovery_health: 0.0221
Episode_Reward/no_command_ready_stability: 0.0012
Episode_Reward/post_strike_base_ang_vel: 0.0040
Episode_Reward/phase_action_overflow: -0.0001
     Episode_Reward/strike_balance: 0.0105
Episode_Reward/prestrike_station_progress: 0.0098
 Episode_Reward/lower_body_support: 0.0156
Episode_Reward/termination_penalty: -0.0131
Episode_Reward/phase_action_rate_waist: -0.0001
Episode_Reward/phase_action_rate_upper: -0.0027
Episode_Reward/phase_action_rate_legs: -0.0001
        Episode_Reward/joint_limit: -0.0159
Episode_Reward/prestrike_racket_progress: 0.1099
Episode_Reward/near_impact_planner_velocity_progress: 0.0152
Episode_Reward/operational_joint_margin: -0.0060
  Episode_Reward/joint_target_slew: -0.0141
Episode_Reward/actuator_waist_feasibility: -0.0000
Episode_Reward/actuator_right_arm_feasibility: -0.0000
Episode_Reward/actuator_leg_feasibility: -0.0000
Episode_Reward/terminal_quality_window: 0.0004
Episode_Reward/safe_terminal_quality: 0.0007
Episode_Reward/unsafe_terminal_recovery: -0.0000
Episode_Reward/capability_gated_safe_terminal_outcome: 0.0045
    Metrics/motion/error_joint_pos: 1.4068
    Metrics/motion/error_joint_vel: 5.3545
     Metrics/motion/error_body_pos: 0.1203
     Metrics/motion/error_body_rot: 0.6072
       Metrics/motion/motion_phase: 0.2483
            Metrics/motion/in_hold: 0.0315
Metrics/motion/motion_start_warmup_prob: 0.8000
Metrics/motion/motion_start_lifecycle_progress: 0.0000
Metrics/motion/motion_start_effective_prestrike_fraction: 1.0000
Metrics/motion/motion_start_effective_recovery_fraction: 0.0000
Metrics/motion/motion_start_effective_rsi_fraction: 0.0000
 Metrics/motion/motion_start_reset: 0.0097
Metrics/motion/motion_start_prestrike_reset: 0.0000
Metrics/motion/motion_start_recovery_reset: 0.0000
Metrics/motion/motion_start_rsi_reset: 0.0000
 Metrics/motion/single_cycle_reset: 0.0000
     Metrics/motion/motion_clip_id: 0.6674
Metrics/motion/motion_supplemental_clip: 0.0000
      Metrics/motion/stand_episode: 0.0315
Metrics/motion/default_stand_reset: 0.0552
Metrics/motion/error_body_pos_lower: 0.1420
Metrics/motion/error_body_rot_lower: 0.7355
Metrics/motion/error_body_lin_vel_lower: 0.1447
Metrics/motion/error_body_ang_vel_lower: 0.7222
Metrics/motion/reference_body_lin_speed_lower: 0.0199
Metrics/motion/robot_body_lin_speed_lower: 0.1401
Metrics/motion/error_body_pos_core: 0.0597
Metrics/motion/error_body_rot_core: 0.3535
Metrics/motion/error_body_lin_vel_core: 0.2338
Metrics/motion/error_body_ang_vel_core: 1.1630
Metrics/motion/reference_body_lin_speed_core: 0.0209
Metrics/motion/robot_body_lin_speed_core: 0.2317
Metrics/motion/error_body_pos_upper: 0.1188
Metrics/motion/error_body_rot_upper: 0.5634
Metrics/motion/error_body_lin_vel_upper: 0.7537
Metrics/motion/error_body_ang_vel_upper: 2.2837
Metrics/motion/reference_body_lin_speed_upper: 0.0685
Metrics/motion/robot_body_lin_speed_upper: 0.7790
Metrics/motion/error_joint_pos_waist: 0.4716
Metrics/motion/error_joint_vel_waist: 1.3578
Metrics/motion/reference_joint_speed_waist: 0.0254
Metrics/motion/error_joint_pos_arms: 1.1252
Metrics/motion/error_joint_vel_arms: 4.4467
Metrics/motion/reference_joint_speed_arms: 0.1698
Metrics/motion/error_joint_pos_legs: 0.6591
Metrics/motion/error_joint_vel_legs: 2.3589
Metrics/motion/reference_joint_speed_legs: 0.0071
Metrics/racket_target/racket_pos_error: 0.1110
Metrics/racket_target/racket_vel_error: 1.1565
Metrics/racket_target/time_to_strike: 0.4293
Metrics/racket_target/return_success: 0.0130
Metrics/racket_target/prev_return_success: 0.0130
Metrics/racket_target/prev_net_cross: 0.5783
Metrics/racket_target/current_net_cross: 0.0253
Metrics/racket_target/racket_pos_curriculum_scale: 1.0000
Metrics/racket_target/impact_inverse_command_blend: 0.0000
Metrics/racket_target/steps_since_target_resample: 58.7052
Metrics/racket_target/recovery_height_error: 0.0258
Metrics/racket_target/recovery_upright_error: 0.2189
Metrics/racket_target/recovery_base_lin_vel: 0.1955
Metrics/racket_target/recovery_base_ang_vel: 0.9728
Metrics/racket_target/recovery_station_error: 0.0917
Metrics/racket_target/recovery_feet_contact_frac: 0.9773
Metrics/racket_target/recovery_racket_speed: 1.3638
Metrics/racket_target/recovery_height_score: 0.9146
Metrics/racket_target/recovery_upright_score: 0.5434
Metrics/racket_target/recovery_lin_vel_score: 0.7194
Metrics/racket_target/recovery_ang_vel_score: 0.3097
Metrics/racket_target/recovery_station_score: 0.8404
Metrics/racket_target/recovery_racket_score: 0.1021
Metrics/racket_target/recovery_arm_score: 0.6037
Metrics/racket_target/recovery_ready_score: 0.6555
Metrics/racket_target/recovery_anchor_arm_score: 1.0000
Metrics/racket_target/recovery_core_ready_score: 0.5188
Metrics/racket_target/recovery_functional_ready_score: 0.4432
Metrics/racket_target/waist_action_overflow_rms: 0.0004
Metrics/racket_target/right_arm_action_overflow_rms: 0.0017
Metrics/racket_target/leg_action_overflow_rms: 0.0130
Metrics/racket_target/operational_margin_fraction: 0.0092
Metrics/racket_target/waist_operational_margin_fraction: 0.0032
Metrics/racket_target/right_arm_operational_margin_fraction: 0.0022
Metrics/racket_target/leg_operational_margin_fraction: 0.0217
Metrics/racket_target/waist_operational_excess_rms: 0.0003
Metrics/racket_target/right_arm_operational_excess_rms: 0.0005
Metrics/racket_target/leg_operational_excess_rms: 0.0086
Metrics/racket_target/q_des_velocity_violation_fraction: 0.0752
Metrics/racket_target/waist_q_des_velocity_violation_fraction: 0.0072
Metrics/racket_target/right_arm_q_des_velocity_violation_fraction: 0.1055
Metrics/racket_target/leg_q_des_velocity_violation_fraction: 0.1030
Metrics/racket_target/q_des_acceleration_violation_fraction: 0.7012
Metrics/racket_target/waist_q_des_acceleration_violation_fraction: 0.5624
Metrics/racket_target/right_arm_q_des_acceleration_violation_fraction: 0.8153
Metrics/racket_target/leg_q_des_acceleration_violation_fraction: 0.7712
Metrics/racket_target/waist_q_des_velocity_rms: 3.0925
Metrics/racket_target/right_arm_q_des_velocity_rms: 8.4068
Metrics/racket_target/leg_q_des_velocity_rms: 6.9665
Metrics/racket_target/waist_q_des_acceleration_rms: 249.6649
Metrics/racket_target/right_arm_q_des_acceleration_rms: 713.7944
Metrics/racket_target/leg_q_des_acceleration_rms: 582.9649
Metrics/racket_target/action_operational_feasibility_score: 0.9030
Metrics/racket_target/actuator_overflow_consecutive_steps: 0.0000
Metrics/racket_target/actuator_overflow_severe: 0.0000
Metrics/racket_target/recovery_phase_gate: 0.0649
Metrics/racket_target/recovery_phase_ready_score: 0.0275
Metrics/racket_target/recovery_contact_ready_score: 0.0046
Metrics/racket_target/recovery_net_ready_score: 0.0046
Metrics/racket_target/recovery_return_ready_score: 0.0000
Metrics/racket_target/cycle_success_ready_score: 0.0000
Metrics/racket_target/cycle_success_soft: 0.0000
Metrics/racket_target/cycle_success_binary: 0.0000
Metrics/racket_target/cycle_v2_pending: 0.0000
Metrics/racket_target/cycle_v2_attempt_latch: 0.0000
Metrics/racket_target/cycle_v2_ready_success_latch: 0.0000
Metrics/racket_target/cycle_v2_ready_fail_latch: 0.0000
Metrics/racket_target/cycle_v2_attempt_event: 0.0000
Metrics/racket_target/cycle_v2_ready_success_event: 0.0000
Metrics/racket_target/cycle_v2_ready_fail_event: 0.0000
Metrics/racket_target/cycle_v2_unresolved_resample_fail_event: 0.0000
Metrics/racket_target/cycle_v2_resolved_event: 0.0000
Metrics/racket_target/cycle_v2_command_visible_steps: 0.0000
Metrics/racket_target/cycle_v2_elapsed_steps: 0.0000
Metrics/racket_target/cycle_v2_ready_score: 0.0000
Metrics/racket_target/cycle_v2_ready_ok: 0.0000
Metrics/racket_target/cycle_v2_visible: 0.0000
Metrics/racket_target/cycle_v2_ready_score_ok: 0.0000
Metrics/racket_target/cycle_v2_height_ok: 0.0000
Metrics/racket_target/cycle_v2_upright_ok: 0.0000
Metrics/racket_target/cycle_v2_base_lin_vel_ok: 0.0000
Metrics/racket_target/cycle_v2_base_ang_vel_ok: 0.0000
Metrics/racket_target/cycle_v2_feet_ok: 0.0000
Metrics/racket_target/cycle_v2_core_ready_ok: 0.0000
Metrics/racket_target/cycle_v2_ready_consecutive_steps: 0.0000
Metrics/racket_target/single_cycle_bootstrap: 0.0000
Metrics/racket_target/single_cycle_swing_completed: 0.0000
Metrics/racket_target/single_cycle_recovery_active: 0.0000
Metrics/racket_target/single_cycle_recovery_elapsed_steps: 0.0000
Metrics/racket_target/single_cycle_ready_consecutive_steps: 0.0000
Metrics/racket_target/single_cycle_safe_timeout_event: 0.0000
Metrics/racket_target/single_cycle_deadline_timeout_event: 0.0000
Metrics/racket_target/single_cycle_timeout_latch: 0.0000
Metrics/racket_target/single_cycle_hard_failure_event: 0.0000
Metrics/racket_target/single_cycle_probability: 0.0000
Metrics/racket_target/single_cycle_curriculum_level: 0.0000
Metrics/racket_target/single_cycle_effective_deadline_steps: 100.0000
Metrics/racket_target/single_cycle_selected_events: 0.0000
Metrics/racket_target/single_cycle_completed_events: 0.0000
Metrics/racket_target/single_cycle_safe_timeout_events: 0.0000
Metrics/racket_target/single_cycle_deadline_timeout_events: 0.0000
Metrics/racket_target/single_cycle_hard_failure_events: 0.0000
Metrics/racket_target/active_ready_consecutive_steps: 0.0125
Metrics/racket_target/active_ready_success_event: 0.0000
Metrics/racket_target/active_ready_success_latch: 0.0000
Metrics/racket_target/active_ready_survival_steps: 0.0000
Metrics/racket_target/active_ready_survival_next_milestone: 0.0000
Metrics/racket_target/active_ready_survival_milestone_event: 0.0000
Metrics/racket_target/no_command_ready_active: 0.0315
Metrics/racket_target/no_command_from_stand_episode: 0.0315
Metrics/racket_target/no_command_from_default_stand_reset: 0.0315
Metrics/racket_target/no_command_ready_upright_ok: 0.0315
Metrics/racket_target/no_command_ready_motion_ok: 0.0063
Metrics/racket_target/no_command_ready_score: 0.0197
Metrics/racket_target/no_command_ready_progress: 0.0129
Metrics/racket_target/no_command_ready_station_error: 0.0010
Metrics/racket_target/no_command_ready_fixed_station_error: 0.0010
Metrics/racket_target/healthy_training_stage: 3.0000
Metrics/racket_target/healthy_stage_planted_rehearsal: 0.0000
Metrics/racket_target/healthy_stage_station_hold_seen: 0.0000
Metrics/racket_target/healthy_stage_station_arrived: 0.0000
Metrics/racket_target/healthy_stage_station_settled: 0.0000
Metrics/racket_target/healthy_stage_station_settle_steps: 0.0000
Metrics/racket_target/station_relocation_active: 0.0000
Metrics/racket_target/station_relocation_target_offset_y: 0.0000
Metrics/racket_target/station_relocation_error: 0.0000
Metrics/racket_target/station_relocation_arrival_event: 0.0000
Metrics/racket_target/station_relocation_settle_event: 0.0000
Metrics/racket_target/station_relocation_release_event: 0.0000
Metrics/racket_target/station_relocation_timeout_event: 0.0000
Metrics/racket_target/station_relocation_elapsed_steps: 0.0000
Metrics/racket_target/station_relocation_hold_deadline_steps: 0.0000
Metrics/racket_target/lifecycle_recovery_hold_active: 0.0000
Metrics/racket_target/lifecycle_recovery_release_success_event: 0.0000
Metrics/racket_target/lifecycle_recovery_release_fail_event: 0.0000
Metrics/racket_target/station_relocation_level: 0.0000
Metrics/racket_target/station_relocation_arrival_ema: 0.0000
Metrics/racket_target/station_relocation_settle_ema: 0.0000
Metrics/racket_target/station_relocation_contact_ema: 0.0000
Metrics/racket_target/station_relocation_safety_ema: 0.0000
Metrics/racket_target/station_relocation_resolved_events: 0.0000
Metrics/racket_target/station_relocation_terminal_reset_events: 0.0000
Metrics/racket_target/station_relocation_advance_streak: 0.0000
Metrics/racket_target/station_relocation_regress_streak: 0.0000
Metrics/racket_target/station_relocation_effective_max_lin_vel: 0.0000
Metrics/racket_target/station_relocation_effective_max_ang_vel: 0.0000
Metrics/racket_target/station_relocation_effective_min_settle_steps: 0.0000
Metrics/racket_target/ability_curriculum_level: 0.0000
Metrics/racket_target/ability_curriculum_scale: 1.0000
Metrics/racket_target/ability_curriculum_resolved_events: 1566.2812
Metrics/racket_target/ability_curriculum_total_resolved_events: 1566.2812
Metrics/racket_target/ability_curriculum_advance_streak: 0.0000
Metrics/racket_target/ability_curriculum_regress_streak: 0.0000
Metrics/racket_target/ability_contact_ema: 0.7123
Metrics/racket_target/ability_net_ema: 0.7111
Metrics/racket_target/ability_success_ema: 0.0086
Metrics/racket_target/ability_recovery_ema: 0.8127
Metrics/racket_target/ability_cycle_ema: 0.0086
Metrics/racket_target/ability_cycle_attempt_ema: 0.0086
Metrics/racket_target/ability_cycle_resolved_ema: 0.0083
Metrics/racket_target/ability_forehand_contact_ema: 0.7857
Metrics/racket_target/ability_forehand_net_ema: 0.7841
Metrics/racket_target/ability_forehand_success_ema: 0.0225
Metrics/racket_target/ability_backhand_contact_ema: 0.6546
Metrics/racket_target/ability_backhand_net_ema: 0.6538
Metrics/racket_target/ability_backhand_success_ema: 0.0004
Metrics/racket_target/ability_attempt_ema: 1.0000
Metrics/racket_target/ability_targeted_attempt_ema: 0.9942
Metrics/racket_target/impact_health_floor_progress: 0.0000
Metrics/racket_target/ability_safety_ema: 0.9684
Metrics/racket_target/ability_station_saturation_ema: 0.0000
Metrics/racket_target/ability_healthy_normal_ema: 1.0000
Metrics/racket_target/ability_station_arrival_ema: 0.0000
Metrics/racket_target/ability_station_settle_ema: 0.0000
Metrics/racket_target/safe_outcome_capability_gate: 0.8114
Metrics/racket_target/planner_hit_plane_blend: 1.0000
Metrics/racket_target/planner_hit_plane_x_delta: 0.0374
Metrics/racket_target/true_strike_table_x: 0.2000
Metrics/racket_target/planner_target_table_x: 0.2000
Metrics/racket_target/workspace_level: 0.0000
Metrics/racket_target/workspace_fringe_sample: 0.0000
Metrics/racket_target/workspace_target_lateral_norm: 0.2628
Metrics/racket_target/workspace_target_table_y: -0.1899
Metrics/racket_target/workspace_playable_y_min: -0.7225
Metrics/racket_target/workspace_playable_y_max: 0.7225
Metrics/racket_target/workspace_active_y_lo: -0.2564
Metrics/racket_target/workspace_active_y_hi: -0.1264
Metrics/racket_target/workspace_motion_seed_blend: 0.0000
Metrics/racket_target/planner_perturb_curriculum_scale: 1.0000
Metrics/racket_target/incoming_ball_horizontal_speed: 2.2303
Metrics/racket_target/incoming_ball_speed: 4.6364
Metrics/racket_target/incoming_ball_speed_curriculum_level: 0.0000
Metrics/racket_target/incoming_ball_speed_sample_low: 0.0000
Metrics/racket_target/incoming_ball_speed_sample_high: 0.0000
Metrics/racket_target/station_saturated: 0.0000
Metrics/racket_target/station_raw_clip_excess: 0.0000
Metrics/racket_target/station_saturated_x: 0.0000
Metrics/racket_target/station_saturated_y: 0.0000
Metrics/racket_target/station_raw_clip_excess_x: 0.0000
Metrics/racket_target/station_raw_clip_excess_y: 0.0000
Metrics/racket_target/current_swing_opportunity: 0.0385
Metrics/racket_target/current_swing_attempt: 0.0385
Metrics/racket_target/current_swing_targeted_attempt: 0.0385
Metrics/racket_target/prev_swing_targeted_attempt: 0.9351
Metrics/racket_target/current_swing_unsafe: 0.0306
Metrics/racket_target/current_swing_station_saturated: 0.0000
Metrics/racket_target/impact_health_score: 0.8634
Metrics/racket_target/impact_health_ok: 0.8713
Metrics/racket_target/impact_health_backlean_violation: 0.0008
Metrics/racket_target/impact_health_waist_backfold: 0.0000
Metrics/racket_target/impact_health_base_retreat: 0.0182
Metrics/racket_target/impact_health_torso_gravity_x: 0.2567
Metrics/racket_target/impact_health_torso_ang_vel: 0.5285
Metrics/racket_target/impact_health_com_x: 0.0620
Metrics/racket_target/impact_health_com_y: 0.0300
Metrics/racket_target/post_contact_ready_pending: 0.0052
Metrics/racket_target/post_contact_ready_elapsed_steps: 0.4625
Metrics/racket_target/post_contact_ready_consecutive_steps: 0.0000
Metrics/racket_target/post_contact_ready_diagnostic_pending: 0.0052
Metrics/racket_target/post_contact_ready_diagnostic_elapsed_steps: 0.7757
Metrics/racket_target/post_contact_ready_durable_pending: 0.0052
Metrics/racket_target/post_contact_ready_durable_consecutive_steps: 0.0000
Metrics/racket_target/post_contact_ready_durable_ready_now: 0.0000
Metrics/racket_target/post_contact_ready_durable_success_event: 0.0000
Metrics/racket_target/post_contact_ready_durable_fail_event: 0.0000
Metrics/racket_target/post_contact_ready_durable_resolution_success_rate: 0.1729
Metrics/racket_target/post_contact_ready_durable_resolution_fail_rate: 0.7527
Metrics/racket_target/post_contact_ready_durable_resolution_success_latency_steps: 35.0000
Metrics/racket_target/post_contact_ready_durable_resolution_fail_latency_steps: 33.6323
Metrics/racket_target/post_contact_ready_durable_fail_backlean_rate: 0.0454
Metrics/racket_target/post_contact_ready_durable_fail_forward_lean_rate: 0.9120
Metrics/racket_target/post_contact_ready_durable_fail_torso_ang_vel_rate: 0.0454
Metrics/racket_target/post_contact_ready_durable_fail_base_lin_vel_rate: 0.0469
Metrics/racket_target/post_contact_ready_durable_fail_base_ang_vel_rate: 0.3539
Metrics/racket_target/post_contact_ready_durable_fail_racket_speed_rate: 0.0454
Metrics/racket_target/post_contact_ready_durable_fail_height_rate: 0.0454
Metrics/racket_target/post_contact_ready_durable_fail_com_x_rate: 0.0486
Metrics/racket_target/post_contact_ready_durable_fail_com_y_rate: 0.0454
Metrics/racket_target/post_contact_ready_durable_fail_feet_rate: 0.0454
Metrics/racket_target/post_contact_ready_durable_fail_station_rate: 0.0454
Metrics/racket_target/post_contact_ready_durable_fail_arm_rate: 0.0454
Metrics/racket_target/post_contact_ready_terminal_window_active: 0.0000
Metrics/racket_target/post_contact_ready_terminal_quality: 0.0065
Metrics/racket_target/post_contact_ready_terminal_settlement_event: 0.0000
Metrics/racket_target/post_contact_ready_operational_ready_now: 0.0000
Metrics/racket_target/post_contact_ready_operational_consecutive_steps: 0.0000
Metrics/racket_target/post_contact_ready_safe_settlement_event: 0.0000
Metrics/racket_target/post_contact_ready_unsafe_settlement_event: 0.0000
Metrics/racket_target/post_contact_ready_incomplete_settlement_event: 0.0000
Metrics/racket_target/post_contact_ready_safe_net_cycle_event: 0.0000
Metrics/racket_target/post_contact_ready_terminal_quality_mean: 0.9177
Metrics/racket_target/post_contact_ready_safe_terminal_quality_mean: 0.9249
Metrics/racket_target/post_contact_ready_terminal_safe_rate: 0.7098
Metrics/racket_target/post_contact_ready_terminal_unsafe_rate: 0.0359
Metrics/racket_target/post_contact_ready_terminal_incomplete_rate: 0.2543
Metrics/racket_target/post_contact_ready_safe_net_cycle_rate: 0.6989
Metrics/racket_target/post_contact_ready_score: 0.8016
Metrics/racket_target/post_contact_ready_now: 0.0000
Metrics/racket_target/post_contact_ready_success_event: 0.0000
Metrics/racket_target/post_contact_ready_fail_event: 0.0000
Metrics/racket_target/post_contact_ready_outcome_tier: -0.9493
Metrics/racket_target/post_contact_ready_face_quality: 0.0253
Metrics/racket_target/post_contact_ready_safe_face_net_cycle_value: 0.0000
Metrics/racket_target/post_contact_ready_planner_speed_ratio: 0.0203
Metrics/racket_target/post_contact_ready_planner_direction_error_rad: 0.0078
Metrics/racket_target/post_contact_ready_planner_position_error: 0.0012
Metrics/racket_target/post_contact_ready_impact_health_score: 0.0234
Metrics/racket_target/post_contact_ready_peak_base_ang_vel: 0.0511
Metrics/racket_target/post_contact_ready_peak_ang_vel_excess_increment: 0.0001
Metrics/racket_target/post_contact_ready_envelope_violation_latch: 0.0104
Metrics/racket_target/post_contact_ready_envelope_violation_event: 0.0000
Metrics/racket_target/post_contact_ready_envelope_first_violation_step: -0.9792
Metrics/racket_target/post_contact_ready_envelope_attempts: 1611.0312
Metrics/racket_target/post_contact_ready_envelope_violation_rate: 0.0354
Metrics/racket_target/post_contact_ready_envelope_tilt_violation_rate: 0.0000
Metrics/racket_target/post_contact_ready_envelope_pitch_violation_rate: 0.0000
Metrics/racket_target/post_contact_ready_envelope_com_violation_rate: 0.0011
Metrics/racket_target/post_contact_ready_envelope_waist_violation_rate: 0.0000
Metrics/racket_target/post_contact_ready_envelope_leg_violation_rate: 0.0000
Metrics/racket_target/post_contact_ready_envelope_base_ang_vel_violation_rate: 0.0348
Metrics/racket_target/post_contact_ready_resolution_success_rate: 0.9737
Metrics/racket_target/post_contact_ready_resolution_fail_rate: 0.0097
Metrics/racket_target/post_contact_ready_resolution_success_latency_steps: 4.8670
Metrics/racket_target/post_contact_ready_resolution_fail_latency_steps: 12.1185
Metrics/racket_target/post_contact_ready_max_tilt: 0.0057
Metrics/racket_target/post_contact_ready_max_abs_pitch: 0.0046
Metrics/racket_target/post_contact_ready_max_com_x: 0.0044
Metrics/racket_target/post_contact_ready_max_com_y: 0.0021
Metrics/racket_target/post_contact_ready_max_waist_overflow: 0.0000
Metrics/racket_target/post_contact_ready_max_leg_overflow: 0.0030
Metrics/racket_target/post_contact_ready_settlement_velocity_score_ema: 0.6700
Metrics/racket_target/post_contact_ready_settlement_position_gate_ema: 0.7826
Metrics/racket_target/post_contact_ready_settlement_health_gate_ema: 0.9764
Metrics/racket_target/post_contact_ready_settlement_recovery_gate_ema: 0.4207
Metrics/racket_target/post_contact_ready_settlement_total_score_ema: 0.2148
Metrics/racket_target/post_contact_recovery_backlean_error: 0.0331
Metrics/racket_target/post_contact_recovery_directional_progress: 0.0000
Metrics/racket_target/post_contact_ready_torso_ok: 0.8502
Metrics/racket_target/post_contact_ready_motion_ok: 0.7119
Metrics/racket_target/post_contact_ready_support_ok: 0.8862
Metrics/racket_target/post_contact_ready_arm_ok: 1.0000
Metrics/racket_target/post_contact_ready_base_lin_vel_ok: 0.8854
Metrics/racket_target/post_contact_ready_base_ang_vel_ok: 0.7547
Metrics/racket_target/post_contact_ready_racket_speed_ok: 0.9722
Metrics/racket_target/post_contact_ready_height_ok: 0.9885
Metrics/racket_target/post_contact_ready_com_x_ok: 0.8897
Metrics/racket_target/post_contact_ready_com_y_ok: 0.9903
Metrics/racket_target/post_contact_ready_feet_ok: 1.0000
Metrics/racket_target/post_contact_ready_station_ok: 0.9089
Metrics/racket_target/post_contact_ready_fail_torso: 0.0000
Metrics/racket_target/post_contact_ready_fail_base_lin_vel: 0.0000
Metrics/racket_target/post_contact_ready_fail_base_ang_vel: 0.0000
Metrics/racket_target/post_contact_ready_fail_racket_speed: 0.0000
Metrics/racket_target/post_contact_ready_fail_support: 0.0000
Metrics/racket_target/post_contact_ready_fail_arm: 0.0000
Metrics/racket_target/post_contact_ready_shadow_now: 0.0000
Metrics/racket_target/post_contact_ready_shadow_consecutive_steps: 0.0000
Metrics/racket_target/post_contact_ready_shadow_success_latch: 0.0000
Metrics/racket_target/post_contact_ready_curriculum_level: 0.0000
Metrics/racket_target/post_contact_ready_curriculum_fraction: 1.0000
Metrics/racket_target/post_contact_ready_curriculum_success_ema: 0.0000
Metrics/racket_target/post_contact_ready_curriculum_shadow_success_ema: 0.0000
Metrics/racket_target/post_contact_ready_curriculum_resolved_events: 0.0000
Metrics/racket_target/post_contact_ready_curriculum_successful_events: 0.0000
Metrics/racket_target/post_contact_ready_curriculum_targeted_attempt_ema: 0.0000
Metrics/racket_target/post_contact_ready_curriculum_return_success_ema: 0.0000
Metrics/racket_target/post_contact_ready_curriculum_completed_swings: 0.0000
Metrics/racket_target/post_contact_ready_curriculum_advance_streak: 0.0000
Metrics/racket_target/post_contact_ready_curriculum_advance_guard_ok: 0.0000
Metrics/racket_target/post_contact_ready_effective_max_torso_ang_vel: 1.5000
Metrics/racket_target/post_contact_ready_effective_torso_x_min: -0.1200
Metrics/racket_target/post_contact_ready_effective_torso_x_max: 0.3200
Metrics/racket_target/post_contact_ready_effective_max_base_lin_vel: 0.4500
Metrics/racket_target/post_contact_ready_effective_max_base_ang_vel: 1.3000
Metrics/racket_target/post_contact_ready_effective_max_racket_speed: 3.0000
Metrics/racket_target/post_contact_ready_effective_min_feet_contact: 0.5000
Metrics/racket_target/post_contact_ready_effective_required_consecutive_steps: 3.0000
Metrics/racket_target/post_contact_ready_effective_deadline_steps: 40.0000
Metrics/racket_target/post_contact_ready_curriculum_advance_threshold: 1.0000
Metrics/racket_target/post_contact_ready_curriculum_advance_min_events: 0.0000
Metrics/racket_target/post_contact_ready_curriculum_shadow_threshold: 1.0000
Metrics/racket_target/post_contact_ready_curriculum_min_targeted_attempt_ema: 0.0000
Metrics/racket_target/post_contact_ready_curriculum_min_return_success_ema: 0.0000
Metrics/racket_target/post_contact_ready_curriculum_min_completed_swings: 1.0000
Metrics/racket_target/post_contact_ready_curriculum_required_advance_checks: 1.0000
Metrics/racket_target/racket_normal_error_deg: 30.0629
Metrics/racket_target/impact_normal_error_deg: 0.2400
Metrics/racket_target/impact_racket_vel_error_mps: 0.5481
Metrics/racket_target/impact_racket_speed_ratio: 0.9128
Metrics/racket_target/impact_racket_vel_angle_deg: 12.9997
Metrics/racket_target/impact_racket_actual_vel_x: 1.0149
Metrics/racket_target/impact_racket_actual_vel_y: 0.1361
Metrics/racket_target/impact_racket_actual_vel_z: 1.3052
Metrics/racket_target/impact_racket_target_vel_x: 1.1877
Metrics/racket_target/impact_racket_target_vel_y: -0.0021
Metrics/racket_target/impact_racket_target_vel_z: 1.3688
Metrics/racket_target/impact_ball_out_error_mps: 4.4831
Metrics/racket_target/impact_face_radial_error_m: 0.0515
Metrics/racket_target/impact_face_normal_gap_m: 0.0545
Metrics/racket_target/impact_face_quality: 0.7736
Metrics/racket_target/impact_center_contact: 0.0000
Metrics/racket_target/impact_center_net_cross: 0.0000
Metrics/racket_target/impact_center_on_opponent: 0.0000
Metrics/racket_target/impact_rim_contact: 0.0000
Metrics/racket_target/impact_rim_net_cross: 0.0000
Metrics/racket_target/impact_rim_on_opponent: 0.0000
Metrics/racket_target/impact_analytic_outer_contact: 0.0000
Metrics/racket_target/impact_analytic_outer_net_cross: 0.0000
Metrics/racket_target/impact_analytic_outer_on_opponent: 0.0000
Metrics/racket_target/impact_planner_pos_error_m: 0.0807
Metrics/racket_target/impact_planner_vel_error_mps: 0.5481
Metrics/racket_target/impact_planner_speed_ratio: 0.9128
Metrics/racket_target/impact_planner_vel_angle_deg: 12.9997
Metrics/racket_target/impact_healthy_normal_ok: 0.0000
Metrics/racket_target/impact_healthy_contact: 0.0000
Metrics/racket_target/impact_healthy_net_cross: 0.0000
Metrics/racket_target/impact_healthy_on_opponent: 0.0000
Metrics/racket_target/current_swing_impact_health_score: 0.0234
Metrics/racket_target/current_swing_healthy_contact: 0.0253
Metrics/racket_target/current_swing_healthy_net_cross: 0.0253
Metrics/racket_target/current_swing_healthy_on_opponent: 0.0000
Metrics/racket_target/current_swing_healthy_normal_ok: 0.0385
Metrics/racket_target/current_swing_contact: 0.0253
Metrics/racket_target/current_swing_net_cross: 0.0253
Metrics/racket_target/current_swing_on_opponent: 0.0000
Metrics/racket_target/current_swing_center_contact: 0.0219
Metrics/racket_target/current_swing_center_net_cross: 0.0219
Metrics/racket_target/current_swing_center_on_opponent: 0.0000
Metrics/racket_target/current_swing_rim_contact: 0.0035
Metrics/racket_target/current_swing_rim_net_cross: 0.0035
Metrics/racket_target/current_swing_rim_on_opponent: 0.0000
Metrics/racket_target/current_swing_analytic_outer_contact: 0.0000
Metrics/racket_target/current_swing_analytic_outer_net_cross: 0.0000
Metrics/racket_target/current_swing_analytic_outer_on_opponent: 0.0000
Metrics/racket_target/cycle_v2_outcome_tier: -1.0000
Metrics/racket_target/cycle_v2_streak: 0.0000
Metrics/racket_target/closed_loop_recovery_trigger_event: 0.0000
Metrics/racket_target/closed_loop_cycle_success_event: 0.0000
Metrics/racket_target/closed_loop_durable_cycle_success_event: 0.0000
Metrics/racket_target/closed_loop_phase_id: 1.3836
Metrics/racket_target/closed_loop_phase_ready_no_command: 0.0315
Metrics/racket_target/closed_loop_phase_command_acquire: 0.6186
Metrics/racket_target/closed_loop_phase_pre_strike: 0.2845
Metrics/racket_target/closed_loop_phase_strike: 0.0653
Metrics/racket_target/closed_loop_phase_follow_through: 0.0000
Metrics/racket_target/closed_loop_phase_recovery: 0.0000
Metrics/racket_target/closed_loop_phase_next_ready: 0.0000
Metrics/racket_target/post_contact_phase_impact_0_100ms_attempts: 1611.0312
Metrics/racket_target/post_contact_phase_impact_0_100ms_tilt_gt_0p1_rate: 1.0000
Metrics/racket_target/post_contact_phase_impact_0_100ms_pitch_gt_0p1_rate: 1.0000
Metrics/racket_target/post_contact_phase_impact_0_100ms_waist_overflow_gt_1p0_rate: 0.0000
Metrics/racket_target/post_contact_phase_impact_0_100ms_base_ang_vel_gt_0p8_rate: 0.9871
Metrics/racket_target/post_contact_phase_brake_100_300ms_attempts: 1569.2500
Metrics/racket_target/post_contact_phase_brake_100_300ms_tilt_gt_0p1_rate: 0.9987
Metrics/racket_target/post_contact_phase_brake_100_300ms_pitch_gt_0p1_rate: 0.9987
Metrics/racket_target/post_contact_phase_brake_100_300ms_waist_overflow_gt_1p0_rate: 0.0000
Metrics/racket_target/post_contact_phase_brake_100_300ms_base_ang_vel_gt_0p8_rate: 0.9966
Metrics/racket_target/post_contact_phase_settle_300_600ms_attempts: 1510.1250
Metrics/racket_target/post_contact_phase_settle_300_600ms_tilt_gt_0p1_rate: 0.7583
Metrics/racket_target/post_contact_phase_settle_300_600ms_pitch_gt_0p1_rate: 0.6949
Metrics/racket_target/post_contact_phase_settle_300_600ms_waist_overflow_gt_1p0_rate: 0.0000
Metrics/racket_target/post_contact_phase_settle_300_600ms_base_ang_vel_gt_0p8_rate: 0.9931
Metrics/racket_target/post_contact_phase_ready_after_600ms_attempts: 1426.0625
Metrics/racket_target/post_contact_phase_ready_after_600ms_tilt_gt_0p1_rate: 0.4548
Metrics/racket_target/post_contact_phase_ready_after_600ms_pitch_gt_0p1_rate: 0.3702
Metrics/racket_target/post_contact_phase_ready_after_600ms_waist_overflow_gt_1p0_rate: 0.0000
Metrics/racket_target/post_contact_phase_ready_after_600ms_base_ang_vel_gt_0p8_rate: 0.9460
Metrics/racket_target/base_pitch_like_signed: -0.1298
Metrics/racket_target/base_backward_velocity: 0.0442
Metrics/racket_target/waist_action_rms: 0.4818
Metrics/racket_target/right_arm_action_rms: 3.9561
Metrics/racket_target/leg_action_rms: 0.5314
Metrics/racket_target/action_abs_max: 7.0239
Metrics/racket_target/applied_action_abs_max: 6.8718
Metrics/racket_target/leg_action_abs_max: 1.0242
Metrics/racket_target/effective_action_abs_max: 6.8718
Metrics/racket_target/action_clamp_fraction: 0.0066
Metrics/racket_target/waist_action_clamp_fraction: 0.0012
Metrics/racket_target/right_arm_action_clamp_fraction: 0.0022
Metrics/racket_target/leg_action_clamp_fraction: 0.0154
Metrics/racket_target/waist_q_tracking_error_rms: 0.3864
Metrics/racket_target/right_arm_q_tracking_error_rms: 0.1639
Metrics/racket_target/leg_q_tracking_error_rms: 0.2094
Metrics/racket_target/waist_torque_clip_fraction: 0.0000
Metrics/racket_target/right_arm_torque_clip_fraction: 0.0000
Metrics/racket_target/leg_torque_clip_fraction: 0.0000
Metrics/racket_target/waist_action_delta_rms: 0.1381
Metrics/racket_target/right_arm_action_delta_rms: 0.9055
Metrics/racket_target/leg_action_delta_rms: 0.2649
Metrics/racket_target/waist_joint_vel_rms: 0.7903
Metrics/racket_target/right_arm_joint_vel_rms: 1.3860
Metrics/racket_target/leg_joint_vel_rms: 0.6814
Metrics/racket_target/recovery_leg_action_abs_max: 0.0959
Metrics/racket_target/recovery_leg_action_delta_rms: 0.0182
Metrics/racket_target/recovery_leg_joint_vel_rms: 0.0489
      Episode_Termination/time_out: 4.2500
  Episode_Termination/base_too_low: 0.0000
   Episode_Termination/base_tilted: 0.1250
   Episode_Termination/table_touch: 0.4062
Episode_Termination/persistent_action_overflow: 0.0000
--------------------------------------------------------------------------------
                   Total timesteps: 458752
                    Iteration time: 2.32s
                      Time elapsed: 00:00:15
                               ETA: 00:00:31

################################################################################
                     [1m Learning iteration 1807/1820 [0m                     

                       Computation: 28117 steps/s (collection: 2.315s, learning 0.015s)
             Mean action noise std: 0.45
          Mean value_function loss: 0.1066
               Mean surrogate loss: 0.0000
                 Mean entropy loss: 2.8121
      Mean critic_only_warmup loss: 1.0000
                       Mean reward: 8.33
               Mean episode length: 238.81
 Episode_Reward/undesired_contacts: 0.0000
  Episode_Reward/feet_contact_slip: -0.0014
     Episode_Reward/table_no_touch: -0.0003
              Episode_Reward/alive: 0.0047
            Episode_Reward/upright: -0.0046
          Episode_Reward/imitation: 0.1943
    Episode_Reward/racket_position: 0.0443
Episode_Reward/backhand_racket_position: 0.0191
    Episode_Reward/racket_velocity: 0.0286
Episode_Reward/planner_racket_task_space_crossfade: 0.1828
Episode_Reward/exact_impact_planner_task_space_alignment: 0.0043
    Episode_Reward/blade_direction: 0.0262
Episode_Reward/health_gated_soft_ball_contact: 0.0283
Episode_Reward/health_gated_backhand_soft_ball_contact: 0.0172
Episode_Reward/health_gated_ball_contact: 0.0051
Episode_Reward/healthy_trunk_support: 0.0422
Episode_Reward/targeted_strike_attempt: 0.0066
  Episode_Reward/strike_inactivity: -0.0001
 Episode_Reward/pre_strike_station: 0.0412
    Episode_Reward/recovery_health: 0.0226
Episode_Reward/no_command_ready_stability: 0.0007
Episode_Reward/post_strike_base_ang_vel: 0.0041
Episode_Reward/phase_action_overflow: -0.0000
     Episode_Reward/strike_balance: 0.0172
Episode_Reward/prestrike_station_progress: 0.0078
 Episode_Reward/lower_body_support: 0.0252
Episode_Reward/termination_penalty: -0.0147
Episode_Reward/phase_action_rate_waist: -0.0001
Episode_Reward/phase_action_rate_upper: -0.0028
Episode_Reward/phase_action_rate_legs: -0.0001
        Episode_Reward/joint_limit: -0.0173
Episode_Reward/prestrike_racket_progress: 0.1177
Episode_Reward/near_impact_planner_velocity_progress: 0.0267
Episode_Reward/operational_joint_margin: -0.0043
  Episode_Reward/joint_target_slew: -0.0150
Episode_Reward/actuator_waist_feasibility: -0.0000
Episode_Reward/actuator_right_arm_feasibility: -0.0000
Episode_Reward/actuator_leg_feasibility: -0.0000
Episode_Reward/terminal_quality_window: 0.0005
Episode_Reward/safe_terminal_quality: 0.0007
Episode_Reward/unsafe_terminal_recovery: -0.0000
Episode_Reward/capability_gated_safe_terminal_outcome: 0.0045
    Metrics/motion/error_joint_pos: 1.2504
    Metrics/motion/error_joint_vel: 5.0593
     Metrics/motion/error_body_pos: 0.1090
     Metrics/motion/error_body_rot: 0.3663
       Metrics/motion/motion_phase: 0.4495
            Metrics/motion/in_hold: 0.0091
Metrics/motion/motion_start_warmup_prob: 0.8000
Metrics/motion/motion_start_lifecycle_progress: 0.0000
Metrics/motion/motion_start_effective_prestrike_fraction: 1.0000
Metrics/motion/motion_start_effective_recovery_fraction: 0.0000
Metrics/motion/motion_start_effective_rsi_fraction: 0.0000
 Metrics/motion/motion_start_reset: 0.0000
Metrics/motion/motion_start_prestrike_reset: 0.0000
Metrics/motion/motion_start_recovery_reset: 0.0000
Metrics/motion/motion_start_rsi_reset: 0.0000
 Metrics/motion/single_cycle_reset: 0.0000
     Metrics/motion/motion_clip_id: 0.5800
Metrics/motion/motion_supplemental_clip: 0.0000
      Metrics/motion/stand_episode: 0.0091
Metrics/motion/default_stand_reset: 0.0480
Metrics/motion/error_body_pos_lower: 0.1183
Metrics/motion/error_body_rot_lower: 0.3503
Metrics/motion/error_body_lin_vel_lower: 0.1820
Metrics/motion/error_body_ang_vel_lower: 0.8068
Metrics/motion/reference_body_lin_speed_lower: 0.0240
Metrics/motion/robot_body_lin_speed_lower: 0.1805
Metrics/motion/error_body_pos_core: 0.0657
Metrics/motion/error_body_rot_core: 0.2324
Metrics/motion/error_body_lin_vel_core: 0.2891
Metrics/motion/error_body_ang_vel_core: 1.1862
Metrics/motion/reference_body_lin_speed_core: 0.0279
Metrics/motion/robot_body_lin_speed_core: 0.2890
Metrics/motion/error_body_pos_upper: 0.1142
Metrics/motion/error_body_rot_upper: 0.4269
Metrics/motion/error_body_lin_vel_upper: 0.7403
Metrics/motion/error_body_ang_vel_upper: 2.0094
Metrics/motion/reference_body_lin_speed_upper: 0.1100
Metrics/motion/robot_body_lin_speed_upper: 0.7418
Metrics/motion/error_joint_pos_waist: 0.2663
Metrics/motion/error_joint_vel_waist: 1.3923
Metrics/motion/reference_joint_speed_waist: 0.0280
Metrics/motion/error_joint_pos_arms: 1.0516
Metrics/motion/error_joint_vel_arms: 4.1082
Metrics/motion/reference_joint_speed_arms: 0.2049
Metrics/motion/error_joint_pos_legs: 0.5655
Metrics/motion/error_joint_vel_legs: 2.3423
Metrics/motion/reference_joint_speed_legs: 0.0087
Metrics/racket_target/racket_pos_error: 0.1453
Metrics/racket_target/racket_vel_error: 1.2765
Metrics/racket_target/time_to_strike: -0.1700
Metrics/racket_target/return_success: 0.0224
Metrics/racket_target/prev_return_success: 0.0052
Metrics/racket_target/prev_net_cross: 0.6030
Metrics/racket_target/current_net_cross: 0.4096
Metrics/racket_target/racket_pos_curriculum_scale: 1.0000
Metrics/racket_target/impact_inverse_command_blend: 0.0000
Metrics/racket_target/steps_since_target_resample: 84.8685
Metrics/racket_target/recovery_height_error: 0.0353
Metrics/racket_target/recovery_upright_error: 0.2169
Metrics/racket_target/recovery_base_lin_vel: 0.2579
Metrics/racket_target/recovery_base_ang_vel: 1.0429
Metrics/racket_target/recovery_station_error: 0.1097
Metrics/racket_target/recovery_feet_contact_frac: 0.9904
Metrics/racket_target/recovery_racket_speed: 1.3029
Metrics/racket_target/recovery_height_score: 0.8646
Metrics/racket_target/recovery_upright_score: 0.6005
Metrics/racket_target/recovery_lin_vel_score: 0.6202
Metrics/racket_target/recovery_ang_vel_score: 0.2872
Metrics/racket_target/recovery_station_score: 0.8246
Metrics/racket_target/recovery_racket_score: 0.1740
Metrics/racket_target/recovery_arm_score: 0.7632
Metrics/racket_target/recovery_ready_score: 0.6515
Metrics/racket_target/recovery_anchor_arm_score: 1.0000
Metrics/racket_target/recovery_core_ready_score: 0.5084
Metrics/racket_target/recovery_functional_ready_score: 0.4424
Metrics/racket_target/waist_action_overflow_rms: 0.0003
Metrics/racket_target/right_arm_action_overflow_rms: 0.0000
Metrics/racket_target/leg_action_overflow_rms: 0.0033
Metrics/racket_target/operational_margin_fraction: 0.0066
Metrics/racket_target/waist_operational_margin_fraction: 0.0068
Metrics/racket_target/right_arm_operational_margin_fraction: 0.0015
Metrics/racket_target/leg_operational_margin_fraction: 0.0145
Metrics/racket_target/waist_operational_excess_rms: 0.0006
Metrics/racket_target/right_arm_operational_excess_rms: 0.0001
Metrics/racket_target/leg_operational_excess_rms: 0.0032
Metrics/racket_target/q_des_velocity_violation_fraction: 0.0699
Metrics/racket_target/waist_q_des_velocity_violation_fraction: 0.0026
Metrics/racket_target/right_arm_q_des_velocity_violation_fraction: 0.0915
Metrics/racket_target/leg_q_des_velocity_violation_fraction: 0.0938
Metrics/racket_target/q_des_acceleration_violation_fraction: 0.7025
Metrics/racket_target/waist_q_des_acceleration_violation_fraction: 0.5937
Metrics/racket_target/right_arm_q_des_acceleration_violation_fraction: 0.8159
Metrics/racket_target/leg_q_des_acceleration_violation_fraction: 0.7612
Metrics/racket_target/waist_q_des_velocity_rms: 3.1456
Metrics/racket_target/right_arm_q_des_velocity_rms: 8.0712
Metrics/racket_target/leg_q_des_velocity_rms: 6.7274
Metrics/racket_target/waist_q_des_acceleration_rms: 254.3629
Metrics/racket_target/right_arm_q_des_acceleration_rms: 711.1476
Metrics/racket_target/leg_q_des_acceleration_rms: 593.0569
Metrics/racket_target/action_operational_feasibility_score: 0.9430
Metrics/racket_target/actuator_overflow_consecutive_steps: 0.0000
Metrics/racket_target/actuator_overflow_severe: 0.0000
Metrics/racket_target/recovery_phase_gate: 0.6172
Metrics/racket_target/recovery_phase_ready_score: 0.4151
Metrics/racket_target/recovery_contact_ready_score: 0.2490
Metrics/racket_target/recovery_net_ready_score: 0.2174
Metrics/racket_target/recovery_return_ready_score: 0.0078
Metrics/racket_target/cycle_success_ready_score: 0.0000
Metrics/racket_target/cycle_success_soft: 0.0000
Metrics/racket_target/cycle_success_binary: 0.0000
Metrics/racket_target/cycle_v2_pending: 0.0000
Metrics/racket_target/cycle_v2_attempt_latch: 0.0000
Metrics/racket_target/cycle_v2_ready_success_latch: 0.0000
Metrics/racket_target/cycle_v2_ready_fail_latch: 0.0000
Metrics/racket_target/cycle_v2_attempt_event: 0.0000
Metrics/racket_target/cycle_v2_ready_success_event: 0.0000
Metrics/racket_target/cycle_v2_ready_fail_event: 0.0000
Metrics/racket_target/cycle_v2_unresolved_resample_fail_event: 0.0000
Metrics/racket_target/cycle_v2_resolved_event: 0.0000
Metrics/racket_target/cycle_v2_command_visible_steps: 0.0000
Metrics/racket_target/cycle_v2_elapsed_steps: 0.0000
Metrics/racket_target/cycle_v2_ready_score: 0.0000
Metrics/racket_target/cycle_v2_ready_ok: 0.0000
Metrics/racket_target/cycle_v2_visible: 0.0000
Metrics/racket_target/cycle_v2_ready_score_ok: 0.0000
Metrics/racket_target/cycle_v2_height_ok: 0.0000
Metrics/racket_target/cycle_v2_upright_ok: 0.0000
Metrics/racket_target/cycle_v2_base_lin_vel_ok: 0.0000
Metrics/racket_target/cycle_v2_base_ang_vel_ok: 0.0000
Metrics/racket_target/cycle_v2_feet_ok: 0.0000
Metrics/racket_target/cycle_v2_core_ready_ok: 0.0000
Metrics/racket_target/cycle_v2_ready_consecutive_steps: 0.0000
Metrics/racket_target/single_cycle_bootstrap: 0.0000
Metrics/racket_target/single_cycle_swing_completed: 0.0000
Metrics/racket_target/single_cycle_recovery_active: 0.0000
Metrics/racket_target/single_cycle_recovery_elapsed_steps: 0.0000
Metrics/racket_target/single_cycle_ready_consecutive_steps: 0.0000
Metrics/racket_target/single_cycle_safe_timeout_event: 0.0000
Metrics/racket_target/single_cycle_deadline_timeout_event: 0.0000
Metrics/racket_target/single_cycle_timeout_latch: 0.0000
Metrics/racket_target/single_cycle_hard_failure_event: 0.0000
Metrics/racket_target/single_cycle_probability: 0.0000
Metrics/racket_target/single_cycle_curriculum_level: 0.0000
Metrics/racket_target/single_cycle_effective_deadline_steps: 100.0000
Metrics/racket_target/single_cycle_selected_events: 0.0000
Metrics/racket_target/single_cycle_completed_events: 0.0000
Metrics/racket_target/single_cycle_safe_timeout_events: 0.0000
Metrics/racket_target/single_cycle_deadline_timeout_events: 0.0000
Metrics/racket_target/single_cycle_hard_failure_events: 0.0000
Metrics/racket_target/active_ready_consecutive_steps: 0.0000
Metrics/racket_target/active_ready_success_event: 0.0000
Metrics/racket_target/active_ready_success_latch: 0.0000
Metrics/racket_target/active_ready_survival_steps: 0.0000
Metrics/racket_target/active_ready_survival_next_milestone: 0.0000
Metrics/racket_target/active_ready_survival_milestone_event: 0.0000
Metrics/racket_target/no_command_ready_active: 0.0091
Metrics/racket_target/no_command_from_stand_episode: 0.0091
Metrics/racket_target/no_command_from_default_stand_reset: 0.0091
Metrics/racket_target/no_command_ready_upright_ok: 0.0091
Metrics/racket_target/no_command_ready_motion_ok: 0.0000
Metrics/racket_target/no_command_ready_score: 0.0052
Metrics/racket_target/no_command_ready_progress: -0.0034
Metrics/racket_target/no_command_ready_station_error: 0.0007
Metrics/racket_target/no_command_ready_fixed_station_error: 0.0007
Metrics/racket_target/healthy_training_stage: 3.0000
Metrics/racket_target/healthy_stage_planted_rehearsal: 0.0000
Metrics/racket_target/healthy_stage_station_hold_seen: 0.0000
Metrics/racket_target/healthy_stage_station_arrived: 0.0000
Metrics/racket_target/healthy_stage_station_settled: 0.0000
Metrics/racket_target/healthy_stage_station_settle_steps: 0.0000
Metrics/racket_target/station_relocation_active: 0.0000
Metrics/racket_target/station_relocation_target_offset_y: 0.0000
Metrics/racket_target/station_relocation_error: 0.0000
Metrics/racket_target/station_relocation_arrival_event: 0.0000
Metrics/racket_target/station_relocation_settle_event: 0.0000
Metrics/racket_target/station_relocation_release_event: 0.0000
Metrics/racket_target/station_relocation_timeout_event: 0.0000
Metrics/racket_target/station_relocation_elapsed_steps: 0.0000
Metrics/racket_target/station_relocation_hold_deadline_steps: 0.0000
Metrics/racket_target/lifecycle_recovery_hold_active: 0.0000
Metrics/racket_target/lifecycle_recovery_release_success_event: 0.0000
Metrics/racket_target/lifecycle_recovery_release_fail_event: 0.0000
Metrics/racket_target/station_relocation_level: 0.0000
Metrics/racket_target/station_relocation_arrival_ema: 0.0000
Metrics/racket_target/station_relocation_settle_ema: 0.0000
Metrics/racket_target/station_relocation_contact_ema: 0.0000
Metrics/racket_target/station_relocation_safety_ema: 0.0000
Metrics/racket_target/station_relocation_resolved_events: 0.0000
Metrics/racket_target/station_relocation_terminal_reset_events: 0.0000
Metrics/racket_target/station_relocation_advance_streak: 0.0000
Metrics/racket_target/station_relocation_regress_streak: 0.0000
Metrics/racket_target/station_relocation_effective_max_lin_vel: 0.0000
Metrics/racket_target/station_relocation_effective_max_ang_vel: 0.0000
Metrics/racket_target/station_relocation_effective_min_settle_steps: 0.0000
Metrics/racket_target/ability_curriculum_level: 0.0000
Metrics/racket_target/ability_curriculum_scale: 1.0000
Metrics/racket_target/ability_curriculum_resolved_events: 1687.0000
Metrics/racket_target/ability_curriculum_total_resolved_events: 1687.0000
Metrics/racket_target/ability_curriculum_advance_streak: 0.0000
Metrics/racket_target/ability_curriculum_regress_streak: 0.0000
Metrics/racket_target/ability_contact_ema: 0.6888
Metrics/racket_target/ability_net_ema: 0.6834
Metrics/racket_target/ability_success_ema: 0.0032
Metrics/racket_target/ability_recovery_ema: 0.8098
Metrics/racket_target/ability_cycle_ema: 0.0032
Metrics/racket_target/ability_cycle_attempt_ema: 0.0032
Metrics/racket_target/ability_cycle_resolved_ema: 0.0032
Metrics/racket_target/ability_forehand_contact_ema: 0.7048
Metrics/racket_target/ability_forehand_net_ema: 0.6977
Metrics/racket_target/ability_forehand_success_ema: 0.0077
Metrics/racket_target/ability_backhand_contact_ema: 0.6622
Metrics/racket_target/ability_backhand_net_ema: 0.6599
Metrics/racket_target/ability_backhand_success_ema: 0.0000
Metrics/racket_target/ability_attempt_ema: 1.0000
Metrics/racket_target/ability_targeted_attempt_ema: 0.9992
Metrics/racket_target/impact_health_floor_progress: 0.0000
Metrics/racket_target/ability_safety_ema: 0.9336
Metrics/racket_target/ability_station_saturation_ema: 0.0000
Metrics/racket_target/ability_healthy_normal_ema: 1.0000
Metrics/racket_target/ability_station_arrival_ema: 0.0000
Metrics/racket_target/ability_station_settle_ema: 0.0000
Metrics/racket_target/safe_outcome_capability_gate: 0.3113
Metrics/racket_target/planner_hit_plane_blend: 1.0000
Metrics/racket_target/planner_hit_plane_x_delta: 0.0365
Metrics/racket_target/true_strike_table_x: 0.2000
Metrics/racket_target/planner_target_table_x: 0.2000
Metrics/racket_target/workspace_level: 0.0000
Metrics/racket_target/workspace_fringe_sample: 0.0000
Metrics/racket_target/workspace_target_lateral_norm: 0.3158
Metrics/racket_target/workspace_target_table_y: -0.2282
Metrics/racket_target/workspace_playable_y_min: -0.7225
Metrics/racket_target/workspace_playable_y_max: 0.7225
Metrics/racket_target/workspace_active_y_lo: -0.2922
Metrics/racket_target/workspace_active_y_hi: -0.1596
Metrics/racket_target/workspace_motion_seed_blend: 0.0000
Metrics/racket_target/planner_perturb_curriculum_scale: 1.0000
Metrics/racket_target/incoming_ball_horizontal_speed: 2.2182
Metrics/racket_target/incoming_ball_speed: 4.6024
Metrics/racket_target/incoming_ball_speed_curriculum_level: 0.0000
Metrics/racket_target/incoming_ball_speed_sample_low: 0.0000
Metrics/racket_target/incoming_ball_speed_sample_high: 0.0000
Metrics/racket_target/station_saturated: 0.0000
Metrics/racket_target/station_raw_clip_excess: 0.0000
Metrics/racket_target/station_saturated_x: 0.0000
Metrics/racket_target/station_saturated_y: 0.0000
Metrics/racket_target/station_raw_clip_excess_x: 0.0000
Metrics/racket_target/station_raw_clip_excess_y: 0.0000
Metrics/racket_target/current_swing_opportunity: 0.7854
Metrics/racket_target/current_swing_attempt: 0.7854
Metrics/racket_target/current_swing_targeted_attempt: 0.7390
Metrics/racket_target/prev_swing_targeted_attempt: 0.9520
Metrics/racket_target/current_swing_unsafe: 0.1021
Metrics/racket_target/current_swing_station_saturated: 0.0000
Metrics/racket_target/impact_health_score: 0.8402
Metrics/racket_target/impact_health_ok: 0.8672
Metrics/racket_target/impact_health_backlean_violation: 0.0263
Metrics/racket_target/impact_health_waist_backfold: 0.0050
Metrics/racket_target/impact_health_base_retreat: 0.0569
Metrics/racket_target/impact_health_torso_gravity_x: 0.1825
Metrics/racket_target/impact_health_torso_ang_vel: 0.5616
Metrics/racket_target/impact_health_com_x: 0.0616
Metrics/racket_target/impact_health_com_y: 0.0468
Metrics/racket_target/post_contact_ready_pending: 0.0625
Metrics/racket_target/post_contact_ready_elapsed_steps: 1.9551
Metrics/racket_target/post_contact_ready_consecutive_steps: 0.1195
Metrics/racket_target/post_contact_ready_diagnostic_pending: 0.4403
Metrics/racket_target/post_contact_ready_diagnostic_elapsed_steps: 6.5329
Metrics/racket_target/post_contact_ready_durable_pending: 0.4403
Metrics/racket_target/post_contact_ready_durable_consecutive_steps: 0.2755
Metrics/racket_target/post_contact_ready_durable_ready_now: 0.0769
Metrics/racket_target/post_contact_ready_durable_success_event: 0.0000
Metrics/racket_target/post_contact_ready_durable_fail_event: 0.0000
Metrics/racket_target/post_contact_ready_durable_resolution_success_rate: 0.1280
Metrics/racket_target/post_contact_ready_durable_resolution_fail_rate: 0.5716
Metrics/racket_target/post_contact_ready_durable_resolution_success_latency_steps: 35.0000
Metrics/racket_target/post_contact_ready_durable_resolution_fail_latency_steps: 33.1538
Metrics/racket_target/post_contact_ready_durable_fail_backlean_rate: 0.0631
Metrics/racket_target/post_contact_ready_durable_fail_forward_lean_rate: 0.9122
Metrics/racket_target/post_contact_ready_durable_fail_torso_ang_vel_rate: 0.0631
Metrics/racket_target/post_contact_ready_durable_fail_base_lin_vel_rate: 0.0648
Metrics/racket_target/post_contact_ready_durable_fail_base_ang_vel_rate: 0.3640
Metrics/racket_target/post_contact_ready_durable_fail_racket_speed_rate: 0.0631
Metrics/racket_target/post_contact_ready_durable_fail_height_rate: 0.0631
Metrics/racket_target/post_contact_ready_durable_fail_com_x_rate: 0.0663
Metrics/racket_target/post_contact_ready_durable_fail_com_y_rate: 0.0631
Metrics/racket_target/post_contact_ready_durable_fail_feet_rate: 0.0631
Metrics/racket_target/post_contact_ready_durable_fail_station_rate: 0.0633
Metrics/racket_target/post_contact_ready_durable_fail_arm_rate: 0.0631
Metrics/racket_target/post_contact_ready_terminal_window_active: 0.0162
Metrics/racket_target/post_contact_ready_terminal_quality: 0.0218
Metrics/racket_target/post_contact_ready_terminal_settlement_event: 0.0000
Metrics/racket_target/post_contact_ready_operational_ready_now: 0.0162
Metrics/racket_target/post_contact_ready_operational_consecutive_steps: 0.0279
Metrics/racket_target/post_contact_ready_safe_settlement_event: 0.0000
Metrics/racket_target/post_contact_ready_unsafe_settlement_event: 0.0000
Metrics/racket_target/post_contact_ready_incomplete_settlement_event: 0.0000
Metrics/racket_target/post_contact_ready_safe_net_cycle_event: 0.0000
Metrics/racket_target/post_contact_ready_terminal_quality_mean: 0.9181
Metrics/racket_target/post_contact_ready_safe_terminal_quality_mean: 0.9254
Metrics/racket_target/post_contact_ready_terminal_safe_rate: 0.7103
Metrics/racket_target/post_contact_ready_terminal_unsafe_rate: 0.0378
Metrics/racket_target/post_contact_ready_terminal_incomplete_rate: 0.2519
Metrics/racket_target/post_contact_ready_safe_net_cycle_rate: 0.6979
Metrics/racket_target/post_contact_ready_score: 0.7912
Metrics/racket_target/post_contact_ready_now: 0.0523
Metrics/racket_target/post_contact_ready_success_event: 0.0211
Metrics/racket_target/post_contact_ready_fail_event: 0.0000
Metrics/racket_target/post_contact_ready_outcome_tier: -0.1212
Metrics/racket_target/post_contact_ready_face_quality: 0.3917
Metrics/racket_target/post_contact_ready_safe_face_net_cycle_value: 0.0000
Metrics/racket_target/post_contact_ready_planner_speed_ratio: 0.3886
Metrics/racket_target/post_contact_ready_planner_direction_error_rad: 0.1219
Metrics/racket_target/post_contact_ready_planner_position_error: 0.0286
Metrics/racket_target/post_contact_ready_impact_health_score: 0.4375
Metrics/racket_target/post_contact_ready_peak_base_ang_vel: 0.6299
Metrics/racket_target/post_contact_ready_peak_ang_vel_excess_increment: 0.0061
Metrics/racket_target/post_contact_ready_envelope_violation_latch: 0.0154
Metrics/racket_target/post_contact_ready_envelope_violation_event: 0.0000
Metrics/racket_target/post_contact_ready_envelope_first_violation_step: -0.7896
Metrics/racket_target/post_contact_ready_envelope_attempts: 2325.3125
Metrics/racket_target/post_contact_ready_envelope_violation_rate: 0.0307
Metrics/racket_target/post_contact_ready_envelope_tilt_violation_rate: 0.0002
Metrics/racket_target/post_contact_ready_envelope_pitch_violation_rate: 0.0002
Metrics/racket_target/post_contact_ready_envelope_com_violation_rate: 0.0011
Metrics/racket_target/post_contact_ready_envelope_waist_violation_rate: 0.0000
Metrics/racket_target/post_contact_ready_envelope_leg_violation_rate: 0.0000
Metrics/racket_target/post_contact_ready_envelope_base_ang_vel_violation_rate: 0.0301
Metrics/racket_target/post_contact_ready_resolution_success_rate: 0.9348
Metrics/racket_target/post_contact_ready_resolution_fail_rate: 0.0114
Metrics/racket_target/post_contact_ready_resolution_success_latency_steps: 4.8167
Metrics/racket_target/post_contact_ready_resolution_fail_latency_steps: 8.5727
Metrics/racket_target/post_contact_ready_max_tilt: 0.0918
Metrics/racket_target/post_contact_ready_max_abs_pitch: 0.0913
Metrics/racket_target/post_contact_ready_max_com_x: 0.0113
Metrics/racket_target/post_contact_ready_max_com_y: 0.0137
Metrics/racket_target/post_contact_ready_max_waist_overflow: 0.0000
Metrics/racket_target/post_contact_ready_max_leg_overflow: 0.0014
Metrics/racket_target/post_contact_ready_settlement_velocity_score_ema: 0.6401
Metrics/racket_target/post_contact_ready_settlement_position_gate_ema: 0.7763
Metrics/racket_target/post_contact_ready_settlement_health_gate_ema: 0.9788
Metrics/racket_target/post_contact_ready_settlement_recovery_gate_ema: 0.4334
Metrics/racket_target/post_contact_ready_settlement_total_score_ema: 0.2111
Metrics/racket_target/post_contact_recovery_backlean_error: 0.0348
Metrics/racket_target/post_contact_recovery_directional_progress: 0.0000
Metrics/racket_target/post_contact_ready_torso_ok: 0.7981
Metrics/racket_target/post_contact_ready_motion_ok: 0.7297
Metrics/racket_target/post_contact_ready_support_ok: 0.8776
Metrics/racket_target/post_contact_ready_arm_ok: 1.0000
Metrics/racket_target/post_contact_ready_base_lin_vel_ok: 0.8776
Metrics/racket_target/post_contact_ready_base_ang_vel_ok: 0.7463
Metrics/racket_target/post_contact_ready_racket_speed_ok: 0.9771
Metrics/racket_target/post_contact_ready_height_ok: 0.9344
Metrics/racket_target/post_contact_ready_com_x_ok: 0.8776
Metrics/racket_target/post_contact_ready_com_y_ok: 0.9401
Metrics/racket_target/post_contact_ready_feet_ok: 1.0000
Metrics/racket_target/post_contact_ready_station_ok: 0.8838
Metrics/racket_target/post_contact_ready_fail_torso: 0.0000
Metrics/racket_target/post_contact_ready_fail_base_lin_vel: 0.0000
Metrics/racket_target/post_contact_ready_fail_base_ang_vel: 0.0000
Metrics/racket_target/post_contact_ready_fail_racket_speed: 0.0000
Metrics/racket_target/post_contact_ready_fail_support: 0.0000
Metrics/racket_target/post_contact_ready_fail_arm: 0.0000
Metrics/racket_target/post_contact_ready_shadow_now: 0.0000
Metrics/racket_target/post_contact_ready_shadow_consecutive_steps: 0.0000
Metrics/racket_target/post_contact_ready_shadow_success_latch: 0.0000
Metrics/racket_target/post_contact_ready_curriculum_level: 0.0000
Metrics/racket_target/post_contact_ready_curriculum_fraction: 1.0000
Metrics/racket_target/post_contact_ready_curriculum_success_ema: 0.0000
Metrics/racket_target/post_contact_ready_curriculum_shadow_success_ema: 0.0000
Metrics/racket_target/post_contact_ready_curriculum_resolved_events: 0.0000
Metrics/racket_target/post_contact_ready_curriculum_successful_events: 0.0000
Metrics/racket_target/post_contact_ready_curriculum_targeted_attempt_ema: 0.0000
Metrics/racket_target/post_contact_ready_curriculum_return_success_ema: 0.0000
Metrics/racket_target/post_contact_ready_curriculum_completed_swings: 0.0000
Metrics/racket_target/post_contact_ready_curriculum_advance_streak: 0.0000
Metrics/racket_target/post_contact_ready_curriculum_advance_guard_ok: 0.0000
Metrics/racket_target/post_contact_ready_effective_max_torso_ang_vel: 1.5000
Metrics/racket_target/post_contact_ready_effective_torso_x_min: -0.1200
Metrics/racket_target/post_contact_ready_effective_torso_x_max: 0.3200
Metrics/racket_target/post_contact_ready_effective_max_base_lin_vel: 0.4500
Metrics/racket_target/post_contact_ready_effective_max_base_ang_vel: 1.3000
Metrics/racket_target/post_contact_ready_effective_max_racket_speed: 3.0000
Metrics/racket_target/post_contact_ready_effective_min_feet_contact: 0.5000
Metrics/racket_target/post_contact_ready_effective_required_consecutive_steps: 3.0000
Metrics/racket_target/post_contact_ready_effective_deadline_steps: 40.0000
Metrics/racket_target/post_contact_ready_curriculum_advance_threshold: 1.0000
Metrics/racket_target/post_contact_ready_curriculum_advance_min_events: 0.0000
Metrics/racket_target/post_contact_ready_curriculum_shadow_threshold: 1.0000
Metrics/racket_target/post_contact_ready_curriculum_min_targeted_attempt_ema: 0.0000
Metrics/racket_target/post_contact_ready_curriculum_min_return_success_ema: 0.0000
Metrics/racket_target/post_contact_ready_curriculum_min_completed_swings: 1.0000
Metrics/racket_target/post_contact_ready_curriculum_required_advance_checks: 1.0000
Metrics/racket_target/racket_normal_error_deg: 31.8152
Metrics/racket_target/impact_normal_error_deg: 12.1295
Metrics/racket_target/impact_racket_vel_error_mps: 0.6833
Metrics/racket_target/impact_racket_speed_ratio: 0.8677
Metrics/racket_target/impact_racket_vel_angle_deg: 17.8378
Metrics/racket_target/impact_racket_actual_vel_x: 0.7963
Metrics/racket_target/impact_racket_actual_vel_y: 0.0615
Metrics/racket_target/impact_racket_actual_vel_z: 1.2919
Metrics/racket_target/impact_racket_target_vel_x: 1.2069
Metrics/racket_target/impact_racket_target_vel_y: 0.0005
Metrics/racket_target/impact_racket_target_vel_z: 1.3582
Metrics/racket_target/impact_ball_out_error_mps: 4.4870
Metrics/racket_target/impact_face_radial_error_m: 0.0759
Metrics/racket_target/impact_face_normal_gap_m: 0.0654
Metrics/racket_target/impact_face_quality: 0.6468
Metrics/racket_target/impact_center_contact: 0.0188
Metrics/racket_target/impact_center_net_cross: 0.0188
Metrics/racket_target/impact_center_on_opponent: 0.0000
Metrics/racket_target/impact_rim_contact: 0.0031
Metrics/racket_target/impact_rim_net_cross: 0.0031
Metrics/racket_target/impact_rim_on_opponent: 0.0000
Metrics/racket_target/impact_analytic_outer_contact: 0.0000
Metrics/racket_target/impact_analytic_outer_net_cross: 0.0000
Metrics/racket_target/impact_analytic_outer_on_opponent: 0.0000
Metrics/racket_target/impact_planner_pos_error_m: 0.1092
Metrics/racket_target/impact_planner_vel_error_mps: 0.6833
Metrics/racket_target/impact_planner_speed_ratio: 0.8677
Metrics/racket_target/impact_planner_vel_angle_deg: 17.8378
Metrics/racket_target/impact_healthy_normal_ok: 0.0297
Metrics/racket_target/impact_healthy_contact: 0.0219
Metrics/racket_target/impact_healthy_net_cross: 0.0219
Metrics/racket_target/impact_healthy_on_opponent: 0.0000
Metrics/racket_target/current_swing_impact_health_score: 0.4375
Metrics/racket_target/current_swing_healthy_contact: 0.4520
Metrics/racket_target/current_swing_healthy_net_cross: 0.4096
Metrics/racket_target/current_swing_healthy_on_opponent: 0.0172
Metrics/racket_target/current_swing_healthy_normal_ok: 0.7346
Metrics/racket_target/current_swing_contact: 0.4520
Metrics/racket_target/current_swing_net_cross: 0.4096
Metrics/racket_target/current_swing_on_opponent: 0.0172
Metrics/racket_target/current_swing_center_contact: 0.3300
Metrics/racket_target/current_swing_center_net_cross: 0.2876
Metrics/racket_target/current_swing_center_on_opponent: 0.0141
Metrics/racket_target/current_swing_rim_contact: 0.1006
Metrics/racket_target/current_swing_rim_net_cross: 0.1006
Metrics/racket_target/current_swing_rim_on_opponent: 0.0031
Metrics/racket_target/current_swing_analytic_outer_contact: 0.0214
Metrics/racket_target/current_swing_analytic_outer_net_cross: 0.0214
Metrics/racket_target/current_swing_analytic_outer_on_opponent: 0.0000
Metrics/racket_target/cycle_v2_outcome_tier: -1.0000
Metrics/racket_target/cycle_v2_streak: 0.0000
Metrics/racket_target/closed_loop_recovery_trigger_event: 0.0219
Metrics/racket_target/closed_loop_cycle_success_event: 0.0172
Metrics/racket_target/closed_loop_durable_cycle_success_event: 0.0000
Metrics/racket_target/closed_loop_phase_id: 2.6943
Metrics/racket_target/closed_loop_phase_ready_no_command: 0.0091
Metrics/racket_target/closed_loop_phase_command_acquire: 0.0453
Metrics/racket_target/closed_loop_phase_pre_strike: 0.4340
Metrics/racket_target/closed_loop_phase_strike: 0.3010
Metrics/racket_target/closed_loop_phase_follow_through: 0.1862
Metrics/racket_target/closed_loop_phase_recovery: 0.0125
Metrics/racket_target/closed_loop_phase_next_ready: 0.0117
Metrics/racket_target/post_contact_phase_impact_0_100ms_attempts: 2325.3125
Metrics/racket_target/post_contact_phase_impact_0_100ms_tilt_gt_0p1_rate: 1.0000
Metrics/racket_target/post_contact_phase_impact_0_100ms_pitch_gt_0p1_rate: 1.0000
Metrics/racket_target/post_contact_phase_impact_0_100ms_waist_overflow_gt_1p0_rate: 0.0000
Metrics/racket_target/post_contact_phase_impact_0_100ms_base_ang_vel_gt_0p8_rate: 0.9827
Metrics/racket_target/post_contact_phase_brake_100_300ms_attempts: 2179.3125
Metrics/racket_target/post_contact_phase_brake_100_300ms_tilt_gt_0p1_rate: 0.9987
Metrics/racket_target/post_contact_phase_brake_100_300ms_pitch_gt_0p1_rate: 0.9982
Metrics/racket_target/post_contact_phase_brake_100_300ms_waist_overflow_gt_1p0_rate: 0.0000
Metrics/racket_target/post_contact_phase_brake_100_300ms_base_ang_vel_gt_0p8_rate: 0.9873
Metrics/racket_target/post_contact_phase_settle_300_600ms_attempts: 1897.0625
Metrics/racket_target/post_contact_phase_settle_300_600ms_tilt_gt_0p1_rate: 0.7747
Metrics/racket_target/post_contact_phase_settle_300_600ms_pitch_gt_0p1_rate: 0.7173
Metrics/racket_target/post_contact_phase_settle_300_600ms_waist_overflow_gt_1p0_rate: 0.0000
Metrics/racket_target/post_contact_phase_settle_300_600ms_base_ang_vel_gt_0p8_rate: 0.9777
Metrics/racket_target/post_contact_phase_ready_after_600ms_attempts: 1551.7188
Metrics/racket_target/post_contact_phase_ready_after_600ms_tilt_gt_0p1_rate: 0.4559
Metrics/racket_target/post_contact_phase_ready_after_600ms_pitch_gt_0p1_rate: 0.3703
Metrics/racket_target/post_contact_phase_ready_after_600ms_waist_overflow_gt_1p0_rate: 0.0000
Metrics/racket_target/post_contact_phase_ready_after_600ms_base_ang_vel_gt_0p8_rate: 0.9399
Metrics/racket_target/base_pitch_like_signed: -0.1756
Metrics/racket_target/base_backward_velocity: 0.1778
Metrics/racket_target/waist_action_rms: 0.3720
Metrics/racket_target/right_arm_action_rms: 3.7344
Metrics/racket_target/leg_action_rms: 0.4333
Metrics/racket_target/action_abs_max: 6.5714
Metrics/racket_target/applied_action_abs_max: 6.4292
Metrics/racket_target/leg_action_abs_max: 0.8290
Metrics/racket_target/effective_action_abs_max: 6.4292
Metrics/racket_target/action_clamp_fraction: 0.0025
Metrics/racket_target/waist_action_clamp_fraction: 0.0021
Metrics/racket_target/right_arm_action_clamp_fraction: 0.0006
Metrics/racket_target/leg_action_clamp_fraction: 0.0056
Metrics/racket_target/waist_q_tracking_error_rms: 0.3699
Metrics/racket_target/right_arm_q_tracking_error_rms: 0.1501
Metrics/racket_target/leg_q_tracking_error_rms: 0.2093
Metrics/racket_target/waist_torque_clip_fraction: 0.0000
Metrics/racket_target/right_arm_torque_clip_fraction: 0.0000
Metrics/racket_target/leg_torque_clip_fraction: 0.0000
Metrics/racket_target/waist_action_delta_rms: 0.1408
Metrics/racket_target/right_arm_action_delta_rms: 0.8997
Metrics/racket_target/leg_action_delta_rms: 0.2582
Metrics/racket_target/waist_joint_vel_rms: 0.7986
Metrics/racket_target/right_arm_joint_vel_rms: 1.2732
Metrics/racket_target/leg_joint_vel_rms: 0.6758
Metrics/racket_target/recovery_leg_action_abs_max: 0.4940
Metrics/racket_target/recovery_leg_action_delta_rms: 0.1570
Metrics/racket_target/recovery_leg_joint_vel_rms: 0.3896
      Episode_Termination/time_out: 4.1250
  Episode_Termination/base_too_low: 0.0000
   Episode_Termination/base_tilted: 0.5000
   Episode_Termination/table_touch: 0.0938
Episode_Termination/persistent_action_overflow: 0.0000
--------------------------------------------------------------------------------
                   Total timesteps: 524288
                    Iteration time: 2.33s
                      Time elapsed: 00:00:18
                               ETA: 00:00:29

################################################################################
                     [1m Learning iteration 1808/1820 [0m                     

                       Computation: 28286 steps/s (collection: 2.302s, learning 0.015s)
             Mean action noise std: 0.45
          Mean value_function loss: 0.1760
               Mean surrogate loss: -0.0000
                 Mean entropy loss: 2.8121
      Mean critic_only_warmup loss: 1.0000
                       Mean reward: 9.03
               Mean episode length: 265.78
 Episode_Reward/undesired_contacts: 0.0000
  Episode_Reward/feet_contact_slip: -0.0015
     Episode_Reward/table_no_touch: -0.0003
              Episode_Reward/alive: 0.0053
            Episode_Reward/upright: -0.0045
          Episode_Reward/imitation: 0.2210
    Episode_Reward/racket_position: 0.0488
Episode_Reward/backhand_racket_position: 0.0214
    Episode_Reward/racket_velocity: 0.0313
Episode_Reward/planner_racket_task_space_crossfade: 0.1978
Episode_Reward/exact_impact_planner_task_space_alignment: 0.0052
    Episode_Reward/blade_direction: 0.0289
Episode_Reward/health_gated_soft_ball_contact: 0.0316
Episode_Reward/health_gated_backhand_soft_ball_contact: 0.0196
Episode_Reward/health_gated_ball_contact: 0.0062
Episode_Reward/healthy_trunk_support: 0.0492
Episode_Reward/targeted_strike_attempt: 0.0072
  Episode_Reward/strike_inactivity: -0.0000
 Episode_Reward/pre_strike_station: 0.0433
    Episode_Reward/recovery_health: 0.0292
Episode_Reward/no_command_ready_stability: 0.0013
Episode_Reward/post_strike_base_ang_vel: 0.0055
Episode_Reward/phase_action_overflow: -0.0001
     Episode_Reward/strike_balance: 0.0185
Episode_Reward/prestrike_station_progress: 0.0090
 Episode_Reward/lower_body_support: 0.0272
Episode_Reward/termination_penalty: -0.0077
Episode_Reward/phase_action_rate_waist: -0.0002
Episode_Reward/phase_action_rate_upper: -0.0035
Episode_Reward/phase_action_rate_legs: -0.0002
        Episode_Reward/joint_limit: -0.0202
Episode_Reward/prestrike_racket_progress: 0.1173
Episode_Reward/near_impact_planner_velocity_progress: 0.0286
Episode_Reward/operational_joint_margin: -0.0042
  Episode_Reward/joint_target_slew: -0.0176
Episode_Reward/actuator_waist_feasibility: -0.0000
Episode_Reward/actuator_right_arm_feasibility: -0.0000
Episode_Reward/actuator_leg_feasibility: -0.0000
Episode_Reward/terminal_quality_window: 0.0009
Episode_Reward/safe_terminal_quality: 0.0015
Episode_Reward/unsafe_terminal_recovery: -0.0000
Episode_Reward/capability_gated_safe_terminal_outcome: 0.0102
    Metrics/motion/error_joint_pos: 1.1272
    Metrics/motion/error_joint_vel: 4.5015
     Metrics/motion/error_body_pos: 0.0944
     Metrics/motion/error_body_rot: 0.3221
       Metrics/motion/motion_phase: 0.6346
            Metrics/motion/in_hold: 0.0529
Metrics/motion/motion_start_warmup_prob: 0.8000
Metrics/motion/motion_start_lifecycle_progress: 0.0000
Metrics/motion/motion_start_effective_prestrike_fraction: 1.0000
Metrics/motion/motion_start_effective_recovery_fraction: 0.0000
Metrics/motion/motion_start_effective_rsi_fraction: 0.0000
 Metrics/motion/motion_start_reset: 0.0000
Metrics/motion/motion_start_prestrike_reset: 0.0000
Metrics/motion/motion_start_recovery_reset: 0.0000
Metrics/motion/motion_start_rsi_reset: 0.0000
 Metrics/motion/single_cycle_reset: 0.0000
     Metrics/motion/motion_clip_id: 0.6208
Metrics/motion/motion_supplemental_clip: 0.0000
      Metrics/motion/stand_episode: 0.0404
Metrics/motion/default_stand_reset: 0.0665
Metrics/motion/error_body_pos_lower: 0.1025
Metrics/motion/error_body_rot_lower: 0.3429
Metrics/motion/error_body_lin_vel_lower: 0.1196
Metrics/motion/error_body_ang_vel_lower: 0.6568
Metrics/motion/reference_body_lin_speed_lower: 0.0157
Metrics/motion/robot_body_lin_speed_lower: 0.1159
Metrics/motion/error_body_pos_core: 0.0618
Metrics/motion/error_body_rot_core: 0.2311
Metrics/motion/error_body_lin_vel_core: 0.1805
Metrics/motion/error_body_ang_vel_core: 0.7730
Metrics/motion/reference_body_lin_speed_core: 0.0156
Metrics/motion/robot_body_lin_speed_core: 0.1810
Metrics/motion/error_body_pos_upper: 0.0971
Metrics/motion/error_body_rot_upper: 0.3315
Metrics/motion/error_body_lin_vel_upper: 0.4049
Metrics/motion/error_body_ang_vel_upper: 1.5732
Metrics/motion/reference_body_lin_speed_upper: 0.0412
Metrics/motion/robot_body_lin_speed_upper: 0.4029
Metrics/motion/error_joint_pos_waist: 0.2486
Metrics/motion/error_joint_vel_waist: 1.0047
Metrics/motion/reference_joint_speed_waist: 0.0175
Metrics/motion/error_joint_pos_arms: 0.9415
Metrics/motion/error_joint_vel_arms: 3.6789
Metrics/motion/reference_joint_speed_arms: 0.0909
Metrics/motion/error_joint_pos_legs: 0.5380
Metrics/motion/error_joint_vel_legs: 2.1189
Metrics/motion/reference_joint_speed_legs: 0.0051
Metrics/racket_target/racket_pos_error: 0.1154
Metrics/racket_target/racket_vel_error: 1.3493
Metrics/racket_target/time_to_strike: -0.7309
Metrics/racket_target/return_success: 0.0063
Metrics/racket_target/prev_return_success: 0.0311
Metrics/racket_target/prev_net_cross: 0.6568
Metrics/racket_target/current_net_cross: 0.6274
Metrics/racket_target/racket_pos_curriculum_scale: 1.0000
Metrics/racket_target/impact_inverse_command_blend: 0.0000
Metrics/racket_target/steps_since_target_resample: 118.7187
Metrics/racket_target/recovery_height_error: 0.0267
Metrics/racket_target/recovery_upright_error: 0.1204
Metrics/racket_target/recovery_base_lin_vel: 0.1467
Metrics/racket_target/recovery_base_ang_vel: 0.8770
Metrics/racket_target/recovery_station_error: 0.0694
Metrics/racket_target/recovery_feet_contact_frac: 0.9873
Metrics/racket_target/recovery_racket_speed: 0.8000
Metrics/racket_target/recovery_height_score: 0.9148
Metrics/racket_target/recovery_upright_score: 0.8232
Metrics/racket_target/recovery_lin_vel_score: 0.8185
Metrics/racket_target/recovery_ang_vel_score: 0.3849
Metrics/racket_target/recovery_station_score: 0.8919
Metrics/racket_target/recovery_racket_score: 0.4447
Metrics/racket_target/recovery_arm_score: 0.8640
Metrics/racket_target/recovery_ready_score: 0.7754
Metrics/racket_target/recovery_anchor_arm_score: 1.0000
Metrics/racket_target/recovery_core_ready_score: 0.6504
Metrics/racket_target/recovery_functional_ready_score: 0.5924
Metrics/racket_target/waist_action_overflow_rms: 0.0000
Metrics/racket_target/right_arm_action_overflow_rms: 0.0000
Metrics/racket_target/leg_action_overflow_rms: 0.0060
Metrics/racket_target/operational_margin_fraction: 0.0035
Metrics/racket_target/waist_operational_margin_fraction: 0.0013
Metrics/racket_target/right_arm_operational_margin_fraction: 0.0009
Metrics/racket_target/leg_operational_margin_fraction: 0.0082
Metrics/racket_target/waist_operational_excess_rms: 0.0000
Metrics/racket_target/right_arm_operational_excess_rms: 0.0000
Metrics/racket_target/leg_operational_excess_rms: 0.0036
Metrics/racket_target/q_des_velocity_violation_fraction: 0.0610
Metrics/racket_target/waist_q_des_velocity_violation_fraction: 0.0012
Metrics/racket_target/right_arm_q_des_velocity_violation_fraction: 0.0827
Metrics/racket_target/leg_q_des_velocity_violation_fraction: 0.0825
Metrics/racket_target/q_des_acceleration_violation_fraction: 0.6945
Metrics/racket_target/waist_q_des_acceleration_violation_fraction: 0.5265
Metrics/racket_target/right_arm_q_des_acceleration_violation_fraction: 0.7900
Metrics/racket_target/leg_q_des_acceleration_violation_fraction: 0.7760
Metrics/racket_target/waist_q_des_velocity_rms: 2.7893
Metrics/racket_target/right_arm_q_des_velocity_rms: 7.5961
Metrics/racket_target/leg_q_des_velocity_rms: 6.5159
Metrics/racket_target/waist_q_des_acceleration_rms: 232.7655
Metrics/racket_target/right_arm_q_des_acceleration_rms: 667.3995
Metrics/racket_target/leg_q_des_acceleration_rms: 557.5295
Metrics/racket_target/action_operational_feasibility_score: 0.9664
Metrics/racket_target/actuator_overflow_consecutive_steps: 0.0000
Metrics/racket_target/actuator_overflow_severe: 0.0000
Metrics/racket_target/recovery_phase_gate: 0.9847
Metrics/racket_target/recovery_phase_ready_score: 0.7734
Metrics/racket_target/recovery_contact_ready_score: 0.5389
Metrics/racket_target/recovery_net_ready_score: 0.5146
Metrics/racket_target/recovery_return_ready_score: 0.0048
Metrics/racket_target/cycle_success_ready_score: 0.0000
Metrics/racket_target/cycle_success_soft: 0.0000
Metrics/racket_target/cycle_success_binary: 0.0000
Metrics/racket_target/cycle_v2_pending: 0.0000
Metrics/racket_target/cycle_v2_attempt_latch: 0.0000
Metrics/racket_target/cycle_v2_ready_success_latch: 0.0000
Metrics/racket_target/cycle_v2_ready_fail_latch: 0.0000
Metrics/racket_target/cycle_v2_attempt_event: 0.0000
Metrics/racket_target/cycle_v2_ready_success_event: 0.0000
Metrics/racket_target/cycle_v2_ready_fail_event: 0.0000
Metrics/racket_target/cycle_v2_unresolved_resample_fail_event: 0.0000
Metrics/racket_target/cycle_v2_resolved_event: 0.0000
Metrics/racket_target/cycle_v2_command_visible_steps: 0.0000
Metrics/racket_target/cycle_v2_elapsed_steps: 0.0000
Metrics/racket_target/cycle_v2_ready_score: 0.0000
Metrics/racket_target/cycle_v2_ready_ok: 0.0000
Metrics/racket_target/cycle_v2_visible: 0.0000
Metrics/racket_target/cycle_v2_ready_score_ok: 0.0000
Metrics/racket_target/cycle_v2_height_ok: 0.0000
Metrics/racket_target/cycle_v2_upright_ok: 0.0000
Metrics/racket_target/cycle_v2_base_lin_vel_ok: 0.0000
Metrics/racket_target/cycle_v2_base_ang_vel_ok: 0.0000
Metrics/racket_target/cycle_v2_feet_ok: 0.0000
Metrics/racket_target/cycle_v2_core_ready_ok: 0.0000
Metrics/racket_target/cycle_v2_ready_consecutive_steps: 0.0000
Metrics/racket_target/single_cycle_bootstrap: 0.0000
Metrics/racket_target/single_cycle_swing_completed: 0.0000
Metrics/racket_target/single_cycle_recovery_active: 0.0000
Metrics/racket_target/single_cycle_recovery_elapsed_steps: 0.0000
Metrics/racket_target/single_cycle_ready_consecutive_steps: 0.0000
Metrics/racket_target/single_cycle_safe_timeout_event: 0.0000
Metrics/racket_target/single_cycle_deadline_timeout_event: 0.0000
Metrics/racket_target/single_cycle_timeout_latch: 0.0000
Metrics/racket_target/single_cycle_hard_failure_event: 0.0000
Metrics/racket_target/single_cycle_probability: 0.0000
Metrics/racket_target/single_cycle_curriculum_level: 0.0000
Metrics/racket_target/single_cycle_effective_deadline_steps: 100.0000
Metrics/racket_target/single_cycle_selected_events: 0.0000
Metrics/racket_target/single_cycle_completed_events: 0.0000
Metrics/racket_target/single_cycle_safe_timeout_events: 0.0000
Metrics/racket_target/single_cycle_deadline_timeout_events: 0.0000
Metrics/racket_target/single_cycle_hard_failure_events: 0.0000
Metrics/racket_target/active_ready_consecutive_steps: 0.0000
Metrics/racket_target/active_ready_success_event: 0.0000
Metrics/racket_target/active_ready_success_latch: 0.0000
Metrics/racket_target/active_ready_survival_steps: 0.0000
Metrics/racket_target/active_ready_survival_next_milestone: 0.0000
Metrics/racket_target/active_ready_survival_milestone_event: 0.0000
Metrics/racket_target/no_command_ready_active: 0.0404
Metrics/racket_target/no_command_from_stand_episode: 0.0404
Metrics/racket_target/no_command_from_default_stand_reset: 0.0404
Metrics/racket_target/no_command_ready_upright_ok: 0.0263
Metrics/racket_target/no_command_ready_motion_ok: 0.0045
Metrics/racket_target/no_command_ready_score: 0.0195
Metrics/racket_target/no_command_ready_progress: -0.0242
Metrics/racket_target/no_command_ready_station_error: 0.0094
Metrics/racket_target/no_command_ready_fixed_station_error: 0.0094
Metrics/racket_target/healthy_training_stage: 3.0000
Metrics/racket_target/healthy_stage_planted_rehearsal: 0.0000
Metrics/racket_target/healthy_stage_station_hold_seen: 0.0000
Metrics/racket_target/healthy_stage_station_arrived: 0.0000
Metrics/racket_target/healthy_stage_station_settled: 0.0000
Metrics/racket_target/healthy_stage_station_settle_steps: 0.0000
Metrics/racket_target/station_relocation_active: 0.0000
Metrics/racket_target/station_relocation_target_offset_y: 0.0000
Metrics/racket_target/station_relocation_error: 0.0000
Metrics/racket_target/station_relocation_arrival_event: 0.0000
Metrics/racket_target/station_relocation_settle_event: 0.0000
Metrics/racket_target/station_relocation_release_event: 0.0000
Metrics/racket_target/station_relocation_timeout_event: 0.0000
Metrics/racket_target/station_relocation_elapsed_steps: 0.0000
Metrics/racket_target/station_relocation_hold_deadline_steps: 0.0000
Metrics/racket_target/lifecycle_recovery_hold_active: 0.0000
Metrics/racket_target/lifecycle_recovery_release_success_event: 0.0000
Metrics/racket_target/lifecycle_recovery_release_fail_event: 0.0000
Metrics/racket_target/station_relocation_level: 0.0000
Metrics/racket_target/station_relocation_arrival_ema: 0.0000
Metrics/racket_target/station_relocation_settle_ema: 0.0000
Metrics/racket_target/station_relocation_contact_ema: 0.0000
Metrics/racket_target/station_relocation_safety_ema: 0.0000
Metrics/racket_target/station_relocation_resolved_events: 0.0000
Metrics/racket_target/station_relocation_terminal_reset_events: 0.0000
Metrics/racket_target/station_relocation_advance_streak: 0.0000
Metrics/racket_target/station_relocation_regress_streak: 0.0000
Metrics/racket_target/station_relocation_effective_max_lin_vel: 0.0000
Metrics/racket_target/station_relocation_effective_max_ang_vel: 0.0000
Metrics/racket_target/station_relocation_effective_min_settle_steps: 0.0000
Metrics/racket_target/ability_curriculum_level: 0.0000
Metrics/racket_target/ability_curriculum_scale: 1.0000
Metrics/racket_target/ability_curriculum_resolved_events: 1815.6875
Metrics/racket_target/ability_curriculum_total_resolved_events: 1815.6875
Metrics/racket_target/ability_curriculum_advance_streak: 0.0000
Metrics/racket_target/ability_curriculum_regress_streak: 0.0000
Metrics/racket_target/ability_contact_ema: 0.7108
Metrics/racket_target/ability_net_ema: 0.6968
Metrics/racket_target/ability_success_ema: 0.0002
Metrics/racket_target/ability_recovery_ema: 0.7969
Metrics/racket_target/ability_cycle_ema: 0.0002
Metrics/racket_target/ability_cycle_attempt_ema: 0.0002
Metrics/racket_target/ability_cycle_resolved_ema: 0.0002
Metrics/racket_target/ability_forehand_contact_ema: 0.6839
Metrics/racket_target/ability_forehand_net_ema: 0.6717
Metrics/racket_target/ability_forehand_success_ema: 0.0005
Metrics/racket_target/ability_backhand_contact_ema: 0.7096
Metrics/racket_target/ability_backhand_net_ema: 0.6954
Metrics/racket_target/ability_backhand_success_ema: 0.0000
Metrics/racket_target/ability_attempt_ema: 1.0000
Metrics/racket_target/ability_targeted_attempt_ema: 0.9999
Metrics/racket_target/impact_health_floor_progress: 0.0000
Metrics/racket_target/ability_safety_ema: 0.9543
Metrics/racket_target/ability_station_saturation_ema: 0.0000
Metrics/racket_target/ability_healthy_normal_ema: 1.0000
Metrics/racket_target/ability_station_arrival_ema: 0.0000
Metrics/racket_target/ability_station_settle_ema: 0.0000
Metrics/racket_target/safe_outcome_capability_gate: 0.3622
Metrics/racket_target/planner_hit_plane_blend: 1.0000
Metrics/racket_target/planner_hit_plane_x_delta: 0.0369
Metrics/racket_target/true_strike_table_x: 0.2000
Metrics/racket_target/planner_target_table_x: 0.2000
Metrics/racket_target/workspace_level: 0.0000
Metrics/racket_target/workspace_fringe_sample: 0.0000
Metrics/racket_target/workspace_target_lateral_norm: 0.2909
Metrics/racket_target/workspace_target_table_y: -0.2102
Metrics/racket_target/workspace_playable_y_min: -0.7225
Metrics/racket_target/workspace_playable_y_max: 0.7225
Metrics/racket_target/workspace_active_y_lo: -0.2755
Metrics/racket_target/workspace_active_y_hi: -0.1441
Metrics/racket_target/workspace_motion_seed_blend: 0.0000
Metrics/racket_target/planner_perturb_curriculum_scale: 1.0000
Metrics/racket_target/incoming_ball_horizontal_speed: 2.2493
Metrics/racket_target/incoming_ball_speed: 4.6112
Metrics/racket_target/incoming_ball_speed_curriculum_level: 0.0000
Metrics/racket_target/incoming_ball_speed_sample_low: 0.0000
Metrics/racket_target/incoming_ball_speed_sample_high: 0.0000
Metrics/racket_target/station_saturated: 0.0000
Metrics/racket_target/station_raw_clip_excess: 0.0000
Metrics/racket_target/station_saturated_x: 0.0000
Metrics/racket_target/station_saturated_y: 0.0000
Metrics/racket_target/station_raw_clip_excess_x: 0.0000
Metrics/racket_target/station_raw_clip_excess_y: 0.0000
Metrics/racket_target/current_swing_opportunity: 0.9318
Metrics/racket_target/current_swing_attempt: 0.9318
Metrics/racket_target/current_swing_targeted_attempt: 0.9147
Metrics/racket_target/prev_swing_targeted_attempt: 0.9335
Metrics/racket_target/current_swing_unsafe: 0.0357
Metrics/racket_target/current_swing_station_saturated: 0.0000
Metrics/racket_target/impact_health_score: 0.9275
Metrics/racket_target/impact_health_ok: 0.9299
Metrics/racket_target/impact_health_backlean_violation: 0.0062
Metrics/racket_target/impact_health_waist_backfold: 0.0000
Metrics/racket_target/impact_health_base_retreat: 0.0382
Metrics/racket_target/impact_health_torso_gravity_x: 0.3238
Metrics/racket_target/impact_health_torso_ang_vel: 0.3709
Metrics/racket_target/impact_health_com_x: 0.0372
Metrics/racket_target/impact_health_com_y: 0.0236
Metrics/racket_target/post_contact_ready_pending: 0.0000
Metrics/racket_target/post_contact_ready_elapsed_steps: 3.1821
Metrics/racket_target/post_contact_ready_consecutive_steps: 0.0000
Metrics/racket_target/post_contact_ready_diagnostic_pending: 0.1814
Metrics/racket_target/post_contact_ready_diagnostic_elapsed_steps: 23.4002
Metrics/racket_target/post_contact_ready_durable_pending: 0.1339
Metrics/racket_target/post_contact_ready_durable_consecutive_steps: 0.4324
Metrics/racket_target/post_contact_ready_durable_ready_now: 0.0771
Metrics/racket_target/post_contact_ready_durable_success_event: 0.0000
Metrics/racket_target/post_contact_ready_durable_fail_event: 0.0308
Metrics/racket_target/post_contact_ready_durable_resolution_success_rate: 0.2027
Metrics/racket_target/post_contact_ready_durable_resolution_fail_rate: 0.6803
Metrics/racket_target/post_contact_ready_durable_resolution_success_latency_steps: 35.0000
Metrics/racket_target/post_contact_ready_durable_resolution_fail_latency_steps: 33.1150
Metrics/racket_target/post_contact_ready_durable_fail_backlean_rate: 0.0638
Metrics/racket_target/post_contact_ready_durable_fail_forward_lean_rate: 0.8888
Metrics/racket_target/post_contact_ready_durable_fail_torso_ang_vel_rate: 0.0638
Metrics/racket_target/post_contact_ready_durable_fail_base_lin_vel_rate: 0.0655
Metrics/racket_target/post_contact_ready_durable_fail_base_ang_vel_rate: 0.3761
Metrics/racket_target/post_contact_ready_durable_fail_racket_speed_rate: 0.0638
Metrics/racket_target/post_contact_ready_durable_fail_height_rate: 0.0638
Metrics/racket_target/post_contact_ready_durable_fail_com_x_rate: 0.0667
Metrics/racket_target/post_contact_ready_durable_fail_com_y_rate: 0.0638
Metrics/racket_target/post_contact_ready_durable_fail_feet_rate: 0.0638
Metrics/racket_target/post_contact_ready_durable_fail_station_rate: 0.0644
Metrics/racket_target/post_contact_ready_durable_fail_arm_rate: 0.0638
Metrics/racket_target/post_contact_ready_terminal_window_active: 0.0795
Metrics/racket_target/post_contact_ready_terminal_quality: 0.5386
Metrics/racket_target/post_contact_ready_terminal_settlement_event: 0.0308
Metrics/racket_target/post_contact_ready_operational_ready_now: 0.0795
Metrics/racket_target/post_contact_ready_operational_consecutive_steps: 0.2305
Metrics/racket_target/post_contact_ready_safe_settlement_event: 0.0246
Metrics/racket_target/post_contact_ready_unsafe_settlement_event: 0.0000
Metrics/racket_target/post_contact_ready_incomplete_settlement_event: 0.0063
Metrics/racket_target/post_contact_ready_safe_net_cycle_event: 0.0246
Metrics/racket_target/post_contact_ready_terminal_quality_mean: 0.9231
Metrics/racket_target/post_contact_ready_safe_terminal_quality_mean: 0.9306
Metrics/racket_target/post_contact_ready_terminal_safe_rate: 0.7203
Metrics/racket_target/post_contact_ready_terminal_unsafe_rate: 0.0342
Metrics/racket_target/post_contact_ready_terminal_incomplete_rate: 0.2455
Metrics/racket_target/post_contact_ready_safe_net_cycle_rate: 0.7043
Metrics/racket_target/post_contact_ready_score: 0.8496
Metrics/racket_target/post_contact_ready_now: 0.0000
Metrics/racket_target/post_contact_ready_success_event: 0.0000
Metrics/racket_target/post_contact_ready_fail_event: 0.0000
Metrics/racket_target/post_contact_ready_outcome_tier: 0.2907
Metrics/racket_target/post_contact_ready_face_quality: 0.5487
Metrics/racket_target/post_contact_ready_safe_face_net_cycle_value: 0.0246
Metrics/racket_target/post_contact_ready_planner_speed_ratio: 0.5763
Metrics/racket_target/post_contact_ready_planner_direction_error_rad: 0.1675
Metrics/racket_target/post_contact_ready_planner_position_error: 0.0433
Metrics/racket_target/post_contact_ready_impact_health_score: 0.6401
Metrics/racket_target/post_contact_ready_peak_base_ang_vel: 0.9791
Metrics/racket_target/post_contact_ready_peak_ang_vel_excess_increment: 0.0000
Metrics/racket_target/post_contact_ready_envelope_violation_latch: 0.0232
Metrics/racket_target/post_contact_ready_envelope_violation_event: 0.0000
Metrics/racket_target/post_contact_ready_envelope_first_violation_step: -0.7818
Metrics/racket_target/post_contact_ready_envelope_attempts: 2573.4062
Metrics/racket_target/post_contact_ready_envelope_violation_rate: 0.0344
Metrics/racket_target/post_contact_ready_envelope_tilt_violation_rate: 0.0004
Metrics/racket_target/post_contact_ready_envelope_pitch_violation_rate: 0.0004
Metrics/racket_target/post_contact_ready_envelope_com_violation_rate: 0.0012
Metrics/racket_target/post_contact_ready_envelope_waist_violation_rate: 0.0000
Metrics/racket_target/post_contact_ready_envelope_leg_violation_rate: 0.0000
Metrics/racket_target/post_contact_ready_envelope_base_ang_vel_violation_rate: 0.0337
Metrics/racket_target/post_contact_ready_resolution_success_rate: 0.9787
Metrics/racket_target/post_contact_ready_resolution_fail_rate: 0.0119
Metrics/racket_target/post_contact_ready_resolution_success_latency_steps: 4.8821
Metrics/racket_target/post_contact_ready_resolution_fail_latency_steps: 8.5143
Metrics/racket_target/post_contact_ready_max_tilt: 0.1374
Metrics/racket_target/post_contact_ready_max_abs_pitch: 0.1370
Metrics/racket_target/post_contact_ready_max_com_x: 0.0154
Metrics/racket_target/post_contact_ready_max_com_y: 0.0199
Metrics/racket_target/post_contact_ready_max_waist_overflow: 0.0000
Metrics/racket_target/post_contact_ready_max_leg_overflow: 0.0000
Metrics/racket_target/post_contact_ready_settlement_velocity_score_ema: 0.6242
Metrics/racket_target/post_contact_ready_settlement_position_gate_ema: 0.7649
Metrics/racket_target/post_contact_ready_settlement_health_gate_ema: 0.9780
Metrics/racket_target/post_contact_ready_settlement_recovery_gate_ema: 0.3983
Metrics/racket_target/post_contact_ready_settlement_total_score_ema: 0.1864
Metrics/racket_target/post_contact_recovery_backlean_error: 0.0352
Metrics/racket_target/post_contact_recovery_directional_progress: 0.0000
Metrics/racket_target/post_contact_ready_torso_ok: 0.3724
Metrics/racket_target/post_contact_ready_motion_ok: 0.8287
Metrics/racket_target/post_contact_ready_support_ok: 0.9362
Metrics/racket_target/post_contact_ready_arm_ok: 1.0000
Metrics/racket_target/post_contact_ready_base_lin_vel_ok: 0.9362
Metrics/racket_target/post_contact_ready_base_ang_vel_ok: 0.8388
Metrics/racket_target/post_contact_ready_racket_speed_ok: 0.9768
Metrics/racket_target/post_contact_ready_height_ok: 0.9643
Metrics/racket_target/post_contact_ready_com_x_ok: 0.9424
Metrics/racket_target/post_contact_ready_com_y_ok: 0.9659
Metrics/racket_target/post_contact_ready_feet_ok: 1.0000
Metrics/racket_target/post_contact_ready_station_ok: 0.9362
Metrics/racket_target/post_contact_ready_fail_torso: 0.0000
Metrics/racket_target/post_contact_ready_fail_base_lin_vel: 0.0000
Metrics/racket_target/post_contact_ready_fail_base_ang_vel: 0.0000
Metrics/racket_target/post_contact_ready_fail_racket_speed: 0.0000
Metrics/racket_target/post_contact_ready_fail_support: 0.0000
Metrics/racket_target/post_contact_ready_fail_arm: 0.0000
Metrics/racket_target/post_contact_ready_shadow_now: 0.0000
Metrics/racket_target/post_contact_ready_shadow_consecutive_steps: 0.0000
Metrics/racket_target/post_contact_ready_shadow_success_latch: 0.0000
Metrics/racket_target/post_contact_ready_curriculum_level: 0.0000
Metrics/racket_target/post_contact_ready_curriculum_fraction: 1.0000
Metrics/racket_target/post_contact_ready_curriculum_success_ema: 0.0000
Metrics/racket_target/post_contact_ready_curriculum_shadow_success_ema: 0.0000
Metrics/racket_target/post_contact_ready_curriculum_resolved_events: 0.0000
Metrics/racket_target/post_contact_ready_curriculum_successful_events: 0.0000
Metrics/racket_target/post_contact_ready_curriculum_targeted_attempt_ema: 0.0000
Metrics/racket_target/post_contact_ready_curriculum_return_success_ema: 0.0000
Metrics/racket_target/post_contact_ready_curriculum_completed_swings: 0.0000
Metrics/racket_target/post_contact_ready_curriculum_advance_streak: 0.0000
Metrics/racket_target/post_contact_ready_curriculum_advance_guard_ok: 0.0000
Metrics/racket_target/post_contact_ready_effective_max_torso_ang_vel: 1.5000
Metrics/racket_target/post_contact_ready_effective_torso_x_min: -0.1200
Metrics/racket_target/post_contact_ready_effective_torso_x_max: 0.3200
Metrics/racket_target/post_contact_ready_effective_max_base_lin_vel: 0.4500
Metrics/racket_target/post_contact_ready_effective_max_base_ang_vel: 1.3000
Metrics/racket_target/post_contact_ready_effective_max_racket_speed: 3.0000
Metrics/racket_target/post_contact_ready_effective_min_feet_contact: 0.5000
Metrics/racket_target/post_contact_ready_effective_required_consecutive_steps: 3.0000
Metrics/racket_target/post_contact_ready_effective_deadline_steps: 40.0000
Metrics/racket_target/post_contact_ready_curriculum_advance_threshold: 1.0000
Metrics/racket_target/post_contact_ready_curriculum_advance_min_events: 0.0000
Metrics/racket_target/post_contact_ready_curriculum_shadow_threshold: 1.0000
Metrics/racket_target/post_contact_ready_curriculum_min_targeted_attempt_ema: 0.0000
Metrics/racket_target/post_contact_ready_curriculum_min_return_success_ema: 0.0000
Metrics/racket_target/post_contact_ready_curriculum_min_completed_swings: 1.0000
Metrics/racket_target/post_contact_ready_curriculum_required_advance_checks: 1.0000
Metrics/racket_target/racket_normal_error_deg: 48.5629
Metrics/racket_target/impact_normal_error_deg: 12.3895
Metrics/racket_target/impact_racket_vel_error_mps: 0.5690
Metrics/racket_target/impact_racket_speed_ratio: 0.8324
Metrics/racket_target/impact_racket_vel_angle_deg: 14.2328
Metrics/racket_target/impact_racket_actual_vel_x: 0.8367
Metrics/racket_target/impact_racket_actual_vel_y: 0.0042
Metrics/racket_target/impact_racket_actual_vel_z: 1.2971
Metrics/racket_target/impact_racket_target_vel_x: 1.1984
Metrics/racket_target/impact_racket_target_vel_y: -0.0169
Metrics/racket_target/impact_racket_target_vel_z: 1.3257
Metrics/racket_target/impact_ball_out_error_mps: 4.3217
Metrics/racket_target/impact_face_radial_error_m: 0.0577
Metrics/racket_target/impact_face_normal_gap_m: 0.0457
Metrics/racket_target/impact_face_quality: 0.6384
Metrics/racket_target/impact_center_contact: 0.0000
Metrics/racket_target/impact_center_net_cross: 0.0000
Metrics/racket_target/impact_center_on_opponent: 0.0000
Metrics/racket_target/impact_rim_contact: 0.0000
Metrics/racket_target/impact_rim_net_cross: 0.0000
Metrics/racket_target/impact_rim_on_opponent: 0.0000
Metrics/racket_target/impact_analytic_outer_contact: 0.0000
Metrics/racket_target/impact_analytic_outer_net_cross: 0.0000
Metrics/racket_target/impact_analytic_outer_on_opponent: 0.0000
Metrics/racket_target/impact_planner_pos_error_m: 0.0803
Metrics/racket_target/impact_planner_vel_error_mps: 0.5690
Metrics/racket_target/impact_planner_speed_ratio: 0.8324
Metrics/racket_target/impact_planner_vel_angle_deg: 14.2328
Metrics/racket_target/impact_healthy_normal_ok: 0.0000
Metrics/racket_target/impact_healthy_contact: 0.0000
Metrics/racket_target/impact_healthy_net_cross: 0.0000
Metrics/racket_target/impact_healthy_on_opponent: 0.0000
Metrics/racket_target/current_swing_impact_health_score: 0.6401
Metrics/racket_target/current_swing_healthy_contact: 0.6571
Metrics/racket_target/current_swing_healthy_net_cross: 0.6274
Metrics/racket_target/current_swing_healthy_on_opponent: 0.0063
Metrics/racket_target/current_swing_healthy_normal_ok: 0.9273
Metrics/racket_target/current_swing_contact: 0.6571
Metrics/racket_target/current_swing_net_cross: 0.6274
Metrics/racket_target/current_swing_on_opponent: 0.0063
Metrics/racket_target/current_swing_center_contact: 0.4659
Metrics/racket_target/current_swing_center_net_cross: 0.4362
Metrics/racket_target/current_swing_center_on_opponent: 0.0063
Metrics/racket_target/current_swing_rim_contact: 0.1502
Metrics/racket_target/current_swing_rim_net_cross: 0.1502
Metrics/racket_target/current_swing_rim_on_opponent: 0.0000
Metrics/racket_target/current_swing_analytic_outer_contact: 0.0410
Metrics/racket_target/current_swing_analytic_outer_net_cross: 0.0410
Metrics/racket_target/current_swing_analytic_outer_on_opponent: 0.0000
Metrics/racket_target/cycle_v2_outcome_tier: -1.0000
Metrics/racket_target/cycle_v2_streak: 0.0000
Metrics/racket_target/closed_loop_recovery_trigger_event: 0.0000
Metrics/racket_target/closed_loop_cycle_success_event: 0.0000
Metrics/racket_target/closed_loop_durable_cycle_success_event: 0.0000
Metrics/racket_target/closed_loop_phase_id: 1.9185
Metrics/racket_target/closed_loop_phase_ready_no_command: 0.0404
Metrics/racket_target/closed_loop_phase_command_acquire: 0.0250
Metrics/racket_target/closed_loop_phase_pre_strike: 0.9210
Metrics/racket_target/closed_loop_phase_strike: 0.0028
Metrics/racket_target/closed_loop_phase_follow_through: 0.0107
Metrics/racket_target/closed_loop_phase_recovery: 0.0000
Metrics/racket_target/closed_loop_phase_next_ready: 0.0000
Metrics/racket_target/post_contact_phase_impact_0_100ms_attempts: 2573.4062
Metrics/racket_target/post_contact_phase_impact_0_100ms_tilt_gt_0p1_rate: 1.0000
Metrics/racket_target/post_contact_phase_impact_0_100ms_pitch_gt_0p1_rate: 1.0000
Metrics/racket_target/post_contact_phase_impact_0_100ms_waist_overflow_gt_1p0_rate: 0.0000
Metrics/racket_target/post_contact_phase_impact_0_100ms_base_ang_vel_gt_0p8_rate: 0.9884
Metrics/racket_target/post_contact_phase_brake_100_300ms_attempts: 2519.8750
Metrics/racket_target/post_contact_phase_brake_100_300ms_tilt_gt_0p1_rate: 0.9988
Metrics/racket_target/post_contact_phase_brake_100_300ms_pitch_gt_0p1_rate: 0.9981
Metrics/racket_target/post_contact_phase_brake_100_300ms_waist_overflow_gt_1p0_rate: 0.0000
Metrics/racket_target/post_contact_phase_brake_100_300ms_base_ang_vel_gt_0p8_rate: 0.9950
Metrics/racket_target/post_contact_phase_settle_300_600ms_attempts: 2415.2188
Metrics/racket_target/post_contact_phase_settle_300_600ms_tilt_gt_0p1_rate: 0.8043
Metrics/racket_target/post_contact_phase_settle_300_600ms_pitch_gt_0p1_rate: 0.7542
Metrics/racket_target/post_contact_phase_settle_300_600ms_waist_overflow_gt_1p0_rate: 0.0000
Metrics/racket_target/post_contact_phase_settle_300_600ms_base_ang_vel_gt_0p8_rate: 0.9882
Metrics/racket_target/post_contact_phase_ready_after_600ms_attempts: 2217.3125
Metrics/racket_target/post_contact_phase_ready_after_600ms_tilt_gt_0p1_rate: 0.5048
Metrics/racket_target/post_contact_phase_ready_after_600ms_pitch_gt_0p1_rate: 0.4230
Metrics/racket_target/post_contact_phase_ready_after_600ms_waist_overflow_gt_1p0_rate: 0.0000
Metrics/racket_target/post_contact_phase_ready_after_600ms_base_ang_vel_gt_0p8_rate: 0.9329
Metrics/racket_target/base_pitch_like_signed: -0.0765
Metrics/racket_target/base_backward_velocity: 0.0385
Metrics/racket_target/waist_action_rms: 0.2889
Metrics/racket_target/right_arm_action_rms: 3.1669
Metrics/racket_target/leg_action_rms: 0.3926
Metrics/racket_target/action_abs_max: 5.9305
Metrics/racket_target/applied_action_abs_max: 5.8505
Metrics/racket_target/leg_action_abs_max: 0.7688
Metrics/racket_target/effective_action_abs_max: 5.8505
Metrics/racket_target/action_clamp_fraction: 0.0022
Metrics/racket_target/waist_action_clamp_fraction: 0.0000
Metrics/racket_target/right_arm_action_clamp_fraction: 0.0000
Metrics/racket_target/leg_action_clamp_fraction: 0.0056
Metrics/racket_target/waist_q_tracking_error_rms: 0.3608
Metrics/racket_target/right_arm_q_tracking_error_rms: 0.1583
Metrics/racket_target/leg_q_tracking_error_rms: 0.1819
Metrics/racket_target/waist_torque_clip_fraction: 0.0000
Metrics/racket_target/right_arm_torque_clip_fraction: 0.0000
Metrics/racket_target/leg_torque_clip_fraction: 0.0000
Metrics/racket_target/waist_action_delta_rms: 0.1305
Metrics/racket_target/right_arm_action_delta_rms: 0.8577
Metrics/racket_target/leg_action_delta_rms: 0.2541
Metrics/racket_target/waist_joint_vel_rms: 0.5780
Metrics/racket_target/right_arm_joint_vel_rms: 1.0794
Metrics/racket_target/leg_joint_vel_rms: 0.6116
Metrics/racket_target/recovery_leg_action_abs_max: 0.7475
Metrics/racket_target/recovery_leg_action_delta_rms: 0.2494
Metrics/racket_target/recovery_leg_joint_vel_rms: 0.5902
      Episode_Termination/time_out: 4.4688
  Episode_Termination/base_too_low: 0.0000
   Episode_Termination/base_tilted: 0.1562
   Episode_Termination/table_touch: 0.2188
Episode_Termination/persistent_action_overflow: 0.0000
--------------------------------------------------------------------------------
                   Total timesteps: 589824
                    Iteration time: 2.32s
                      Time elapsed: 00:00:20
                               ETA: 00:00:27

################################################################################
                     [1m Learning iteration 1809/1820 [0m                     

                       Computation: 28362 steps/s (collection: 2.296s, learning 0.015s)
             Mean action noise std: 0.45
          Mean value_function loss: 0.0841
               Mean surrogate loss: 0.0000
                 Mean entropy loss: 2.8121
      Mean critic_only_warmup loss: 1.0000
                       Mean reward: 9.29
               Mean episode length: 298.74
 Episode_Reward/undesired_contacts: -0.0000
  Episode_Reward/feet_contact_slip: -0.0016
     Episode_Reward/table_no_touch: -0.0006
              Episode_Reward/alive: 0.0059
            Episode_Reward/upright: -0.0049
          Episode_Reward/imitation: 0.2504
    Episode_Reward/racket_position: 0.0489
Episode_Reward/backhand_racket_position: 0.0205
    Episode_Reward/racket_velocity: 0.0313
Episode_Reward/planner_racket_task_space_crossfade: 0.1978
Episode_Reward/exact_impact_planner_task_space_alignment: 0.0047
    Episode_Reward/blade_direction: 0.0289
Episode_Reward/health_gated_soft_ball_contact: 0.0317
Episode_Reward/health_gated_backhand_soft_ball_contact: 0.0189
Episode_Reward/health_gated_ball_contact: 0.0060
Episode_Reward/healthy_trunk_support: 0.0475
Episode_Reward/targeted_strike_attempt: 0.0072
  Episode_Reward/strike_inactivity: -0.0000
 Episode_Reward/pre_strike_station: 0.0428
    Episode_Reward/recovery_health: 0.0352
Episode_Reward/no_command_ready_stability: 0.0010
Episode_Reward/post_strike_base_ang_vel: 0.0069
Episode_Reward/phase_action_overflow: -0.0001
     Episode_Reward/strike_balance: 0.0187
Episode_Reward/prestrike_station_progress: 0.0088
 Episode_Reward/lower_body_support: 0.0275
Episode_Reward/termination_penalty: -0.0127
Episode_Reward/phase_action_rate_waist: -0.0002
Episode_Reward/phase_action_rate_upper: -0.0040
Episode_Reward/phase_action_rate_legs: -0.0002
        Episode_Reward/joint_limit: -0.0227
Episode_Reward/prestrike_racket_progress: 0.1177
Episode_Reward/near_impact_planner_velocity_progress: 0.0286
Episode_Reward/operational_joint_margin: -0.0054
  Episode_Reward/joint_target_slew: -0.0200
Episode_Reward/actuator_waist_feasibility: -0.0000
Episode_Reward/actuator_right_arm_feasibility: -0.0000
Episode_Reward/actuator_leg_feasibility: -0.0000
Episode_Reward/terminal_quality_window: 0.0009
Episode_Reward/safe_terminal_quality: 0.0016
Episode_Reward/unsafe_terminal_recovery: -0.0000
Episode_Reward/capability_gated_safe_terminal_outcome: 0.0109
    Metrics/motion/error_joint_pos: 1.5678
    Metrics/motion/error_joint_vel: 7.4142
     Metrics/motion/error_body_pos: 0.1324
     Metrics/motion/error_body_rot: 0.5257
       Metrics/motion/motion_phase: 0.7806
            Metrics/motion/in_hold: 0.0923
Metrics/motion/motion_start_warmup_prob: 0.8000
Metrics/motion/motion_start_lifecycle_progress: 0.0000
Metrics/motion/motion_start_effective_prestrike_fraction: 1.0000
Metrics/motion/motion_start_effective_recovery_fraction: 0.0000
Metrics/motion/motion_start_effective_rsi_fraction: 0.0000
 Metrics/motion/motion_start_reset: 0.0149
Metrics/motion/motion_start_prestrike_reset: 0.0000
Metrics/motion/motion_start_recovery_reset: 0.0000
Metrics/motion/motion_start_rsi_reset: 0.0000
 Metrics/motion/single_cycle_reset: 0.0000
     Metrics/motion/motion_clip_id: 0.5735
Metrics/motion/motion_supplemental_clip: 0.0000
      Metrics/motion/stand_episode: 0.0201
Metrics/motion/default_stand_reset: 0.0368
Metrics/motion/error_body_pos_lower: 0.1242
Metrics/motion/error_body_rot_lower: 0.4058
Metrics/motion/error_body_lin_vel_lower: 0.1821
Metrics/motion/error_body_ang_vel_lower: 0.9718
Metrics/motion/reference_body_lin_speed_lower: 0.0144
Metrics/motion/robot_body_lin_speed_lower: 0.1786
Metrics/motion/error_body_pos_core: 0.0659
Metrics/motion/error_body_rot_core: 0.3246
Metrics/motion/error_body_lin_vel_core: 0.2666
Metrics/motion/error_body_ang_vel_core: 1.1696
Metrics/motion/reference_body_lin_speed_core: 0.0105
Metrics/motion/robot_body_lin_speed_core: 0.2638
Metrics/motion/error_body_pos_upper: 0.1629
Metrics/motion/error_body_rot_upper: 0.7127
Metrics/motion/error_body_lin_vel_upper: 0.9460
Metrics/motion/error_body_ang_vel_upper: 3.3158
Metrics/motion/reference_body_lin_speed_upper: 0.0190
Metrics/motion/robot_body_lin_speed_upper: 0.9473
Metrics/motion/error_joint_pos_waist: 0.2909
Metrics/motion/error_joint_vel_waist: 1.6095
Metrics/motion/reference_joint_speed_waist: 0.0142
Metrics/motion/error_joint_pos_arms: 1.3883
Metrics/motion/error_joint_vel_arms: 6.4966
Metrics/motion/reference_joint_speed_arms: 0.0453
Metrics/motion/error_joint_pos_legs: 0.6107
Metrics/motion/error_joint_vel_legs: 2.6075
Metrics/motion/reference_joint_speed_legs: 0.0036
Metrics/racket_target/racket_pos_error: 0.1217
Metrics/racket_target/racket_vel_error: 1.3522
Metrics/racket_target/time_to_strike: -1.1641
Metrics/racket_target/return_success: 0.0208
Metrics/racket_target/prev_return_success: 0.0123
Metrics/racket_target/prev_net_cross: 0.6625
Metrics/racket_target/current_net_cross: 0.5323
Metrics/racket_target/racket_pos_curriculum_scale: 1.0000
Metrics/racket_target/impact_inverse_command_blend: 0.0000
Metrics/racket_target/steps_since_target_resample: 136.8388
Metrics/racket_target/recovery_height_error: 0.0418
Metrics/racket_target/recovery_upright_error: 0.1032
Metrics/racket_target/recovery_base_lin_vel: 0.2018
Metrics/racket_target/recovery_base_ang_vel: 0.9429
Metrics/racket_target/recovery_station_error: 0.0937
Metrics/racket_target/recovery_feet_contact_frac: 0.9783
Metrics/racket_target/recovery_racket_speed: 2.5586
Metrics/racket_target/recovery_height_score: 0.8654
Metrics/racket_target/recovery_upright_score: 0.8633
Metrics/racket_target/recovery_lin_vel_score: 0.7254
Metrics/racket_target/recovery_ang_vel_score: 0.3886
Metrics/racket_target/recovery_station_score: 0.8547
Metrics/racket_target/recovery_racket_score: 0.1287
Metrics/racket_target/recovery_arm_score: 0.5665
Metrics/racket_target/recovery_ready_score: 0.7185
Metrics/racket_target/recovery_anchor_arm_score: 1.0000
Metrics/racket_target/recovery_core_ready_score: 0.6385
Metrics/racket_target/recovery_functional_ready_score: 0.5496
Metrics/racket_target/waist_action_overflow_rms: 0.0006
Metrics/racket_target/right_arm_action_overflow_rms: 0.0022
Metrics/racket_target/leg_action_overflow_rms: 0.0113
Metrics/racket_target/operational_margin_fraction: 0.0075
Metrics/racket_target/waist_operational_margin_fraction: 0.0050
Metrics/racket_target/right_arm_operational_margin_fraction: 0.0013
Metrics/racket_target/leg_operational_margin_fraction: 0.0174
Metrics/racket_target/waist_operational_excess_rms: 0.0009
Metrics/racket_target/right_arm_operational_excess_rms: 0.0002
Metrics/racket_target/leg_operational_excess_rms: 0.0067
Metrics/racket_target/q_des_velocity_violation_fraction: 0.0753
Metrics/racket_target/waist_q_des_velocity_violation_fraction: 0.0205
Metrics/racket_target/right_arm_q_des_velocity_violation_fraction: 0.1153
Metrics/racket_target/leg_q_des_velocity_violation_fraction: 0.0941
Metrics/racket_target/q_des_acceleration_violation_fraction: 0.6983
Metrics/racket_target/waist_q_des_acceleration_violation_fraction: 0.5717
Metrics/racket_target/right_arm_q_des_acceleration_violation_fraction: 0.8113
Metrics/racket_target/leg_q_des_acceleration_violation_fraction: 0.7722
Metrics/racket_target/waist_q_des_velocity_rms: 3.5878
Metrics/racket_target/right_arm_q_des_velocity_rms: 8.4573
Metrics/racket_target/leg_q_des_velocity_rms: 7.1564
Metrics/racket_target/waist_q_des_acceleration_rms: 282.2351
Metrics/racket_target/right_arm_q_des_acceleration_rms: 655.8018
Metrics/racket_target/leg_q_des_acceleration_rms: 596.0852
Metrics/racket_target/action_operational_feasibility_score: 0.9321
Metrics/racket_target/actuator_overflow_consecutive_steps: 0.0000
Metrics/racket_target/actuator_overflow_severe: 0.0000
Metrics/racket_target/recovery_phase_gate: 0.9749
Metrics/racket_target/recovery_phase_ready_score: 0.7152
Metrics/racket_target/recovery_contact_ready_score: 0.4281
Metrics/racket_target/recovery_net_ready_score: 0.4090
Metrics/racket_target/recovery_return_ready_score: 0.0165
Metrics/racket_target/cycle_success_ready_score: 0.0000
Metrics/racket_target/cycle_success_soft: 0.0000
Metrics/racket_target/cycle_success_binary: 0.0000
Metrics/racket_target/cycle_v2_pending: 0.0000
Metrics/racket_target/cycle_v2_attempt_latch: 0.0000
Metrics/racket_target/cycle_v2_ready_success_latch: 0.0000
Metrics/racket_target/cycle_v2_ready_fail_latch: 0.0000
Metrics/racket_target/cycle_v2_attempt_event: 0.0000
Metrics/racket_target/cycle_v2_ready_success_event: 0.0000
Metrics/racket_target/cycle_v2_ready_fail_event: 0.0000
Metrics/racket_target/cycle_v2_unresolved_resample_fail_event: 0.0000
Metrics/racket_target/cycle_v2_resolved_event: 0.0000
Metrics/racket_target/cycle_v2_command_visible_steps: 0.0000
Metrics/racket_target/cycle_v2_elapsed_steps: 0.0000
Metrics/racket_target/cycle_v2_ready_score: 0.0000
Metrics/racket_target/cycle_v2_ready_ok: 0.0000
Metrics/racket_target/cycle_v2_visible: 0.0000
Metrics/racket_target/cycle_v2_ready_score_ok: 0.0000
Metrics/racket_target/cycle_v2_height_ok: 0.0000
Metrics/racket_target/cycle_v2_upright_ok: 0.0000
Metrics/racket_target/cycle_v2_base_lin_vel_ok: 0.0000
Metrics/racket_target/cycle_v2_base_ang_vel_ok: 0.0000
Metrics/racket_target/cycle_v2_feet_ok: 0.0000
Metrics/racket_target/cycle_v2_core_ready_ok: 0.0000
Metrics/racket_target/cycle_v2_ready_consecutive_steps: 0.0000
Metrics/racket_target/single_cycle_bootstrap: 0.0000
Metrics/racket_target/single_cycle_swing_completed: 0.0000
Metrics/racket_target/single_cycle_recovery_active: 0.0000
Metrics/racket_target/single_cycle_recovery_elapsed_steps: 0.0000
Metrics/racket_target/single_cycle_ready_consecutive_steps: 0.0000
Metrics/racket_target/single_cycle_safe_timeout_event: 0.0000
Metrics/racket_target/single_cycle_deadline_timeout_event: 0.0000
Metrics/racket_target/single_cycle_timeout_latch: 0.0000
Metrics/racket_target/single_cycle_hard_failure_event: 0.0000
Metrics/racket_target/single_cycle_probability: 0.0000
Metrics/racket_target/single_cycle_curriculum_level: 0.0000
Metrics/racket_target/single_cycle_effective_deadline_steps: 100.0000
Metrics/racket_target/single_cycle_selected_events: 0.0000
Metrics/racket_target/single_cycle_completed_events: 0.0000
Metrics/racket_target/single_cycle_safe_timeout_events: 0.0000
Metrics/racket_target/single_cycle_deadline_timeout_events: 0.0000
Metrics/racket_target/single_cycle_hard_failure_events: 0.0000
Metrics/racket_target/active_ready_consecutive_steps: 0.0000
Metrics/racket_target/active_ready_success_event: 0.0000
Metrics/racket_target/active_ready_success_latch: 0.0000
Metrics/racket_target/active_ready_survival_steps: 0.0000
Metrics/racket_target/active_ready_survival_next_milestone: 0.0000
Metrics/racket_target/active_ready_survival_milestone_event: 0.0000
Metrics/racket_target/no_command_ready_active: 0.0201
Metrics/racket_target/no_command_from_stand_episode: 0.0201
Metrics/racket_target/no_command_from_default_stand_reset: 0.0201
Metrics/racket_target/no_command_ready_upright_ok: 0.0201
Metrics/racket_target/no_command_ready_motion_ok: 0.0000
Metrics/racket_target/no_command_ready_score: 0.0105
Metrics/racket_target/no_command_ready_progress: -0.0089
Metrics/racket_target/no_command_ready_station_error: 0.0015
Metrics/racket_target/no_command_ready_fixed_station_error: 0.0015
Metrics/racket_target/healthy_training_stage: 3.0000
Metrics/racket_target/healthy_stage_planted_rehearsal: 0.0000
Metrics/racket_target/healthy_stage_station_hold_seen: 0.0000
Metrics/racket_target/healthy_stage_station_arrived: 0.0000
Metrics/racket_target/healthy_stage_station_settled: 0.0000
Metrics/racket_target/healthy_stage_station_settle_steps: 0.0000
Metrics/racket_target/station_relocation_active: 0.0000
Metrics/racket_target/station_relocation_target_offset_y: 0.0000
Metrics/racket_target/station_relocation_error: 0.0000
Metrics/racket_target/station_relocation_arrival_event: 0.0000
Metrics/racket_target/station_relocation_settle_event: 0.0000
Metrics/racket_target/station_relocation_release_event: 0.0000
Metrics/racket_target/station_relocation_timeout_event: 0.0000
Metrics/racket_target/station_relocation_elapsed_steps: 0.0000
Metrics/racket_target/station_relocation_hold_deadline_steps: 0.0000
Metrics/racket_target/lifecycle_recovery_hold_active: 0.0000
Metrics/racket_target/lifecycle_recovery_release_success_event: 0.0000
Metrics/racket_target/lifecycle_recovery_release_fail_event: 0.0000
Metrics/racket_target/station_relocation_level: 0.0000
Metrics/racket_target/station_relocation_arrival_ema: 0.0000
Metrics/racket_target/station_relocation_settle_ema: 0.0000
Metrics/racket_target/station_relocation_contact_ema: 0.0000
Metrics/racket_target/station_relocation_safety_ema: 0.0000
Metrics/racket_target/station_relocation_resolved_events: 0.0000
Metrics/racket_target/station_relocation_terminal_reset_events: 0.0000
Metrics/racket_target/station_relocation_advance_streak: 0.0000
Metrics/racket_target/station_relocation_regress_streak: 0.0000
Metrics/racket_target/station_relocation_effective_max_lin_vel: 0.0000
Metrics/racket_target/station_relocation_effective_max_ang_vel: 0.0000
Metrics/racket_target/station_relocation_effective_min_settle_steps: 0.0000
Metrics/racket_target/ability_curriculum_level: 0.0000
Metrics/racket_target/ability_curriculum_scale: 1.0000
Metrics/racket_target/ability_curriculum_resolved_events: 2011.2500
Metrics/racket_target/ability_curriculum_total_resolved_events: 2011.2500
Metrics/racket_target/ability_curriculum_advance_streak: 0.0000
Metrics/racket_target/ability_curriculum_regress_streak: 0.0000
Metrics/racket_target/ability_contact_ema: 0.6857
Metrics/racket_target/ability_net_ema: 0.6666
Metrics/racket_target/ability_success_ema: 0.0180
Metrics/racket_target/ability_recovery_ema: 0.8044
Metrics/racket_target/ability_cycle_ema: 0.0180
Metrics/racket_target/ability_cycle_attempt_ema: 0.0180
Metrics/racket_target/ability_cycle_resolved_ema: 0.0180
Metrics/racket_target/ability_forehand_contact_ema: 0.6787
Metrics/racket_target/ability_forehand_net_ema: 0.6554
Metrics/racket_target/ability_forehand_success_ema: 0.0103
Metrics/racket_target/ability_backhand_contact_ema: 0.6725
Metrics/racket_target/ability_backhand_net_ema: 0.6645
Metrics/racket_target/ability_backhand_success_ema: 0.0219
Metrics/racket_target/ability_attempt_ema: 1.0000
Metrics/racket_target/ability_targeted_attempt_ema: 0.9897
Metrics/racket_target/impact_health_floor_progress: 0.0000
Metrics/racket_target/ability_safety_ema: 0.9581
Metrics/racket_target/ability_station_saturation_ema: 0.0000
Metrics/racket_target/ability_healthy_normal_ema: 1.0000
Metrics/racket_target/ability_station_arrival_ema: 0.0000
Metrics/racket_target/ability_station_settle_ema: 0.0000
Metrics/racket_target/safe_outcome_capability_gate: 0.3034
Metrics/racket_target/planner_hit_plane_blend: 1.0000
Metrics/racket_target/planner_hit_plane_x_delta: 0.0364
Metrics/racket_target/true_strike_table_x: 0.2000
Metrics/racket_target/planner_target_table_x: 0.2000
Metrics/racket_target/workspace_level: 0.0000
Metrics/racket_target/workspace_fringe_sample: 0.0000
Metrics/racket_target/workspace_target_lateral_norm: 0.3119
Metrics/racket_target/workspace_target_table_y: -0.2254
Metrics/racket_target/workspace_playable_y_min: -0.7225
Metrics/racket_target/workspace_playable_y_max: 0.7225
Metrics/racket_target/workspace_active_y_lo: -0.2949
Metrics/racket_target/workspace_active_y_hi: -0.1621
Metrics/racket_target/workspace_motion_seed_blend: 0.0000
Metrics/racket_target/planner_perturb_curriculum_scale: 1.0000
Metrics/racket_target/incoming_ball_horizontal_speed: 2.2973
Metrics/racket_target/incoming_ball_speed: 4.5950
Metrics/racket_target/incoming_ball_speed_curriculum_level: 0.0000
Metrics/racket_target/incoming_ball_speed_sample_low: 0.0000
Metrics/racket_target/incoming_ball_speed_sample_high: 0.0000
Metrics/racket_target/station_saturated: 0.0000
Metrics/racket_target/station_raw_clip_excess: 0.0000
Metrics/racket_target/station_saturated_x: 0.0000
Metrics/racket_target/station_saturated_y: 0.0000
Metrics/racket_target/station_raw_clip_excess_x: 0.0000
Metrics/racket_target/station_raw_clip_excess_y: 0.0000
Metrics/racket_target/current_swing_opportunity: 0.8795
Metrics/racket_target/current_swing_attempt: 0.8795
Metrics/racket_target/current_swing_targeted_attempt: 0.8660
Metrics/racket_target/prev_swing_targeted_attempt: 0.9379
Metrics/racket_target/current_swing_unsafe: 0.0688
Metrics/racket_target/current_swing_station_saturated: 0.0000
Metrics/racket_target/impact_health_score: 0.8794
Metrics/racket_target/impact_health_ok: 0.8943
Metrics/racket_target/impact_health_backlean_violation: 0.0090
Metrics/racket_target/impact_health_waist_backfold: 0.0000
Metrics/racket_target/impact_health_base_retreat: 0.0501
Metrics/racket_target/impact_health_torso_gravity_x: 0.3707
Metrics/racket_target/impact_health_torso_ang_vel: 0.5767
Metrics/racket_target/impact_health_com_x: 0.0549
Metrics/racket_target/impact_health_com_y: 0.0340
Metrics/racket_target/post_contact_ready_pending: 0.0000
Metrics/racket_target/post_contact_ready_elapsed_steps: 3.3895
Metrics/racket_target/post_contact_ready_consecutive_steps: 0.0000
Metrics/racket_target/post_contact_ready_diagnostic_pending: 0.0000
Metrics/racket_target/post_contact_ready_diagnostic_elapsed_steps: 21.0908
Metrics/racket_target/post_contact_ready_durable_pending: 0.0000
Metrics/racket_target/post_contact_ready_durable_consecutive_steps: 0.0000
Metrics/racket_target/post_contact_ready_durable_ready_now: 0.0000
Metrics/racket_target/post_contact_ready_durable_success_event: 0.0000
Metrics/racket_target/post_contact_ready_durable_fail_event: 0.0000
Metrics/racket_target/post_contact_ready_durable_resolution_success_rate: 0.2262
Metrics/racket_target/post_contact_ready_durable_resolution_fail_rate: 0.7037
Metrics/racket_target/post_contact_ready_durable_resolution_success_latency_steps: 35.0000
Metrics/racket_target/post_contact_ready_durable_resolution_fail_latency_steps: 33.2799
Metrics/racket_target/post_contact_ready_durable_fail_backlean_rate: 0.0579
Metrics/racket_target/post_contact_ready_durable_fail_forward_lean_rate: 0.8812
Metrics/racket_target/post_contact_ready_durable_fail_torso_ang_vel_rate: 0.0579
Metrics/racket_target/post_contact_ready_durable_fail_base_lin_vel_rate: 0.0594
Metrics/racket_target/post_contact_ready_durable_fail_base_ang_vel_rate: 0.3784
Metrics/racket_target/post_contact_ready_durable_fail_racket_speed_rate: 0.0579
Metrics/racket_target/post_contact_ready_durable_fail_height_rate: 0.0579
Metrics/racket_target/post_contact_ready_durable_fail_com_x_rate: 0.0607
Metrics/racket_target/post_contact_ready_durable_fail_com_y_rate: 0.0579
Metrics/racket_target/post_contact_ready_durable_fail_feet_rate: 0.0579
Metrics/racket_target/post_contact_ready_durable_fail_station_rate: 0.0584
Metrics/racket_target/post_contact_ready_durable_fail_arm_rate: 0.0579
Metrics/racket_target/post_contact_ready_terminal_window_active: 0.0000
Metrics/racket_target/post_contact_ready_terminal_quality: 0.5196
Metrics/racket_target/post_contact_ready_terminal_settlement_event: 0.0000
Metrics/racket_target/post_contact_ready_operational_ready_now: 0.0000
Metrics/racket_target/post_contact_ready_operational_consecutive_steps: 0.0000
Metrics/racket_target/post_contact_ready_safe_settlement_event: 0.0000
Metrics/racket_target/post_contact_ready_unsafe_settlement_event: 0.0000
Metrics/racket_target/post_contact_ready_incomplete_settlement_event: 0.0000
Metrics/racket_target/post_contact_ready_safe_net_cycle_event: 0.0000
Metrics/racket_target/post_contact_ready_terminal_quality_mean: 0.9240
Metrics/racket_target/post_contact_ready_safe_terminal_quality_mean: 0.9315
Metrics/racket_target/post_contact_ready_terminal_safe_rate: 0.7186
Metrics/racket_target/post_contact_ready_terminal_unsafe_rate: 0.0354
Metrics/racket_target/post_contact_ready_terminal_incomplete_rate: 0.2460
Metrics/racket_target/post_contact_ready_safe_net_cycle_rate: 0.7026
Metrics/racket_target/post_contact_ready_score: 0.6206
Metrics/racket_target/post_contact_ready_now: 0.0000
Metrics/racket_target/post_contact_ready_success_event: 0.0000
Metrics/racket_target/post_contact_ready_fail_event: 0.0000
Metrics/racket_target/post_contact_ready_outcome_tier: 0.1082
Metrics/racket_target/post_contact_ready_face_quality: 0.4807
Metrics/racket_target/post_contact_ready_safe_face_net_cycle_value: 0.0000
Metrics/racket_target/post_contact_ready_planner_speed_ratio: 0.5069
Metrics/racket_target/post_contact_ready_planner_direction_error_rad: 0.1568
Metrics/racket_target/post_contact_ready_planner_position_error: 0.0349
Metrics/racket_target/post_contact_ready_impact_health_score: 0.5398
Metrics/racket_target/post_contact_ready_peak_base_ang_vel: 0.8615
Metrics/racket_target/post_contact_ready_peak_ang_vel_excess_increment: 0.0000
Metrics/racket_target/post_contact_ready_envelope_violation_latch: 0.0078
Metrics/racket_target/post_contact_ready_envelope_violation_event: 0.0000
Metrics/racket_target/post_contact_ready_envelope_first_violation_step: -0.9922
Metrics/racket_target/post_contact_ready_envelope_attempts: 2751.8125
Metrics/racket_target/post_contact_ready_envelope_violation_rate: 0.0351
Metrics/racket_target/post_contact_ready_envelope_tilt_violation_rate: 0.0004
Metrics/racket_target/post_contact_ready_envelope_pitch_violation_rate: 0.0004
Metrics/racket_target/post_contact_ready_envelope_com_violation_rate: 0.0011
Metrics/racket_target/post_contact_ready_envelope_waist_violation_rate: 0.0000
Metrics/racket_target/post_contact_ready_envelope_leg_violation_rate: 0.0000
Metrics/racket_target/post_contact_ready_envelope_base_ang_vel_violation_rate: 0.0344
Metrics/racket_target/post_contact_ready_resolution_success_rate: 0.9789
Metrics/racket_target/post_contact_ready_resolution_fail_rate: 0.0113
Metrics/racket_target/post_contact_ready_resolution_success_latency_steps: 4.8735
Metrics/racket_target/post_contact_ready_resolution_fail_latency_steps: 8.8710
Metrics/racket_target/post_contact_ready_max_tilt: 0.1157
Metrics/racket_target/post_contact_ready_max_abs_pitch: 0.1153
Metrics/racket_target/post_contact_ready_max_com_x: 0.0174
Metrics/racket_target/post_contact_ready_max_com_y: 0.0166
Metrics/racket_target/post_contact_ready_max_waist_overflow: 0.0000
Metrics/racket_target/post_contact_ready_max_leg_overflow: 0.0002
Metrics/racket_target/post_contact_ready_settlement_velocity_score_ema: 0.6535
Metrics/racket_target/post_contact_ready_settlement_position_gate_ema: 0.7816
Metrics/racket_target/post_contact_ready_settlement_health_gate_ema: 0.9781
Metrics/racket_target/post_contact_ready_settlement_recovery_gate_ema: 0.4269
Metrics/racket_target/post_contact_ready_settlement_total_score_ema: 0.2095
Metrics/racket_target/post_contact_recovery_backlean_error: 0.0851
Metrics/racket_target/post_contact_recovery_directional_progress: 0.0000
Metrics/racket_target/post_contact_ready_torso_ok: 0.0582
Metrics/racket_target/post_contact_ready_motion_ok: 0.4723
Metrics/racket_target/post_contact_ready_support_ok: 0.8943
Metrics/racket_target/post_contact_ready_arm_ok: 1.0000
Metrics/racket_target/post_contact_ready_base_lin_vel_ok: 0.9022
Metrics/racket_target/post_contact_ready_base_ang_vel_ok: 0.8339
Metrics/racket_target/post_contact_ready_racket_speed_ok: 0.6139
Metrics/racket_target/post_contact_ready_height_ok: 0.9468
Metrics/racket_target/post_contact_ready_com_x_ok: 0.8988
Metrics/racket_target/post_contact_ready_com_y_ok: 0.9478
Metrics/racket_target/post_contact_ready_feet_ok: 0.9877
Metrics/racket_target/post_contact_ready_station_ok: 0.9066
Metrics/racket_target/post_contact_ready_fail_torso: 0.0000
Metrics/racket_target/post_contact_ready_fail_base_lin_vel: 0.0000
Metrics/racket_target/post_contact_ready_fail_base_ang_vel: 0.0000
Metrics/racket_target/post_contact_ready_fail_racket_speed: 0.0000
Metrics/racket_target/post_contact_ready_fail_support: 0.0000
Metrics/racket_target/post_contact_ready_fail_arm: 0.0000
Metrics/racket_target/post_contact_ready_shadow_now: 0.0000
Metrics/racket_target/post_contact_ready_shadow_consecutive_steps: 0.0000
Metrics/racket_target/post_contact_ready_shadow_success_latch: 0.0000
Metrics/racket_target/post_contact_ready_curriculum_level: 0.0000
Metrics/racket_target/post_contact_ready_curriculum_fraction: 1.0000
Metrics/racket_target/post_contact_ready_curriculum_success_ema: 0.0000
Metrics/racket_target/post_contact_ready_curriculum_shadow_success_ema: 0.0000
Metrics/racket_target/post_contact_ready_curriculum_resolved_events: 0.0000
Metrics/racket_target/post_contact_ready_curriculum_successful_events: 0.0000
Metrics/racket_target/post_contact_ready_curriculum_targeted_attempt_ema: 0.0000
Metrics/racket_target/post_contact_ready_curriculum_return_success_ema: 0.0000
Metrics/racket_target/post_contact_ready_curriculum_completed_swings: 0.0000
Metrics/racket_target/post_contact_ready_curriculum_advance_streak: 0.0000
Metrics/racket_target/post_contact_ready_curriculum_advance_guard_ok: 0.0000
Metrics/racket_target/post_contact_ready_effective_max_torso_ang_vel: 1.5000
Metrics/racket_target/post_contact_ready_effective_torso_x_min: -0.1200
Metrics/racket_target/post_contact_ready_effective_torso_x_max: 0.3200
Metrics/racket_target/post_contact_ready_effective_max_base_lin_vel: 0.4500
Metrics/racket_target/post_contact_ready_effective_max_base_ang_vel: 1.3000
Metrics/racket_target/post_contact_ready_effective_max_racket_speed: 3.0000
Metrics/racket_target/post_contact_ready_effective_min_feet_contact: 0.5000
Metrics/racket_target/post_contact_ready_effective_required_consecutive_steps: 3.0000
Metrics/racket_target/post_contact_ready_effective_deadline_steps: 40.0000
Metrics/racket_target/post_contact_ready_curriculum_advance_threshold: 1.0000
Metrics/racket_target/post_contact_ready_curriculum_advance_min_events: 0.0000
Metrics/racket_target/post_contact_ready_curriculum_shadow_threshold: 1.0000
Metrics/racket_target/post_contact_ready_curriculum_min_targeted_attempt_ema: 0.0000
Metrics/racket_target/post_contact_ready_curriculum_min_return_success_ema: 0.0000
Metrics/racket_target/post_contact_ready_curriculum_min_completed_swings: 1.0000
Metrics/racket_target/post_contact_ready_curriculum_required_advance_checks: 1.0000
Metrics/racket_target/racket_normal_error_deg: 69.5403
Metrics/racket_target/impact_normal_error_deg: 12.5596
Metrics/racket_target/impact_racket_vel_error_mps: 0.6237
Metrics/racket_target/impact_racket_speed_ratio: 0.8857
Metrics/racket_target/impact_racket_vel_angle_deg: 15.4624
Metrics/racket_target/impact_racket_actual_vel_x: 0.8709
Metrics/racket_target/impact_racket_actual_vel_y: 0.0802
Metrics/racket_target/impact_racket_actual_vel_z: 1.3848
Metrics/racket_target/impact_racket_target_vel_x: 1.2592
Metrics/racket_target/impact_racket_target_vel_y: -0.0038
Metrics/racket_target/impact_racket_target_vel_z: 1.3547
Metrics/racket_target/impact_ball_out_error_mps: 4.5330
Metrics/racket_target/impact_face_radial_error_m: 0.0619
Metrics/racket_target/impact_face_normal_gap_m: 0.0462
Metrics/racket_target/impact_face_quality: 0.6245
Metrics/racket_target/impact_center_contact: 0.0000
Metrics/racket_target/impact_center_net_cross: 0.0000
Metrics/racket_target/impact_center_on_opponent: 0.0000
Metrics/racket_target/impact_rim_contact: 0.0000
Metrics/racket_target/impact_rim_net_cross: 0.0000
Metrics/racket_target/impact_rim_on_opponent: 0.0000
Metrics/racket_target/impact_analytic_outer_contact: 0.0000
Metrics/racket_target/impact_analytic_outer_net_cross: 0.0000
Metrics/racket_target/impact_analytic_outer_on_opponent: 0.0000
Metrics/racket_target/impact_planner_pos_error_m: 0.0835
Metrics/racket_target/impact_planner_vel_error_mps: 0.6237
Metrics/racket_target/impact_planner_speed_ratio: 0.8857
Metrics/racket_target/impact_planner_vel_angle_deg: 15.4624
Metrics/racket_target/impact_healthy_normal_ok: 0.0000
Metrics/racket_target/impact_healthy_contact: 0.0000
Metrics/racket_target/impact_healthy_net_cross: 0.0000
Metrics/racket_target/impact_healthy_on_opponent: 0.0000
Metrics/racket_target/current_swing_impact_health_score: 0.5398
Metrics/racket_target/current_swing_healthy_contact: 0.5550
Metrics/racket_target/current_swing_healthy_net_cross: 0.5323
Metrics/racket_target/current_swing_healthy_on_opponent: 0.0208
Metrics/racket_target/current_swing_healthy_normal_ok: 0.8764
Metrics/racket_target/current_swing_contact: 0.5550
Metrics/racket_target/current_swing_net_cross: 0.5323
Metrics/racket_target/current_swing_on_opponent: 0.0208
Metrics/racket_target/current_swing_center_contact: 0.4108
Metrics/racket_target/current_swing_center_net_cross: 0.3881
Metrics/racket_target/current_swing_center_on_opponent: 0.0104
Metrics/racket_target/current_swing_rim_contact: 0.1228
Metrics/racket_target/current_swing_rim_net_cross: 0.1228
Metrics/racket_target/current_swing_rim_on_opponent: 0.0104
Metrics/racket_target/current_swing_analytic_outer_contact: 0.0214
Metrics/racket_target/current_swing_analytic_outer_net_cross: 0.0214
Metrics/racket_target/current_swing_analytic_outer_on_opponent: 0.0000
Metrics/racket_target/cycle_v2_outcome_tier: -1.0000
Metrics/racket_target/cycle_v2_streak: 0.0000
Metrics/racket_target/closed_loop_recovery_trigger_event: 0.0000
Metrics/racket_target/closed_loop_cycle_success_event: 0.0000
Metrics/racket_target/closed_loop_durable_cycle_success_event: 0.0000
Metrics/racket_target/closed_loop_phase_id: 1.8639
Metrics/racket_target/closed_loop_phase_ready_no_command: 0.0201
Metrics/racket_target/closed_loop_phase_command_acquire: 0.0959
Metrics/racket_target/closed_loop_phase_pre_strike: 0.8840
Metrics/racket_target/closed_loop_phase_strike: 0.0000
Metrics/racket_target/closed_loop_phase_follow_through: 0.0000
Metrics/racket_target/closed_loop_phase_recovery: 0.0000
Metrics/racket_target/closed_loop_phase_next_ready: 0.0000
Metrics/racket_target/post_contact_phase_impact_0_100ms_attempts: 2751.8125
Metrics/racket_target/post_contact_phase_impact_0_100ms_tilt_gt_0p1_rate: 1.0000
Metrics/racket_target/post_contact_phase_impact_0_100ms_pitch_gt_0p1_rate: 1.0000
Metrics/racket_target/post_contact_phase_impact_0_100ms_waist_overflow_gt_1p0_rate: 0.0000
Metrics/racket_target/post_contact_phase_impact_0_100ms_base_ang_vel_gt_0p8_rate: 0.9885
Metrics/racket_target/post_contact_phase_brake_100_300ms_attempts: 2693.5938
Metrics/racket_target/post_contact_phase_brake_100_300ms_tilt_gt_0p1_rate: 0.9989
Metrics/racket_target/post_contact_phase_brake_100_300ms_pitch_gt_0p1_rate: 0.9981
Metrics/racket_target/post_contact_phase_brake_100_300ms_waist_overflow_gt_1p0_rate: 0.0000
Metrics/racket_target/post_contact_phase_brake_100_300ms_base_ang_vel_gt_0p8_rate: 0.9948
Metrics/racket_target/post_contact_phase_settle_300_600ms_attempts: 2586.6250
Metrics/racket_target/post_contact_phase_settle_300_600ms_tilt_gt_0p1_rate: 0.8079
Metrics/racket_target/post_contact_phase_settle_300_600ms_pitch_gt_0p1_rate: 0.7567
Metrics/racket_target/post_contact_phase_settle_300_600ms_waist_overflow_gt_1p0_rate: 0.0000
Metrics/racket_target/post_contact_phase_settle_300_600ms_base_ang_vel_gt_0p8_rate: 0.9898
Metrics/racket_target/post_contact_phase_ready_after_600ms_attempts: 2427.5312
Metrics/racket_target/post_contact_phase_ready_after_600ms_tilt_gt_0p1_rate: 0.5171
Metrics/racket_target/post_contact_phase_ready_after_600ms_pitch_gt_0p1_rate: 0.4364
Metrics/racket_target/post_contact_phase_ready_after_600ms_waist_overflow_gt_1p0_rate: 0.0000
Metrics/racket_target/post_contact_phase_ready_after_600ms_base_ang_vel_gt_0p8_rate: 0.9454
Metrics/racket_target/base_pitch_like_signed: -0.0257
Metrics/racket_target/base_backward_velocity: 0.0722
Metrics/racket_target/waist_action_rms: 0.4019
Metrics/racket_target/right_arm_action_rms: 2.6739
Metrics/racket_target/leg_action_rms: 0.4654
Metrics/racket_target/action_abs_max: 5.0432
Metrics/racket_target/applied_action_abs_max: 4.8629
Metrics/racket_target/leg_action_abs_max: 0.9364
Metrics/racket_target/effective_action_abs_max: 4.8594
Metrics/racket_target/action_clamp_fraction: 0.0045
Metrics/racket_target/waist_action_clamp_fraction: 0.0035
Metrics/racket_target/right_arm_action_clamp_fraction: 0.0013
Metrics/racket_target/leg_action_clamp_fraction: 0.0100
Metrics/racket_target/waist_q_tracking_error_rms: 0.3414
Metrics/racket_target/right_arm_q_tracking_error_rms: 0.2170
Metrics/racket_target/leg_q_tracking_error_rms: 0.1997
Metrics/racket_target/waist_torque_clip_fraction: 0.0000
Metrics/racket_target/right_arm_torque_clip_fraction: 0.0040
Metrics/racket_target/leg_torque_clip_fraction: 0.0000
Metrics/racket_target/waist_action_delta_rms: 0.1580
Metrics/racket_target/right_arm_action_delta_rms: 0.9308
Metrics/racket_target/leg_action_delta_rms: 0.2780
Metrics/racket_target/waist_joint_vel_rms: 0.9288
Metrics/racket_target/right_arm_joint_vel_rms: 2.0730
Metrics/racket_target/leg_joint_vel_rms: 0.7529
Metrics/racket_target/recovery_leg_action_abs_max: 0.8704
Metrics/racket_target/recovery_leg_action_delta_rms: 0.2580
Metrics/racket_target/recovery_leg_joint_vel_rms: 0.6832
      Episode_Termination/time_out: 4.0625
  Episode_Termination/base_too_low: 0.0312
   Episode_Termination/base_tilted: 0.3125
   Episode_Termination/table_touch: 0.1875
Episode_Termination/persistent_action_overflow: 0.0000
--------------------------------------------------------------------------------
                   Total timesteps: 655360
                    Iteration time: 2.31s
                      Time elapsed: 00:00:22
                               ETA: 00:00:25

################################################################################
                     [1m Learning iteration 1810/1820 [0m                     

                       Computation: 28355 steps/s (collection: 2.296s, learning 0.015s)
             Mean action noise std: 0.45
          Mean value_function loss: 0.0801
               Mean surrogate loss: 0.0000
                 Mean entropy loss: 2.8121
      Mean critic_only_warmup loss: 1.0000
                       Mean reward: 9.52
               Mean episode length: 317.20
 Episode_Reward/undesired_contacts: -0.0000
  Episode_Reward/feet_contact_slip: -0.0017
     Episode_Reward/table_no_touch: -0.0010
              Episode_Reward/alive: 0.0062
            Episode_Reward/upright: -0.0049
          Episode_Reward/imitation: 0.2541
    Episode_Reward/racket_position: 0.0471
Episode_Reward/backhand_racket_position: 0.0210
    Episode_Reward/racket_velocity: 0.0304
Episode_Reward/planner_racket_task_space_crossfade: 0.1910
Episode_Reward/exact_impact_planner_task_space_alignment: 0.0047
    Episode_Reward/blade_direction: 0.0279
Episode_Reward/health_gated_soft_ball_contact: 0.0305
Episode_Reward/health_gated_backhand_soft_ball_contact: 0.0194
Episode_Reward/health_gated_ball_contact: 0.0056
Episode_Reward/healthy_trunk_support: 0.0456
Episode_Reward/targeted_strike_attempt: 0.0070
  Episode_Reward/strike_inactivity: -0.0000
 Episode_Reward/pre_strike_station: 0.0455
    Episode_Reward/recovery_health: 0.0381
Episode_Reward/no_command_ready_stability: 0.0009
Episode_Reward/post_strike_base_ang_vel: 0.0073
Episode_Reward/phase_action_overflow: -0.0001
     Episode_Reward/strike_balance: 0.0181
Episode_Reward/prestrike_station_progress: 0.0131
 Episode_Reward/lower_body_support: 0.0267
Episode_Reward/termination_penalty: -0.0181
Episode_Reward/phase_action_rate_waist: -0.0002
Episode_Reward/phase_action_rate_upper: -0.0044
Episode_Reward/phase_action_rate_legs: -0.0002
        Episode_Reward/joint_limit: -0.0241
Episode_Reward/prestrike_racket_progress: 0.1343
Episode_Reward/near_impact_planner_velocity_progress: 0.0277
Episode_Reward/operational_joint_margin: -0.0067
  Episode_Reward/joint_target_slew: -0.0216
Episode_Reward/actuator_waist_feasibility: -0.0000
Episode_Reward/actuator_right_arm_feasibility: -0.0000
Episode_Reward/actuator_leg_feasibility: -0.0000
Episode_Reward/terminal_quality_window: 0.0009
Episode_Reward/safe_terminal_quality: 0.0017
Episode_Reward/unsafe_terminal_recovery: -0.0000
Episode_Reward/capability_gated_safe_terminal_outcome: 0.0115
    Metrics/motion/error_joint_pos: 1.9676
    Metrics/motion/error_joint_vel: 6.7194
     Metrics/motion/error_body_pos: 0.1490
     Metrics/motion/error_body_rot: 0.7829
       Metrics/motion/motion_phase: 0.2017
            Metrics/motion/in_hold: 0.3096
Metrics/motion/motion_start_warmup_prob: 0.8000
Metrics/motion/motion_start_lifecycle_progress: 0.0000
Metrics/motion/motion_start_effective_prestrike_fraction: 1.0000
Metrics/motion/motion_start_effective_recovery_fraction: 0.0000
Metrics/motion/motion_start_effective_rsi_fraction: 0.0000
 Metrics/motion/motion_start_reset: 0.0078
Metrics/motion/motion_start_prestrike_reset: 0.0000
Metrics/motion/motion_start_recovery_reset: 0.0000
Metrics/motion/motion_start_rsi_reset: 0.0000
 Metrics/motion/single_cycle_reset: 0.0000
     Metrics/motion/motion_clip_id: 0.5979
Metrics/motion/motion_supplemental_clip: 0.0000
      Metrics/motion/stand_episode: 0.0130
Metrics/motion/default_stand_reset: 0.1060
Metrics/motion/error_body_pos_lower: 0.1729
Metrics/motion/error_body_rot_lower: 0.9285
Metrics/motion/error_body_lin_vel_lower: 0.2127
Metrics/motion/error_body_ang_vel_lower: 1.0230
Metrics/motion/reference_body_lin_speed_lower: 0.0206
Metrics/motion/robot_body_lin_speed_lower: 0.2045
Metrics/motion/error_body_pos_core: 0.0617
Metrics/motion/error_body_rot_core: 0.5252
Metrics/motion/error_body_lin_vel_core: 0.3529
Metrics/motion/error_body_ang_vel_core: 1.3333
Metrics/motion/reference_body_lin_speed_core: 0.0134
Metrics/motion/robot_body_lin_speed_core: 0.3521
Metrics/motion/error_body_pos_upper: 0.1544
Metrics/motion/error_body_rot_upper: 0.7232
Metrics/motion/error_body_lin_vel_upper: 0.9940
Metrics/motion/error_body_ang_vel_upper: 3.0804
Metrics/motion/reference_body_lin_speed_upper: 0.0258
Metrics/motion/robot_body_lin_speed_upper: 0.9943
Metrics/motion/error_joint_pos_waist: 0.6957
Metrics/motion/error_joint_vel_waist: 1.6265
Metrics/motion/reference_joint_speed_waist: 0.0294
Metrics/motion/error_joint_pos_arms: 1.6750
Metrics/motion/error_joint_vel_arms: 5.7186
Metrics/motion/reference_joint_speed_arms: 0.0757
Metrics/motion/error_joint_pos_legs: 0.6908
Metrics/motion/error_joint_vel_legs: 2.7695
Metrics/motion/reference_joint_speed_legs: 0.0056
Metrics/racket_target/racket_pos_error: 0.1290
Metrics/racket_target/racket_vel_error: 1.3330
Metrics/racket_target/time_to_strike: 0.6073
Metrics/racket_target/return_success: 0.0246
Metrics/racket_target/prev_return_success: 0.0246
Metrics/racket_target/prev_net_cross: 0.5379
Metrics/racket_target/current_net_cross: 0.0802
Metrics/racket_target/racket_pos_curriculum_scale: 1.0000
Metrics/racket_target/impact_inverse_command_blend: 0.0000
Metrics/racket_target/steps_since_target_resample: 45.7696
Metrics/racket_target/recovery_height_error: 0.0438
Metrics/racket_target/recovery_upright_error: 0.1414
Metrics/racket_target/recovery_base_lin_vel: 0.2904
Metrics/racket_target/recovery_base_ang_vel: 1.1046
Metrics/racket_target/recovery_station_error: 0.1177
Metrics/racket_target/recovery_feet_contact_frac: 0.9821
Metrics/racket_target/recovery_racket_speed: 2.2632
Metrics/racket_target/recovery_height_score: 0.8485
Metrics/racket_target/recovery_upright_score: 0.7800
Metrics/racket_target/recovery_lin_vel_score: 0.5702
Metrics/racket_target/recovery_ang_vel_score: 0.2647
Metrics/racket_target/recovery_station_score: 0.7963
Metrics/racket_target/recovery_racket_score: 0.0435
Metrics/racket_target/recovery_arm_score: 0.5263
Metrics/racket_target/recovery_ready_score: 0.6452
Metrics/racket_target/recovery_anchor_arm_score: 1.0000
Metrics/racket_target/recovery_core_ready_score: 0.5002
Metrics/racket_target/recovery_functional_ready_score: 0.4221
Metrics/racket_target/waist_action_overflow_rms: 0.0000
Metrics/racket_target/right_arm_action_overflow_rms: 0.0048
Metrics/racket_target/leg_action_overflow_rms: 0.0157
Metrics/racket_target/operational_margin_fraction: 0.0109
Metrics/racket_target/waist_operational_margin_fraction: 0.0017
Metrics/racket_target/right_arm_operational_margin_fraction: 0.0066
Metrics/racket_target/leg_operational_margin_fraction: 0.0239
Metrics/racket_target/waist_operational_excess_rms: 0.0002
Metrics/racket_target/right_arm_operational_excess_rms: 0.0011
Metrics/racket_target/leg_operational_excess_rms: 0.0096
Metrics/racket_target/q_des_velocity_violation_fraction: 0.0850
Metrics/racket_target/waist_q_des_velocity_violation_fraction: 0.0131
Metrics/racket_target/right_arm_q_des_velocity_violation_fraction: 0.1095
Metrics/racket_target/leg_q_des_velocity_violation_fraction: 0.1152
Metrics/racket_target/q_des_acceleration_violation_fraction: 0.7010
Metrics/racket_target/waist_q_des_acceleration_violation_fraction: 0.5995
Metrics/racket_target/right_arm_q_des_acceleration_violation_fraction: 0.7976
Metrics/racket_target/leg_q_des_acceleration_violation_fraction: 0.7587
Metrics/racket_target/waist_q_des_velocity_rms: 3.6374
Metrics/racket_target/right_arm_q_des_velocity_rms: 8.4637
Metrics/racket_target/leg_q_des_velocity_rms: 7.2790
Metrics/racket_target/waist_q_des_acceleration_rms: 300.4149
Metrics/racket_target/right_arm_q_des_acceleration_rms: 693.6741
Metrics/racket_target/leg_q_des_acceleration_rms: 622.6096
Metrics/racket_target/action_operational_feasibility_score: 0.8872
Metrics/racket_target/actuator_overflow_consecutive_steps: 0.0000
Metrics/racket_target/actuator_overflow_severe: 0.0000
Metrics/racket_target/recovery_phase_gate: 0.5993
Metrics/racket_target/recovery_phase_ready_score: 0.3695
Metrics/racket_target/recovery_contact_ready_score: 0.0468
Metrics/racket_target/recovery_net_ready_score: 0.0420
Metrics/racket_target/recovery_return_ready_score: 0.0000
Metrics/racket_target/cycle_success_ready_score: 0.0173
Metrics/racket_target/cycle_success_soft: 0.0132
Metrics/racket_target/cycle_success_binary: 0.0201
Metrics/racket_target/cycle_v2_pending: 0.0000
Metrics/racket_target/cycle_v2_attempt_latch: 0.0000
Metrics/racket_target/cycle_v2_ready_success_latch: 0.0000
Metrics/racket_target/cycle_v2_ready_fail_latch: 0.0000
Metrics/racket_target/cycle_v2_attempt_event: 0.0000
Metrics/racket_target/cycle_v2_ready_success_event: 0.0000
Metrics/racket_target/cycle_v2_ready_fail_event: 0.0000
Metrics/racket_target/cycle_v2_unresolved_resample_fail_event: 0.0000
Metrics/racket_target/cycle_v2_resolved_event: 0.0000
Metrics/racket_target/cycle_v2_command_visible_steps: 0.0000
Metrics/racket_target/cycle_v2_elapsed_steps: 0.0000
Metrics/racket_target/cycle_v2_ready_score: 0.0000
Metrics/racket_target/cycle_v2_ready_ok: 0.0000
Metrics/racket_target/cycle_v2_visible: 0.0000
Metrics/racket_target/cycle_v2_ready_score_ok: 0.0000
Metrics/racket_target/cycle_v2_height_ok: 0.0000
Metrics/racket_target/cycle_v2_upright_ok: 0.0000
Metrics/racket_target/cycle_v2_base_lin_vel_ok: 0.0000
Metrics/racket_target/cycle_v2_base_ang_vel_ok: 0.0000
Metrics/racket_target/cycle_v2_feet_ok: 0.0000
Metrics/racket_target/cycle_v2_core_ready_ok: 0.0000
Metrics/racket_target/cycle_v2_ready_consecutive_steps: 0.0000
Metrics/racket_target/single_cycle_bootstrap: 0.0000
Metrics/racket_target/single_cycle_swing_completed: 0.0000
Metrics/racket_target/single_cycle_recovery_active: 0.0000
Metrics/racket_target/single_cycle_recovery_elapsed_steps: 0.0000
Metrics/racket_target/single_cycle_ready_consecutive_steps: 0.0000
Metrics/racket_target/single_cycle_safe_timeout_event: 0.0000
Metrics/racket_target/single_cycle_deadline_timeout_event: 0.0000
Metrics/racket_target/single_cycle_timeout_latch: 0.0000
Metrics/racket_target/single_cycle_hard_failure_event: 0.0000
Metrics/racket_target/single_cycle_probability: 0.0000
Metrics/racket_target/single_cycle_curriculum_level: 0.0000
Metrics/racket_target/single_cycle_effective_deadline_steps: 100.0000
Metrics/racket_target/single_cycle_selected_events: 0.0000
Metrics/racket_target/single_cycle_completed_events: 0.0000
Metrics/racket_target/single_cycle_safe_timeout_events: 0.0000
Metrics/racket_target/single_cycle_deadline_timeout_events: 0.0000
Metrics/racket_target/single_cycle_hard_failure_events: 0.0000
Metrics/racket_target/active_ready_consecutive_steps: 0.0052
Metrics/racket_target/active_ready_success_event: 0.0000
Metrics/racket_target/active_ready_success_latch: 0.0000
Metrics/racket_target/active_ready_survival_steps: 0.0000
Metrics/racket_target/active_ready_survival_next_milestone: 0.0000
Metrics/racket_target/active_ready_survival_milestone_event: 0.0000
Metrics/racket_target/no_command_ready_active: 0.0651
Metrics/racket_target/no_command_from_stand_episode: 0.0130
Metrics/racket_target/no_command_from_default_stand_reset: 0.0130
Metrics/racket_target/no_command_ready_upright_ok: 0.0573
Metrics/racket_target/no_command_ready_motion_ok: 0.0130
Metrics/racket_target/no_command_ready_score: 0.0384
Metrics/racket_target/no_command_ready_progress: -0.0250
Metrics/racket_target/no_command_ready_station_error: 0.0073
Metrics/racket_target/no_command_ready_fixed_station_error: 0.0073
Metrics/racket_target/healthy_training_stage: 3.0000
Metrics/racket_target/healthy_stage_planted_rehearsal: 0.0000
Metrics/racket_target/healthy_stage_station_hold_seen: 0.0000
Metrics/racket_target/healthy_stage_station_arrived: 0.0000
Metrics/racket_target/healthy_stage_station_settled: 0.0000
Metrics/racket_target/healthy_stage_station_settle_steps: 0.0000
Metrics/racket_target/station_relocation_active: 0.0000
Metrics/racket_target/station_relocation_target_offset_y: 0.0000
Metrics/racket_target/station_relocation_error: 0.0000
Metrics/racket_target/station_relocation_arrival_event: 0.0000
Metrics/racket_target/station_relocation_settle_event: 0.0000
Metrics/racket_target/station_relocation_release_event: 0.0000
Metrics/racket_target/station_relocation_timeout_event: 0.0000
Metrics/racket_target/station_relocation_elapsed_steps: 0.0000
Metrics/racket_target/station_relocation_hold_deadline_steps: 0.0000
Metrics/racket_target/lifecycle_recovery_hold_active: 0.0000
Metrics/racket_target/lifecycle_recovery_release_success_event: 0.0000
Metrics/racket_target/lifecycle_recovery_release_fail_event: 0.0000
Metrics/racket_target/station_relocation_level: 0.0000
Metrics/racket_target/station_relocation_arrival_ema: 0.0000
Metrics/racket_target/station_relocation_settle_ema: 0.0000
Metrics/racket_target/station_relocation_contact_ema: 0.0000
Metrics/racket_target/station_relocation_safety_ema: 0.0000
Metrics/racket_target/station_relocation_resolved_events: 0.0000
Metrics/racket_target/station_relocation_terminal_reset_events: 0.0000
Metrics/racket_target/station_relocation_advance_streak: 0.0000
Metrics/racket_target/station_relocation_regress_streak: 0.0000
Metrics/racket_target/station_relocation_effective_max_lin_vel: 0.0000
Metrics/racket_target/station_relocation_effective_max_ang_vel: 0.0000
Metrics/racket_target/station_relocation_effective_min_settle_steps: 0.0000
Metrics/racket_target/ability_curriculum_level: 0.0000
Metrics/racket_target/ability_curriculum_scale: 1.0000
Metrics/racket_target/ability_curriculum_resolved_events: 2759.1875
Metrics/racket_target/ability_curriculum_total_resolved_events: 2759.1875
Metrics/racket_target/ability_curriculum_advance_streak: 0.0000
Metrics/racket_target/ability_curriculum_regress_streak: 0.0000
Metrics/racket_target/ability_contact_ema: 0.6453
Metrics/racket_target/ability_net_ema: 0.6323
Metrics/racket_target/ability_success_ema: 0.0170
Metrics/racket_target/ability_recovery_ema: 0.8026
Metrics/racket_target/ability_cycle_ema: 0.0170
Metrics/racket_target/ability_cycle_attempt_ema: 0.0170
Metrics/racket_target/ability_cycle_resolved_ema: 0.0170
Metrics/racket_target/ability_forehand_contact_ema: 0.7368
Metrics/racket_target/ability_forehand_net_ema: 0.7242
Metrics/racket_target/ability_forehand_success_ema: 0.0181
Metrics/racket_target/ability_backhand_contact_ema: 0.5883
Metrics/racket_target/ability_backhand_net_ema: 0.5771
Metrics/racket_target/ability_backhand_success_ema: 0.0153
Metrics/racket_target/ability_attempt_ema: 1.0000
Metrics/racket_target/ability_targeted_attempt_ema: 0.9955
Metrics/racket_target/impact_health_floor_progress: 0.0000
Metrics/racket_target/ability_safety_ema: 0.9506
Metrics/racket_target/ability_station_saturation_ema: 0.0000
Metrics/racket_target/ability_healthy_normal_ema: 1.0000
Metrics/racket_target/ability_station_arrival_ema: 0.0000
Metrics/racket_target/ability_station_settle_ema: 0.0000
Metrics/racket_target/safe_outcome_capability_gate: 0.4637
Metrics/racket_target/planner_hit_plane_blend: 1.0000
Metrics/racket_target/planner_hit_plane_x_delta: 0.0366
Metrics/racket_target/true_strike_table_x: 0.2000
Metrics/racket_target/planner_target_table_x: 0.2000
Metrics/racket_target/workspace_level: 0.0000
Metrics/racket_target/workspace_fringe_sample: 0.0000
Metrics/racket_target/workspace_target_lateral_norm: 0.3166
Metrics/racket_target/workspace_target_table_y: -0.2287
Metrics/racket_target/workspace_playable_y_min: -0.7225
Metrics/racket_target/workspace_playable_y_max: 0.7225
Metrics/racket_target/workspace_active_y_lo: -0.2880
Metrics/racket_target/workspace_active_y_hi: -0.1558
Metrics/racket_target/workspace_motion_seed_blend: 0.0000
Metrics/racket_target/planner_perturb_curriculum_scale: 1.0000
Metrics/racket_target/incoming_ball_horizontal_speed: 2.2575
Metrics/racket_target/incoming_ball_speed: 4.6036
Metrics/racket_target/incoming_ball_speed_curriculum_level: 0.0000
Metrics/racket_target/incoming_ball_speed_sample_low: 0.0000
Metrics/racket_target/incoming_ball_speed_sample_high: 0.0000
Metrics/racket_target/station_saturated: 0.0000
Metrics/racket_target/station_raw_clip_excess: 0.0000
Metrics/racket_target/station_saturated_x: 0.0000
Metrics/racket_target/station_saturated_y: 0.0000
Metrics/racket_target/station_raw_clip_excess_x: 0.0000
Metrics/racket_target/station_raw_clip_excess_y: 0.0000
Metrics/racket_target/current_swing_opportunity: 0.1926
Metrics/racket_target/current_swing_attempt: 0.1926
Metrics/racket_target/current_swing_targeted_attempt: 0.1874
Metrics/racket_target/prev_swing_targeted_attempt: 0.8679
Metrics/racket_target/current_swing_unsafe: 0.0524
Metrics/racket_target/current_swing_station_saturated: 0.0000
Metrics/racket_target/impact_health_score: 0.8257
Metrics/racket_target/impact_health_ok: 0.8413
Metrics/racket_target/impact_health_backlean_violation: 0.0067
Metrics/racket_target/impact_health_waist_backfold: 0.0004
Metrics/racket_target/impact_health_base_retreat: 0.0346
Metrics/racket_target/impact_health_torso_gravity_x: 0.3718
Metrics/racket_target/impact_health_torso_ang_vel: 0.6618
Metrics/racket_target/impact_health_com_x: 0.0726
Metrics/racket_target/impact_health_com_y: 0.0364
Metrics/racket_target/post_contact_ready_pending: 0.0000
Metrics/racket_target/post_contact_ready_elapsed_steps: 0.3057
Metrics/racket_target/post_contact_ready_consecutive_steps: 0.0000
Metrics/racket_target/post_contact_ready_diagnostic_pending: 0.0000
Metrics/racket_target/post_contact_ready_diagnostic_elapsed_steps: 3.2835
Metrics/racket_target/post_contact_ready_durable_pending: 0.0000
Metrics/racket_target/post_contact_ready_durable_consecutive_steps: 0.0000
Metrics/racket_target/post_contact_ready_durable_ready_now: 0.0000
Metrics/racket_target/post_contact_ready_durable_success_event: 0.0000
Metrics/racket_target/post_contact_ready_durable_fail_event: 0.0000
Metrics/racket_target/post_contact_ready_durable_resolution_success_rate: 0.2289
Metrics/racket_target/post_contact_ready_durable_resolution_fail_rate: 0.7047
Metrics/racket_target/post_contact_ready_durable_resolution_success_latency_steps: 35.0000
Metrics/racket_target/post_contact_ready_durable_resolution_fail_latency_steps: 33.3860
Metrics/racket_target/post_contact_ready_durable_fail_backlean_rate: 0.0543
Metrics/racket_target/post_contact_ready_durable_fail_forward_lean_rate: 0.8795
Metrics/racket_target/post_contact_ready_durable_fail_torso_ang_vel_rate: 0.0543
Metrics/racket_target/post_contact_ready_durable_fail_base_lin_vel_rate: 0.0557
Metrics/racket_target/post_contact_ready_durable_fail_base_ang_vel_rate: 0.3758
Metrics/racket_target/post_contact_ready_durable_fail_racket_speed_rate: 0.0543
Metrics/racket_target/post_contact_ready_durable_fail_height_rate: 0.0543
Metrics/racket_target/post_contact_ready_durable_fail_com_x_rate: 0.0572
Metrics/racket_target/post_contact_ready_durable_fail_com_y_rate: 0.0543
Metrics/racket_target/post_contact_ready_durable_fail_feet_rate: 0.0543
Metrics/racket_target/post_contact_ready_durable_fail_station_rate: 0.0548
Metrics/racket_target/post_contact_ready_durable_fail_arm_rate: 0.0543
Metrics/racket_target/post_contact_ready_terminal_window_active: 0.0000
Metrics/racket_target/post_contact_ready_terminal_quality: 0.0463
Metrics/racket_target/post_contact_ready_terminal_settlement_event: 0.0000
Metrics/racket_target/post_contact_ready_operational_ready_now: 0.0000
Metrics/racket_target/post_contact_ready_operational_consecutive_steps: 0.0000
Metrics/racket_target/post_contact_ready_safe_settlement_event: 0.0000
Metrics/racket_target/post_contact_ready_unsafe_settlement_event: 0.0000
Metrics/racket_target/post_contact_ready_incomplete_settlement_event: 0.0000
Metrics/racket_target/post_contact_ready_safe_net_cycle_event: 0.0000
Metrics/racket_target/post_contact_ready_terminal_quality_mean: 0.9240
Metrics/racket_target/post_contact_ready_safe_terminal_quality_mean: 0.9317
Metrics/racket_target/post_contact_ready_terminal_safe_rate: 0.7186
Metrics/racket_target/post_contact_ready_terminal_unsafe_rate: 0.0359
Metrics/racket_target/post_contact_ready_terminal_incomplete_rate: 0.2455
Metrics/racket_target/post_contact_ready_safe_net_cycle_rate: 0.7028
Metrics/racket_target/post_contact_ready_score: 0.6491
Metrics/racket_target/post_contact_ready_now: 0.0000
Metrics/racket_target/post_contact_ready_success_event: 0.0000
Metrics/racket_target/post_contact_ready_fail_event: 0.0000
Metrics/racket_target/post_contact_ready_outcome_tier: -0.8334
Metrics/racket_target/post_contact_ready_face_quality: 0.0495
Metrics/racket_target/post_contact_ready_safe_face_net_cycle_value: 0.0000
Metrics/racket_target/post_contact_ready_planner_speed_ratio: 0.0548
Metrics/racket_target/post_contact_ready_planner_direction_error_rad: 0.0250
Metrics/racket_target/post_contact_ready_planner_position_error: 0.0050
Metrics/racket_target/post_contact_ready_impact_health_score: 0.0721
Metrics/racket_target/post_contact_ready_peak_base_ang_vel: 0.0987
Metrics/racket_target/post_contact_ready_peak_ang_vel_excess_increment: 0.0000
Metrics/racket_target/post_contact_ready_envelope_violation_latch: 0.0000
Metrics/racket_target/post_contact_ready_envelope_violation_event: 0.0000
Metrics/racket_target/post_contact_ready_envelope_first_violation_step: -1.0000
Metrics/racket_target/post_contact_ready_envelope_attempts: 2928.6562
Metrics/racket_target/post_contact_ready_envelope_violation_rate: 0.0355
Metrics/racket_target/post_contact_ready_envelope_tilt_violation_rate: 0.0003
Metrics/racket_target/post_contact_ready_envelope_pitch_violation_rate: 0.0003
Metrics/racket_target/post_contact_ready_envelope_com_violation_rate: 0.0010
Metrics/racket_target/post_contact_ready_envelope_waist_violation_rate: 0.0000
Metrics/racket_target/post_contact_ready_envelope_leg_violation_rate: 0.0000
Metrics/racket_target/post_contact_ready_envelope_base_ang_vel_violation_rate: 0.0348
Metrics/racket_target/post_contact_ready_resolution_success_rate: 0.9804
Metrics/racket_target/post_contact_ready_resolution_fail_rate: 0.0106
Metrics/racket_target/post_contact_ready_resolution_success_latency_steps: 4.8590
Metrics/racket_target/post_contact_ready_resolution_fail_latency_steps: 8.8710
Metrics/racket_target/post_contact_ready_max_tilt: 0.0146
Metrics/racket_target/post_contact_ready_max_abs_pitch: 0.0144
Metrics/racket_target/post_contact_ready_max_com_x: 0.0099
Metrics/racket_target/post_contact_ready_max_com_y: 0.0038
Metrics/racket_target/post_contact_ready_max_waist_overflow: 0.0000
Metrics/racket_target/post_contact_ready_max_leg_overflow: 0.0077
Metrics/racket_target/post_contact_ready_settlement_velocity_score_ema: 0.6459
Metrics/racket_target/post_contact_ready_settlement_position_gate_ema: 0.7730
Metrics/racket_target/post_contact_ready_settlement_health_gate_ema: 0.9779
Metrics/racket_target/post_contact_ready_settlement_recovery_gate_ema: 0.4191
Metrics/racket_target/post_contact_ready_settlement_total_score_ema: 0.2051
Metrics/racket_target/post_contact_recovery_backlean_error: 0.0775
Metrics/racket_target/post_contact_recovery_directional_progress: 0.0000
Metrics/racket_target/post_contact_ready_torso_ok: 0.0966
Metrics/racket_target/post_contact_ready_motion_ok: 0.5656
Metrics/racket_target/post_contact_ready_support_ok: 0.8493
Metrics/racket_target/post_contact_ready_arm_ok: 1.0000
Metrics/racket_target/post_contact_ready_base_lin_vel_ok: 0.8404
Metrics/racket_target/post_contact_ready_base_ang_vel_ok: 0.7139
Metrics/racket_target/post_contact_ready_racket_speed_ok: 0.8133
Metrics/racket_target/post_contact_ready_height_ok: 0.9476
Metrics/racket_target/post_contact_ready_com_x_ok: 0.8493
Metrics/racket_target/post_contact_ready_com_y_ok: 0.9539
Metrics/racket_target/post_contact_ready_feet_ok: 0.9948
Metrics/racket_target/post_contact_ready_station_ok: 0.8493
Metrics/racket_target/post_contact_ready_fail_torso: 0.0000
Metrics/racket_target/post_contact_ready_fail_base_lin_vel: 0.0000
Metrics/racket_target/post_contact_ready_fail_base_ang_vel: 0.0000
Metrics/racket_target/post_contact_ready_fail_racket_speed: 0.0000
Metrics/racket_target/post_contact_ready_fail_support: 0.0000
Metrics/racket_target/post_contact_ready_fail_arm: 0.0000
Metrics/racket_target/post_contact_ready_shadow_now: 0.0000
Metrics/racket_target/post_contact_ready_shadow_consecutive_steps: 0.0000
Metrics/racket_target/post_contact_ready_shadow_success_latch: 0.0000
Metrics/racket_target/post_contact_ready_curriculum_level: 0.0000
Metrics/racket_target/post_contact_ready_curriculum_fraction: 1.0000
Metrics/racket_target/post_contact_ready_curriculum_success_ema: 0.0000
Metrics/racket_target/post_contact_ready_curriculum_shadow_success_ema: 0.0000
Metrics/racket_target/post_contact_ready_curriculum_resolved_events: 0.0000
Metrics/racket_target/post_contact_ready_curriculum_successful_events: 0.0000
Metrics/racket_target/post_contact_ready_curriculum_targeted_attempt_ema: 0.0000
Metrics/racket_target/post_contact_ready_curriculum_return_success_ema: 0.0000
Metrics/racket_target/post_contact_ready_curriculum_completed_swings: 0.0000
Metrics/racket_target/post_contact_ready_curriculum_advance_streak: 0.0000
Metrics/racket_target/post_contact_ready_curriculum_advance_guard_ok: 0.0000
Metrics/racket_target/post_contact_ready_effective_max_torso_ang_vel: 1.5000
Metrics/racket_target/post_contact_ready_effective_torso_x_min: -0.1200
Metrics/racket_target/post_contact_ready_effective_torso_x_max: 0.3200
Metrics/racket_target/post_contact_ready_effective_max_base_lin_vel: 0.4500
Metrics/racket_target/post_contact_ready_effective_max_base_ang_vel: 1.3000
Metrics/racket_target/post_contact_ready_effective_max_racket_speed: 3.0000
Metrics/racket_target/post_contact_ready_effective_min_feet_contact: 0.5000
Metrics/racket_target/post_contact_ready_effective_required_consecutive_steps: 3.0000
Metrics/racket_target/post_contact_ready_effective_deadline_steps: 40.0000
Metrics/racket_target/post_contact_ready_curriculum_advance_threshold: 1.0000
Metrics/racket_target/post_contact_ready_curriculum_advance_min_events: 0.0000
Metrics/racket_target/post_contact_ready_curriculum_shadow_threshold: 1.0000
Metrics/racket_target/post_contact_ready_curriculum_min_targeted_attempt_ema: 0.0000
Metrics/racket_target/post_contact_ready_curriculum_min_return_success_ema: 0.0000
Metrics/racket_target/post_contact_ready_curriculum_min_completed_swings: 1.0000
Metrics/racket_target/post_contact_ready_curriculum_required_advance_checks: 1.0000
Metrics/racket_target/racket_normal_error_deg: 64.7638
Metrics/racket_target/impact_normal_error_deg: 3.1107
Metrics/racket_target/impact_racket_vel_error_mps: 0.6130
Metrics/racket_target/impact_racket_speed_ratio: 0.8834
Metrics/racket_target/impact_racket_vel_angle_deg: 14.4330
Metrics/racket_target/impact_racket_actual_vel_x: 0.8801
Metrics/racket_target/impact_racket_actual_vel_y: 0.0358
Metrics/racket_target/impact_racket_actual_vel_z: 1.3573
Metrics/racket_target/impact_racket_target_vel_x: 1.2207
Metrics/racket_target/impact_racket_target_vel_y: 0.0060
Metrics/racket_target/impact_racket_target_vel_z: 1.3512
Metrics/racket_target/impact_ball_out_error_mps: 4.4773
Metrics/racket_target/impact_face_radial_error_m: 0.0631
Metrics/racket_target/impact_face_normal_gap_m: 0.0431
Metrics/racket_target/impact_face_quality: 0.5705
Metrics/racket_target/impact_center_contact: 0.0000
Metrics/racket_target/impact_center_net_cross: 0.0000
Metrics/racket_target/impact_center_on_opponent: 0.0000
Metrics/racket_target/impact_rim_contact: 0.0000
Metrics/racket_target/impact_rim_net_cross: 0.0000
Metrics/racket_target/impact_rim_on_opponent: 0.0000
Metrics/racket_target/impact_analytic_outer_contact: 0.0000
Metrics/racket_target/impact_analytic_outer_net_cross: 0.0000
Metrics/racket_target/impact_analytic_outer_on_opponent: 0.0000
Metrics/racket_target/impact_planner_pos_error_m: 0.0844
Metrics/racket_target/impact_planner_vel_error_mps: 0.6130
Metrics/racket_target/impact_planner_speed_ratio: 0.8834
Metrics/racket_target/impact_planner_vel_angle_deg: 14.4330
Metrics/racket_target/impact_healthy_normal_ok: 0.0000
Metrics/racket_target/impact_healthy_contact: 0.0000
Metrics/racket_target/impact_healthy_net_cross: 0.0000
Metrics/racket_target/impact_healthy_on_opponent: 0.0000
Metrics/racket_target/current_swing_impact_health_score: 0.0721
Metrics/racket_target/current_swing_healthy_contact: 0.0864
Metrics/racket_target/current_swing_healthy_net_cross: 0.0802
Metrics/racket_target/current_swing_healthy_on_opponent: 0.0000
Metrics/racket_target/current_swing_healthy_normal_ok: 0.1881
Metrics/racket_target/current_swing_contact: 0.0864
Metrics/racket_target/current_swing_net_cross: 0.0802
Metrics/racket_target/current_swing_on_opponent: 0.0000
Metrics/racket_target/current_swing_center_contact: 0.0392
Metrics/racket_target/current_swing_center_net_cross: 0.0392
Metrics/racket_target/current_swing_center_on_opponent: 0.0000
Metrics/racket_target/current_swing_rim_contact: 0.0316
Metrics/racket_target/current_swing_rim_net_cross: 0.0253
Metrics/racket_target/current_swing_rim_on_opponent: 0.0000
Metrics/racket_target/current_swing_analytic_outer_contact: 0.0156
Metrics/racket_target/current_swing_analytic_outer_net_cross: 0.0156
Metrics/racket_target/current_swing_analytic_outer_on_opponent: 0.0000
Metrics/racket_target/cycle_v2_outcome_tier: -1.0000
Metrics/racket_target/cycle_v2_streak: 0.0000
Metrics/racket_target/closed_loop_recovery_trigger_event: 0.0000
Metrics/racket_target/closed_loop_cycle_success_event: 0.0000
Metrics/racket_target/closed_loop_durable_cycle_success_event: 0.0000
Metrics/racket_target/closed_loop_phase_id: 1.1145
Metrics/racket_target/closed_loop_phase_ready_no_command: 0.0651
Metrics/racket_target/closed_loop_phase_command_acquire: 0.7553
Metrics/racket_target/closed_loop_phase_pre_strike: 0.1796
Metrics/racket_target/closed_loop_phase_strike: 0.0000
Metrics/racket_target/closed_loop_phase_follow_through: 0.0000
Metrics/racket_target/closed_loop_phase_recovery: 0.0000
Metrics/racket_target/closed_loop_phase_next_ready: 0.0000
Metrics/racket_target/post_contact_phase_impact_0_100ms_attempts: 2928.6562
Metrics/racket_target/post_contact_phase_impact_0_100ms_tilt_gt_0p1_rate: 1.0000
Metrics/racket_target/post_contact_phase_impact_0_100ms_pitch_gt_0p1_rate: 1.0000
Metrics/racket_target/post_contact_phase_impact_0_100ms_waist_overflow_gt_1p0_rate: 0.0000
Metrics/racket_target/post_contact_phase_impact_0_100ms_base_ang_vel_gt_0p8_rate: 0.9892
Metrics/racket_target/post_contact_phase_brake_100_300ms_attempts: 2872.6562
Metrics/racket_target/post_contact_phase_brake_100_300ms_tilt_gt_0p1_rate: 0.9990
Metrics/racket_target/post_contact_phase_brake_100_300ms_pitch_gt_0p1_rate: 0.9980
Metrics/racket_target/post_contact_phase_brake_100_300ms_waist_overflow_gt_1p0_rate: 0.0000
Metrics/racket_target/post_contact_phase_brake_100_300ms_base_ang_vel_gt_0p8_rate: 0.9955
Metrics/racket_target/post_contact_phase_settle_300_600ms_attempts: 2768.8438
Metrics/racket_target/post_contact_phase_settle_300_600ms_tilt_gt_0p1_rate: 0.8119
Metrics/racket_target/post_contact_phase_settle_300_600ms_pitch_gt_0p1_rate: 0.7615
Metrics/racket_target/post_contact_phase_settle_300_600ms_waist_overflow_gt_1p0_rate: 0.0000
Metrics/racket_target/post_contact_phase_settle_300_600ms_base_ang_vel_gt_0p8_rate: 0.9903
Metrics/racket_target/post_contact_phase_ready_after_600ms_attempts: 2607.2500
Metrics/racket_target/post_contact_phase_ready_after_600ms_tilt_gt_0p1_rate: 0.5205
Metrics/racket_target/post_contact_phase_ready_after_600ms_pitch_gt_0p1_rate: 0.4409
Metrics/racket_target/post_contact_phase_ready_after_600ms_waist_overflow_gt_1p0_rate: 0.0000
Metrics/racket_target/post_contact_phase_ready_after_600ms_base_ang_vel_gt_0p8_rate: 0.9447
Metrics/racket_target/base_pitch_like_signed: 0.0068
Metrics/racket_target/base_backward_velocity: 0.0553
Metrics/racket_target/waist_action_rms: 0.5916
Metrics/racket_target/right_arm_action_rms: 3.6923
Metrics/racket_target/leg_action_rms: 0.5259
Metrics/racket_target/action_abs_max: 7.1862
Metrics/racket_target/applied_action_abs_max: 7.0354
Metrics/racket_target/leg_action_abs_max: 1.0422
Metrics/racket_target/effective_action_abs_max: 7.0349
Metrics/racket_target/action_clamp_fraction: 0.0074
Metrics/racket_target/waist_action_clamp_fraction: 0.0000
Metrics/racket_target/right_arm_action_clamp_fraction: 0.0066
Metrics/racket_target/leg_action_clamp_fraction: 0.0152
Metrics/racket_target/waist_q_tracking_error_rms: 0.3513
Metrics/racket_target/right_arm_q_tracking_error_rms: 0.1979
Metrics/racket_target/leg_q_tracking_error_rms: 0.2001
Metrics/racket_target/waist_torque_clip_fraction: 0.0000
Metrics/racket_target/right_arm_torque_clip_fraction: 0.0000
Metrics/racket_target/leg_torque_clip_fraction: 0.0000
Metrics/racket_target/waist_action_delta_rms: 0.1636
Metrics/racket_target/right_arm_action_delta_rms: 0.9335
Metrics/racket_target/leg_action_delta_rms: 0.2749
Metrics/racket_target/waist_joint_vel_rms: 0.9387
Metrics/racket_target/right_arm_joint_vel_rms: 1.8280
Metrics/racket_target/leg_joint_vel_rms: 0.7984
Metrics/racket_target/recovery_leg_action_abs_max: 0.6014
Metrics/racket_target/recovery_leg_action_delta_rms: 0.1559
Metrics/racket_target/recovery_leg_joint_vel_rms: 0.5186
      Episode_Termination/time_out: 3.9062
  Episode_Termination/base_too_low: 0.0312
   Episode_Termination/base_tilted: 0.2188
   Episode_Termination/table_touch: 0.3125
Episode_Termination/persistent_action_overflow: 0.0000
--------------------------------------------------------------------------------
                   Total timesteps: 720896
                    Iteration time: 2.31s
                      Time elapsed: 00:00:25
                               ETA: 00:00:22

################################################################################
                     [1m Learning iteration 1811/1820 [0m                     

                       Computation: 28235 steps/s (collection: 2.304s, learning 0.017s)
             Mean action noise std: 0.45
          Mean value_function loss: 0.0632
               Mean surrogate loss: -0.0000
                 Mean entropy loss: 2.8121
      Mean critic_only_warmup loss: 1.0000
                       Mean reward: 9.98
               Mean episode length: 345.14
 Episode_Reward/undesired_contacts: 0.0000
  Episode_Reward/feet_contact_slip: -0.0019
     Episode_Reward/table_no_touch: -0.0007
              Episode_Reward/alive: 0.0069
            Episode_Reward/upright: -0.0053
          Episode_Reward/imitation: 0.2809
    Episode_Reward/racket_position: 0.0478
Episode_Reward/backhand_racket_position: 0.0212
    Episode_Reward/racket_velocity: 0.0307
Episode_Reward/planner_racket_task_space_crossfade: 0.1971
Episode_Reward/exact_impact_planner_task_space_alignment: 0.0052
    Episode_Reward/blade_direction: 0.0282
Episode_Reward/health_gated_soft_ball_contact: 0.0311
Episode_Reward/health_gated_backhand_soft_ball_contact: 0.0194
Episode_Reward/health_gated_ball_contact: 0.0062
Episode_Reward/healthy_trunk_support: 0.0504
Episode_Reward/targeted_strike_attempt: 0.0070
  Episode_Reward/strike_inactivity: -0.0000
 Episode_Reward/pre_strike_station: 0.0593
    Episode_Reward/recovery_health: 0.0406
Episode_Reward/no_command_ready_stability: 0.0014
Episode_Reward/post_strike_base_ang_vel: 0.0075
Episode_Reward/phase_action_overflow: -0.0001
     Episode_Reward/strike_balance: 0.0186
Episode_Reward/prestrike_station_progress: 0.0120
 Episode_Reward/lower_body_support: 0.0276
Episode_Reward/termination_penalty: -0.0133
Episode_Reward/phase_action_rate_waist: -0.0002
Episode_Reward/phase_action_rate_upper: -0.0048
Episode_Reward/phase_action_rate_legs: -0.0002
        Episode_Reward/joint_limit: -0.0273
Episode_Reward/prestrike_racket_progress: 0.1694
Episode_Reward/near_impact_planner_velocity_progress: 0.0283
Episode_Reward/operational_joint_margin: -0.0057
  Episode_Reward/joint_target_slew: -0.0240
Episode_Reward/actuator_waist_feasibility: -0.0000
Episode_Reward/actuator_right_arm_feasibility: -0.0000
Episode_Reward/actuator_leg_feasibility: -0.0000
Episode_Reward/terminal_quality_window: 0.0010
Episode_Reward/safe_terminal_quality: 0.0017
Episode_Reward/unsafe_terminal_recovery: -0.0001
Episode_Reward/capability_gated_safe_terminal_outcome: 0.0117
    Metrics/motion/error_joint_pos: 1.4832
    Metrics/motion/error_joint_vel: 5.6805
     Metrics/motion/error_body_pos: 0.1248
     Metrics/motion/error_body_rot: 0.6481
       Metrics/motion/motion_phase: 0.2194
            Metrics/motion/in_hold: 0.0534
Metrics/motion/motion_start_warmup_prob: 0.8000
Metrics/motion/motion_start_lifecycle_progress: 0.0000
Metrics/motion/motion_start_effective_prestrike_fraction: 1.0000
Metrics/motion/motion_start_effective_recovery_fraction: 0.0000
Metrics/motion/motion_start_effective_rsi_fraction: 0.0000
 Metrics/motion/motion_start_reset: 0.0000
Metrics/motion/motion_start_prestrike_reset: 0.0000
Metrics/motion/motion_start_recovery_reset: 0.0000
Metrics/motion/motion_start_rsi_reset: 0.0000
 Metrics/motion/single_cycle_reset: 0.0000
     Metrics/motion/motion_clip_id: 0.6170
Metrics/motion/motion_supplemental_clip: 0.0000
      Metrics/motion/stand_episode: 0.0438
Metrics/motion/default_stand_reset: 0.0795
Metrics/motion/error_body_pos_lower: 0.1484
Metrics/motion/error_body_rot_lower: 0.8081
Metrics/motion/error_body_lin_vel_lower: 0.1565
Metrics/motion/error_body_ang_vel_lower: 0.7881
Metrics/motion/reference_body_lin_speed_lower: 0.0229
Metrics/motion/robot_body_lin_speed_lower: 0.1497
Metrics/motion/error_body_pos_core: 0.0636
Metrics/motion/error_body_rot_core: 0.3845
Metrics/motion/error_body_lin_vel_core: 0.2608
Metrics/motion/error_body_ang_vel_core: 1.1654
Metrics/motion/reference_body_lin_speed_core: 0.0254
Metrics/motion/robot_body_lin_speed_core: 0.2586
Metrics/motion/error_body_pos_upper: 0.1217
Metrics/motion/error_body_rot_upper: 0.5759
Metrics/motion/error_body_lin_vel_upper: 0.7824
Metrics/motion/error_body_ang_vel_upper: 2.4336
Metrics/motion/reference_body_lin_speed_upper: 0.0732
Metrics/motion/robot_body_lin_speed_upper: 0.8071
Metrics/motion/error_joint_pos_waist: 0.5248
Metrics/motion/error_joint_vel_waist: 1.4028
Metrics/motion/reference_joint_speed_waist: 0.0295
Metrics/motion/error_joint_pos_arms: 1.1934
Metrics/motion/error_joint_vel_arms: 4.7882
Metrics/motion/reference_joint_speed_arms: 0.1756
Metrics/motion/error_joint_pos_legs: 0.6668
Metrics/motion/error_joint_vel_legs: 2.3949
Metrics/motion/reference_joint_speed_legs: 0.0078
Metrics/racket_target/racket_pos_error: 0.1227
Metrics/racket_target/racket_vel_error: 1.2567
Metrics/racket_target/time_to_strike: 0.5141
Metrics/racket_target/return_success: 0.0654
Metrics/racket_target/prev_return_success: 0.0602
Metrics/racket_target/prev_net_cross: 0.6097
Metrics/racket_target/current_net_cross: 0.0052
Metrics/racket_target/racket_pos_curriculum_scale: 1.0000
Metrics/racket_target/impact_inverse_command_blend: 0.0000
Metrics/racket_target/steps_since_target_resample: 58.4825
Metrics/racket_target/recovery_height_error: 0.0345
Metrics/racket_target/recovery_upright_error: 0.2143
Metrics/racket_target/recovery_base_lin_vel: 0.2084
Metrics/racket_target/recovery_base_ang_vel: 1.0651
Metrics/racket_target/recovery_station_error: 0.0892
Metrics/racket_target/recovery_feet_contact_frac: 0.9821
Metrics/racket_target/recovery_racket_speed: 1.4820
Metrics/racket_target/recovery_height_score: 0.8833
Metrics/racket_target/recovery_upright_score: 0.5782
Metrics/racket_target/recovery_lin_vel_score: 0.7318
Metrics/racket_target/recovery_ang_vel_score: 0.2719
Metrics/racket_target/recovery_station_score: 0.8611
Metrics/racket_target/recovery_racket_score: 0.1006
Metrics/racket_target/recovery_arm_score: 0.5816
Metrics/racket_target/recovery_ready_score: 0.6537
Metrics/racket_target/recovery_anchor_arm_score: 1.0000
Metrics/racket_target/recovery_core_ready_score: 0.5132
Metrics/racket_target/recovery_functional_ready_score: 0.4417
Metrics/racket_target/waist_action_overflow_rms: 0.0000
Metrics/racket_target/right_arm_action_overflow_rms: 0.0013
Metrics/racket_target/leg_action_overflow_rms: 0.0090
Metrics/racket_target/operational_margin_fraction: 0.0075
Metrics/racket_target/waist_operational_margin_fraction: 0.0000
Metrics/racket_target/right_arm_operational_margin_fraction: 0.0064
Metrics/racket_target/leg_operational_margin_fraction: 0.0156
Metrics/racket_target/waist_operational_excess_rms: 0.0000
Metrics/racket_target/right_arm_operational_excess_rms: 0.0006
Metrics/racket_target/leg_operational_excess_rms: 0.0058
Metrics/racket_target/q_des_velocity_violation_fraction: 0.0910
Metrics/racket_target/waist_q_des_velocity_violation_fraction: 0.0070
Metrics/racket_target/right_arm_q_des_velocity_violation_fraction: 0.1251
Metrics/racket_target/leg_q_des_velocity_violation_fraction: 0.1210
Metrics/racket_target/q_des_acceleration_violation_fraction: 0.6999
Metrics/racket_target/waist_q_des_acceleration_violation_fraction: 0.5920
Metrics/racket_target/right_arm_q_des_acceleration_violation_fraction: 0.8187
Metrics/racket_target/leg_q_des_acceleration_violation_fraction: 0.7542
Metrics/racket_target/waist_q_des_velocity_rms: 3.3363
Metrics/racket_target/right_arm_q_des_velocity_rms: 8.8184
Metrics/racket_target/leg_q_des_velocity_rms: 7.4232
Metrics/racket_target/waist_q_des_acceleration_rms: 254.9108
Metrics/racket_target/right_arm_q_des_acceleration_rms: 749.2981
Metrics/racket_target/leg_q_des_acceleration_rms: 621.2296
Metrics/racket_target/action_operational_feasibility_score: 0.9244
Metrics/racket_target/actuator_overflow_consecutive_steps: 0.0000
Metrics/racket_target/actuator_overflow_severe: 0.0000
Metrics/racket_target/recovery_phase_gate: 0.1007
Metrics/racket_target/recovery_phase_ready_score: 0.0287
Metrics/racket_target/recovery_contact_ready_score: 0.0010
Metrics/racket_target/recovery_net_ready_score: 0.0010
Metrics/racket_target/recovery_return_ready_score: 0.0010
Metrics/racket_target/cycle_success_ready_score: 0.0000
Metrics/racket_target/cycle_success_soft: 0.0000
Metrics/racket_target/cycle_success_binary: 0.0000
Metrics/racket_target/cycle_v2_pending: 0.0000
Metrics/racket_target/cycle_v2_attempt_latch: 0.0000
Metrics/racket_target/cycle_v2_ready_success_latch: 0.0000
Metrics/racket_target/cycle_v2_ready_fail_latch: 0.0000
Metrics/racket_target/cycle_v2_attempt_event: 0.0000
Metrics/racket_target/cycle_v2_ready_success_event: 0.0000
Metrics/racket_target/cycle_v2_ready_fail_event: 0.0000
Metrics/racket_target/cycle_v2_unresolved_resample_fail_event: 0.0000
Metrics/racket_target/cycle_v2_resolved_event: 0.0000
Metrics/racket_target/cycle_v2_command_visible_steps: 0.0000
Metrics/racket_target/cycle_v2_elapsed_steps: 0.0000
Metrics/racket_target/cycle_v2_ready_score: 0.0000
Metrics/racket_target/cycle_v2_ready_ok: 0.0000
Metrics/racket_target/cycle_v2_visible: 0.0000
Metrics/racket_target/cycle_v2_ready_score_ok: 0.0000
Metrics/racket_target/cycle_v2_height_ok: 0.0000
Metrics/racket_target/cycle_v2_upright_ok: 0.0000
Metrics/racket_target/cycle_v2_base_lin_vel_ok: 0.0000
Metrics/racket_target/cycle_v2_base_ang_vel_ok: 0.0000
Metrics/racket_target/cycle_v2_feet_ok: 0.0000
Metrics/racket_target/cycle_v2_core_ready_ok: 0.0000
Metrics/racket_target/cycle_v2_ready_consecutive_steps: 0.0000
Metrics/racket_target/single_cycle_bootstrap: 0.0000
Metrics/racket_target/single_cycle_swing_completed: 0.0000
Metrics/racket_target/single_cycle_recovery_active: 0.0000
Metrics/racket_target/single_cycle_recovery_elapsed_steps: 0.0000
Metrics/racket_target/single_cycle_ready_consecutive_steps: 0.0000
Metrics/racket_target/single_cycle_safe_timeout_event: 0.0000
Metrics/racket_target/single_cycle_deadline_timeout_event: 0.0000
Metrics/racket_target/single_cycle_timeout_latch: 0.0000
Metrics/racket_target/single_cycle_hard_failure_event: 0.0000
Metrics/racket_target/single_cycle_probability: 0.0000
Metrics/racket_target/single_cycle_curriculum_level: 0.0000
Metrics/racket_target/single_cycle_effective_deadline_steps: 100.0000
Metrics/racket_target/single_cycle_selected_events: 0.0000
Metrics/racket_target/single_cycle_completed_events: 0.0000
Metrics/racket_target/single_cycle_safe_timeout_events: 0.0000
Metrics/racket_target/single_cycle_deadline_timeout_events: 0.0000
Metrics/racket_target/single_cycle_hard_failure_events: 0.0000
Metrics/racket_target/active_ready_consecutive_steps: 0.0156
Metrics/racket_target/active_ready_success_event: 0.0000
Metrics/racket_target/active_ready_success_latch: 0.0000
Metrics/racket_target/active_ready_survival_steps: 0.0000
Metrics/racket_target/active_ready_survival_next_milestone: 0.0000
Metrics/racket_target/active_ready_survival_milestone_event: 0.0000
Metrics/racket_target/no_command_ready_active: 0.0438
Metrics/racket_target/no_command_from_stand_episode: 0.0438
Metrics/racket_target/no_command_from_default_stand_reset: 0.0438
Metrics/racket_target/no_command_ready_upright_ok: 0.0219
Metrics/racket_target/no_command_ready_motion_ok: 0.0052
Metrics/racket_target/no_command_ready_score: 0.0174
Metrics/racket_target/no_command_ready_progress: 0.0168
Metrics/racket_target/no_command_ready_station_error: 0.0121
Metrics/racket_target/no_command_ready_fixed_station_error: 0.0121
Metrics/racket_target/healthy_training_stage: 3.0000
Metrics/racket_target/healthy_stage_planted_rehearsal: 0.0000
Metrics/racket_target/healthy_stage_station_hold_seen: 0.0000
Metrics/racket_target/healthy_stage_station_arrived: 0.0000
Metrics/racket_target/healthy_stage_station_settled: 0.0000
Metrics/racket_target/healthy_stage_station_settle_steps: 0.0000
Metrics/racket_target/station_relocation_active: 0.0000
Metrics/racket_target/station_relocation_target_offset_y: 0.0000
Metrics/racket_target/station_relocation_error: 0.0000
Metrics/racket_target/station_relocation_arrival_event: 0.0000
Metrics/racket_target/station_relocation_settle_event: 0.0000
Metrics/racket_target/station_relocation_release_event: 0.0000
Metrics/racket_target/station_relocation_timeout_event: 0.0000
Metrics/racket_target/station_relocation_elapsed_steps: 0.0000
Metrics/racket_target/station_relocation_hold_deadline_steps: 0.0000
Metrics/racket_target/lifecycle_recovery_hold_active: 0.0000
Metrics/racket_target/lifecycle_recovery_release_success_event: 0.0000
Metrics/racket_target/lifecycle_recovery_release_fail_event: 0.0000
Metrics/racket_target/station_relocation_level: 0.0000
Metrics/racket_target/station_relocation_arrival_ema: 0.0000
Metrics/racket_target/station_relocation_settle_ema: 0.0000
Metrics/racket_target/station_relocation_contact_ema: 0.0000
Metrics/racket_target/station_relocation_safety_ema: 0.0000
Metrics/racket_target/station_relocation_resolved_events: 0.0000
Metrics/racket_target/station_relocation_terminal_reset_events: 0.0000
Metrics/racket_target/station_relocation_advance_streak: 0.0000
Metrics/racket_target/station_relocation_regress_streak: 0.0000
Metrics/racket_target/station_relocation_effective_max_lin_vel: 0.0000
Metrics/racket_target/station_relocation_effective_max_ang_vel: 0.0000
Metrics/racket_target/station_relocation_effective_min_settle_steps: 0.0000
Metrics/racket_target/ability_curriculum_level: 0.0000
Metrics/racket_target/ability_curriculum_scale: 1.0000
Metrics/racket_target/ability_curriculum_resolved_events: 3058.3750
Metrics/racket_target/ability_curriculum_total_resolved_events: 3058.3750
Metrics/racket_target/ability_curriculum_advance_streak: 0.0000
Metrics/racket_target/ability_curriculum_regress_streak: 0.0000
Metrics/racket_target/ability_contact_ema: 0.6311
Metrics/racket_target/ability_net_ema: 0.6244
Metrics/racket_target/ability_success_ema: 0.0251
Metrics/racket_target/ability_recovery_ema: 0.8017
Metrics/racket_target/ability_cycle_ema: 0.0251
Metrics/racket_target/ability_cycle_attempt_ema: 0.0251
Metrics/racket_target/ability_cycle_resolved_ema: 0.0251
Metrics/racket_target/ability_forehand_contact_ema: 0.7075
Metrics/racket_target/ability_forehand_net_ema: 0.7009
Metrics/racket_target/ability_forehand_success_ema: 0.0300
Metrics/racket_target/ability_backhand_contact_ema: 0.5891
Metrics/racket_target/ability_backhand_net_ema: 0.5828
Metrics/racket_target/ability_backhand_success_ema: 0.0259
Metrics/racket_target/ability_attempt_ema: 1.0000
Metrics/racket_target/ability_targeted_attempt_ema: 0.9870
Metrics/racket_target/impact_health_floor_progress: 0.0000
Metrics/racket_target/ability_safety_ema: 0.9480
Metrics/racket_target/ability_station_saturation_ema: 0.0000
Metrics/racket_target/ability_healthy_normal_ema: 0.9942
Metrics/racket_target/ability_station_arrival_ema: 0.0000
Metrics/racket_target/ability_station_settle_ema: 0.0000
Metrics/racket_target/safe_outcome_capability_gate: 0.4846
Metrics/racket_target/planner_hit_plane_blend: 1.0000
Metrics/racket_target/planner_hit_plane_x_delta: 0.0368
Metrics/racket_target/true_strike_table_x: 0.2000
Metrics/racket_target/planner_target_table_x: 0.2000
Metrics/racket_target/workspace_level: 0.0000
Metrics/racket_target/workspace_fringe_sample: 0.0000
Metrics/racket_target/workspace_target_lateral_norm: 0.2932
Metrics/racket_target/workspace_target_table_y: -0.2119
Metrics/racket_target/workspace_playable_y_min: -0.7225
Metrics/racket_target/workspace_playable_y_max: 0.7225
Metrics/racket_target/workspace_active_y_lo: -0.2770
Metrics/racket_target/workspace_active_y_hi: -0.1456
Metrics/racket_target/workspace_motion_seed_blend: 0.0000
Metrics/racket_target/planner_perturb_curriculum_scale: 1.0000
Metrics/racket_target/incoming_ball_horizontal_speed: 2.2505
Metrics/racket_target/incoming_ball_speed: 4.6333
Metrics/racket_target/incoming_ball_speed_curriculum_level: 0.0000
Metrics/racket_target/incoming_ball_speed_sample_low: 0.0000
Metrics/racket_target/incoming_ball_speed_sample_high: 0.0000
Metrics/racket_target/station_saturated: 0.0000
Metrics/racket_target/station_raw_clip_excess: 0.0000
Metrics/racket_target/station_saturated_x: 0.0000
Metrics/racket_target/station_saturated_y: 0.0000
Metrics/racket_target/station_raw_clip_excess_x: 0.0000
Metrics/racket_target/station_raw_clip_excess_y: 0.0000
Metrics/racket_target/current_swing_opportunity: 0.0298
Metrics/racket_target/current_swing_attempt: 0.0298
Metrics/racket_target/current_swing_targeted_attempt: 0.0149
Metrics/racket_target/prev_swing_targeted_attempt: 0.9091
Metrics/racket_target/current_swing_unsafe: 0.0539
Metrics/racket_target/current_swing_station_saturated: 0.0000
Metrics/racket_target/impact_health_score: 0.8584
Metrics/racket_target/impact_health_ok: 0.8874
Metrics/racket_target/impact_health_backlean_violation: 0.0108
Metrics/racket_target/impact_health_waist_backfold: 0.0000
Metrics/racket_target/impact_health_base_retreat: 0.0251
Metrics/racket_target/impact_health_torso_gravity_x: 0.2411
Metrics/racket_target/impact_health_torso_ang_vel: 0.5822
Metrics/racket_target/impact_health_com_x: 0.0620
Metrics/racket_target/impact_health_com_y: 0.0339
Metrics/racket_target/post_contact_ready_pending: 0.0000
Metrics/racket_target/post_contact_ready_elapsed_steps: 0.0208
Metrics/racket_target/post_contact_ready_consecutive_steps: 0.0000
Metrics/racket_target/post_contact_ready_diagnostic_pending: 0.0000
Metrics/racket_target/post_contact_ready_diagnostic_elapsed_steps: 0.1979
Metrics/racket_target/post_contact_ready_durable_pending: 0.0000
Metrics/racket_target/post_contact_ready_durable_consecutive_steps: 0.0000
Metrics/racket_target/post_contact_ready_durable_ready_now: 0.0000
Metrics/racket_target/post_contact_ready_durable_success_event: 0.0000
Metrics/racket_target/post_contact_ready_durable_fail_event: 0.0000
Metrics/racket_target/post_contact_ready_durable_resolution_success_rate: 0.2339
Metrics/racket_target/post_contact_ready_durable_resolution_fail_rate: 0.7027
Metrics/racket_target/post_contact_ready_durable_resolution_success_latency_steps: 35.0000
Metrics/racket_target/post_contact_ready_durable_resolution_fail_latency_steps: 33.4756
Metrics/racket_target/post_contact_ready_durable_fail_backlean_rate: 0.0513
Metrics/racket_target/post_contact_ready_durable_fail_forward_lean_rate: 0.8757
Metrics/racket_target/post_contact_ready_durable_fail_torso_ang_vel_rate: 0.0513
Metrics/racket_target/post_contact_ready_durable_fail_base_lin_vel_rate: 0.0526
Metrics/racket_target/post_contact_ready_durable_fail_base_ang_vel_rate: 0.3769
Metrics/racket_target/post_contact_ready_durable_fail_racket_speed_rate: 0.0513
Metrics/racket_target/post_contact_ready_durable_fail_height_rate: 0.0513
Metrics/racket_target/post_contact_ready_durable_fail_com_x_rate: 0.0543
Metrics/racket_target/post_contact_ready_durable_fail_com_y_rate: 0.0513
Metrics/racket_target/post_contact_ready_durable_fail_feet_rate: 0.0513
Metrics/racket_target/post_contact_ready_durable_fail_station_rate: 0.0517
Metrics/racket_target/post_contact_ready_durable_fail_arm_rate: 0.0513
Metrics/racket_target/post_contact_ready_terminal_window_active: 0.0000
Metrics/racket_target/post_contact_ready_terminal_quality: 0.0031
Metrics/racket_target/post_contact_ready_terminal_settlement_event: 0.0000
Metrics/racket_target/post_contact_ready_operational_ready_now: 0.0000
Metrics/racket_target/post_contact_ready_operational_consecutive_steps: 0.0000
Metrics/racket_target/post_contact_ready_safe_settlement_event: 0.0000
Metrics/racket_target/post_contact_ready_unsafe_settlement_event: 0.0000
Metrics/racket_target/post_contact_ready_incomplete_settlement_event: 0.0000
Metrics/racket_target/post_contact_ready_safe_net_cycle_event: 0.0000
Metrics/racket_target/post_contact_ready_terminal_quality_mean: 0.9240
Metrics/racket_target/post_contact_ready_safe_terminal_quality_mean: 0.9320
Metrics/racket_target/post_contact_ready_terminal_safe_rate: 0.7182
Metrics/racket_target/post_contact_ready_terminal_unsafe_rate: 0.0360
Metrics/racket_target/post_contact_ready_terminal_incomplete_rate: 0.2458
Metrics/racket_target/post_contact_ready_safe_net_cycle_rate: 0.7028
Metrics/racket_target/post_contact_ready_score: 0.7936
Metrics/racket_target/post_contact_ready_now: 0.0000
Metrics/racket_target/post_contact_ready_success_event: 0.0000
Metrics/racket_target/post_contact_ready_fail_event: 0.0000
Metrics/racket_target/post_contact_ready_outcome_tier: -0.9844
Metrics/racket_target/post_contact_ready_face_quality: 0.0052
Metrics/racket_target/post_contact_ready_safe_face_net_cycle_value: 0.0000
Metrics/racket_target/post_contact_ready_planner_speed_ratio: 0.0032
Metrics/racket_target/post_contact_ready_planner_direction_error_rad: 0.0028
Metrics/racket_target/post_contact_ready_planner_position_error: 0.0002
Metrics/racket_target/post_contact_ready_impact_health_score: 0.0048
Metrics/racket_target/post_contact_ready_peak_base_ang_vel: 0.0104
Metrics/racket_target/post_contact_ready_peak_ang_vel_excess_increment: 0.0000
Metrics/racket_target/post_contact_ready_envelope_violation_latch: 0.0000
Metrics/racket_target/post_contact_ready_envelope_violation_event: 0.0000
Metrics/racket_target/post_contact_ready_envelope_first_violation_step: -1.0000
Metrics/racket_target/post_contact_ready_envelope_attempts: 3109.8750
Metrics/racket_target/post_contact_ready_envelope_violation_rate: 0.0344
Metrics/racket_target/post_contact_ready_envelope_tilt_violation_rate: 0.0003
Metrics/racket_target/post_contact_ready_envelope_pitch_violation_rate: 0.0003
Metrics/racket_target/post_contact_ready_envelope_com_violation_rate: 0.0010
Metrics/racket_target/post_contact_ready_envelope_waist_violation_rate: 0.0000
Metrics/racket_target/post_contact_ready_envelope_leg_violation_rate: 0.0000
Metrics/racket_target/post_contact_ready_envelope_base_ang_vel_violation_rate: 0.0338
Metrics/racket_target/post_contact_ready_resolution_success_rate: 0.9797
Metrics/racket_target/post_contact_ready_resolution_fail_rate: 0.0103
Metrics/racket_target/post_contact_ready_resolution_success_latency_steps: 4.8551
Metrics/racket_target/post_contact_ready_resolution_fail_latency_steps: 9.7222
Metrics/racket_target/post_contact_ready_max_tilt: 0.0008
Metrics/racket_target/post_contact_ready_max_abs_pitch: 0.0008
Metrics/racket_target/post_contact_ready_max_com_x: 0.0008
Metrics/racket_target/post_contact_ready_max_com_y: 0.0003
Metrics/racket_target/post_contact_ready_max_waist_overflow: 0.0000
Metrics/racket_target/post_contact_ready_max_leg_overflow: 0.0009
Metrics/racket_target/post_contact_ready_settlement_velocity_score_ema: 0.6194
Metrics/racket_target/post_contact_ready_settlement_position_gate_ema: 0.7706
Metrics/racket_target/post_contact_ready_settlement_health_gate_ema: 0.9799
Metrics/racket_target/post_contact_ready_settlement_recovery_gate_ema: 0.4422
Metrics/racket_target/post_contact_ready_settlement_total_score_ema: 0.2069
Metrics/racket_target/post_contact_recovery_backlean_error: 0.0316
Metrics/racket_target/post_contact_recovery_directional_progress: 0.0000
Metrics/racket_target/post_contact_ready_torso_ok: 0.7915
Metrics/racket_target/post_contact_ready_motion_ok: 0.7251
Metrics/racket_target/post_contact_ready_support_ok: 0.8926
Metrics/racket_target/post_contact_ready_arm_ok: 1.0000
Metrics/racket_target/post_contact_ready_base_lin_vel_ok: 0.8863
Metrics/racket_target/post_contact_ready_base_ang_vel_ok: 0.7514
Metrics/racket_target/post_contact_ready_racket_speed_ok: 0.9455
Metrics/racket_target/post_contact_ready_height_ok: 0.9461
Metrics/racket_target/post_contact_ready_com_x_ok: 0.8926
Metrics/racket_target/post_contact_ready_com_y_ok: 0.9695
Metrics/racket_target/post_contact_ready_feet_ok: 1.0000
Metrics/racket_target/post_contact_ready_station_ok: 0.8926
Metrics/racket_target/post_contact_ready_fail_torso: 0.0000
Metrics/racket_target/post_contact_ready_fail_base_lin_vel: 0.0000
Metrics/racket_target/post_contact_ready_fail_base_ang_vel: 0.0000
Metrics/racket_target/post_contact_ready_fail_racket_speed: 0.0000
Metrics/racket_target/post_contact_ready_fail_support: 0.0000
Metrics/racket_target/post_contact_ready_fail_arm: 0.0000
Metrics/racket_target/post_contact_ready_shadow_now: 0.0000
Metrics/racket_target/post_contact_ready_shadow_consecutive_steps: 0.0000
Metrics/racket_target/post_contact_ready_shadow_success_latch: 0.0000
Metrics/racket_target/post_contact_ready_curriculum_level: 0.0000
Metrics/racket_target/post_contact_ready_curriculum_fraction: 1.0000
Metrics/racket_target/post_contact_ready_curriculum_success_ema: 0.0000
Metrics/racket_target/post_contact_ready_curriculum_shadow_success_ema: 0.0000
Metrics/racket_target/post_contact_ready_curriculum_resolved_events: 0.0000
Metrics/racket_target/post_contact_ready_curriculum_successful_events: 0.0000
Metrics/racket_target/post_contact_ready_curriculum_targeted_attempt_ema: 0.0000
Metrics/racket_target/post_contact_ready_curriculum_return_success_ema: 0.0000
Metrics/racket_target/post_contact_ready_curriculum_completed_swings: 0.0000
Metrics/racket_target/post_contact_ready_curriculum_advance_streak: 0.0000
Metrics/racket_target/post_contact_ready_curriculum_advance_guard_ok: 0.0000
Metrics/racket_target/post_contact_ready_effective_max_torso_ang_vel: 1.5000
Metrics/racket_target/post_contact_ready_effective_torso_x_min: -0.1200
Metrics/racket_target/post_contact_ready_effective_torso_x_max: 0.3200
Metrics/racket_target/post_contact_ready_effective_max_base_lin_vel: 0.4500
Metrics/racket_target/post_contact_ready_effective_max_base_ang_vel: 1.3000
Metrics/racket_target/post_contact_ready_effective_max_racket_speed: 3.0000
Metrics/racket_target/post_contact_ready_effective_min_feet_contact: 0.5000
Metrics/racket_target/post_contact_ready_effective_required_consecutive_steps: 3.0000
Metrics/racket_target/post_contact_ready_effective_deadline_steps: 40.0000
Metrics/racket_target/post_contact_ready_curriculum_advance_threshold: 1.0000
Metrics/racket_target/post_contact_ready_curriculum_advance_min_events: 0.0000
Metrics/racket_target/post_contact_ready_curriculum_shadow_threshold: 1.0000
Metrics/racket_target/post_contact_ready_curriculum_min_targeted_attempt_ema: 0.0000
Metrics/racket_target/post_contact_ready_curriculum_min_return_success_ema: 0.0000
Metrics/racket_target/post_contact_ready_curriculum_min_completed_swings: 1.0000
Metrics/racket_target/post_contact_ready_curriculum_required_advance_checks: 1.0000
Metrics/racket_target/racket_normal_error_deg: 36.6468
Metrics/racket_target/impact_normal_error_deg: 0.5128
Metrics/racket_target/impact_racket_vel_error_mps: 0.5669
Metrics/racket_target/impact_racket_speed_ratio: 0.8778
Metrics/racket_target/impact_racket_vel_angle_deg: 14.2013
Metrics/racket_target/impact_racket_actual_vel_x: 0.8345
Metrics/racket_target/impact_racket_actual_vel_y: 0.0107
Metrics/racket_target/impact_racket_actual_vel_z: 1.3341
Metrics/racket_target/impact_racket_target_vel_x: 1.1629
Metrics/racket_target/impact_racket_target_vel_y: -0.0196
Metrics/racket_target/impact_racket_target_vel_z: 1.3128
Metrics/racket_target/impact_ball_out_error_mps: 4.3982
Metrics/racket_target/impact_face_radial_error_m: 0.0586
Metrics/racket_target/impact_face_normal_gap_m: 0.0466
Metrics/racket_target/impact_face_quality: 0.6480
Metrics/racket_target/impact_center_contact: 0.0000
Metrics/racket_target/impact_center_net_cross: 0.0000
Metrics/racket_target/impact_center_on_opponent: 0.0000
Metrics/racket_target/impact_rim_contact: 0.0000
Metrics/racket_target/impact_rim_net_cross: 0.0000
Metrics/racket_target/impact_rim_on_opponent: 0.0000
Metrics/racket_target/impact_analytic_outer_contact: 0.0000
Metrics/racket_target/impact_analytic_outer_net_cross: 0.0000
Metrics/racket_target/impact_analytic_outer_on_opponent: 0.0000
Metrics/racket_target/impact_planner_pos_error_m: 0.0815
Metrics/racket_target/impact_planner_vel_error_mps: 0.5669
Metrics/racket_target/impact_planner_speed_ratio: 0.8778
Metrics/racket_target/impact_planner_vel_angle_deg: 14.2013
Metrics/racket_target/impact_healthy_normal_ok: 0.0000
Metrics/racket_target/impact_healthy_contact: 0.0000
Metrics/racket_target/impact_healthy_net_cross: 0.0000
Metrics/racket_target/impact_healthy_on_opponent: 0.0000
Metrics/racket_target/current_swing_impact_health_score: 0.0048
Metrics/racket_target/current_swing_healthy_contact: 0.0052
Metrics/racket_target/current_swing_healthy_net_cross: 0.0052
Metrics/racket_target/current_swing_healthy_on_opponent: 0.0052
Metrics/racket_target/current_swing_healthy_normal_ok: 0.0149
Metrics/racket_target/current_swing_contact: 0.0052
Metrics/racket_target/current_swing_net_cross: 0.0052
Metrics/racket_target/current_swing_on_opponent: 0.0052
Metrics/racket_target/current_swing_center_contact: 0.0052
Metrics/racket_target/current_swing_center_net_cross: 0.0052
Metrics/racket_target/current_swing_center_on_opponent: 0.0052
Metrics/racket_target/current_swing_rim_contact: 0.0000
Metrics/racket_target/current_swing_rim_net_cross: 0.0000
Metrics/racket_target/current_swing_rim_on_opponent: 0.0000
Metrics/racket_target/current_swing_analytic_outer_contact: 0.0000
Metrics/racket_target/current_swing_analytic_outer_net_cross: 0.0000
Metrics/racket_target/current_swing_analytic_outer_on_opponent: 0.0000
Metrics/racket_target/cycle_v2_outcome_tier: -1.0000
Metrics/racket_target/cycle_v2_streak: 0.0000
Metrics/racket_target/closed_loop_recovery_trigger_event: 0.0000
Metrics/racket_target/closed_loop_cycle_success_event: 0.0000
Metrics/racket_target/closed_loop_durable_cycle_success_event: 0.0000
Metrics/racket_target/closed_loop_phase_id: 1.2645
Metrics/racket_target/closed_loop_phase_ready_no_command: 0.0438
Metrics/racket_target/closed_loop_phase_command_acquire: 0.6813
Metrics/racket_target/closed_loop_phase_pre_strike: 0.2416
Metrics/racket_target/closed_loop_phase_strike: 0.0333
Metrics/racket_target/closed_loop_phase_follow_through: 0.0000
Metrics/racket_target/closed_loop_phase_recovery: 0.0000
Metrics/racket_target/closed_loop_phase_next_ready: 0.0000
Metrics/racket_target/post_contact_phase_impact_0_100ms_attempts: 3109.8750
Metrics/racket_target/post_contact_phase_impact_0_100ms_tilt_gt_0p1_rate: 1.0000
Metrics/racket_target/post_contact_phase_impact_0_100ms_pitch_gt_0p1_rate: 1.0000
Metrics/racket_target/post_contact_phase_impact_0_100ms_waist_overflow_gt_1p0_rate: 0.0000
Metrics/racket_target/post_contact_phase_impact_0_100ms_base_ang_vel_gt_0p8_rate: 0.9897
Metrics/racket_target/post_contact_phase_brake_100_300ms_attempts: 3049.4375
Metrics/racket_target/post_contact_phase_brake_100_300ms_tilt_gt_0p1_rate: 0.9988
Metrics/racket_target/post_contact_phase_brake_100_300ms_pitch_gt_0p1_rate: 0.9978
Metrics/racket_target/post_contact_phase_brake_100_300ms_waist_overflow_gt_1p0_rate: 0.0000
Metrics/racket_target/post_contact_phase_brake_100_300ms_base_ang_vel_gt_0p8_rate: 0.9952
Metrics/racket_target/post_contact_phase_settle_300_600ms_attempts: 2939.1875
Metrics/racket_target/post_contact_phase_settle_300_600ms_tilt_gt_0p1_rate: 0.8125
Metrics/racket_target/post_contact_phase_settle_300_600ms_pitch_gt_0p1_rate: 0.7637
Metrics/racket_target/post_contact_phase_settle_300_600ms_waist_overflow_gt_1p0_rate: 0.0000
Metrics/racket_target/post_contact_phase_settle_300_600ms_base_ang_vel_gt_0p8_rate: 0.9905
Metrics/racket_target/post_contact_phase_ready_after_600ms_attempts: 2783.4375
Metrics/racket_target/post_contact_phase_ready_after_600ms_tilt_gt_0p1_rate: 0.5266
Metrics/racket_target/post_contact_phase_ready_after_600ms_pitch_gt_0p1_rate: 0.4472
Metrics/racket_target/post_contact_phase_ready_after_600ms_waist_overflow_gt_1p0_rate: 0.0000
Metrics/racket_target/post_contact_phase_ready_after_600ms_base_ang_vel_gt_0p8_rate: 0.9454
Metrics/racket_target/base_pitch_like_signed: -0.1384
Metrics/racket_target/base_backward_velocity: 0.0620
Metrics/racket_target/waist_action_rms: 0.5213
Metrics/racket_target/right_arm_action_rms: 3.9646
Metrics/racket_target/leg_action_rms: 0.5180
Metrics/racket_target/action_abs_max: 7.0587
Metrics/racket_target/applied_action_abs_max: 7.0006
Metrics/racket_target/leg_action_abs_max: 0.9845
Metrics/racket_target/effective_action_abs_max: 6.9981
Metrics/racket_target/action_clamp_fraction: 0.0048
Metrics/racket_target/waist_action_clamp_fraction: 0.0000
Metrics/racket_target/right_arm_action_clamp_fraction: 0.0040
Metrics/racket_target/leg_action_clamp_fraction: 0.0100
Metrics/racket_target/waist_q_tracking_error_rms: 0.3929
Metrics/racket_target/right_arm_q_tracking_error_rms: 0.1698
Metrics/racket_target/leg_q_tracking_error_rms: 0.1985
Metrics/racket_target/waist_torque_clip_fraction: 0.0000
Metrics/racket_target/right_arm_torque_clip_fraction: 0.0000
Metrics/racket_target/leg_torque_clip_fraction: 0.0000
Metrics/racket_target/waist_action_delta_rms: 0.1502
Metrics/racket_target/right_arm_action_delta_rms: 0.9475
Metrics/racket_target/leg_action_delta_rms: 0.2723
Metrics/racket_target/waist_joint_vel_rms: 0.8187
Metrics/racket_target/right_arm_joint_vel_rms: 1.5051
Metrics/racket_target/leg_joint_vel_rms: 0.6919
Metrics/racket_target/recovery_leg_action_abs_max: 0.1492
Metrics/racket_target/recovery_leg_action_delta_rms: 0.0289
Metrics/racket_target/recovery_leg_joint_vel_rms: 0.1115
      Episode_Termination/time_out: 3.6875
  Episode_Termination/base_too_low: 0.0000
   Episode_Termination/base_tilted: 0.2188
   Episode_Termination/table_touch: 0.3438
Episode_Termination/persistent_action_overflow: 0.0000
--------------------------------------------------------------------------------
                   Total timesteps: 786432
                    Iteration time: 2.32s
                      Time elapsed: 00:00:27
                               ETA: 00:00:20

################################################################################
                     [1m Learning iteration 1812/1820 [0m                     

                       Computation: 28203 steps/s (collection: 2.307s, learning 0.016s)
             Mean action noise std: 0.45
          Mean value_function loss: 0.0597
               Mean surrogate loss: -0.0000
                 Mean entropy loss: 2.8121
      Mean critic_only_warmup loss: 1.0000
                       Mean reward: 12.41
               Mean episode length: 371.21
 Episode_Reward/undesired_contacts: -0.0000
  Episode_Reward/feet_contact_slip: -0.0020
     Episode_Reward/table_no_touch: -0.0011
              Episode_Reward/alive: 0.0076
            Episode_Reward/upright: -0.0063
          Episode_Reward/imitation: 0.3133
    Episode_Reward/racket_position: 0.0640
Episode_Reward/backhand_racket_position: 0.0317
    Episode_Reward/racket_velocity: 0.0414
Episode_Reward/planner_racket_task_space_crossfade: 0.2680
Episode_Reward/exact_impact_planner_task_space_alignment: 0.0058
    Episode_Reward/blade_direction: 0.0382
Episode_Reward/health_gated_soft_ball_contact: 0.0415
Episode_Reward/health_gated_backhand_soft_ball_contact: 0.0288
Episode_Reward/health_gated_ball_contact: 0.0073
Episode_Reward/healthy_trunk_support: 0.0616
Episode_Reward/targeted_strike_attempt: 0.0095
  Episode_Reward/strike_inactivity: -0.0000
 Episode_Reward/pre_strike_station: 0.0633
    Episode_Reward/recovery_health: 0.0414
Episode_Reward/no_command_ready_stability: 0.0011
Episode_Reward/post_strike_base_ang_vel: 0.0078
Episode_Reward/phase_action_overflow: -0.0001
     Episode_Reward/strike_balance: 0.0248
Episode_Reward/prestrike_station_progress: 0.0152
 Episode_Reward/lower_body_support: 0.0367
Episode_Reward/termination_penalty: -0.0146
Episode_Reward/phase_action_rate_waist: -0.0002
Episode_Reward/phase_action_rate_upper: -0.0049
Episode_Reward/phase_action_rate_legs: -0.0002
        Episode_Reward/joint_limit: -0.0295
Episode_Reward/prestrike_racket_progress: 0.1799
Episode_Reward/near_impact_planner_velocity_progress: 0.0384
Episode_Reward/operational_joint_margin: -0.0057
  Episode_Reward/joint_target_slew: -0.0250
Episode_Reward/actuator_waist_feasibility: -0.0000
Episode_Reward/actuator_right_arm_feasibility: -0.0000
Episode_Reward/actuator_leg_feasibility: -0.0000
Episode_Reward/terminal_quality_window: 0.0008
Episode_Reward/safe_terminal_quality: 0.0016
Episode_Reward/unsafe_terminal_recovery: -0.0000
Episode_Reward/capability_gated_safe_terminal_outcome: 0.0113
    Metrics/motion/error_joint_pos: 1.2452
    Metrics/motion/error_joint_vel: 5.3546
     Metrics/motion/error_body_pos: 0.1164
     Metrics/motion/error_body_rot: 0.3981
       Metrics/motion/motion_phase: 0.4003
            Metrics/motion/in_hold: 0.0339
Metrics/motion/motion_start_warmup_prob: 0.8000
Metrics/motion/motion_start_lifecycle_progress: 0.0000
Metrics/motion/motion_start_effective_prestrike_fraction: 1.0000
Metrics/motion/motion_start_effective_recovery_fraction: 0.0000
Metrics/motion/motion_start_effective_rsi_fraction: 0.0000
 Metrics/motion/motion_start_reset: 0.0057
Metrics/motion/motion_start_prestrike_reset: 0.0000
Metrics/motion/motion_start_recovery_reset: 0.0000
Metrics/motion/motion_start_rsi_reset: 0.0000
 Metrics/motion/single_cycle_reset: 0.0000
     Metrics/motion/motion_clip_id: 0.6866
Metrics/motion/motion_supplemental_clip: 0.0000
      Metrics/motion/stand_episode: 0.0226
Metrics/motion/default_stand_reset: 0.0391
Metrics/motion/error_body_pos_lower: 0.1271
Metrics/motion/error_body_rot_lower: 0.4028
Metrics/motion/error_body_lin_vel_lower: 0.1942
Metrics/motion/error_body_ang_vel_lower: 0.8362
Metrics/motion/reference_body_lin_speed_lower: 0.0218
Metrics/motion/robot_body_lin_speed_lower: 0.1900
Metrics/motion/error_body_pos_core: 0.0686
Metrics/motion/error_body_rot_core: 0.2522
Metrics/motion/error_body_lin_vel_core: 0.2873
Metrics/motion/error_body_ang_vel_core: 1.2512
Metrics/motion/reference_body_lin_speed_core: 0.0249
Metrics/motion/robot_body_lin_speed_core: 0.2814
Metrics/motion/error_body_pos_upper: 0.1217
Metrics/motion/error_body_rot_upper: 0.4419
Metrics/motion/error_body_lin_vel_upper: 0.7898
Metrics/motion/error_body_ang_vel_upper: 2.2137
Metrics/motion/reference_body_lin_speed_upper: 0.0875
Metrics/motion/robot_body_lin_speed_upper: 0.7958
Metrics/motion/error_joint_pos_waist: 0.2719
Metrics/motion/error_joint_vel_waist: 1.3706
Metrics/motion/reference_joint_speed_waist: 0.0251
Metrics/motion/error_joint_pos_arms: 1.0396
Metrics/motion/error_joint_vel_arms: 4.3874
Metrics/motion/reference_joint_speed_arms: 0.1741
Metrics/motion/error_joint_pos_legs: 0.5754
Metrics/motion/error_joint_vel_legs: 2.5013
Metrics/motion/reference_joint_speed_legs: 0.0083
Metrics/racket_target/racket_pos_error: 0.1068
Metrics/racket_target/racket_vel_error: 1.2350
Metrics/racket_target/time_to_strike: -0.0248
Metrics/racket_target/return_success: 0.0237
Metrics/racket_target/prev_return_success: 0.0091
Metrics/racket_target/prev_net_cross: 0.5005
Metrics/racket_target/current_net_cross: 0.3943
Metrics/racket_target/racket_pos_curriculum_scale: 1.0000
Metrics/racket_target/impact_inverse_command_blend: 0.0000
Metrics/racket_target/steps_since_target_resample: 79.6623
Metrics/racket_target/recovery_height_error: 0.0350
Metrics/racket_target/recovery_upright_error: 0.2242
Metrics/racket_target/recovery_base_lin_vel: 0.2421
Metrics/racket_target/recovery_base_ang_vel: 1.0992
Metrics/racket_target/recovery_station_error: 0.1042
Metrics/racket_target/recovery_feet_contact_frac: 0.9799
Metrics/racket_target/recovery_racket_speed: 1.3623
Metrics/racket_target/recovery_height_score: 0.8887
Metrics/racket_target/recovery_upright_score: 0.5464
Metrics/racket_target/recovery_lin_vel_score: 0.6488
Metrics/racket_target/recovery_ang_vel_score: 0.2615
Metrics/racket_target/recovery_station_score: 0.8307
Metrics/racket_target/recovery_racket_score: 0.1261
Metrics/racket_target/recovery_arm_score: 0.7528
Metrics/racket_target/recovery_ready_score: 0.6420
Metrics/racket_target/recovery_anchor_arm_score: 1.0000
Metrics/racket_target/recovery_core_ready_score: 0.4880
Metrics/racket_target/recovery_functional_ready_score: 0.4194
Metrics/racket_target/waist_action_overflow_rms: 0.0016
Metrics/racket_target/right_arm_action_overflow_rms: 0.0013
Metrics/racket_target/leg_action_overflow_rms: 0.0107
Metrics/racket_target/operational_margin_fraction: 0.0086
Metrics/racket_target/waist_operational_margin_fraction: 0.0051
Metrics/racket_target/right_arm_operational_margin_fraction: 0.0017
Metrics/racket_target/leg_operational_margin_fraction: 0.0199
Metrics/racket_target/waist_operational_excess_rms: 0.0013
Metrics/racket_target/right_arm_operational_excess_rms: 0.0002
Metrics/racket_target/leg_operational_excess_rms: 0.0068
Metrics/racket_target/q_des_velocity_violation_fraction: 0.0684
Metrics/racket_target/waist_q_des_velocity_violation_fraction: 0.0035
Metrics/racket_target/right_arm_q_des_velocity_violation_fraction: 0.0936
Metrics/racket_target/leg_q_des_velocity_violation_fraction: 0.0859
Metrics/racket_target/q_des_acceleration_violation_fraction: 0.7005
Metrics/racket_target/waist_q_des_acceleration_violation_fraction: 0.5375
Metrics/racket_target/right_arm_q_des_acceleration_violation_fraction: 0.8253
Metrics/racket_target/leg_q_des_acceleration_violation_fraction: 0.7720
Metrics/racket_target/waist_q_des_velocity_rms: 3.0273
Metrics/racket_target/right_arm_q_des_velocity_rms: 8.4462
Metrics/racket_target/leg_q_des_velocity_rms: 6.7761
Metrics/racket_target/waist_q_des_acceleration_rms: 241.4692
Metrics/racket_target/right_arm_q_des_acceleration_rms: 726.6870
Metrics/racket_target/leg_q_des_acceleration_rms: 577.2065
Metrics/racket_target/action_operational_feasibility_score: 0.9110
Metrics/racket_target/actuator_overflow_consecutive_steps: 0.0000
Metrics/racket_target/actuator_overflow_severe: 0.0000
Metrics/racket_target/recovery_phase_gate: 0.4676
Metrics/racket_target/recovery_phase_ready_score: 0.3093
Metrics/racket_target/recovery_contact_ready_score: 0.2215
Metrics/racket_target/recovery_net_ready_score: 0.1911
Metrics/racket_target/recovery_return_ready_score: 0.0117
Metrics/racket_target/cycle_success_ready_score: 0.0000
Metrics/racket_target/cycle_success_soft: 0.0000
Metrics/racket_target/cycle_success_binary: 0.0000
Metrics/racket_target/cycle_v2_pending: 0.0000
Metrics/racket_target/cycle_v2_attempt_latch: 0.0000
Metrics/racket_target/cycle_v2_ready_success_latch: 0.0000
Metrics/racket_target/cycle_v2_ready_fail_latch: 0.0000
Metrics/racket_target/cycle_v2_attempt_event: 0.0000
Metrics/racket_target/cycle_v2_ready_success_event: 0.0000
Metrics/racket_target/cycle_v2_ready_fail_event: 0.0000
Metrics/racket_target/cycle_v2_unresolved_resample_fail_event: 0.0000
Metrics/racket_target/cycle_v2_resolved_event: 0.0000
Metrics/racket_target/cycle_v2_command_visible_steps: 0.0000
Metrics/racket_target/cycle_v2_elapsed_steps: 0.0000
Metrics/racket_target/cycle_v2_ready_score: 0.0000
Metrics/racket_target/cycle_v2_ready_ok: 0.0000
Metrics/racket_target/cycle_v2_visible: 0.0000
Metrics/racket_target/cycle_v2_ready_score_ok: 0.0000
Metrics/racket_target/cycle_v2_height_ok: 0.0000
Metrics/racket_target/cycle_v2_upright_ok: 0.0000
Metrics/racket_target/cycle_v2_base_lin_vel_ok: 0.0000
Metrics/racket_target/cycle_v2_base_ang_vel_ok: 0.0000
Metrics/racket_target/cycle_v2_feet_ok: 0.0000
Metrics/racket_target/cycle_v2_core_ready_ok: 0.0000
Metrics/racket_target/cycle_v2_ready_consecutive_steps: 0.0000
Metrics/racket_target/single_cycle_bootstrap: 0.0000
Metrics/racket_target/single_cycle_swing_completed: 0.0000
Metrics/racket_target/single_cycle_recovery_active: 0.0000
Metrics/racket_target/single_cycle_recovery_elapsed_steps: 0.0000
Metrics/racket_target/single_cycle_ready_consecutive_steps: 0.0000
Metrics/racket_target/single_cycle_safe_timeout_event: 0.0000
Metrics/racket_target/single_cycle_deadline_timeout_event: 0.0000
Metrics/racket_target/single_cycle_timeout_latch: 0.0000
Metrics/racket_target/single_cycle_hard_failure_event: 0.0000
Metrics/racket_target/single_cycle_probability: 0.0000
Metrics/racket_target/single_cycle_curriculum_level: 0.0000
Metrics/racket_target/single_cycle_effective_deadline_steps: 100.0000
Metrics/racket_target/single_cycle_selected_events: 0.0000
Metrics/racket_target/single_cycle_completed_events: 0.0000
Metrics/racket_target/single_cycle_safe_timeout_events: 0.0000
Metrics/racket_target/single_cycle_deadline_timeout_events: 0.0000
Metrics/racket_target/single_cycle_hard_failure_events: 0.0000
Metrics/racket_target/active_ready_consecutive_steps: 0.0000
Metrics/racket_target/active_ready_success_event: 0.0000
Metrics/racket_target/active_ready_success_latch: 0.0000
Metrics/racket_target/active_ready_survival_steps: 0.0000
Metrics/racket_target/active_ready_survival_next_milestone: 0.0000
Metrics/racket_target/active_ready_survival_milestone_event: 0.0000
Metrics/racket_target/no_command_ready_active: 0.0226
Metrics/racket_target/no_command_from_stand_episode: 0.0226
Metrics/racket_target/no_command_from_default_stand_reset: 0.0226
Metrics/racket_target/no_command_ready_upright_ok: 0.0122
Metrics/racket_target/no_command_ready_motion_ok: 0.0000
Metrics/racket_target/no_command_ready_score: 0.0077
Metrics/racket_target/no_command_ready_progress: -0.0081
Metrics/racket_target/no_command_ready_station_error: 0.0070
Metrics/racket_target/no_command_ready_fixed_station_error: 0.0070
Metrics/racket_target/healthy_training_stage: 3.0000
Metrics/racket_target/healthy_stage_planted_rehearsal: 0.0000
Metrics/racket_target/healthy_stage_station_hold_seen: 0.0000
Metrics/racket_target/healthy_stage_station_arrived: 0.0000
Metrics/racket_target/healthy_stage_station_settled: 0.0000
Metrics/racket_target/healthy_stage_station_settle_steps: 0.0000
Metrics/racket_target/station_relocation_active: 0.0000
Metrics/racket_target/station_relocation_target_offset_y: 0.0000
Metrics/racket_target/station_relocation_error: 0.0000
Metrics/racket_target/station_relocation_arrival_event: 0.0000
Metrics/racket_target/station_relocation_settle_event: 0.0000
Metrics/racket_target/station_relocation_release_event: 0.0000
Metrics/racket_target/station_relocation_timeout_event: 0.0000
Metrics/racket_target/station_relocation_elapsed_steps: 0.0000
Metrics/racket_target/station_relocation_hold_deadline_steps: 0.0000
Metrics/racket_target/lifecycle_recovery_hold_active: 0.0000
Metrics/racket_target/lifecycle_recovery_release_success_event: 0.0000
Metrics/racket_target/lifecycle_recovery_release_fail_event: 0.0000
Metrics/racket_target/station_relocation_level: 0.0000
Metrics/racket_target/station_relocation_arrival_ema: 0.0000
Metrics/racket_target/station_relocation_settle_ema: 0.0000
Metrics/racket_target/station_relocation_contact_ema: 0.0000
Metrics/racket_target/station_relocation_safety_ema: 0.0000
Metrics/racket_target/station_relocation_resolved_events: 0.0000
Metrics/racket_target/station_relocation_terminal_reset_events: 0.0000
Metrics/racket_target/station_relocation_advance_streak: 0.0000
Metrics/racket_target/station_relocation_regress_streak: 0.0000
Metrics/racket_target/station_relocation_effective_max_lin_vel: 0.0000
Metrics/racket_target/station_relocation_effective_max_ang_vel: 0.0000
Metrics/racket_target/station_relocation_effective_min_settle_steps: 0.0000
Metrics/racket_target/ability_curriculum_level: 0.0000
Metrics/racket_target/ability_curriculum_scale: 1.0000
Metrics/racket_target/ability_curriculum_resolved_events: 3324.2812
Metrics/racket_target/ability_curriculum_total_resolved_events: 3324.2812
Metrics/racket_target/ability_curriculum_advance_streak: 0.0000
Metrics/racket_target/ability_curriculum_regress_streak: 0.0000
Metrics/racket_target/ability_contact_ema: 0.6777
Metrics/racket_target/ability_net_ema: 0.6632
Metrics/racket_target/ability_success_ema: 0.0186
Metrics/racket_target/ability_recovery_ema: 0.8020
Metrics/racket_target/ability_cycle_ema: 0.0186
Metrics/racket_target/ability_cycle_attempt_ema: 0.0186
Metrics/racket_target/ability_cycle_resolved_ema: 0.0186
Metrics/racket_target/ability_forehand_contact_ema: 0.7627
Metrics/racket_target/ability_forehand_net_ema: 0.7368
Metrics/racket_target/ability_forehand_success_ema: 0.0041
Metrics/racket_target/ability_backhand_contact_ema: 0.6237
Metrics/racket_target/ability_backhand_net_ema: 0.6181
Metrics/racket_target/ability_backhand_success_ema: 0.0268
Metrics/racket_target/ability_attempt_ema: 1.0000
Metrics/racket_target/ability_targeted_attempt_ema: 0.9968
Metrics/racket_target/impact_health_floor_progress: 0.0000
Metrics/racket_target/ability_safety_ema: 0.9670
Metrics/racket_target/ability_station_saturation_ema: 0.0000
Metrics/racket_target/ability_healthy_normal_ema: 0.9996
Metrics/racket_target/ability_station_arrival_ema: 0.0000
Metrics/racket_target/ability_station_settle_ema: 0.0000
Metrics/racket_target/safe_outcome_capability_gate: 0.4800
Metrics/racket_target/planner_hit_plane_blend: 1.0000
Metrics/racket_target/planner_hit_plane_x_delta: 0.0376
Metrics/racket_target/true_strike_table_x: 0.2000
Metrics/racket_target/planner_target_table_x: 0.2000
Metrics/racket_target/workspace_level: 0.0000
Metrics/racket_target/workspace_fringe_sample: 0.0000
Metrics/racket_target/workspace_target_lateral_norm: 0.2596
Metrics/racket_target/workspace_target_table_y: -0.1876
Metrics/racket_target/workspace_playable_y_min: -0.7225
Metrics/racket_target/workspace_playable_y_max: 0.7225
Metrics/racket_target/workspace_active_y_lo: -0.2485
Metrics/racket_target/workspace_active_y_hi: -0.1191
Metrics/racket_target/workspace_motion_seed_blend: 0.0000
Metrics/racket_target/planner_perturb_curriculum_scale: 1.0000
Metrics/racket_target/incoming_ball_horizontal_speed: 2.2873
Metrics/racket_target/incoming_ball_speed: 4.6364
Metrics/racket_target/incoming_ball_speed_curriculum_level: 0.0000
Metrics/racket_target/incoming_ball_speed_sample_low: 0.0000
Metrics/racket_target/incoming_ball_speed_sample_high: 0.0000
Metrics/racket_target/station_saturated: 0.0000
Metrics/racket_target/station_raw_clip_excess: 0.0000
Metrics/racket_target/station_saturated_x: 0.0000
Metrics/racket_target/station_saturated_y: 0.0000
Metrics/racket_target/station_raw_clip_excess_x: 0.0000
Metrics/racket_target/station_raw_clip_excess_y: 0.0000
Metrics/racket_target/current_swing_opportunity: 0.6173
Metrics/racket_target/current_swing_attempt: 0.6173
Metrics/racket_target/current_swing_targeted_attempt: 0.6076
Metrics/racket_target/prev_swing_targeted_attempt: 0.9553
Metrics/racket_target/current_swing_unsafe: 0.0619
Metrics/racket_target/current_swing_station_saturated: 0.0000
Metrics/racket_target/impact_health_score: 0.8537
Metrics/racket_target/impact_health_ok: 0.8752
Metrics/racket_target/impact_health_backlean_violation: 0.0113
Metrics/racket_target/impact_health_waist_backfold: 0.0007
Metrics/racket_target/impact_health_base_retreat: 0.0335
Metrics/racket_target/impact_health_torso_gravity_x: 0.2218
Metrics/racket_target/impact_health_torso_ang_vel: 0.5552
Metrics/racket_target/impact_health_com_x: 0.0643
Metrics/racket_target/impact_health_com_y: 0.0364
Metrics/racket_target/post_contact_ready_pending: 0.0702
Metrics/racket_target/post_contact_ready_elapsed_steps: 1.8403
Metrics/racket_target/post_contact_ready_consecutive_steps: 0.0872
Metrics/racket_target/post_contact_ready_diagnostic_pending: 0.4215
Metrics/racket_target/post_contact_ready_diagnostic_elapsed_steps: 5.3246
Metrics/racket_target/post_contact_ready_durable_pending: 0.4215
Metrics/racket_target/post_contact_ready_durable_consecutive_steps: 0.1760
Metrics/racket_target/post_contact_ready_durable_ready_now: 0.0702
Metrics/racket_target/post_contact_ready_durable_success_event: 0.0000
Metrics/racket_target/post_contact_ready_durable_fail_event: 0.0000
Metrics/racket_target/post_contact_ready_durable_resolution_success_rate: 0.2244
Metrics/racket_target/post_contact_ready_durable_resolution_fail_rate: 0.6706
Metrics/racket_target/post_contact_ready_durable_resolution_success_latency_steps: 35.0000
Metrics/racket_target/post_contact_ready_durable_resolution_fail_latency_steps: 33.3116
Metrics/racket_target/post_contact_ready_durable_fail_backlean_rate: 0.0572
Metrics/racket_target/post_contact_ready_durable_fail_forward_lean_rate: 0.8735
Metrics/racket_target/post_contact_ready_durable_fail_torso_ang_vel_rate: 0.0572
Metrics/racket_target/post_contact_ready_durable_fail_base_lin_vel_rate: 0.0585
Metrics/racket_target/post_contact_ready_durable_fail_base_ang_vel_rate: 0.3830
Metrics/racket_target/post_contact_ready_durable_fail_racket_speed_rate: 0.0572
Metrics/racket_target/post_contact_ready_durable_fail_height_rate: 0.0572
Metrics/racket_target/post_contact_ready_durable_fail_com_x_rate: 0.0602
Metrics/racket_target/post_contact_ready_durable_fail_com_y_rate: 0.0572
Metrics/racket_target/post_contact_ready_durable_fail_feet_rate: 0.0572
Metrics/racket_target/post_contact_ready_durable_fail_station_rate: 0.0576
Metrics/racket_target/post_contact_ready_durable_fail_arm_rate: 0.0572
Metrics/racket_target/post_contact_ready_terminal_window_active: 0.0000
Metrics/racket_target/post_contact_ready_terminal_quality: 0.0038
Metrics/racket_target/post_contact_ready_terminal_settlement_event: 0.0000
Metrics/racket_target/post_contact_ready_operational_ready_now: 0.0000
Metrics/racket_target/post_contact_ready_operational_consecutive_steps: 0.0000
Metrics/racket_target/post_contact_ready_safe_settlement_event: 0.0000
Metrics/racket_target/post_contact_ready_unsafe_settlement_event: 0.0000
Metrics/racket_target/post_contact_ready_incomplete_settlement_event: 0.0000
Metrics/racket_target/post_contact_ready_safe_net_cycle_event: 0.0000
Metrics/racket_target/post_contact_ready_terminal_quality_mean: 0.9241
Metrics/racket_target/post_contact_ready_safe_terminal_quality_mean: 0.9322
Metrics/racket_target/post_contact_ready_terminal_safe_rate: 0.7177
Metrics/racket_target/post_contact_ready_terminal_unsafe_rate: 0.0350
Metrics/racket_target/post_contact_ready_terminal_incomplete_rate: 0.2473
Metrics/racket_target/post_contact_ready_safe_net_cycle_rate: 0.7027
Metrics/racket_target/post_contact_ready_score: 0.7902
Metrics/racket_target/post_contact_ready_now: 0.0378
Metrics/racket_target/post_contact_ready_success_event: 0.0115
Metrics/racket_target/post_contact_ready_fail_event: 0.0000
Metrics/racket_target/post_contact_ready_outcome_tier: -0.1525
Metrics/racket_target/post_contact_ready_face_quality: 0.4041
Metrics/racket_target/post_contact_ready_safe_face_net_cycle_value: 0.0000
Metrics/racket_target/post_contact_ready_planner_speed_ratio: 0.3912
Metrics/racket_target/post_contact_ready_planner_direction_error_rad: 0.1032
Metrics/racket_target/post_contact_ready_planner_position_error: 0.0241
Metrics/racket_target/post_contact_ready_impact_health_score: 0.4228
Metrics/racket_target/post_contact_ready_peak_base_ang_vel: 0.6262
Metrics/racket_target/post_contact_ready_peak_ang_vel_excess_increment: 0.0267
Metrics/racket_target/post_contact_ready_envelope_violation_latch: 0.0000
Metrics/racket_target/post_contact_ready_envelope_violation_event: 0.0000
Metrics/racket_target/post_contact_ready_envelope_first_violation_step: -1.0000
Metrics/racket_target/post_contact_ready_envelope_attempts: 3480.4688
Metrics/racket_target/post_contact_ready_envelope_violation_rate: 0.0328
Metrics/racket_target/post_contact_ready_envelope_tilt_violation_rate: 0.0003
Metrics/racket_target/post_contact_ready_envelope_pitch_violation_rate: 0.0003
Metrics/racket_target/post_contact_ready_envelope_com_violation_rate: 0.0009
Metrics/racket_target/post_contact_ready_envelope_waist_violation_rate: 0.0000
Metrics/racket_target/post_contact_ready_envelope_leg_violation_rate: 0.0000
Metrics/racket_target/post_contact_ready_envelope_base_ang_vel_violation_rate: 0.0322
Metrics/racket_target/post_contact_ready_resolution_success_rate: 0.9694
Metrics/racket_target/post_contact_ready_resolution_fail_rate: 0.0113
Metrics/racket_target/post_contact_ready_resolution_success_latency_steps: 4.8491
Metrics/racket_target/post_contact_ready_resolution_fail_latency_steps: 8.4845
Metrics/racket_target/post_contact_ready_max_tilt: 0.0886
Metrics/racket_target/post_contact_ready_max_abs_pitch: 0.0883
Metrics/racket_target/post_contact_ready_max_com_x: 0.0095
Metrics/racket_target/post_contact_ready_max_com_y: 0.0108
Metrics/racket_target/post_contact_ready_max_waist_overflow: 0.0000
Metrics/racket_target/post_contact_ready_max_leg_overflow: 0.0021
Metrics/racket_target/post_contact_ready_settlement_velocity_score_ema: 0.6228
Metrics/racket_target/post_contact_ready_settlement_position_gate_ema: 0.7759
Metrics/racket_target/post_contact_ready_settlement_health_gate_ema: 0.9802
Metrics/racket_target/post_contact_ready_settlement_recovery_gate_ema: 0.4614
Metrics/racket_target/post_contact_ready_settlement_total_score_ema: 0.2177
Metrics/racket_target/post_contact_recovery_backlean_error: 0.0334
Metrics/racket_target/post_contact_recovery_directional_progress: 0.0000
Metrics/racket_target/post_contact_ready_torso_ok: 0.8281
Metrics/racket_target/post_contact_ready_motion_ok: 0.7350
Metrics/racket_target/post_contact_ready_support_ok: 0.8786
Metrics/racket_target/post_contact_ready_arm_ok: 1.0000
Metrics/racket_target/post_contact_ready_base_lin_vel_ok: 0.8786
Metrics/racket_target/post_contact_ready_base_ang_vel_ok: 0.7517
Metrics/racket_target/post_contact_ready_racket_speed_ok: 0.9792
Metrics/racket_target/post_contact_ready_height_ok: 0.9410
Metrics/racket_target/post_contact_ready_com_x_ok: 0.8786
Metrics/racket_target/post_contact_ready_com_y_ok: 0.9765
Metrics/racket_target/post_contact_ready_feet_ok: 0.9909
Metrics/racket_target/post_contact_ready_station_ok: 0.8786
Metrics/racket_target/post_contact_ready_fail_torso: 0.0000
Metrics/racket_target/post_contact_ready_fail_base_lin_vel: 0.0000
Metrics/racket_target/post_contact_ready_fail_base_ang_vel: 0.0000
Metrics/racket_target/post_contact_ready_fail_racket_speed: 0.0000
Metrics/racket_target/post_contact_ready_fail_support: 0.0000
Metrics/racket_target/post_contact_ready_fail_arm: 0.0000
Metrics/racket_target/post_contact_ready_shadow_now: 0.0000
Metrics/racket_target/post_contact_ready_shadow_consecutive_steps: 0.0000
Metrics/racket_target/post_contact_ready_shadow_success_latch: 0.0000
Metrics/racket_target/post_contact_ready_curriculum_level: 0.0000
Metrics/racket_target/post_contact_ready_curriculum_fraction: 1.0000
Metrics/racket_target/post_contact_ready_curriculum_success_ema: 0.0000
Metrics/racket_target/post_contact_ready_curriculum_shadow_success_ema: 0.0000
Metrics/racket_target/post_contact_ready_curriculum_resolved_events: 0.0000
Metrics/racket_target/post_contact_ready_curriculum_successful_events: 0.0000
Metrics/racket_target/post_contact_ready_curriculum_targeted_attempt_ema: 0.0000
Metrics/racket_target/post_contact_ready_curriculum_return_success_ema: 0.0000
Metrics/racket_target/post_contact_ready_curriculum_completed_swings: 0.0000
Metrics/racket_target/post_contact_ready_curriculum_advance_streak: 0.0000
Metrics/racket_target/post_contact_ready_curriculum_advance_guard_ok: 0.0000
Metrics/racket_target/post_contact_ready_effective_max_torso_ang_vel: 1.5000
Metrics/racket_target/post_contact_ready_effective_torso_x_min: -0.1200
Metrics/racket_target/post_contact_ready_effective_torso_x_max: 0.3200
Metrics/racket_target/post_contact_ready_effective_max_base_lin_vel: 0.4500
Metrics/racket_target/post_contact_ready_effective_max_base_ang_vel: 1.3000
Metrics/racket_target/post_contact_ready_effective_max_racket_speed: 3.0000
Metrics/racket_target/post_contact_ready_effective_min_feet_contact: 0.5000
Metrics/racket_target/post_contact_ready_effective_required_consecutive_steps: 3.0000
Metrics/racket_target/post_contact_ready_effective_deadline_steps: 40.0000
Metrics/racket_target/post_contact_ready_curriculum_advance_threshold: 1.0000
Metrics/racket_target/post_contact_ready_curriculum_advance_min_events: 0.0000
Metrics/racket_target/post_contact_ready_curriculum_shadow_threshold: 1.0000
Metrics/racket_target/post_contact_ready_curriculum_min_targeted_attempt_ema: 0.0000
Metrics/racket_target/post_contact_ready_curriculum_min_return_success_ema: 0.0000
Metrics/racket_target/post_contact_ready_curriculum_min_completed_swings: 1.0000
Metrics/racket_target/post_contact_ready_curriculum_required_advance_checks: 1.0000
Metrics/racket_target/racket_normal_error_deg: 28.5178
Metrics/racket_target/impact_normal_error_deg: 8.7896
Metrics/racket_target/impact_racket_vel_error_mps: 0.5874
Metrics/racket_target/impact_racket_speed_ratio: 0.8517
Metrics/racket_target/impact_racket_vel_angle_deg: 14.0244
Metrics/racket_target/impact_racket_actual_vel_x: 0.8525
Metrics/racket_target/impact_racket_actual_vel_y: -0.0138
Metrics/racket_target/impact_racket_actual_vel_z: 1.3208
Metrics/racket_target/impact_racket_target_vel_x: 1.2201
Metrics/racket_target/impact_racket_target_vel_y: -0.0570
Metrics/racket_target/impact_racket_target_vel_z: 1.3548
Metrics/racket_target/impact_ball_out_error_mps: 4.4309
Metrics/racket_target/impact_face_radial_error_m: 0.0540
Metrics/racket_target/impact_face_normal_gap_m: 0.0500
Metrics/racket_target/impact_face_quality: 0.6864
Metrics/racket_target/impact_center_contact: 0.0191
Metrics/racket_target/impact_center_net_cross: 0.0191
Metrics/racket_target/impact_center_on_opponent: 0.0000
Metrics/racket_target/impact_rim_contact: 0.0052
Metrics/racket_target/impact_rim_net_cross: 0.0052
Metrics/racket_target/impact_rim_on_opponent: 0.0000
Metrics/racket_target/impact_analytic_outer_contact: 0.0000
Metrics/racket_target/impact_analytic_outer_net_cross: 0.0000
Metrics/racket_target/impact_analytic_outer_on_opponent: 0.0000
Metrics/racket_target/impact_planner_pos_error_m: 0.0814
Metrics/racket_target/impact_planner_vel_error_mps: 0.5874
Metrics/racket_target/impact_planner_speed_ratio: 0.8517
Metrics/racket_target/impact_planner_vel_angle_deg: 14.0244
Metrics/racket_target/impact_healthy_normal_ok: 0.0321
Metrics/racket_target/impact_healthy_contact: 0.0243
Metrics/racket_target/impact_healthy_net_cross: 0.0243
Metrics/racket_target/impact_healthy_on_opponent: 0.0000
Metrics/racket_target/current_swing_impact_health_score: 0.4228
Metrics/racket_target/current_swing_healthy_contact: 0.4347
Metrics/racket_target/current_swing_healthy_net_cross: 0.3943
Metrics/racket_target/current_swing_healthy_on_opponent: 0.0185
Metrics/racket_target/current_swing_healthy_normal_ok: 0.6121
Metrics/racket_target/current_swing_contact: 0.4347
Metrics/racket_target/current_swing_net_cross: 0.3943
Metrics/racket_target/current_swing_on_opponent: 0.0185
Metrics/racket_target/current_swing_center_contact: 0.3901
Metrics/racket_target/current_swing_center_net_cross: 0.3537
Metrics/racket_target/current_swing_center_on_opponent: 0.0185
Metrics/racket_target/current_swing_rim_contact: 0.0383
Metrics/racket_target/current_swing_rim_net_cross: 0.0344
Metrics/racket_target/current_swing_rim_on_opponent: 0.0000
Metrics/racket_target/current_swing_analytic_outer_contact: 0.0063
Metrics/racket_target/current_swing_analytic_outer_net_cross: 0.0063
Metrics/racket_target/current_swing_analytic_outer_on_opponent: 0.0000
Metrics/racket_target/cycle_v2_outcome_tier: -1.0000
Metrics/racket_target/cycle_v2_streak: 0.0000
Metrics/racket_target/closed_loop_recovery_trigger_event: 0.0243
Metrics/racket_target/closed_loop_cycle_success_event: 0.0115
Metrics/racket_target/closed_loop_durable_cycle_success_event: 0.0000
Metrics/racket_target/closed_loop_phase_id: 2.4658
Metrics/racket_target/closed_loop_phase_ready_no_command: 0.0226
Metrics/racket_target/closed_loop_phase_command_acquire: 0.1122
Metrics/racket_target/closed_loop_phase_pre_strike: 0.3929
Metrics/racket_target/closed_loop_phase_strike: 0.3215
Metrics/racket_target/closed_loop_phase_follow_through: 0.1508
Metrics/racket_target/closed_loop_phase_recovery: 0.0000
Metrics/racket_target/closed_loop_phase_next_ready: 0.0000
Metrics/racket_target/post_contact_phase_impact_0_100ms_attempts: 3480.4688
Metrics/racket_target/post_contact_phase_impact_0_100ms_tilt_gt_0p1_rate: 1.0000
Metrics/racket_target/post_contact_phase_impact_0_100ms_pitch_gt_0p1_rate: 1.0000
Metrics/racket_target/post_contact_phase_impact_0_100ms_waist_overflow_gt_1p0_rate: 0.0000
Metrics/racket_target/post_contact_phase_impact_0_100ms_base_ang_vel_gt_0p8_rate: 0.9884
Metrics/racket_target/post_contact_phase_brake_100_300ms_attempts: 3375.9062
Metrics/racket_target/post_contact_phase_brake_100_300ms_tilt_gt_0p1_rate: 0.9987
Metrics/racket_target/post_contact_phase_brake_100_300ms_pitch_gt_0p1_rate: 0.9978
Metrics/racket_target/post_contact_phase_brake_100_300ms_waist_overflow_gt_1p0_rate: 0.0000
Metrics/racket_target/post_contact_phase_brake_100_300ms_base_ang_vel_gt_0p8_rate: 0.9933
Metrics/racket_target/post_contact_phase_settle_300_600ms_attempts: 3187.7500
Metrics/racket_target/post_contact_phase_settle_300_600ms_tilt_gt_0p1_rate: 0.8182
Metrics/racket_target/post_contact_phase_settle_300_600ms_pitch_gt_0p1_rate: 0.7697
Metrics/racket_target/post_contact_phase_settle_300_600ms_waist_overflow_gt_1p0_rate: 0.0000
Metrics/racket_target/post_contact_phase_settle_300_600ms_base_ang_vel_gt_0p8_rate: 0.9879
Metrics/racket_target/post_contact_phase_ready_after_600ms_attempts: 2966.5938
Metrics/racket_target/post_contact_phase_ready_after_600ms_tilt_gt_0p1_rate: 0.5295
Metrics/racket_target/post_contact_phase_ready_after_600ms_pitch_gt_0p1_rate: 0.4497
Metrics/racket_target/post_contact_phase_ready_after_600ms_waist_overflow_gt_1p0_rate: 0.0000
Metrics/racket_target/post_contact_phase_ready_after_600ms_base_ang_vel_gt_0p8_rate: 0.9441
Metrics/racket_target/base_pitch_like_signed: -0.1584
Metrics/racket_target/base_backward_velocity: 0.1331
Metrics/racket_target/waist_action_rms: 0.3750
Metrics/racket_target/right_arm_action_rms: 3.8131
Metrics/racket_target/leg_action_rms: 0.4431
Metrics/racket_target/action_abs_max: 6.8123
Metrics/racket_target/applied_action_abs_max: 6.6615
Metrics/racket_target/leg_action_abs_max: 0.8750
Metrics/racket_target/effective_action_abs_max: 6.6595
Metrics/racket_target/action_clamp_fraction: 0.0052
Metrics/racket_target/waist_action_clamp_fraction: 0.0029
Metrics/racket_target/right_arm_action_clamp_fraction: 0.0005
Metrics/racket_target/leg_action_clamp_fraction: 0.0124
Metrics/racket_target/waist_q_tracking_error_rms: 0.3712
Metrics/racket_target/right_arm_q_tracking_error_rms: 0.1632
Metrics/racket_target/leg_q_tracking_error_rms: 0.1983
Metrics/racket_target/waist_torque_clip_fraction: 0.0000
Metrics/racket_target/right_arm_torque_clip_fraction: 0.0007
Metrics/racket_target/leg_torque_clip_fraction: 0.0000
Metrics/racket_target/waist_action_delta_rms: 0.1396
Metrics/racket_target/right_arm_action_delta_rms: 0.9202
Metrics/racket_target/leg_action_delta_rms: 0.2598
Metrics/racket_target/waist_joint_vel_rms: 0.7938
Metrics/racket_target/right_arm_joint_vel_rms: 1.3463
Metrics/racket_target/leg_joint_vel_rms: 0.7223
Metrics/racket_target/recovery_leg_action_abs_max: 0.3998
Metrics/racket_target/recovery_leg_action_delta_rms: 0.1231
Metrics/racket_target/recovery_leg_joint_vel_rms: 0.3304
      Episode_Termination/time_out: 4.0000
  Episode_Termination/base_too_low: 0.0625
   Episode_Termination/base_tilted: 0.2812
   Episode_Termination/table_touch: 0.2812
Episode_Termination/persistent_action_overflow: 0.0000
--------------------------------------------------------------------------------
                   Total timesteps: 851968
                    Iteration time: 2.32s
                      Time elapsed: 00:00:29
                               ETA: 00:00:18

################################################################################
                     [1m Learning iteration 1813/1820 [0m                     

                       Computation: 28456 steps/s (collection: 2.287s, learning 0.016s)
             Mean action noise std: 0.45
          Mean value_function loss: 0.0516
               Mean surrogate loss: 0.0000
                 Mean entropy loss: 2.8121
      Mean critic_only_warmup loss: 1.0000
                       Mean reward: 12.51
               Mean episode length: 382.99
 Episode_Reward/undesired_contacts: -0.0000
  Episode_Reward/feet_contact_slip: -0.0020
     Episode_Reward/table_no_touch: -0.0007
              Episode_Reward/alive: 0.0078
            Episode_Reward/upright: -0.0068
          Episode_Reward/imitation: 0.3297
    Episode_Reward/racket_position: 0.0685
Episode_Reward/backhand_racket_position: 0.0333
    Episode_Reward/racket_velocity: 0.0443
Episode_Reward/planner_racket_task_space_crossfade: 0.2801
Episode_Reward/exact_impact_planner_task_space_alignment: 0.0063
    Episode_Reward/blade_direction: 0.0409
Episode_Reward/health_gated_soft_ball_contact: 0.0448
Episode_Reward/health_gated_backhand_soft_ball_contact: 0.0309
Episode_Reward/health_gated_ball_contact: 0.0075
Episode_Reward/healthy_trunk_support: 0.0629
Episode_Reward/targeted_strike_attempt: 0.0102
  Episode_Reward/strike_inactivity: -0.0000
 Episode_Reward/pre_strike_station: 0.0608
    Episode_Reward/recovery_health: 0.0444
Episode_Reward/no_command_ready_stability: 0.0008
Episode_Reward/post_strike_base_ang_vel: 0.0085
Episode_Reward/phase_action_overflow: -0.0001
     Episode_Reward/strike_balance: 0.0262
Episode_Reward/prestrike_station_progress: 0.0148
 Episode_Reward/lower_body_support: 0.0388
Episode_Reward/termination_penalty: -0.0201
Episode_Reward/phase_action_rate_waist: -0.0002
Episode_Reward/phase_action_rate_upper: -0.0052
Episode_Reward/phase_action_rate_legs: -0.0002
        Episode_Reward/joint_limit: -0.0302
Episode_Reward/prestrike_racket_progress: 0.1742
Episode_Reward/near_impact_planner_velocity_progress: 0.0403
Episode_Reward/operational_joint_margin: -0.0068
  Episode_Reward/joint_target_slew: -0.0259
Episode_Reward/actuator_waist_feasibility: -0.0000
Episode_Reward/actuator_right_arm_feasibility: -0.0000
Episode_Reward/actuator_leg_feasibility: -0.0000
Episode_Reward/terminal_quality_window: 0.0010
Episode_Reward/safe_terminal_quality: 0.0018
Episode_Reward/unsafe_terminal_recovery: -0.0001
Episode_Reward/capability_gated_safe_terminal_outcome: 0.0126
    Metrics/motion/error_joint_pos: 1.2006
    Metrics/motion/error_joint_vel: 5.2014
     Metrics/motion/error_body_pos: 0.1292
     Metrics/motion/error_body_rot: 0.4249
       Metrics/motion/motion_phase: 0.5968
            Metrics/motion/in_hold: 0.0203
Metrics/motion/motion_start_warmup_prob: 0.8000
Metrics/motion/motion_start_lifecycle_progress: 0.0000
Metrics/motion/motion_start_effective_prestrike_fraction: 1.0000
Metrics/motion/motion_start_effective_recovery_fraction: 0.0000
Metrics/motion/motion_start_effective_rsi_fraction: 0.0000
 Metrics/motion/motion_start_reset: 0.0104
Metrics/motion/motion_start_prestrike_reset: 0.0000
Metrics/motion/motion_start_recovery_reset: 0.0000
Metrics/motion/motion_start_rsi_reset: 0.0000
 Metrics/motion/single_cycle_reset: 0.0000
     Metrics/motion/motion_clip_id: 0.5681
Metrics/motion/motion_supplemental_clip: 0.0000
      Metrics/motion/stand_episode: 0.0125
Metrics/motion/default_stand_reset: 0.0797
Metrics/motion/error_body_pos_lower: 0.1371
Metrics/motion/error_body_rot_lower: 0.4409
Metrics/motion/error_body_lin_vel_lower: 0.2596
Metrics/motion/error_body_ang_vel_lower: 1.0213
Metrics/motion/reference_body_lin_speed_lower: 0.0173
Metrics/motion/robot_body_lin_speed_lower: 0.2559
Metrics/motion/error_body_pos_core: 0.0775
Metrics/motion/error_body_rot_core: 0.3201
Metrics/motion/error_body_lin_vel_core: 0.3533
Metrics/motion/error_body_ang_vel_core: 0.9562
Metrics/motion/reference_body_lin_speed_core: 0.0187
Metrics/motion/robot_body_lin_speed_core: 0.3514
Metrics/motion/error_body_pos_upper: 0.1385
Metrics/motion/error_body_rot_upper: 0.4438
Metrics/motion/error_body_lin_vel_upper: 0.6339
Metrics/motion/error_body_ang_vel_upper: 1.8920
Metrics/motion/reference_body_lin_speed_upper: 0.0487
Metrics/motion/robot_body_lin_speed_upper: 0.6331
Metrics/motion/error_joint_pos_waist: 0.2680
Metrics/motion/error_joint_vel_waist: 1.0884
Metrics/motion/reference_joint_speed_waist: 0.0200
Metrics/motion/error_joint_pos_arms: 1.0125
Metrics/motion/error_joint_vel_arms: 4.1530
Metrics/motion/reference_joint_speed_arms: 0.1102
Metrics/motion/error_joint_pos_legs: 0.5546
Metrics/motion/error_joint_vel_legs: 2.5423
Metrics/motion/reference_joint_speed_legs: 0.0058
Metrics/racket_target/racket_pos_error: 0.1066
Metrics/racket_target/racket_vel_error: 1.2891
Metrics/racket_target/time_to_strike: -0.6124
Metrics/racket_target/return_success: 0.0365
Metrics/racket_target/prev_return_success: 0.0000
Metrics/racket_target/prev_net_cross: 0.5404
Metrics/racket_target/current_net_cross: 0.4795
Metrics/racket_target/racket_pos_curriculum_scale: 1.0000
Metrics/racket_target/impact_inverse_command_blend: 0.0000
Metrics/racket_target/steps_since_target_resample: 107.1797
Metrics/racket_target/recovery_height_error: 0.0544
Metrics/racket_target/recovery_upright_error: 0.1782
Metrics/racket_target/recovery_base_lin_vel: 0.2487
Metrics/racket_target/recovery_base_ang_vel: 0.9580
Metrics/racket_target/recovery_station_error: 0.1154
Metrics/racket_target/recovery_feet_contact_frac: 0.9500
Metrics/racket_target/recovery_racket_speed: 1.0109
Metrics/racket_target/recovery_height_score: 0.8351
Metrics/racket_target/recovery_upright_score: 0.7292
Metrics/racket_target/recovery_lin_vel_score: 0.7301
Metrics/racket_target/recovery_ang_vel_score: 0.3977
Metrics/racket_target/recovery_station_score: 0.8081
Metrics/racket_target/recovery_racket_score: 0.3845
Metrics/racket_target/recovery_arm_score: 0.7958
Metrics/racket_target/recovery_ready_score: 0.7122
Metrics/racket_target/recovery_anchor_arm_score: 1.0000
Metrics/racket_target/recovery_core_ready_score: 0.6223
Metrics/racket_target/recovery_functional_ready_score: 0.5657
Metrics/racket_target/waist_action_overflow_rms: 0.0010
Metrics/racket_target/right_arm_action_overflow_rms: 0.0000
Metrics/racket_target/leg_action_overflow_rms: 0.0105
Metrics/racket_target/operational_margin_fraction: 0.0114
Metrics/racket_target/waist_operational_margin_fraction: 0.0157
Metrics/racket_target/right_arm_operational_margin_fraction: 0.0009
Metrics/racket_target/leg_operational_margin_fraction: 0.0243
Metrics/racket_target/waist_operational_excess_rms: 0.0014
Metrics/racket_target/right_arm_operational_excess_rms: 0.0000
Metrics/racket_target/leg_operational_excess_rms: 0.0075
Metrics/racket_target/q_des_velocity_violation_fraction: 0.0703
Metrics/racket_target/waist_q_des_velocity_violation_fraction: 0.0070
Metrics/racket_target/right_arm_q_des_velocity_violation_fraction: 0.0838
Metrics/racket_target/leg_q_des_velocity_violation_fraction: 0.1009
Metrics/racket_target/q_des_acceleration_violation_fraction: 0.6858
Metrics/racket_target/waist_q_des_acceleration_violation_fraction: 0.5275
Metrics/racket_target/right_arm_q_des_acceleration_violation_fraction: 0.8027
Metrics/racket_target/leg_q_des_acceleration_violation_fraction: 0.7547
Metrics/racket_target/waist_q_des_velocity_rms: 3.1179
Metrics/racket_target/right_arm_q_des_velocity_rms: 7.9569
Metrics/racket_target/leg_q_des_velocity_rms: 6.8632
Metrics/racket_target/waist_q_des_acceleration_rms: 250.3722
Metrics/racket_target/right_arm_q_des_acceleration_rms: 676.9132
Metrics/racket_target/leg_q_des_acceleration_rms: 577.5932
Metrics/racket_target/action_operational_feasibility_score: 0.9078
Metrics/racket_target/actuator_overflow_consecutive_steps: 0.0000
Metrics/racket_target/actuator_overflow_severe: 0.0000
Metrics/racket_target/recovery_phase_gate: 0.9135
Metrics/racket_target/recovery_phase_ready_score: 0.6974
Metrics/racket_target/recovery_contact_ready_score: 0.3889
Metrics/racket_target/recovery_net_ready_score: 0.3752
Metrics/racket_target/recovery_return_ready_score: 0.0305
Metrics/racket_target/cycle_success_ready_score: 0.0000
Metrics/racket_target/cycle_success_soft: 0.0000
Metrics/racket_target/cycle_success_binary: 0.0000
Metrics/racket_target/cycle_v2_pending: 0.0000
Metrics/racket_target/cycle_v2_attempt_latch: 0.0000
Metrics/racket_target/cycle_v2_ready_success_latch: 0.0000
Metrics/racket_target/cycle_v2_ready_fail_latch: 0.0000
Metrics/racket_target/cycle_v2_attempt_event: 0.0000
Metrics/racket_target/cycle_v2_ready_success_event: 0.0000
Metrics/racket_target/cycle_v2_ready_fail_event: 0.0000
Metrics/racket_target/cycle_v2_unresolved_resample_fail_event: 0.0000
Metrics/racket_target/cycle_v2_resolved_event: 0.0000
Metrics/racket_target/cycle_v2_command_visible_steps: 0.0000
Metrics/racket_target/cycle_v2_elapsed_steps: 0.0000
Metrics/racket_target/cycle_v2_ready_score: 0.0000
Metrics/racket_target/cycle_v2_ready_ok: 0.0000
Metrics/racket_target/cycle_v2_visible: 0.0000
Metrics/racket_target/cycle_v2_ready_score_ok: 0.0000
Metrics/racket_target/cycle_v2_height_ok: 0.0000
Metrics/racket_target/cycle_v2_upright_ok: 0.0000
Metrics/racket_target/cycle_v2_base_lin_vel_ok: 0.0000
Metrics/racket_target/cycle_v2_base_ang_vel_ok: 0.0000
Metrics/racket_target/cycle_v2_feet_ok: 0.0000
Metrics/racket_target/cycle_v2_core_ready_ok: 0.0000
Metrics/racket_target/cycle_v2_ready_consecutive_steps: 0.0000
Metrics/racket_target/single_cycle_bootstrap: 0.0000
Metrics/racket_target/single_cycle_swing_completed: 0.0000
Metrics/racket_target/single_cycle_recovery_active: 0.0000
Metrics/racket_target/single_cycle_recovery_elapsed_steps: 0.0000
Metrics/racket_target/single_cycle_ready_consecutive_steps: 0.0000
Metrics/racket_target/single_cycle_safe_timeout_event: 0.0000
Metrics/racket_target/single_cycle_deadline_timeout_event: 0.0000
Metrics/racket_target/single_cycle_timeout_latch: 0.0000
Metrics/racket_target/single_cycle_hard_failure_event: 0.0000
Metrics/racket_target/single_cycle_probability: 0.0000
Metrics/racket_target/single_cycle_curriculum_level: 0.0000
Metrics/racket_target/single_cycle_effective_deadline_steps: 100.0000
Metrics/racket_target/single_cycle_selected_events: 0.0000
Metrics/racket_target/single_cycle_completed_events: 0.0000
Metrics/racket_target/single_cycle_safe_timeout_events: 0.0000
Metrics/racket_target/single_cycle_deadline_timeout_events: 0.0000
Metrics/racket_target/single_cycle_hard_failure_events: 0.0000
Metrics/racket_target/active_ready_consecutive_steps: 0.0000
Metrics/racket_target/active_ready_success_event: 0.0000
Metrics/racket_target/active_ready_success_latch: 0.0000
Metrics/racket_target/active_ready_survival_steps: 0.0000
Metrics/racket_target/active_ready_survival_next_milestone: 0.0000
Metrics/racket_target/active_ready_survival_milestone_event: 0.0000
Metrics/racket_target/no_command_ready_active: 0.0125
Metrics/racket_target/no_command_from_stand_episode: 0.0125
Metrics/racket_target/no_command_from_default_stand_reset: 0.0125
Metrics/racket_target/no_command_ready_upright_ok: 0.0063
Metrics/racket_target/no_command_ready_motion_ok: 0.0000
Metrics/racket_target/no_command_ready_score: 0.0050
Metrics/racket_target/no_command_ready_progress: -0.0016
Metrics/racket_target/no_command_ready_station_error: 0.0054
Metrics/racket_target/no_command_ready_fixed_station_error: 0.0054
Metrics/racket_target/healthy_training_stage: 3.0000
Metrics/racket_target/healthy_stage_planted_rehearsal: 0.0000
Metrics/racket_target/healthy_stage_station_hold_seen: 0.0000
Metrics/racket_target/healthy_stage_station_arrived: 0.0000
Metrics/racket_target/healthy_stage_station_settled: 0.0000
Metrics/racket_target/healthy_stage_station_settle_steps: 0.0000
Metrics/racket_target/station_relocation_active: 0.0000
Metrics/racket_target/station_relocation_target_offset_y: 0.0000
Metrics/racket_target/station_relocation_error: 0.0000
Metrics/racket_target/station_relocation_arrival_event: 0.0000
Metrics/racket_target/station_relocation_settle_event: 0.0000
Metrics/racket_target/station_relocation_release_event: 0.0000
Metrics/racket_target/station_relocation_timeout_event: 0.0000
Metrics/racket_target/station_relocation_elapsed_steps: 0.0000
Metrics/racket_target/station_relocation_hold_deadline_steps: 0.0000
Metrics/racket_target/lifecycle_recovery_hold_active: 0.0000
Metrics/racket_target/lifecycle_recovery_release_success_event: 0.0000
Metrics/racket_target/lifecycle_recovery_release_fail_event: 0.0000
Metrics/racket_target/station_relocation_level: 0.0000
Metrics/racket_target/station_relocation_arrival_ema: 0.0000
Metrics/racket_target/station_relocation_settle_ema: 0.0000
Metrics/racket_target/station_relocation_contact_ema: 0.0000
Metrics/racket_target/station_relocation_safety_ema: 0.0000
Metrics/racket_target/station_relocation_resolved_events: 0.0000
Metrics/racket_target/station_relocation_terminal_reset_events: 0.0000
Metrics/racket_target/station_relocation_advance_streak: 0.0000
Metrics/racket_target/station_relocation_regress_streak: 0.0000
Metrics/racket_target/station_relocation_effective_max_lin_vel: 0.0000
Metrics/racket_target/station_relocation_effective_max_ang_vel: 0.0000
Metrics/racket_target/station_relocation_effective_min_settle_steps: 0.0000
Metrics/racket_target/ability_curriculum_level: 0.0000
Metrics/racket_target/ability_curriculum_scale: 1.0000
Metrics/racket_target/ability_curriculum_resolved_events: 3594.4375
Metrics/racket_target/ability_curriculum_total_resolved_events: 3594.4375
Metrics/racket_target/ability_curriculum_advance_streak: 0.0000
Metrics/racket_target/ability_curriculum_regress_streak: 0.0000
Metrics/racket_target/ability_contact_ema: 0.6481
Metrics/racket_target/ability_net_ema: 0.6418
Metrics/racket_target/ability_success_ema: 0.0227
Metrics/racket_target/ability_recovery_ema: 0.8079
Metrics/racket_target/ability_cycle_ema: 0.0227
Metrics/racket_target/ability_cycle_attempt_ema: 0.0227
Metrics/racket_target/ability_cycle_resolved_ema: 0.0227
Metrics/racket_target/ability_forehand_contact_ema: 0.7114
Metrics/racket_target/ability_forehand_net_ema: 0.7023
Metrics/racket_target/ability_forehand_success_ema: 0.0088
Metrics/racket_target/ability_backhand_contact_ema: 0.6190
Metrics/racket_target/ability_backhand_net_ema: 0.6156
Metrics/racket_target/ability_backhand_success_ema: 0.0403
Metrics/racket_target/ability_attempt_ema: 1.0000
Metrics/racket_target/ability_targeted_attempt_ema: 0.9948
Metrics/racket_target/impact_health_floor_progress: 0.0000
Metrics/racket_target/ability_safety_ema: 0.9197
Metrics/racket_target/ability_station_saturation_ema: 0.0000
Metrics/racket_target/ability_healthy_normal_ema: 1.0000
Metrics/racket_target/ability_station_arrival_ema: 0.0000
Metrics/racket_target/ability_station_settle_ema: 0.0000
Metrics/racket_target/safe_outcome_capability_gate: 0.1468
Metrics/racket_target/planner_hit_plane_blend: 1.0000
Metrics/racket_target/planner_hit_plane_x_delta: 0.0363
Metrics/racket_target/true_strike_table_x: 0.2000
Metrics/racket_target/planner_target_table_x: 0.2000
Metrics/racket_target/workspace_level: 0.0000
Metrics/racket_target/workspace_fringe_sample: 0.0000
Metrics/racket_target/workspace_target_lateral_norm: 0.3256
Metrics/racket_target/workspace_target_table_y: -0.2352
Metrics/racket_target/workspace_playable_y_min: -0.7225
Metrics/racket_target/workspace_playable_y_max: 0.7225
Metrics/racket_target/workspace_active_y_lo: -0.2971
Metrics/racket_target/workspace_active_y_hi: -0.1641
Metrics/racket_target/workspace_motion_seed_blend: 0.0000
Metrics/racket_target/planner_perturb_curriculum_scale: 1.0000
Metrics/racket_target/incoming_ball_horizontal_speed: 2.2319
Metrics/racket_target/incoming_ball_speed: 4.6092
Metrics/racket_target/incoming_ball_speed_curriculum_level: 0.0000
Metrics/racket_target/incoming_ball_speed_sample_low: 0.0000
Metrics/racket_target/incoming_ball_speed_sample_high: 0.0000
Metrics/racket_target/station_saturated: 0.0000
Metrics/racket_target/station_raw_clip_excess: 0.0000
Metrics/racket_target/station_saturated_x: 0.0000
Metrics/racket_target/station_saturated_y: 0.0000
Metrics/racket_target/station_raw_clip_excess_x: 0.0000
Metrics/racket_target/station_raw_clip_excess_y: 0.0000
Metrics/racket_target/current_swing_opportunity: 0.8963
Metrics/racket_target/current_swing_attempt: 0.8963
Metrics/racket_target/current_swing_targeted_attempt: 0.8760
Metrics/racket_target/prev_swing_targeted_attempt: 0.9099
Metrics/racket_target/current_swing_unsafe: 0.1013
Metrics/racket_target/current_swing_station_saturated: 0.0000
Metrics/racket_target/impact_health_score: 0.8340
Metrics/racket_target/impact_health_ok: 0.8384
Metrics/racket_target/impact_health_backlean_violation: 0.0161
Metrics/racket_target/impact_health_waist_backfold: 0.0031
Metrics/racket_target/impact_health_base_retreat: 0.0447
Metrics/racket_target/impact_health_torso_gravity_x: 0.3049
Metrics/racket_target/impact_health_torso_ang_vel: 0.6275
Metrics/racket_target/impact_health_com_x: 0.0687
Metrics/racket_target/impact_health_com_y: 0.0514
Metrics/racket_target/post_contact_ready_pending: 0.0000
Metrics/racket_target/post_contact_ready_elapsed_steps: 2.4072
Metrics/racket_target/post_contact_ready_consecutive_steps: 0.0000
Metrics/racket_target/post_contact_ready_diagnostic_pending: 0.2574
Metrics/racket_target/post_contact_ready_diagnostic_elapsed_steps: 15.9930
Metrics/racket_target/post_contact_ready_durable_pending: 0.2252
Metrics/racket_target/post_contact_ready_durable_consecutive_steps: 0.9372
Metrics/racket_target/post_contact_ready_durable_ready_now: 0.1505
Metrics/racket_target/post_contact_ready_durable_success_event: 0.0035
Metrics/racket_target/post_contact_ready_durable_fail_event: 0.0000
Metrics/racket_target/post_contact_ready_durable_resolution_success_rate: 0.2310
Metrics/racket_target/post_contact_ready_durable_resolution_fail_rate: 0.6831
Metrics/racket_target/post_contact_ready_durable_resolution_success_latency_steps: 35.0000
Metrics/racket_target/post_contact_ready_durable_resolution_fail_latency_steps: 33.1172
Metrics/racket_target/post_contact_ready_durable_fail_backlean_rate: 0.0638
Metrics/racket_target/post_contact_ready_durable_fail_forward_lean_rate: 0.8647
Metrics/racket_target/post_contact_ready_durable_fail_torso_ang_vel_rate: 0.0638
Metrics/racket_target/post_contact_ready_durable_fail_base_lin_vel_rate: 0.0650
Metrics/racket_target/post_contact_ready_durable_fail_base_ang_vel_rate: 0.3923
Metrics/racket_target/post_contact_ready_durable_fail_racket_speed_rate: 0.0638
Metrics/racket_target/post_contact_ready_durable_fail_height_rate: 0.0638
Metrics/racket_target/post_contact_ready_durable_fail_com_x_rate: 0.0666
Metrics/racket_target/post_contact_ready_durable_fail_com_y_rate: 0.0638
Metrics/racket_target/post_contact_ready_durable_fail_feet_rate: 0.0638
Metrics/racket_target/post_contact_ready_durable_fail_station_rate: 0.0641
Metrics/racket_target/post_contact_ready_durable_fail_arm_rate: 0.0638
Metrics/racket_target/post_contact_ready_terminal_window_active: 0.0571
Metrics/racket_target/post_contact_ready_terminal_quality: 0.2972
Metrics/racket_target/post_contact_ready_terminal_settlement_event: 0.0035
Metrics/racket_target/post_contact_ready_operational_ready_now: 0.0509
Metrics/racket_target/post_contact_ready_operational_consecutive_steps: 0.1351
Metrics/racket_target/post_contact_ready_safe_settlement_event: 0.0035
Metrics/racket_target/post_contact_ready_unsafe_settlement_event: 0.0000
Metrics/racket_target/post_contact_ready_incomplete_settlement_event: 0.0000
Metrics/racket_target/post_contact_ready_safe_net_cycle_event: 0.0035
Metrics/racket_target/post_contact_ready_terminal_quality_mean: 0.9246
Metrics/racket_target/post_contact_ready_safe_terminal_quality_mean: 0.9325
Metrics/racket_target/post_contact_ready_terminal_safe_rate: 0.7154
Metrics/racket_target/post_contact_ready_terminal_unsafe_rate: 0.0340
Metrics/racket_target/post_contact_ready_terminal_incomplete_rate: 0.2506
Metrics/racket_target/post_contact_ready_safe_net_cycle_rate: 0.7002
Metrics/racket_target/post_contact_ready_score: 0.7789
Metrics/racket_target/post_contact_ready_now: 0.0000
Metrics/racket_target/post_contact_ready_success_event: 0.0000
Metrics/racket_target/post_contact_ready_fail_event: 0.0000
Metrics/racket_target/post_contact_ready_outcome_tier: 0.0111
Metrics/racket_target/post_contact_ready_face_quality: 0.4632
Metrics/racket_target/post_contact_ready_safe_face_net_cycle_value: 0.0035
Metrics/racket_target/post_contact_ready_planner_speed_ratio: 0.4445
Metrics/racket_target/post_contact_ready_planner_direction_error_rad: 0.1281
Metrics/racket_target/post_contact_ready_planner_position_error: 0.0296
Metrics/racket_target/post_contact_ready_impact_health_score: 0.4824
Metrics/racket_target/post_contact_ready_peak_base_ang_vel: 0.6979
Metrics/racket_target/post_contact_ready_peak_ang_vel_excess_increment: 0.0000
Metrics/racket_target/post_contact_ready_envelope_violation_latch: 0.0109
Metrics/racket_target/post_contact_ready_envelope_violation_event: 0.0000
Metrics/racket_target/post_contact_ready_envelope_first_violation_step: -0.8953
Metrics/racket_target/post_contact_ready_envelope_attempts: 3788.3125
Metrics/racket_target/post_contact_ready_envelope_violation_rate: 0.0339
Metrics/racket_target/post_contact_ready_envelope_tilt_violation_rate: 0.0003
Metrics/racket_target/post_contact_ready_envelope_pitch_violation_rate: 0.0003
Metrics/racket_target/post_contact_ready_envelope_com_violation_rate: 0.0008
Metrics/racket_target/post_contact_ready_envelope_waist_violation_rate: 0.0000
Metrics/racket_target/post_contact_ready_envelope_leg_violation_rate: 0.0000
Metrics/racket_target/post_contact_ready_envelope_base_ang_vel_violation_rate: 0.0333
Metrics/racket_target/post_contact_ready_resolution_success_rate: 0.9775
Metrics/racket_target/post_contact_ready_resolution_fail_rate: 0.0119
Metrics/racket_target/post_contact_ready_resolution_success_latency_steps: 4.8666
Metrics/racket_target/post_contact_ready_resolution_fail_latency_steps: 7.7111
Metrics/racket_target/post_contact_ready_max_tilt: 0.1017
Metrics/racket_target/post_contact_ready_max_abs_pitch: 0.1013
Metrics/racket_target/post_contact_ready_max_com_x: 0.0133
Metrics/racket_target/post_contact_ready_max_com_y: 0.0147
Metrics/racket_target/post_contact_ready_max_waist_overflow: 0.0000
Metrics/racket_target/post_contact_ready_max_leg_overflow: 0.0014
Metrics/racket_target/post_contact_ready_settlement_velocity_score_ema: 0.6222
Metrics/racket_target/post_contact_ready_settlement_position_gate_ema: 0.7794
Metrics/racket_target/post_contact_ready_settlement_health_gate_ema: 0.9779
Metrics/racket_target/post_contact_ready_settlement_recovery_gate_ema: 0.4326
Metrics/racket_target/post_contact_ready_settlement_total_score_ema: 0.2047
Metrics/racket_target/post_contact_recovery_backlean_error: 0.0525
Metrics/racket_target/post_contact_recovery_directional_progress: 0.0000
Metrics/racket_target/post_contact_ready_torso_ok: 0.4485
Metrics/racket_target/post_contact_ready_motion_ok: 0.8032
Metrics/racket_target/post_contact_ready_support_ok: 0.8384
Metrics/racket_target/post_contact_ready_arm_ok: 1.0000
Metrics/racket_target/post_contact_ready_base_lin_vel_ok: 0.8446
Metrics/racket_target/post_contact_ready_base_ang_vel_ok: 0.8173
Metrics/racket_target/post_contact_ready_racket_speed_ok: 0.9393
Metrics/racket_target/post_contact_ready_height_ok: 0.9067
Metrics/racket_target/post_contact_ready_com_x_ok: 0.8462
Metrics/racket_target/post_contact_ready_com_y_ok: 0.9059
Metrics/racket_target/post_contact_ready_feet_ok: 0.9671
Metrics/racket_target/post_contact_ready_station_ok: 0.8669
Metrics/racket_target/post_contact_ready_fail_torso: 0.0000
Metrics/racket_target/post_contact_ready_fail_base_lin_vel: 0.0000
Metrics/racket_target/post_contact_ready_fail_base_ang_vel: 0.0000
Metrics/racket_target/post_contact_ready_fail_racket_speed: 0.0000
Metrics/racket_target/post_contact_ready_fail_support: 0.0000
Metrics/racket_target/post_contact_ready_fail_arm: 0.0000
Metrics/racket_target/post_contact_ready_shadow_now: 0.0000
Metrics/racket_target/post_contact_ready_shadow_consecutive_steps: 0.0000
Metrics/racket_target/post_contact_ready_shadow_success_latch: 0.0000
Metrics/racket_target/post_contact_ready_curriculum_level: 0.0000
Metrics/racket_target/post_contact_ready_curriculum_fraction: 1.0000
Metrics/racket_target/post_contact_ready_curriculum_success_ema: 0.0000
Metrics/racket_target/post_contact_ready_curriculum_shadow_success_ema: 0.0000
Metrics/racket_target/post_contact_ready_curriculum_resolved_events: 0.0000
Metrics/racket_target/post_contact_ready_curriculum_successful_events: 0.0000
Metrics/racket_target/post_contact_ready_curriculum_targeted_attempt_ema: 0.0000
Metrics/racket_target/post_contact_ready_curriculum_return_success_ema: 0.0000
Metrics/racket_target/post_contact_ready_curriculum_completed_swings: 0.0000
Metrics/racket_target/post_contact_ready_curriculum_advance_streak: 0.0000
Metrics/racket_target/post_contact_ready_curriculum_advance_guard_ok: 0.0000
Metrics/racket_target/post_contact_ready_effective_max_torso_ang_vel: 1.5000
Metrics/racket_target/post_contact_ready_effective_torso_x_min: -0.1200
Metrics/racket_target/post_contact_ready_effective_torso_x_max: 0.3200
Metrics/racket_target/post_contact_ready_effective_max_base_lin_vel: 0.4500
Metrics/racket_target/post_contact_ready_effective_max_base_ang_vel: 1.3000
Metrics/racket_target/post_contact_ready_effective_max_racket_speed: 3.0000
Metrics/racket_target/post_contact_ready_effective_min_feet_contact: 0.5000
Metrics/racket_target/post_contact_ready_effective_required_consecutive_steps: 3.0000
Metrics/racket_target/post_contact_ready_effective_deadline_steps: 40.0000
Metrics/racket_target/post_contact_ready_curriculum_advance_threshold: 1.0000
Metrics/racket_target/post_contact_ready_curriculum_advance_min_events: 0.0000
Metrics/racket_target/post_contact_ready_curriculum_shadow_threshold: 1.0000
Metrics/racket_target/post_contact_ready_curriculum_min_targeted_attempt_ema: 0.0000
Metrics/racket_target/post_contact_ready_curriculum_min_return_success_ema: 0.0000
Metrics/racket_target/post_contact_ready_curriculum_min_completed_swings: 1.0000
Metrics/racket_target/post_contact_ready_curriculum_required_advance_checks: 1.0000
Metrics/racket_target/racket_normal_error_deg: 50.2336
Metrics/racket_target/impact_normal_error_deg: 12.3056
Metrics/racket_target/impact_racket_vel_error_mps: 0.5860
Metrics/racket_target/impact_racket_speed_ratio: 0.8258
Metrics/racket_target/impact_racket_vel_angle_deg: 14.1110
Metrics/racket_target/impact_racket_actual_vel_x: 0.8264
Metrics/racket_target/impact_racket_actual_vel_y: 0.0365
Metrics/racket_target/impact_racket_actual_vel_z: 1.2601
Metrics/racket_target/impact_racket_target_vel_x: 1.1847
Metrics/racket_target/impact_racket_target_vel_y: -0.0159
Metrics/racket_target/impact_racket_target_vel_z: 1.3033
Metrics/racket_target/impact_ball_out_error_mps: 4.2811
Metrics/racket_target/impact_face_radial_error_m: 0.0529
Metrics/racket_target/impact_face_normal_gap_m: 0.0573
Metrics/racket_target/impact_face_quality: 0.6771
Metrics/racket_target/impact_center_contact: 0.0000
Metrics/racket_target/impact_center_net_cross: 0.0000
Metrics/racket_target/impact_center_on_opponent: 0.0000
Metrics/racket_target/impact_rim_contact: 0.0000
Metrics/racket_target/impact_rim_net_cross: 0.0000
Metrics/racket_target/impact_rim_on_opponent: 0.0000
Metrics/racket_target/impact_analytic_outer_contact: 0.0000
Metrics/racket_target/impact_analytic_outer_net_cross: 0.0000
Metrics/racket_target/impact_analytic_outer_on_opponent: 0.0000
Metrics/racket_target/impact_planner_pos_error_m: 0.0855
Metrics/racket_target/impact_planner_vel_error_mps: 0.5860
Metrics/racket_target/impact_planner_speed_ratio: 0.8258
Metrics/racket_target/impact_planner_vel_angle_deg: 14.1110
Metrics/racket_target/impact_healthy_normal_ok: 0.0000
Metrics/racket_target/impact_healthy_contact: 0.0000
Metrics/racket_target/impact_healthy_net_cross: 0.0000
Metrics/racket_target/impact_healthy_on_opponent: 0.0000
Metrics/racket_target/current_swing_impact_health_score: 0.4824
Metrics/racket_target/current_swing_healthy_contact: 0.4951
Metrics/racket_target/current_swing_healthy_net_cross: 0.4795
Metrics/racket_target/current_swing_healthy_on_opponent: 0.0365
Metrics/racket_target/current_swing_healthy_normal_ok: 0.8796
Metrics/racket_target/current_swing_contact: 0.4951
Metrics/racket_target/current_swing_net_cross: 0.4795
Metrics/racket_target/current_swing_on_opponent: 0.0365
Metrics/racket_target/current_swing_center_contact: 0.4363
Metrics/racket_target/current_swing_center_net_cross: 0.4207
Metrics/racket_target/current_swing_center_on_opponent: 0.0312
Metrics/racket_target/current_swing_rim_contact: 0.0536
Metrics/racket_target/current_swing_rim_net_cross: 0.0536
Metrics/racket_target/current_swing_rim_on_opponent: 0.0052
Metrics/racket_target/current_swing_analytic_outer_contact: 0.0052
Metrics/racket_target/current_swing_analytic_outer_net_cross: 0.0052
Metrics/racket_target/current_swing_analytic_outer_on_opponent: 0.0000
Metrics/racket_target/cycle_v2_outcome_tier: -1.0000
Metrics/racket_target/cycle_v2_streak: 0.0000
Metrics/racket_target/closed_loop_recovery_trigger_event: 0.0000
Metrics/racket_target/closed_loop_cycle_success_event: 0.0000
Metrics/racket_target/closed_loop_durable_cycle_success_event: 0.0035
Metrics/racket_target/closed_loop_phase_id: 1.9285
Metrics/racket_target/closed_loop_phase_ready_no_command: 0.0125
Metrics/racket_target/closed_loop_phase_command_acquire: 0.0815
Metrics/racket_target/closed_loop_phase_pre_strike: 0.8869
Metrics/racket_target/closed_loop_phase_strike: 0.0031
Metrics/racket_target/closed_loop_phase_follow_through: 0.0160
Metrics/racket_target/closed_loop_phase_recovery: 0.0000
Metrics/racket_target/closed_loop_phase_next_ready: 0.0000
Metrics/racket_target/post_contact_phase_impact_0_100ms_attempts: 3788.3125
Metrics/racket_target/post_contact_phase_impact_0_100ms_tilt_gt_0p1_rate: 1.0000
Metrics/racket_target/post_contact_phase_impact_0_100ms_pitch_gt_0p1_rate: 1.0000
Metrics/racket_target/post_contact_phase_impact_0_100ms_waist_overflow_gt_1p0_rate: 0.0000
Metrics/racket_target/post_contact_phase_impact_0_100ms_base_ang_vel_gt_0p8_rate: 0.9893
Metrics/racket_target/post_contact_phase_brake_100_300ms_attempts: 3706.3750
Metrics/racket_target/post_contact_phase_brake_100_300ms_tilt_gt_0p1_rate: 0.9984
Metrics/racket_target/post_contact_phase_brake_100_300ms_pitch_gt_0p1_rate: 0.9973
Metrics/racket_target/post_contact_phase_brake_100_300ms_waist_overflow_gt_1p0_rate: 0.0000
Metrics/racket_target/post_contact_phase_brake_100_300ms_base_ang_vel_gt_0p8_rate: 0.9946
Metrics/racket_target/post_contact_phase_settle_300_600ms_attempts: 3556.1562
Metrics/racket_target/post_contact_phase_settle_300_600ms_tilt_gt_0p1_rate: 0.8269
Metrics/racket_target/post_contact_phase_settle_300_600ms_pitch_gt_0p1_rate: 0.7801
Metrics/racket_target/post_contact_phase_settle_300_600ms_waist_overflow_gt_1p0_rate: 0.0000
Metrics/racket_target/post_contact_phase_settle_300_600ms_base_ang_vel_gt_0p8_rate: 0.9896
Metrics/racket_target/post_contact_phase_ready_after_600ms_attempts: 3292.4688
Metrics/racket_target/post_contact_phase_ready_after_600ms_tilt_gt_0p1_rate: 0.5366
Metrics/racket_target/post_contact_phase_ready_after_600ms_pitch_gt_0p1_rate: 0.4578
Metrics/racket_target/post_contact_phase_ready_after_600ms_waist_overflow_gt_1p0_rate: 0.0000
Metrics/racket_target/post_contact_phase_ready_after_600ms_base_ang_vel_gt_0p8_rate: 0.9419
Metrics/racket_target/base_pitch_like_signed: -0.0828
Metrics/racket_target/base_backward_velocity: 0.0802
Metrics/racket_target/waist_action_rms: 0.3236
Metrics/racket_target/right_arm_action_rms: 3.1580
Metrics/racket_target/leg_action_rms: 0.4204
Metrics/racket_target/action_abs_max: 6.0260
Metrics/racket_target/applied_action_abs_max: 5.8511
Metrics/racket_target/leg_action_abs_max: 0.8241
Metrics/racket_target/effective_action_abs_max: 5.8511
Metrics/racket_target/action_clamp_fraction: 0.0052
Metrics/racket_target/waist_action_clamp_fraction: 0.0012
Metrics/racket_target/right_arm_action_clamp_fraction: 0.0000
Metrics/racket_target/leg_action_clamp_fraction: 0.0125
Metrics/racket_target/waist_q_tracking_error_rms: 0.3623
Metrics/racket_target/right_arm_q_tracking_error_rms: 0.1694
Metrics/racket_target/leg_q_tracking_error_rms: 0.1942
Metrics/racket_target/waist_torque_clip_fraction: 0.0000
Metrics/racket_target/right_arm_torque_clip_fraction: 0.0037
Metrics/racket_target/leg_torque_clip_fraction: 0.0000
Metrics/racket_target/waist_action_delta_rms: 0.1461
Metrics/racket_target/right_arm_action_delta_rms: 0.8570
Metrics/racket_target/leg_action_delta_rms: 0.2676
Metrics/racket_target/waist_joint_vel_rms: 0.6289
Metrics/racket_target/right_arm_joint_vel_rms: 1.2092
Metrics/racket_target/leg_joint_vel_rms: 0.7337
Metrics/racket_target/recovery_leg_action_abs_max: 0.7022
Metrics/racket_target/recovery_leg_action_delta_rms: 0.2285
Metrics/racket_target/recovery_leg_joint_vel_rms: 0.5650
      Episode_Termination/time_out: 3.6250
  Episode_Termination/base_too_low: 0.1250
   Episode_Termination/base_tilted: 0.3750
   Episode_Termination/table_touch: 0.2812
Episode_Termination/persistent_action_overflow: 0.0000
--------------------------------------------------------------------------------
                   Total timesteps: 917504
                    Iteration time: 2.30s
                      Time elapsed: 00:00:32
                               ETA: 00:00:16

################################################################################
                     [1m Learning iteration 1814/1820 [0m                     

                       Computation: 28732 steps/s (collection: 2.265s, learning 0.016s)
             Mean action noise std: 0.45
          Mean value_function loss: 0.1169
               Mean surrogate loss: 0.0000
                 Mean entropy loss: 2.8121
      Mean critic_only_warmup loss: 1.0000
                       Mean reward: 14.43
               Mean episode length: 444.39
 Episode_Reward/undesired_contacts: -0.0000
  Episode_Reward/feet_contact_slip: -0.0020
     Episode_Reward/table_no_touch: -0.0009
              Episode_Reward/alive: 0.0088
            Episode_Reward/upright: -0.0068
          Episode_Reward/imitation: 0.3772
    Episode_Reward/racket_position: 0.0736
Episode_Reward/backhand_racket_position: 0.0373
    Episode_Reward/racket_velocity: 0.0473
Episode_Reward/planner_racket_task_space_crossfade: 0.3002
Episode_Reward/exact_impact_planner_task_space_alignment: 0.0078
    Episode_Reward/blade_direction: 0.0436
Episode_Reward/health_gated_soft_ball_contact: 0.0486
Episode_Reward/health_gated_backhand_soft_ball_contact: 0.0347
Episode_Reward/health_gated_ball_contact: 0.0091
Episode_Reward/healthy_trunk_support: 0.0649
Episode_Reward/targeted_strike_attempt: 0.0109
  Episode_Reward/strike_inactivity: -0.0000
 Episode_Reward/pre_strike_station: 0.0655
    Episode_Reward/recovery_health: 0.0528
Episode_Reward/no_command_ready_stability: 0.0006
Episode_Reward/post_strike_base_ang_vel: 0.0105
Episode_Reward/phase_action_overflow: -0.0001
     Episode_Reward/strike_balance: 0.0279
Episode_Reward/prestrike_station_progress: 0.0134
 Episode_Reward/lower_body_support: 0.0412
Episode_Reward/termination_penalty: -0.0102
Episode_Reward/phase_action_rate_waist: -0.0003
Episode_Reward/phase_action_rate_upper: -0.0059
Episode_Reward/phase_action_rate_legs: -0.0003
        Episode_Reward/joint_limit: -0.0343
Episode_Reward/prestrike_racket_progress: 0.1843
Episode_Reward/near_impact_planner_velocity_progress: 0.0436
Episode_Reward/operational_joint_margin: -0.0051
  Episode_Reward/joint_target_slew: -0.0292
Episode_Reward/actuator_waist_feasibility: -0.0000
Episode_Reward/actuator_right_arm_feasibility: -0.0000
Episode_Reward/actuator_leg_feasibility: -0.0000
Episode_Reward/terminal_quality_window: 0.0014
Episode_Reward/safe_terminal_quality: 0.0028
Episode_Reward/unsafe_terminal_recovery: -0.0001
Episode_Reward/capability_gated_safe_terminal_outcome: 0.0187
    Metrics/motion/error_joint_pos: 1.3216
    Metrics/motion/error_joint_vel: 5.8968
     Metrics/motion/error_body_pos: 0.1134
     Metrics/motion/error_body_rot: 0.4090
       Metrics/motion/motion_phase: 0.8093
            Metrics/motion/in_hold: 0.0312
Metrics/motion/motion_start_warmup_prob: 0.8000
Metrics/motion/motion_start_lifecycle_progress: 0.0000
Metrics/motion/motion_start_effective_prestrike_fraction: 1.0000
Metrics/motion/motion_start_effective_recovery_fraction: 0.0000
Metrics/motion/motion_start_effective_rsi_fraction: 0.0000
 Metrics/motion/motion_start_reset: 0.0193
Metrics/motion/motion_start_prestrike_reset: 0.0000
Metrics/motion/motion_start_recovery_reset: 0.0000
Metrics/motion/motion_start_rsi_reset: 0.0000
 Metrics/motion/single_cycle_reset: 0.0000
     Metrics/motion/motion_clip_id: 0.6531
Metrics/motion/motion_supplemental_clip: 0.0000
      Metrics/motion/stand_episode: 0.0078
Metrics/motion/default_stand_reset: 0.0258
Metrics/motion/error_body_pos_lower: 0.1102
Metrics/motion/error_body_rot_lower: 0.3354
Metrics/motion/error_body_lin_vel_lower: 0.1340
Metrics/motion/error_body_ang_vel_lower: 0.6673
Metrics/motion/reference_body_lin_speed_lower: 0.0139
Metrics/motion/robot_body_lin_speed_lower: 0.1311
Metrics/motion/error_body_pos_core: 0.0605
Metrics/motion/error_body_rot_core: 0.2757
Metrics/motion/error_body_lin_vel_core: 0.2048
Metrics/motion/error_body_ang_vel_core: 0.9336
Metrics/motion/reference_body_lin_speed_core: 0.0104
Metrics/motion/robot_body_lin_speed_core: 0.2035
Metrics/motion/error_body_pos_upper: 0.1342
Metrics/motion/error_body_rot_upper: 0.5270
Metrics/motion/error_body_lin_vel_upper: 0.7337
Metrics/motion/error_body_ang_vel_upper: 2.6036
Metrics/motion/reference_body_lin_speed_upper: 0.0227
Metrics/motion/robot_body_lin_speed_upper: 0.7371
Metrics/motion/error_joint_pos_waist: 0.2328
Metrics/motion/error_joint_vel_waist: 1.1749
Metrics/motion/reference_joint_speed_waist: 0.0134
Metrics/motion/error_joint_pos_arms: 1.1405
Metrics/motion/error_joint_vel_arms: 5.2471
Metrics/motion/reference_joint_speed_arms: 0.0498
Metrics/motion/error_joint_pos_legs: 0.5776
Metrics/motion/error_joint_vel_legs: 2.0373
Metrics/motion/reference_joint_speed_legs: 0.0037
Metrics/racket_target/racket_pos_error: 0.1133
Metrics/racket_target/racket_vel_error: 1.3649
Metrics/racket_target/time_to_strike: -1.2173
Metrics/racket_target/return_success: 0.0258
Metrics/racket_target/prev_return_success: 0.0078
Metrics/racket_target/prev_net_cross: 0.6378
Metrics/racket_target/current_net_cross: 0.6144
Metrics/racket_target/racket_pos_curriculum_scale: 1.0000
Metrics/racket_target/impact_inverse_command_blend: 0.0000
Metrics/racket_target/steps_since_target_resample: 138.0821
Metrics/racket_target/recovery_height_error: 0.0329
Metrics/racket_target/recovery_upright_error: 0.0912
Metrics/racket_target/recovery_base_lin_vel: 0.1739
Metrics/racket_target/recovery_base_ang_vel: 0.7813
Metrics/racket_target/recovery_station_error: 0.0732
Metrics/racket_target/recovery_feet_contact_frac: 0.9896
Metrics/racket_target/recovery_racket_speed: 1.9615
Metrics/racket_target/recovery_height_score: 0.8870
Metrics/racket_target/recovery_upright_score: 0.8796
Metrics/racket_target/recovery_lin_vel_score: 0.7994
Metrics/racket_target/recovery_ang_vel_score: 0.4422
Metrics/racket_target/recovery_station_score: 0.8833
Metrics/racket_target/recovery_racket_score: 0.1951
Metrics/racket_target/recovery_arm_score: 0.6907
Metrics/racket_target/recovery_ready_score: 0.7595
Metrics/racket_target/recovery_anchor_arm_score: 1.0000
Metrics/racket_target/recovery_core_ready_score: 0.6893
Metrics/racket_target/recovery_functional_ready_score: 0.6045
Metrics/racket_target/waist_action_overflow_rms: 0.0000
Metrics/racket_target/right_arm_action_overflow_rms: 0.0020
Metrics/racket_target/leg_action_overflow_rms: 0.0065
Metrics/racket_target/operational_margin_fraction: 0.0050
Metrics/racket_target/waist_operational_margin_fraction: 0.0000
Metrics/racket_target/right_arm_operational_margin_fraction: 0.0033
Metrics/racket_target/leg_operational_margin_fraction: 0.0107
Metrics/racket_target/waist_operational_excess_rms: 0.0000
Metrics/racket_target/right_arm_operational_excess_rms: 0.0004
Metrics/racket_target/leg_operational_excess_rms: 0.0044
Metrics/racket_target/q_des_velocity_violation_fraction: 0.0647
Metrics/racket_target/waist_q_des_velocity_violation_fraction: 0.0078
Metrics/racket_target/right_arm_q_des_velocity_violation_fraction: 0.0916
Metrics/racket_target/leg_q_des_velocity_violation_fraction: 0.0887
Metrics/racket_target/q_des_acceleration_violation_fraction: 0.6947
Metrics/racket_target/waist_q_des_acceleration_violation_fraction: 0.5849
Metrics/racket_target/right_arm_q_des_acceleration_violation_fraction: 0.8151
Metrics/racket_target/leg_q_des_acceleration_violation_fraction: 0.7498
Metrics/racket_target/waist_q_des_velocity_rms: 3.3645
Metrics/racket_target/right_arm_q_des_velocity_rms: 7.8100
Metrics/racket_target/leg_q_des_velocity_rms: 6.7076
Metrics/racket_target/waist_q_des_acceleration_rms: 257.5455
Metrics/racket_target/right_arm_q_des_acceleration_rms: 632.5303
Metrics/racket_target/leg_q_des_acceleration_rms: 565.5480
Metrics/racket_target/action_operational_feasibility_score: 0.9462
Metrics/racket_target/actuator_overflow_consecutive_steps: 0.0000
Metrics/racket_target/actuator_overflow_severe: 0.0000
Metrics/racket_target/recovery_phase_gate: 0.9742
Metrics/racket_target/recovery_phase_ready_score: 0.7515
Metrics/racket_target/recovery_contact_ready_score: 0.4976
Metrics/racket_target/recovery_net_ready_score: 0.4912
Metrics/racket_target/recovery_return_ready_score: 0.0226
Metrics/racket_target/cycle_success_ready_score: 0.0000
Metrics/racket_target/cycle_success_soft: 0.0000
Metrics/racket_target/cycle_success_binary: 0.0000
Metrics/racket_target/cycle_v2_pending: 0.0000
Metrics/racket_target/cycle_v2_attempt_latch: 0.0000
Metrics/racket_target/cycle_v2_ready_success_latch: 0.0000
Metrics/racket_target/cycle_v2_ready_fail_latch: 0.0000
Metrics/racket_target/cycle_v2_attempt_event: 0.0000
Metrics/racket_target/cycle_v2_ready_success_event: 0.0000
Metrics/racket_target/cycle_v2_ready_fail_event: 0.0000
Metrics/racket_target/cycle_v2_unresolved_resample_fail_event: 0.0000
Metrics/racket_target/cycle_v2_resolved_event: 0.0000
Metrics/racket_target/cycle_v2_command_visible_steps: 0.0000
Metrics/racket_target/cycle_v2_elapsed_steps: 0.0000
Metrics/racket_target/cycle_v2_ready_score: 0.0000
Metrics/racket_target/cycle_v2_ready_ok: 0.0000
Metrics/racket_target/cycle_v2_visible: 0.0000
Metrics/racket_target/cycle_v2_ready_score_ok: 0.0000
Metrics/racket_target/cycle_v2_height_ok: 0.0000
Metrics/racket_target/cycle_v2_upright_ok: 0.0000
Metrics/racket_target/cycle_v2_base_lin_vel_ok: 0.0000
Metrics/racket_target/cycle_v2_base_ang_vel_ok: 0.0000
Metrics/racket_target/cycle_v2_feet_ok: 0.0000
Metrics/racket_target/cycle_v2_core_ready_ok: 0.0000
Metrics/racket_target/cycle_v2_ready_consecutive_steps: 0.0000
Metrics/racket_target/single_cycle_bootstrap: 0.0000
Metrics/racket_target/single_cycle_swing_completed: 0.0000
Metrics/racket_target/single_cycle_recovery_active: 0.0000
Metrics/racket_target/single_cycle_recovery_elapsed_steps: 0.0000
Metrics/racket_target/single_cycle_ready_consecutive_steps: 0.0000
Metrics/racket_target/single_cycle_safe_timeout_event: 0.0000
Metrics/racket_target/single_cycle_deadline_timeout_event: 0.0000
Metrics/racket_target/single_cycle_timeout_latch: 0.0000
Metrics/racket_target/single_cycle_hard_failure_event: 0.0000
Metrics/racket_target/single_cycle_probability: 0.0000
Metrics/racket_target/single_cycle_curriculum_level: 0.0000
Metrics/racket_target/single_cycle_effective_deadline_steps: 100.0000
Metrics/racket_target/single_cycle_selected_events: 0.0000
Metrics/racket_target/single_cycle_completed_events: 0.0000
Metrics/racket_target/single_cycle_safe_timeout_events: 0.0000
Metrics/racket_target/single_cycle_deadline_timeout_events: 0.0000
Metrics/racket_target/single_cycle_hard_failure_events: 0.0000
Metrics/racket_target/active_ready_consecutive_steps: 0.0000
Metrics/racket_target/active_ready_success_event: 0.0000
Metrics/racket_target/active_ready_success_latch: 0.0000
Metrics/racket_target/active_ready_survival_steps: 0.0000
Metrics/racket_target/active_ready_survival_next_milestone: 0.0000
Metrics/racket_target/active_ready_survival_milestone_event: 0.0000
Metrics/racket_target/no_command_ready_active: 0.0078
Metrics/racket_target/no_command_from_stand_episode: 0.0078
Metrics/racket_target/no_command_from_default_stand_reset: 0.0078
Metrics/racket_target/no_command_ready_upright_ok: 0.0078
Metrics/racket_target/no_command_ready_motion_ok: 0.0000
Metrics/racket_target/no_command_ready_score: 0.0026
Metrics/racket_target/no_command_ready_progress: -0.0030
Metrics/racket_target/no_command_ready_station_error: 0.0029
Metrics/racket_target/no_command_ready_fixed_station_error: 0.0029
Metrics/racket_target/healthy_training_stage: 3.0000
Metrics/racket_target/healthy_stage_planted_rehearsal: 0.0000
Metrics/racket_target/healthy_stage_station_hold_seen: 0.0000
Metrics/racket_target/healthy_stage_station_arrived: 0.0000
Metrics/racket_target/healthy_stage_station_settled: 0.0000
Metrics/racket_target/healthy_stage_station_settle_steps: 0.0000
Metrics/racket_target/station_relocation_active: 0.0000
Metrics/racket_target/station_relocation_target_offset_y: 0.0000
Metrics/racket_target/station_relocation_error: 0.0000
Metrics/racket_target/station_relocation_arrival_event: 0.0000
Metrics/racket_target/station_relocation_settle_event: 0.0000
Metrics/racket_target/station_relocation_release_event: 0.0000
Metrics/racket_target/station_relocation_timeout_event: 0.0000
Metrics/racket_target/station_relocation_elapsed_steps: 0.0000
Metrics/racket_target/station_relocation_hold_deadline_steps: 0.0000
Metrics/racket_target/lifecycle_recovery_hold_active: 0.0000
Metrics/racket_target/lifecycle_recovery_release_success_event: 0.0000
Metrics/racket_target/lifecycle_recovery_release_fail_event: 0.0000
Metrics/racket_target/station_relocation_level: 0.0000
Metrics/racket_target/station_relocation_arrival_ema: 0.0000
Metrics/racket_target/station_relocation_settle_ema: 0.0000
Metrics/racket_target/station_relocation_contact_ema: 0.0000
Metrics/racket_target/station_relocation_safety_ema: 0.0000
Metrics/racket_target/station_relocation_resolved_events: 0.0000
Metrics/racket_target/station_relocation_terminal_reset_events: 0.0000
Metrics/racket_target/station_relocation_advance_streak: 0.0000
Metrics/racket_target/station_relocation_regress_streak: 0.0000
Metrics/racket_target/station_relocation_effective_max_lin_vel: 0.0000
Metrics/racket_target/station_relocation_effective_max_ang_vel: 0.0000
Metrics/racket_target/station_relocation_effective_min_settle_steps: 0.0000
Metrics/racket_target/ability_curriculum_level: 0.0000
Metrics/racket_target/ability_curriculum_scale: 1.0000
Metrics/racket_target/ability_curriculum_resolved_events: 3870.1875
Metrics/racket_target/ability_curriculum_total_resolved_events: 3870.1875
Metrics/racket_target/ability_curriculum_advance_streak: 0.0000
Metrics/racket_target/ability_curriculum_regress_streak: 0.0000
Metrics/racket_target/ability_contact_ema: 0.6674
Metrics/racket_target/ability_net_ema: 0.6509
Metrics/racket_target/ability_success_ema: 0.0217
Metrics/racket_target/ability_recovery_ema: 0.8089
Metrics/racket_target/ability_cycle_ema: 0.0217
Metrics/racket_target/ability_cycle_attempt_ema: 0.0217
Metrics/racket_target/ability_cycle_resolved_ema: 0.0217
Metrics/racket_target/ability_forehand_contact_ema: 0.7552
Metrics/racket_target/ability_forehand_net_ema: 0.7417
Metrics/racket_target/ability_forehand_success_ema: 0.0087
Metrics/racket_target/ability_backhand_contact_ema: 0.6243
Metrics/racket_target/ability_backhand_net_ema: 0.6091
Metrics/racket_target/ability_backhand_success_ema: 0.0348
Metrics/racket_target/ability_attempt_ema: 0.9969
Metrics/racket_target/ability_targeted_attempt_ema: 0.9933
Metrics/racket_target/impact_health_floor_progress: 0.0000
Metrics/racket_target/ability_safety_ema: 0.9564
Metrics/racket_target/ability_station_saturation_ema: 0.0000
Metrics/racket_target/ability_healthy_normal_ema: 1.0000
Metrics/racket_target/ability_station_arrival_ema: 0.0000
Metrics/racket_target/ability_station_settle_ema: 0.0000
Metrics/racket_target/safe_outcome_capability_gate: 0.7056
Metrics/racket_target/planner_hit_plane_blend: 1.0000
Metrics/racket_target/planner_hit_plane_x_delta: 0.0372
Metrics/racket_target/true_strike_table_x: 0.2000
Metrics/racket_target/planner_target_table_x: 0.2000
Metrics/racket_target/workspace_level: 0.0000
Metrics/racket_target/workspace_fringe_sample: 0.0000
Metrics/racket_target/workspace_target_lateral_norm: 0.2831
Metrics/racket_target/workspace_target_table_y: -0.2046
Metrics/racket_target/workspace_playable_y_min: -0.7225
Metrics/racket_target/workspace_playable_y_max: 0.7225
Metrics/racket_target/workspace_active_y_lo: -0.2622
Metrics/racket_target/workspace_active_y_hi: -0.1318
Metrics/racket_target/workspace_motion_seed_blend: 0.0000
Metrics/racket_target/planner_perturb_curriculum_scale: 1.0000
Metrics/racket_target/incoming_ball_horizontal_speed: 2.2204
Metrics/racket_target/incoming_ball_speed: 4.6401
Metrics/racket_target/incoming_ball_speed_curriculum_level: 0.0000
Metrics/racket_target/incoming_ball_speed_sample_low: 0.0000
Metrics/racket_target/incoming_ball_speed_sample_high: 0.0000
Metrics/racket_target/station_saturated: 0.0000
Metrics/racket_target/station_raw_clip_excess: 0.0000
Metrics/racket_target/station_saturated_x: 0.0000
Metrics/racket_target/station_saturated_y: 0.0000
Metrics/racket_target/station_raw_clip_excess_x: 0.0000
Metrics/racket_target/station_raw_clip_excess_y: 0.0000
Metrics/racket_target/current_swing_opportunity: 0.9430
Metrics/racket_target/current_swing_attempt: 0.9430
Metrics/racket_target/current_swing_targeted_attempt: 0.9299
Metrics/racket_target/prev_swing_targeted_attempt: 0.9549
Metrics/racket_target/current_swing_unsafe: 0.0375
Metrics/racket_target/current_swing_station_saturated: 0.0000
Metrics/racket_target/impact_health_score: 0.8986
Metrics/racket_target/impact_health_ok: 0.9068
Metrics/racket_target/impact_health_backlean_violation: 0.0080
Metrics/racket_target/impact_health_waist_backfold: 0.0005
Metrics/racket_target/impact_health_base_retreat: 0.0271
Metrics/racket_target/impact_health_torso_gravity_x: 0.3771
Metrics/racket_target/impact_health_torso_ang_vel: 0.4954
Metrics/racket_target/impact_health_com_x: 0.0454
Metrics/racket_target/impact_health_com_y: 0.0248
Metrics/racket_target/post_contact_ready_pending: 0.0000
Metrics/racket_target/post_contact_ready_elapsed_steps: 3.0173
Metrics/racket_target/post_contact_ready_consecutive_steps: 0.0000
Metrics/racket_target/post_contact_ready_diagnostic_pending: 0.0000
Metrics/racket_target/post_contact_ready_diagnostic_elapsed_steps: 23.6449
Metrics/racket_target/post_contact_ready_durable_pending: 0.0000
Metrics/racket_target/post_contact_ready_durable_consecutive_steps: 0.0000
Metrics/racket_target/post_contact_ready_durable_ready_now: 0.0000
Metrics/racket_target/post_contact_ready_durable_success_event: 0.0000
Metrics/racket_target/post_contact_ready_durable_fail_event: 0.0000
Metrics/racket_target/post_contact_ready_durable_resolution_success_rate: 0.2412
Metrics/racket_target/post_contact_ready_durable_resolution_fail_rate: 0.6868
Metrics/racket_target/post_contact_ready_durable_resolution_success_latency_steps: 35.0000
Metrics/racket_target/post_contact_ready_durable_resolution_fail_latency_steps: 33.2320
Metrics/racket_target/post_contact_ready_durable_fail_backlean_rate: 0.0596
Metrics/racket_target/post_contact_ready_durable_fail_forward_lean_rate: 0.8600
Metrics/racket_target/post_contact_ready_durable_fail_torso_ang_vel_rate: 0.0596
Metrics/racket_target/post_contact_ready_durable_fail_base_lin_vel_rate: 0.0610
Metrics/racket_target/post_contact_ready_durable_fail_base_ang_vel_rate: 0.3925
Metrics/racket_target/post_contact_ready_durable_fail_racket_speed_rate: 0.0596
Metrics/racket_target/post_contact_ready_durable_fail_height_rate: 0.0596
Metrics/racket_target/post_contact_ready_durable_fail_com_x_rate: 0.0625
Metrics/racket_target/post_contact_ready_durable_fail_com_y_rate: 0.0596
Metrics/racket_target/post_contact_ready_durable_fail_feet_rate: 0.0596
Metrics/racket_target/post_contact_ready_durable_fail_station_rate: 0.0600
Metrics/racket_target/post_contact_ready_durable_fail_arm_rate: 0.0596
Metrics/racket_target/post_contact_ready_terminal_window_active: 0.0000
Metrics/racket_target/post_contact_ready_terminal_quality: 0.5692
Metrics/racket_target/post_contact_ready_terminal_settlement_event: 0.0000
Metrics/racket_target/post_contact_ready_operational_ready_now: 0.0000
Metrics/racket_target/post_contact_ready_operational_consecutive_steps: 0.0000
Metrics/racket_target/post_contact_ready_safe_settlement_event: 0.0000
Metrics/racket_target/post_contact_ready_unsafe_settlement_event: 0.0000
Metrics/racket_target/post_contact_ready_incomplete_settlement_event: 0.0000
Metrics/racket_target/post_contact_ready_safe_net_cycle_event: 0.0000
Metrics/racket_target/post_contact_ready_terminal_quality_mean: 0.9250
Metrics/racket_target/post_contact_ready_safe_terminal_quality_mean: 0.9330
Metrics/racket_target/post_contact_ready_terminal_safe_rate: 0.7147
Metrics/racket_target/post_contact_ready_terminal_unsafe_rate: 0.0346
Metrics/racket_target/post_contact_ready_terminal_incomplete_rate: 0.2507
Metrics/racket_target/post_contact_ready_safe_net_cycle_rate: 0.6981
Metrics/racket_target/post_contact_ready_score: 0.6920
Metrics/racket_target/post_contact_ready_now: 0.0000
Metrics/racket_target/post_contact_ready_success_event: 0.0000
Metrics/racket_target/post_contact_ready_fail_event: 0.0000
Metrics/racket_target/post_contact_ready_outcome_tier: 0.2624
Metrics/racket_target/post_contact_ready_face_quality: 0.5418
Metrics/racket_target/post_contact_ready_safe_face_net_cycle_value: 0.0000
Metrics/racket_target/post_contact_ready_planner_speed_ratio: 0.5722
Metrics/racket_target/post_contact_ready_planner_direction_error_rad: 0.1554
Metrics/racket_target/post_contact_ready_planner_position_error: 0.0381
Metrics/racket_target/post_contact_ready_impact_health_score: 0.5941
Metrics/racket_target/post_contact_ready_peak_base_ang_vel: 0.8944
Metrics/racket_target/post_contact_ready_peak_ang_vel_excess_increment: 0.0000
Metrics/racket_target/post_contact_ready_envelope_violation_latch: 0.0359
Metrics/racket_target/post_contact_ready_envelope_violation_event: 0.0000
Metrics/racket_target/post_contact_ready_envelope_first_violation_step: -0.3062
Metrics/racket_target/post_contact_ready_envelope_attempts: 4056.2500
Metrics/racket_target/post_contact_ready_envelope_violation_rate: 0.0351
Metrics/racket_target/post_contact_ready_envelope_tilt_violation_rate: 0.0002
Metrics/racket_target/post_contact_ready_envelope_pitch_violation_rate: 0.0002
Metrics/racket_target/post_contact_ready_envelope_com_violation_rate: 0.0010
Metrics/racket_target/post_contact_ready_envelope_waist_violation_rate: 0.0000
Metrics/racket_target/post_contact_ready_envelope_leg_violation_rate: 0.0000
Metrics/racket_target/post_contact_ready_envelope_base_ang_vel_violation_rate: 0.0343
Metrics/racket_target/post_contact_ready_resolution_success_rate: 0.9787
Metrics/racket_target/post_contact_ready_resolution_fail_rate: 0.0111
Metrics/racket_target/post_contact_ready_resolution_success_latency_steps: 4.8688
Metrics/racket_target/post_contact_ready_resolution_fail_latency_steps: 7.7111
Metrics/racket_target/post_contact_ready_max_tilt: 0.1305
Metrics/racket_target/post_contact_ready_max_abs_pitch: 0.1297
Metrics/racket_target/post_contact_ready_max_com_x: 0.0169
Metrics/racket_target/post_contact_ready_max_com_y: 0.0146
Metrics/racket_target/post_contact_ready_max_waist_overflow: 0.0000
Metrics/racket_target/post_contact_ready_max_leg_overflow: 0.0017
Metrics/racket_target/post_contact_ready_settlement_velocity_score_ema: 0.6276
Metrics/racket_target/post_contact_ready_settlement_position_gate_ema: 0.7819
Metrics/racket_target/post_contact_ready_settlement_health_gate_ema: 0.9791
Metrics/racket_target/post_contact_ready_settlement_recovery_gate_ema: 0.4481
Metrics/racket_target/post_contact_ready_settlement_total_score_ema: 0.2133
Metrics/racket_target/post_contact_recovery_backlean_error: 0.0813
Metrics/racket_target/post_contact_recovery_directional_progress: 0.0000
Metrics/racket_target/post_contact_ready_torso_ok: 0.0622
Metrics/racket_target/post_contact_ready_motion_ok: 0.6195
Metrics/racket_target/post_contact_ready_support_ok: 0.9068
Metrics/racket_target/post_contact_ready_arm_ok: 1.0000
Metrics/racket_target/post_contact_ready_base_lin_vel_ok: 0.9068
Metrics/racket_target/post_contact_ready_base_ang_vel_ok: 0.8368
Metrics/racket_target/post_contact_ready_racket_speed_ok: 0.7291
Metrics/racket_target/post_contact_ready_height_ok: 0.9625
Metrics/racket_target/post_contact_ready_com_x_ok: 0.9068
Metrics/racket_target/post_contact_ready_com_y_ok: 0.9805
Metrics/racket_target/post_contact_ready_feet_ok: 0.9961
Metrics/racket_target/post_contact_ready_station_ok: 0.9068
Metrics/racket_target/post_contact_ready_fail_torso: 0.0000
Metrics/racket_target/post_contact_ready_fail_base_lin_vel: 0.0000
Metrics/racket_target/post_contact_ready_fail_base_ang_vel: 0.0000
Metrics/racket_target/post_contact_ready_fail_racket_speed: 0.0000
Metrics/racket_target/post_contact_ready_fail_support: 0.0000
Metrics/racket_target/post_contact_ready_fail_arm: 0.0000
Metrics/racket_target/post_contact_ready_shadow_now: 0.0000
Metrics/racket_target/post_contact_ready_shadow_consecutive_steps: 0.0000
Metrics/racket_target/post_contact_ready_shadow_success_latch: 0.0000
Metrics/racket_target/post_contact_ready_curriculum_level: 0.0000
Metrics/racket_target/post_contact_ready_curriculum_fraction: 1.0000
Metrics/racket_target/post_contact_ready_curriculum_success_ema: 0.0000
Metrics/racket_target/post_contact_ready_curriculum_shadow_success_ema: 0.0000
Metrics/racket_target/post_contact_ready_curriculum_resolved_events: 0.0000
Metrics/racket_target/post_contact_ready_curriculum_successful_events: 0.0000
Metrics/racket_target/post_contact_ready_curriculum_targeted_attempt_ema: 0.0000
Metrics/racket_target/post_contact_ready_curriculum_return_success_ema: 0.0000
Metrics/racket_target/post_contact_ready_curriculum_completed_swings: 0.0000
Metrics/racket_target/post_contact_ready_curriculum_advance_streak: 0.0000
Metrics/racket_target/post_contact_ready_curriculum_advance_guard_ok: 0.0000
Metrics/racket_target/post_contact_ready_effective_max_torso_ang_vel: 1.5000
Metrics/racket_target/post_contact_ready_effective_torso_x_min: -0.1200
Metrics/racket_target/post_contact_ready_effective_torso_x_max: 0.3200
Metrics/racket_target/post_contact_ready_effective_max_base_lin_vel: 0.4500
Metrics/racket_target/post_contact_ready_effective_max_base_ang_vel: 1.3000
Metrics/racket_target/post_contact_ready_effective_max_racket_speed: 3.0000
Metrics/racket_target/post_contact_ready_effective_min_feet_contact: 0.5000
Metrics/racket_target/post_contact_ready_effective_required_consecutive_steps: 3.0000
Metrics/racket_target/post_contact_ready_effective_deadline_steps: 40.0000
Metrics/racket_target/post_contact_ready_curriculum_advance_threshold: 1.0000
Metrics/racket_target/post_contact_ready_curriculum_advance_min_events: 0.0000
Metrics/racket_target/post_contact_ready_curriculum_shadow_threshold: 1.0000
Metrics/racket_target/post_contact_ready_curriculum_min_targeted_attempt_ema: 0.0000
Metrics/racket_target/post_contact_ready_curriculum_min_return_success_ema: 0.0000
Metrics/racket_target/post_contact_ready_curriculum_min_completed_swings: 1.0000
Metrics/racket_target/post_contact_ready_curriculum_required_advance_checks: 1.0000
Metrics/racket_target/racket_normal_error_deg: 61.6400
Metrics/racket_target/impact_normal_error_deg: 11.2098
Metrics/racket_target/impact_racket_vel_error_mps: 0.5905
Metrics/racket_target/impact_racket_speed_ratio: 0.8972
Metrics/racket_target/impact_racket_vel_angle_deg: 14.6307
Metrics/racket_target/impact_racket_actual_vel_x: 0.9046
Metrics/racket_target/impact_racket_actual_vel_y: 0.0012
Metrics/racket_target/impact_racket_actual_vel_z: 1.3791
Metrics/racket_target/impact_racket_target_vel_x: 1.2519
Metrics/racket_target/impact_racket_target_vel_y: -0.0611
Metrics/racket_target/impact_racket_target_vel_z: 1.3909
Metrics/racket_target/impact_ball_out_error_mps: 4.5496
Metrics/racket_target/impact_face_radial_error_m: 0.0562
Metrics/racket_target/impact_face_normal_gap_m: 0.0536
Metrics/racket_target/impact_face_quality: 0.7090
Metrics/racket_target/impact_center_contact: 0.0000
Metrics/racket_target/impact_center_net_cross: 0.0000
Metrics/racket_target/impact_center_on_opponent: 0.0000
Metrics/racket_target/impact_rim_contact: 0.0000
Metrics/racket_target/impact_rim_net_cross: 0.0000
Metrics/racket_target/impact_rim_on_opponent: 0.0000
Metrics/racket_target/impact_analytic_outer_contact: 0.0000
Metrics/racket_target/impact_analytic_outer_net_cross: 0.0000
Metrics/racket_target/impact_analytic_outer_on_opponent: 0.0000
Metrics/racket_target/impact_planner_pos_error_m: 0.0859
Metrics/racket_target/impact_planner_vel_error_mps: 0.5905
Metrics/racket_target/impact_planner_speed_ratio: 0.8972
Metrics/racket_target/impact_planner_vel_angle_deg: 14.6307
Metrics/racket_target/impact_healthy_normal_ok: 0.0000
Metrics/racket_target/impact_healthy_contact: 0.0000
Metrics/racket_target/impact_healthy_net_cross: 0.0000
Metrics/racket_target/impact_healthy_on_opponent: 0.0000
Metrics/racket_target/current_swing_impact_health_score: 0.5941
Metrics/racket_target/current_swing_healthy_contact: 0.6222
Metrics/racket_target/current_swing_healthy_net_cross: 0.6144
Metrics/racket_target/current_swing_healthy_on_opponent: 0.0258
Metrics/racket_target/current_swing_healthy_normal_ok: 0.9352
Metrics/racket_target/current_swing_contact: 0.6222
Metrics/racket_target/current_swing_net_cross: 0.6144
Metrics/racket_target/current_swing_on_opponent: 0.0258
Metrics/racket_target/current_swing_center_contact: 0.4763
Metrics/racket_target/current_swing_center_net_cross: 0.4685
Metrics/racket_target/current_swing_center_on_opponent: 0.0195
Metrics/racket_target/current_swing_rim_contact: 0.1212
Metrics/racket_target/current_swing_rim_net_cross: 0.1212
Metrics/racket_target/current_swing_rim_on_opponent: 0.0063
Metrics/racket_target/current_swing_analytic_outer_contact: 0.0247
Metrics/racket_target/current_swing_analytic_outer_net_cross: 0.0247
Metrics/racket_target/current_swing_analytic_outer_on_opponent: 0.0000
Metrics/racket_target/cycle_v2_outcome_tier: -1.0000
Metrics/racket_target/cycle_v2_streak: 0.0000
Metrics/racket_target/closed_loop_recovery_trigger_event: 0.0000
Metrics/racket_target/closed_loop_cycle_success_event: 0.0000
Metrics/racket_target/closed_loop_durable_cycle_success_event: 0.0000
Metrics/racket_target/closed_loop_phase_id: 1.9599
Metrics/racket_target/closed_loop_phase_ready_no_command: 0.0078
Metrics/racket_target/closed_loop_phase_command_acquire: 0.0401
Metrics/racket_target/closed_loop_phase_pre_strike: 0.9443
Metrics/racket_target/closed_loop_phase_strike: 0.0000
Metrics/racket_target/closed_loop_phase_follow_through: 0.0078
Metrics/racket_target/closed_loop_phase_recovery: 0.0000
Metrics/racket_target/closed_loop_phase_next_ready: 0.0000
Metrics/racket_target/post_contact_phase_impact_0_100ms_attempts: 4056.2500
Metrics/racket_target/post_contact_phase_impact_0_100ms_tilt_gt_0p1_rate: 1.0000
Metrics/racket_target/post_contact_phase_impact_0_100ms_pitch_gt_0p1_rate: 1.0000
Metrics/racket_target/post_contact_phase_impact_0_100ms_waist_overflow_gt_1p0_rate: 0.0000
Metrics/racket_target/post_contact_phase_impact_0_100ms_base_ang_vel_gt_0p8_rate: 0.9894
Metrics/racket_target/post_contact_phase_brake_100_300ms_attempts: 3971.5312
Metrics/racket_target/post_contact_phase_brake_100_300ms_tilt_gt_0p1_rate: 0.9979
Metrics/racket_target/post_contact_phase_brake_100_300ms_pitch_gt_0p1_rate: 0.9962
Metrics/racket_target/post_contact_phase_brake_100_300ms_waist_overflow_gt_1p0_rate: 0.0000
Metrics/racket_target/post_contact_phase_brake_100_300ms_base_ang_vel_gt_0p8_rate: 0.9945
Metrics/racket_target/post_contact_phase_settle_300_600ms_attempts: 3810.0938
Metrics/racket_target/post_contact_phase_settle_300_600ms_tilt_gt_0p1_rate: 0.8302
Metrics/racket_target/post_contact_phase_settle_300_600ms_pitch_gt_0p1_rate: 0.7838
Metrics/racket_target/post_contact_phase_settle_300_600ms_waist_overflow_gt_1p0_rate: 0.0000
Metrics/racket_target/post_contact_phase_settle_300_600ms_base_ang_vel_gt_0p8_rate: 0.9893
Metrics/racket_target/post_contact_phase_ready_after_600ms_attempts: 3571.9062
Metrics/racket_target/post_contact_phase_ready_after_600ms_tilt_gt_0p1_rate: 0.5437
Metrics/racket_target/post_contact_phase_ready_after_600ms_pitch_gt_0p1_rate: 0.4653
Metrics/racket_target/post_contact_phase_ready_after_600ms_waist_overflow_gt_1p0_rate: 0.0000
Metrics/racket_target/post_contact_phase_ready_after_600ms_base_ang_vel_gt_0p8_rate: 0.9445
Metrics/racket_target/base_pitch_like_signed: -0.0209
Metrics/racket_target/base_backward_velocity: 0.0475
Metrics/racket_target/waist_action_rms: 0.3267
Metrics/racket_target/right_arm_action_rms: 2.5954
Metrics/racket_target/leg_action_rms: 0.4200
Metrics/racket_target/action_abs_max: 5.1567
Metrics/racket_target/applied_action_abs_max: 4.7913
Metrics/racket_target/leg_action_abs_max: 0.8237
Metrics/racket_target/effective_action_abs_max: 4.7913
Metrics/racket_target/action_clamp_fraction: 0.0031
Metrics/racket_target/waist_action_clamp_fraction: 0.0000
Metrics/racket_target/right_arm_action_clamp_fraction: 0.0011
Metrics/racket_target/leg_action_clamp_fraction: 0.0071
Metrics/racket_target/waist_q_tracking_error_rms: 0.3393
Metrics/racket_target/right_arm_q_tracking_error_rms: 0.1802
Metrics/racket_target/leg_q_tracking_error_rms: 0.1889
Metrics/racket_target/waist_torque_clip_fraction: 0.0000
Metrics/racket_target/right_arm_torque_clip_fraction: 0.0000
Metrics/racket_target/leg_torque_clip_fraction: 0.0000
Metrics/racket_target/waist_action_delta_rms: 0.1498
Metrics/racket_target/right_arm_action_delta_rms: 0.9274
Metrics/racket_target/leg_action_delta_rms: 0.2605
Metrics/racket_target/waist_joint_vel_rms: 0.6799
Metrics/racket_target/right_arm_joint_vel_rms: 1.6430
Metrics/racket_target/leg_joint_vel_rms: 0.5880
Metrics/racket_target/recovery_leg_action_abs_max: 0.7971
Metrics/racket_target/recovery_leg_action_delta_rms: 0.2497
Metrics/racket_target/recovery_leg_joint_vel_rms: 0.5628
      Episode_Termination/time_out: 4.2188
  Episode_Termination/base_too_low: 0.0312
   Episode_Termination/base_tilted: 0.1250
   Episode_Termination/table_touch: 0.1875
Episode_Termination/persistent_action_overflow: 0.0000
--------------------------------------------------------------------------------
                   Total timesteps: 983040
                    Iteration time: 2.28s
                      Time elapsed: 00:00:34
                               ETA: 00:00:13

################################################################################
                     [1m Learning iteration 1815/1820 [0m                     

                       Computation: 28436 steps/s (collection: 2.290s, learning 0.015s)
             Mean action noise std: 0.45
          Mean value_function loss: 0.0362
               Mean surrogate loss: -0.0000
                 Mean entropy loss: 2.8121
      Mean critic_only_warmup loss: 1.0000
                       Mean reward: 13.97
               Mean episode length: 452.25
 Episode_Reward/undesired_contacts: -0.0000
  Episode_Reward/feet_contact_slip: -0.0022
     Episode_Reward/table_no_touch: -0.0008
              Episode_Reward/alive: 0.0088
            Episode_Reward/upright: -0.0070
          Episode_Reward/imitation: 0.3655
    Episode_Reward/racket_position: 0.0688
Episode_Reward/backhand_racket_position: 0.0330
    Episode_Reward/racket_velocity: 0.0443
Episode_Reward/planner_racket_task_space_crossfade: 0.2793
Episode_Reward/exact_impact_planner_task_space_alignment: 0.0070
    Episode_Reward/blade_direction: 0.0408
Episode_Reward/health_gated_soft_ball_contact: 0.0451
Episode_Reward/health_gated_backhand_soft_ball_contact: 0.0304
Episode_Reward/health_gated_ball_contact: 0.0084
Episode_Reward/healthy_trunk_support: 0.0642
Episode_Reward/targeted_strike_attempt: 0.0102
  Episode_Reward/strike_inactivity: -0.0000
 Episode_Reward/pre_strike_station: 0.0650
    Episode_Reward/recovery_health: 0.0550
Episode_Reward/no_command_ready_stability: 0.0011
Episode_Reward/post_strike_base_ang_vel: 0.0106
Episode_Reward/phase_action_overflow: -0.0001
     Episode_Reward/strike_balance: 0.0261
Episode_Reward/prestrike_station_progress: 0.0155
 Episode_Reward/lower_body_support: 0.0386
Episode_Reward/termination_penalty: -0.0199
Episode_Reward/phase_action_rate_waist: -0.0003
Episode_Reward/phase_action_rate_upper: -0.0061
Episode_Reward/phase_action_rate_legs: -0.0003
        Episode_Reward/joint_limit: -0.0345
Episode_Reward/prestrike_racket_progress: 0.1855
Episode_Reward/near_impact_planner_velocity_progress: 0.0405
Episode_Reward/operational_joint_margin: -0.0064
  Episode_Reward/joint_target_slew: -0.0306
Episode_Reward/actuator_waist_feasibility: -0.0000
Episode_Reward/actuator_right_arm_feasibility: -0.0000
Episode_Reward/actuator_leg_feasibility: -0.0000
Episode_Reward/terminal_quality_window: 0.0013
Episode_Reward/safe_terminal_quality: 0.0024
Episode_Reward/unsafe_terminal_recovery: -0.0000
Episode_Reward/capability_gated_safe_terminal_outcome: 0.0163
    Metrics/motion/error_joint_pos: 2.1597
    Metrics/motion/error_joint_vel: 7.5039
     Metrics/motion/error_body_pos: 0.1654
     Metrics/motion/error_body_rot: 0.8251
       Metrics/motion/motion_phase: 0.2690
            Metrics/motion/in_hold: 0.4252
Metrics/motion/motion_start_warmup_prob: 0.8000
Metrics/motion/motion_start_lifecycle_progress: 0.0000
Metrics/motion/motion_start_effective_prestrike_fraction: 1.0000
Metrics/motion/motion_start_effective_recovery_fraction: 0.0000
Metrics/motion/motion_start_effective_rsi_fraction: 0.0000
 Metrics/motion/motion_start_reset: 0.0417
Metrics/motion/motion_start_prestrike_reset: 0.0000
Metrics/motion/motion_start_recovery_reset: 0.0000
Metrics/motion/motion_start_rsi_reset: 0.0000
 Metrics/motion/single_cycle_reset: 0.0000
     Metrics/motion/motion_clip_id: 0.5452
Metrics/motion/motion_supplemental_clip: 0.0000
      Metrics/motion/stand_episode: 0.0297
Metrics/motion/default_stand_reset: 0.0844
Metrics/motion/error_body_pos_lower: 0.1768
Metrics/motion/error_body_rot_lower: 0.8811
Metrics/motion/error_body_lin_vel_lower: 0.2422
Metrics/motion/error_body_ang_vel_lower: 1.0560
Metrics/motion/reference_body_lin_speed_lower: 0.0181
Metrics/motion/robot_body_lin_speed_lower: 0.2344
Metrics/motion/error_body_pos_core: 0.0652
Metrics/motion/error_body_rot_core: 0.5429
Metrics/motion/error_body_lin_vel_core: 0.3575
Metrics/motion/error_body_ang_vel_core: 1.4995
Metrics/motion/reference_body_lin_speed_core: 0.0115
Metrics/motion/robot_body_lin_speed_core: 0.3555
Metrics/motion/error_body_pos_upper: 0.1874
Metrics/motion/error_body_rot_upper: 0.8632
Metrics/motion/error_body_lin_vel_upper: 1.1080
Metrics/motion/error_body_ang_vel_upper: 3.5671
Metrics/motion/reference_body_lin_speed_upper: 0.0244
Metrics/motion/robot_body_lin_speed_upper: 1.1059
Metrics/motion/error_joint_pos_waist: 0.6713
Metrics/motion/error_joint_vel_waist: 1.8420
Metrics/motion/reference_joint_speed_waist: 0.0236
Metrics/motion/error_joint_pos_arms: 1.8897
Metrics/motion/error_joint_vel_arms: 6.5040
Metrics/motion/reference_joint_speed_arms: 0.0642
Metrics/motion/error_joint_pos_legs: 0.7152
Metrics/motion/error_joint_vel_legs: 2.7570
Metrics/motion/reference_joint_speed_legs: 0.0047
Metrics/racket_target/racket_pos_error: 0.1131
Metrics/racket_target/racket_vel_error: 1.2909
Metrics/racket_target/time_to_strike: 0.4578
Metrics/racket_target/return_success: 0.0188
Metrics/racket_target/prev_return_success: 0.0396
Metrics/racket_target/prev_net_cross: 0.5867
Metrics/racket_target/current_net_cross: 0.1167
Metrics/racket_target/racket_pos_curriculum_scale: 1.0000
Metrics/racket_target/impact_inverse_command_blend: 0.0000
Metrics/racket_target/steps_since_target_resample: 57.6561
Metrics/racket_target/recovery_height_error: 0.0527
Metrics/racket_target/recovery_upright_error: 0.1407
Metrics/racket_target/recovery_base_lin_vel: 0.3059
Metrics/racket_target/recovery_base_ang_vel: 1.1129
Metrics/racket_target/recovery_station_error: 0.1149
Metrics/racket_target/recovery_feet_contact_frac: 0.9688
Metrics/racket_target/recovery_racket_speed: 2.4110
Metrics/racket_target/recovery_height_score: 0.8121
Metrics/racket_target/recovery_upright_score: 0.7901
Metrics/racket_target/recovery_lin_vel_score: 0.5756
Metrics/racket_target/recovery_ang_vel_score: 0.3099
Metrics/racket_target/recovery_station_score: 0.8016
Metrics/racket_target/recovery_racket_score: 0.0281
Metrics/racket_target/recovery_arm_score: 0.4506
Metrics/racket_target/recovery_ready_score: 0.6421
Metrics/racket_target/recovery_anchor_arm_score: 1.0000
Metrics/racket_target/recovery_core_ready_score: 0.5412
Metrics/racket_target/recovery_functional_ready_score: 0.4570
Metrics/racket_target/waist_action_overflow_rms: 0.0051
Metrics/racket_target/right_arm_action_overflow_rms: 0.0112
Metrics/racket_target/leg_action_overflow_rms: 0.0133
Metrics/racket_target/operational_margin_fraction: 0.0099
Metrics/racket_target/waist_operational_margin_fraction: 0.0021
Metrics/racket_target/right_arm_operational_margin_fraction: 0.0074
Metrics/racket_target/leg_operational_margin_fraction: 0.0194
Metrics/racket_target/waist_operational_excess_rms: 0.0021
Metrics/racket_target/right_arm_operational_excess_rms: 0.0017
Metrics/racket_target/leg_operational_excess_rms: 0.0082
Metrics/racket_target/q_des_velocity_violation_fraction: 0.1104
Metrics/racket_target/waist_q_des_velocity_violation_fraction: 0.0290
Metrics/racket_target/right_arm_q_des_velocity_violation_fraction: 0.1426
Metrics/racket_target/leg_q_des_velocity_violation_fraction: 0.1300
Metrics/racket_target/q_des_acceleration_violation_fraction: 0.7039
Metrics/racket_target/waist_q_des_acceleration_violation_fraction: 0.5832
Metrics/racket_target/right_arm_q_des_acceleration_violation_fraction: 0.8202
Metrics/racket_target/leg_q_des_acceleration_violation_fraction: 0.7664
Metrics/racket_target/waist_q_des_velocity_rms: 4.2566
Metrics/racket_target/right_arm_q_des_velocity_rms: 9.0574
Metrics/racket_target/leg_q_des_velocity_rms: 7.8624
Metrics/racket_target/waist_q_des_acceleration_rms: 319.5977
Metrics/racket_target/right_arm_q_des_acceleration_rms: 761.2827
Metrics/racket_target/leg_q_des_acceleration_rms: 639.6731
Metrics/racket_target/action_operational_feasibility_score: 0.8959
Metrics/racket_target/actuator_overflow_consecutive_steps: 0.0000
Metrics/racket_target/actuator_overflow_severe: 0.0000
Metrics/racket_target/recovery_phase_gate: 0.8687
Metrics/racket_target/recovery_phase_ready_score: 0.5852
Metrics/racket_target/recovery_contact_ready_score: 0.0882
Metrics/racket_target/recovery_net_ready_score: 0.0792
Metrics/racket_target/recovery_return_ready_score: 0.0000
Metrics/racket_target/cycle_success_ready_score: 0.0126
Metrics/racket_target/cycle_success_soft: 0.0055
Metrics/racket_target/cycle_success_binary: 0.0000
Metrics/racket_target/cycle_v2_pending: 0.0000
Metrics/racket_target/cycle_v2_attempt_latch: 0.0000
Metrics/racket_target/cycle_v2_ready_success_latch: 0.0000
Metrics/racket_target/cycle_v2_ready_fail_latch: 0.0000
Metrics/racket_target/cycle_v2_attempt_event: 0.0000
Metrics/racket_target/cycle_v2_ready_success_event: 0.0000
Metrics/racket_target/cycle_v2_ready_fail_event: 0.0000
Metrics/racket_target/cycle_v2_unresolved_resample_fail_event: 0.0000
Metrics/racket_target/cycle_v2_resolved_event: 0.0000
Metrics/racket_target/cycle_v2_command_visible_steps: 0.0000
Metrics/racket_target/cycle_v2_elapsed_steps: 0.0000
Metrics/racket_target/cycle_v2_ready_score: 0.0000
Metrics/racket_target/cycle_v2_ready_ok: 0.0000
Metrics/racket_target/cycle_v2_visible: 0.0000
Metrics/racket_target/cycle_v2_ready_score_ok: 0.0000
Metrics/racket_target/cycle_v2_height_ok: 0.0000
Metrics/racket_target/cycle_v2_upright_ok: 0.0000
Metrics/racket_target/cycle_v2_base_lin_vel_ok: 0.0000
Metrics/racket_target/cycle_v2_base_ang_vel_ok: 0.0000
Metrics/racket_target/cycle_v2_feet_ok: 0.0000
Metrics/racket_target/cycle_v2_core_ready_ok: 0.0000
Metrics/racket_target/cycle_v2_ready_consecutive_steps: 0.0000
Metrics/racket_target/single_cycle_bootstrap: 0.0000
Metrics/racket_target/single_cycle_swing_completed: 0.0000
Metrics/racket_target/single_cycle_recovery_active: 0.0000
Metrics/racket_target/single_cycle_recovery_elapsed_steps: 0.0000
Metrics/racket_target/single_cycle_ready_consecutive_steps: 0.0000
Metrics/racket_target/single_cycle_safe_timeout_event: 0.0000
Metrics/racket_target/single_cycle_deadline_timeout_event: 0.0000
Metrics/racket_target/single_cycle_timeout_latch: 0.0000
Metrics/racket_target/single_cycle_hard_failure_event: 0.0000
Metrics/racket_target/single_cycle_probability: 0.0000
Metrics/racket_target/single_cycle_curriculum_level: 0.0000
Metrics/racket_target/single_cycle_effective_deadline_steps: 100.0000
Metrics/racket_target/single_cycle_selected_events: 0.0000
Metrics/racket_target/single_cycle_completed_events: 0.0000
Metrics/racket_target/single_cycle_safe_timeout_events: 0.0000
Metrics/racket_target/single_cycle_deadline_timeout_events: 0.0000
Metrics/racket_target/single_cycle_hard_failure_events: 0.0000
Metrics/racket_target/active_ready_consecutive_steps: 0.0000
Metrics/racket_target/active_ready_success_event: 0.0000
Metrics/racket_target/active_ready_success_latch: 0.0000
Metrics/racket_target/active_ready_survival_steps: 0.0000
Metrics/racket_target/active_ready_survival_next_milestone: 0.0000
Metrics/racket_target/active_ready_survival_milestone_event: 0.0000
Metrics/racket_target/no_command_ready_active: 0.0505
Metrics/racket_target/no_command_from_stand_episode: 0.0297
Metrics/racket_target/no_command_from_default_stand_reset: 0.0297
Metrics/racket_target/no_command_ready_upright_ok: 0.0286
Metrics/racket_target/no_command_ready_motion_ok: 0.0000
Metrics/racket_target/no_command_ready_score: 0.0225
Metrics/racket_target/no_command_ready_progress: -0.0108
Metrics/racket_target/no_command_ready_station_error: 0.0099
Metrics/racket_target/no_command_ready_fixed_station_error: 0.0099
Metrics/racket_target/healthy_training_stage: 3.0000
Metrics/racket_target/healthy_stage_planted_rehearsal: 0.0000
Metrics/racket_target/healthy_stage_station_hold_seen: 0.0000
Metrics/racket_target/healthy_stage_station_arrived: 0.0000
Metrics/racket_target/healthy_stage_station_settled: 0.0000
Metrics/racket_target/healthy_stage_station_settle_steps: 0.0000
Metrics/racket_target/station_relocation_active: 0.0000
Metrics/racket_target/station_relocation_target_offset_y: 0.0000
Metrics/racket_target/station_relocation_error: 0.0000
Metrics/racket_target/station_relocation_arrival_event: 0.0000
Metrics/racket_target/station_relocation_settle_event: 0.0000
Metrics/racket_target/station_relocation_release_event: 0.0000
Metrics/racket_target/station_relocation_timeout_event: 0.0000
Metrics/racket_target/station_relocation_elapsed_steps: 0.0000
Metrics/racket_target/station_relocation_hold_deadline_steps: 0.0000
Metrics/racket_target/lifecycle_recovery_hold_active: 0.0000
Metrics/racket_target/lifecycle_recovery_release_success_event: 0.0000
Metrics/racket_target/lifecycle_recovery_release_fail_event: 0.0000
Metrics/racket_target/station_relocation_level: 0.0000
Metrics/racket_target/station_relocation_arrival_ema: 0.0000
Metrics/racket_target/station_relocation_settle_ema: 0.0000
Metrics/racket_target/station_relocation_contact_ema: 0.0000
Metrics/racket_target/station_relocation_safety_ema: 0.0000
Metrics/racket_target/station_relocation_resolved_events: 0.0000
Metrics/racket_target/station_relocation_terminal_reset_events: 0.0000
Metrics/racket_target/station_relocation_advance_streak: 0.0000
Metrics/racket_target/station_relocation_regress_streak: 0.0000
Metrics/racket_target/station_relocation_effective_max_lin_vel: 0.0000
Metrics/racket_target/station_relocation_effective_max_ang_vel: 0.0000
Metrics/racket_target/station_relocation_effective_min_settle_steps: 0.0000
Metrics/racket_target/ability_curriculum_level: 0.0000
Metrics/racket_target/ability_curriculum_scale: 1.0000
Metrics/racket_target/ability_curriculum_resolved_events: 883.2500
Metrics/racket_target/ability_curriculum_total_resolved_events: 4211.2500
Metrics/racket_target/ability_curriculum_advance_streak: 0.0000
Metrics/racket_target/ability_curriculum_regress_streak: 0.0000
Metrics/racket_target/ability_contact_ema: 0.6756
Metrics/racket_target/ability_net_ema: 0.6441
Metrics/racket_target/ability_success_ema: 0.0215
Metrics/racket_target/ability_recovery_ema: 0.8094
Metrics/racket_target/ability_cycle_ema: 0.0215
Metrics/racket_target/ability_cycle_attempt_ema: 0.0215
Metrics/racket_target/ability_cycle_resolved_ema: 0.0215
Metrics/racket_target/ability_forehand_contact_ema: 0.7817
Metrics/racket_target/ability_forehand_net_ema: 0.7528
Metrics/racket_target/ability_forehand_success_ema: 0.0146
Metrics/racket_target/ability_backhand_contact_ema: 0.6082
Metrics/racket_target/ability_backhand_net_ema: 0.5780
Metrics/racket_target/ability_backhand_success_ema: 0.0257
Metrics/racket_target/ability_attempt_ema: 0.9997
Metrics/racket_target/ability_targeted_attempt_ema: 0.9985
Metrics/racket_target/impact_health_floor_progress: 0.0000
Metrics/racket_target/ability_safety_ema: 0.9439
Metrics/racket_target/ability_station_saturation_ema: 0.0000
Metrics/racket_target/ability_healthy_normal_ema: 1.0000
Metrics/racket_target/ability_station_arrival_ema: 0.0000
Metrics/racket_target/ability_station_settle_ema: 0.0000
Metrics/racket_target/safe_outcome_capability_gate: 0.5647
Metrics/racket_target/planner_hit_plane_blend: 1.0000
Metrics/racket_target/planner_hit_plane_x_delta: 0.0363
Metrics/racket_target/true_strike_table_x: 0.2000
Metrics/racket_target/planner_target_table_x: 0.2000
Metrics/racket_target/workspace_level: 0.0000
Metrics/racket_target/workspace_fringe_sample: 0.0000
Metrics/racket_target/workspace_target_lateral_norm: 0.3242
Metrics/racket_target/workspace_target_table_y: -0.2342
Metrics/racket_target/workspace_playable_y_min: -0.7225
Metrics/racket_target/workspace_playable_y_max: 0.7225
Metrics/racket_target/workspace_active_y_lo: -0.2990
Metrics/racket_target/workspace_active_y_hi: -0.1659
Metrics/racket_target/workspace_motion_seed_blend: 0.0000
Metrics/racket_target/planner_perturb_curriculum_scale: 1.0000
Metrics/racket_target/incoming_ball_horizontal_speed: 2.2333
Metrics/racket_target/incoming_ball_speed: 4.6627
Metrics/racket_target/incoming_ball_speed_curriculum_level: 0.0000
Metrics/racket_target/incoming_ball_speed_sample_low: 0.0000
Metrics/racket_target/incoming_ball_speed_sample_high: 0.0000
Metrics/racket_target/station_saturated: 0.0000
Metrics/racket_target/station_raw_clip_excess: 0.0000
Metrics/racket_target/station_saturated_x: 0.0000
Metrics/racket_target/station_saturated_y: 0.0000
Metrics/racket_target/station_raw_clip_excess_x: 0.0000
Metrics/racket_target/station_raw_clip_excess_y: 0.0000
Metrics/racket_target/current_swing_opportunity: 0.2823
Metrics/racket_target/current_swing_attempt: 0.2823
Metrics/racket_target/current_swing_targeted_attempt: 0.2745
Metrics/racket_target/prev_swing_targeted_attempt: 0.8687
Metrics/racket_target/current_swing_unsafe: 0.0802
Metrics/racket_target/current_swing_station_saturated: 0.0000
Metrics/racket_target/impact_health_score: 0.8156
Metrics/racket_target/impact_health_ok: 0.8068
Metrics/racket_target/impact_health_backlean_violation: 0.0124
Metrics/racket_target/impact_health_waist_backfold: 0.0011
Metrics/racket_target/impact_health_base_retreat: 0.0279
Metrics/racket_target/impact_health_torso_gravity_x: 0.3652
Metrics/racket_target/impact_health_torso_ang_vel: 0.7487
Metrics/racket_target/impact_health_com_x: 0.0689
Metrics/racket_target/impact_health_com_y: 0.0427
Metrics/racket_target/post_contact_ready_pending: 0.0000
Metrics/racket_target/post_contact_ready_elapsed_steps: 0.7651
Metrics/racket_target/post_contact_ready_consecutive_steps: 0.0000
Metrics/racket_target/post_contact_ready_diagnostic_pending: 0.0000
Metrics/racket_target/post_contact_ready_diagnostic_elapsed_steps: 4.8688
Metrics/racket_target/post_contact_ready_durable_pending: 0.0000
Metrics/racket_target/post_contact_ready_durable_consecutive_steps: 0.0000
Metrics/racket_target/post_contact_ready_durable_ready_now: 0.0000
Metrics/racket_target/post_contact_ready_durable_success_event: 0.0000
Metrics/racket_target/post_contact_ready_durable_fail_event: 0.0000
Metrics/racket_target/post_contact_ready_durable_resolution_success_rate: 0.2455
Metrics/racket_target/post_contact_ready_durable_resolution_fail_rate: 0.6883
Metrics/racket_target/post_contact_ready_durable_resolution_success_latency_steps: 35.0000
Metrics/racket_target/post_contact_ready_durable_resolution_fail_latency_steps: 33.3422
Metrics/racket_target/post_contact_ready_durable_fail_backlean_rate: 0.0559
Metrics/racket_target/post_contact_ready_durable_fail_forward_lean_rate: 0.8581
Metrics/racket_target/post_contact_ready_durable_fail_torso_ang_vel_rate: 0.0559
Metrics/racket_target/post_contact_ready_durable_fail_base_lin_vel_rate: 0.0574
Metrics/racket_target/post_contact_ready_durable_fail_base_ang_vel_rate: 0.3920
Metrics/racket_target/post_contact_ready_durable_fail_racket_speed_rate: 0.0559
Metrics/racket_target/post_contact_ready_durable_fail_height_rate: 0.0559
Metrics/racket_target/post_contact_ready_durable_fail_com_x_rate: 0.0587
Metrics/racket_target/post_contact_ready_durable_fail_com_y_rate: 0.0559
Metrics/racket_target/post_contact_ready_durable_fail_feet_rate: 0.0559
Metrics/racket_target/post_contact_ready_durable_fail_station_rate: 0.0562
Metrics/racket_target/post_contact_ready_durable_fail_arm_rate: 0.0559
Metrics/racket_target/post_contact_ready_terminal_window_active: 0.0000
Metrics/racket_target/post_contact_ready_terminal_quality: 0.0811
Metrics/racket_target/post_contact_ready_terminal_settlement_event: 0.0000
Metrics/racket_target/post_contact_ready_operational_ready_now: 0.0000
Metrics/racket_target/post_contact_ready_operational_consecutive_steps: 0.0000
Metrics/racket_target/post_contact_ready_safe_settlement_event: 0.0000
Metrics/racket_target/post_contact_ready_unsafe_settlement_event: 0.0000
Metrics/racket_target/post_contact_ready_incomplete_settlement_event: 0.0000
Metrics/racket_target/post_contact_ready_safe_net_cycle_event: 0.0000
Metrics/racket_target/post_contact_ready_terminal_quality_mean: 0.9252
Metrics/racket_target/post_contact_ready_safe_terminal_quality_mean: 0.9333
Metrics/racket_target/post_contact_ready_terminal_safe_rate: 0.7134
Metrics/racket_target/post_contact_ready_terminal_unsafe_rate: 0.0360
Metrics/racket_target/post_contact_ready_terminal_incomplete_rate: 0.2506
Metrics/racket_target/post_contact_ready_safe_net_cycle_rate: 0.6961
Metrics/racket_target/post_contact_ready_score: 0.6055
Metrics/racket_target/post_contact_ready_now: 0.0000
Metrics/racket_target/post_contact_ready_success_event: 0.0000
Metrics/racket_target/post_contact_ready_fail_event: 0.0000
Metrics/racket_target/post_contact_ready_outcome_tier: -0.7552
Metrics/racket_target/post_contact_ready_face_quality: 0.0944
Metrics/racket_target/post_contact_ready_safe_face_net_cycle_value: 0.0000
Metrics/racket_target/post_contact_ready_planner_speed_ratio: 0.0993
Metrics/racket_target/post_contact_ready_planner_direction_error_rad: 0.0305
Metrics/racket_target/post_contact_ready_planner_position_error: 0.0065
Metrics/racket_target/post_contact_ready_impact_health_score: 0.0953
Metrics/racket_target/post_contact_ready_peak_base_ang_vel: 0.1470
Metrics/racket_target/post_contact_ready_peak_ang_vel_excess_increment: 0.0000
Metrics/racket_target/post_contact_ready_envelope_violation_latch: 0.0115
Metrics/racket_target/post_contact_ready_envelope_violation_event: 0.0000
Metrics/racket_target/post_contact_ready_envelope_first_violation_step: -0.7188
Metrics/racket_target/post_contact_ready_envelope_attempts: 4317.0000
Metrics/racket_target/post_contact_ready_envelope_violation_rate: 0.0349
Metrics/racket_target/post_contact_ready_envelope_tilt_violation_rate: 0.0002
Metrics/racket_target/post_contact_ready_envelope_pitch_violation_rate: 0.0002
Metrics/racket_target/post_contact_ready_envelope_com_violation_rate: 0.0011
Metrics/racket_target/post_contact_ready_envelope_waist_violation_rate: 0.0000
Metrics/racket_target/post_contact_ready_envelope_leg_violation_rate: 0.0000
Metrics/racket_target/post_contact_ready_envelope_base_ang_vel_violation_rate: 0.0340
Metrics/racket_target/post_contact_ready_resolution_success_rate: 0.9800
Metrics/racket_target/post_contact_ready_resolution_fail_rate: 0.0108
Metrics/racket_target/post_contact_ready_resolution_success_latency_steps: 4.8574
Metrics/racket_target/post_contact_ready_resolution_fail_latency_steps: 8.7173
Metrics/racket_target/post_contact_ready_max_tilt: 0.0203
Metrics/racket_target/post_contact_ready_max_abs_pitch: 0.0197
Metrics/racket_target/post_contact_ready_max_com_x: 0.0055
Metrics/racket_target/post_contact_ready_max_com_y: 0.0037
Metrics/racket_target/post_contact_ready_max_waist_overflow: 0.0000
Metrics/racket_target/post_contact_ready_max_leg_overflow: 0.0035
Metrics/racket_target/post_contact_ready_settlement_velocity_score_ema: 0.6379
Metrics/racket_target/post_contact_ready_settlement_position_gate_ema: 0.7865
Metrics/racket_target/post_contact_ready_settlement_health_gate_ema: 0.9793
Metrics/racket_target/post_contact_ready_settlement_recovery_gate_ema: 0.4364
Metrics/racket_target/post_contact_ready_settlement_total_score_ema: 0.2119
Metrics/racket_target/post_contact_recovery_backlean_error: 0.0893
Metrics/racket_target/post_contact_recovery_directional_progress: 0.0000
Metrics/racket_target/post_contact_ready_torso_ok: 0.0448
Metrics/racket_target/post_contact_ready_motion_ok: 0.5317
Metrics/racket_target/post_contact_ready_support_ok: 0.8406
Metrics/racket_target/post_contact_ready_arm_ok: 1.0000
Metrics/racket_target/post_contact_ready_base_lin_vel_ok: 0.8406
Metrics/racket_target/post_contact_ready_base_ang_vel_ok: 0.7426
Metrics/racket_target/post_contact_ready_racket_speed_ok: 0.7229
Metrics/racket_target/post_contact_ready_height_ok: 0.9302
Metrics/racket_target/post_contact_ready_com_x_ok: 0.8469
Metrics/racket_target/post_contact_ready_com_y_ok: 0.9099
Metrics/racket_target/post_contact_ready_feet_ok: 0.9771
Metrics/racket_target/post_contact_ready_station_ok: 0.8469
Metrics/racket_target/post_contact_ready_fail_torso: 0.0000
Metrics/racket_target/post_contact_ready_fail_base_lin_vel: 0.0000
Metrics/racket_target/post_contact_ready_fail_base_ang_vel: 0.0000
Metrics/racket_target/post_contact_ready_fail_racket_speed: 0.0000
Metrics/racket_target/post_contact_ready_fail_support: 0.0000
Metrics/racket_target/post_contact_ready_fail_arm: 0.0000
Metrics/racket_target/post_contact_ready_shadow_now: 0.0000
Metrics/racket_target/post_contact_ready_shadow_consecutive_steps: 0.0000
Metrics/racket_target/post_contact_ready_shadow_success_latch: 0.0000
Metrics/racket_target/post_contact_ready_curriculum_level: 0.0000
Metrics/racket_target/post_contact_ready_curriculum_fraction: 1.0000
Metrics/racket_target/post_contact_ready_curriculum_success_ema: 0.0000
Metrics/racket_target/post_contact_ready_curriculum_shadow_success_ema: 0.0000
Metrics/racket_target/post_contact_ready_curriculum_resolved_events: 0.0000
Metrics/racket_target/post_contact_ready_curriculum_successful_events: 0.0000
Metrics/racket_target/post_contact_ready_curriculum_targeted_attempt_ema: 0.0000
Metrics/racket_target/post_contact_ready_curriculum_return_success_ema: 0.0000
Metrics/racket_target/post_contact_ready_curriculum_completed_swings: 0.0000
Metrics/racket_target/post_contact_ready_curriculum_advance_streak: 0.0000
Metrics/racket_target/post_contact_ready_curriculum_advance_guard_ok: 0.0000
Metrics/racket_target/post_contact_ready_effective_max_torso_ang_vel: 1.5000
Metrics/racket_target/post_contact_ready_effective_torso_x_min: -0.1200
Metrics/racket_target/post_contact_ready_effective_torso_x_max: 0.3200
Metrics/racket_target/post_contact_ready_effective_max_base_lin_vel: 0.4500
Metrics/racket_target/post_contact_ready_effective_max_base_ang_vel: 1.3000
Metrics/racket_target/post_contact_ready_effective_max_racket_speed: 3.0000
Metrics/racket_target/post_contact_ready_effective_min_feet_contact: 0.5000
Metrics/racket_target/post_contact_ready_effective_required_consecutive_steps: 3.0000
Metrics/racket_target/post_contact_ready_effective_deadline_steps: 40.0000
Metrics/racket_target/post_contact_ready_curriculum_advance_threshold: 1.0000
Metrics/racket_target/post_contact_ready_curriculum_advance_min_events: 0.0000
Metrics/racket_target/post_contact_ready_curriculum_shadow_threshold: 1.0000
Metrics/racket_target/post_contact_ready_curriculum_min_targeted_attempt_ema: 0.0000
Metrics/racket_target/post_contact_ready_curriculum_min_return_success_ema: 0.0000
Metrics/racket_target/post_contact_ready_curriculum_min_completed_swings: 1.0000
Metrics/racket_target/post_contact_ready_curriculum_required_advance_checks: 1.0000
Metrics/racket_target/racket_normal_error_deg: 70.6664
Metrics/racket_target/impact_normal_error_deg: 3.7041
Metrics/racket_target/impact_racket_vel_error_mps: 0.5704
Metrics/racket_target/impact_racket_speed_ratio: 0.8770
Metrics/racket_target/impact_racket_vel_angle_deg: 13.3063
Metrics/racket_target/impact_racket_actual_vel_x: 0.8375
Metrics/racket_target/impact_racket_actual_vel_y: 0.0398
Metrics/racket_target/impact_racket_actual_vel_z: 1.3036
Metrics/racket_target/impact_racket_target_vel_x: 1.1367
Metrics/racket_target/impact_racket_target_vel_y: -0.0203
Metrics/racket_target/impact_racket_target_vel_z: 1.2787
Metrics/racket_target/impact_ball_out_error_mps: 4.3675
Metrics/racket_target/impact_face_radial_error_m: 0.0565
Metrics/racket_target/impact_face_normal_gap_m: 0.0519
Metrics/racket_target/impact_face_quality: 0.6843
Metrics/racket_target/impact_center_contact: 0.0000
Metrics/racket_target/impact_center_net_cross: 0.0000
Metrics/racket_target/impact_center_on_opponent: 0.0000
Metrics/racket_target/impact_rim_contact: 0.0000
Metrics/racket_target/impact_rim_net_cross: 0.0000
Metrics/racket_target/impact_rim_on_opponent: 0.0000
Metrics/racket_target/impact_analytic_outer_contact: 0.0000
Metrics/racket_target/impact_analytic_outer_net_cross: 0.0000
Metrics/racket_target/impact_analytic_outer_on_opponent: 0.0000
Metrics/racket_target/impact_planner_pos_error_m: 0.0838
Metrics/racket_target/impact_planner_vel_error_mps: 0.5704
Metrics/racket_target/impact_planner_speed_ratio: 0.8770
Metrics/racket_target/impact_planner_vel_angle_deg: 13.3063
Metrics/racket_target/impact_healthy_normal_ok: 0.0000
Metrics/racket_target/impact_healthy_contact: 0.0000
Metrics/racket_target/impact_healthy_net_cross: 0.0000
Metrics/racket_target/impact_healthy_on_opponent: 0.0000
Metrics/racket_target/current_swing_impact_health_score: 0.0953
Metrics/racket_target/current_swing_healthy_contact: 0.1281
Metrics/racket_target/current_swing_healthy_net_cross: 0.1167
Metrics/racket_target/current_swing_healthy_on_opponent: 0.0000
Metrics/racket_target/current_swing_healthy_normal_ok: 0.2745
Metrics/racket_target/current_swing_contact: 0.1281
Metrics/racket_target/current_swing_net_cross: 0.1167
Metrics/racket_target/current_swing_on_opponent: 0.0000
Metrics/racket_target/current_swing_center_contact: 0.0969
Metrics/racket_target/current_swing_center_net_cross: 0.0854
Metrics/racket_target/current_swing_center_on_opponent: 0.0000
Metrics/racket_target/current_swing_rim_contact: 0.0312
Metrics/racket_target/current_swing_rim_net_cross: 0.0312
Metrics/racket_target/current_swing_rim_on_opponent: 0.0000
Metrics/racket_target/current_swing_analytic_outer_contact: 0.0000
Metrics/racket_target/current_swing_analytic_outer_net_cross: 0.0000
Metrics/racket_target/current_swing_analytic_outer_on_opponent: 0.0000
Metrics/racket_target/cycle_v2_outcome_tier: -1.0000
Metrics/racket_target/cycle_v2_streak: 0.0000
Metrics/racket_target/closed_loop_recovery_trigger_event: 0.0000
Metrics/racket_target/closed_loop_cycle_success_event: 0.0000
Metrics/racket_target/closed_loop_durable_cycle_success_event: 0.0000
Metrics/racket_target/closed_loop_phase_id: 1.2109
Metrics/racket_target/closed_loop_phase_ready_no_command: 0.0505
Metrics/racket_target/closed_loop_phase_command_acquire: 0.6958
Metrics/racket_target/closed_loop_phase_pre_strike: 0.2458
Metrics/racket_target/closed_loop_phase_strike: 0.0078
Metrics/racket_target/closed_loop_phase_follow_through: 0.0000
Metrics/racket_target/closed_loop_phase_recovery: 0.0000
Metrics/racket_target/closed_loop_phase_next_ready: 0.0000
Metrics/racket_target/post_contact_phase_impact_0_100ms_attempts: 4317.0000
Metrics/racket_target/post_contact_phase_impact_0_100ms_tilt_gt_0p1_rate: 1.0000
Metrics/racket_target/post_contact_phase_impact_0_100ms_pitch_gt_0p1_rate: 1.0000
Metrics/racket_target/post_contact_phase_impact_0_100ms_waist_overflow_gt_1p0_rate: 0.0000
Metrics/racket_target/post_contact_phase_impact_0_100ms_base_ang_vel_gt_0p8_rate: 0.9890
Metrics/racket_target/post_contact_phase_brake_100_300ms_attempts: 4235.6250
Metrics/racket_target/post_contact_phase_brake_100_300ms_tilt_gt_0p1_rate: 0.9977
Metrics/racket_target/post_contact_phase_brake_100_300ms_pitch_gt_0p1_rate: 0.9958
Metrics/racket_target/post_contact_phase_brake_100_300ms_waist_overflow_gt_1p0_rate: 0.0000
Metrics/racket_target/post_contact_phase_brake_100_300ms_base_ang_vel_gt_0p8_rate: 0.9948
Metrics/racket_target/post_contact_phase_settle_300_600ms_attempts: 4080.3750
Metrics/racket_target/post_contact_phase_settle_300_600ms_tilt_gt_0p1_rate: 0.8332
Metrics/racket_target/post_contact_phase_settle_300_600ms_pitch_gt_0p1_rate: 0.7874
Metrics/racket_target/post_contact_phase_settle_300_600ms_waist_overflow_gt_1p0_rate: 0.0000
Metrics/racket_target/post_contact_phase_settle_300_600ms_base_ang_vel_gt_0p8_rate: 0.9903
Metrics/racket_target/post_contact_phase_ready_after_600ms_attempts: 3841.7188
Metrics/racket_target/post_contact_phase_ready_after_600ms_tilt_gt_0p1_rate: 0.5475
Metrics/racket_target/post_contact_phase_ready_after_600ms_pitch_gt_0p1_rate: 0.4674
Metrics/racket_target/post_contact_phase_ready_after_600ms_waist_overflow_gt_1p0_rate: 0.0000
Metrics/racket_target/post_contact_phase_ready_after_600ms_base_ang_vel_gt_0p8_rate: 0.9454
Metrics/racket_target/base_pitch_like_signed: 0.0078
Metrics/racket_target/base_backward_velocity: 0.0517
Metrics/racket_target/waist_action_rms: 0.5449
Metrics/racket_target/right_arm_action_rms: 3.4620
Metrics/racket_target/leg_action_rms: 0.5060
Metrics/racket_target/action_abs_max: 6.7568
Metrics/racket_target/applied_action_abs_max: 6.6546
Metrics/racket_target/leg_action_abs_max: 1.0125
Metrics/racket_target/effective_action_abs_max: 6.6528
Metrics/racket_target/action_clamp_fraction: 0.0071
Metrics/racket_target/waist_action_clamp_fraction: 0.0021
Metrics/racket_target/right_arm_action_clamp_fraction: 0.0065
Metrics/racket_target/leg_action_clamp_fraction: 0.0127
Metrics/racket_target/waist_q_tracking_error_rms: 0.3434
Metrics/racket_target/right_arm_q_tracking_error_rms: 0.2219
Metrics/racket_target/leg_q_tracking_error_rms: 0.2047
Metrics/racket_target/waist_torque_clip_fraction: 0.0000
Metrics/racket_target/right_arm_torque_clip_fraction: 0.0033
Metrics/racket_target/leg_torque_clip_fraction: 0.0000
Metrics/racket_target/waist_action_delta_rms: 0.1814
Metrics/racket_target/right_arm_action_delta_rms: 0.9983
Metrics/racket_target/leg_action_delta_rms: 0.2990
Metrics/racket_target/waist_joint_vel_rms: 1.0638
Metrics/racket_target/right_arm_joint_vel_rms: 2.0383
Metrics/racket_target/leg_joint_vel_rms: 0.7951
Metrics/racket_target/recovery_leg_action_abs_max: 0.8218
Metrics/racket_target/recovery_leg_action_delta_rms: 0.2436
Metrics/racket_target/recovery_leg_joint_vel_rms: 0.6096
      Episode_Termination/time_out: 3.2188
  Episode_Termination/base_too_low: 0.0938
   Episode_Termination/base_tilted: 0.2812
   Episode_Termination/table_touch: 0.2188
Episode_Termination/persistent_action_overflow: 0.0000
--------------------------------------------------------------------------------
                   Total timesteps: 1048576
                    Iteration time: 2.30s
                      Time elapsed: 00:00:36
                               ETA: 00:00:11

################################################################################
                     [1m Learning iteration 1816/1820 [0m                     

                       Computation: 28328 steps/s (collection: 2.298s, learning 0.015s)
             Mean action noise std: 0.45
          Mean value_function loss: 0.0320
               Mean surrogate loss: -0.0000
                 Mean entropy loss: 2.8121
      Mean critic_only_warmup loss: 1.0000
                       Mean reward: 14.10
               Mean episode length: 458.69
 Episode_Reward/undesired_contacts: 0.0000
  Episode_Reward/feet_contact_slip: -0.0024
     Episode_Reward/table_no_touch: -0.0007
              Episode_Reward/alive: 0.0093
            Episode_Reward/upright: -0.0073
          Episode_Reward/imitation: 0.3736
    Episode_Reward/racket_position: 0.0698
Episode_Reward/backhand_racket_position: 0.0320
    Episode_Reward/racket_velocity: 0.0452
Episode_Reward/planner_racket_task_space_crossfade: 0.2855
Episode_Reward/exact_impact_planner_task_space_alignment: 0.0068
    Episode_Reward/blade_direction: 0.0417
Episode_Reward/health_gated_soft_ball_contact: 0.0457
Episode_Reward/health_gated_backhand_soft_ball_contact: 0.0296
Episode_Reward/health_gated_ball_contact: 0.0084
Episode_Reward/healthy_trunk_support: 0.0729
Episode_Reward/targeted_strike_attempt: 0.0104
  Episode_Reward/strike_inactivity: -0.0001
 Episode_Reward/pre_strike_station: 0.0706
    Episode_Reward/recovery_health: 0.0590
Episode_Reward/no_command_ready_stability: 0.0021
Episode_Reward/post_strike_base_ang_vel: 0.0110
Episode_Reward/phase_action_overflow: -0.0001
     Episode_Reward/strike_balance: 0.0264
Episode_Reward/prestrike_station_progress: 0.0184
 Episode_Reward/lower_body_support: 0.0393
Episode_Reward/termination_penalty: -0.0147
Episode_Reward/phase_action_rate_waist: -0.0003
Episode_Reward/phase_action_rate_upper: -0.0068
Episode_Reward/phase_action_rate_legs: -0.0003
        Episode_Reward/joint_limit: -0.0371
Episode_Reward/prestrike_racket_progress: 0.1947
Episode_Reward/near_impact_planner_velocity_progress: 0.0411
Episode_Reward/operational_joint_margin: -0.0057
  Episode_Reward/joint_target_slew: -0.0328
Episode_Reward/actuator_waist_feasibility: -0.0000
Episode_Reward/actuator_right_arm_feasibility: -0.0000
Episode_Reward/actuator_leg_feasibility: -0.0000
Episode_Reward/terminal_quality_window: 0.0013
Episode_Reward/safe_terminal_quality: 0.0024
Episode_Reward/unsafe_terminal_recovery: -0.0001
Episode_Reward/capability_gated_safe_terminal_outcome: 0.0169
    Metrics/motion/error_joint_pos: 2.1826
    Metrics/motion/error_joint_vel: 6.6702
     Metrics/motion/error_body_pos: 0.1502
     Metrics/motion/error_body_rot: 0.8355
       Metrics/motion/motion_phase: 0.1530
            Metrics/motion/in_hold: 0.4161
Metrics/motion/motion_start_warmup_prob: 0.8000
Metrics/motion/motion_start_lifecycle_progress: 0.0000
Metrics/motion/motion_start_effective_prestrike_fraction: 1.0000
Metrics/motion/motion_start_effective_recovery_fraction: 0.0000
Metrics/motion/motion_start_effective_rsi_fraction: 0.0000
 Metrics/motion/motion_start_reset: 0.0078
Metrics/motion/motion_start_prestrike_reset: 0.0000
Metrics/motion/motion_start_recovery_reset: 0.0000
Metrics/motion/motion_start_rsi_reset: 0.0000
 Metrics/motion/single_cycle_reset: 0.0000
     Metrics/motion/motion_clip_id: 0.5852
Metrics/motion/motion_supplemental_clip: 0.0000
      Metrics/motion/stand_episode: 0.0312
Metrics/motion/default_stand_reset: 0.0943
Metrics/motion/error_body_pos_lower: 0.1783
Metrics/motion/error_body_rot_lower: 1.0152
Metrics/motion/error_body_lin_vel_lower: 0.2060
Metrics/motion/error_body_ang_vel_lower: 0.9594
Metrics/motion/reference_body_lin_speed_lower: 0.0286
Metrics/motion/robot_body_lin_speed_lower: 0.1941
Metrics/motion/error_body_pos_core: 0.0585
Metrics/motion/error_body_rot_core: 0.5604
Metrics/motion/error_body_lin_vel_core: 0.3173
Metrics/motion/error_body_ang_vel_core: 1.3252
Metrics/motion/reference_body_lin_speed_core: 0.0156
Metrics/motion/robot_body_lin_speed_core: 0.3161
Metrics/motion/error_body_pos_upper: 0.1526
Metrics/motion/error_body_rot_upper: 0.7475
Metrics/motion/error_body_lin_vel_upper: 0.9413
Metrics/motion/error_body_ang_vel_upper: 3.1366
Metrics/motion/reference_body_lin_speed_upper: 0.0255
Metrics/motion/robot_body_lin_speed_upper: 0.9366
Metrics/motion/error_joint_pos_waist: 0.7976
Metrics/motion/error_joint_vel_waist: 1.6595
Metrics/motion/reference_joint_speed_waist: 0.0346
Metrics/motion/error_joint_pos_arms: 1.8701
Metrics/motion/error_joint_vel_arms: 5.6881
Metrics/motion/reference_joint_speed_arms: 0.0730
Metrics/motion/error_joint_pos_legs: 0.7268
Metrics/motion/error_joint_vel_legs: 2.6957
Metrics/motion/reference_joint_speed_legs: 0.0073
Metrics/racket_target/racket_pos_error: 0.1277
Metrics/racket_target/racket_vel_error: 1.3262
Metrics/racket_target/time_to_strike: 0.8104
Metrics/racket_target/return_success: 0.0312
Metrics/racket_target/prev_return_success: 0.0234
Metrics/racket_target/prev_net_cross: 0.5191
Metrics/racket_target/current_net_cross: 0.0490
Metrics/racket_target/racket_pos_curriculum_scale: 1.0000
Metrics/racket_target/impact_inverse_command_blend: 0.0000
Metrics/racket_target/steps_since_target_resample: 51.2592
Metrics/racket_target/recovery_height_error: 0.0446
Metrics/racket_target/recovery_upright_error: 0.1488
Metrics/racket_target/recovery_base_lin_vel: 0.2708
Metrics/racket_target/recovery_base_ang_vel: 1.0717
Metrics/racket_target/recovery_station_error: 0.1093
Metrics/racket_target/recovery_feet_contact_frac: 0.9550
Metrics/racket_target/recovery_racket_speed: 2.2127
Metrics/racket_target/recovery_height_score: 0.8261
Metrics/racket_target/recovery_upright_score: 0.7815
Metrics/racket_target/recovery_lin_vel_score: 0.5957
Metrics/racket_target/recovery_ang_vel_score: 0.2911
Metrics/racket_target/recovery_station_score: 0.8289
Metrics/racket_target/recovery_racket_score: 0.0754
Metrics/racket_target/recovery_arm_score: 0.5038
Metrics/racket_target/recovery_ready_score: 0.6504
Metrics/racket_target/recovery_anchor_arm_score: 1.0000
Metrics/racket_target/recovery_core_ready_score: 0.5148
Metrics/racket_target/recovery_functional_ready_score: 0.4377
Metrics/racket_target/waist_action_overflow_rms: 0.0000
Metrics/racket_target/right_arm_action_overflow_rms: 0.0000
Metrics/racket_target/leg_action_overflow_rms: 0.0089
Metrics/racket_target/operational_margin_fraction: 0.0067
Metrics/racket_target/waist_operational_margin_fraction: 0.0000
Metrics/racket_target/right_arm_operational_margin_fraction: 0.0011
Metrics/racket_target/leg_operational_margin_fraction: 0.0168
Metrics/racket_target/waist_operational_excess_rms: 0.0000
Metrics/racket_target/right_arm_operational_excess_rms: 0.0001
Metrics/racket_target/leg_operational_excess_rms: 0.0060
Metrics/racket_target/q_des_velocity_violation_fraction: 0.0950
Metrics/racket_target/waist_q_des_velocity_violation_fraction: 0.0287
Metrics/racket_target/right_arm_q_des_velocity_violation_fraction: 0.1180
Metrics/racket_target/leg_q_des_velocity_violation_fraction: 0.1299
Metrics/racket_target/q_des_acceleration_violation_fraction: 0.7053
Metrics/racket_target/waist_q_des_acceleration_violation_fraction: 0.6000
Metrics/racket_target/right_arm_q_des_acceleration_violation_fraction: 0.8335
Metrics/racket_target/leg_q_des_acceleration_violation_fraction: 0.7523
Metrics/racket_target/waist_q_des_velocity_rms: 4.0683
Metrics/racket_target/right_arm_q_des_velocity_rms: 8.6627
Metrics/racket_target/leg_q_des_velocity_rms: 7.6268
Metrics/racket_target/waist_q_des_acceleration_rms: 326.0043
Metrics/racket_target/right_arm_q_des_acceleration_rms: 759.3245
Metrics/racket_target/leg_q_des_acceleration_rms: 638.8679
Metrics/racket_target/action_operational_feasibility_score: 0.9240
Metrics/racket_target/actuator_overflow_consecutive_steps: 0.0000
Metrics/racket_target/actuator_overflow_severe: 0.0000
Metrics/racket_target/recovery_phase_gate: 0.7345
Metrics/racket_target/recovery_phase_ready_score: 0.4529
Metrics/racket_target/recovery_contact_ready_score: 0.0341
Metrics/racket_target/recovery_net_ready_score: 0.0333
Metrics/racket_target/recovery_return_ready_score: 0.0118
Metrics/racket_target/cycle_success_ready_score: 0.0036
Metrics/racket_target/cycle_success_soft: 0.0018
Metrics/racket_target/cycle_success_binary: 0.0000
Metrics/racket_target/cycle_v2_pending: 0.0000
Metrics/racket_target/cycle_v2_attempt_latch: 0.0000
Metrics/racket_target/cycle_v2_ready_success_latch: 0.0000
Metrics/racket_target/cycle_v2_ready_fail_latch: 0.0000
Metrics/racket_target/cycle_v2_attempt_event: 0.0000
Metrics/racket_target/cycle_v2_ready_success_event: 0.0000
Metrics/racket_target/cycle_v2_ready_fail_event: 0.0000
Metrics/racket_target/cycle_v2_unresolved_resample_fail_event: 0.0000
Metrics/racket_target/cycle_v2_resolved_event: 0.0000
Metrics/racket_target/cycle_v2_command_visible_steps: 0.0000
Metrics/racket_target/cycle_v2_elapsed_steps: 0.0000
Metrics/racket_target/cycle_v2_ready_score: 0.0000
Metrics/racket_target/cycle_v2_ready_ok: 0.0000
Metrics/racket_target/cycle_v2_visible: 0.0000
Metrics/racket_target/cycle_v2_ready_score_ok: 0.0000
Metrics/racket_target/cycle_v2_height_ok: 0.0000
Metrics/racket_target/cycle_v2_upright_ok: 0.0000
Metrics/racket_target/cycle_v2_base_lin_vel_ok: 0.0000
Metrics/racket_target/cycle_v2_base_ang_vel_ok: 0.0000
Metrics/racket_target/cycle_v2_feet_ok: 0.0000
Metrics/racket_target/cycle_v2_core_ready_ok: 0.0000
Metrics/racket_target/cycle_v2_ready_consecutive_steps: 0.0000
Metrics/racket_target/single_cycle_bootstrap: 0.0000
Metrics/racket_target/single_cycle_swing_completed: 0.0000
Metrics/racket_target/single_cycle_recovery_active: 0.0000
Metrics/racket_target/single_cycle_recovery_elapsed_steps: 0.0000
Metrics/racket_target/single_cycle_ready_consecutive_steps: 0.0000
Metrics/racket_target/single_cycle_safe_timeout_event: 0.0000
Metrics/racket_target/single_cycle_deadline_timeout_event: 0.0000
Metrics/racket_target/single_cycle_timeout_latch: 0.0000
Metrics/racket_target/single_cycle_hard_failure_event: 0.0000
Metrics/racket_target/single_cycle_probability: 0.0000
Metrics/racket_target/single_cycle_curriculum_level: 0.0000
Metrics/racket_target/single_cycle_effective_deadline_steps: 100.0000
Metrics/racket_target/single_cycle_selected_events: 0.0000
Metrics/racket_target/single_cycle_completed_events: 0.0000
Metrics/racket_target/single_cycle_safe_timeout_events: 0.0000
Metrics/racket_target/single_cycle_deadline_timeout_events: 0.0000
Metrics/racket_target/single_cycle_hard_failure_events: 0.0000
Metrics/racket_target/active_ready_consecutive_steps: 0.0312
Metrics/racket_target/active_ready_success_event: 0.0000
Metrics/racket_target/active_ready_success_latch: 0.0000
Metrics/racket_target/active_ready_survival_steps: 0.0000
Metrics/racket_target/active_ready_survival_next_milestone: 0.0000
Metrics/racket_target/active_ready_survival_milestone_event: 0.0000
Metrics/racket_target/no_command_ready_active: 0.0425
Metrics/racket_target/no_command_from_stand_episode: 0.0312
Metrics/racket_target/no_command_from_default_stand_reset: 0.0312
Metrics/racket_target/no_command_ready_upright_ok: 0.0425
Metrics/racket_target/no_command_ready_motion_ok: 0.0156
Metrics/racket_target/no_command_ready_score: 0.0264
Metrics/racket_target/no_command_ready_progress: -0.0131
Metrics/racket_target/no_command_ready_station_error: 0.0032
Metrics/racket_target/no_command_ready_fixed_station_error: 0.0032
Metrics/racket_target/healthy_training_stage: 3.0000
Metrics/racket_target/healthy_stage_planted_rehearsal: 0.0000
Metrics/racket_target/healthy_stage_station_hold_seen: 0.0000
Metrics/racket_target/healthy_stage_station_arrived: 0.0000
Metrics/racket_target/healthy_stage_station_settled: 0.0000
Metrics/racket_target/healthy_stage_station_settle_steps: 0.0000
Metrics/racket_target/station_relocation_active: 0.0000
Metrics/racket_target/station_relocation_target_offset_y: 0.0000
Metrics/racket_target/station_relocation_error: 0.0000
Metrics/racket_target/station_relocation_arrival_event: 0.0000
Metrics/racket_target/station_relocation_settle_event: 0.0000
Metrics/racket_target/station_relocation_release_event: 0.0000
Metrics/racket_target/station_relocation_timeout_event: 0.0000
Metrics/racket_target/station_relocation_elapsed_steps: 0.0000
Metrics/racket_target/station_relocation_hold_deadline_steps: 0.0000
Metrics/racket_target/lifecycle_recovery_hold_active: 0.0000
Metrics/racket_target/lifecycle_recovery_release_success_event: 0.0000
Metrics/racket_target/lifecycle_recovery_release_fail_event: 0.0000
Metrics/racket_target/station_relocation_level: 0.0000
Metrics/racket_target/station_relocation_arrival_ema: 0.0000
Metrics/racket_target/station_relocation_settle_ema: 0.0000
Metrics/racket_target/station_relocation_contact_ema: 0.0000
Metrics/racket_target/station_relocation_safety_ema: 0.0000
Metrics/racket_target/station_relocation_resolved_events: 0.0000
Metrics/racket_target/station_relocation_terminal_reset_events: 0.0000
Metrics/racket_target/station_relocation_advance_streak: 0.0000
Metrics/racket_target/station_relocation_regress_streak: 0.0000
Metrics/racket_target/station_relocation_effective_max_lin_vel: 0.0000
Metrics/racket_target/station_relocation_effective_max_ang_vel: 0.0000
Metrics/racket_target/station_relocation_effective_min_settle_steps: 0.0000
Metrics/racket_target/ability_curriculum_level: 0.0000
Metrics/racket_target/ability_curriculum_scale: 1.0000
Metrics/racket_target/ability_curriculum_resolved_events: 480.8125
Metrics/racket_target/ability_curriculum_total_resolved_events: 4576.8125
Metrics/racket_target/ability_curriculum_advance_streak: 0.0000
Metrics/racket_target/ability_curriculum_regress_streak: 0.0000
Metrics/racket_target/ability_contact_ema: 0.6643
Metrics/racket_target/ability_net_ema: 0.6353
Metrics/racket_target/ability_success_ema: 0.0130
Metrics/racket_target/ability_recovery_ema: 0.8060
Metrics/racket_target/ability_cycle_ema: 0.0130
Metrics/racket_target/ability_cycle_attempt_ema: 0.0130
Metrics/racket_target/ability_cycle_resolved_ema: 0.0130
Metrics/racket_target/ability_forehand_contact_ema: 0.7952
Metrics/racket_target/ability_forehand_net_ema: 0.7680
Metrics/racket_target/ability_forehand_success_ema: 0.0213
Metrics/racket_target/ability_backhand_contact_ema: 0.5963
Metrics/racket_target/ability_backhand_net_ema: 0.5687
Metrics/racket_target/ability_backhand_success_ema: 0.0075
Metrics/racket_target/ability_attempt_ema: 1.0000
Metrics/racket_target/ability_targeted_attempt_ema: 0.9956
Metrics/racket_target/impact_health_floor_progress: 0.0000
Metrics/racket_target/ability_safety_ema: 0.9311
Metrics/racket_target/ability_station_saturation_ema: 0.0000
Metrics/racket_target/ability_healthy_normal_ema: 1.0000
Metrics/racket_target/ability_station_arrival_ema: 0.0000
Metrics/racket_target/ability_station_settle_ema: 0.0000
Metrics/racket_target/safe_outcome_capability_gate: 0.3653
Metrics/racket_target/planner_hit_plane_blend: 1.0000
Metrics/racket_target/planner_hit_plane_x_delta: 0.0365
Metrics/racket_target/true_strike_table_x: 0.2000
Metrics/racket_target/planner_target_table_x: 0.2000
Metrics/racket_target/workspace_level: 0.0000
Metrics/racket_target/workspace_fringe_sample: 0.0000
Metrics/racket_target/workspace_target_lateral_norm: 0.3007
Metrics/racket_target/workspace_target_table_y: -0.2173
Metrics/racket_target/workspace_playable_y_min: -0.7225
Metrics/racket_target/workspace_playable_y_max: 0.7225
Metrics/racket_target/workspace_active_y_lo: -0.2901
Metrics/racket_target/workspace_active_y_hi: -0.1576
Metrics/racket_target/workspace_motion_seed_blend: 0.0000
Metrics/racket_target/planner_perturb_curriculum_scale: 1.0000
Metrics/racket_target/incoming_ball_horizontal_speed: 2.2480
Metrics/racket_target/incoming_ball_speed: 4.5783
Metrics/racket_target/incoming_ball_speed_curriculum_level: 0.0000
Metrics/racket_target/incoming_ball_speed_sample_low: 0.0000
Metrics/racket_target/incoming_ball_speed_sample_high: 0.0000
Metrics/racket_target/station_saturated: 0.0000
Metrics/racket_target/station_raw_clip_excess: 0.0000
Metrics/racket_target/station_saturated_x: 0.0000
Metrics/racket_target/station_saturated_y: 0.0000
Metrics/racket_target/station_raw_clip_excess_x: 0.0000
Metrics/racket_target/station_raw_clip_excess_y: 0.0000
Metrics/racket_target/current_swing_opportunity: 0.1639
Metrics/racket_target/current_swing_attempt: 0.1639
Metrics/racket_target/current_swing_targeted_attempt: 0.1290
Metrics/racket_target/prev_swing_targeted_attempt: 0.8979
Metrics/racket_target/current_swing_unsafe: 0.0770
Metrics/racket_target/current_swing_station_saturated: 0.0000
Metrics/racket_target/impact_health_score: 0.8346
Metrics/racket_target/impact_health_ok: 0.8274
Metrics/racket_target/impact_health_backlean_violation: 0.0223
Metrics/racket_target/impact_health_waist_backfold: 0.0034
Metrics/racket_target/impact_health_base_retreat: 0.0447
Metrics/racket_target/impact_health_torso_gravity_x: 0.3272
Metrics/racket_target/impact_health_torso_ang_vel: 0.6217
Metrics/racket_target/impact_health_com_x: 0.0677
Metrics/racket_target/impact_health_com_y: 0.0307
Metrics/racket_target/post_contact_ready_pending: 0.0000
Metrics/racket_target/post_contact_ready_elapsed_steps: 0.3187
Metrics/racket_target/post_contact_ready_consecutive_steps: 0.0000
Metrics/racket_target/post_contact_ready_diagnostic_pending: 0.0000
Metrics/racket_target/post_contact_ready_diagnostic_elapsed_steps: 2.2563
Metrics/racket_target/post_contact_ready_durable_pending: 0.0000
Metrics/racket_target/post_contact_ready_durable_consecutive_steps: 0.0000
Metrics/racket_target/post_contact_ready_durable_ready_now: 0.0000
Metrics/racket_target/post_contact_ready_durable_success_event: 0.0000
Metrics/racket_target/post_contact_ready_durable_fail_event: 0.0000
Metrics/racket_target/post_contact_ready_durable_resolution_success_rate: 0.2501
Metrics/racket_target/post_contact_ready_durable_resolution_fail_rate: 0.6866
Metrics/racket_target/post_contact_ready_durable_resolution_success_latency_steps: 35.0000
Metrics/racket_target/post_contact_ready_durable_resolution_fail_latency_steps: 33.4350
Metrics/racket_target/post_contact_ready_durable_fail_backlean_rate: 0.0528
Metrics/racket_target/post_contact_ready_durable_fail_forward_lean_rate: 0.8572
Metrics/racket_target/post_contact_ready_durable_fail_torso_ang_vel_rate: 0.0528
Metrics/racket_target/post_contact_ready_durable_fail_base_lin_vel_rate: 0.0543
Metrics/racket_target/post_contact_ready_durable_fail_base_ang_vel_rate: 0.3915
Metrics/racket_target/post_contact_ready_durable_fail_racket_speed_rate: 0.0528
Metrics/racket_target/post_contact_ready_durable_fail_height_rate: 0.0528
Metrics/racket_target/post_contact_ready_durable_fail_com_x_rate: 0.0556
Metrics/racket_target/post_contact_ready_durable_fail_com_y_rate: 0.0528
Metrics/racket_target/post_contact_ready_durable_fail_feet_rate: 0.0528
Metrics/racket_target/post_contact_ready_durable_fail_station_rate: 0.0531
Metrics/racket_target/post_contact_ready_durable_fail_arm_rate: 0.0528
Metrics/racket_target/post_contact_ready_terminal_window_active: 0.0000
Metrics/racket_target/post_contact_ready_terminal_quality: 0.0324
Metrics/racket_target/post_contact_ready_terminal_settlement_event: 0.0000
Metrics/racket_target/post_contact_ready_operational_ready_now: 0.0000
Metrics/racket_target/post_contact_ready_operational_consecutive_steps: 0.0000
Metrics/racket_target/post_contact_ready_safe_settlement_event: 0.0000
Metrics/racket_target/post_contact_ready_unsafe_settlement_event: 0.0000
Metrics/racket_target/post_contact_ready_incomplete_settlement_event: 0.0000
Metrics/racket_target/post_contact_ready_safe_net_cycle_event: 0.0000
Metrics/racket_target/post_contact_ready_terminal_quality_mean: 0.9255
Metrics/racket_target/post_contact_ready_safe_terminal_quality_mean: 0.9337
Metrics/racket_target/post_contact_ready_terminal_safe_rate: 0.7138
Metrics/racket_target/post_contact_ready_terminal_unsafe_rate: 0.0354
Metrics/racket_target/post_contact_ready_terminal_incomplete_rate: 0.2507
Metrics/racket_target/post_contact_ready_safe_net_cycle_rate: 0.6961
Metrics/racket_target/post_contact_ready_score: 0.6788
Metrics/racket_target/post_contact_ready_now: 0.0000
Metrics/racket_target/post_contact_ready_success_event: 0.0000
Metrics/racket_target/post_contact_ready_fail_event: 0.0000
Metrics/racket_target/post_contact_ready_outcome_tier: -0.8760
Metrics/racket_target/post_contact_ready_face_quality: 0.0333
Metrics/racket_target/post_contact_ready_safe_face_net_cycle_value: 0.0000
Metrics/racket_target/post_contact_ready_planner_speed_ratio: 0.0368
Metrics/racket_target/post_contact_ready_planner_direction_error_rad: 0.0105
Metrics/racket_target/post_contact_ready_planner_position_error: 0.0028
Metrics/racket_target/post_contact_ready_impact_health_score: 0.0418
Metrics/racket_target/post_contact_ready_peak_base_ang_vel: 0.0716
Metrics/racket_target/post_contact_ready_peak_ang_vel_excess_increment: 0.0000
Metrics/racket_target/post_contact_ready_envelope_violation_latch: 0.0000
Metrics/racket_target/post_contact_ready_envelope_violation_event: 0.0000
Metrics/racket_target/post_contact_ready_envelope_first_violation_step: -1.0000
Metrics/racket_target/post_contact_ready_envelope_attempts: 4583.8750
Metrics/racket_target/post_contact_ready_envelope_violation_rate: 0.0355
Metrics/racket_target/post_contact_ready_envelope_tilt_violation_rate: 0.0002
Metrics/racket_target/post_contact_ready_envelope_pitch_violation_rate: 0.0002
Metrics/racket_target/post_contact_ready_envelope_com_violation_rate: 0.0011
Metrics/racket_target/post_contact_ready_envelope_waist_violation_rate: 0.0000
Metrics/racket_target/post_contact_ready_envelope_leg_violation_rate: 0.0000
Metrics/racket_target/post_contact_ready_envelope_base_ang_vel_violation_rate: 0.0346
Metrics/racket_target/post_contact_ready_resolution_success_rate: 0.9799
Metrics/racket_target/post_contact_ready_resolution_fail_rate: 0.0106
Metrics/racket_target/post_contact_ready_resolution_success_latency_steps: 4.8546
Metrics/racket_target/post_contact_ready_resolution_fail_latency_steps: 9.9608
Metrics/racket_target/post_contact_ready_max_tilt: 0.0077
Metrics/racket_target/post_contact_ready_max_abs_pitch: 0.0076
Metrics/racket_target/post_contact_ready_max_com_x: 0.0035
Metrics/racket_target/post_contact_ready_max_com_y: 0.0023
Metrics/racket_target/post_contact_ready_max_waist_overflow: 0.0000
Metrics/racket_target/post_contact_ready_max_leg_overflow: 0.0020
Metrics/racket_target/post_contact_ready_settlement_velocity_score_ema: 0.6229
Metrics/racket_target/post_contact_ready_settlement_position_gate_ema: 0.7741
Metrics/racket_target/post_contact_ready_settlement_health_gate_ema: 0.9789
Metrics/racket_target/post_contact_ready_settlement_recovery_gate_ema: 0.4493
Metrics/racket_target/post_contact_ready_settlement_total_score_ema: 0.2102
Metrics/racket_target/post_contact_recovery_backlean_error: 0.0767
Metrics/racket_target/post_contact_recovery_directional_progress: 0.0000
Metrics/racket_target/post_contact_ready_torso_ok: 0.0530
Metrics/racket_target/post_contact_ready_motion_ok: 0.5646
Metrics/racket_target/post_contact_ready_support_ok: 0.8829
Metrics/racket_target/post_contact_ready_arm_ok: 1.0000
Metrics/racket_target/post_contact_ready_base_lin_vel_ok: 0.8751
Metrics/racket_target/post_contact_ready_base_ang_vel_ok: 0.7073
Metrics/racket_target/post_contact_ready_racket_speed_ok: 0.7866
Metrics/racket_target/post_contact_ready_height_ok: 0.9327
Metrics/racket_target/post_contact_ready_com_x_ok: 0.8829
Metrics/racket_target/post_contact_ready_com_y_ok: 0.9737
Metrics/racket_target/post_contact_ready_feet_ok: 1.0000
Metrics/racket_target/post_contact_ready_station_ok: 0.8892
Metrics/racket_target/post_contact_ready_fail_torso: 0.0000
Metrics/racket_target/post_contact_ready_fail_base_lin_vel: 0.0000
Metrics/racket_target/post_contact_ready_fail_base_ang_vel: 0.0000
Metrics/racket_target/post_contact_ready_fail_racket_speed: 0.0000
Metrics/racket_target/post_contact_ready_fail_support: 0.0000
Metrics/racket_target/post_contact_ready_fail_arm: 0.0000
Metrics/racket_target/post_contact_ready_shadow_now: 0.0000
Metrics/racket_target/post_contact_ready_shadow_consecutive_steps: 0.0000
Metrics/racket_target/post_contact_ready_shadow_success_latch: 0.0000
Metrics/racket_target/post_contact_ready_curriculum_level: 0.0000
Metrics/racket_target/post_contact_ready_curriculum_fraction: 1.0000
Metrics/racket_target/post_contact_ready_curriculum_success_ema: 0.0000
Metrics/racket_target/post_contact_ready_curriculum_shadow_success_ema: 0.0000
Metrics/racket_target/post_contact_ready_curriculum_resolved_events: 0.0000
Metrics/racket_target/post_contact_ready_curriculum_successful_events: 0.0000
Metrics/racket_target/post_contact_ready_curriculum_targeted_attempt_ema: 0.0000
Metrics/racket_target/post_contact_ready_curriculum_return_success_ema: 0.0000
Metrics/racket_target/post_contact_ready_curriculum_completed_swings: 0.0000
Metrics/racket_target/post_contact_ready_curriculum_advance_streak: 0.0000
Metrics/racket_target/post_contact_ready_curriculum_advance_guard_ok: 0.0000
Metrics/racket_target/post_contact_ready_effective_max_torso_ang_vel: 1.5000
Metrics/racket_target/post_contact_ready_effective_torso_x_min: -0.1200
Metrics/racket_target/post_contact_ready_effective_torso_x_max: 0.3200
Metrics/racket_target/post_contact_ready_effective_max_base_lin_vel: 0.4500
Metrics/racket_target/post_contact_ready_effective_max_base_ang_vel: 1.3000
Metrics/racket_target/post_contact_ready_effective_max_racket_speed: 3.0000
Metrics/racket_target/post_contact_ready_effective_min_feet_contact: 0.5000
Metrics/racket_target/post_contact_ready_effective_required_consecutive_steps: 3.0000
Metrics/racket_target/post_contact_ready_effective_deadline_steps: 40.0000
Metrics/racket_target/post_contact_ready_curriculum_advance_threshold: 1.0000
Metrics/racket_target/post_contact_ready_curriculum_advance_min_events: 0.0000
Metrics/racket_target/post_contact_ready_curriculum_shadow_threshold: 1.0000
Metrics/racket_target/post_contact_ready_curriculum_min_targeted_attempt_ema: 0.0000
Metrics/racket_target/post_contact_ready_curriculum_min_return_success_ema: 0.0000
Metrics/racket_target/post_contact_ready_curriculum_min_completed_swings: 1.0000
Metrics/racket_target/post_contact_ready_curriculum_required_advance_checks: 1.0000
Metrics/racket_target/racket_normal_error_deg: 66.4112
Metrics/racket_target/impact_normal_error_deg: 2.6288
Metrics/racket_target/impact_racket_vel_error_mps: 0.6103
Metrics/racket_target/impact_racket_speed_ratio: 0.8778
Metrics/racket_target/impact_racket_vel_angle_deg: 14.7998
Metrics/racket_target/impact_racket_actual_vel_x: 0.8183
Metrics/racket_target/impact_racket_actual_vel_y: 0.0542
Metrics/racket_target/impact_racket_actual_vel_z: 1.3186
Metrics/racket_target/impact_racket_target_vel_x: 1.1943
Metrics/racket_target/impact_racket_target_vel_y: -0.0132
Metrics/racket_target/impact_racket_target_vel_z: 1.3163
Metrics/racket_target/impact_ball_out_error_mps: 4.4977
Metrics/racket_target/impact_face_radial_error_m: 0.0636
Metrics/racket_target/impact_face_normal_gap_m: 0.0553
Metrics/racket_target/impact_face_quality: 0.6903
Metrics/racket_target/impact_center_contact: 0.0000
Metrics/racket_target/impact_center_net_cross: 0.0000
Metrics/racket_target/impact_center_on_opponent: 0.0000
Metrics/racket_target/impact_rim_contact: 0.0000
Metrics/racket_target/impact_rim_net_cross: 0.0000
Metrics/racket_target/impact_rim_on_opponent: 0.0000
Metrics/racket_target/impact_analytic_outer_contact: 0.0000
Metrics/racket_target/impact_analytic_outer_net_cross: 0.0000
Metrics/racket_target/impact_analytic_outer_on_opponent: 0.0000
Metrics/racket_target/impact_planner_pos_error_m: 0.0919
Metrics/racket_target/impact_planner_vel_error_mps: 0.6103
Metrics/racket_target/impact_planner_speed_ratio: 0.8778
Metrics/racket_target/impact_planner_vel_angle_deg: 14.7998
Metrics/racket_target/impact_healthy_normal_ok: 0.0000
Metrics/racket_target/impact_healthy_contact: 0.0000
Metrics/racket_target/impact_healthy_net_cross: 0.0000
Metrics/racket_target/impact_healthy_on_opponent: 0.0000
Metrics/racket_target/current_swing_impact_health_score: 0.0418
Metrics/racket_target/current_swing_healthy_contact: 0.0594
Metrics/racket_target/current_swing_healthy_net_cross: 0.0490
Metrics/racket_target/current_swing_healthy_on_opponent: 0.0156
Metrics/racket_target/current_swing_healthy_normal_ok: 0.1368
Metrics/racket_target/current_swing_contact: 0.0594
Metrics/racket_target/current_swing_net_cross: 0.0490
Metrics/racket_target/current_swing_on_opponent: 0.0156
Metrics/racket_target/current_swing_center_contact: 0.0490
Metrics/racket_target/current_swing_center_net_cross: 0.0490
Metrics/racket_target/current_swing_center_on_opponent: 0.0156
Metrics/racket_target/current_swing_rim_contact: 0.0000
Metrics/racket_target/current_swing_rim_net_cross: 0.0000
Metrics/racket_target/current_swing_rim_on_opponent: 0.0000
Metrics/racket_target/current_swing_analytic_outer_contact: 0.0104
Metrics/racket_target/current_swing_analytic_outer_net_cross: 0.0000
Metrics/racket_target/current_swing_analytic_outer_on_opponent: 0.0000
Metrics/racket_target/cycle_v2_outcome_tier: -1.0000
Metrics/racket_target/cycle_v2_streak: 0.0000
Metrics/racket_target/closed_loop_recovery_trigger_event: 0.0000
Metrics/racket_target/closed_loop_cycle_success_event: 0.0000
Metrics/racket_target/closed_loop_durable_cycle_success_event: 0.0000
Metrics/racket_target/closed_loop_phase_id: 1.1198
Metrics/racket_target/closed_loop_phase_ready_no_command: 0.0425
Metrics/racket_target/closed_loop_phase_command_acquire: 0.8233
Metrics/racket_target/closed_loop_phase_pre_strike: 0.1201
Metrics/racket_target/closed_loop_phase_strike: 0.0000
Metrics/racket_target/closed_loop_phase_follow_through: 0.0141
Metrics/racket_target/closed_loop_phase_recovery: 0.0000
Metrics/racket_target/closed_loop_phase_next_ready: 0.0000
Metrics/racket_target/post_contact_phase_impact_0_100ms_attempts: 4583.8750
Metrics/racket_target/post_contact_phase_impact_0_100ms_tilt_gt_0p1_rate: 1.0000
Metrics/racket_target/post_contact_phase_impact_0_100ms_pitch_gt_0p1_rate: 1.0000
Metrics/racket_target/post_contact_phase_impact_0_100ms_waist_overflow_gt_1p0_rate: 0.0000
Metrics/racket_target/post_contact_phase_impact_0_100ms_base_ang_vel_gt_0p8_rate: 0.9880
Metrics/racket_target/post_contact_phase_brake_100_300ms_attempts: 4496.9062
Metrics/racket_target/post_contact_phase_brake_100_300ms_tilt_gt_0p1_rate: 0.9975
Metrics/racket_target/post_contact_phase_brake_100_300ms_pitch_gt_0p1_rate: 0.9953
Metrics/racket_target/post_contact_phase_brake_100_300ms_waist_overflow_gt_1p0_rate: 0.0000
Metrics/racket_target/post_contact_phase_brake_100_300ms_base_ang_vel_gt_0p8_rate: 0.9946
Metrics/racket_target/post_contact_phase_settle_300_600ms_attempts: 4336.7812
Metrics/racket_target/post_contact_phase_settle_300_600ms_tilt_gt_0p1_rate: 0.8337
Metrics/racket_target/post_contact_phase_settle_300_600ms_pitch_gt_0p1_rate: 0.7888
Metrics/racket_target/post_contact_phase_settle_300_600ms_waist_overflow_gt_1p0_rate: 0.0000
Metrics/racket_target/post_contact_phase_settle_300_600ms_base_ang_vel_gt_0p8_rate: 0.9908
Metrics/racket_target/post_contact_phase_ready_after_600ms_attempts: 4100.4375
Metrics/racket_target/post_contact_phase_ready_after_600ms_tilt_gt_0p1_rate: 0.5501
Metrics/racket_target/post_contact_phase_ready_after_600ms_pitch_gt_0p1_rate: 0.4684
Metrics/racket_target/post_contact_phase_ready_after_600ms_waist_overflow_gt_1p0_rate: 0.0000
Metrics/racket_target/post_contact_phase_ready_after_600ms_base_ang_vel_gt_0p8_rate: 0.9468
Metrics/racket_target/base_pitch_like_signed: -0.0102
Metrics/racket_target/base_backward_velocity: 0.0857
Metrics/racket_target/waist_action_rms: 0.5958
Metrics/racket_target/right_arm_action_rms: 3.7514
Metrics/racket_target/leg_action_rms: 0.5112
Metrics/racket_target/action_abs_max: 7.4815
Metrics/racket_target/applied_action_abs_max: 7.3492
Metrics/racket_target/leg_action_abs_max: 1.0044
Metrics/racket_target/effective_action_abs_max: 7.3492
Metrics/racket_target/action_clamp_fraction: 0.0042
Metrics/racket_target/waist_action_clamp_fraction: 0.0000
Metrics/racket_target/right_arm_action_clamp_fraction: 0.0000
Metrics/racket_target/leg_action_clamp_fraction: 0.0109
Metrics/racket_target/waist_q_tracking_error_rms: 0.3522
Metrics/racket_target/right_arm_q_tracking_error_rms: 0.2078
Metrics/racket_target/leg_q_tracking_error_rms: 0.1919
Metrics/racket_target/waist_torque_clip_fraction: 0.0000
Metrics/racket_target/right_arm_torque_clip_fraction: 0.0000
Metrics/racket_target/leg_torque_clip_fraction: 0.0000
Metrics/racket_target/waist_action_delta_rms: 0.1700
Metrics/racket_target/right_arm_action_delta_rms: 0.9596
Metrics/racket_target/leg_action_delta_rms: 0.2868
Metrics/racket_target/waist_joint_vel_rms: 0.9537
Metrics/racket_target/right_arm_joint_vel_rms: 1.8134
Metrics/racket_target/leg_joint_vel_rms: 0.7772
Metrics/racket_target/recovery_leg_action_abs_max: 0.7355
Metrics/racket_target/recovery_leg_action_delta_rms: 0.2105
Metrics/racket_target/recovery_leg_joint_vel_rms: 0.6055
      Episode_Termination/time_out: 3.4375
  Episode_Termination/base_too_low: 0.0000
   Episode_Termination/base_tilted: 0.3438
   Episode_Termination/table_touch: 0.1875
Episode_Termination/persistent_action_overflow: 0.0000
--------------------------------------------------------------------------------
                   Total timesteps: 1114112
                    Iteration time: 2.31s
                      Time elapsed: 00:00:39
                               ETA: 00:00:09

################################################################################
                     [1m Learning iteration 1817/1820 [0m                     

                       Computation: 28282 steps/s (collection: 2.301s, learning 0.016s)
             Mean action noise std: 0.45
          Mean value_function loss: 0.0274
               Mean surrogate loss: -0.0000
                 Mean entropy loss: 2.8121
      Mean critic_only_warmup loss: 1.0000
                       Mean reward: 14.17
               Mean episode length: 466.26
 Episode_Reward/undesired_contacts: 0.0000
  Episode_Reward/feet_contact_slip: -0.0023
     Episode_Reward/table_no_touch: -0.0004
              Episode_Reward/alive: 0.0094
            Episode_Reward/upright: -0.0071
          Episode_Reward/imitation: 0.3831
    Episode_Reward/racket_position: 0.0720
Episode_Reward/backhand_racket_position: 0.0321
    Episode_Reward/racket_velocity: 0.0461
Episode_Reward/planner_racket_task_space_crossfade: 0.2924
Episode_Reward/exact_impact_planner_task_space_alignment: 0.0073
    Episode_Reward/blade_direction: 0.0424
Episode_Reward/health_gated_soft_ball_contact: 0.0473
Episode_Reward/health_gated_backhand_soft_ball_contact: 0.0299
Episode_Reward/health_gated_ball_contact: 0.0089
Episode_Reward/healthy_trunk_support: 0.0698
Episode_Reward/targeted_strike_attempt: 0.0107
  Episode_Reward/strike_inactivity: -0.0000
 Episode_Reward/pre_strike_station: 0.0705
    Episode_Reward/recovery_health: 0.0594
Episode_Reward/no_command_ready_stability: 0.0015
Episode_Reward/post_strike_base_ang_vel: 0.0113
Episode_Reward/phase_action_overflow: -0.0001
     Episode_Reward/strike_balance: 0.0273
Episode_Reward/prestrike_station_progress: 0.0174
 Episode_Reward/lower_body_support: 0.0403
Episode_Reward/termination_penalty: -0.0106
Episode_Reward/phase_action_rate_waist: -0.0003
Episode_Reward/phase_action_rate_upper: -0.0068
Episode_Reward/phase_action_rate_legs: -0.0003
        Episode_Reward/joint_limit: -0.0372
Episode_Reward/prestrike_racket_progress: 0.1975
Episode_Reward/near_impact_planner_velocity_progress: 0.0423
Episode_Reward/operational_joint_margin: -0.0056
  Episode_Reward/joint_target_slew: -0.0329
Episode_Reward/actuator_waist_feasibility: -0.0000
Episode_Reward/actuator_right_arm_feasibility: -0.0000
Episode_Reward/actuator_leg_feasibility: -0.0000
Episode_Reward/terminal_quality_window: 0.0014
Episode_Reward/safe_terminal_quality: 0.0027
Episode_Reward/unsafe_terminal_recovery: -0.0001
Episode_Reward/capability_gated_safe_terminal_outcome: 0.0200
    Metrics/motion/error_joint_pos: 2.1936
    Metrics/motion/error_joint_vel: 6.4327
     Metrics/motion/error_body_pos: 0.1387
     Metrics/motion/error_body_rot: 0.7989
       Metrics/motion/motion_phase: 0.1363
            Metrics/motion/in_hold: 0.4702
Metrics/motion/motion_start_warmup_prob: 0.8000
Metrics/motion/motion_start_lifecycle_progress: 0.0000
Metrics/motion/motion_start_effective_prestrike_fraction: 1.0000
Metrics/motion/motion_start_effective_recovery_fraction: 0.0000
Metrics/motion/motion_start_effective_rsi_fraction: 0.0000
 Metrics/motion/motion_start_reset: 0.0000
Metrics/motion/motion_start_prestrike_reset: 0.0000
Metrics/motion/motion_start_recovery_reset: 0.0000
Metrics/motion/motion_start_rsi_reset: 0.0000
 Metrics/motion/single_cycle_reset: 0.0000
     Metrics/motion/motion_clip_id: 0.5429
Metrics/motion/motion_supplemental_clip: 0.0000
      Metrics/motion/stand_episode: 0.0175
Metrics/motion/default_stand_reset: 0.0704
Metrics/motion/error_body_pos_lower: 0.1660
Metrics/motion/error_body_rot_lower: 0.9968
Metrics/motion/error_body_lin_vel_lower: 0.1682
Metrics/motion/error_body_ang_vel_lower: 0.8969
Metrics/motion/reference_body_lin_speed_lower: 0.0214
Metrics/motion/robot_body_lin_speed_lower: 0.1596
Metrics/motion/error_body_pos_core: 0.0576
Metrics/motion/error_body_rot_core: 0.5365
Metrics/motion/error_body_lin_vel_core: 0.2510
Metrics/motion/error_body_ang_vel_core: 1.2133
Metrics/motion/reference_body_lin_speed_core: 0.0125
Metrics/motion/robot_body_lin_speed_core: 0.2513
Metrics/motion/error_body_pos_upper: 0.1383
Metrics/motion/error_body_rot_upper: 0.6885
Metrics/motion/error_body_lin_vel_upper: 0.8361
Metrics/motion/error_body_ang_vel_upper: 2.8641
Metrics/motion/reference_body_lin_speed_upper: 0.0231
Metrics/motion/robot_body_lin_speed_upper: 0.8335
Metrics/motion/error_joint_pos_waist: 0.8011
Metrics/motion/error_joint_vel_waist: 1.4797
Metrics/motion/reference_joint_speed_waist: 0.0268
Metrics/motion/error_joint_pos_arms: 1.8838
Metrics/motion/error_joint_vel_arms: 5.5143
Metrics/motion/reference_joint_speed_arms: 0.0643
Metrics/motion/error_joint_pos_legs: 0.7258
Metrics/motion/error_joint_vel_legs: 2.6190
Metrics/motion/reference_joint_speed_legs: 0.0057
Metrics/racket_target/racket_pos_error: 0.1109
Metrics/racket_target/racket_vel_error: 1.3240
Metrics/racket_target/time_to_strike: 0.7950
Metrics/racket_target/return_success: 0.0281
Metrics/racket_target/prev_return_success: 0.0281
Metrics/racket_target/prev_net_cross: 0.6126
Metrics/racket_target/current_net_cross: 0.0370
Metrics/racket_target/racket_pos_curriculum_scale: 1.0000
Metrics/racket_target/impact_inverse_command_blend: 0.0000
Metrics/racket_target/steps_since_target_resample: 41.9362
Metrics/racket_target/recovery_height_error: 0.0404
Metrics/racket_target/recovery_upright_error: 0.1283
Metrics/racket_target/recovery_base_lin_vel: 0.2221
Metrics/racket_target/recovery_base_ang_vel: 1.0401
Metrics/racket_target/recovery_station_error: 0.0842
Metrics/racket_target/recovery_feet_contact_frac: 0.9793
Metrics/racket_target/recovery_racket_speed: 1.9369
Metrics/racket_target/recovery_height_score: 0.8485
Metrics/racket_target/recovery_upright_score: 0.8178
Metrics/racket_target/recovery_lin_vel_score: 0.6441
Metrics/racket_target/recovery_ang_vel_score: 0.2819
Metrics/racket_target/recovery_station_score: 0.8639
Metrics/racket_target/recovery_racket_score: 0.0940
Metrics/racket_target/recovery_arm_score: 0.5223
Metrics/racket_target/recovery_ready_score: 0.6755
Metrics/racket_target/recovery_anchor_arm_score: 1.0000
Metrics/racket_target/recovery_core_ready_score: 0.5367
Metrics/racket_target/recovery_functional_ready_score: 0.4576
Metrics/racket_target/waist_action_overflow_rms: 0.0056
Metrics/racket_target/right_arm_action_overflow_rms: 0.0000
Metrics/racket_target/leg_action_overflow_rms: 0.0052
Metrics/racket_target/operational_margin_fraction: 0.0053
Metrics/racket_target/waist_operational_margin_fraction: 0.0082
Metrics/racket_target/right_arm_operational_margin_fraction: 0.0018
Metrics/racket_target/leg_operational_margin_fraction: 0.0107
Metrics/racket_target/waist_operational_excess_rms: 0.0033
Metrics/racket_target/right_arm_operational_excess_rms: 0.0002
Metrics/racket_target/leg_operational_excess_rms: 0.0039
Metrics/racket_target/q_des_velocity_violation_fraction: 0.0929
Metrics/racket_target/waist_q_des_velocity_violation_fraction: 0.0155
Metrics/racket_target/right_arm_q_des_velocity_violation_fraction: 0.1245
Metrics/racket_target/leg_q_des_velocity_violation_fraction: 0.1192
Metrics/racket_target/q_des_acceleration_violation_fraction: 0.7068
Metrics/racket_target/waist_q_des_acceleration_violation_fraction: 0.5469
Metrics/racket_target/right_arm_q_des_acceleration_violation_fraction: 0.8328
Metrics/racket_target/leg_q_des_acceleration_violation_fraction: 0.7673
Metrics/racket_target/waist_q_des_velocity_rms: 3.3898
Metrics/racket_target/right_arm_q_des_velocity_rms: 8.5724
Metrics/racket_target/leg_q_des_velocity_rms: 7.3875
Metrics/racket_target/waist_q_des_acceleration_rms: 276.4235
Metrics/racket_target/right_arm_q_des_acceleration_rms: 711.7760
Metrics/racket_target/leg_q_des_acceleration_rms: 626.1591
Metrics/racket_target/action_operational_feasibility_score: 0.9352
Metrics/racket_target/actuator_overflow_consecutive_steps: 0.0000
Metrics/racket_target/actuator_overflow_severe: 0.0000
Metrics/racket_target/recovery_phase_gate: 0.7908
Metrics/racket_target/recovery_phase_ready_score: 0.5506
Metrics/racket_target/recovery_contact_ready_score: 0.0244
Metrics/racket_target/recovery_net_ready_score: 0.0244
Metrics/racket_target/recovery_return_ready_score: 0.0000
Metrics/racket_target/cycle_success_ready_score: 0.0158
Metrics/racket_target/cycle_success_soft: 0.0112
Metrics/racket_target/cycle_success_binary: 0.0156
Metrics/racket_target/cycle_v2_pending: 0.0000
Metrics/racket_target/cycle_v2_attempt_latch: 0.0000
Metrics/racket_target/cycle_v2_ready_success_latch: 0.0000
Metrics/racket_target/cycle_v2_ready_fail_latch: 0.0000
Metrics/racket_target/cycle_v2_attempt_event: 0.0000
Metrics/racket_target/cycle_v2_ready_success_event: 0.0000
Metrics/racket_target/cycle_v2_ready_fail_event: 0.0000
Metrics/racket_target/cycle_v2_unresolved_resample_fail_event: 0.0000
Metrics/racket_target/cycle_v2_resolved_event: 0.0000
Metrics/racket_target/cycle_v2_command_visible_steps: 0.0000
Metrics/racket_target/cycle_v2_elapsed_steps: 0.0000
Metrics/racket_target/cycle_v2_ready_score: 0.0000
Metrics/racket_target/cycle_v2_ready_ok: 0.0000
Metrics/racket_target/cycle_v2_visible: 0.0000
Metrics/racket_target/cycle_v2_ready_score_ok: 0.0000
Metrics/racket_target/cycle_v2_height_ok: 0.0000
Metrics/racket_target/cycle_v2_upright_ok: 0.0000
Metrics/racket_target/cycle_v2_base_lin_vel_ok: 0.0000
Metrics/racket_target/cycle_v2_base_ang_vel_ok: 0.0000
Metrics/racket_target/cycle_v2_feet_ok: 0.0000
Metrics/racket_target/cycle_v2_core_ready_ok: 0.0000
Metrics/racket_target/cycle_v2_ready_consecutive_steps: 0.0000
Metrics/racket_target/single_cycle_bootstrap: 0.0000
Metrics/racket_target/single_cycle_swing_completed: 0.0000
Metrics/racket_target/single_cycle_recovery_active: 0.0000
Metrics/racket_target/single_cycle_recovery_elapsed_steps: 0.0000
Metrics/racket_target/single_cycle_ready_consecutive_steps: 0.0000
Metrics/racket_target/single_cycle_safe_timeout_event: 0.0000
Metrics/racket_target/single_cycle_deadline_timeout_event: 0.0000
Metrics/racket_target/single_cycle_timeout_latch: 0.0000
Metrics/racket_target/single_cycle_hard_failure_event: 0.0000
Metrics/racket_target/single_cycle_probability: 0.0000
Metrics/racket_target/single_cycle_curriculum_level: 0.0000
Metrics/racket_target/single_cycle_effective_deadline_steps: 100.0000
Metrics/racket_target/single_cycle_selected_events: 0.0000
Metrics/racket_target/single_cycle_completed_events: 0.0000
Metrics/racket_target/single_cycle_safe_timeout_events: 0.0000
Metrics/racket_target/single_cycle_deadline_timeout_events: 0.0000
Metrics/racket_target/single_cycle_hard_failure_events: 0.0000
Metrics/racket_target/active_ready_consecutive_steps: 0.0063
Metrics/racket_target/active_ready_success_event: 0.0000
Metrics/racket_target/active_ready_success_latch: 0.0000
Metrics/racket_target/active_ready_survival_steps: 0.0000
Metrics/racket_target/active_ready_survival_next_milestone: 0.0000
Metrics/racket_target/active_ready_survival_milestone_event: 0.0000
Metrics/racket_target/no_command_ready_active: 0.0227
Metrics/racket_target/no_command_from_stand_episode: 0.0175
Metrics/racket_target/no_command_from_default_stand_reset: 0.0175
Metrics/racket_target/no_command_ready_upright_ok: 0.0227
Metrics/racket_target/no_command_ready_motion_ok: 0.0097
Metrics/racket_target/no_command_ready_score: 0.0143
Metrics/racket_target/no_command_ready_progress: -0.0018
Metrics/racket_target/no_command_ready_station_error: 0.0017
Metrics/racket_target/no_command_ready_fixed_station_error: 0.0017
Metrics/racket_target/healthy_training_stage: 3.0000
Metrics/racket_target/healthy_stage_planted_rehearsal: 0.0000
Metrics/racket_target/healthy_stage_station_hold_seen: 0.0000
Metrics/racket_target/healthy_stage_station_arrived: 0.0000
Metrics/racket_target/healthy_stage_station_settled: 0.0000
Metrics/racket_target/healthy_stage_station_settle_steps: 0.0000
Metrics/racket_target/station_relocation_active: 0.0000
Metrics/racket_target/station_relocation_target_offset_y: 0.0000
Metrics/racket_target/station_relocation_error: 0.0000
Metrics/racket_target/station_relocation_arrival_event: 0.0000
Metrics/racket_target/station_relocation_settle_event: 0.0000
Metrics/racket_target/station_relocation_release_event: 0.0000
Metrics/racket_target/station_relocation_timeout_event: 0.0000
Metrics/racket_target/station_relocation_elapsed_steps: 0.0000
Metrics/racket_target/station_relocation_hold_deadline_steps: 0.0000
Metrics/racket_target/lifecycle_recovery_hold_active: 0.0000
Metrics/racket_target/lifecycle_recovery_release_success_event: 0.0000
Metrics/racket_target/lifecycle_recovery_release_fail_event: 0.0000
Metrics/racket_target/station_relocation_level: 0.0000
Metrics/racket_target/station_relocation_arrival_ema: 0.0000
Metrics/racket_target/station_relocation_settle_ema: 0.0000
Metrics/racket_target/station_relocation_contact_ema: 0.0000
Metrics/racket_target/station_relocation_safety_ema: 0.0000
Metrics/racket_target/station_relocation_resolved_events: 0.0000
Metrics/racket_target/station_relocation_terminal_reset_events: 0.0000
Metrics/racket_target/station_relocation_advance_streak: 0.0000
Metrics/racket_target/station_relocation_regress_streak: 0.0000
Metrics/racket_target/station_relocation_effective_max_lin_vel: 0.0000
Metrics/racket_target/station_relocation_effective_max_ang_vel: 0.0000
Metrics/racket_target/station_relocation_effective_min_settle_steps: 0.0000
Metrics/racket_target/ability_curriculum_level: 0.0000
Metrics/racket_target/ability_curriculum_scale: 1.0000
Metrics/racket_target/ability_curriculum_resolved_events: 856.5000
Metrics/racket_target/ability_curriculum_total_resolved_events: 4952.5000
Metrics/racket_target/ability_curriculum_advance_streak: 0.0000
Metrics/racket_target/ability_curriculum_regress_streak: 0.0000
Metrics/racket_target/ability_contact_ema: 0.7105
Metrics/racket_target/ability_net_ema: 0.6849
Metrics/racket_target/ability_success_ema: 0.0127
Metrics/racket_target/ability_recovery_ema: 0.8089
Metrics/racket_target/ability_cycle_ema: 0.0127
Metrics/racket_target/ability_cycle_attempt_ema: 0.0127
Metrics/racket_target/ability_cycle_resolved_ema: 0.0127
Metrics/racket_target/ability_forehand_contact_ema: 0.8038
Metrics/racket_target/ability_forehand_net_ema: 0.7841
Metrics/racket_target/ability_forehand_success_ema: 0.0137
Metrics/racket_target/ability_backhand_contact_ema: 0.6580
Metrics/racket_target/ability_backhand_net_ema: 0.6323
Metrics/racket_target/ability_backhand_success_ema: 0.0145
Metrics/racket_target/ability_attempt_ema: 1.0000
Metrics/racket_target/ability_targeted_attempt_ema: 0.9960
Metrics/racket_target/impact_health_floor_progress: 0.0000
Metrics/racket_target/ability_safety_ema: 0.9550
Metrics/racket_target/ability_station_saturation_ema: 0.0000
Metrics/racket_target/ability_healthy_normal_ema: 1.0000
Metrics/racket_target/ability_station_arrival_ema: 0.0000
Metrics/racket_target/ability_station_settle_ema: 0.0000
Metrics/racket_target/safe_outcome_capability_gate: 0.6727
Metrics/racket_target/planner_hit_plane_blend: 1.0000
Metrics/racket_target/planner_hit_plane_x_delta: 0.0361
Metrics/racket_target/true_strike_table_x: 0.2000
Metrics/racket_target/planner_target_table_x: 0.2000
Metrics/racket_target/workspace_level: 0.0000
Metrics/racket_target/workspace_fringe_sample: 0.0000
Metrics/racket_target/workspace_target_lateral_norm: 0.3282
Metrics/racket_target/workspace_target_table_y: -0.2372
Metrics/racket_target/workspace_playable_y_min: -0.7225
Metrics/racket_target/workspace_playable_y_max: 0.7225
Metrics/racket_target/workspace_active_y_lo: -0.3074
Metrics/racket_target/workspace_active_y_hi: -0.1737
Metrics/racket_target/workspace_motion_seed_blend: 0.0000
Metrics/racket_target/planner_perturb_curriculum_scale: 1.0000
Metrics/racket_target/incoming_ball_horizontal_speed: 2.2645
Metrics/racket_target/incoming_ball_speed: 4.6025
Metrics/racket_target/incoming_ball_speed_curriculum_level: 0.0000
Metrics/racket_target/incoming_ball_speed_sample_low: 0.0000
Metrics/racket_target/incoming_ball_speed_sample_high: 0.0000
Metrics/racket_target/station_saturated: 0.0000
Metrics/racket_target/station_raw_clip_excess: 0.0000
Metrics/racket_target/station_saturated_x: 0.0000
Metrics/racket_target/station_saturated_y: 0.0000
Metrics/racket_target/station_raw_clip_excess_x: 0.0000
Metrics/racket_target/station_raw_clip_excess_y: 0.0000
Metrics/racket_target/current_swing_opportunity: 0.1266
Metrics/racket_target/current_swing_attempt: 0.1266
Metrics/racket_target/current_swing_targeted_attempt: 0.1099
Metrics/racket_target/prev_swing_targeted_attempt: 0.9296
Metrics/racket_target/current_swing_unsafe: 0.0612
Metrics/racket_target/current_swing_station_saturated: 0.0000
Metrics/racket_target/impact_health_score: 0.8732
Metrics/racket_target/impact_health_ok: 0.9119
Metrics/racket_target/impact_health_backlean_violation: 0.0140
Metrics/racket_target/impact_health_waist_backfold: 0.0000
Metrics/racket_target/impact_health_base_retreat: 0.0223
Metrics/racket_target/impact_health_torso_gravity_x: 0.3360
Metrics/racket_target/impact_health_torso_ang_vel: 0.5407
Metrics/racket_target/impact_health_com_x: 0.0477
Metrics/racket_target/impact_health_com_y: 0.0273
Metrics/racket_target/post_contact_ready_pending: 0.0000
Metrics/racket_target/post_contact_ready_elapsed_steps: 0.1453
Metrics/racket_target/post_contact_ready_consecutive_steps: 0.0000
Metrics/racket_target/post_contact_ready_diagnostic_pending: 0.0000
Metrics/racket_target/post_contact_ready_diagnostic_elapsed_steps: 1.4052
Metrics/racket_target/post_contact_ready_durable_pending: 0.0000
Metrics/racket_target/post_contact_ready_durable_consecutive_steps: 0.0000
Metrics/racket_target/post_contact_ready_durable_ready_now: 0.0000
Metrics/racket_target/post_contact_ready_durable_success_event: 0.0000
Metrics/racket_target/post_contact_ready_durable_fail_event: 0.0000
Metrics/racket_target/post_contact_ready_durable_resolution_success_rate: 0.2522
Metrics/racket_target/post_contact_ready_durable_resolution_fail_rate: 0.6871
Metrics/racket_target/post_contact_ready_durable_resolution_success_latency_steps: 35.0000
Metrics/racket_target/post_contact_ready_durable_resolution_fail_latency_steps: 33.5221
Metrics/racket_target/post_contact_ready_durable_fail_backlean_rate: 0.0498
Metrics/racket_target/post_contact_ready_durable_fail_forward_lean_rate: 0.8556
Metrics/racket_target/post_contact_ready_durable_fail_torso_ang_vel_rate: 0.0498
Metrics/racket_target/post_contact_ready_durable_fail_base_lin_vel_rate: 0.0515
Metrics/racket_target/post_contact_ready_durable_fail_base_ang_vel_rate: 0.3907
Metrics/racket_target/post_contact_ready_durable_fail_racket_speed_rate: 0.0498
Metrics/racket_target/post_contact_ready_durable_fail_height_rate: 0.0498
Metrics/racket_target/post_contact_ready_durable_fail_com_x_rate: 0.0528
Metrics/racket_target/post_contact_ready_durable_fail_com_y_rate: 0.0498
Metrics/racket_target/post_contact_ready_durable_fail_feet_rate: 0.0498
Metrics/racket_target/post_contact_ready_durable_fail_station_rate: 0.0501
Metrics/racket_target/post_contact_ready_durable_fail_arm_rate: 0.0498
Metrics/racket_target/post_contact_ready_terminal_window_active: 0.0000
Metrics/racket_target/post_contact_ready_terminal_quality: 0.0316
Metrics/racket_target/post_contact_ready_terminal_settlement_event: 0.0000
Metrics/racket_target/post_contact_ready_operational_ready_now: 0.0000
Metrics/racket_target/post_contact_ready_operational_consecutive_steps: 0.0000
Metrics/racket_target/post_contact_ready_safe_settlement_event: 0.0000
Metrics/racket_target/post_contact_ready_unsafe_settlement_event: 0.0000
Metrics/racket_target/post_contact_ready_incomplete_settlement_event: 0.0000
Metrics/racket_target/post_contact_ready_safe_net_cycle_event: 0.0000
Metrics/racket_target/post_contact_ready_terminal_quality_mean: 0.9258
Metrics/racket_target/post_contact_ready_safe_terminal_quality_mean: 0.9341
Metrics/racket_target/post_contact_ready_terminal_safe_rate: 0.7127
Metrics/racket_target/post_contact_ready_terminal_unsafe_rate: 0.0361
Metrics/racket_target/post_contact_ready_terminal_incomplete_rate: 0.2512
Metrics/racket_target/post_contact_ready_safe_net_cycle_rate: 0.6949
Metrics/racket_target/post_contact_ready_score: 0.7197
Metrics/racket_target/post_contact_ready_now: 0.0000
Metrics/racket_target/post_contact_ready_success_event: 0.0000
Metrics/racket_target/post_contact_ready_fail_event: 0.0000
Metrics/racket_target/post_contact_ready_outcome_tier: -0.9260
Metrics/racket_target/post_contact_ready_face_quality: 0.0296
Metrics/racket_target/post_contact_ready_safe_face_net_cycle_value: 0.0000
Metrics/racket_target/post_contact_ready_planner_speed_ratio: 0.0335
Metrics/racket_target/post_contact_ready_planner_direction_error_rad: 0.0095
Metrics/racket_target/post_contact_ready_planner_position_error: 0.0029
Metrics/racket_target/post_contact_ready_impact_health_score: 0.0354
Metrics/racket_target/post_contact_ready_peak_base_ang_vel: 0.0463
Metrics/racket_target/post_contact_ready_peak_ang_vel_excess_increment: 0.0000
Metrics/racket_target/post_contact_ready_envelope_violation_latch: 0.0063
Metrics/racket_target/post_contact_ready_envelope_violation_event: 0.0000
Metrics/racket_target/post_contact_ready_envelope_first_violation_step: -0.7750
Metrics/racket_target/post_contact_ready_envelope_attempts: 4850.6875
Metrics/racket_target/post_contact_ready_envelope_violation_rate: 0.0356
Metrics/racket_target/post_contact_ready_envelope_tilt_violation_rate: 0.0002
Metrics/racket_target/post_contact_ready_envelope_pitch_violation_rate: 0.0002
Metrics/racket_target/post_contact_ready_envelope_com_violation_rate: 0.0012
Metrics/racket_target/post_contact_ready_envelope_waist_violation_rate: 0.0000
Metrics/racket_target/post_contact_ready_envelope_leg_violation_rate: 0.0000
Metrics/racket_target/post_contact_ready_envelope_base_ang_vel_violation_rate: 0.0346
Metrics/racket_target/post_contact_ready_resolution_success_rate: 0.9824
Metrics/racket_target/post_contact_ready_resolution_fail_rate: 0.0101
Metrics/racket_target/post_contact_ready_resolution_success_latency_steps: 4.8505
Metrics/racket_target/post_contact_ready_resolution_fail_latency_steps: 10.3469
Metrics/racket_target/post_contact_ready_max_tilt: 0.0084
Metrics/racket_target/post_contact_ready_max_abs_pitch: 0.0078
Metrics/racket_target/post_contact_ready_max_com_x: 0.0025
Metrics/racket_target/post_contact_ready_max_com_y: 0.0019
Metrics/racket_target/post_contact_ready_max_waist_overflow: 0.0000
Metrics/racket_target/post_contact_ready_max_leg_overflow: 0.0009
Metrics/racket_target/post_contact_ready_settlement_velocity_score_ema: 0.6339
Metrics/racket_target/post_contact_ready_settlement_position_gate_ema: 0.7724
Metrics/racket_target/post_contact_ready_settlement_health_gate_ema: 0.9795
Metrics/racket_target/post_contact_ready_settlement_recovery_gate_ema: 0.4499
Metrics/racket_target/post_contact_ready_settlement_total_score_ema: 0.2149
Metrics/racket_target/post_contact_recovery_backlean_error: 0.0607
Metrics/racket_target/post_contact_recovery_directional_progress: 0.0000
Metrics/racket_target/post_contact_ready_torso_ok: 0.0675
Metrics/racket_target/post_contact_ready_motion_ok: 0.6464
Metrics/racket_target/post_contact_ready_support_ok: 0.9119
Metrics/racket_target/post_contact_ready_arm_ok: 1.0000
Metrics/racket_target/post_contact_ready_base_lin_vel_ok: 0.9119
Metrics/racket_target/post_contact_ready_base_ang_vel_ok: 0.7251
Metrics/racket_target/post_contact_ready_racket_speed_ok: 0.8892
Metrics/racket_target/post_contact_ready_height_ok: 0.9432
Metrics/racket_target/post_contact_ready_com_x_ok: 0.9119
Metrics/racket_target/post_contact_ready_com_y_ok: 0.9703
Metrics/racket_target/post_contact_ready_feet_ok: 1.0000
Metrics/racket_target/post_contact_ready_station_ok: 0.9119
Metrics/racket_target/post_contact_ready_fail_torso: 0.0000
Metrics/racket_target/post_contact_ready_fail_base_lin_vel: 0.0000
Metrics/racket_target/post_contact_ready_fail_base_ang_vel: 0.0000
Metrics/racket_target/post_contact_ready_fail_racket_speed: 0.0000
Metrics/racket_target/post_contact_ready_fail_support: 0.0000
Metrics/racket_target/post_contact_ready_fail_arm: 0.0000
Metrics/racket_target/post_contact_ready_shadow_now: 0.0000
Metrics/racket_target/post_contact_ready_shadow_consecutive_steps: 0.0000
Metrics/racket_target/post_contact_ready_shadow_success_latch: 0.0000
Metrics/racket_target/post_contact_ready_curriculum_level: 0.0000
Metrics/racket_target/post_contact_ready_curriculum_fraction: 1.0000
Metrics/racket_target/post_contact_ready_curriculum_success_ema: 0.0000
Metrics/racket_target/post_contact_ready_curriculum_shadow_success_ema: 0.0000
Metrics/racket_target/post_contact_ready_curriculum_resolved_events: 0.0000
Metrics/racket_target/post_contact_ready_curriculum_successful_events: 0.0000
Metrics/racket_target/post_contact_ready_curriculum_targeted_attempt_ema: 0.0000
Metrics/racket_target/post_contact_ready_curriculum_return_success_ema: 0.0000
Metrics/racket_target/post_contact_ready_curriculum_completed_swings: 0.0000
Metrics/racket_target/post_contact_ready_curriculum_advance_streak: 0.0000
Metrics/racket_target/post_contact_ready_curriculum_advance_guard_ok: 0.0000
Metrics/racket_target/post_contact_ready_effective_max_torso_ang_vel: 1.5000
Metrics/racket_target/post_contact_ready_effective_torso_x_min: -0.1200
Metrics/racket_target/post_contact_ready_effective_torso_x_max: 0.3200
Metrics/racket_target/post_contact_ready_effective_max_base_lin_vel: 0.4500
Metrics/racket_target/post_contact_ready_effective_max_base_ang_vel: 1.3000
Metrics/racket_target/post_contact_ready_effective_max_racket_speed: 3.0000
Metrics/racket_target/post_contact_ready_effective_min_feet_contact: 0.5000
Metrics/racket_target/post_contact_ready_effective_required_consecutive_steps: 3.0000
Metrics/racket_target/post_contact_ready_effective_deadline_steps: 40.0000
Metrics/racket_target/post_contact_ready_curriculum_advance_threshold: 1.0000
Metrics/racket_target/post_contact_ready_curriculum_advance_min_events: 0.0000
Metrics/racket_target/post_contact_ready_curriculum_shadow_threshold: 1.0000
Metrics/racket_target/post_contact_ready_curriculum_min_targeted_attempt_ema: 0.0000
Metrics/racket_target/post_contact_ready_curriculum_min_return_success_ema: 0.0000
Metrics/racket_target/post_contact_ready_curriculum_min_completed_swings: 1.0000
Metrics/racket_target/post_contact_ready_curriculum_required_advance_checks: 1.0000
Metrics/racket_target/racket_normal_error_deg: 65.8732
Metrics/racket_target/impact_normal_error_deg: 2.1181
Metrics/racket_target/impact_racket_vel_error_mps: 0.6213
Metrics/racket_target/impact_racket_speed_ratio: 0.8114
Metrics/racket_target/impact_racket_vel_angle_deg: 15.2442
Metrics/racket_target/impact_racket_actual_vel_x: 0.7760
Metrics/racket_target/impact_racket_actual_vel_y: -0.0045
Metrics/racket_target/impact_racket_actual_vel_z: 1.2537
Metrics/racket_target/impact_racket_target_vel_x: 1.1990
Metrics/racket_target/impact_racket_target_vel_y: -0.0104
Metrics/racket_target/impact_racket_target_vel_z: 1.2959
Metrics/racket_target/impact_ball_out_error_mps: 4.2329
Metrics/racket_target/impact_face_radial_error_m: 0.0549
Metrics/racket_target/impact_face_normal_gap_m: 0.0467
Metrics/racket_target/impact_face_quality: 0.6694
Metrics/racket_target/impact_center_contact: 0.0000
Metrics/racket_target/impact_center_net_cross: 0.0000
Metrics/racket_target/impact_center_on_opponent: 0.0000
Metrics/racket_target/impact_rim_contact: 0.0000
Metrics/racket_target/impact_rim_net_cross: 0.0000
Metrics/racket_target/impact_rim_on_opponent: 0.0000
Metrics/racket_target/impact_analytic_outer_contact: 0.0000
Metrics/racket_target/impact_analytic_outer_net_cross: 0.0000
Metrics/racket_target/impact_analytic_outer_on_opponent: 0.0000
Metrics/racket_target/impact_planner_pos_error_m: 0.0779
Metrics/racket_target/impact_planner_vel_error_mps: 0.6213
Metrics/racket_target/impact_planner_speed_ratio: 0.8114
Metrics/racket_target/impact_planner_vel_angle_deg: 15.2442
Metrics/racket_target/impact_healthy_normal_ok: 0.0000
Metrics/racket_target/impact_healthy_contact: 0.0000
Metrics/racket_target/impact_healthy_net_cross: 0.0000
Metrics/racket_target/impact_healthy_on_opponent: 0.0000
Metrics/racket_target/current_swing_impact_health_score: 0.0354
Metrics/racket_target/current_swing_healthy_contact: 0.0370
Metrics/racket_target/current_swing_healthy_net_cross: 0.0370
Metrics/racket_target/current_swing_healthy_on_opponent: 0.0000
Metrics/racket_target/current_swing_healthy_normal_ok: 0.1151
Metrics/racket_target/current_swing_contact: 0.0370
Metrics/racket_target/current_swing_net_cross: 0.0370
Metrics/racket_target/current_swing_on_opponent: 0.0000
Metrics/racket_target/current_swing_center_contact: 0.0141
Metrics/racket_target/current_swing_center_net_cross: 0.0141
Metrics/racket_target/current_swing_center_on_opponent: 0.0000
Metrics/racket_target/current_swing_rim_contact: 0.0229
Metrics/racket_target/current_swing_rim_net_cross: 0.0229
Metrics/racket_target/current_swing_rim_on_opponent: 0.0000
Metrics/racket_target/current_swing_analytic_outer_contact: 0.0000
Metrics/racket_target/current_swing_analytic_outer_net_cross: 0.0000
Metrics/racket_target/current_swing_analytic_outer_on_opponent: 0.0000
Metrics/racket_target/cycle_v2_outcome_tier: -1.0000
Metrics/racket_target/cycle_v2_streak: 0.0000
Metrics/racket_target/closed_loop_recovery_trigger_event: 0.0000
Metrics/racket_target/closed_loop_cycle_success_event: 0.0000
Metrics/racket_target/closed_loop_durable_cycle_success_event: 0.0000
Metrics/racket_target/closed_loop_phase_id: 1.1020
Metrics/racket_target/closed_loop_phase_ready_no_command: 0.0227
Metrics/racket_target/closed_loop_phase_command_acquire: 0.8525
Metrics/racket_target/closed_loop_phase_pre_strike: 0.1248
Metrics/racket_target/closed_loop_phase_strike: 0.0000
Metrics/racket_target/closed_loop_phase_follow_through: 0.0000
Metrics/racket_target/closed_loop_phase_recovery: 0.0000
Metrics/racket_target/closed_loop_phase_next_ready: 0.0000
Metrics/racket_target/post_contact_phase_impact_0_100ms_attempts: 4850.6875
Metrics/racket_target/post_contact_phase_impact_0_100ms_tilt_gt_0p1_rate: 1.0000
Metrics/racket_target/post_contact_phase_impact_0_100ms_pitch_gt_0p1_rate: 1.0000
Metrics/racket_target/post_contact_phase_impact_0_100ms_waist_overflow_gt_1p0_rate: 0.0000
Metrics/racket_target/post_contact_phase_impact_0_100ms_base_ang_vel_gt_0p8_rate: 0.9881
Metrics/racket_target/post_contact_phase_brake_100_300ms_attempts: 4770.2500
Metrics/racket_target/post_contact_phase_brake_100_300ms_tilt_gt_0p1_rate: 0.9971
Metrics/racket_target/post_contact_phase_brake_100_300ms_pitch_gt_0p1_rate: 0.9948
Metrics/racket_target/post_contact_phase_brake_100_300ms_waist_overflow_gt_1p0_rate: 0.0000
Metrics/racket_target/post_contact_phase_brake_100_300ms_base_ang_vel_gt_0p8_rate: 0.9947
Metrics/racket_target/post_contact_phase_settle_300_600ms_attempts: 4617.2188
Metrics/racket_target/post_contact_phase_settle_300_600ms_tilt_gt_0p1_rate: 0.8352
Metrics/racket_target/post_contact_phase_settle_300_600ms_pitch_gt_0p1_rate: 0.7904
Metrics/racket_target/post_contact_phase_settle_300_600ms_waist_overflow_gt_1p0_rate: 0.0000
Metrics/racket_target/post_contact_phase_settle_300_600ms_base_ang_vel_gt_0p8_rate: 0.9910
Metrics/racket_target/post_contact_phase_ready_after_600ms_attempts: 4370.0625
Metrics/racket_target/post_contact_phase_ready_after_600ms_tilt_gt_0p1_rate: 0.5499
Metrics/racket_target/post_contact_phase_ready_after_600ms_pitch_gt_0p1_rate: 0.4677
Metrics/racket_target/post_contact_phase_ready_after_600ms_waist_overflow_gt_1p0_rate: 0.0000
Metrics/racket_target/post_contact_phase_ready_after_600ms_base_ang_vel_gt_0p8_rate: 0.9464
Metrics/racket_target/base_pitch_like_signed: -0.0100
Metrics/racket_target/base_backward_velocity: 0.0473
Metrics/racket_target/waist_action_rms: 0.5955
Metrics/racket_target/right_arm_action_rms: 3.7924
Metrics/racket_target/leg_action_rms: 0.4837
Metrics/racket_target/action_abs_max: 7.4948
Metrics/racket_target/applied_action_abs_max: 7.3534
Metrics/racket_target/leg_action_abs_max: 0.9581
Metrics/racket_target/effective_action_abs_max: 7.3534
Metrics/racket_target/action_clamp_fraction: 0.0035
Metrics/racket_target/waist_action_clamp_fraction: 0.0082
Metrics/racket_target/right_arm_action_clamp_fraction: 0.0000
Metrics/racket_target/leg_action_clamp_fraction: 0.0071
Metrics/racket_target/waist_q_tracking_error_rms: 0.3416
Metrics/racket_target/right_arm_q_tracking_error_rms: 0.2054
Metrics/racket_target/leg_q_tracking_error_rms: 0.1829
Metrics/racket_target/waist_torque_clip_fraction: 0.0000
Metrics/racket_target/right_arm_torque_clip_fraction: 0.0021
Metrics/racket_target/leg_torque_clip_fraction: 0.0000
Metrics/racket_target/waist_action_delta_rms: 0.1460
Metrics/racket_target/right_arm_action_delta_rms: 0.9118
Metrics/racket_target/leg_action_delta_rms: 0.2768
Metrics/racket_target/waist_joint_vel_rms: 0.8522
Metrics/racket_target/right_arm_joint_vel_rms: 1.7682
Metrics/racket_target/leg_joint_vel_rms: 0.7551
Metrics/racket_target/recovery_leg_action_abs_max: 0.7338
Metrics/racket_target/recovery_leg_action_delta_rms: 0.2165
Metrics/racket_target/recovery_leg_joint_vel_rms: 0.5980
      Episode_Termination/time_out: 4.0625
  Episode_Termination/base_too_low: 0.0000
   Episode_Termination/base_tilted: 0.2500
   Episode_Termination/table_touch: 0.1562
Episode_Termination/persistent_action_overflow: 0.0000
--------------------------------------------------------------------------------
                   Total timesteps: 1179648
                    Iteration time: 2.32s
                      Time elapsed: 00:00:41
                               ETA: 00:00:06

################################################################################
                     [1m Learning iteration 1818/1820 [0m                     

                       Computation: 28443 steps/s (collection: 2.288s, learning 0.016s)
             Mean action noise std: 0.45
          Mean value_function loss: 0.0646
               Mean surrogate loss: 0.0000
                 Mean entropy loss: 2.8121
      Mean critic_only_warmup loss: 1.0000
                       Mean reward: 15.10
               Mean episode length: 482.25
 Episode_Reward/undesired_contacts: -0.0000
  Episode_Reward/feet_contact_slip: -0.0023
     Episode_Reward/table_no_touch: -0.0003
              Episode_Reward/alive: 0.0098
            Episode_Reward/upright: -0.0069
          Episode_Reward/imitation: 0.4066
    Episode_Reward/racket_position: 0.0774
Episode_Reward/backhand_racket_position: 0.0330
    Episode_Reward/racket_velocity: 0.0495
Episode_Reward/planner_racket_task_space_crossfade: 0.3130
Episode_Reward/exact_impact_planner_task_space_alignment: 0.0080
    Episode_Reward/blade_direction: 0.0456
Episode_Reward/health_gated_soft_ball_contact: 0.0503
Episode_Reward/health_gated_backhand_soft_ball_contact: 0.0304
Episode_Reward/health_gated_ball_contact: 0.0096
Episode_Reward/healthy_trunk_support: 0.0682
Episode_Reward/targeted_strike_attempt: 0.0114
  Episode_Reward/strike_inactivity: 0.0000
 Episode_Reward/pre_strike_station: 0.0721
    Episode_Reward/recovery_health: 0.0615
Episode_Reward/no_command_ready_stability: 0.0007
Episode_Reward/post_strike_base_ang_vel: 0.0119
Episode_Reward/phase_action_overflow: -0.0000
     Episode_Reward/strike_balance: 0.0291
Episode_Reward/prestrike_station_progress: 0.0191
 Episode_Reward/lower_body_support: 0.0429
Episode_Reward/termination_penalty: -0.0051
Episode_Reward/phase_action_rate_waist: -0.0003
Episode_Reward/phase_action_rate_upper: -0.0069
Episode_Reward/phase_action_rate_legs: -0.0003
        Episode_Reward/joint_limit: -0.0388
Episode_Reward/prestrike_racket_progress: 0.2137
Episode_Reward/near_impact_planner_velocity_progress: 0.0457
Episode_Reward/operational_joint_margin: -0.0038
  Episode_Reward/joint_target_slew: -0.0337
Episode_Reward/actuator_waist_feasibility: -0.0000
Episode_Reward/actuator_right_arm_feasibility: -0.0000
Episode_Reward/actuator_leg_feasibility: -0.0000
Episode_Reward/terminal_quality_window: 0.0015
Episode_Reward/safe_terminal_quality: 0.0027
Episode_Reward/unsafe_terminal_recovery: -0.0001
Episode_Reward/capability_gated_safe_terminal_outcome: 0.0206
    Metrics/motion/error_joint_pos: 2.2013
    Metrics/motion/error_joint_vel: 6.6152
     Metrics/motion/error_body_pos: 0.1381
     Metrics/motion/error_body_rot: 0.8352
       Metrics/motion/motion_phase: 0.1094
            Metrics/motion/in_hold: 0.3800
Metrics/motion/motion_start_warmup_prob: 0.8000
Metrics/motion/motion_start_lifecycle_progress: 0.0000
Metrics/motion/motion_start_effective_prestrike_fraction: 1.0000
Metrics/motion/motion_start_effective_recovery_fraction: 0.0000
Metrics/motion/motion_start_effective_rsi_fraction: 0.0000
 Metrics/motion/motion_start_reset: 0.0052
Metrics/motion/motion_start_prestrike_reset: 0.0000
Metrics/motion/motion_start_recovery_reset: 0.0000
Metrics/motion/motion_start_rsi_reset: 0.0000
 Metrics/motion/single_cycle_reset: 0.0000
     Metrics/motion/motion_clip_id: 0.5496
Metrics/motion/motion_supplemental_clip: 0.0000
      Metrics/motion/stand_episode: 0.0052
Metrics/motion/default_stand_reset: 0.0104
Metrics/motion/error_body_pos_lower: 0.1651
Metrics/motion/error_body_rot_lower: 1.0508
Metrics/motion/error_body_lin_vel_lower: 0.1455
Metrics/motion/error_body_ang_vel_lower: 0.7873
Metrics/motion/reference_body_lin_speed_lower: 0.0323
Metrics/motion/robot_body_lin_speed_lower: 0.1304
Metrics/motion/error_body_pos_core: 0.0569
Metrics/motion/error_body_rot_core: 0.5523
Metrics/motion/error_body_lin_vel_core: 0.1721
Metrics/motion/error_body_ang_vel_core: 1.1148
Metrics/motion/reference_body_lin_speed_core: 0.0168
Metrics/motion/robot_body_lin_speed_core: 0.1710
Metrics/motion/error_body_pos_upper: 0.1383
Metrics/motion/error_body_rot_upper: 0.7139
Metrics/motion/error_body_lin_vel_upper: 0.7600
Metrics/motion/error_body_ang_vel_upper: 2.9445
Metrics/motion/reference_body_lin_speed_upper: 0.0268
Metrics/motion/robot_body_lin_speed_upper: 0.7553
Metrics/motion/error_joint_pos_waist: 0.8425
Metrics/motion/error_joint_vel_waist: 1.5288
Metrics/motion/reference_joint_speed_waist: 0.0408
Metrics/motion/error_joint_pos_arms: 1.8890
Metrics/motion/error_joint_vel_arms: 5.7713
Metrics/motion/reference_joint_speed_arms: 0.0769
Metrics/motion/error_joint_pos_legs: 0.7016
Metrics/motion/error_joint_vel_legs: 2.5178
Metrics/motion/reference_joint_speed_legs: 0.0082
Metrics/racket_target/racket_pos_error: 0.1324
Metrics/racket_target/racket_vel_error: 1.3896
Metrics/racket_target/time_to_strike: 0.8825
Metrics/racket_target/return_success: 0.0000
Metrics/racket_target/prev_return_success: 0.0000
Metrics/racket_target/prev_net_cross: 0.6432
Metrics/racket_target/current_net_cross: 0.0427
Metrics/racket_target/racket_pos_curriculum_scale: 1.0000
Metrics/racket_target/impact_inverse_command_blend: 0.0000
Metrics/racket_target/steps_since_target_resample: 30.0888
Metrics/racket_target/recovery_height_error: 0.0337
Metrics/racket_target/recovery_upright_error: 0.1021
Metrics/racket_target/recovery_base_lin_vel: 0.1627
Metrics/racket_target/recovery_base_ang_vel: 0.9429
Metrics/racket_target/recovery_station_error: 0.0599
Metrics/racket_target/recovery_feet_contact_frac: 0.9948
Metrics/racket_target/recovery_racket_speed: 1.9783
Metrics/racket_target/recovery_height_score: 0.8982
Metrics/racket_target/recovery_upright_score: 0.8519
Metrics/racket_target/recovery_lin_vel_score: 0.6929
Metrics/racket_target/recovery_ang_vel_score: 0.3090
Metrics/racket_target/recovery_station_score: 0.9094
Metrics/racket_target/recovery_racket_score: 0.0889
Metrics/racket_target/recovery_arm_score: 0.5243
Metrics/racket_target/recovery_ready_score: 0.7081
Metrics/racket_target/recovery_anchor_arm_score: 1.0000
Metrics/racket_target/recovery_core_ready_score: 0.5840
Metrics/racket_target/recovery_functional_ready_score: 0.4976
Metrics/racket_target/waist_action_overflow_rms: 0.0000
Metrics/racket_target/right_arm_action_overflow_rms: 0.0000
Metrics/racket_target/leg_action_overflow_rms: 0.0049
Metrics/racket_target/operational_margin_fraction: 0.0023
Metrics/racket_target/waist_operational_margin_fraction: 0.0000
Metrics/racket_target/right_arm_operational_margin_fraction: 0.0000
Metrics/racket_target/leg_operational_margin_fraction: 0.0058
Metrics/racket_target/waist_operational_excess_rms: 0.0000
Metrics/racket_target/right_arm_operational_excess_rms: 0.0000
Metrics/racket_target/leg_operational_excess_rms: 0.0030
Metrics/racket_target/q_des_velocity_violation_fraction: 0.0838
Metrics/racket_target/waist_q_des_velocity_violation_fraction: 0.0255
Metrics/racket_target/right_arm_q_des_velocity_violation_fraction: 0.1163
Metrics/racket_target/leg_q_des_velocity_violation_fraction: 0.1030
Metrics/racket_target/q_des_acceleration_violation_fraction: 0.7118
Metrics/racket_target/waist_q_des_acceleration_violation_fraction: 0.6284
Metrics/racket_target/right_arm_q_des_acceleration_violation_fraction: 0.7963
Metrics/racket_target/leg_q_des_acceleration_violation_fraction: 0.7692
Metrics/racket_target/waist_q_des_velocity_rms: 4.1586
Metrics/racket_target/right_arm_q_des_velocity_rms: 8.4182
Metrics/racket_target/leg_q_des_velocity_rms: 7.2018
Metrics/racket_target/waist_q_des_acceleration_rms: 337.1724
Metrics/racket_target/right_arm_q_des_acceleration_rms: 699.6376
Metrics/racket_target/leg_q_des_acceleration_rms: 601.5111
Metrics/racket_target/action_operational_feasibility_score: 0.9675
Metrics/racket_target/actuator_overflow_consecutive_steps: 0.0000
Metrics/racket_target/actuator_overflow_severe: 0.0000
Metrics/racket_target/recovery_phase_gate: 0.7077
Metrics/racket_target/recovery_phase_ready_score: 0.4989
Metrics/racket_target/recovery_contact_ready_score: 0.0300
Metrics/racket_target/recovery_net_ready_score: 0.0300
Metrics/racket_target/recovery_return_ready_score: 0.0000
Metrics/racket_target/cycle_success_ready_score: 0.0000
Metrics/racket_target/cycle_success_soft: 0.0000
Metrics/racket_target/cycle_success_binary: 0.0000
Metrics/racket_target/cycle_v2_pending: 0.0000
Metrics/racket_target/cycle_v2_attempt_latch: 0.0000
Metrics/racket_target/cycle_v2_ready_success_latch: 0.0000
Metrics/racket_target/cycle_v2_ready_fail_latch: 0.0000
Metrics/racket_target/cycle_v2_attempt_event: 0.0000
Metrics/racket_target/cycle_v2_ready_success_event: 0.0000
Metrics/racket_target/cycle_v2_ready_fail_event: 0.0000
Metrics/racket_target/cycle_v2_unresolved_resample_fail_event: 0.0000
Metrics/racket_target/cycle_v2_resolved_event: 0.0000
Metrics/racket_target/cycle_v2_command_visible_steps: 0.0000
Metrics/racket_target/cycle_v2_elapsed_steps: 0.0000
Metrics/racket_target/cycle_v2_ready_score: 0.0000
Metrics/racket_target/cycle_v2_ready_ok: 0.0000
Metrics/racket_target/cycle_v2_visible: 0.0000
Metrics/racket_target/cycle_v2_ready_score_ok: 0.0000
Metrics/racket_target/cycle_v2_height_ok: 0.0000
Metrics/racket_target/cycle_v2_upright_ok: 0.0000
Metrics/racket_target/cycle_v2_base_lin_vel_ok: 0.0000
Metrics/racket_target/cycle_v2_base_ang_vel_ok: 0.0000
Metrics/racket_target/cycle_v2_feet_ok: 0.0000
Metrics/racket_target/cycle_v2_core_ready_ok: 0.0000
Metrics/racket_target/cycle_v2_ready_consecutive_steps: 0.0000
Metrics/racket_target/single_cycle_bootstrap: 0.0000
Metrics/racket_target/single_cycle_swing_completed: 0.0000
Metrics/racket_target/single_cycle_recovery_active: 0.0000
Metrics/racket_target/single_cycle_recovery_elapsed_steps: 0.0000
Metrics/racket_target/single_cycle_ready_consecutive_steps: 0.0000
Metrics/racket_target/single_cycle_safe_timeout_event: 0.0000
Metrics/racket_target/single_cycle_deadline_timeout_event: 0.0000
Metrics/racket_target/single_cycle_timeout_latch: 0.0000
Metrics/racket_target/single_cycle_hard_failure_event: 0.0000
Metrics/racket_target/single_cycle_probability: 0.0000
Metrics/racket_target/single_cycle_curriculum_level: 0.0000
Metrics/racket_target/single_cycle_effective_deadline_steps: 100.0000
Metrics/racket_target/single_cycle_selected_events: 0.0000
Metrics/racket_target/single_cycle_completed_events: 0.0000
Metrics/racket_target/single_cycle_safe_timeout_events: 0.0000
Metrics/racket_target/single_cycle_deadline_timeout_events: 0.0000
Metrics/racket_target/single_cycle_hard_failure_events: 0.0000
Metrics/racket_target/active_ready_consecutive_steps: 0.0000
Metrics/racket_target/active_ready_success_event: 0.0000
Metrics/racket_target/active_ready_success_latch: 0.0000
Metrics/racket_target/active_ready_survival_steps: 0.0000
Metrics/racket_target/active_ready_survival_next_milestone: 0.0000
Metrics/racket_target/active_ready_survival_milestone_event: 0.0000
Metrics/racket_target/no_command_ready_active: 0.0422
Metrics/racket_target/no_command_from_stand_episode: 0.0052
Metrics/racket_target/no_command_from_default_stand_reset: 0.0052
Metrics/racket_target/no_command_ready_upright_ok: 0.0370
Metrics/racket_target/no_command_ready_motion_ok: 0.0104
Metrics/racket_target/no_command_ready_score: 0.0243
Metrics/racket_target/no_command_ready_progress: 0.0033
Metrics/racket_target/no_command_ready_station_error: 0.0063
Metrics/racket_target/no_command_ready_fixed_station_error: 0.0063
Metrics/racket_target/healthy_training_stage: 3.0000
Metrics/racket_target/healthy_stage_planted_rehearsal: 0.0000
Metrics/racket_target/healthy_stage_station_hold_seen: 0.0000
Metrics/racket_target/healthy_stage_station_arrived: 0.0000
Metrics/racket_target/healthy_stage_station_settled: 0.0000
Metrics/racket_target/healthy_stage_station_settle_steps: 0.0000
Metrics/racket_target/station_relocation_active: 0.0000
Metrics/racket_target/station_relocation_target_offset_y: 0.0000
Metrics/racket_target/station_relocation_error: 0.0000
Metrics/racket_target/station_relocation_arrival_event: 0.0000
Metrics/racket_target/station_relocation_settle_event: 0.0000
Metrics/racket_target/station_relocation_release_event: 0.0000
Metrics/racket_target/station_relocation_timeout_event: 0.0000
Metrics/racket_target/station_relocation_elapsed_steps: 0.0000
Metrics/racket_target/station_relocation_hold_deadline_steps: 0.0000
Metrics/racket_target/lifecycle_recovery_hold_active: 0.0000
Metrics/racket_target/lifecycle_recovery_release_success_event: 0.0000
Metrics/racket_target/lifecycle_recovery_release_fail_event: 0.0000
Metrics/racket_target/station_relocation_level: 0.0000
Metrics/racket_target/station_relocation_arrival_ema: 0.0000
Metrics/racket_target/station_relocation_settle_ema: 0.0000
Metrics/racket_target/station_relocation_contact_ema: 0.0000
Metrics/racket_target/station_relocation_safety_ema: 0.0000
Metrics/racket_target/station_relocation_resolved_events: 0.0000
Metrics/racket_target/station_relocation_terminal_reset_events: 0.0000
Metrics/racket_target/station_relocation_advance_streak: 0.0000
Metrics/racket_target/station_relocation_regress_streak: 0.0000
Metrics/racket_target/station_relocation_effective_max_lin_vel: 0.0000
Metrics/racket_target/station_relocation_effective_max_ang_vel: 0.0000
Metrics/racket_target/station_relocation_effective_min_settle_steps: 0.0000
Metrics/racket_target/ability_curriculum_level: 0.0000
Metrics/racket_target/ability_curriculum_scale: 1.0000
Metrics/racket_target/ability_curriculum_resolved_events: 1234.7188
Metrics/racket_target/ability_curriculum_total_resolved_events: 5330.7188
Metrics/racket_target/ability_curriculum_advance_streak: 0.0000
Metrics/racket_target/ability_curriculum_regress_streak: 0.0000
Metrics/racket_target/ability_contact_ema: 0.6744
Metrics/racket_target/ability_net_ema: 0.6578
Metrics/racket_target/ability_success_ema: 0.0176
Metrics/racket_target/ability_recovery_ema: 0.8107
Metrics/racket_target/ability_cycle_ema: 0.0176
Metrics/racket_target/ability_cycle_attempt_ema: 0.0176
Metrics/racket_target/ability_cycle_resolved_ema: 0.0176
Metrics/racket_target/ability_forehand_contact_ema: 0.7387
Metrics/racket_target/ability_forehand_net_ema: 0.7172
Metrics/racket_target/ability_forehand_success_ema: 0.0183
Metrics/racket_target/ability_backhand_contact_ema: 0.6282
Metrics/racket_target/ability_backhand_net_ema: 0.6203
Metrics/racket_target/ability_backhand_success_ema: 0.0182
Metrics/racket_target/ability_attempt_ema: 1.0000
Metrics/racket_target/ability_targeted_attempt_ema: 0.9960
Metrics/racket_target/impact_health_floor_progress: 0.0000
Metrics/racket_target/ability_safety_ema: 0.9717
Metrics/racket_target/ability_station_saturation_ema: 0.0000
Metrics/racket_target/ability_healthy_normal_ema: 1.0000
Metrics/racket_target/ability_station_arrival_ema: 0.0000
Metrics/racket_target/ability_station_settle_ema: 0.0000
Metrics/racket_target/safe_outcome_capability_gate: 0.7514
Metrics/racket_target/planner_hit_plane_blend: 1.0000
Metrics/racket_target/planner_hit_plane_x_delta: 0.0362
Metrics/racket_target/true_strike_table_x: 0.2000
Metrics/racket_target/planner_target_table_x: 0.2000
Metrics/racket_target/workspace_level: 0.0000
Metrics/racket_target/workspace_fringe_sample: 0.0000
Metrics/racket_target/workspace_target_lateral_norm: 0.3236
Metrics/racket_target/workspace_target_table_y: -0.2338
Metrics/racket_target/workspace_playable_y_min: -0.7225
Metrics/racket_target/workspace_playable_y_max: 0.7225
Metrics/racket_target/workspace_active_y_lo: -0.3047
Metrics/racket_target/workspace_active_y_hi: -0.1711
Metrics/racket_target/workspace_motion_seed_blend: 0.0000
Metrics/racket_target/planner_perturb_curriculum_scale: 1.0000
Metrics/racket_target/incoming_ball_horizontal_speed: 2.2143
Metrics/racket_target/incoming_ball_speed: 4.6911
Metrics/racket_target/incoming_ball_speed_curriculum_level: 0.0000
Metrics/racket_target/incoming_ball_speed_sample_low: 0.0000
Metrics/racket_target/incoming_ball_speed_sample_high: 0.0000
Metrics/racket_target/station_saturated: 0.0000
Metrics/racket_target/station_raw_clip_excess: 0.0000
Metrics/racket_target/station_saturated_x: 0.0000
Metrics/racket_target/station_saturated_y: 0.0000
Metrics/racket_target/station_raw_clip_excess_x: 0.0000
Metrics/racket_target/station_raw_clip_excess_y: 0.0000
Metrics/racket_target/current_swing_opportunity: 0.1026
Metrics/racket_target/current_swing_attempt: 0.1026
Metrics/racket_target/current_swing_targeted_attempt: 0.1026
Metrics/racket_target/prev_swing_targeted_attempt: 0.9844
Metrics/racket_target/current_swing_unsafe: 0.0104
Metrics/racket_target/current_swing_station_saturated: 0.0000
Metrics/racket_target/impact_health_score: 0.9149
Metrics/racket_target/impact_health_ok: 0.9257
Metrics/racket_target/impact_health_backlean_violation: 0.0002
Metrics/racket_target/impact_health_waist_backfold: 0.0008
Metrics/racket_target/impact_health_base_retreat: 0.0112
Metrics/racket_target/impact_health_torso_gravity_x: 0.3589
Metrics/racket_target/impact_health_torso_ang_vel: 0.4444
Metrics/racket_target/impact_health_com_x: 0.0247
Metrics/racket_target/impact_health_com_y: 0.0205
Metrics/racket_target/post_contact_ready_pending: 0.0000
Metrics/racket_target/post_contact_ready_elapsed_steps: 0.2750
Metrics/racket_target/post_contact_ready_consecutive_steps: 0.0000
Metrics/racket_target/post_contact_ready_diagnostic_pending: 0.0000
Metrics/racket_target/post_contact_ready_diagnostic_elapsed_steps: 1.6229
Metrics/racket_target/post_contact_ready_durable_pending: 0.0000
Metrics/racket_target/post_contact_ready_durable_consecutive_steps: 0.0000
Metrics/racket_target/post_contact_ready_durable_ready_now: 0.0000
Metrics/racket_target/post_contact_ready_durable_success_event: 0.0000
Metrics/racket_target/post_contact_ready_durable_fail_event: 0.0000
Metrics/racket_target/post_contact_ready_durable_resolution_success_rate: 0.2549
Metrics/racket_target/post_contact_ready_durable_resolution_fail_rate: 0.6920
Metrics/racket_target/post_contact_ready_durable_resolution_success_latency_steps: 35.0000
Metrics/racket_target/post_contact_ready_durable_resolution_fail_latency_steps: 33.6042
Metrics/racket_target/post_contact_ready_durable_fail_backlean_rate: 0.0471
Metrics/racket_target/post_contact_ready_durable_fail_forward_lean_rate: 0.8509
Metrics/racket_target/post_contact_ready_durable_fail_torso_ang_vel_rate: 0.0471
Metrics/racket_target/post_contact_ready_durable_fail_base_lin_vel_rate: 0.0488
Metrics/racket_target/post_contact_ready_durable_fail_base_ang_vel_rate: 0.3914
Metrics/racket_target/post_contact_ready_durable_fail_racket_speed_rate: 0.0471
Metrics/racket_target/post_contact_ready_durable_fail_height_rate: 0.0471
Metrics/racket_target/post_contact_ready_durable_fail_com_x_rate: 0.0502
Metrics/racket_target/post_contact_ready_durable_fail_com_y_rate: 0.0471
Metrics/racket_target/post_contact_ready_durable_fail_feet_rate: 0.0471
Metrics/racket_target/post_contact_ready_durable_fail_station_rate: 0.0473
Metrics/racket_target/post_contact_ready_durable_fail_arm_rate: 0.0471
Metrics/racket_target/post_contact_ready_terminal_window_active: 0.0000
Metrics/racket_target/post_contact_ready_terminal_quality: 0.0352
Metrics/racket_target/post_contact_ready_terminal_settlement_event: 0.0000
Metrics/racket_target/post_contact_ready_operational_ready_now: 0.0000
Metrics/racket_target/post_contact_ready_operational_consecutive_steps: 0.0000
Metrics/racket_target/post_contact_ready_safe_settlement_event: 0.0000
Metrics/racket_target/post_contact_ready_unsafe_settlement_event: 0.0000
Metrics/racket_target/post_contact_ready_incomplete_settlement_event: 0.0000
Metrics/racket_target/post_contact_ready_safe_net_cycle_event: 0.0000
Metrics/racket_target/post_contact_ready_terminal_quality_mean: 0.9260
Metrics/racket_target/post_contact_ready_safe_terminal_quality_mean: 0.9345
Metrics/racket_target/post_contact_ready_terminal_safe_rate: 0.7107
Metrics/racket_target/post_contact_ready_terminal_unsafe_rate: 0.0361
Metrics/racket_target/post_contact_ready_terminal_incomplete_rate: 0.2532
Metrics/racket_target/post_contact_ready_safe_net_cycle_rate: 0.6930
Metrics/racket_target/post_contact_ready_score: 0.7538
Metrics/racket_target/post_contact_ready_now: 0.0000
Metrics/racket_target/post_contact_ready_success_event: 0.0000
Metrics/racket_target/post_contact_ready_fail_event: 0.0000
Metrics/racket_target/post_contact_ready_outcome_tier: -0.9146
Metrics/racket_target/post_contact_ready_face_quality: 0.0427
Metrics/racket_target/post_contact_ready_safe_face_net_cycle_value: 0.0000
Metrics/racket_target/post_contact_ready_planner_speed_ratio: 0.0527
Metrics/racket_target/post_contact_ready_planner_direction_error_rad: 0.0070
Metrics/racket_target/post_contact_ready_planner_position_error: 0.0026
Metrics/racket_target/post_contact_ready_impact_health_score: 0.0413
Metrics/racket_target/post_contact_ready_peak_base_ang_vel: 0.0858
Metrics/racket_target/post_contact_ready_peak_ang_vel_excess_increment: 0.0000
Metrics/racket_target/post_contact_ready_envelope_violation_latch: 0.0000
Metrics/racket_target/post_contact_ready_envelope_violation_event: 0.0000
Metrics/racket_target/post_contact_ready_envelope_first_violation_step: -1.0000
Metrics/racket_target/post_contact_ready_envelope_attempts: 5098.7500
Metrics/racket_target/post_contact_ready_envelope_violation_rate: 0.0357
Metrics/racket_target/post_contact_ready_envelope_tilt_violation_rate: 0.0002
Metrics/racket_target/post_contact_ready_envelope_pitch_violation_rate: 0.0002
Metrics/racket_target/post_contact_ready_envelope_com_violation_rate: 0.0012
Metrics/racket_target/post_contact_ready_envelope_waist_violation_rate: 0.0000
Metrics/racket_target/post_contact_ready_envelope_leg_violation_rate: 0.0000
Metrics/racket_target/post_contact_ready_envelope_base_ang_vel_violation_rate: 0.0347
Metrics/racket_target/post_contact_ready_resolution_success_rate: 0.9833
Metrics/racket_target/post_contact_ready_resolution_fail_rate: 0.0096
Metrics/racket_target/post_contact_ready_resolution_success_latency_steps: 4.8470
Metrics/racket_target/post_contact_ready_resolution_fail_latency_steps: 10.3469
Metrics/racket_target/post_contact_ready_max_tilt: 0.0089
Metrics/racket_target/post_contact_ready_max_abs_pitch: 0.0088
Metrics/racket_target/post_contact_ready_max_com_x: 0.0021
Metrics/racket_target/post_contact_ready_max_com_y: 0.0009
Metrics/racket_target/post_contact_ready_max_waist_overflow: 0.0000
Metrics/racket_target/post_contact_ready_max_leg_overflow: 0.0012
Metrics/racket_target/post_contact_ready_settlement_velocity_score_ema: 0.6308
Metrics/racket_target/post_contact_ready_settlement_position_gate_ema: 0.7666
Metrics/racket_target/post_contact_ready_settlement_health_gate_ema: 0.9795
Metrics/racket_target/post_contact_ready_settlement_recovery_gate_ema: 0.4346
Metrics/racket_target/post_contact_ready_settlement_total_score_ema: 0.2043
Metrics/racket_target/post_contact_recovery_backlean_error: 0.0478
Metrics/racket_target/post_contact_recovery_directional_progress: 0.0000
Metrics/racket_target/post_contact_ready_torso_ok: 0.0925
Metrics/racket_target/post_contact_ready_motion_ok: 0.6999
Metrics/racket_target/post_contact_ready_support_ok: 0.9625
Metrics/racket_target/post_contact_ready_arm_ok: 1.0000
Metrics/racket_target/post_contact_ready_base_lin_vel_ok: 0.9625
Metrics/racket_target/post_contact_ready_base_ang_vel_ok: 0.8022
Metrics/racket_target/post_contact_ready_racket_speed_ok: 0.8836
Metrics/racket_target/post_contact_ready_height_ok: 0.9896
Metrics/racket_target/post_contact_ready_com_x_ok: 0.9625
Metrics/racket_target/post_contact_ready_com_y_ok: 0.9896
Metrics/racket_target/post_contact_ready_feet_ok: 0.9948
Metrics/racket_target/post_contact_ready_station_ok: 0.9625
Metrics/racket_target/post_contact_ready_fail_torso: 0.0000
Metrics/racket_target/post_contact_ready_fail_base_lin_vel: 0.0000
Metrics/racket_target/post_contact_ready_fail_base_ang_vel: 0.0000
Metrics/racket_target/post_contact_ready_fail_racket_speed: 0.0000
Metrics/racket_target/post_contact_ready_fail_support: 0.0000
Metrics/racket_target/post_contact_ready_fail_arm: 0.0000
Metrics/racket_target/post_contact_ready_shadow_now: 0.0000
Metrics/racket_target/post_contact_ready_shadow_consecutive_steps: 0.0000
Metrics/racket_target/post_contact_ready_shadow_success_latch: 0.0000
Metrics/racket_target/post_contact_ready_curriculum_level: 0.0000
Metrics/racket_target/post_contact_ready_curriculum_fraction: 1.0000
Metrics/racket_target/post_contact_ready_curriculum_success_ema: 0.0000
Metrics/racket_target/post_contact_ready_curriculum_shadow_success_ema: 0.0000
Metrics/racket_target/post_contact_ready_curriculum_resolved_events: 0.0000
Metrics/racket_target/post_contact_ready_curriculum_successful_events: 0.0000
Metrics/racket_target/post_contact_ready_curriculum_targeted_attempt_ema: 0.0000
Metrics/racket_target/post_contact_ready_curriculum_return_success_ema: 0.0000
Metrics/racket_target/post_contact_ready_curriculum_completed_swings: 0.0000
Metrics/racket_target/post_contact_ready_curriculum_advance_streak: 0.0000
Metrics/racket_target/post_contact_ready_curriculum_advance_guard_ok: 0.0000
Metrics/racket_target/post_contact_ready_effective_max_torso_ang_vel: 1.5000
Metrics/racket_target/post_contact_ready_effective_torso_x_min: -0.1200
Metrics/racket_target/post_contact_ready_effective_torso_x_max: 0.3200
Metrics/racket_target/post_contact_ready_effective_max_base_lin_vel: 0.4500
Metrics/racket_target/post_contact_ready_effective_max_base_ang_vel: 1.3000
Metrics/racket_target/post_contact_ready_effective_max_racket_speed: 3.0000
Metrics/racket_target/post_contact_ready_effective_min_feet_contact: 0.5000
Metrics/racket_target/post_contact_ready_effective_required_consecutive_steps: 3.0000
Metrics/racket_target/post_contact_ready_effective_deadline_steps: 40.0000
Metrics/racket_target/post_contact_ready_curriculum_advance_threshold: 1.0000
Metrics/racket_target/post_contact_ready_curriculum_advance_min_events: 0.0000
Metrics/racket_target/post_contact_ready_curriculum_shadow_threshold: 1.0000
Metrics/racket_target/post_contact_ready_curriculum_min_targeted_attempt_ema: 0.0000
Metrics/racket_target/post_contact_ready_curriculum_min_return_success_ema: 0.0000
Metrics/racket_target/post_contact_ready_curriculum_min_completed_swings: 1.0000
Metrics/racket_target/post_contact_ready_curriculum_required_advance_checks: 1.0000
Metrics/racket_target/racket_normal_error_deg: 70.1981
Metrics/racket_target/impact_normal_error_deg: 1.0707
Metrics/racket_target/impact_racket_vel_error_mps: 0.5913
Metrics/racket_target/impact_racket_speed_ratio: 0.9218
Metrics/racket_target/impact_racket_vel_angle_deg: 13.8774
Metrics/racket_target/impact_racket_actual_vel_x: 0.9120
Metrics/racket_target/impact_racket_actual_vel_y: 0.0304
Metrics/racket_target/impact_racket_actual_vel_z: 1.4353
Metrics/racket_target/impact_racket_target_vel_x: 1.2388
Metrics/racket_target/impact_racket_target_vel_y: 0.0285
Metrics/racket_target/impact_racket_target_vel_z: 1.3920
Metrics/racket_target/impact_ball_out_error_mps: 4.6898
Metrics/racket_target/impact_face_radial_error_m: 0.0580
Metrics/racket_target/impact_face_normal_gap_m: 0.0467
Metrics/racket_target/impact_face_quality: 0.6720
Metrics/racket_target/impact_center_contact: 0.0000
Metrics/racket_target/impact_center_net_cross: 0.0000
Metrics/racket_target/impact_center_on_opponent: 0.0000
Metrics/racket_target/impact_rim_contact: 0.0000
Metrics/racket_target/impact_rim_net_cross: 0.0000
Metrics/racket_target/impact_rim_on_opponent: 0.0000
Metrics/racket_target/impact_analytic_outer_contact: 0.0000
Metrics/racket_target/impact_analytic_outer_net_cross: 0.0000
Metrics/racket_target/impact_analytic_outer_on_opponent: 0.0000
Metrics/racket_target/impact_planner_pos_error_m: 0.0806
Metrics/racket_target/impact_planner_vel_error_mps: 0.5913
Metrics/racket_target/impact_planner_speed_ratio: 0.9218
Metrics/racket_target/impact_planner_vel_angle_deg: 13.8774
Metrics/racket_target/impact_healthy_normal_ok: 0.0000
Metrics/racket_target/impact_healthy_contact: 0.0000
Metrics/racket_target/impact_healthy_net_cross: 0.0000
Metrics/racket_target/impact_healthy_on_opponent: 0.0000
Metrics/racket_target/current_swing_impact_health_score: 0.0413
Metrics/racket_target/current_swing_healthy_contact: 0.0427
Metrics/racket_target/current_swing_healthy_net_cross: 0.0427
Metrics/racket_target/current_swing_healthy_on_opponent: 0.0000
Metrics/racket_target/current_swing_healthy_normal_ok: 0.1026
Metrics/racket_target/current_swing_contact: 0.0427
Metrics/racket_target/current_swing_net_cross: 0.0427
Metrics/racket_target/current_swing_on_opponent: 0.0000
Metrics/racket_target/current_swing_center_contact: 0.0427
Metrics/racket_target/current_swing_center_net_cross: 0.0427
Metrics/racket_target/current_swing_center_on_opponent: 0.0000
Metrics/racket_target/current_swing_rim_contact: 0.0000
Metrics/racket_target/current_swing_rim_net_cross: 0.0000
Metrics/racket_target/current_swing_rim_on_opponent: 0.0000
Metrics/racket_target/current_swing_analytic_outer_contact: 0.0000
Metrics/racket_target/current_swing_analytic_outer_net_cross: 0.0000
Metrics/racket_target/current_swing_analytic_outer_on_opponent: 0.0000
Metrics/racket_target/cycle_v2_outcome_tier: -1.0000
Metrics/racket_target/cycle_v2_streak: 0.0000
Metrics/racket_target/closed_loop_recovery_trigger_event: 0.0000
Metrics/racket_target/closed_loop_cycle_success_event: 0.0000
Metrics/racket_target/closed_loop_durable_cycle_success_event: 0.0000
Metrics/racket_target/closed_loop_phase_id: 1.0500
Metrics/racket_target/closed_loop_phase_ready_no_command: 0.0422
Metrics/racket_target/closed_loop_phase_command_acquire: 0.8656
Metrics/racket_target/closed_loop_phase_pre_strike: 0.0922
Metrics/racket_target/closed_loop_phase_strike: 0.0000
Metrics/racket_target/closed_loop_phase_follow_through: 0.0000
Metrics/racket_target/closed_loop_phase_recovery: 0.0000
Metrics/racket_target/closed_loop_phase_next_ready: 0.0000
Metrics/racket_target/post_contact_phase_impact_0_100ms_attempts: 5098.7500
Metrics/racket_target/post_contact_phase_impact_0_100ms_tilt_gt_0p1_rate: 1.0000
Metrics/racket_target/post_contact_phase_impact_0_100ms_pitch_gt_0p1_rate: 1.0000
Metrics/racket_target/post_contact_phase_impact_0_100ms_waist_overflow_gt_1p0_rate: 0.0000
Metrics/racket_target/post_contact_phase_impact_0_100ms_base_ang_vel_gt_0p8_rate: 0.9882
Metrics/racket_target/post_contact_phase_brake_100_300ms_attempts: 5019.0625
Metrics/racket_target/post_contact_phase_brake_100_300ms_tilt_gt_0p1_rate: 0.9972
Metrics/racket_target/post_contact_phase_brake_100_300ms_pitch_gt_0p1_rate: 0.9950
Metrics/racket_target/post_contact_phase_brake_100_300ms_waist_overflow_gt_1p0_rate: 0.0000
Metrics/racket_target/post_contact_phase_brake_100_300ms_base_ang_vel_gt_0p8_rate: 0.9946
Metrics/racket_target/post_contact_phase_settle_300_600ms_attempts: 4869.1875
Metrics/racket_target/post_contact_phase_settle_300_600ms_tilt_gt_0p1_rate: 0.8372
Metrics/racket_target/post_contact_phase_settle_300_600ms_pitch_gt_0p1_rate: 0.7931
Metrics/racket_target/post_contact_phase_settle_300_600ms_waist_overflow_gt_1p0_rate: 0.0000
Metrics/racket_target/post_contact_phase_settle_300_600ms_base_ang_vel_gt_0p8_rate: 0.9916
Metrics/racket_target/post_contact_phase_ready_after_600ms_attempts: 4634.2188
Metrics/racket_target/post_contact_phase_ready_after_600ms_tilt_gt_0p1_rate: 0.5543
Metrics/racket_target/post_contact_phase_ready_after_600ms_pitch_gt_0p1_rate: 0.4717
Metrics/racket_target/post_contact_phase_ready_after_600ms_waist_overflow_gt_1p0_rate: 0.0000
Metrics/racket_target/post_contact_phase_ready_after_600ms_base_ang_vel_gt_0p8_rate: 0.9463
Metrics/racket_target/base_pitch_like_signed: 0.0168
Metrics/racket_target/base_backward_velocity: 0.0235
Metrics/racket_target/waist_action_rms: 0.6045
Metrics/racket_target/right_arm_action_rms: 3.8749
Metrics/racket_target/leg_action_rms: 0.4903
Metrics/racket_target/action_abs_max: 7.6765
Metrics/racket_target/applied_action_abs_max: 7.5962
Metrics/racket_target/leg_action_abs_max: 0.9844
Metrics/racket_target/effective_action_abs_max: 7.5962
Metrics/racket_target/action_clamp_fraction: 0.0019
Metrics/racket_target/waist_action_clamp_fraction: 0.0000
Metrics/racket_target/right_arm_action_clamp_fraction: 0.0000
Metrics/racket_target/leg_action_clamp_fraction: 0.0049
Metrics/racket_target/waist_q_tracking_error_rms: 0.3493
Metrics/racket_target/right_arm_q_tracking_error_rms: 0.2202
Metrics/racket_target/leg_q_tracking_error_rms: 0.1846
Metrics/racket_target/waist_torque_clip_fraction: 0.0000
Metrics/racket_target/right_arm_torque_clip_fraction: 0.0021
Metrics/racket_target/leg_torque_clip_fraction: 0.0000
Metrics/racket_target/waist_action_delta_rms: 0.1805
Metrics/racket_target/right_arm_action_delta_rms: 0.9335
Metrics/racket_target/leg_action_delta_rms: 0.2762
Metrics/racket_target/waist_joint_vel_rms: 0.8755
Metrics/racket_target/right_arm_joint_vel_rms: 1.8217
Metrics/racket_target/leg_joint_vel_rms: 0.7258
Metrics/racket_target/recovery_leg_action_abs_max: 0.6752
Metrics/racket_target/recovery_leg_action_delta_rms: 0.1944
Metrics/racket_target/recovery_leg_joint_vel_rms: 0.5169
      Episode_Termination/time_out: 3.5312
  Episode_Termination/base_too_low: 0.0312
   Episode_Termination/base_tilted: 0.0625
   Episode_Termination/table_touch: 0.1250
Episode_Termination/persistent_action_overflow: 0.0000
--------------------------------------------------------------------------------
                   Total timesteps: 1245184
                    Iteration time: 2.30s
                      Time elapsed: 00:00:43
                               ETA: 00:00:04

################################################################################
                     [1m Learning iteration 1819/1820 [0m                     

                       Computation: 28338 steps/s (collection: 2.297s, learning 0.016s)
             Mean action noise std: 0.45
          Mean value_function loss: 0.1344
               Mean surrogate loss: -0.0000
                 Mean entropy loss: 2.8121
      Mean critic_only_warmup loss: 1.0000
                       Mean reward: 14.40
               Mean episode length: 470.48
 Episode_Reward/undesired_contacts: 0.0000
  Episode_Reward/feet_contact_slip: -0.0023
     Episode_Reward/table_no_touch: -0.0004
              Episode_Reward/alive: 0.0094
            Episode_Reward/upright: -0.0069
          Episode_Reward/imitation: 0.3893
    Episode_Reward/racket_position: 0.0729
Episode_Reward/backhand_racket_position: 0.0334
    Episode_Reward/racket_velocity: 0.0472
Episode_Reward/planner_racket_task_space_crossfade: 0.2974
Episode_Reward/exact_impact_planner_task_space_alignment: 0.0070
    Episode_Reward/blade_direction: 0.0432
Episode_Reward/health_gated_soft_ball_contact: 0.0475
Episode_Reward/health_gated_backhand_soft_ball_contact: 0.0308
Episode_Reward/health_gated_ball_contact: 0.0086
Episode_Reward/healthy_trunk_support: 0.0671
Episode_Reward/targeted_strike_attempt: 0.0108
  Episode_Reward/strike_inactivity: -0.0000
 Episode_Reward/pre_strike_station: 0.0697
    Episode_Reward/recovery_health: 0.0592
Episode_Reward/no_command_ready_stability: 0.0010
Episode_Reward/post_strike_base_ang_vel: 0.0115
Episode_Reward/phase_action_overflow: -0.0001
     Episode_Reward/strike_balance: 0.0276
Episode_Reward/prestrike_station_progress: 0.0174
 Episode_Reward/lower_body_support: 0.0409
Episode_Reward/termination_penalty: -0.0124
Episode_Reward/phase_action_rate_waist: -0.0003
Episode_Reward/phase_action_rate_upper: -0.0067
Episode_Reward/phase_action_rate_legs: -0.0003
        Episode_Reward/joint_limit: -0.0374
Episode_Reward/prestrike_racket_progress: 0.2044
Episode_Reward/near_impact_planner_velocity_progress: 0.0430
Episode_Reward/operational_joint_margin: -0.0044
  Episode_Reward/joint_target_slew: -0.0326
Episode_Reward/actuator_waist_feasibility: -0.0000
Episode_Reward/actuator_right_arm_feasibility: -0.0000
Episode_Reward/actuator_leg_feasibility: -0.0000
Episode_Reward/terminal_quality_window: 0.0013
Episode_Reward/safe_terminal_quality: 0.0023
Episode_Reward/unsafe_terminal_recovery: -0.0001
Episode_Reward/capability_gated_safe_terminal_outcome: 0.0180
    Metrics/motion/error_joint_pos: 2.1252
    Metrics/motion/error_joint_vel: 6.2865
     Metrics/motion/error_body_pos: 0.1425
     Metrics/motion/error_body_rot: 0.8225
       Metrics/motion/motion_phase: 0.1066
            Metrics/motion/in_hold: 0.3946
Metrics/motion/motion_start_warmup_prob: 0.8000
Metrics/motion/motion_start_lifecycle_progress: 0.0000
Metrics/motion/motion_start_effective_prestrike_fraction: 1.0000
Metrics/motion/motion_start_effective_recovery_fraction: 0.0000
Metrics/motion/motion_start_effective_rsi_fraction: 0.0000
 Metrics/motion/motion_start_reset: 0.0078
Metrics/motion/motion_start_prestrike_reset: 0.0000
Metrics/motion/motion_start_recovery_reset: 0.0000
Metrics/motion/motion_start_rsi_reset: 0.0000
 Metrics/motion/single_cycle_reset: 0.0000
     Metrics/motion/motion_clip_id: 0.6121
Metrics/motion/motion_supplemental_clip: 0.0000
      Metrics/motion/stand_episode: 0.0091
Metrics/motion/default_stand_reset: 0.0440
Metrics/motion/error_body_pos_lower: 0.1758
Metrics/motion/error_body_rot_lower: 1.0437
Metrics/motion/error_body_lin_vel_lower: 0.1699
Metrics/motion/error_body_ang_vel_lower: 0.8321
Metrics/motion/reference_body_lin_speed_lower: 0.0279
Metrics/motion/robot_body_lin_speed_lower: 0.1571
Metrics/motion/error_body_pos_core: 0.0564
Metrics/motion/error_body_rot_core: 0.5564
Metrics/motion/error_body_lin_vel_core: 0.2615
Metrics/motion/error_body_ang_vel_core: 1.1215
Metrics/motion/reference_body_lin_speed_core: 0.0155
Metrics/motion/robot_body_lin_speed_core: 0.2620
Metrics/motion/error_body_pos_upper: 0.1379
Metrics/motion/error_body_rot_upper: 0.6900
Metrics/motion/error_body_lin_vel_upper: 0.7707
Metrics/motion/error_body_ang_vel_upper: 2.7411
Metrics/motion/reference_body_lin_speed_upper: 0.0287
Metrics/motion/robot_body_lin_speed_upper: 0.7681
Metrics/motion/error_joint_pos_waist: 0.8194
Metrics/motion/error_joint_vel_waist: 1.4253
Metrics/motion/reference_joint_speed_waist: 0.0374
Metrics/motion/error_joint_pos_arms: 1.8084
Metrics/motion/error_joint_vel_arms: 5.4497
Metrics/motion/reference_joint_speed_arms: 0.0785
Metrics/motion/error_joint_pos_legs: 0.7090
Metrics/motion/error_joint_vel_legs: 2.4482
Metrics/motion/reference_joint_speed_legs: 0.0073
Metrics/racket_target/racket_pos_error: 0.1229
Metrics/racket_target/racket_vel_error: 1.2801
Metrics/racket_target/time_to_strike: 0.8887
Metrics/racket_target/return_success: 0.0159
Metrics/racket_target/prev_return_success: 0.0159
Metrics/racket_target/prev_net_cross: 0.6254
Metrics/racket_target/current_net_cross: 0.0089
Metrics/racket_target/racket_pos_curriculum_scale: 1.0000
Metrics/racket_target/impact_inverse_command_blend: 0.0000
Metrics/racket_target/steps_since_target_resample: 32.8807
Metrics/racket_target/recovery_height_error: 0.0394
Metrics/racket_target/recovery_upright_error: 0.1304
Metrics/racket_target/recovery_base_lin_vel: 0.2312
Metrics/racket_target/recovery_base_ang_vel: 1.0225
Metrics/racket_target/recovery_station_error: 0.0916
Metrics/racket_target/recovery_feet_contact_frac: 0.9978
Metrics/racket_target/recovery_racket_speed: 1.8882
Metrics/racket_target/recovery_height_score: 0.8481
Metrics/racket_target/recovery_upright_score: 0.8138
Metrics/racket_target/recovery_lin_vel_score: 0.6493
Metrics/racket_target/recovery_ang_vel_score: 0.3152
Metrics/racket_target/recovery_station_score: 0.8547
Metrics/racket_target/recovery_racket_score: 0.0579
Metrics/racket_target/recovery_arm_score: 0.5250
Metrics/racket_target/recovery_ready_score: 0.6793
Metrics/racket_target/recovery_anchor_arm_score: 1.0000
Metrics/racket_target/recovery_core_ready_score: 0.5391
Metrics/racket_target/recovery_functional_ready_score: 0.4574
Metrics/racket_target/waist_action_overflow_rms: 0.0000
Metrics/racket_target/right_arm_action_overflow_rms: 0.0000
Metrics/racket_target/leg_action_overflow_rms: 0.0108
Metrics/racket_target/operational_margin_fraction: 0.0058
Metrics/racket_target/waist_operational_margin_fraction: 0.0000
Metrics/racket_target/right_arm_operational_margin_fraction: 0.0019
Metrics/racket_target/leg_operational_margin_fraction: 0.0139
Metrics/racket_target/waist_operational_excess_rms: 0.0000
Metrics/racket_target/right_arm_operational_excess_rms: 0.0001
Metrics/racket_target/leg_operational_excess_rms: 0.0065
Metrics/racket_target/q_des_velocity_violation_fraction: 0.0834
Metrics/racket_target/waist_q_des_velocity_violation_fraction: 0.0212
Metrics/racket_target/right_arm_q_des_velocity_violation_fraction: 0.1108
Metrics/racket_target/leg_q_des_velocity_violation_fraction: 0.1028
Metrics/racket_target/q_des_acceleration_violation_fraction: 0.7162
Metrics/racket_target/waist_q_des_acceleration_violation_fraction: 0.5945
Metrics/racket_target/right_arm_q_des_acceleration_violation_fraction: 0.8495
Metrics/racket_target/leg_q_des_acceleration_violation_fraction: 0.7811
Metrics/racket_target/waist_q_des_velocity_rms: 3.7669
Metrics/racket_target/right_arm_q_des_velocity_rms: 8.4543
Metrics/racket_target/leg_q_des_velocity_rms: 7.1114
Metrics/racket_target/waist_q_des_acceleration_rms: 307.1325
Metrics/racket_target/right_arm_q_des_acceleration_rms: 723.5920
Metrics/racket_target/leg_q_des_acceleration_rms: 615.0148
Metrics/racket_target/action_operational_feasibility_score: 0.9400
Metrics/racket_target/actuator_overflow_consecutive_steps: 0.0000
Metrics/racket_target/actuator_overflow_severe: 0.0000
Metrics/racket_target/recovery_phase_gate: 0.6740
Metrics/racket_target/recovery_phase_ready_score: 0.4601
Metrics/racket_target/recovery_contact_ready_score: 0.0065
Metrics/racket_target/recovery_net_ready_score: 0.0065
Metrics/racket_target/recovery_return_ready_score: 0.0000
Metrics/racket_target/cycle_success_ready_score: 0.0070
Metrics/racket_target/cycle_success_soft: 0.0051
Metrics/racket_target/cycle_success_binary: 0.0045
Metrics/racket_target/cycle_v2_pending: 0.0000
Metrics/racket_target/cycle_v2_attempt_latch: 0.0000
Metrics/racket_target/cycle_v2_ready_success_latch: 0.0000
Metrics/racket_target/cycle_v2_ready_fail_latch: 0.0000
Metrics/racket_target/cycle_v2_attempt_event: 0.0000
Metrics/racket_target/cycle_v2_ready_success_event: 0.0000
Metrics/racket_target/cycle_v2_ready_fail_event: 0.0000
Metrics/racket_target/cycle_v2_unresolved_resample_fail_event: 0.0000
Metrics/racket_target/cycle_v2_resolved_event: 0.0000
Metrics/racket_target/cycle_v2_command_visible_steps: 0.0000
Metrics/racket_target/cycle_v2_elapsed_steps: 0.0000
Metrics/racket_target/cycle_v2_ready_score: 0.0000
Metrics/racket_target/cycle_v2_ready_ok: 0.0000
Metrics/racket_target/cycle_v2_visible: 0.0000
Metrics/racket_target/cycle_v2_ready_score_ok: 0.0000
Metrics/racket_target/cycle_v2_height_ok: 0.0000
Metrics/racket_target/cycle_v2_upright_ok: 0.0000
Metrics/racket_target/cycle_v2_base_lin_vel_ok: 0.0000
Metrics/racket_target/cycle_v2_base_ang_vel_ok: 0.0000
Metrics/racket_target/cycle_v2_feet_ok: 0.0000
Metrics/racket_target/cycle_v2_core_ready_ok: 0.0000
Metrics/racket_target/cycle_v2_ready_consecutive_steps: 0.0000
Metrics/racket_target/single_cycle_bootstrap: 0.0000
Metrics/racket_target/single_cycle_swing_completed: 0.0000
Metrics/racket_target/single_cycle_recovery_active: 0.0000
Metrics/racket_target/single_cycle_recovery_elapsed_steps: 0.0000
Metrics/racket_target/single_cycle_ready_consecutive_steps: 0.0000
Metrics/racket_target/single_cycle_safe_timeout_event: 0.0000
Metrics/racket_target/single_cycle_deadline_timeout_event: 0.0000
Metrics/racket_target/single_cycle_timeout_latch: 0.0000
Metrics/racket_target/single_cycle_hard_failure_event: 0.0000
Metrics/racket_target/single_cycle_probability: 0.0000
Metrics/racket_target/single_cycle_curriculum_level: 0.0000
Metrics/racket_target/single_cycle_effective_deadline_steps: 100.0000
Metrics/racket_target/single_cycle_selected_events: 0.0000
Metrics/racket_target/single_cycle_completed_events: 0.0000
Metrics/racket_target/single_cycle_safe_timeout_events: 0.0000
Metrics/racket_target/single_cycle_deadline_timeout_events: 0.0000
Metrics/racket_target/single_cycle_hard_failure_events: 0.0000
Metrics/racket_target/active_ready_consecutive_steps: 0.0208
Metrics/racket_target/active_ready_success_event: 0.0000
Metrics/racket_target/active_ready_success_latch: 0.0000
Metrics/racket_target/active_ready_survival_steps: 0.0000
Metrics/racket_target/active_ready_survival_next_milestone: 0.0000
Metrics/racket_target/active_ready_survival_milestone_event: 0.0000
Metrics/racket_target/no_command_ready_active: 0.0143
Metrics/racket_target/no_command_from_stand_episode: 0.0091
Metrics/racket_target/no_command_from_default_stand_reset: 0.0091
Metrics/racket_target/no_command_ready_upright_ok: 0.0143
Metrics/racket_target/no_command_ready_motion_ok: 0.0104
Metrics/racket_target/no_command_ready_score: 0.0095
Metrics/racket_target/no_command_ready_progress: 0.0060
Metrics/racket_target/no_command_ready_station_error: 0.0010
Metrics/racket_target/no_command_ready_fixed_station_error: 0.0010
Metrics/racket_target/healthy_training_stage: 3.0000
Metrics/racket_target/healthy_stage_planted_rehearsal: 0.0000
Metrics/racket_target/healthy_stage_station_hold_seen: 0.0000
Metrics/racket_target/healthy_stage_station_arrived: 0.0000
Metrics/racket_target/healthy_stage_station_settled: 0.0000
Metrics/racket_target/healthy_stage_station_settle_steps: 0.0000
Metrics/racket_target/station_relocation_active: 0.0000
Metrics/racket_target/station_relocation_target_offset_y: 0.0000
Metrics/racket_target/station_relocation_error: 0.0000
Metrics/racket_target/station_relocation_arrival_event: 0.0000
Metrics/racket_target/station_relocation_settle_event: 0.0000
Metrics/racket_target/station_relocation_release_event: 0.0000
Metrics/racket_target/station_relocation_timeout_event: 0.0000
Metrics/racket_target/station_relocation_elapsed_steps: 0.0000
Metrics/racket_target/station_relocation_hold_deadline_steps: 0.0000
Metrics/racket_target/lifecycle_recovery_hold_active: 0.0000
Metrics/racket_target/lifecycle_recovery_release_success_event: 0.0000
Metrics/racket_target/lifecycle_recovery_release_fail_event: 0.0000
Metrics/racket_target/station_relocation_level: 0.0000
Metrics/racket_target/station_relocation_arrival_ema: 0.0000
Metrics/racket_target/station_relocation_settle_ema: 0.0000
Metrics/racket_target/station_relocation_contact_ema: 0.0000
Metrics/racket_target/station_relocation_safety_ema: 0.0000
Metrics/racket_target/station_relocation_resolved_events: 0.0000
Metrics/racket_target/station_relocation_terminal_reset_events: 0.0000
Metrics/racket_target/station_relocation_advance_streak: 0.0000
Metrics/racket_target/station_relocation_regress_streak: 0.0000
Metrics/racket_target/station_relocation_effective_max_lin_vel: 0.0000
Metrics/racket_target/station_relocation_effective_max_ang_vel: 0.0000
Metrics/racket_target/station_relocation_effective_min_settle_steps: 0.0000
Metrics/racket_target/ability_curriculum_level: 0.0000
Metrics/racket_target/ability_curriculum_scale: 1.0000
Metrics/racket_target/ability_curriculum_resolved_events: 1612.5938
Metrics/racket_target/ability_curriculum_total_resolved_events: 5708.5938
Metrics/racket_target/ability_curriculum_advance_streak: 0.0000
Metrics/racket_target/ability_curriculum_regress_streak: 0.0000
Metrics/racket_target/ability_contact_ema: 0.7068
Metrics/racket_target/ability_net_ema: 0.6866
Metrics/racket_target/ability_success_ema: 0.0242
Metrics/racket_target/ability_recovery_ema: 0.8069
Metrics/racket_target/ability_cycle_ema: 0.0242
Metrics/racket_target/ability_cycle_attempt_ema: 0.0242
Metrics/racket_target/ability_cycle_resolved_ema: 0.0242
Metrics/racket_target/ability_forehand_contact_ema: 0.7821
Metrics/racket_target/ability_forehand_net_ema: 0.7634
Metrics/racket_target/ability_forehand_success_ema: 0.0154
Metrics/racket_target/ability_backhand_contact_ema: 0.6603
Metrics/racket_target/ability_backhand_net_ema: 0.6396
Metrics/racket_target/ability_backhand_success_ema: 0.0290
Metrics/racket_target/ability_attempt_ema: 1.0000
Metrics/racket_target/ability_targeted_attempt_ema: 0.9979
Metrics/racket_target/impact_health_floor_progress: 0.0000
Metrics/racket_target/ability_safety_ema: 0.9679
Metrics/racket_target/ability_station_saturation_ema: 0.0000
Metrics/racket_target/ability_healthy_normal_ema: 0.9987
Metrics/racket_target/ability_station_arrival_ema: 0.0000
Metrics/racket_target/ability_station_settle_ema: 0.0000
Metrics/racket_target/safe_outcome_capability_gate: 0.6541
Metrics/racket_target/planner_hit_plane_blend: 1.0000
Metrics/racket_target/planner_hit_plane_x_delta: 0.0368
Metrics/racket_target/true_strike_table_x: 0.2000
Metrics/racket_target/planner_target_table_x: 0.2000
Metrics/racket_target/workspace_level: 0.0000
Metrics/racket_target/workspace_fringe_sample: 0.0000
Metrics/racket_target/workspace_target_lateral_norm: 0.2901
Metrics/racket_target/workspace_target_table_y: -0.2096
Metrics/racket_target/workspace_playable_y_min: -0.7225
Metrics/racket_target/workspace_playable_y_max: 0.7225
Metrics/racket_target/workspace_active_y_lo: -0.2790
Metrics/racket_target/workspace_active_y_hi: -0.1474
Metrics/racket_target/workspace_motion_seed_blend: 0.0000
Metrics/racket_target/planner_perturb_curriculum_scale: 1.0000
Metrics/racket_target/incoming_ball_horizontal_speed: 2.2186
Metrics/racket_target/incoming_ball_speed: 4.6388
Metrics/racket_target/incoming_ball_speed_curriculum_level: 0.0000
Metrics/racket_target/incoming_ball_speed_sample_low: 0.0000
Metrics/racket_target/incoming_ball_speed_sample_high: 0.0000
Metrics/racket_target/station_saturated: 0.0000
Metrics/racket_target/station_raw_clip_excess: 0.0000
Metrics/racket_target/station_saturated_x: 0.0000
Metrics/racket_target/station_saturated_y: 0.0000
Metrics/racket_target/station_raw_clip_excess_x: 0.0000
Metrics/racket_target/station_raw_clip_excess_y: 0.0000
Metrics/racket_target/current_swing_opportunity: 0.0890
Metrics/racket_target/current_swing_attempt: 0.0890
Metrics/racket_target/current_swing_targeted_attempt: 0.0811
Metrics/racket_target/prev_swing_targeted_attempt: 0.9482
Metrics/racket_target/current_swing_unsafe: 0.0551
Metrics/racket_target/current_swing_station_saturated: 0.0000
Metrics/racket_target/impact_health_score: 0.8661
Metrics/racket_target/impact_health_ok: 0.8853
Metrics/racket_target/impact_health_backlean_violation: 0.0109
Metrics/racket_target/impact_health_waist_backfold: 0.0000
Metrics/racket_target/impact_health_base_retreat: 0.0363
Metrics/racket_target/impact_health_torso_gravity_x: 0.3434
Metrics/racket_target/impact_health_torso_ang_vel: 0.5170
Metrics/racket_target/impact_health_com_x: 0.0533
Metrics/racket_target/impact_health_com_y: 0.0280
Metrics/racket_target/post_contact_ready_pending: 0.0000
Metrics/racket_target/post_contact_ready_elapsed_steps: 0.0491
Metrics/racket_target/post_contact_ready_consecutive_steps: 0.0000
Metrics/racket_target/post_contact_ready_diagnostic_pending: 0.0000
Metrics/racket_target/post_contact_ready_diagnostic_elapsed_steps: 0.3393
Metrics/racket_target/post_contact_ready_durable_pending: 0.0000
Metrics/racket_target/post_contact_ready_durable_consecutive_steps: 0.0000
Metrics/racket_target/post_contact_ready_durable_ready_now: 0.0000
Metrics/racket_target/post_contact_ready_durable_success_event: 0.0000
Metrics/racket_target/post_contact_ready_durable_fail_event: 0.0000
Metrics/racket_target/post_contact_ready_durable_resolution_success_rate: 0.2591
Metrics/racket_target/post_contact_ready_durable_resolution_fail_rate: 0.6888
Metrics/racket_target/post_contact_ready_durable_resolution_success_latency_steps: 35.0000
Metrics/racket_target/post_contact_ready_durable_resolution_fail_latency_steps: 33.6648
Metrics/racket_target/post_contact_ready_durable_fail_backlean_rate: 0.0450
Metrics/racket_target/post_contact_ready_durable_fail_forward_lean_rate: 0.8493
Metrics/racket_target/post_contact_ready_durable_fail_torso_ang_vel_rate: 0.0450
Metrics/racket_target/post_contact_ready_durable_fail_base_lin_vel_rate: 0.0466
Metrics/racket_target/post_contact_ready_durable_fail_base_ang_vel_rate: 0.3901
Metrics/racket_target/post_contact_ready_durable_fail_racket_speed_rate: 0.0450
Metrics/racket_target/post_contact_ready_durable_fail_height_rate: 0.0450
Metrics/racket_target/post_contact_ready_durable_fail_com_x_rate: 0.0480
Metrics/racket_target/post_contact_ready_durable_fail_com_y_rate: 0.0450
Metrics/racket_target/post_contact_ready_durable_fail_feet_rate: 0.0450
Metrics/racket_target/post_contact_ready_durable_fail_station_rate: 0.0453
Metrics/racket_target/post_contact_ready_durable_fail_arm_rate: 0.0450
Metrics/racket_target/post_contact_ready_terminal_window_active: 0.0000
Metrics/racket_target/post_contact_ready_terminal_quality: 0.0081
Metrics/racket_target/post_contact_ready_terminal_settlement_event: 0.0000
Metrics/racket_target/post_contact_ready_operational_ready_now: 0.0000
Metrics/racket_target/post_contact_ready_operational_consecutive_steps: 0.0000
Metrics/racket_target/post_contact_ready_safe_settlement_event: 0.0000
Metrics/racket_target/post_contact_ready_unsafe_settlement_event: 0.0000
Metrics/racket_target/post_contact_ready_incomplete_settlement_event: 0.0000
Metrics/racket_target/post_contact_ready_safe_net_cycle_event: 0.0000
Metrics/racket_target/post_contact_ready_terminal_quality_mean: 0.9263
Metrics/racket_target/post_contact_ready_safe_terminal_quality_mean: 0.9346
Metrics/racket_target/post_contact_ready_terminal_safe_rate: 0.7117
Metrics/racket_target/post_contact_ready_terminal_unsafe_rate: 0.0365
Metrics/racket_target/post_contact_ready_terminal_incomplete_rate: 0.2518
Metrics/racket_target/post_contact_ready_safe_net_cycle_rate: 0.6934
Metrics/racket_target/post_contact_ready_score: 0.7167
Metrics/racket_target/post_contact_ready_now: 0.0000
Metrics/racket_target/post_contact_ready_success_event: 0.0000
Metrics/racket_target/post_contact_ready_fail_event: 0.0000
Metrics/racket_target/post_contact_ready_outcome_tier: -0.9821
Metrics/racket_target/post_contact_ready_face_quality: 0.0038
Metrics/racket_target/post_contact_ready_safe_face_net_cycle_value: 0.0000
Metrics/racket_target/post_contact_ready_planner_speed_ratio: 0.0083
Metrics/racket_target/post_contact_ready_planner_direction_error_rad: 0.0020
Metrics/racket_target/post_contact_ready_planner_position_error: 0.0007
Metrics/racket_target/post_contact_ready_impact_health_score: 0.0087
Metrics/racket_target/post_contact_ready_peak_base_ang_vel: 0.0121
Metrics/racket_target/post_contact_ready_peak_ang_vel_excess_increment: 0.0000
Metrics/racket_target/post_contact_ready_envelope_violation_latch: 0.0000
Metrics/racket_target/post_contact_ready_envelope_violation_event: 0.0000
Metrics/racket_target/post_contact_ready_envelope_first_violation_step: -1.0000
Metrics/racket_target/post_contact_ready_envelope_attempts: 5355.0000
Metrics/racket_target/post_contact_ready_envelope_violation_rate: 0.0367
Metrics/racket_target/post_contact_ready_envelope_tilt_violation_rate: 0.0002
Metrics/racket_target/post_contact_ready_envelope_pitch_violation_rate: 0.0002
Metrics/racket_target/post_contact_ready_envelope_com_violation_rate: 0.0011
Metrics/racket_target/post_contact_ready_envelope_waist_violation_rate: 0.0000
Metrics/racket_target/post_contact_ready_envelope_leg_violation_rate: 0.0000
Metrics/racket_target/post_contact_ready_envelope_base_ang_vel_violation_rate: 0.0357
Metrics/racket_target/post_contact_ready_resolution_success_rate: 0.9834
Metrics/racket_target/post_contact_ready_resolution_fail_rate: 0.0092
Metrics/racket_target/post_contact_ready_resolution_success_latency_steps: 4.8417
Metrics/racket_target/post_contact_ready_resolution_fail_latency_steps: 10.3469
Metrics/racket_target/post_contact_ready_max_tilt: 0.0017
Metrics/racket_target/post_contact_ready_max_abs_pitch: 0.0017
Metrics/racket_target/post_contact_ready_max_com_x: 0.0002
Metrics/racket_target/post_contact_ready_max_com_y: 0.0002
Metrics/racket_target/post_contact_ready_max_waist_overflow: 0.0000
Metrics/racket_target/post_contact_ready_max_leg_overflow: 0.0000
Metrics/racket_target/post_contact_ready_settlement_velocity_score_ema: 0.6169
Metrics/racket_target/post_contact_ready_settlement_position_gate_ema: 0.7802
Metrics/racket_target/post_contact_ready_settlement_health_gate_ema: 0.9802
Metrics/racket_target/post_contact_ready_settlement_recovery_gate_ema: 0.4382
Metrics/racket_target/post_contact_ready_settlement_total_score_ema: 0.2047
Metrics/racket_target/post_contact_recovery_backlean_error: 0.0630
Metrics/racket_target/post_contact_recovery_directional_progress: 0.0000
Metrics/racket_target/post_contact_ready_torso_ok: 0.0584
Metrics/racket_target/post_contact_ready_motion_ok: 0.6077
Metrics/racket_target/post_contact_ready_support_ok: 0.8970
Metrics/racket_target/post_contact_ready_arm_ok: 1.0000
Metrics/racket_target/post_contact_ready_base_lin_vel_ok: 0.8931
Metrics/racket_target/post_contact_ready_base_ang_vel_ok: 0.7048
Metrics/racket_target/post_contact_ready_racket_speed_ok: 0.8900
Metrics/racket_target/post_contact_ready_height_ok: 0.9449
Metrics/racket_target/post_contact_ready_com_x_ok: 0.8970
Metrics/racket_target/post_contact_ready_com_y_ok: 0.9747
Metrics/racket_target/post_contact_ready_feet_ok: 1.0000
Metrics/racket_target/post_contact_ready_station_ok: 0.8970
Metrics/racket_target/post_contact_ready_fail_torso: 0.0000
Metrics/racket_target/post_contact_ready_fail_base_lin_vel: 0.0000
Metrics/racket_target/post_contact_ready_fail_base_ang_vel: 0.0000
Metrics/racket_target/post_contact_ready_fail_racket_speed: 0.0000
Metrics/racket_target/post_contact_ready_fail_support: 0.0000
Metrics/racket_target/post_contact_ready_fail_arm: 0.0000
Metrics/racket_target/post_contact_ready_shadow_now: 0.0000
Metrics/racket_target/post_contact_ready_shadow_consecutive_steps: 0.0000
Metrics/racket_target/post_contact_ready_shadow_success_latch: 0.0000
Metrics/racket_target/post_contact_ready_curriculum_level: 0.0000
Metrics/racket_target/post_contact_ready_curriculum_fraction: 1.0000
Metrics/racket_target/post_contact_ready_curriculum_success_ema: 0.0000
Metrics/racket_target/post_contact_ready_curriculum_shadow_success_ema: 0.0000
Metrics/racket_target/post_contact_ready_curriculum_resolved_events: 0.0000
Metrics/racket_target/post_contact_ready_curriculum_successful_events: 0.0000
Metrics/racket_target/post_contact_ready_curriculum_targeted_attempt_ema: 0.0000
Metrics/racket_target/post_contact_ready_curriculum_return_success_ema: 0.0000
Metrics/racket_target/post_contact_ready_curriculum_completed_swings: 0.0000
Metrics/racket_target/post_contact_ready_curriculum_advance_streak: 0.0000
Metrics/racket_target/post_contact_ready_curriculum_advance_guard_ok: 0.0000
Metrics/racket_target/post_contact_ready_effective_max_torso_ang_vel: 1.5000
Metrics/racket_target/post_contact_ready_effective_torso_x_min: -0.1200
Metrics/racket_target/post_contact_ready_effective_torso_x_max: 0.3200
Metrics/racket_target/post_contact_ready_effective_max_base_lin_vel: 0.4500
Metrics/racket_target/post_contact_ready_effective_max_base_ang_vel: 1.3000
Metrics/racket_target/post_contact_ready_effective_max_racket_speed: 3.0000
Metrics/racket_target/post_contact_ready_effective_min_feet_contact: 0.5000
Metrics/racket_target/post_contact_ready_effective_required_consecutive_steps: 3.0000
Metrics/racket_target/post_contact_ready_effective_deadline_steps: 40.0000
Metrics/racket_target/post_contact_ready_curriculum_advance_threshold: 1.0000
Metrics/racket_target/post_contact_ready_curriculum_advance_min_events: 0.0000
Metrics/racket_target/post_contact_ready_curriculum_shadow_threshold: 1.0000
Metrics/racket_target/post_contact_ready_curriculum_min_targeted_attempt_ema: 0.0000
Metrics/racket_target/post_contact_ready_curriculum_min_return_success_ema: 0.0000
Metrics/racket_target/post_contact_ready_curriculum_min_completed_swings: 1.0000
Metrics/racket_target/post_contact_ready_curriculum_required_advance_checks: 1.0000
Metrics/racket_target/racket_normal_error_deg: 61.7478
Metrics/racket_target/impact_normal_error_deg: 0.9522
Metrics/racket_target/impact_racket_vel_error_mps: 0.5821
Metrics/racket_target/impact_racket_speed_ratio: 0.8938
Metrics/racket_target/impact_racket_vel_angle_deg: 14.0630
Metrics/racket_target/impact_racket_actual_vel_x: 0.8770
Metrics/racket_target/impact_racket_actual_vel_y: 0.0267
Metrics/racket_target/impact_racket_actual_vel_z: 1.3357
Metrics/racket_target/impact_racket_target_vel_x: 1.1996
Metrics/racket_target/impact_racket_target_vel_y: -0.0020
Metrics/racket_target/impact_racket_target_vel_z: 1.3600
Metrics/racket_target/impact_ball_out_error_mps: 4.5114
Metrics/racket_target/impact_face_radial_error_m: 0.0576
Metrics/racket_target/impact_face_normal_gap_m: 0.0498
Metrics/racket_target/impact_face_quality: 0.6668
Metrics/racket_target/impact_center_contact: 0.0000
Metrics/racket_target/impact_center_net_cross: 0.0000
Metrics/racket_target/impact_center_on_opponent: 0.0000
Metrics/racket_target/impact_rim_contact: 0.0000
Metrics/racket_target/impact_rim_net_cross: 0.0000
Metrics/racket_target/impact_rim_on_opponent: 0.0000
Metrics/racket_target/impact_analytic_outer_contact: 0.0000
Metrics/racket_target/impact_analytic_outer_net_cross: 0.0000
Metrics/racket_target/impact_analytic_outer_on_opponent: 0.0000
Metrics/racket_target/impact_planner_pos_error_m: 0.0825
Metrics/racket_target/impact_planner_vel_error_mps: 0.5821
Metrics/racket_target/impact_planner_speed_ratio: 0.8938
Metrics/racket_target/impact_planner_vel_angle_deg: 14.0630
Metrics/racket_target/impact_healthy_normal_ok: 0.0000
Metrics/racket_target/impact_healthy_contact: 0.0000
Metrics/racket_target/impact_healthy_net_cross: 0.0000
Metrics/racket_target/impact_healthy_on_opponent: 0.0000
Metrics/racket_target/current_swing_impact_health_score: 0.0087
Metrics/racket_target/current_swing_healthy_contact: 0.0089
Metrics/racket_target/current_swing_healthy_net_cross: 0.0089
Metrics/racket_target/current_swing_healthy_on_opponent: 0.0000
Metrics/racket_target/current_swing_healthy_normal_ok: 0.0890
Metrics/racket_target/current_swing_contact: 0.0089
Metrics/racket_target/current_swing_net_cross: 0.0089
Metrics/racket_target/current_swing_on_opponent: 0.0000
Metrics/racket_target/current_swing_center_contact: 0.0000
Metrics/racket_target/current_swing_center_net_cross: 0.0000
Metrics/racket_target/current_swing_center_on_opponent: 0.0000
Metrics/racket_target/current_swing_rim_contact: 0.0089
Metrics/racket_target/current_swing_rim_net_cross: 0.0089
Metrics/racket_target/current_swing_rim_on_opponent: 0.0000
Metrics/racket_target/current_swing_analytic_outer_contact: 0.0000
Metrics/racket_target/current_swing_analytic_outer_net_cross: 0.0000
Metrics/racket_target/current_swing_analytic_outer_on_opponent: 0.0000
Metrics/racket_target/cycle_v2_outcome_tier: -1.0000
Metrics/racket_target/cycle_v2_streak: 0.0000
Metrics/racket_target/closed_loop_recovery_trigger_event: 0.0000
Metrics/racket_target/closed_loop_cycle_success_event: 0.0000
Metrics/racket_target/closed_loop_durable_cycle_success_event: 0.0000
Metrics/racket_target/closed_loop_phase_id: 1.0720
Metrics/racket_target/closed_loop_phase_ready_no_command: 0.0143
Metrics/racket_target/closed_loop_phase_command_acquire: 0.8993
Metrics/racket_target/closed_loop_phase_pre_strike: 0.0863
Metrics/racket_target/closed_loop_phase_strike: 0.0000
Metrics/racket_target/closed_loop_phase_follow_through: 0.0000
Metrics/racket_target/closed_loop_phase_recovery: 0.0000
Metrics/racket_target/closed_loop_phase_next_ready: 0.0000
Metrics/racket_target/post_contact_phase_impact_0_100ms_attempts: 5355.0000
Metrics/racket_target/post_contact_phase_impact_0_100ms_tilt_gt_0p1_rate: 1.0000
Metrics/racket_target/post_contact_phase_impact_0_100ms_pitch_gt_0p1_rate: 1.0000
Metrics/racket_target/post_contact_phase_impact_0_100ms_waist_overflow_gt_1p0_rate: 0.0000
Metrics/racket_target/post_contact_phase_impact_0_100ms_base_ang_vel_gt_0p8_rate: 0.9884
Metrics/racket_target/post_contact_phase_brake_100_300ms_attempts: 5271.3125
Metrics/racket_target/post_contact_phase_brake_100_300ms_tilt_gt_0p1_rate: 0.9972
Metrics/racket_target/post_contact_phase_brake_100_300ms_pitch_gt_0p1_rate: 0.9951
Metrics/racket_target/post_contact_phase_brake_100_300ms_waist_overflow_gt_1p0_rate: 0.0000
Metrics/racket_target/post_contact_phase_brake_100_300ms_base_ang_vel_gt_0p8_rate: 0.9947
Metrics/racket_target/post_contact_phase_settle_300_600ms_attempts: 5112.5312
Metrics/racket_target/post_contact_phase_settle_300_600ms_tilt_gt_0p1_rate: 0.8394
Metrics/racket_target/post_contact_phase_settle_300_600ms_pitch_gt_0p1_rate: 0.7962
Metrics/racket_target/post_contact_phase_settle_300_600ms_waist_overflow_gt_1p0_rate: 0.0000
Metrics/racket_target/post_contact_phase_settle_300_600ms_base_ang_vel_gt_0p8_rate: 0.9925
Metrics/racket_target/post_contact_phase_ready_after_600ms_attempts: 4881.6562
Metrics/racket_target/post_contact_phase_ready_after_600ms_tilt_gt_0p1_rate: 0.5581
Metrics/racket_target/post_contact_phase_ready_after_600ms_pitch_gt_0p1_rate: 0.4761
Metrics/racket_target/post_contact_phase_ready_after_600ms_waist_overflow_gt_1p0_rate: 0.0000
Metrics/racket_target/post_contact_phase_ready_after_600ms_base_ang_vel_gt_0p8_rate: 0.9458
Metrics/racket_target/base_pitch_like_signed: -0.0090
Metrics/racket_target/base_backward_velocity: 0.0691
Metrics/racket_target/waist_action_rms: 0.6163
Metrics/racket_target/right_arm_action_rms: 3.8868
Metrics/racket_target/leg_action_rms: 0.4968
Metrics/racket_target/action_abs_max: 7.9152
Metrics/racket_target/applied_action_abs_max: 7.7451
Metrics/racket_target/leg_action_abs_max: 0.9619
Metrics/racket_target/effective_action_abs_max: 7.7451
Metrics/racket_target/action_clamp_fraction: 0.0039
Metrics/racket_target/waist_action_clamp_fraction: 0.0000
Metrics/racket_target/right_arm_action_clamp_fraction: 0.0000
Metrics/racket_target/leg_action_clamp_fraction: 0.0102
Metrics/racket_target/waist_q_tracking_error_rms: 0.3425
Metrics/racket_target/right_arm_q_tracking_error_rms: 0.2012
Metrics/racket_target/leg_q_tracking_error_rms: 0.1822
Metrics/racket_target/waist_torque_clip_fraction: 0.0000
Metrics/racket_target/right_arm_torque_clip_fraction: 0.0000
Metrics/racket_target/leg_torque_clip_fraction: 0.0000
Metrics/racket_target/waist_action_delta_rms: 0.1580
Metrics/racket_target/right_arm_action_delta_rms: 0.9562
Metrics/racket_target/leg_action_delta_rms: 0.2701
Metrics/racket_target/waist_joint_vel_rms: 0.8223
Metrics/racket_target/right_arm_joint_vel_rms: 1.7365
Metrics/racket_target/leg_joint_vel_rms: 0.7055
Metrics/racket_target/recovery_leg_action_abs_max: 0.6328
Metrics/racket_target/recovery_leg_action_delta_rms: 0.1787
Metrics/racket_target/recovery_leg_joint_vel_rms: 0.4530
      Episode_Termination/time_out: 4.3438
  Episode_Termination/base_too_low: 0.0000
   Episode_Termination/base_tilted: 0.2812
   Episode_Termination/table_touch: 0.2188
Episode_Termination/persistent_action_overflow: 0.0000
--------------------------------------------------------------------------------
                   Total timesteps: 1310720
                    Iteration time: 2.31s
                      Time elapsed: 00:00:45
                               ETA: 00:00:02
