[INFO][AppLauncher]: Using device: cuda:1
[INFO][AppLauncher]: Loading experience file: /mnt/ssd/zxl/IsaacLab/apps/isaaclab.python.headless.kit
[2026-08-02 17:59:52,025][asyncio][DEBUG] - Using selector: EpollSelector
[2026-08-02 17:59:53,663][trimesh.util][DEBUG] - falling back to hashlib hashing: `pip install xxhash`for 50x faster cache checks
[2026-08-02 17:59:53,908][h5py._conv][DEBUG] - Creating converter from 7 to 5
[2026-08-02 17:59:53,908][h5py._conv][DEBUG] - Creating converter from 5 to 7
[2026-08-02 17:59:53,908][h5py._conv][DEBUG] - Creating converter from 7 to 5
[2026-08-02 17:59:53,908][h5py._conv][DEBUG] - Creating converter from 5 to 7
[2026-08-02 17:59:53,946][matplotlib][DEBUG] - matplotlib data path: /home/zxl/miniconda3/envs/zxl-pace/lib/python3.10/site-packages/matplotlib/mpl-data
[2026-08-02 17:59:53,949][matplotlib][DEBUG] - CONFIGDIR=/home/zxl/.config/matplotlib
[2026-08-02 17:59:53,949][matplotlib][DEBUG] - interactive is False
[2026-08-02 17:59:53,949][matplotlib][DEBUG] - platform is linux
[2026-08-02 17:59:53,987][matplotlib][DEBUG] - CACHEDIR=/home/zxl/.cache/matplotlib
[2026-08-02 17:59:53,988][matplotlib.font_manager][DEBUG] - Using fontManager instance from /home/zxl/.cache/matplotlib/fontlist-v390.json
[Warning] [simulation_app.simulation_app] Modules: ['omni.kit_app'] were loaded before SimulationApp was started and might not be loaded correctly.
[Warning] [simulation_app.simulation_app] Please check to make sure no extra omniverse or pxr modules are imported before the call to SimulationApp(...)
Loading user config located at: '/home/zxl/miniconda3/envs/zxl-pace/lib/python3.10/site-packages/omni/data/Kit/Isaac-Sim/4.5/user.config.json'
[Info] [carb] Logging to file: /home/zxl/miniconda3/envs/zxl-pace/lib/python3.10/site-packages/omni/logs/Kit/Isaac-Sim/4.5/kit_20260802_175951.log
2026-08-02 09:59:51 [0ms] [Warning] [omni.kit.app.plugin] No crash reporter present, dumps uploading isn't available.
2026-08-02 09:59:51 [1ms] [Warning] [omni.ext.plugin] [ext: rendering_modes] Extensions config 'extension.toml' doesn't exist '/mnt/ssd/zxl/IsaacLab/apps/rendering_modes' or '/mnt/ssd/zxl/IsaacLab/apps/rendering_modes/config'
2026-08-02 09:59:52 [69ms] [Warning] [omni.usd_config.extension] Enable omni.materialx.libs extension to use MaterialX
2026-08-02 09:59:52 [114ms] [Warning] [omni.platforminfo.plugin] failed to open the default display.  Can't verify X Server version.
2026-08-02 09:59:52 [253ms] [Warning] [omni.datastore] OmniHub is inaccessible
2026-08-02 09:59:52 [308ms] [Warning] [omni.isaac.dynamic_control] omni.isaac.dynamic_control is deprecated as of Isaac Sim 4.5. No action is needed from end-users.

|---------------------------------------------------------------------------------------------|
| Driver Version: 580.105.08    | Graphics API: Vulkan
|=============================================================================================|
| GPU | Name                             | Active | LDA | GPU Memory | Vendor-ID | LUID       |
|     |                                  |        |     |            | Device-ID | UUID       |
|     |                                  |        |     |            | Bus-ID    |            |
|---------------------------------------------------------------------------------------------|
| 0   | NVIDIA GeForce RTX 5090          | Yes: 0 |     | 32607   MB | 10de      | 0          |
|     |                                  |        |     |            | 2b85      | c2a01bc3.. |
|     |                                  |        |     |            | 1         |            |
|---------------------------------------------------------------------------------------------|
| 1   | NVIDIA GeForce RTX 5090          | Yes: 1 |     | 32607   MB | 10de      | 0          |
|     |                                  |        |     |            | 2b85      | 837a84cc.. |
|     |                                  |        |     |            | 7         |            |
|=============================================================================================|
| OS: 24.04.2 LTS (Noble Numbat) ubuntu, Version: 24.04.2, Kernel: 6.17.0-35-generic
| Processor: Intel(R) Core(TM) i9-14900K
| Bare Metal Cores: 24 | Bare Metal Logical Cores: 48
| Available Cores:  32 
|---------------------------------------------------------------------------------------------|
| Total Memory (MB): 128491 | Free Memory: 118621
| Total Page/Swap (MB): 8191 | Free Page/Swap: 7149
|---------------------------------------------------------------------------------------------|
2026-08-02 09:59:55 [3,802ms] [Warning] [gpu.foundation.plugin] IOMMU is enabled.
2026-08-02 09:59:55 [3,802ms] [Warning] [gpu.foundation.plugin] Detected IOMMU is enabled. Running CUDA peer-to-peer bandwidth and latency validation.
Unidirectional P2P=Enabled Bandwidth (P2P Writes) Matrix (GB/s)
   D\D     0      1 
     0 1523.46   3.64 
     1   3.81 1582.88 
P2P=Enabled Latency (P2P Writes) Matrix (us)
   GPU     0      1 
     0   2.07  20.32 
     1  20.20   2.09 

   CPU     0      1 
     0   1.23   3.35 
     1   3.16   1.24 
2026-08-02 09:59:56 [4,255ms] [Warning] [gpu.foundation.plugin] CUDA peer-to-peer observed bandwidth: 3.6 GB/s.
2026-08-02 09:59:56 [4,255ms] [Warning] [gpu.foundation.plugin] CUDA peer-to-peer observed latency: 20.3 us.
2026-0[2026-08-02 17:59:56,703][git.cmd][DEBUG] - Popen(['git', 'version'], cwd=/mnt/ssd/zxl/HOPE_latest_20260721/hope_training/whole_body_tracking, stdin=None, shell=False, universal_newlines=False)
[2026-08-02 17:59:56,704][git.cmd][DEBUG] - Popen(['git', 'version'], cwd=/mnt/ssd/zxl/HOPE_latest_20260721/hope_training/whole_body_tracking, stdin=None, shell=False, universal_newlines=False)
[INFO]: Parsing configuration from: <class 'whole_body_tracking.tasks.tracking.config.agibot_a3.hope_stage1_plane020_escrow_env_cfg.HOPEStage1Plane020EscrowGuardedEnvCfg'>
[train.py] motion clip 0: /mnt/ssd/zxl/HOPE_latest_20260721/hope_training/motions/user_four_motion_manual_hits_a3fk_yaw_leg_stabilized_20260724/user_forehand_raised_30fps_contact075_50hz_a3fk_aligned.npz
[train.py] motion clip 1: /mnt/ssd/zxl/HOPE_latest_20260721/hope_training/motions/user_four_motion_manual_hits_a3fk_yaw_leg_stabilized_20260724/user_backhand_raised_30fps_contact040_50hz_a3fk_aligned.npz
[train.py] runtime reward pruning: removed 67 stateless zero-weight term(s); kept 0 stateful zero-weight term(s).
[train.py]     pruned rewards: ['action_rate', 'active_ready_survival_milestone_bonus', 'active_ready_sustained_bonus', 'backhand_soft_ball_contact', 'balanced_ball_contact', 'balanced_net_cross', 'balanced_opponent_bounce', 'balanced_soft_ball_contact', 'ball_contact', 'contact_net_margin', 'cycle_contact_ready', 'cycle_net_ready', 'cycle_return_ready', 'cycle_success_bonus', 'cycle_v2_ready_fail', 'cycle_v2_ready_success_bonus', 'cycle_v2_streak_bonus', 'deferred_recovery_outcome_bonus', 'exact_impact_outgoing_velocity_alignment', 'exact_impact_racket_velocity_alignment', 'follow_through_recovery', 'functional_no_command_ready', 'health_gated_net_cross', 'health_gated_opponent_bounce', 'impact_forward_lift', 'impact_outgoing_velocity', 'motion_anchor_height', 'motion_body_ang_vel', 'motion_body_lin_vel', 'motion_body_ori', 'motion_body_pos', 'motion_global_anchor_ori', 'motion_global_anchor_pos', 'net_cross', 'next_ball_readiness', 'next_prestrike_reachable', 'next_swing_ready_bonus', 'no_command_forehand_joint_anchor', 'no_command_ready_balance', 'no_command_ready_progress', 'one_sided_trunk_waist_recovery', 'one_sided_trunk_waist_strike', 'opponent_bounce', 'phase_action_rate', 'phase_lower_body_motion_prior', 'post_contact_arm_racket_ready', 'post_contact_directional_recovery', 'post_contact_ready_fail', 'post_contact_ready_region', 'post_contact_ready_success_bonus', 'post_contact_recovery_ready', 'post_net_arm_racket_ready', 'post_net_recovery_ready', 'post_return_arm_racket_ready', 'post_return_recovery_ready', 'post_strike_lower_body_action_rate', 'prestrike_blade_direction', 'racket_velocity_projection', 'racket_wrist_motion_ori', 'racket_wrist_motion_pos', 'robust_contact_net_margin', 'safe_terminal_outcome', 'soft_ball_contact', 'station_relocation_arrival_bonus', 'station_relocation_settle_bonus', 'torso_com_balance', 'torso_com_recovery_balance']
[train.py] task=HOPE-PingPong-Stage1-Plane020-EscrowGuarded-AgibotA3-v0 num_envs=2048 — applied 12 task override(s):
[train.py]     episode_length_s = 10.0
[train.py]     commands.motion.wrap_teleport = False
[train.py]     events.link_mass = (0.97, 1.03)
[train.py]     events.pd_gains = (0.97, 1.03)
[train.py]     observations.policy.racket_target_normal_w = enabled
[train.py]     commands.motion.clip_sampling_weights = [0.4, 0.6]
[train.py]     rewards.targeted_contact_miss.weight = -1.5
[train.py]     commands.racket_target.strike_phase_per_clip = (0.4, 0.4)
[train.py]     commands.motion.motion_start_warmup_phase_per_clip = (0.4, 0.4)
[train.py]     commands.racket_target.swing_side_per_clip = (1.0, -1.0)
[train.py]     commands.racket_target.mount_normal_sign_per_clip = (1.0, -1.0)
[train.py]     commands.racket_target.racket_pos_range_per_clip = from motion metadata
[train.py] experiment=hope_pingpong_stage1_plane020_escrow_guard114 | log_dir=/mnt/ssd/zxl/HOPE_latest_20260721/hope_training/whole_body_tracking/logs/rsl_rl/hope_pingpong_stage1_plane020_escrow_guard114/2026-08-02_17-59-56_plane020EscrowGuardMissAudit_seed9583_20x2048
8-02 09:59:56 [4,255ms] [Warning] [gpu.foundation.plugin] Please verify if observed bandwidth and latency are expected.
2026-08-02 09:59:56 [4,351ms] [Warning] [omni.kvdb.plugin] Disabling key-value database because another kit process is locking it
2026-08-02 09:59:56 [4,793ms] [Warning] [carb.windowing-glfw.plugin] GLFW initialization failed.
2026-08-02 09:59:56 [4,793ms] [Warning] [carb] Failed to startup plugin carb.windowing-glfw.plugin (interfaces: [carb::windowing::IGLContext v1.0],[carb::windowing::IWindowing v1.5]) (impl: carb.windowing-glfw.plugin)
2026-08-02 09:59:56 [4,794ms] [Error] [gpu.foundation.plugin] DriverShaderCacheManager::init() called without a shutdown()!

|---------------------------------------------------------------------------------------------|
| Driver Version: 580.105.08    | Graphics API: Vulkan
|=============================================================================================|
| GPU | Name                             | Active | LDA | GPU Memory | Vendor-ID | LUID       |
|     |                                  |        |     |            | Device-ID | UUID       |
|     |                                  |        |     |            | Bus-ID    |            |
|---------------------------------------------------------------------------------------------|
| 0   | NVIDIA GeForce RTX 5090          | Yes: 0 |     | 32607   MB | 10de      | 0          |
|     |                                  |        |     |            | 2b85      | c2a01bc3.. |
|     |                                  |        |     |            | 1         |            |
|---------------------------------------------------------------------------------------------|
| 1   | NVIDIA GeForce RTX 5090          | Yes: 1 |     | 32607   MB | 10de      | 0          |
|     |                                  |        |     |            | 2b85      | 837a84cc.. |
|     |                                  |        |     |            | 7         |            |
|=============================================================================================|
| OS: 24.04.2 LTS (Noble Numbat) ubuntu, Version: 24.04.2, Kernel: 6.17.0-35-generic
| Processor: Intel(R) Core(TM) i9-14900K
| Bare Metal Cores: 24 | Bare Metal Logical Cores: 48
| Available Cores:  32 
|---------------------------------------------------------------------------------------------|
| Total Memory (MB): 128491 | Free Memory: 117942
| Total Page/Swap (MB): 8191 | Free Page/Swap: 7149
|---------------------------------------------------------------------------------------------|
Unidirectional P2P=Enabled Bandwidth (P2P Writes) Matrix (GB/s)
   D\D     0      1 
     0 1520.31   3.57 
     1   3.66 1584.69 
P2P=Enabled Latency (P2P Writes) Matrix (us)
   GPU     0      1 
     0   2.07  22.59 
     1 138.22  10.05 

   CPU     0      1 
     0   1.35   3.26 
     1   3.20   1.16 
2026-08-02 09:59:58 [6,137ms] [Warning] [gpu.foundation.plugin] CUDA peer-to-peer observed bandwidth: 3.6 GB/s.
2026-08-02 09:59:58 [6,137ms] [Warning] [gpu.foundation.plugin] CUDA peer-to-peer observed latency: 138.2 us.
2026-08-02 09:59:58 [6,137ms] [Warning] [gpu.foundation.plugin] Please verify if observed bandwidth and latency are expected.
2026-08-02 09:59:58 [6,137ms] [Warning] [gpu.foundation.plugin] IOMMU is enabled.
2026-08-02 09:59:58 [6,137ms] [Warning] [gpu.foundation.plugin] Detected IOMMU is enabled. Running CUDA peer-to-peer bandwidth and latency validation.
Unidirectional P2P=Enabled Bandwidth (P2P Writes) Matrix (GB/s)
   D\D     0      1 
     0 1533.37   3.67 
     1   3.87 1584.69 
P2P=Enabled Latency (P2P Writes) Matrix (us)
   GPU     0      1 
     0   2.07  21.50 
     1  21.02   2.07 

   CPU     0      1 
     0   1.28   3.21 
     1   3.17   1.17 
2026-08-02 09:59:58 [6,585ms] [Warning] [gpu.foundation.plugin] CUDA peer-to-peer observed bandwidth: 3.7 GB/s.
2026-08-02 09:59:58 [6,585ms] [Warning] [gpu.foundation.plugin] CUDA peer-to-peer observed latency: 21.5 us.
2026-08-02 09:59:58 [6,585ms] [Warning] [gpu.foundation.plugin] Please verify if observed bandwidth and latency are expected.
2026-08-02 09:59:58 [6,952ms] [Warning] [carb.windowing-glfw.plugin] GLFW initialization failed.
2026-08-02 09:59:58 [6,952ms] [Warning] [carb] Failed to startup plugin carb.windowing-glfw.plugin (interfaces: [carb::windowing::IGLContext v1.0],[carb::windowing::IWindowing v1.5]) (impl: carb.windowing-glfw.plugin)
2026-08-02 09:59:58 [6,982ms] [Warning] [carb.windowing-glfw.plugin] GLFW initialization failed.
2026-08-02 09:59:58 [6,982ms] [Warning] [carb] Failed to startup plugin carb.windowing-glfw.plugin (interfaces: [carb::windowing::IGLContext v1.0],[carb::windowing::IWindowing v1.5]) (impl: carb.windowing-glfw.plugin)
2026-08-02 09:59:58 [6,994Setting seed: 9583
[INFO]: Base environment:
	Environment device    : cuda:1
	Environment seed      : 9583
	Physics step-size     : 0.005
	Rendering step-size   : 0.02
	Environment step-size : 0.02
[2026-08-02 17:59:59,108][AutoNode][DEBUG] - Defining data type 'any' as 'Any'
[2026-08-02 17:59:59,108][AutoNode][DEBUG] - Defining data type 'bool' as 'Bool' and array 'BoolArray
[2026-08-02 17:59:59,108][AutoNode][DEBUG] - Defining data type 'bundle' as 'Bundle'
[2026-08-02 17:59:59,108][AutoNode][DEBUG] - Defining data type 'colord[3]' as 'Color3d' and array 'Color3dArray
[2026-08-02 17:59:59,109][AutoNode][DEBUG] - Defining data type 'colorf[3]' as 'Color3f' and array 'Color3fArray
[2026-08-02 17:59:59,109][AutoNode][DEBUG] - Defining data type 'colorh[3]' as 'Color3h' and array 'Color3hArray
[2026-08-02 17:59:59,109][AutoNode][DEBUG] - Defining data type 'colord[4]' as 'Color4d' and array 'Color4dArray
[2026-08-02 17:59:59,109][AutoNode][DEBUG] - Defining data type 'colorf[4]' as 'Color4f' and array 'Color4fArray
[2026-08-02 17:59:59,109][AutoNode][DEBUG] - Defining data type 'colorh[4]' as 'Color4h' and array 'Color4hArray
[2026-08-02 17:59:59,109][AutoNode][DEBUG] - Defining data type 'double' as 'Double' and array 'DoubleArray
[2026-08-02 17:59:59,109][AutoNode][DEBUG] - Defining data type 'double[2]' as 'Double2' and array 'Double2Array
[2026-08-02 17:59:59,109][AutoNode][DEBUG] - Defining data type 'double[3]' as 'Double3' and array 'Double3Array
[2026-08-02 17:59:59,109][AutoNode][DEBUG] - Defining data type 'double[4]' as 'Double4' and array 'Double4Array
[2026-08-02 17:59:59,109][AutoNode][DEBUG] - Defining data type 'execution' as 'Execution'
[2026-08-02 17:59:59,109][AutoNode][DEBUG] - Defining data type 'float' as 'Float' and array 'FloatArray
[2026-08-02 17:59:59,109][AutoNode][DEBUG] - Defining data type 'float[2]' as 'Float2' and array 'Float2Array
[2026-08-02 17:59:59,109][AutoNode][DEBUG] - Defining data type 'float[3]' as 'Float3' and array 'Float3Array
[2026-08-02 17:59:59,109][AutoNode][DEBUG] - Defining data type 'float[4]' as 'Float4' and array 'Float4Array
[2026-08-02 17:59:59,109][AutoNode][DEBUG] - Defining data type 'frame[4]' as 'Frame' and array 'FrameArray
[2026-08-02 17:59:59,109][AutoNode][DEBUG] - Defining data type 'half' as 'Half' and array 'HalfArray
[2026-08-02 17:59:59,109][AutoNode][DEBUG] - Defining data type 'half[2]' as 'Half2' and array 'Half2Array
[2026-08-02 17:59:59,109][AutoNode][DEBUG] - Defining data type 'half[3]' as 'Half3' and array 'Half3Array
[2026-08-02 17:59:59,109][AutoNode][DEBUG] - Defining data type 'half[4]' as 'Half4' and array 'Half4Array
[2026-08-02 17:59:59,109][AutoNode][DEBUG] - Defining data type 'int' as 'Int' and array 'IntArray
[2026-08-02 17:59:59,109][AutoNode][DEBUG] - Defining data type 'int[2]' as 'Int2' and array 'Int2Array
[2026-08-02 17:59:59,109][AutoNode][DEBUG] - Defining data type 'int[3]' as 'Int3' and array 'Int3Array
[2026-08-02 17:59:59,109][AutoNode][DEBUG] - Defining data type 'int[4]' as 'Int4' and array 'Int4Array
[2026-08-02 17:59:59,109][AutoNode][DEBUG] - Defining data type 'int64' as 'Int64' and array 'Int64Array
[2026-08-02 17:59:59,109][AutoNode][DEBUG] - Defining data type 'matrixd[2]' as 'Matrix2d' and array 'Matrix2dArray
[2026-08-02 17:59:59,109][AutoNode][DEBUG] - Defining data type 'matrixd[3]' as 'Matrix3d' and array 'Matrix3dArray
[2026-08-02 17:59:59,109][AutoNode][DEBUG] - Defining data type 'matrixd[4]' as 'Matrix4d' and array 'Matrix4dArray
[2026-08-02 17:59:59,109][AutoNode][DEBUG] - Defining data type 'normald[3]' as 'Normal3d' and array 'Normal3dArray
[2026-08-02 17:59:59,109][AutoNode][DEBUG] - Defining data type 'normalf[3]' as 'Normal3f' and array 'Normal3fArray
[2026-08-02 17:59:59,109][AutoNode][DEBUG] - Defining data type 'normalh[3]' as 'Normal3h' and array 'Normal3hArray
[2026-08-02 17:59:59,109][AutoNode][DEBUG] - Defining data type 'objectId' as 'ObjectId' and array 'ObjectIdArray
[2026-08-02 17:59:59,109][AutoNode][DEBUG] - Defining data type 'path' as 'Path'
[2026-08-02 17:59:59,109][AutoNode][DEBUG] - Defining data type 'pointd[3]' as 'Point3d' and array 'Point3dArray
[2026-08-02 17:59:59,109][AutoNode][DEBUG] - Defining data type 'pointf[3]' as 'Point3f' and array 'Point3fArray
[2026-08-02 17:59:59,109][AutoNode][DEBUG] - Defining data type 'pointh[3]' as 'Point3h' and array 'Point3hArray
[2026-08-02 17:59:59,109][AutoNode][DEBUG] - Defining data type 'quatd[4]' as 'Quatd' and array 'QuatdArray
[2026-08-02 17:59:59,109][AutoNode][DEBUG] - Defining data type 'quatf[4]' as 'Quatf' and array 'QuatfArray
[2026-08-02 17:59:59,109][AutoNode][DEBUG] - Defining data type 'quath[4]' as 'Quath' and array 'QuathArray
[2026-08-02 17:59:59,109][AutoNode][DEBUG] - Defining data type 'string' as 'String'
[2026-08-02 17:59:59,109][AutoNode][DEBUG] - Defining data type 'target' as 'Target'
[2026-08-02 17:59:59,109][AutoNode][DEBUG] - Defining data type 'texcoordd[2]' as 'TexCoord2d' and array 'TexCoord2dArray
[2026-08-02 17:59:59,109][AutoNode][DEBUG] - Defining data type 'texcoordf[2]' as 'TexCoord2f' and array 'TexCoord2fArray
[2026-08-02 17:59:59,109][AutoNode][DEBUG] - Defining data type 'texcoordh[2]' as 'TexCoord2h' and array 'TexCoord2hArray
[2026-08-02 17:59:59,109][AutoNode][DEBUG] - Defining data type 'texcoordd[3]' as 'TexCoord3d' and array 'TexCoord3dArray
[2026-08-02 17:59:59,109][AutoNode][DEBUG] - Defining data type 'texcoordf[3]' as 'TexCoord3f' and array 'TexCoord3fArray
[2026-08-02 17:59:59,109][AutoNode][DEBUG] - Defining data type 'texcoordh[3]' as 'TexCoord3h' and array 'TexCoord3hArray
[2026-08-02 17:59:59,109][AutoNode][DEBUG] - Defining data type 'timecode' as 'Timecode' and array 'TimecodeArray
[2026-08-02 17:59:59,109][AutoNode][DEBUG] - Defining data type 'token' as 'Token' and array 'TokenArray
[2026-08-02 17:59:59,109][AutoNode][DEBUG] - Defining data type 'uchar' as 'UChar' and array 'UCharArray
[2026-08-02 17:59:59,109][AutoNode][DEBUG] - Defining data type 'uint' as 'UInt' and array 'UIntArray
[2026-08-02 17:59:59,109][AutoNode][DEBUG] - Defining data type 'uint64' as 'UInt64' and array 'UInt64Array
[2026-08-02 17:59:59,110][AutoNode][DEBUG] - Defining data type 'vectord[3]' as 'Vector3d' and array 'Vector3dArray
[2026-08-02 17:59:59,110][AutoNode][DEBUG] - Defining data type 'vectorf[3]' as 'Vector3f' and array 'Vector3fArray
[2026-08-02 17:59:59,110][AutoNode][DEBUG] - Defining data type 'vectorh[3]' as 'Vector3h' and array 'Vector3hArray
ms] [Warning] [carb.windowing-glfw.plugin] GLFW initialization failed.
2026-08-02 09:59:58 [6,994ms] [Warning] [carb] Failed to startup plugin carb.windowing-glfw.plugin (interfaces: [carb::windowing::IGLContext v1.0],[carb::windowing::IWindowing v1.5]) (impl: carb.windowing-glfw.plugin)
2026-08-02 09:59:58 [7,000ms] [Warning] [carb.windowing-glfw.plugin] GLFW initialization failed.
2026-08-02 09:59:58 [7,000ms] [Warning] [carb] Failed to startup plugin carb.windowing-glfw.plugin (interfaces: [carb::windowing::IGLContext v1.0],[carb::windowing::IWindowing v1.5]) (impl: carb.windowing-glfw.plugin)
2026-08-02 09:59:58 [7,001ms] [Warning] [carb.windowing-glfw.plugin] GLFW initialization failed.
2026-08-02 09:59:58 [7,001ms] [Warning] [carb] Failed to startup plugin carb.windowing-glfw.plugin (interfaces: [carb::windowing::IGLContext v1.0],[carb::windowing::IWindowing v1.5]) (impl: carb.windowing-glfw.plugin)
2026-08-02 09:59:58 [7,001ms] [Warning] [carb.windowing-glfw.plugin] GLFW initialization failed.
2026-08-02 09:59:58 [7,001ms] [Warning] [carb] Failed to startup plugin carb.windowing-glfw.plugin (interfaces: [carb::windowing::IGLContext v1.0],[carb::windowing::IWindowing v1.5]) (impl: carb.windowing-glfw.plugin)
2026-08-02 09:59:59 [7,236ms] [Warning] [omni.graph.visualization.nodes._impl.extension] No Viewport Window to add omni.graph.visualization.nodes-2.1.1 scene to
2026-08-02 09:59:59 [7,277ms] [Warning] [isaacsim.asset.importer.urdf] The path 0000014503_A3T2.5-URDF-std-pingpang-0409 is not a valid usd path, modifying to a_0000014503_A3T2_5_URDF_std_pingpang_0409
2026-08-02 09:59:59 [7,278ms] [Error] [isaacsim.asset.importer.urdf] *** Could not parse xyz string '0.0' 
2026-08-02 09:59:59 [7,278ms] [Error] [isaacsim.asset.importer.urdf] *** xyz not specified for axis
2026-08-02 09:59:59 [7,278ms] [Error] [isaacsim.asset.importer.urdf] *** Could not parse xyz string '' 
2026-08-02 09:59:59 [7,278ms] [Error] [isaacsim.asset.importer.urdf] *** xyz not specified for axis
2026-08-02 09:59:59 [7,278ms] [Error] [isaacsim.asset.importer.urdf] *** Could not parse xyz string '' 
2026-08-02 09:59:59 [7,278ms] [Error] [isaacsim.asset.importer.urdf] *** xyz not specified for axis
2026-08-02 09:59:59 [7,278ms] [Error] [isaacsim.asset.importer.urdf] *** Could not parse xyz string '' 
2026-08-02 09:59:59 [7,278ms] [Error] [isaacsim.asset.importer.urdf] *** xyz not specified for axis
2026-08-02 09:59:59 [7,278ms] [Error] [isaacsim.asset.importer.urdf] *** Could not parse xyz string '0.0' 
2026-08-02 09:59:59 [7,278ms] [Error] [isaacsim.asset.importer.urdf] *** xyz not specified for axis
2026-08-02 09:59:59 [7,278ms] [Error] [isaacsim.asset.importer.urdf] *** Could not parse xyz string '0.0' 
2026-08-02 09:59:59 [7,278ms] [Error] [isaacsim.asset.importer.urdf] *** xyz not specified for axis
[INFO]: Time taken for scene creation : 15.362307 seconds
[INFO]: Scene manager:  <class InteractiveScene>
	Number of environments: 2048
	Environment spacing   : 2.5
	Source prim name      : /World/envs/env_0
	Global prim paths     : ['/World/ground']
	Replicate physics     : True
[INFO]: Starting the simulation. This may take a few seconds. Please wait...
[INFO]: Time taken for simulation start : 2.220825 seconds
[INFO] Command Manager:  <CommandManager> contains 2 active terms.
+---------------------------------------------+
|             Active Command Terms            |
+-------+---------------+---------------------+
| Index | Name          |         Type        |
+-------+---------------+---------------------+
|   0   | motion        |    MotionCommand    |
|   1   | racket_target | RacketTargetCommand |
+-------+---------------+---------------------+

[INFO] Event Manager:  <EventManager> contains 2 active terms.
+---------------------------------------+
| Active Event Terms in Mode: 'startup' |
+---------+-----------------------------+
|  Index  | Name                        |
+---------+-----------------------------+
|    0    | physics_material            |
|    1    | base_com                    |
|    2    | link_mass                   |
|    3    | joint_default_pos           |
+---------+-----------------------------+
+-------------------------------------+
| Active Event Terms in Mode: 'reset' |
+--------------+----------------------+
|    Index     | Name                 |
+--------------+----------------------+
|      0       | pd_gains             |
+--------------+----------------------+

[INFO] Recorder Manager:  <RecorderManager> contains 0 active terms.
+-----------------------+
| Active Recorder Terms |
+------------+----------+
|   Index    | Name     |
+------------+----------+
+------------+----------+

[INFO] Action Manager:  <ActionManager> contains 1 active terms.
+---------------------------------+
| Active Action Terms (shape: 31) |
+-------+-----------+-------------+
| Index | Name      |   Dimension |
+-------+-----------+-------------+
|   0   | joint_pos |          31 |
+-------+-----------+-------------+

[INFO] Observation Manager: <ObservationManager> contains 2 groups.
+-------------------------------------------------------------+
| Active Observation Terms in Group: 'policy' (shape: (114,)) |
+----------+--------------------------------------+-----------+
|  Index   | Name                                 |   Shape   |
+----------+--------------------------------------+-----------+
|    0     | base_ang_vel                         |    (3,)   |
|    1     | joint_pos                            |   (31,)   |
|    2     | joint_vel                            |   (31,)   |
|    3     | last_action                          |   (31,)   |
|    4     | projected_gravity                    |    (3,)   |
|    5     | base_forward_xy                      |    (2,)   |
|    6     | fixed_station_error_xy               |    (2,)   |
|    7     | racket_target_rel_base               |    (3,)   |
|    8     | racket_target_vel_w                  |    (3,)   |
|    9     | time_to_strike                       |    (1,)   |
|    10    | swing_side                           |    (1,)   |
|    11    | racket_target_normal_w               |    (3,)   |
+----------+--------------------------------------+-----------+
+-------------------------------------------------------------+
| Active Observation Terms in Group: 'critic' (shape: (324,)) |
+----------+--------------------------------------+-----------+
|  Index   | Name                                 |   Shape   |
+----------+--------------------------------------+-----------+
|    0     | base_ang_vel                         |    (3,)   |
|    1     | joint_pos                            |   (31,)   |
|    2     | joint_vel                            |   (31,)   |
|    3     | last_action                          |   (31,)   |
|    4     | projected_gravity                    |    (3,)   |
|    5     | base_forward_xy                      |    (2,)   |
|    6     | fixed_station_error_xy               |    (2,)   |
|    7     | racket_target_rel_base               |    (3,)   |
|    8     | racket_target_vel_w                  |    (3,)   |
|    9     | time_to_strike                       |    (1,)   |
|    10    | swing_side                           |    (1,)   |
|    11    | base_lin_vel                         |    (3,)   |
|    12    | motion_command                       |   (62,)   |
|    13    | motion_anchor_pos_b                  |    (3,)   |
|    14    | motion_anchor_ori_b                  |    (6,)   |
|    15    | robot_body_pos_b                     |   (42,)   |
|    16    | robot_body_ori_b                     |   (84,)   |
|    17    | racket_pos_b                         |    (3,)   |
|    18    | racket_lin_vel_w                     |    (3,)   |
|    19    | racket_normal_w                      |    (3,)   |
|    20    | racket_target_normal_w               |    (3,)   |
|    21    | episode_time_left                    |    (1,)   |
+----------+--------------------------------------+-----------+

[INFO] Termination Manager:  <TerminationManager> contains 5 active terms.
+-----------------------------------------------+
|            Active Termination Terms           |
+-------+----------------------------+----------+
| Index | Name                       | Time Out |
+-------+----------------------------+----------+
|   0   | time_out                   |   True   |
|   1   | base_too_low               |  False   |
|   2   | base_tilted                |  False   |
|   3   | table_touch                |  False   |
|   4   | persistent_action_overflow |  False   |
+-------+----------------------------+----------+

[INFO] Reward Manager:  <RewardManager> contains 43 active terms.
+------------------------------------------------------------+
|                    Active Reward Terms                     |
+-------+-------------------------------------------+--------+
| Index | Name                                      | Weight |
+-------+-------------------------------------------+--------+
|   0   | undesired_contacts                        |   -0.1 |
|   1   | feet_contact_slip                         |  -0.05 |
|   2   | table_no_touch                            |   -1.0 |
|   3   | alive                                     |   0.01 |
|   4   | upright                                   |   -0.4 |
|   5   | imitation                                 |    0.9 |
|   6   | racket_position                           |    1.2 |
|   7   | backhand_racket_position                  |    1.0 |
|   8   | racket_velocity                           |    0.8 |
|   9   | planner_racket_task_space_crossfade       |    3.0 |
|   10  | exact_impact_planner_task_space_alignment |    4.0 |
|   11  | blade_direction                           |    0.7 |
|   12  | health_gated_soft_ball_contact            |    1.2 |
|   13  | health_gated_backhand_soft_ball_contact   |    1.2 |
|   14  | health_gated_ball_contact                 |    2.5 |
|   15  | healthy_trunk_support                     |    0.4 |
|   16  | targeted_strike_attempt                   |    2.0 |
|   17  | strike_inactivity                         |   -0.6 |
|   18  | pre_strike_station                        |    0.2 |
|   19  | recovery_health                           |   0.12 |
|   20  | no_command_ready_stability                |   0.08 |
|   21  | post_strike_base_ang_vel                  |   0.06 |
|   22  | phase_action_overflow                     |   -0.3 |
|   23  | strike_balance                            |    0.3 |
|   24  | prestrike_station_progress                |    0.8 |
|   25  | lower_body_support                        |   0.25 |
|   26  | termination_penalty                       |  -60.0 |
|   27  | phase_action_rate_waist                   | -0.035 |
|   28  | phase_action_rate_upper                   | -0.005 |
|   29  | phase_action_rate_legs                    | -0.007 |
|   30  | joint_limit                               |   -1.0 |
|   31  | prestrike_racket_progress                 |    0.9 |
|   32  | near_impact_planner_velocity_progress     |    1.1 |
|   33  | operational_joint_margin                  |   -0.6 |
|   34  | joint_target_slew                         | -0.035 |
|   35  | actuator_waist_feasibility                |  -0.02 |
|   36  | actuator_right_arm_feasibility            | -0.005 |
|   37  | actuator_leg_feasibility                  | -0.015 |
|   38  | terminal_quality_window                   |    0.4 |
|   39  | safe_terminal_quality                     |    1.0 |
|   40  | unsafe_terminal_recovery                  |   -0.5 |
|   41  | capability_gated_safe_terminal_outcome    |    8.0 |
|   42  | targeted_contact_miss                     |   -1.5 |
+-------+-------------------------------------------+--------+

[INFO] Curriculum Manager:  <CurriculumManager> contains 0 active terms.
+-------------------------+
| Active Curriculum Terms |
+-------------+-----------+
|    Index    | Name      |
+-------------+-----------+
+-------------+-----------+

[INFO]: Completed setting up the environment...
[train.py] joint-order gate: using canonical->articulation permutation [2, 5, 8, 11, 16, 12, 17, 21, 23, 25, 27, 29, 13, 18, 22, 24, 26, 28, 30, 0, 3, 6, 9, 14, 19, 1, 4, 7, 10, 15, 20]
[train.py] actor observation contract validated: hope_pingpong_normal114 (114D)
/mnt/ssd/zxl/IsaacLab/source/isaaclab/isaaclab/envs/mdp/events.py:501: UserWarning: To copy construct from a tensor, it is recommended to use sourceTensor.detach().clone() or sourceTensor.detach().clone().requires_grad_(True), rather than torch.tensor(sourceTensor).
  actuator_joint_indices = torch.tensor(actuator.joint_indices, device=asset.device)
Actor MLP: Sequential(
  (0): Linear(in_features=114, out_features=512, bias=True)
  (1): ELU(alpha=1.0)
  (2): Linear(in_features=512, out_features=256, bias=True)
  (3): ELU(alpha=1.0)
  (4): Linear(in_features=256, out_features=128, bias=True)
  (5): ELU(alpha=1.0)
  (6): Linear(in_features=128, out_features=31, bias=True)
)
Critic MLP: Sequential(
  (0): Linear(in_features=324, out_features=512, bias=True)
  (1): ELU(alpha=1.0)
  (2): Linear(in_features=512, out_features=256, bias=True)
  (3): ELU(alpha=1.0)
  (4): Linear(in_features=256, out_features=128, bias=True)
  (5): ELU(alpha=1.0)
  (6): Linear(in_features=128, out_features=1, bias=True)
)
[train.py] resumed from checkpoint: /mnt/ssd/zxl/HOPE_latest_20260721/hope_training/whole_body_tracking/logs/rsl_rl/hope_pingpong_stage1_plane020_merged114/2026-08-02_16-16-32_plane020V3_healthsquare_slow_seed9261_1500x4096/model_1800.pt (load_optimizer=False)
[train.py] optimizer LR overridden after checkpoint load: 3e-06
[train.py] critic-only task adaptation enabled for 1000000 update(s); actor mean and action std are frozen
[train.py] random initial episode age: True
/mnt/ssd/zxl/IsaacLab/source/isaaclab/isaaclab/envs/mdp/events.py:501: UserWarning: To copy construct from a tensor, it is recommended to use sourceTensor.detach().clone() or sourceTensor.detach().clone().requires_grad_(True), rather than torch.tensor(sourceTensor).
  actuator_joint_indices = torch.tensor(actuator.joint_indices, device=asset.device)
################################################################################
                     [1m Learning iteration 1800/1820 [0m                     

                       Computation: 23309 steps/s (collection: 2.726s, learning 0.086s)
             Mean action noise std: 0.45
          Mean value_function loss: 0.1047
               Mean surrogate loss: 0.0000
                 Mean entropy loss: 2.8121
      Mean critic_only_warmup loss: 1.0000
                       Mean reward: 0.43
               Mean episode length: 18.68
 Episode_Reward/undesired_contacts: 0.0000
  Episode_Reward/feet_contact_slip: -0.0002
     Episode_Reward/table_no_touch: -0.0000
              Episode_Reward/alive: 0.0003
            Episode_Reward/upright: -0.0002
          Episode_Reward/imitation: 0.0129
    Episode_Reward/racket_position: 0.0000
Episode_Reward/backhand_racket_position: 0.0000
    Episode_Reward/racket_velocity: 0.0000
Episode_Reward/planner_racket_task_space_crossfade: 0.0000
Episode_Reward/exact_impact_planner_task_space_alignment: 0.0000
    Episode_Reward/blade_direction: 0.0000
Episode_Reward/health_gated_soft_ball_contact: 0.0000
Episode_Reward/health_gated_backhand_soft_ball_contact: 0.0000
Episode_Reward/health_gated_ball_contact: 0.0000
Episode_Reward/healthy_trunk_support: 0.0028
Episode_Reward/targeted_strike_attempt: 0.0000
  Episode_Reward/strike_inactivity: 0.0000
 Episode_Reward/pre_strike_station: 0.0055
    Episode_Reward/recovery_health: 0.0008
Episode_Reward/no_command_ready_stability: 0.0004
Episode_Reward/post_strike_base_ang_vel: 0.0001
Episode_Reward/phase_action_overflow: -0.0000
     Episode_Reward/strike_balance: 0.0000
Episode_Reward/prestrike_station_progress: 0.0018
 Episode_Reward/lower_body_support: 0.0000
Episode_Reward/termination_penalty: 0.0000
Episode_Reward/phase_action_rate_waist: -0.0000
Episode_Reward/phase_action_rate_upper: -0.0002
Episode_Reward/phase_action_rate_legs: -0.0000
        Episode_Reward/joint_limit: -0.0006
Episode_Reward/prestrike_racket_progress: 0.0155
Episode_Reward/near_impact_planner_velocity_progress: 0.0000
Episode_Reward/operational_joint_margin: -0.0007
  Episode_Reward/joint_target_slew: -0.0014
Episode_Reward/actuator_waist_feasibility: -0.0000
Episode_Reward/actuator_right_arm_feasibility: -0.0000
Episode_Reward/actuator_leg_feasibility: -0.0000
Episode_Reward/terminal_quality_window: 0.0000
Episode_Reward/safe_terminal_quality: 0.0000
Episode_Reward/unsafe_terminal_recovery: 0.0000
Episode_Reward/capability_gated_safe_terminal_outcome: 0.0000
Episode_Reward/targeted_contact_miss: 0.0000
    Metrics/motion/error_joint_pos: 1.2156
    Metrics/motion/error_joint_vel: 7.1918
     Metrics/motion/error_body_pos: 1.7058
     Metrics/motion/error_body_rot: 0.5067
       Metrics/motion/motion_phase: 0.0716
            Metrics/motion/in_hold: 0.1383
Metrics/motion/motion_start_warmup_prob: 0.7750
Metrics/motion/motion_start_lifecycle_progress: 0.0000
Metrics/motion/motion_start_effective_prestrike_fraction: 0.9688
Metrics/motion/motion_start_effective_recovery_fraction: 0.0000
Metrics/motion/motion_start_effective_rsi_fraction: 0.0000
 Metrics/motion/motion_start_reset: 0.6796
Metrics/motion/motion_start_prestrike_reset: 0.0000
Metrics/motion/motion_start_recovery_reset: 0.0000
Metrics/motion/motion_start_rsi_reset: 0.0000
 Metrics/motion/single_cycle_reset: 0.0000
     Metrics/motion/motion_clip_id: 0.5635
Metrics/motion/motion_supplemental_clip: 0.0000
      Metrics/motion/stand_episode: 0.0227
Metrics/motion/default_stand_reset: 0.2891
Metrics/motion/error_body_pos_lower: 1.6997
Metrics/motion/error_body_rot_lower: 0.4666
Metrics/motion/error_body_lin_vel_lower: 0.1814
Metrics/motion/error_body_ang_vel_lower: 1.0317
Metrics/motion/reference_body_lin_speed_lower: 0.0220
Metrics/motion/robot_body_lin_speed_lower: 0.1806
Metrics/motion/error_body_pos_core: 1.6681
Metrics/motion/error_body_rot_core: 0.2235
Metrics/motion/error_body_lin_vel_core: 0.1852
Metrics/motion/error_body_ang_vel_core: 1.3148
Metrics/motion/reference_body_lin_speed_core: 0.0178
Metrics/motion/robot_body_lin_speed_core: 0.1855
Metrics/motion/error_body_pos_upper: 1.7245
Metrics/motion/error_body_rot_upper: 0.6412
Metrics/motion/error_body_lin_vel_upper: 0.8957
Metrics/motion/error_body_ang_vel_upper: 3.1519
Metrics/motion/reference_body_lin_speed_upper: 0.0398
Metrics/motion/robot_body_lin_speed_upper: 0.8973
Metrics/motion/error_joint_pos_waist: 0.3403
Metrics/motion/error_joint_vel_waist: 1.8012
Metrics/motion/reference_joint_speed_waist: 0.0359
Metrics/motion/error_joint_pos_arms: 1.0415
Metrics/motion/error_joint_vel_arms: 5.7531
Metrics/motion/reference_joint_speed_arms: 0.1134
Metrics/motion/error_joint_pos_legs: 0.4698
Metrics/motion/error_joint_vel_legs: 3.3671
Metrics/motion/reference_joint_speed_legs: 0.0063
Metrics/racket_target/racket_pos_error: 0.0000
Metrics/racket_target/racket_vel_error: 0.0000
Metrics/racket_target/time_to_strike: 0.9049
Metrics/racket_target/return_success: 0.0000
Metrics/racket_target/prev_return_success: 0.0000
Metrics/racket_target/prev_net_cross: 0.0000
Metrics/racket_target/current_net_cross: 0.0000
Metrics/racket_target/racket_pos_curriculum_scale: 0.9688
Metrics/racket_target/impact_inverse_command_blend: 0.0000
Metrics/racket_target/steps_since_target_resample: 14.5000
Metrics/racket_target/recovery_height_error: 0.0180
Metrics/racket_target/recovery_upright_error: 0.1209
Metrics/racket_target/recovery_base_lin_vel: 0.1282
Metrics/racket_target/recovery_base_ang_vel: 1.0565
Metrics/racket_target/recovery_station_error: 0.0573
Metrics/racket_target/recovery_feet_contact_frac: 0.9115
Metrics/racket_target/recovery_racket_speed: 1.8251
Metrics/racket_target/recovery_height_score: 0.9198
Metrics/racket_target/recovery_upright_score: 0.7520
Metrics/racket_target/recovery_lin_vel_score: 0.7006
Metrics/racket_target/recovery_ang_vel_score: 0.2204
Metrics/racket_target/recovery_station_score: 0.8866
Metrics/racket_target/recovery_racket_score: 0.0883
Metrics/racket_target/recovery_arm_score: 0.6257
Metrics/racket_target/recovery_ready_score: 0.6746
Metrics/racket_target/recovery_anchor_arm_score: 0.9688
Metrics/racket_target/recovery_core_ready_score: 0.4867
Metrics/racket_target/recovery_functional_ready_score: 0.4124
Metrics/racket_target/waist_action_overflow_rms: 0.0000
Metrics/racket_target/right_arm_action_overflow_rms: 0.0034
Metrics/racket_target/leg_action_overflow_rms: 0.0002
Metrics/racket_target/operational_margin_fraction: 0.0083
Metrics/racket_target/waist_operational_margin_fraction: 0.0000
Metrics/racket_target/right_arm_operational_margin_fraction: 0.0093
Metrics/racket_target/leg_operational_margin_fraction: 0.0125
Metrics/racket_target/waist_operational_excess_rms: 0.0000
Metrics/racket_target/right_arm_operational_excess_rms: 0.0007
Metrics/racket_target/leg_operational_excess_rms: 0.0016
Metrics/racket_target/q_des_velocity_violation_fraction: 0.1234
Metrics/racket_target/waist_q_des_velocity_violation_fraction: 0.0275
Metrics/racket_target/right_arm_q_des_velocity_violation_fraction: 0.1377
Metrics/racket_target/leg_q_des_velocity_violation_fraction: 0.1717
Metrics/racket_target/q_des_acceleration_violation_fraction: 0.7097
Metrics/racket_target/waist_q_des_acceleration_violation_fraction: 0.5847
Metrics/racket_target/right_arm_q_des_acceleration_violation_fraction: 0.8202
Metrics/racket_target/leg_q_des_acceleration_violation_fraction: 0.7696
Metrics/racket_target/waist_q_des_velocity_rms: 4.8057
Metrics/racket_target/right_arm_q_des_velocity_rms: 9.1768
Metrics/racket_target/leg_q_des_velocity_rms: 9.0801
Metrics/racket_target/waist_q_des_acceleration_rms: 413.7986
Metrics/racket_target/right_arm_q_des_acceleration_rms: 805.4492
Metrics/racket_target/leg_q_des_acceleration_rms: 756.5210
Metrics/racket_target/action_operational_feasibility_score: 0.9394
Metrics/racket_target/actuator_overflow_consecutive_steps: 0.0000
Metrics/racket_target/actuator_overflow_severe: 0.0000
Metrics/racket_target/recovery_phase_gate: 0.6086
Metrics/racket_target/recovery_phase_ready_score: 0.4252
Metrics/racket_target/recovery_contact_ready_score: 0.0000
Metrics/racket_target/recovery_net_ready_score: 0.0000
Metrics/racket_target/recovery_return_ready_score: 0.0000
Metrics/racket_target/cycle_success_ready_score: 0.0000
Metrics/racket_target/cycle_success_soft: 0.0000
Metrics/racket_target/cycle_success_binary: 0.0000
Metrics/racket_target/cycle_v2_pending: 0.0000
Metrics/racket_target/cycle_v2_attempt_latch: 0.0000
Metrics/racket_target/cycle_v2_ready_success_latch: 0.0000
Metrics/racket_target/cycle_v2_ready_fail_latch: 0.0000
Metrics/racket_target/cycle_v2_attempt_event: 0.0000
Metrics/racket_target/cycle_v2_ready_success_event: 0.0000
Metrics/racket_target/cycle_v2_ready_fail_event: 0.0000
Metrics/racket_target/cycle_v2_unresolved_resample_fail_event: 0.0000
Metrics/racket_target/cycle_v2_resolved_event: 0.0000
Metrics/racket_target/cycle_v2_command_visible_steps: 0.0000
Metrics/racket_target/cycle_v2_elapsed_steps: 0.0000
Metrics/racket_target/cycle_v2_ready_score: 0.0000
Metrics/racket_target/cycle_v2_ready_ok: 0.0000
Metrics/racket_target/cycle_v2_visible: 0.0000
Metrics/racket_target/cycle_v2_ready_score_ok: 0.0000
Metrics/racket_target/cycle_v2_height_ok: 0.0000
Metrics/racket_target/cycle_v2_upright_ok: 0.0000
Metrics/racket_target/cycle_v2_base_lin_vel_ok: 0.0000
Metrics/racket_target/cycle_v2_base_ang_vel_ok: 0.0000
Metrics/racket_target/cycle_v2_feet_ok: 0.0000
Metrics/racket_target/cycle_v2_core_ready_ok: 0.0000
Metrics/racket_target/cycle_v2_ready_consecutive_steps: 0.0000
Metrics/racket_target/single_cycle_bootstrap: 0.0000
Metrics/racket_target/single_cycle_swing_completed: 0.0000
Metrics/racket_target/single_cycle_recovery_active: 0.0000
Metrics/racket_target/single_cycle_recovery_elapsed_steps: 0.0000
Metrics/racket_target/single_cycle_ready_consecutive_steps: 0.0000
Metrics/racket_target/single_cycle_safe_timeout_event: 0.0000
Metrics/racket_target/single_cycle_deadline_timeout_event: 0.0000
Metrics/racket_target/single_cycle_timeout_latch: 0.0000
Metrics/racket_target/single_cycle_hard_failure_event: 0.0000
Metrics/racket_target/single_cycle_probability: 0.0000
Metrics/racket_target/single_cycle_curriculum_level: 0.0000
Metrics/racket_target/single_cycle_effective_deadline_steps: 96.8750
Metrics/racket_target/single_cycle_selected_events: 0.0000
Metrics/racket_target/single_cycle_completed_events: 0.0000
Metrics/racket_target/single_cycle_safe_timeout_events: 0.0000
Metrics/racket_target/single_cycle_deadline_timeout_events: 0.0000
Metrics/racket_target/single_cycle_hard_failure_events: 0.0000
Metrics/racket_target/active_ready_consecutive_steps: 0.0954
Metrics/racket_target/active_ready_success_event: 0.0000
Metrics/racket_target/active_ready_success_latch: 0.0000
Metrics/racket_target/active_ready_survival_steps: 0.0000
Metrics/racket_target/active_ready_survival_next_milestone: 0.0000
Metrics/racket_target/active_ready_survival_milestone_event: 0.0000
Metrics/racket_target/no_command_ready_active: 0.1305
Metrics/racket_target/no_command_from_stand_episode: 0.0227
Metrics/racket_target/no_command_from_default_stand_reset: 0.1305
Metrics/racket_target/no_command_ready_upright_ok: 0.1305
Metrics/racket_target/no_command_ready_motion_ok: 0.0628
Metrics/racket_target/no_command_ready_score: 0.0936
Metrics/racket_target/no_command_ready_progress: -0.0261
Metrics/racket_target/no_command_ready_station_error: 0.0033
Metrics/racket_target/no_command_ready_fixed_station_error: 0.0033
Metrics/racket_target/healthy_training_stage: 2.9062
Metrics/racket_target/healthy_stage_planted_rehearsal: 0.0000
Metrics/racket_target/healthy_stage_station_hold_seen: 0.0000
Metrics/racket_target/healthy_stage_station_arrived: 0.0000
Metrics/racket_target/healthy_stage_station_settled: 0.0000
Metrics/racket_target/healthy_stage_station_settle_steps: 0.0000
Metrics/racket_target/station_relocation_active: 0.0000
Metrics/racket_target/station_relocation_target_offset_y: 0.0000
Metrics/racket_target/station_relocation_error: 0.0000
Metrics/racket_target/station_relocation_arrival_event: 0.0000
Metrics/racket_target/station_relocation_settle_event: 0.0000
Metrics/racket_target/station_relocation_release_event: 0.0000
Metrics/racket_target/station_relocation_timeout_event: 0.0000
Metrics/racket_target/station_relocation_elapsed_steps: 0.0000
Metrics/racket_target/station_relocation_hold_deadline_steps: 0.0000
Metrics/racket_target/lifecycle_recovery_hold_active: 0.0000
Metrics/racket_target/lifecycle_recovery_release_success_event: 0.0000
Metrics/racket_target/lifecycle_recovery_release_fail_event: 0.0000
Metrics/racket_target/station_relocation_level: 0.0000
Metrics/racket_target/station_relocation_arrival_ema: 0.0000
Metrics/racket_target/station_relocation_settle_ema: 0.0000
Metrics/racket_target/station_relocation_contact_ema: 0.0000
Metrics/racket_target/station_relocation_safety_ema: 0.0000
Metrics/racket_target/station_relocation_resolved_events: 0.0000
Metrics/racket_target/station_relocation_terminal_reset_events: 0.0000
Metrics/racket_target/station_relocation_advance_streak: 0.0000
Metrics/racket_target/station_relocation_regress_streak: 0.0000
Metrics/racket_target/station_relocation_effective_max_lin_vel: 0.0000
Metrics/racket_target/station_relocation_effective_max_ang_vel: 0.0000
Metrics/racket_target/station_relocation_effective_min_settle_steps: 0.0000
Metrics/racket_target/ability_curriculum_level: 0.0000
Metrics/racket_target/ability_curriculum_scale: 0.9688
Metrics/racket_target/ability_curriculum_resolved_events: 0.0000
Metrics/racket_target/ability_curriculum_total_resolved_events: 0.0000
Metrics/racket_target/ability_curriculum_advance_streak: 0.0000
Metrics/racket_target/ability_curriculum_regress_streak: 0.0000
Metrics/racket_target/ability_contact_ema: 0.0000
Metrics/racket_target/ability_net_ema: 0.0000
Metrics/racket_target/ability_success_ema: 0.0000
Metrics/racket_target/ability_recovery_ema: 0.0000
Metrics/racket_target/ability_cycle_ema: 0.0000
Metrics/racket_target/ability_cycle_attempt_ema: 0.0000
Metrics/racket_target/ability_cycle_resolved_ema: 0.0000
Metrics/racket_target/ability_forehand_contact_ema: 0.0000
Metrics/racket_target/ability_forehand_net_ema: 0.0000
Metrics/racket_target/ability_forehand_success_ema: 0.0000
Metrics/racket_target/ability_backhand_contact_ema: 0.0000
Metrics/racket_target/ability_backhand_net_ema: 0.0000
Metrics/racket_target/ability_backhand_success_ema: 0.0000
Metrics/racket_target/ability_attempt_ema: 0.0000
Metrics/racket_target/ability_targeted_attempt_ema: 0.0000
Metrics/racket_target/impact_health_floor_progress: 0.0000
Metrics/racket_target/ability_safety_ema: 0.9688
Metrics/racket_target/ability_station_saturation_ema: 0.0000
Metrics/racket_target/ability_healthy_normal_ema: 0.0000
Metrics/racket_target/ability_station_arrival_ema: 0.0000
Metrics/racket_target/ability_station_settle_ema: 0.0000
Metrics/racket_target/safe_outcome_capability_gate: 0.0000
Metrics/racket_target/planner_hit_plane_blend: 1.0000
Metrics/racket_target/planner_hit_plane_x_delta: 0.0365
Metrics/racket_target/true_strike_table_x: 0.2000
Metrics/racket_target/planner_target_table_x: 0.2000
Metrics/racket_target/workspace_level: 0.0000
Metrics/racket_target/workspace_fringe_sample: 0.0000
Metrics/racket_target/workspace_target_lateral_norm: 0.3069
Metrics/racket_target/workspace_target_table_y: -0.2217
Metrics/racket_target/workspace_playable_y_min: -0.7225
Metrics/racket_target/workspace_playable_y_max: 0.7225
Metrics/racket_target/workspace_active_y_lo: -0.2919
Metrics/racket_target/workspace_active_y_hi: -0.1593
Metrics/racket_target/workspace_motion_seed_blend: 0.0000
Metrics/racket_target/planner_perturb_curriculum_scale: 1.0000
Metrics/racket_target/incoming_ball_horizontal_speed: 2.1986
Metrics/racket_target/incoming_ball_speed: 4.6680
Metrics/racket_target/incoming_ball_speed_curriculum_level: 0.0000
Metrics/racket_target/incoming_ball_speed_sample_low: 0.0000
Metrics/racket_target/incoming_ball_speed_sample_high: 0.0000
Metrics/racket_target/station_saturated: 0.0000
Metrics/racket_target/station_raw_clip_excess: 0.0000
Metrics/racket_target/station_saturated_x: 0.0000
Metrics/racket_target/station_saturated_y: 0.0000
Metrics/racket_target/station_raw_clip_excess_x: 0.0000
Metrics/racket_target/station_raw_clip_excess_y: 0.0000
Metrics/racket_target/current_swing_opportunity: 0.0000
Metrics/racket_target/current_swing_attempt: 0.0000
Metrics/racket_target/current_swing_targeted_attempt: 0.0000
Metrics/racket_target/prev_swing_targeted_attempt: 0.0000
Metrics/racket_target/current_swing_unsafe: 0.0000
Metrics/racket_target/current_swing_station_saturated: 0.0000
Metrics/racket_target/impact_health_score: 0.9221
Metrics/racket_target/impact_health_ok: 0.9688
Metrics/racket_target/impact_health_backlean_violation: 0.0002
Metrics/racket_target/impact_health_waist_backfold: 0.0023
Metrics/racket_target/impact_health_base_retreat: 0.0131
Metrics/racket_target/impact_health_torso_gravity_x: 0.2170
Metrics/racket_target/impact_health_torso_ang_vel: 0.4384
Metrics/racket_target/impact_health_com_x: 0.0254
Metrics/racket_target/impact_health_com_y: 0.0251
Metrics/racket_target/post_contact_ready_pending: 0.0000
Metrics/racket_target/post_contact_ready_elapsed_steps: 0.0000
Metrics/racket_target/post_contact_ready_consecutive_steps: 0.0000
Metrics/racket_target/post_contact_ready_diagnostic_pending: 0.0000
Metrics/racket_target/post_contact_ready_diagnostic_elapsed_steps: 0.0000
Metrics/racket_target/post_contact_ready_durable_pending: 0.0000
Metrics/racket_target/post_contact_ready_durable_consecutive_steps: 0.0000
Metrics/racket_target/post_contact_ready_durable_ready_now: 0.0000
Metrics/racket_target/post_contact_ready_durable_success_event: 0.0000
Metrics/racket_target/post_contact_ready_durable_fail_event: 0.0000
Metrics/racket_target/post_contact_ready_durable_resolution_success_rate: 0.0000
Metrics/racket_target/post_contact_ready_durable_resolution_fail_rate: 0.0000
Metrics/racket_target/post_contact_ready_durable_resolution_success_latency_steps: 0.0000
Metrics/racket_target/post_contact_ready_durable_resolution_fail_latency_steps: 0.0000
Metrics/racket_target/post_contact_ready_durable_fail_backlean_rate: 0.0000
Metrics/racket_target/post_contact_ready_durable_fail_forward_lean_rate: 0.0000
Metrics/racket_target/post_contact_ready_durable_fail_torso_ang_vel_rate: 0.0000
Metrics/racket_target/post_contact_ready_durable_fail_base_lin_vel_rate: 0.0000
Metrics/racket_target/post_contact_ready_durable_fail_base_ang_vel_rate: 0.0000
Metrics/racket_target/post_contact_ready_durable_fail_racket_speed_rate: 0.0000
Metrics/racket_target/post_contact_ready_durable_fail_height_rate: 0.0000
Metrics/racket_target/post_contact_ready_durable_fail_com_x_rate: 0.0000
Metrics/racket_target/post_contact_ready_durable_fail_com_y_rate: 0.0000
Metrics/racket_target/post_contact_ready_durable_fail_feet_rate: 0.0000
Metrics/racket_target/post_contact_ready_durable_fail_station_rate: 0.0000
Metrics/racket_target/post_contact_ready_durable_fail_arm_rate: 0.0000
Metrics/racket_target/post_contact_ready_terminal_window_active: 0.0000
Metrics/racket_target/post_contact_ready_terminal_quality: 0.0000
Metrics/racket_target/post_contact_ready_terminal_settlement_event: 0.0000
Metrics/racket_target/post_contact_ready_operational_ready_now: 0.0000
Metrics/racket_target/post_contact_ready_operational_consecutive_steps: 0.0000
Metrics/racket_target/post_contact_ready_safe_settlement_event: 0.0000
Metrics/racket_target/post_contact_ready_unsafe_settlement_event: 0.0000
Metrics/racket_target/post_contact_ready_incomplete_settlement_event: 0.0000
Metrics/racket_target/post_contact_ready_safe_net_cycle_event: 0.0000
Metrics/racket_target/post_contact_ready_terminal_quality_mean: 0.0000
Metrics/racket_target/post_contact_ready_safe_terminal_quality_mean: 0.0000
Metrics/racket_target/post_contact_ready_terminal_safe_rate: 0.0000
Metrics/racket_target/post_contact_ready_terminal_unsafe_rate: 0.0000
Metrics/racket_target/post_contact_ready_terminal_incomplete_rate: 0.0000
Metrics/racket_target/post_contact_ready_safe_net_cycle_rate: 0.0000
Metrics/racket_target/post_contact_ready_score: 0.8082
Metrics/racket_target/post_contact_ready_now: 0.0000
Metrics/racket_target/post_contact_ready_success_event: 0.0000
Metrics/racket_target/post_contact_ready_fail_event: 0.0000
Metrics/racket_target/post_contact_ready_outcome_tier: -0.9688
Metrics/racket_target/post_contact_ready_face_quality: 0.0000
Metrics/racket_target/post_contact_ready_safe_face_net_cycle_value: 0.0000
Metrics/racket_target/post_contact_ready_planner_speed_ratio: 0.0000
Metrics/racket_target/post_contact_ready_planner_direction_error_rad: 0.0000
Metrics/racket_target/post_contact_ready_planner_position_error: 0.0000
Metrics/racket_target/post_contact_ready_impact_health_score: 0.0000
Metrics/racket_target/post_contact_ready_peak_base_ang_vel: 0.0000
Metrics/racket_target/post_contact_ready_peak_ang_vel_excess_increment: 0.0000
Metrics/racket_target/post_contact_ready_envelope_violation_latch: 0.0000
Metrics/racket_target/post_contact_ready_envelope_violation_event: 0.0000
Metrics/racket_target/post_contact_ready_envelope_first_violation_step: -0.9688
Metrics/racket_target/post_contact_ready_envelope_attempts: 0.0000
Metrics/racket_target/post_contact_ready_envelope_violation_rate: 0.0000
Metrics/racket_target/post_contact_ready_envelope_tilt_violation_rate: 0.0000
Metrics/racket_target/post_contact_ready_envelope_pitch_violation_rate: 0.0000
Metrics/racket_target/post_contact_ready_envelope_com_violation_rate: 0.0000
Metrics/racket_target/post_contact_ready_envelope_waist_violation_rate: 0.0000
Metrics/racket_target/post_contact_ready_envelope_leg_violation_rate: 0.0000
Metrics/racket_target/post_contact_ready_envelope_base_ang_vel_violation_rate: 0.0000
Metrics/racket_target/post_contact_ready_resolution_success_rate: 0.0000
Metrics/racket_target/post_contact_ready_resolution_fail_rate: 0.0000
Metrics/racket_target/post_contact_ready_resolution_success_latency_steps: 0.0000
Metrics/racket_target/post_contact_ready_resolution_fail_latency_steps: 0.0000
Metrics/racket_target/post_contact_ready_max_tilt: 0.0000
Metrics/racket_target/post_contact_ready_max_abs_pitch: 0.0000
Metrics/racket_target/post_contact_ready_max_com_x: 0.0000
Metrics/racket_target/post_contact_ready_max_com_y: 0.0000
Metrics/racket_target/post_contact_ready_max_waist_overflow: 0.0000
Metrics/racket_target/post_contact_ready_max_leg_overflow: 0.0000
Metrics/racket_target/post_contact_ready_settlement_velocity_score_ema: 0.0000
Metrics/racket_target/post_contact_ready_settlement_position_gate_ema: 0.0000
Metrics/racket_target/post_contact_ready_settlement_health_gate_ema: 0.0000
Metrics/racket_target/post_contact_ready_settlement_recovery_gate_ema: 0.0000
Metrics/racket_target/post_contact_ready_settlement_total_score_ema: 0.0000
Metrics/racket_target/post_contact_recovery_backlean_error: 0.0036
Metrics/racket_target/post_contact_recovery_directional_progress: 0.0000
Metrics/racket_target/post_contact_ready_torso_ok: 0.8268
Metrics/racket_target/post_contact_ready_motion_ok: 0.5044
Metrics/racket_target/post_contact_ready_support_ok: 0.9688
Metrics/racket_target/post_contact_ready_arm_ok: 0.9688
Metrics/racket_target/post_contact_ready_base_lin_vel_ok: 0.9688
Metrics/racket_target/post_contact_ready_base_ang_vel_ok: 0.6627
Metrics/racket_target/post_contact_ready_racket_speed_ok: 0.7583
Metrics/racket_target/post_contact_ready_height_ok: 0.9688
Metrics/racket_target/post_contact_ready_com_x_ok: 0.9688
Metrics/racket_target/post_contact_ready_com_y_ok: 0.9688
Metrics/racket_target/post_contact_ready_feet_ok: 0.9688
Metrics/racket_target/post_contact_ready_station_ok: 0.9688
Metrics/racket_target/post_contact_ready_fail_torso: 0.0000
Metrics/racket_target/post_contact_ready_fail_base_lin_vel: 0.0000
Metrics/racket_target/post_contact_ready_fail_base_ang_vel: 0.0000
Metrics/racket_target/post_contact_ready_fail_racket_speed: 0.0000
Metrics/racket_target/post_contact_ready_fail_support: 0.0000
Metrics/racket_target/post_contact_ready_fail_arm: 0.0000
Metrics/racket_target/post_contact_ready_shadow_now: 0.0000
Metrics/racket_target/post_contact_ready_shadow_consecutive_steps: 0.0000
Metrics/racket_target/post_contact_ready_shadow_success_latch: 0.0000
Metrics/racket_target/post_contact_ready_curriculum_level: 0.0000
Metrics/racket_target/post_contact_ready_curriculum_fraction: 0.9688
Metrics/racket_target/post_contact_ready_curriculum_success_ema: 0.0000
Metrics/racket_target/post_contact_ready_curriculum_shadow_success_ema: 0.0000
Metrics/racket_target/post_contact_ready_curriculum_resolved_events: 0.0000
Metrics/racket_target/post_contact_ready_curriculum_successful_events: 0.0000
Metrics/racket_target/post_contact_ready_curriculum_targeted_attempt_ema: 0.0000
Metrics/racket_target/post_contact_ready_curriculum_return_success_ema: 0.0000
Metrics/racket_target/post_contact_ready_curriculum_completed_swings: 0.0000
Metrics/racket_target/post_contact_ready_curriculum_advance_streak: 0.0000
Metrics/racket_target/post_contact_ready_curriculum_advance_guard_ok: 0.0000
Metrics/racket_target/post_contact_ready_effective_max_torso_ang_vel: 1.4531
Metrics/racket_target/post_contact_ready_effective_torso_x_min: -0.1163
Metrics/racket_target/post_contact_ready_effective_torso_x_max: 0.3100
Metrics/racket_target/post_contact_ready_effective_max_base_lin_vel: 0.4359
Metrics/racket_target/post_contact_ready_effective_max_base_ang_vel: 1.2594
Metrics/racket_target/post_contact_ready_effective_max_racket_speed: 2.9062
Metrics/racket_target/post_contact_ready_effective_min_feet_contact: 0.4844
Metrics/racket_target/post_contact_ready_effective_required_consecutive_steps: 2.9062
Metrics/racket_target/post_contact_ready_effective_deadline_steps: 38.7500
Metrics/racket_target/post_contact_ready_curriculum_advance_threshold: 0.9688
Metrics/racket_target/post_contact_ready_curriculum_advance_min_events: 0.0000
Metrics/racket_target/post_contact_ready_curriculum_shadow_threshold: 0.9688
Metrics/racket_target/post_contact_ready_curriculum_min_targeted_attempt_ema: 0.0000
Metrics/racket_target/post_contact_ready_curriculum_min_return_success_ema: 0.0000
Metrics/racket_target/post_contact_ready_curriculum_min_completed_swings: 0.9688
Metrics/racket_target/post_contact_ready_curriculum_required_advance_checks: 0.9688
Metrics/racket_target/racket_normal_error_deg: 57.4554
Metrics/racket_target/impact_normal_error_deg: 0.0000
Metrics/racket_target/impact_racket_vel_error_mps: 0.0000
Metrics/racket_target/impact_racket_speed_ratio: 0.0000
Metrics/racket_target/impact_racket_vel_angle_deg: 0.0000
Metrics/racket_target/impact_racket_actual_vel_x: 0.0000
Metrics/racket_target/impact_racket_actual_vel_y: 0.0000
Metrics/racket_target/impact_racket_actual_vel_z: 0.0000
Metrics/racket_target/impact_racket_target_vel_x: 0.0000
Metrics/racket_target/impact_racket_target_vel_y: 0.0000
Metrics/racket_target/impact_racket_target_vel_z: 0.0000
Metrics/racket_target/impact_ball_out_error_mps: 0.0000
Metrics/racket_target/impact_face_radial_error_m: 0.0000
Metrics/racket_target/impact_face_normal_gap_m: 0.0000
Metrics/racket_target/impact_face_quality: 0.0000
Metrics/racket_target/impact_center_contact: 0.0000
Metrics/racket_target/impact_center_net_cross: 0.0000
Metrics/racket_target/impact_center_on_opponent: 0.0000
Metrics/racket_target/impact_rim_contact: 0.0000
Metrics/racket_target/impact_rim_net_cross: 0.0000
Metrics/racket_target/impact_rim_on_opponent: 0.0000
Metrics/racket_target/impact_analytic_outer_contact: 0.0000
Metrics/racket_target/impact_analytic_outer_net_cross: 0.0000
Metrics/racket_target/impact_analytic_outer_on_opponent: 0.0000
Metrics/racket_target/impact_planner_pos_error_m: 0.0000
Metrics/racket_target/impact_planner_vel_error_mps: 0.0000
Metrics/racket_target/impact_planner_speed_ratio: 0.0000
Metrics/racket_target/impact_planner_vel_angle_deg: 0.0000
Metrics/racket_target/impact_healthy_normal_ok: 0.0000
Metrics/racket_target/impact_healthy_contact: 0.0000
Metrics/racket_target/impact_healthy_net_cross: 0.0000
Metrics/racket_target/impact_healthy_on_opponent: 0.0000
Metrics/racket_target/current_swing_impact_health_score: 0.0000
Metrics/racket_target/current_swing_healthy_contact: 0.0000
Metrics/racket_target/current_swing_healthy_net_cross: 0.0000
Metrics/racket_target/current_swing_healthy_on_opponent: 0.0000
Metrics/racket_target/current_swing_healthy_normal_ok: 0.0000
Metrics/racket_target/current_swing_contact: 0.0000
Metrics/racket_target/current_swing_net_cross: 0.0000
Metrics/racket_target/current_swing_on_opponent: 0.0000
Metrics/racket_target/current_swing_center_contact: 0.0000
Metrics/racket_target/current_swing_center_net_cross: 0.0000
Metrics/racket_target/current_swing_center_on_opponent: 0.0000
Metrics/racket_target/current_swing_rim_contact: 0.0000
Metrics/racket_target/current_swing_rim_net_cross: 0.0000
Metrics/racket_target/current_swing_rim_on_opponent: 0.0000
Metrics/racket_target/current_swing_analytic_outer_contact: 0.0000
Metrics/racket_target/current_swing_analytic_outer_net_cross: 0.0000
Metrics/racket_target/current_swing_analytic_outer_on_opponent: 0.0000
Metrics/racket_target/cycle_v2_outcome_tier: -0.9688
Metrics/racket_target/cycle_v2_streak: 0.0000
Metrics/racket_target/closed_loop_recovery_trigger_event: 0.0000
Metrics/racket_target/closed_loop_cycle_success_event: 0.0000
Metrics/racket_target/closed_loop_durable_cycle_success_event: 0.0000
Metrics/racket_target/closed_loop_phase_id: 0.8382
Metrics/racket_target/closed_loop_phase_ready_no_command: 0.1305
Metrics/racket_target/closed_loop_phase_command_acquire: 0.8382
Metrics/racket_target/closed_loop_phase_pre_strike: 0.0000
Metrics/racket_target/closed_loop_phase_strike: 0.0000
Metrics/racket_target/closed_loop_phase_follow_through: 0.0000
Metrics/racket_target/closed_loop_phase_recovery: 0.0000
Metrics/racket_target/closed_loop_phase_next_ready: 0.0000
Metrics/racket_target/post_contact_phase_impact_0_100ms_attempts: 0.0000
Metrics/racket_target/post_contact_phase_impact_0_100ms_tilt_gt_0p1_rate: 0.0000
Metrics/racket_target/post_contact_phase_impact_0_100ms_pitch_gt_0p1_rate: 0.0000
Metrics/racket_target/post_contact_phase_impact_0_100ms_waist_overflow_gt_1p0_rate: 0.0000
Metrics/racket_target/post_contact_phase_impact_0_100ms_base_ang_vel_gt_0p8_rate: 0.0000
Metrics/racket_target/post_contact_phase_brake_100_300ms_attempts: 0.0000
Metrics/racket_target/post_contact_phase_brake_100_300ms_tilt_gt_0p1_rate: 0.0000
Metrics/racket_target/post_contact_phase_brake_100_300ms_pitch_gt_0p1_rate: 0.0000
Metrics/racket_target/post_contact_phase_brake_100_300ms_waist_overflow_gt_1p0_rate: 0.0000
Metrics/racket_target/post_contact_phase_brake_100_300ms_base_ang_vel_gt_0p8_rate: 0.0000
Metrics/racket_target/post_contact_phase_settle_300_600ms_attempts: 0.0000
Metrics/racket_target/post_contact_phase_settle_300_600ms_tilt_gt_0p1_rate: 0.0000
Metrics/racket_target/post_contact_phase_settle_300_600ms_pitch_gt_0p1_rate: 0.0000
Metrics/racket_target/post_contact_phase_settle_300_600ms_waist_overflow_gt_1p0_rate: 0.0000
Metrics/racket_target/post_contact_phase_settle_300_600ms_base_ang_vel_gt_0p8_rate: 0.0000
Metrics/racket_target/post_contact_phase_ready_after_600ms_attempts: 0.0000
Metrics/racket_target/post_contact_phase_ready_after_600ms_tilt_gt_0p1_rate: 0.0000
Metrics/racket_target/post_contact_phase_ready_after_600ms_pitch_gt_0p1_rate: 0.0000
Metrics/racket_target/post_contact_phase_ready_after_600ms_waist_overflow_gt_1p0_rate: 0.0000
Metrics/racket_target/post_contact_phase_ready_after_600ms_base_ang_vel_gt_0p8_rate: 0.0000
      Episode_Termination/time_out: 3.9688
  Episode_Termination/base_too_low: 0.0000
   Episode_Termination/base_tilted: 0.0000
   Episode_Termination/table_touch: 0.0000
Episode_Termination/persistent_action_overflow: 0.0000
--------------------------------------------------------------------------------
                   Total timesteps: 65536
                    Iteration time: 2.81s
                      Time elapsed: 00:00:02
                               ETA: 00:00:56

[2026-08-02 18:00:18,564][git.util][DEBUG] - sys.platform='linux', git_executable='git'
[2026-08-02 18:00:18,565][git.cmd][DEBUG] - Popen(['git', 'cat-file', '--batch-check'], cwd=/mnt/ssd/zxl/PACE-ICRA2026, stdin=<valid stream>, shell=False, universal_newlines=False)
[2026-08-02 18:00:18,567][git.cmd][DEBUG] - Popen(['git', 'cat-file', '--batch'], cwd=/mnt/ssd/zxl/PACE-ICRA2026, stdin=<valid stream>, shell=False, universal_newlines=False)
Storing git diff for 'PACE-ICRA2026' in: /mnt/ssd/zxl/HOPE_latest_20260721/hope_training/whole_body_tracking/logs/rsl_rl/hope_pingpong_stage1_plane020_escrow_guard114/2026-08-02_17-59-56_plane020EscrowGuardMissAudit_seed9583_20x2048/git/PACE-ICRA2026.diff
[2026-08-02 18:00:18,569][git.cmd][DEBUG] - Popen(['git', 'status'], cwd=/mnt/ssd/zxl/PACE-ICRA2026, stdin=None, shell=False, universal_newlines=False)
[2026-08-02 18:00:18,572][git.cmd][DEBUG] - Popen(['git', 'diff', 'f680833fa6dd25066f6d1bff1a8f66c566269348'], cwd=/mnt/ssd/zxl/PACE-ICRA2026, stdin=None, shell=False, universal_newlines=False)
[2026-08-02 18:00:18,579][git.util][DEBUG] - sys.platform='linux', git_executable='git'
[2026-08-02 18:00:18,580][git.cmd][DEBUG] - Popen(['git', 'cat-file', '--batch-check'], cwd=/mnt/ssd/zxl/HOPE_latest_20260721, stdin=<valid stream>, shell=False, universal_newlines=False)
[2026-08-02 18:00:18,581][git.cmd][DEBUG] - Popen(['git', 'cat-file', '--batch'], cwd=/mnt/ssd/zxl/HOPE_latest_20260721, stdin=<valid stream>, shell=False, universal_newlines=False)
Storing git diff for 'HOPE_latest_20260721' in: /mnt/ssd/zxl/HOPE_latest_20260721/hope_training/whole_body_tracking/logs/rsl_rl/hope_pingpong_stage1_plane020_escrow_guard114/2026-08-02_17-59-56_plane020EscrowGuardMissAudit_seed9583_20x2048/git/HOPE_latest_20260721.diff
[2026-08-02 18:00:18,583][git.cmd][DEBUG] - Popen(['git', 'status'], cwd=/mnt/ssd/zxl/HOPE_latest_20260721, stdin=None, shell=False, universal_newlines=False)
[2026-08-02 18:00:18,591][git.cmd][DEBUG] - Popen(['git', 'diff', 'b99de9c8263d8acc9cebf93db6b7631b921597ed'], cwd=/mnt/ssd/zxl/HOPE_latest_20260721, stdin=None, shell=False, universal_newlines=False)
/mnt/ssd/zxl/IsaacLab/source/isaaclab/isaaclab/envs/mdp/events.py:501: UserWarning: To copy construct from a tensor, it is recommended to use sourceTensor.detach().clone() or sourceTensor.detach().clone().requires_grad_(True), rather than torch.tensor(sourceTensor).
  actuator_joint_indices = torch.tensor(actuator.joint_indices, device=asset.device)
################################################################################
                     [1m Learning iteration 1801/1820 [0m                     

                       Computation: 27660 steps/s (collection: 2.348s, learning 0.021s)
             Mean action noise std: 0.45
          Mean value_function loss: 0.0682
               Mean surrogate loss: -0.0000
                 Mean entropy loss: 2.8121
      Mean critic_only_warmup loss: 1.0000
                       Mean reward: 1.63
               Mean episode length: 52.12
 Episode_Reward/undesired_contacts: 0.0000
  Episode_Reward/feet_contact_slip: -0.0005
     Episode_Reward/table_no_touch: -0.0002
              Episode_Reward/alive: 0.0010
            Episode_Reward/upright: -0.0013
          Episode_Reward/imitation: 0.0421
    Episode_Reward/racket_position: 0.0027
Episode_Reward/backhand_racket_position: 0.0012
    Episode_Reward/racket_velocity: 0.0017
Episode_Reward/planner_racket_task_space_crossfade: 0.0184
Episode_Reward/exact_impact_planner_task_space_alignment: 0.0003
    Episode_Reward/blade_direction: 0.0016
Episode_Reward/health_gated_soft_ball_contact: 0.0013
Episode_Reward/health_gated_backhand_soft_ball_contact: 0.0008
Episode_Reward/health_gated_ball_contact: 0.0004
Episode_Reward/healthy_trunk_support: 0.0078
Episode_Reward/targeted_strike_attempt: 0.0004
  Episode_Reward/strike_inactivity: 0.0000
 Episode_Reward/pre_strike_station: 0.0155
    Episode_Reward/recovery_health: 0.0011
Episode_Reward/no_command_ready_stability: 0.0006
Episode_Reward/post_strike_base_ang_vel: 0.0001
Episode_Reward/phase_action_overflow: -0.0001
     Episode_Reward/strike_balance: 0.0018
Episode_Reward/prestrike_station_progress: 0.0056
 Episode_Reward/lower_body_support: 0.0027
Episode_Reward/termination_penalty: -0.0037
Episode_Reward/phase_action_rate_waist: -0.0000
Episode_Reward/phase_action_rate_upper: -0.0004
Episode_Reward/phase_action_rate_legs: -0.0000
        Episode_Reward/joint_limit: -0.0027
Episode_Reward/prestrike_racket_progress: 0.0464
Episode_Reward/near_impact_planner_velocity_progress: 0.0023
Episode_Reward/operational_joint_margin: -0.0017
  Episode_Reward/joint_target_slew: -0.0029
Episode_Reward/actuator_waist_feasibility: -0.0000
Episode_Reward/actuator_right_arm_feasibility: -0.0000
Episode_Reward/actuator_leg_feasibility: -0.0000
Episode_Reward/terminal_quality_window: 0.0000
Episode_Reward/safe_terminal_quality: 0.0000
Episode_Reward/unsafe_terminal_recovery: 0.0000
Episode_Reward/capability_gated_safe_terminal_outcome: 0.0000
Episode_Reward/targeted_contact_miss: -0.0000
    Metrics/motion/error_joint_pos: 1.3911
    Metrics/motion/error_joint_vel: 5.8739
     Metrics/motion/error_body_pos: 0.1150
     Metrics/motion/error_body_rot: 0.5423
       Metrics/motion/motion_phase: 0.2685
            Metrics/motion/in_hold: 0.0394
Metrics/motion/motion_start_warmup_prob: 0.8000
Metrics/motion/motion_start_lifecycle_progress: 0.0000
Metrics/motion/motion_start_effective_prestrike_fraction: 1.0000
Metrics/motion/motion_start_effective_recovery_fraction: 0.0000
Metrics/motion/motion_start_effective_rsi_fraction: 0.0000
 Metrics/motion/motion_start_reset: 0.7077
Metrics/motion/motion_start_prestrike_reset: 0.0000
Metrics/motion/motion_start_recovery_reset: 0.0000
Metrics/motion/motion_start_rsi_reset: 0.0000
 Metrics/motion/single_cycle_reset: 0.0000
     Metrics/motion/motion_clip_id: 0.6016
Metrics/motion/motion_supplemental_clip: 0.0000
      Metrics/motion/stand_episode: 0.0394
Metrics/motion/default_stand_reset: 0.2923
Metrics/motion/error_body_pos_lower: 0.1207
Metrics/motion/error_body_rot_lower: 0.6131
Metrics/motion/error_body_lin_vel_lower: 0.1755
Metrics/motion/error_body_ang_vel_lower: 0.6866
Metrics/motion/reference_body_lin_speed_lower: 0.0205
Metrics/motion/robot_body_lin_speed_lower: 0.1720
Metrics/motion/error_body_pos_core: 0.0642
Metrics/motion/error_body_rot_core: 0.2837
Metrics/motion/error_body_lin_vel_core: 0.1590
Metrics/motion/error_body_ang_vel_core: 1.2083
Metrics/motion/reference_body_lin_speed_core: 0.0234
Metrics/motion/robot_body_lin_speed_core: 0.1551
Metrics/motion/error_body_pos_upper: 0.1262
Metrics/motion/error_body_rot_upper: 0.5576
Metrics/motion/error_body_lin_vel_upper: 0.7848
Metrics/motion/error_body_ang_vel_upper: 2.5133
Metrics/motion/reference_body_lin_speed_upper: 0.0888
Metrics/motion/robot_body_lin_speed_upper: 0.8123
Metrics/motion/error_joint_pos_waist: 0.4057
Metrics/motion/error_joint_vel_waist: 1.5666
Metrics/motion/reference_joint_speed_waist: 0.0270
Metrics/motion/error_joint_pos_arms: 1.1301
Metrics/motion/error_joint_vel_arms: 5.0069
Metrics/motion/reference_joint_speed_arms: 0.2034
Metrics/motion/error_joint_pos_legs: 0.6504
Metrics/motion/error_joint_vel_legs: 2.2817
Metrics/motion/reference_joint_speed_legs: 0.0079
Metrics/racket_target/racket_pos_error: 0.0270
Metrics/racket_target/racket_vel_error: 0.1156
Metrics/racket_target/time_to_strike: 0.3675
Metrics/racket_target/return_success: 0.0078
Metrics/racket_target/prev_return_success: 0.0000
Metrics/racket_target/prev_net_cross: 0.0000
Metrics/racket_target/current_net_cross: 0.0785
Metrics/racket_target/racket_pos_curriculum_scale: 1.0000
Metrics/racket_target/impact_inverse_command_blend: 0.0000
Metrics/racket_target/steps_since_target_resample: 45.9219
Metrics/racket_target/recovery_height_error: 0.0222
Metrics/racket_target/recovery_upright_error: 0.2158
Metrics/racket_target/recovery_base_lin_vel: 0.1497
Metrics/racket_target/recovery_base_ang_vel: 0.9163
Metrics/racket_target/recovery_station_error: 0.0619
Metrics/racket_target/recovery_feet_contact_frac: 0.9793
Metrics/racket_target/recovery_racket_speed: 1.6079
Metrics/racket_target/recovery_height_score: 0.9416
Metrics/racket_target/recovery_upright_score: 0.5312
Metrics/racket_target/recovery_lin_vel_score: 0.7078
Metrics/racket_target/recovery_ang_vel_score: 0.3355
Metrics/racket_target/recovery_station_score: 0.9102
Metrics/racket_target/recovery_racket_score: 0.1036
Metrics/racket_target/recovery_arm_score: 0.6315
Metrics/racket_target/recovery_ready_score: 0.6690
Metrics/racket_target/recovery_anchor_arm_score: 1.0000
Metrics/racket_target/recovery_core_ready_score: 0.5452
Metrics/racket_target/recovery_functional_ready_score: 0.4628
Metrics/racket_target/waist_action_overflow_rms: 0.0000
Metrics/racket_target/right_arm_action_overflow_rms: 0.0024
Metrics/racket_target/leg_action_overflow_rms: 0.0000
Metrics/racket_target/operational_margin_fraction: 0.0041
Metrics/racket_target/waist_operational_margin_fraction: 0.0000
Metrics/racket_target/right_arm_operational_margin_fraction: 0.0053
Metrics/racket_target/leg_operational_margin_fraction: 0.0076
Metrics/racket_target/waist_operational_excess_rms: 0.0000
Metrics/racket_target/right_arm_operational_excess_rms: 0.0007
Metrics/racket_target/leg_operational_excess_rms: 0.0010
Metrics/racket_target/q_des_velocity_violation_fraction: 0.0805
Metrics/racket_target/waist_q_des_velocity_violation_fraction: 0.0000
Metrics/racket_target/right_arm_q_des_velocity_violation_fraction: 0.1142
Metrics/racket_target/leg_q_des_velocity_violation_fraction: 0.1071
Metrics/racket_target/q_des_acceleration_violation_fraction: 0.7078
Metrics/racket_target/waist_q_des_acceleration_violation_fraction: 0.5885
Metrics/racket_target/right_arm_q_des_acceleration_violation_fraction: 0.8251
Metrics/racket_target/leg_q_des_acceleration_violation_fraction: 0.7750
Metrics/racket_target/waist_q_des_velocity_rms: 3.1644
Metrics/racket_target/right_arm_q_des_velocity_rms: 8.6368
Metrics/racket_target/leg_q_des_velocity_rms: 7.0928
Metrics/racket_target/waist_q_des_acceleration_rms: 248.3067
Metrics/racket_target/right_arm_q_des_acceleration_rms: 726.0109
Metrics/racket_target/leg_q_des_acceleration_rms: 624.2446
Metrics/racket_target/action_operational_feasibility_score: 0.9815
Metrics/racket_target/actuator_overflow_consecutive_steps: 0.0000
Metrics/racket_target/actuator_overflow_severe: 0.0000
Metrics/racket_target/recovery_phase_gate: 0.0394
Metrics/racket_target/recovery_phase_ready_score: 0.0289
Metrics/racket_target/recovery_contact_ready_score: 0.0000
Metrics/racket_target/recovery_net_ready_score: 0.0000
Metrics/racket_target/recovery_return_ready_score: 0.0000
Metrics/racket_target/cycle_success_ready_score: 0.0000
Metrics/racket_target/cycle_success_soft: 0.0000
Metrics/racket_target/cycle_success_binary: 0.0000
Metrics/racket_target/cycle_v2_pending: 0.0000
Metrics/racket_target/cycle_v2_attempt_latch: 0.0000
Metrics/racket_target/cycle_v2_ready_success_latch: 0.0000
Metrics/racket_target/cycle_v2_ready_fail_latch: 0.0000
Metrics/racket_target/cycle_v2_attempt_event: 0.0000
Metrics/racket_target/cycle_v2_ready_success_event: 0.0000
Metrics/racket_target/cycle_v2_ready_fail_event: 0.0000
Metrics/racket_target/cycle_v2_unresolved_resample_fail_event: 0.0000
Metrics/racket_target/cycle_v2_resolved_event: 0.0000
Metrics/racket_target/cycle_v2_command_visible_steps: 0.0000
Metrics/racket_target/cycle_v2_elapsed_steps: 0.0000
Metrics/racket_target/cycle_v2_ready_score: 0.0000
Metrics/racket_target/cycle_v2_ready_ok: 0.0000
Metrics/racket_target/cycle_v2_visible: 0.0000
Metrics/racket_target/cycle_v2_ready_score_ok: 0.0000
Metrics/racket_target/cycle_v2_height_ok: 0.0000
Metrics/racket_target/cycle_v2_upright_ok: 0.0000
Metrics/racket_target/cycle_v2_base_lin_vel_ok: 0.0000
Metrics/racket_target/cycle_v2_base_ang_vel_ok: 0.0000
Metrics/racket_target/cycle_v2_feet_ok: 0.0000
Metrics/racket_target/cycle_v2_core_ready_ok: 0.0000
Metrics/racket_target/cycle_v2_ready_consecutive_steps: 0.0000
Metrics/racket_target/single_cycle_bootstrap: 0.0000
Metrics/racket_target/single_cycle_swing_completed: 0.0000
Metrics/racket_target/single_cycle_recovery_active: 0.0000
Metrics/racket_target/single_cycle_recovery_elapsed_steps: 0.0000
Metrics/racket_target/single_cycle_ready_consecutive_steps: 0.0000
Metrics/racket_target/single_cycle_safe_timeout_event: 0.0000
Metrics/racket_target/single_cycle_deadline_timeout_event: 0.0000
Metrics/racket_target/single_cycle_timeout_latch: 0.0000
Metrics/racket_target/single_cycle_hard_failure_event: 0.0000
Metrics/racket_target/single_cycle_probability: 0.0000
Metrics/racket_target/single_cycle_curriculum_level: 0.0000
Metrics/racket_target/single_cycle_effective_deadline_steps: 100.0000
Metrics/racket_target/single_cycle_selected_events: 0.0000
Metrics/racket_target/single_cycle_completed_events: 0.0000
Metrics/racket_target/single_cycle_safe_timeout_events: 0.0000
Metrics/racket_target/single_cycle_deadline_timeout_events: 0.0000
Metrics/racket_target/single_cycle_hard_failure_events: 0.0000
Metrics/racket_target/active_ready_consecutive_steps: 0.0312
Metrics/racket_target/active_ready_success_event: 0.0000
Metrics/racket_target/active_ready_success_latch: 0.0000
Metrics/racket_target/active_ready_survival_steps: 0.0000
Metrics/racket_target/active_ready_survival_next_milestone: 0.0000
Metrics/racket_target/active_ready_survival_milestone_event: 0.0000
Metrics/racket_target/no_command_ready_active: 0.0394
Metrics/racket_target/no_command_from_stand_episode: 0.0394
Metrics/racket_target/no_command_from_default_stand_reset: 0.0394
Metrics/racket_target/no_command_ready_upright_ok: 0.0394
Metrics/racket_target/no_command_ready_motion_ok: 0.0234
Metrics/racket_target/no_command_ready_score: 0.0289
Metrics/racket_target/no_command_ready_progress: 0.0152
Metrics/racket_target/no_command_ready_station_error: 0.0028
Metrics/racket_target/no_command_ready_fixed_station_error: 0.0028
Metrics/racket_target/healthy_training_stage: 3.0000
Metrics/racket_target/healthy_stage_planted_rehearsal: 0.0000
Metrics/racket_target/healthy_stage_station_hold_seen: 0.0000
Metrics/racket_target/healthy_stage_station_arrived: 0.0000
Metrics/racket_target/healthy_stage_station_settled: 0.0000
Metrics/racket_target/healthy_stage_station_settle_steps: 0.0000
Metrics/racket_target/station_relocation_active: 0.0000
Metrics/racket_target/station_relocation_target_offset_y: 0.0000
Metrics/racket_target/station_relocation_error: 0.0000
Metrics/racket_target/station_relocation_arrival_event: 0.0000
Metrics/racket_target/station_relocation_settle_event: 0.0000
Metrics/racket_target/station_relocation_release_event: 0.0000
Metrics/racket_target/station_relocation_timeout_event: 0.0000
Metrics/racket_target/station_relocation_elapsed_steps: 0.0000
Metrics/racket_target/station_relocation_hold_deadline_steps: 0.0000
Metrics/racket_target/lifecycle_recovery_hold_active: 0.0000
Metrics/racket_target/lifecycle_recovery_release_success_event: 0.0000
Metrics/racket_target/lifecycle_recovery_release_fail_event: 0.0000
Metrics/racket_target/station_relocation_level: 0.0000
Metrics/racket_target/station_relocation_arrival_ema: 0.0000
Metrics/racket_target/station_relocation_settle_ema: 0.0000
Metrics/racket_target/station_relocation_contact_ema: 0.0000
Metrics/racket_target/station_relocation_safety_ema: 0.0000
Metrics/racket_target/station_relocation_resolved_events: 0.0000
Metrics/racket_target/station_relocation_terminal_reset_events: 0.0000
Metrics/racket_target/station_relocation_advance_streak: 0.0000
Metrics/racket_target/station_relocation_regress_streak: 0.0000
Metrics/racket_target/station_relocation_effective_max_lin_vel: 0.0000
Metrics/racket_target/station_relocation_effective_max_ang_vel: 0.0000
Metrics/racket_target/station_relocation_effective_min_settle_steps: 0.0000
Metrics/racket_target/ability_curriculum_level: 0.0000
Metrics/racket_target/ability_curriculum_scale: 1.0000
Metrics/racket_target/ability_curriculum_resolved_events: 0.0000
Metrics/racket_target/ability_curriculum_total_resolved_events: 0.0000
Metrics/racket_target/ability_curriculum_advance_streak: 0.0000
Metrics/racket_target/ability_curriculum_regress_streak: 0.0000
Metrics/racket_target/ability_contact_ema: 0.0000
Metrics/racket_target/ability_net_ema: 0.0000
Metrics/racket_target/ability_success_ema: 0.0000
Metrics/racket_target/ability_recovery_ema: 0.0000
Metrics/racket_target/ability_cycle_ema: 0.0000
Metrics/racket_target/ability_cycle_attempt_ema: 0.0000
Metrics/racket_target/ability_cycle_resolved_ema: 0.0000
Metrics/racket_target/ability_forehand_contact_ema: 0.0000
Metrics/racket_target/ability_forehand_net_ema: 0.0000
Metrics/racket_target/ability_forehand_success_ema: 0.0000
Metrics/racket_target/ability_backhand_contact_ema: 0.0000
Metrics/racket_target/ability_backhand_net_ema: 0.0000
Metrics/racket_target/ability_backhand_success_ema: 0.0000
Metrics/racket_target/ability_attempt_ema: 0.0000
Metrics/racket_target/ability_targeted_attempt_ema: 0.0000
Metrics/racket_target/impact_health_floor_progress: 0.0000
Metrics/racket_target/ability_safety_ema: 1.0000
Metrics/racket_target/ability_station_saturation_ema: 0.0000
Metrics/racket_target/ability_healthy_normal_ema: 0.0000
Metrics/racket_target/ability_station_arrival_ema: 0.0000
Metrics/racket_target/ability_station_settle_ema: 0.0000
Metrics/racket_target/safe_outcome_capability_gate: 0.0000
Metrics/racket_target/planner_hit_plane_blend: 1.0000
Metrics/racket_target/planner_hit_plane_x_delta: 0.0367
Metrics/racket_target/true_strike_table_x: 0.2000
Metrics/racket_target/planner_target_table_x: 0.2000
Metrics/racket_target/workspace_level: 0.0000
Metrics/racket_target/workspace_fringe_sample: 0.0000
Metrics/racket_target/workspace_target_lateral_norm: 0.2996
Metrics/racket_target/workspace_target_table_y: -0.2164
Metrics/racket_target/workspace_playable_y_min: -0.7225
Metrics/racket_target/workspace_playable_y_max: 0.7225
Metrics/racket_target/workspace_active_y_lo: -0.2833
Metrics/racket_target/workspace_active_y_hi: -0.1514
Metrics/racket_target/workspace_motion_seed_blend: 0.0000
Metrics/racket_target/planner_perturb_curriculum_scale: 1.0000
Metrics/racket_target/incoming_ball_horizontal_speed: 2.2589
Metrics/racket_target/incoming_ball_speed: 4.6325
Metrics/racket_target/incoming_ball_speed_curriculum_level: 0.0000
Metrics/racket_target/incoming_ball_speed_sample_low: 0.0000
Metrics/racket_target/incoming_ball_speed_sample_high: 0.0000
Metrics/racket_target/station_saturated: 0.0000
Metrics/racket_target/station_raw_clip_excess: 0.0000
Metrics/racket_target/station_saturated_x: 0.0000
Metrics/racket_target/station_saturated_y: 0.0000
Metrics/racket_target/station_raw_clip_excess_x: 0.0000
Metrics/racket_target/station_raw_clip_excess_y: 0.0000
Metrics/racket_target/current_swing_opportunity: 0.0952
Metrics/racket_target/current_swing_attempt: 0.0952
Metrics/racket_target/current_swing_targeted_attempt: 0.0952
Metrics/racket_target/prev_swing_targeted_attempt: 0.0000
Metrics/racket_target/current_swing_unsafe: 0.0234
Metrics/racket_target/current_swing_station_saturated: 0.0000
Metrics/racket_target/impact_health_score: 0.9459
Metrics/racket_target/impact_health_ok: 0.9766
Metrics/racket_target/impact_health_backlean_violation: 0.0151
Metrics/racket_target/impact_health_waist_backfold: 0.0080
Metrics/racket_target/impact_health_base_retreat: 0.0122
Metrics/racket_target/impact_health_torso_gravity_x: 0.1762
Metrics/racket_target/impact_health_torso_ang_vel: 0.5164
Metrics/racket_target/impact_health_com_x: 0.0303
Metrics/racket_target/impact_health_com_y: 0.0327
Metrics/racket_target/post_contact_ready_pending: 0.0629
Metrics/racket_target/post_contact_ready_elapsed_steps: 0.1045
Metrics/racket_target/post_contact_ready_consecutive_steps: 0.0923
Metrics/racket_target/post_contact_ready_diagnostic_pending: 0.0785
Metrics/racket_target/post_contact_ready_diagnostic_elapsed_steps: 0.1045
Metrics/racket_target/post_contact_ready_durable_pending: 0.0785
Metrics/racket_target/post_contact_ready_durable_consecutive_steps: 0.0000
Metrics/racket_target/post_contact_ready_durable_ready_now: 0.0000
Metrics/racket_target/post_contact_ready_durable_success_event: 0.0000
Metrics/racket_target/post_contact_ready_durable_fail_event: 0.0000
Metrics/racket_target/post_contact_ready_durable_resolution_success_rate: 0.0000
Metrics/racket_target/post_contact_ready_durable_resolution_fail_rate: 0.0005
Metrics/racket_target/post_contact_ready_durable_resolution_success_latency_steps: 0.0000
Metrics/racket_target/post_contact_ready_durable_resolution_fail_latency_steps: 0.0379
Metrics/racket_target/post_contact_ready_durable_fail_backlean_rate: 0.0938
Metrics/racket_target/post_contact_ready_durable_fail_forward_lean_rate: 0.0938
Metrics/racket_target/post_contact_ready_durable_fail_torso_ang_vel_rate: 0.0938
Metrics/racket_target/post_contact_ready_durable_fail_base_lin_vel_rate: 0.0938
Metrics/racket_target/post_contact_ready_durable_fail_base_ang_vel_rate: 0.0938
Metrics/racket_target/post_contact_ready_durable_fail_racket_speed_rate: 0.0938
Metrics/racket_target/post_contact_ready_durable_fail_height_rate: 0.0938
Metrics/racket_target/post_contact_ready_durable_fail_com_x_rate: 0.0938
Metrics/racket_target/post_contact_ready_durable_fail_com_y_rate: 0.0938
Metrics/racket_target/post_contact_ready_durable_fail_feet_rate: 0.0938
Metrics/racket_target/post_contact_ready_durable_fail_station_rate: 0.0938
Metrics/racket_target/post_contact_ready_durable_fail_arm_rate: 0.0938
Metrics/racket_target/post_contact_ready_terminal_window_active: 0.0000
Metrics/racket_target/post_contact_ready_terminal_quality: 0.0000
Metrics/racket_target/post_contact_ready_terminal_settlement_event: 0.0000
Metrics/racket_target/post_contact_ready_operational_ready_now: 0.0000
Metrics/racket_target/post_contact_ready_operational_consecutive_steps: 0.0000
Metrics/racket_target/post_contact_ready_safe_settlement_event: 0.0000
Metrics/racket_target/post_contact_ready_unsafe_settlement_event: 0.0000
Metrics/racket_target/post_contact_ready_incomplete_settlement_event: 0.0000
Metrics/racket_target/post_contact_ready_safe_net_cycle_event: 0.0000
Metrics/racket_target/post_contact_ready_terminal_quality_mean: 0.0000
Metrics/racket_target/post_contact_ready_safe_terminal_quality_mean: 0.0000
Metrics/racket_target/post_contact_ready_terminal_safe_rate: 0.0000
Metrics/racket_target/post_contact_ready_terminal_unsafe_rate: 0.0000
Metrics/racket_target/post_contact_ready_terminal_incomplete_rate: 0.0000
Metrics/racket_target/post_contact_ready_safe_net_cycle_rate: 0.0000
Metrics/racket_target/post_contact_ready_score: 0.8740
Metrics/racket_target/post_contact_ready_now: 0.0428
Metrics/racket_target/post_contact_ready_success_event: 0.0156
Metrics/racket_target/post_contact_ready_fail_event: 0.0000
Metrics/racket_target/post_contact_ready_outcome_tier: -0.8352
Metrics/racket_target/post_contact_ready_face_quality: 0.0630
Metrics/racket_target/post_contact_ready_safe_face_net_cycle_value: 0.0000
Metrics/racket_target/post_contact_ready_planner_speed_ratio: 0.0764
Metrics/racket_target/post_contact_ready_planner_direction_error_rad: 0.0172
Metrics/racket_target/post_contact_ready_planner_position_error: 0.0046
Metrics/racket_target/post_contact_ready_impact_health_score: 0.0761
Metrics/racket_target/post_contact_ready_peak_base_ang_vel: 0.0966
Metrics/racket_target/post_contact_ready_peak_ang_vel_excess_increment: 0.0429
Metrics/racket_target/post_contact_ready_envelope_violation_latch: 0.0104
Metrics/racket_target/post_contact_ready_envelope_violation_event: 0.0104
Metrics/racket_target/post_contact_ready_envelope_first_violation_step: -0.9896
Metrics/racket_target/post_contact_ready_envelope_attempts: 133.4062
Metrics/racket_target/post_contact_ready_envelope_violation_rate: 0.0006
Metrics/racket_target/post_contact_ready_envelope_tilt_violation_rate: 0.0000
Metrics/racket_target/post_contact_ready_envelope_pitch_violation_rate: 0.0000
Metrics/racket_target/post_contact_ready_envelope_com_violation_rate: 0.0000
Metrics/racket_target/post_contact_ready_envelope_waist_violation_rate: 0.0000
Metrics/racket_target/post_contact_ready_envelope_leg_violation_rate: 0.0000
Metrics/racket_target/post_contact_ready_envelope_base_ang_vel_violation_rate: 0.0006
Metrics/racket_target/post_contact_ready_resolution_success_rate: 0.0131
Metrics/racket_target/post_contact_ready_resolution_fail_rate: 0.0005
Metrics/racket_target/post_contact_ready_resolution_success_latency_steps: 0.0938
Metrics/racket_target/post_contact_ready_resolution_fail_latency_steps: 0.0379
Metrics/racket_target/post_contact_ready_max_tilt: 0.0175
Metrics/racket_target/post_contact_ready_max_abs_pitch: 0.0174
Metrics/racket_target/post_contact_ready_max_com_x: 0.0020
Metrics/racket_target/post_contact_ready_max_com_y: 0.0023
Metrics/racket_target/post_contact_ready_max_waist_overflow: 0.0000
Metrics/racket_target/post_contact_ready_max_leg_overflow: 0.0000
Metrics/racket_target/post_contact_ready_settlement_velocity_score_ema: 0.0215
Metrics/racket_target/post_contact_ready_settlement_position_gate_ema: 0.0247
Metrics/racket_target/post_contact_ready_settlement_health_gate_ema: 0.0306
Metrics/racket_target/post_contact_ready_settlement_recovery_gate_ema: 0.0213
Metrics/racket_target/post_contact_ready_settlement_total_score_ema: 0.0113
Metrics/racket_target/post_contact_recovery_backlean_error: 0.0146
Metrics/racket_target/post_contact_recovery_directional_progress: 0.0000
Metrics/racket_target/post_contact_ready_torso_ok: 0.9380
Metrics/racket_target/post_contact_ready_motion_ok: 0.8081
Metrics/racket_target/post_contact_ready_support_ok: 0.9766
Metrics/racket_target/post_contact_ready_arm_ok: 1.0000
Metrics/racket_target/post_contact_ready_base_lin_vel_ok: 0.9766
Metrics/racket_target/post_contact_ready_base_ang_vel_ok: 0.8196
Metrics/racket_target/post_contact_ready_racket_speed_ok: 0.9651
Metrics/racket_target/post_contact_ready_height_ok: 0.9766
Metrics/racket_target/post_contact_ready_com_x_ok: 0.9844
Metrics/racket_target/post_contact_ready_com_y_ok: 0.9922
Metrics/racket_target/post_contact_ready_feet_ok: 0.9922
Metrics/racket_target/post_contact_ready_station_ok: 0.9922
Metrics/racket_target/post_contact_ready_fail_torso: 0.0000
Metrics/racket_target/post_contact_ready_fail_base_lin_vel: 0.0000
Metrics/racket_target/post_contact_ready_fail_base_ang_vel: 0.0000
Metrics/racket_target/post_contact_ready_fail_racket_speed: 0.0000
Metrics/racket_target/post_contact_ready_fail_support: 0.0000
Metrics/racket_target/post_contact_ready_fail_arm: 0.0000
Metrics/racket_target/post_contact_ready_shadow_now: 0.0000
Metrics/racket_target/post_contact_ready_shadow_consecutive_steps: 0.0000
Metrics/racket_target/post_contact_ready_shadow_success_latch: 0.0000
Metrics/racket_target/post_contact_ready_curriculum_level: 0.0000
Metrics/racket_target/post_contact_ready_curriculum_fraction: 1.0000
Metrics/racket_target/post_contact_ready_curriculum_success_ema: 0.0000
Metrics/racket_target/post_contact_ready_curriculum_shadow_success_ema: 0.0000
Metrics/racket_target/post_contact_ready_curriculum_resolved_events: 0.0000
Metrics/racket_target/post_contact_ready_curriculum_successful_events: 0.0000
Metrics/racket_target/post_contact_ready_curriculum_targeted_attempt_ema: 0.0000
Metrics/racket_target/post_contact_ready_curriculum_return_success_ema: 0.0000
Metrics/racket_target/post_contact_ready_curriculum_completed_swings: 0.0000
Metrics/racket_target/post_contact_ready_curriculum_advance_streak: 0.0000
Metrics/racket_target/post_contact_ready_curriculum_advance_guard_ok: 0.0000
Metrics/racket_target/post_contact_ready_effective_max_torso_ang_vel: 1.5000
Metrics/racket_target/post_contact_ready_effective_torso_x_min: -0.1200
Metrics/racket_target/post_contact_ready_effective_torso_x_max: 0.3200
Metrics/racket_target/post_contact_ready_effective_max_base_lin_vel: 0.4500
Metrics/racket_target/post_contact_ready_effective_max_base_ang_vel: 1.3000
Metrics/racket_target/post_contact_ready_effective_max_racket_speed: 3.0000
Metrics/racket_target/post_contact_ready_effective_min_feet_contact: 0.5000
Metrics/racket_target/post_contact_ready_effective_required_consecutive_steps: 3.0000
Metrics/racket_target/post_contact_ready_effective_deadline_steps: 40.0000
Metrics/racket_target/post_contact_ready_curriculum_advance_threshold: 1.0000
Metrics/racket_target/post_contact_ready_curriculum_advance_min_events: 0.0000
Metrics/racket_target/post_contact_ready_curriculum_shadow_threshold: 1.0000
Metrics/racket_target/post_contact_ready_curriculum_min_targeted_attempt_ema: 0.0000
Metrics/racket_target/post_contact_ready_curriculum_min_return_success_ema: 0.0000
Metrics/racket_target/post_contact_ready_curriculum_min_completed_swings: 1.0000
Metrics/racket_target/post_contact_ready_curriculum_required_advance_checks: 1.0000
Metrics/racket_target/racket_normal_error_deg: 26.5650
Metrics/racket_target/impact_normal_error_deg: 1.0591
Metrics/racket_target/impact_racket_vel_error_mps: 0.0484
Metrics/racket_target/impact_racket_speed_ratio: 0.0929
Metrics/racket_target/impact_racket_vel_angle_deg: 1.1646
Metrics/racket_target/impact_racket_actual_vel_x: 0.0998
Metrics/racket_target/impact_racket_actual_vel_y: 0.0136
Metrics/racket_target/impact_racket_actual_vel_z: 0.1315
Metrics/racket_target/impact_racket_target_vel_x: 0.1102
Metrics/racket_target/impact_racket_target_vel_y: 0.0008
Metrics/racket_target/impact_racket_target_vel_z: 0.1347
Metrics/racket_target/impact_ball_out_error_mps: 0.4413
Metrics/racket_target/impact_face_radial_error_m: 0.0042
Metrics/racket_target/impact_face_normal_gap_m: 0.0042
Metrics/racket_target/impact_face_quality: 0.0798
Metrics/racket_target/impact_center_contact: 0.0312
Metrics/racket_target/impact_center_net_cross: 0.0312
Metrics/racket_target/impact_center_on_opponent: 0.0000
Metrics/racket_target/impact_rim_contact: 0.0000
Metrics/racket_target/impact_rim_net_cross: 0.0000
Metrics/racket_target/impact_rim_on_opponent: 0.0000
Metrics/racket_target/impact_analytic_outer_contact: 0.0000
Metrics/racket_target/impact_analytic_outer_net_cross: 0.0000
Metrics/racket_target/impact_analytic_outer_on_opponent: 0.0000
Metrics/racket_target/impact_planner_pos_error_m: 0.0065
Metrics/racket_target/impact_planner_vel_error_mps: 0.0484
Metrics/racket_target/impact_planner_speed_ratio: 0.0929
Metrics/racket_target/impact_planner_vel_angle_deg: 1.1646
Metrics/racket_target/impact_healthy_normal_ok: 0.0312
Metrics/racket_target/impact_healthy_contact: 0.0312
Metrics/racket_target/impact_healthy_net_cross: 0.0312
Metrics/racket_target/impact_healthy_on_opponent: 0.0000
Metrics/racket_target/current_swing_impact_health_score: 0.0761
Metrics/racket_target/current_swing_healthy_contact: 0.0785
Metrics/racket_target/current_swing_healthy_net_cross: 0.0785
Metrics/racket_target/current_swing_healthy_on_opponent: 0.0078
Metrics/racket_target/current_swing_healthy_normal_ok: 0.0952
Metrics/racket_target/current_swing_contact: 0.0785
Metrics/racket_target/current_swing_net_cross: 0.0785
Metrics/racket_target/current_swing_on_opponent: 0.0078
Metrics/racket_target/current_swing_center_contact: 0.0584
Metrics/racket_target/current_swing_center_net_cross: 0.0584
Metrics/racket_target/current_swing_center_on_opponent: 0.0078
Metrics/racket_target/current_swing_rim_contact: 0.0156
Metrics/racket_target/current_swing_rim_net_cross: 0.0156
Metrics/racket_target/current_swing_rim_on_opponent: 0.0000
Metrics/racket_target/current_swing_analytic_outer_contact: 0.0045
Metrics/racket_target/current_swing_analytic_outer_net_cross: 0.0045
Metrics/racket_target/current_swing_analytic_outer_on_opponent: 0.0000
Metrics/racket_target/cycle_v2_outcome_tier: -1.0000
Metrics/racket_target/cycle_v2_streak: 0.0000
Metrics/racket_target/closed_loop_recovery_trigger_event: 0.0312
Metrics/racket_target/closed_loop_cycle_success_event: 0.0156
Metrics/racket_target/closed_loop_durable_cycle_success_event: 0.0000
Metrics/racket_target/closed_loop_phase_id: 1.6577
Metrics/racket_target/closed_loop_phase_ready_no_command: 0.0394
Metrics/racket_target/closed_loop_phase_command_acquire: 0.4792
Metrics/racket_target/closed_loop_phase_pre_strike: 0.2659
Metrics/racket_target/closed_loop_phase_strike: 0.2156
Metrics/racket_target/closed_loop_phase_follow_through: 0.0000
Metrics/racket_target/closed_loop_phase_recovery: 0.0000
Metrics/racket_target/closed_loop_phase_next_ready: 0.0000
Metrics/racket_target/post_contact_phase_impact_0_100ms_attempts: 133.4062
Metrics/racket_target/post_contact_phase_impact_0_100ms_tilt_gt_0p1_rate: 0.1250
Metrics/racket_target/post_contact_phase_impact_0_100ms_pitch_gt_0p1_rate: 0.1250
Metrics/racket_target/post_contact_phase_impact_0_100ms_waist_overflow_gt_1p0_rate: 0.0000
Metrics/racket_target/post_contact_phase_impact_0_100ms_base_ang_vel_gt_0p8_rate: 0.1050
Metrics/racket_target/post_contact_phase_brake_100_300ms_attempts: 0.0000
Metrics/racket_target/post_contact_phase_brake_100_300ms_tilt_gt_0p1_rate: 0.0000
Metrics/racket_target/post_contact_phase_brake_100_300ms_pitch_gt_0p1_rate: 0.0000
Metrics/racket_target/post_contact_phase_brake_100_300ms_waist_overflow_gt_1p0_rate: 0.0000
Metrics/racket_target/post_contact_phase_brake_100_300ms_base_ang_vel_gt_0p8_rate: 0.0000
Metrics/racket_target/post_contact_phase_settle_300_600ms_attempts: 0.0000
Metrics/racket_target/post_contact_phase_settle_300_600ms_tilt_gt_0p1_rate: 0.0000
Metrics/racket_target/post_contact_phase_settle_300_600ms_pitch_gt_0p1_rate: 0.0000
Metrics/racket_target/post_contact_phase_settle_300_600ms_waist_overflow_gt_1p0_rate: 0.0000
Metrics/racket_target/post_contact_phase_settle_300_600ms_base_ang_vel_gt_0p8_rate: 0.0000
Metrics/racket_target/post_contact_phase_ready_after_600ms_attempts: 0.0000
Metrics/racket_target/post_contact_phase_ready_after_600ms_tilt_gt_0p1_rate: 0.0000
Metrics/racket_target/post_contact_phase_ready_after_600ms_pitch_gt_0p1_rate: 0.0000
Metrics/racket_target/post_contact_phase_ready_after_600ms_waist_overflow_gt_1p0_rate: 0.0000
Metrics/racket_target/post_contact_phase_ready_after_600ms_base_ang_vel_gt_0p8_rate: 0.0000
Metrics/racket_target/base_pitch_like_signed: -0.2003
Metrics/racket_target/base_backward_velocity: 0.0211
Metrics/racket_target/waist_action_rms: 0.3829
Metrics/racket_target/right_arm_action_rms: 3.9947
Metrics/racket_target/leg_action_rms: 0.4650
Metrics/racket_target/action_abs_max: 7.1902
Metrics/racket_target/applied_action_abs_max: 7.0142
Metrics/racket_target/leg_action_abs_max: 0.8930
Metrics/racket_target/effective_action_abs_max: 7.0142
Metrics/racket_target/action_clamp_fraction: 0.0005
Metrics/racket_target/waist_action_clamp_fraction: 0.0000
Metrics/racket_target/right_arm_action_clamp_fraction: 0.0021
Metrics/racket_target/leg_action_clamp_fraction: 0.0000
Metrics/racket_target/waist_q_tracking_error_rms: 0.3650
Metrics/racket_target/right_arm_q_tracking_error_rms: 0.1788
Metrics/racket_target/leg_q_tracking_error_rms: 0.2079
Metrics/racket_target/waist_torque_clip_fraction: 0.0000
Metrics/racket_target/right_arm_torque_clip_fraction: 0.0000
Metrics/racket_target/leg_torque_clip_fraction: 0.0000
Metrics/racket_target/waist_action_delta_rms: 0.1501
Metrics/racket_target/right_arm_action_delta_rms: 0.9488
Metrics/racket_target/leg_action_delta_rms: 0.2659
Metrics/racket_target/waist_joint_vel_rms: 0.9131
Metrics/racket_target/right_arm_joint_vel_rms: 1.5364
Metrics/racket_target/leg_joint_vel_rms: 0.6593
Metrics/racket_target/recovery_leg_action_abs_max: 0.0406
Metrics/racket_target/recovery_leg_action_delta_rms: 0.0113
Metrics/racket_target/recovery_leg_joint_vel_rms: 0.0291
      Episode_Termination/time_out: 4.2188
  Episode_Termination/base_too_low: 0.0000
   Episode_Termination/base_tilted: 0.0625
   Episode_Termination/table_touch: 0.0312
Episode_Termination/persistent_action_overflow: 0.0000
--------------------------------------------------------------------------------
                   Total timesteps: 131072
                    Iteration time: 2.37s
                      Time elapsed: 00:00:05
                               ETA: 00:00:49

################################################################################
                     [1m Learning iteration 1802/1820 [0m                     

                       Computation: 27426 steps/s (collection: 2.374s, learning 0.016s)
             Mean action noise std: 0.45
          Mean value_function loss: 0.0665
               Mean surrogate loss: -0.0000
                 Mean entropy loss: 2.8121
      Mean critic_only_warmup loss: 1.0000
                       Mean reward: 3.81
               Mean episode length: 83.36
 Episode_Reward/undesired_contacts: -0.0000
  Episode_Reward/feet_contact_slip: -0.0006
     Episode_Reward/table_no_touch: -0.0002
              Episode_Reward/alive: 0.0016
            Episode_Reward/upright: -0.0020
          Episode_Reward/imitation: 0.0709
    Episode_Reward/racket_position: 0.0227
Episode_Reward/backhand_racket_position: 0.0090
    Episode_Reward/racket_velocity: 0.0149
Episode_Reward/planner_racket_task_space_crossfade: 0.0935
Episode_Reward/exact_impact_planner_task_space_alignment: 0.0025
    Episode_Reward/blade_direction: 0.0136
Episode_Reward/health_gated_soft_ball_contact: 0.0142
Episode_Reward/health_gated_backhand_soft_ball_contact: 0.0079
Episode_Reward/health_gated_ball_contact: 0.0028
Episode_Reward/healthy_trunk_support: 0.0224
Episode_Reward/targeted_strike_attempt: 0.0034
  Episode_Reward/strike_inactivity: 0.0000
 Episode_Reward/pre_strike_station: 0.0193
    Episode_Reward/recovery_health: 0.0032
Episode_Reward/no_command_ready_stability: 0.0005
Episode_Reward/post_strike_base_ang_vel: 0.0005
Episode_Reward/phase_action_overflow: -0.0000
     Episode_Reward/strike_balance: 0.0088
Episode_Reward/prestrike_station_progress: 0.0066
 Episode_Reward/lower_body_support: 0.0129
Episode_Reward/termination_penalty: -0.0037
Episode_Reward/phase_action_rate_waist: -0.0000
Episode_Reward/phase_action_rate_upper: -0.0006
Episode_Reward/phase_action_rate_legs: -0.0000
        Episode_Reward/joint_limit: -0.0048
Episode_Reward/prestrike_racket_progress: 0.0542
Episode_Reward/near_impact_planner_velocity_progress: 0.0138
Episode_Reward/operational_joint_margin: -0.0018
  Episode_Reward/joint_target_slew: -0.0043
Episode_Reward/actuator_waist_feasibility: -0.0000
Episode_Reward/actuator_right_arm_feasibility: -0.0000
Episode_Reward/actuator_leg_feasibility: -0.0000
Episode_Reward/terminal_quality_window: 0.0001
Episode_Reward/safe_terminal_quality: 0.0000
Episode_Reward/unsafe_terminal_recovery: 0.0000
Episode_Reward/capability_gated_safe_terminal_outcome: 0.0001
Episode_Reward/targeted_contact_miss: -0.0008
    Metrics/motion/error_joint_pos: 1.1694
    Metrics/motion/error_joint_vel: 4.7224
     Metrics/motion/error_body_pos: 0.0928
     Metrics/motion/error_body_rot: 0.3248
       Metrics/motion/motion_phase: 0.4879
            Metrics/motion/in_hold: 0.0164
Metrics/motion/motion_start_warmup_prob: 0.8000
Metrics/motion/motion_start_lifecycle_progress: 0.0000
Metrics/motion/motion_start_effective_prestrike_fraction: 1.0000
Metrics/motion/motion_start_effective_recovery_fraction: 0.0000
Metrics/motion/motion_start_effective_rsi_fraction: 0.0000
 Metrics/motion/motion_start_reset: 0.7632
Metrics/motion/motion_start_prestrike_reset: 0.0000
Metrics/motion/motion_start_recovery_reset: 0.0000
Metrics/motion/motion_start_rsi_reset: 0.0000
 Metrics/motion/single_cycle_reset: 0.0000
     Metrics/motion/motion_clip_id: 0.5131
Metrics/motion/motion_supplemental_clip: 0.0000
      Metrics/motion/stand_episode: 0.0164
Metrics/motion/default_stand_reset: 0.2368
Metrics/motion/error_body_pos_lower: 0.1016
Metrics/motion/error_body_rot_lower: 0.3312
Metrics/motion/error_body_lin_vel_lower: 0.1225
Metrics/motion/error_body_ang_vel_lower: 0.6411
Metrics/motion/reference_body_lin_speed_lower: 0.0213
Metrics/motion/robot_body_lin_speed_lower: 0.1228
Metrics/motion/error_body_pos_core: 0.0626
Metrics/motion/error_body_rot_core: 0.2090
Metrics/motion/error_body_lin_vel_core: 0.1546
Metrics/motion/error_body_ang_vel_core: 0.9571
Metrics/motion/reference_body_lin_speed_core: 0.0264
Metrics/motion/robot_body_lin_speed_core: 0.1594
Metrics/motion/error_body_pos_upper: 0.0942
Metrics/motion/error_body_rot_upper: 0.3569
Metrics/motion/error_body_lin_vel_upper: 0.5661
Metrics/motion/error_body_ang_vel_upper: 1.8056
Metrics/motion/reference_body_lin_speed_upper: 0.0991
Metrics/motion/robot_body_lin_speed_upper: 0.5764
Metrics/motion/error_joint_pos_waist: 0.2555
Metrics/motion/error_joint_vel_waist: 1.2457
Metrics/motion/reference_joint_speed_waist: 0.0237
Metrics/motion/error_joint_pos_arms: 0.9899
Metrics/motion/error_joint_vel_arms: 3.8720
Metrics/motion/reference_joint_speed_arms: 0.1851
Metrics/motion/error_joint_pos_legs: 0.5327
Metrics/motion/error_joint_vel_legs: 2.1554
Metrics/motion/reference_joint_speed_legs: 0.0082
Metrics/racket_target/racket_pos_error: 0.1106
Metrics/racket_target/racket_vel_error: 1.0838
Metrics/racket_target/time_to_strike: -0.2867
Metrics/racket_target/return_success: 0.0115
Metrics/racket_target/prev_return_success: 0.0000
Metrics/racket_target/prev_net_cross: 0.0000
Metrics/racket_target/current_net_cross: 0.5947
Metrics/racket_target/racket_pos_curriculum_scale: 1.0000
Metrics/racket_target/impact_inverse_command_blend: 0.0000
Metrics/racket_target/steps_since_target_resample: 78.0352
Metrics/racket_target/recovery_height_error: 0.0228
Metrics/racket_target/recovery_upright_error: 0.1414
Metrics/racket_target/recovery_base_lin_vel: 0.1505
Metrics/racket_target/recovery_base_ang_vel: 0.7812
Metrics/racket_target/recovery_station_error: 0.0577
Metrics/racket_target/recovery_feet_contact_frac: 0.9939
Metrics/racket_target/recovery_racket_speed: 1.0193
Metrics/racket_target/recovery_height_score: 0.9462
Metrics/racket_target/recovery_upright_score: 0.7357
Metrics/racket_target/recovery_lin_vel_score: 0.7000
Metrics/racket_target/recovery_ang_vel_score: 0.4072
Metrics/racket_target/recovery_station_score: 0.9071
Metrics/racket_target/recovery_racket_score: 0.2478
Metrics/racket_target/recovery_arm_score: 0.8359
Metrics/racket_target/recovery_ready_score: 0.7379
Metrics/racket_target/recovery_anchor_arm_score: 1.0000
Metrics/racket_target/recovery_core_ready_score: 0.6307
Metrics/racket_target/recovery_functional_ready_score: 0.5523
Metrics/racket_target/waist_action_overflow_rms: 0.0000
Metrics/racket_target/right_arm_action_overflow_rms: 0.0006
Metrics/racket_target/leg_action_overflow_rms: 0.0049
Metrics/racket_target/operational_margin_fraction: 0.0045
Metrics/racket_target/waist_operational_margin_fraction: 0.0000
Metrics/racket_target/right_arm_operational_margin_fraction: 0.0006
Metrics/racket_target/leg_operational_margin_fraction: 0.0114
Metrics/racket_target/waist_operational_excess_rms: 0.0000
Metrics/racket_target/right_arm_operational_excess_rms: 0.0001
Metrics/racket_target/leg_operational_excess_rms: 0.0037
Metrics/racket_target/q_des_velocity_violation_fraction: 0.0642
Metrics/racket_target/waist_q_des_velocity_violation_fraction: 0.0043
Metrics/racket_target/right_arm_q_des_velocity_violation_fraction: 0.0815
Metrics/racket_target/leg_q_des_velocity_violation_fraction: 0.0902
Metrics/racket_target/q_des_acceleration_violation_fraction: 0.7006
Metrics/racket_target/waist_q_des_acceleration_violation_fraction: 0.5758
Metrics/racket_target/right_arm_q_des_acceleration_violation_fraction: 0.7970
Metrics/racket_target/leg_q_des_acceleration_violation_fraction: 0.7603
Metrics/racket_target/waist_q_des_velocity_rms: 3.1489
Metrics/racket_target/right_arm_q_des_velocity_rms: 7.7202
Metrics/racket_target/leg_q_des_velocity_rms: 6.7081
Metrics/racket_target/waist_q_des_acceleration_rms: 251.3052
Metrics/racket_target/right_arm_q_des_acceleration_rms: 653.3965
Metrics/racket_target/leg_q_des_acceleration_rms: 577.5645
Metrics/racket_target/action_operational_feasibility_score: 0.9572
Metrics/racket_target/actuator_overflow_consecutive_steps: 0.0000
Metrics/racket_target/actuator_overflow_severe: 0.0000
Metrics/racket_target/recovery_phase_gate: 0.7596
Metrics/racket_target/recovery_phase_ready_score: 0.5714
Metrics/racket_target/recovery_contact_ready_score: 0.4022
Metrics/racket_target/recovery_net_ready_score: 0.4022
Metrics/racket_target/recovery_return_ready_score: 0.0081
Metrics/racket_target/cycle_success_ready_score: 0.0000
Metrics/racket_target/cycle_success_soft: 0.0000
Metrics/racket_target/cycle_success_binary: 0.0000
Metrics/racket_target/cycle_v2_pending: 0.0000
Metrics/racket_target/cycle_v2_attempt_latch: 0.0000
Metrics/racket_target/cycle_v2_ready_success_latch: 0.0000
Metrics/racket_target/cycle_v2_ready_fail_latch: 0.0000
Metrics/racket_target/cycle_v2_attempt_event: 0.0000
Metrics/racket_target/cycle_v2_ready_success_event: 0.0000
Metrics/racket_target/cycle_v2_ready_fail_event: 0.0000
Metrics/racket_target/cycle_v2_unresolved_resample_fail_event: 0.0000
Metrics/racket_target/cycle_v2_resolved_event: 0.0000
Metrics/racket_target/cycle_v2_command_visible_steps: 0.0000
Metrics/racket_target/cycle_v2_elapsed_steps: 0.0000
Metrics/racket_target/cycle_v2_ready_score: 0.0000
Metrics/racket_target/cycle_v2_ready_ok: 0.0000
Metrics/racket_target/cycle_v2_visible: 0.0000
Metrics/racket_target/cycle_v2_ready_score_ok: 0.0000
Metrics/racket_target/cycle_v2_height_ok: 0.0000
Metrics/racket_target/cycle_v2_upright_ok: 0.0000
Metrics/racket_target/cycle_v2_base_lin_vel_ok: 0.0000
Metrics/racket_target/cycle_v2_base_ang_vel_ok: 0.0000
Metrics/racket_target/cycle_v2_feet_ok: 0.0000
Metrics/racket_target/cycle_v2_core_ready_ok: 0.0000
Metrics/racket_target/cycle_v2_ready_consecutive_steps: 0.0000
Metrics/racket_target/single_cycle_bootstrap: 0.0000
Metrics/racket_target/single_cycle_swing_completed: 0.0000
Metrics/racket_target/single_cycle_recovery_active: 0.0000
Metrics/racket_target/single_cycle_recovery_elapsed_steps: 0.0000
Metrics/racket_target/single_cycle_ready_consecutive_steps: 0.0000
Metrics/racket_target/single_cycle_safe_timeout_event: 0.0000
Metrics/racket_target/single_cycle_deadline_timeout_event: 0.0000
Metrics/racket_target/single_cycle_timeout_latch: 0.0000
Metrics/racket_target/single_cycle_hard_failure_event: 0.0000
Metrics/racket_target/single_cycle_probability: 0.0000
Metrics/racket_target/single_cycle_curriculum_level: 0.0000
Metrics/racket_target/single_cycle_effective_deadline_steps: 100.0000
Metrics/racket_target/single_cycle_selected_events: 0.0000
Metrics/racket_target/single_cycle_completed_events: 0.0000
Metrics/racket_target/single_cycle_safe_timeout_events: 0.0000
Metrics/racket_target/single_cycle_deadline_timeout_events: 0.0000
Metrics/racket_target/single_cycle_hard_failure_events: 0.0000
Metrics/racket_target/active_ready_consecutive_steps: 0.0063
Metrics/racket_target/active_ready_success_event: 0.0000
Metrics/racket_target/active_ready_success_latch: 0.0000
Metrics/racket_target/active_ready_survival_steps: 0.0000
Metrics/racket_target/active_ready_survival_next_milestone: 0.0000
Metrics/racket_target/active_ready_survival_milestone_event: 0.0000
Metrics/racket_target/no_command_ready_active: 0.0164
Metrics/racket_target/no_command_from_stand_episode: 0.0164
Metrics/racket_target/no_command_from_default_stand_reset: 0.0164
Metrics/racket_target/no_command_ready_upright_ok: 0.0125
Metrics/racket_target/no_command_ready_motion_ok: 0.0063
Metrics/racket_target/no_command_ready_score: 0.0098
Metrics/racket_target/no_command_ready_progress: 0.0084
Metrics/racket_target/no_command_ready_station_error: 0.0024
Metrics/racket_target/no_command_ready_fixed_station_error: 0.0024
Metrics/racket_target/healthy_training_stage: 3.0000
Metrics/racket_target/healthy_stage_planted_rehearsal: 0.0000
Metrics/racket_target/healthy_stage_station_hold_seen: 0.0000
Metrics/racket_target/healthy_stage_station_arrived: 0.0000
Metrics/racket_target/healthy_stage_station_settled: 0.0000
Metrics/racket_target/healthy_stage_station_settle_steps: 0.0000
Metrics/racket_target/station_relocation_active: 0.0000
Metrics/racket_target/station_relocation_target_offset_y: 0.0000
Metrics/racket_target/station_relocation_error: 0.0000
Metrics/racket_target/station_relocation_arrival_event: 0.0000
Metrics/racket_target/station_relocation_settle_event: 0.0000
Metrics/racket_target/station_relocation_release_event: 0.0000
Metrics/racket_target/station_relocation_timeout_event: 0.0000
Metrics/racket_target/station_relocation_elapsed_steps: 0.0000
Metrics/racket_target/station_relocation_hold_deadline_steps: 0.0000
Metrics/racket_target/lifecycle_recovery_hold_active: 0.0000
Metrics/racket_target/lifecycle_recovery_release_success_event: 0.0000
Metrics/racket_target/lifecycle_recovery_release_fail_event: 0.0000
Metrics/racket_target/station_relocation_level: 0.0000
Metrics/racket_target/station_relocation_arrival_ema: 0.0000
Metrics/racket_target/station_relocation_settle_ema: 0.0000
Metrics/racket_target/station_relocation_contact_ema: 0.0000
Metrics/racket_target/station_relocation_safety_ema: 0.0000
Metrics/racket_target/station_relocation_resolved_events: 0.0000
Metrics/racket_target/station_relocation_terminal_reset_events: 0.0000
Metrics/racket_target/station_relocation_advance_streak: 0.0000
Metrics/racket_target/station_relocation_regress_streak: 0.0000
Metrics/racket_target/station_relocation_effective_max_lin_vel: 0.0000
Metrics/racket_target/station_relocation_effective_max_ang_vel: 0.0000
Metrics/racket_target/station_relocation_effective_min_settle_steps: 0.0000
Metrics/racket_target/ability_curriculum_level: 0.0000
Metrics/racket_target/ability_curriculum_scale: 1.0000
Metrics/racket_target/ability_curriculum_resolved_events: 0.0000
Metrics/racket_target/ability_curriculum_total_resolved_events: 0.0000
Metrics/racket_target/ability_curriculum_advance_streak: 0.0000
Metrics/racket_target/ability_curriculum_regress_streak: 0.0000
Metrics/racket_target/ability_contact_ema: 0.0000
Metrics/racket_target/ability_net_ema: 0.0000
Metrics/racket_target/ability_success_ema: 0.0000
Metrics/racket_target/ability_recovery_ema: 0.0000
Metrics/racket_target/ability_cycle_ema: 0.0000
Metrics/racket_target/ability_cycle_attempt_ema: 0.0000
Metrics/racket_target/ability_cycle_resolved_ema: 0.0000
Metrics/racket_target/ability_forehand_contact_ema: 0.0000
Metrics/racket_target/ability_forehand_net_ema: 0.0000
Metrics/racket_target/ability_forehand_success_ema: 0.0000
Metrics/racket_target/ability_backhand_contact_ema: 0.0000
Metrics/racket_target/ability_backhand_net_ema: 0.0000
Metrics/racket_target/ability_backhand_success_ema: 0.0000
Metrics/racket_target/ability_attempt_ema: 0.0000
Metrics/racket_target/ability_targeted_attempt_ema: 0.0000
Metrics/racket_target/impact_health_floor_progress: 0.0000
Metrics/racket_target/ability_safety_ema: 1.0000
Metrics/racket_target/ability_station_saturation_ema: 0.0000
Metrics/racket_target/ability_healthy_normal_ema: 0.0000
Metrics/racket_target/ability_station_arrival_ema: 0.0000
Metrics/racket_target/ability_station_settle_ema: 0.0000
Metrics/racket_target/safe_outcome_capability_gate: 0.0000
Metrics/racket_target/planner_hit_plane_blend: 1.0000
Metrics/racket_target/planner_hit_plane_x_delta: 0.0358
Metrics/racket_target/true_strike_table_x: 0.2000
Metrics/racket_target/planner_target_table_x: 0.2000
Metrics/racket_target/workspace_level: 0.0000
Metrics/racket_target/workspace_fringe_sample: 0.0000
Metrics/racket_target/workspace_target_lateral_norm: 0.3598
Metrics/racket_target/workspace_target_table_y: -0.2600
Metrics/racket_target/workspace_playable_y_min: -0.7225
Metrics/racket_target/workspace_playable_y_max: 0.7225
Metrics/racket_target/workspace_active_y_lo: -0.3196
Metrics/racket_target/workspace_active_y_hi: -0.1850
Metrics/racket_target/workspace_motion_seed_blend: 0.0000
Metrics/racket_target/planner_perturb_curriculum_scale: 1.0000
Metrics/racket_target/incoming_ball_horizontal_speed: 2.2438
Metrics/racket_target/incoming_ball_speed: 4.6197
Metrics/racket_target/incoming_ball_speed_curriculum_level: 0.0000
Metrics/racket_target/incoming_ball_speed_sample_low: 0.0000
Metrics/racket_target/incoming_ball_speed_sample_high: 0.0000
Metrics/racket_target/station_saturated: 0.0000
Metrics/racket_target/station_raw_clip_excess: 0.0000
Metrics/racket_target/station_saturated_x: 0.0000
Metrics/racket_target/station_saturated_y: 0.0000
Metrics/racket_target/station_raw_clip_excess_x: 0.0000
Metrics/racket_target/station_raw_clip_excess_y: 0.0000
Metrics/racket_target/current_swing_opportunity: 0.8708
Metrics/racket_target/current_swing_attempt: 0.8708
Metrics/racket_target/current_swing_targeted_attempt: 0.8708
Metrics/racket_target/prev_swing_targeted_attempt: 0.0000
Metrics/racket_target/current_swing_unsafe: 0.0078
Metrics/racket_target/current_swing_station_saturated: 0.0000
Metrics/racket_target/impact_health_score: 0.9375
Metrics/racket_target/impact_health_ok: 0.9695
Metrics/racket_target/impact_health_backlean_violation: 0.0026
Metrics/racket_target/impact_health_waist_backfold: 0.0017
Metrics/racket_target/impact_health_base_retreat: 0.0164
Metrics/racket_target/impact_health_torso_gravity_x: 0.2815
Metrics/racket_target/impact_health_torso_ang_vel: 0.3882
Metrics/racket_target/impact_health_com_x: 0.0376
Metrics/racket_target/impact_health_com_y: 0.0238
Metrics/racket_target/post_contact_ready_pending: 0.0573
Metrics/racket_target/post_contact_ready_elapsed_steps: 3.0964
Metrics/racket_target/post_contact_ready_consecutive_steps: 0.0469
Metrics/racket_target/post_contact_ready_diagnostic_pending: 0.5947
Metrics/racket_target/post_contact_ready_diagnostic_elapsed_steps: 11.3573
Metrics/racket_target/post_contact_ready_durable_pending: 0.5791
Metrics/racket_target/post_contact_ready_durable_consecutive_steps: 1.1034
Metrics/racket_target/post_contact_ready_durable_ready_now: 0.1404
Metrics/racket_target/post_contact_ready_durable_success_event: 0.0052
Metrics/racket_target/post_contact_ready_durable_fail_event: 0.0104
Metrics/racket_target/post_contact_ready_durable_resolution_success_rate: 0.0048
Metrics/racket_target/post_contact_ready_durable_resolution_fail_rate: 0.0565
Metrics/racket_target/post_contact_ready_durable_resolution_success_latency_steps: 1.0938
Metrics/racket_target/post_contact_ready_durable_resolution_fail_latency_steps: 9.4516
Metrics/racket_target/post_contact_ready_durable_fail_backlean_rate: 0.9109
Metrics/racket_target/post_contact_ready_durable_fail_forward_lean_rate: 0.9859
Metrics/racket_target/post_contact_ready_durable_fail_torso_ang_vel_rate: 0.9109
Metrics/racket_target/post_contact_ready_durable_fail_base_lin_vel_rate: 0.9109
Metrics/racket_target/post_contact_ready_durable_fail_base_ang_vel_rate: 0.9426
Metrics/racket_target/post_contact_ready_durable_fail_racket_speed_rate: 0.9109
Metrics/racket_target/post_contact_ready_durable_fail_height_rate: 0.9109
Metrics/racket_target/post_contact_ready_durable_fail_com_x_rate: 0.9109
Metrics/racket_target/post_contact_ready_durable_fail_com_y_rate: 0.9109
Metrics/racket_target/post_contact_ready_durable_fail_feet_rate: 0.9109
Metrics/racket_target/post_contact_ready_durable_fail_station_rate: 0.9109
Metrics/racket_target/post_contact_ready_durable_fail_arm_rate: 0.9109
Metrics/racket_target/post_contact_ready_terminal_window_active: 0.1094
Metrics/racket_target/post_contact_ready_terminal_quality: 0.1025
Metrics/racket_target/post_contact_ready_terminal_settlement_event: 0.0156
Metrics/racket_target/post_contact_ready_operational_ready_now: 0.1094
Metrics/racket_target/post_contact_ready_operational_consecutive_steps: 0.3229
Metrics/racket_target/post_contact_ready_safe_settlement_event: 0.0104
Metrics/racket_target/post_contact_ready_unsafe_settlement_event: 0.0000
Metrics/racket_target/post_contact_ready_incomplete_settlement_event: 0.0052
Metrics/racket_target/post_contact_ready_safe_net_cycle_event: 0.0104
Metrics/racket_target/post_contact_ready_terminal_quality_mean: 0.0287
Metrics/racket_target/post_contact_ready_safe_terminal_quality_mean: 0.0290
Metrics/racket_target/post_contact_ready_terminal_safe_rate: 0.0215
Metrics/racket_target/post_contact_ready_terminal_unsafe_rate: 0.0009
Metrics/racket_target/post_contact_ready_terminal_incomplete_rate: 0.0088
Metrics/racket_target/post_contact_ready_safe_net_cycle_rate: 0.0211
Metrics/racket_target/post_contact_ready_score: 0.8730
Metrics/racket_target/post_contact_ready_now: 0.0391
Metrics/racket_target/post_contact_ready_success_event: 0.0000
Metrics/racket_target/post_contact_ready_fail_event: 0.0000
Metrics/racket_target/post_contact_ready_outcome_tier: 0.2008
Metrics/racket_target/post_contact_ready_face_quality: 0.4859
Metrics/racket_target/post_contact_ready_safe_face_net_cycle_value: 0.0104
Metrics/racket_target/post_contact_ready_planner_speed_ratio: 0.5823
Metrics/racket_target/post_contact_ready_planner_direction_error_rad: 0.1283
Metrics/racket_target/post_contact_ready_planner_position_error: 0.0367
Metrics/racket_target/post_contact_ready_impact_health_score: 0.5769
Metrics/racket_target/post_contact_ready_peak_base_ang_vel: 0.9052
Metrics/racket_target/post_contact_ready_peak_ang_vel_excess_increment: 0.0027
Metrics/racket_target/post_contact_ready_envelope_violation_latch: 0.0115
Metrics/racket_target/post_contact_ready_envelope_violation_event: 0.0000
Metrics/racket_target/post_contact_ready_envelope_first_violation_step: -0.9354
Metrics/racket_target/post_contact_ready_envelope_attempts: 1186.1875
Metrics/racket_target/post_contact_ready_envelope_violation_rate: 0.0273
Metrics/racket_target/post_contact_ready_envelope_tilt_violation_rate: 0.0000
Metrics/racket_target/post_contact_ready_envelope_pitch_violation_rate: 0.0000
Metrics/racket_target/post_contact_ready_envelope_com_violation_rate: 0.0000
Metrics/racket_target/post_contact_ready_envelope_waist_violation_rate: 0.0000
Metrics/racket_target/post_contact_ready_envelope_leg_violation_rate: 0.0000
Metrics/racket_target/post_contact_ready_envelope_base_ang_vel_violation_rate: 0.0273
Metrics/racket_target/post_contact_ready_resolution_success_rate: 0.9150
Metrics/racket_target/post_contact_ready_resolution_fail_rate: 0.0098
Metrics/racket_target/post_contact_ready_resolution_success_latency_steps: 4.7310
Metrics/racket_target/post_contact_ready_resolution_fail_latency_steps: 2.5042
Metrics/racket_target/post_contact_ready_max_tilt: 0.1272
Metrics/racket_target/post_contact_ready_max_abs_pitch: 0.1265
Metrics/racket_target/post_contact_ready_max_com_x: 0.0208
Metrics/racket_target/post_contact_ready_max_com_y: 0.0159
Metrics/racket_target/post_contact_ready_max_waist_overflow: 0.0000
Metrics/racket_target/post_contact_ready_max_leg_overflow: 0.0012
Metrics/racket_target/post_contact_ready_settlement_velocity_score_ema: 0.6669
Metrics/racket_target/post_contact_ready_settlement_position_gate_ema: 0.7861
Metrics/racket_target/post_contact_ready_settlement_health_gate_ema: 0.9769
Metrics/racket_target/post_contact_ready_settlement_recovery_gate_ema: 0.4831
Metrics/racket_target/post_contact_ready_settlement_total_score_ema: 0.2523
Metrics/racket_target/post_contact_recovery_backlean_error: 0.0175
Metrics/racket_target/post_contact_recovery_directional_progress: 0.0000
Metrics/racket_target/post_contact_ready_torso_ok: 0.7025
Metrics/racket_target/post_contact_ready_motion_ok: 0.8679
Metrics/racket_target/post_contact_ready_support_ok: 0.9695
Metrics/racket_target/post_contact_ready_arm_ok: 1.0000
Metrics/racket_target/post_contact_ready_base_lin_vel_ok: 0.9617
Metrics/racket_target/post_contact_ready_base_ang_vel_ok: 0.8939
Metrics/racket_target/post_contact_ready_racket_speed_ok: 0.9922
Metrics/racket_target/post_contact_ready_height_ok: 0.9922
Metrics/racket_target/post_contact_ready_com_x_ok: 0.9695
Metrics/racket_target/post_contact_ready_com_y_ok: 0.9922
Metrics/racket_target/post_contact_ready_feet_ok: 0.9961
Metrics/racket_target/post_contact_ready_station_ok: 0.9922
Metrics/racket_target/post_contact_ready_fail_torso: 0.0000
Metrics/racket_target/post_contact_ready_fail_base_lin_vel: 0.0000
Metrics/racket_target/post_contact_ready_fail_base_ang_vel: 0.0000
Metrics/racket_target/post_contact_ready_fail_racket_speed: 0.0000
Metrics/racket_target/post_contact_ready_fail_support: 0.0000
Metrics/racket_target/post_contact_ready_fail_arm: 0.0000
Metrics/racket_target/post_contact_ready_shadow_now: 0.0000
Metrics/racket_target/post_contact_ready_shadow_consecutive_steps: 0.0000
Metrics/racket_target/post_contact_ready_shadow_success_latch: 0.0000
Metrics/racket_target/post_contact_ready_curriculum_level: 0.0000
Metrics/racket_target/post_contact_ready_curriculum_fraction: 1.0000
Metrics/racket_target/post_contact_ready_curriculum_success_ema: 0.0000
Metrics/racket_target/post_contact_ready_curriculum_shadow_success_ema: 0.0000
Metrics/racket_target/post_contact_ready_curriculum_resolved_events: 0.0000
Metrics/racket_target/post_contact_ready_curriculum_successful_events: 0.0000
Metrics/racket_target/post_contact_ready_curriculum_targeted_attempt_ema: 0.0000
Metrics/racket_target/post_contact_ready_curriculum_return_success_ema: 0.0000
Metrics/racket_target/post_contact_ready_curriculum_completed_swings: 0.0000
Metrics/racket_target/post_contact_ready_curriculum_advance_streak: 0.0000
Metrics/racket_target/post_contact_ready_curriculum_advance_guard_ok: 0.0000
Metrics/racket_target/post_contact_ready_effective_max_torso_ang_vel: 1.5000
Metrics/racket_target/post_contact_ready_effective_torso_x_min: -0.1200
Metrics/racket_target/post_contact_ready_effective_torso_x_max: 0.3200
Metrics/racket_target/post_contact_ready_effective_max_base_lin_vel: 0.4500
Metrics/racket_target/post_contact_ready_effective_max_base_ang_vel: 1.3000
Metrics/racket_target/post_contact_ready_effective_max_racket_speed: 3.0000
Metrics/racket_target/post_contact_ready_effective_min_feet_contact: 0.5000
Metrics/racket_target/post_contact_ready_effective_required_consecutive_steps: 3.0000
Metrics/racket_target/post_contact_ready_effective_deadline_steps: 40.0000
Metrics/racket_target/post_contact_ready_curriculum_advance_threshold: 1.0000
Metrics/racket_target/post_contact_ready_curriculum_advance_min_events: 0.0000
Metrics/racket_target/post_contact_ready_curriculum_shadow_threshold: 1.0000
Metrics/racket_target/post_contact_ready_curriculum_min_targeted_attempt_ema: 0.0000
Metrics/racket_target/post_contact_ready_curriculum_min_return_success_ema: 0.0000
Metrics/racket_target/post_contact_ready_curriculum_min_completed_swings: 1.0000
Metrics/racket_target/post_contact_ready_curriculum_required_advance_checks: 1.0000
Metrics/racket_target/racket_normal_error_deg: 32.7497
Metrics/racket_target/impact_normal_error_deg: 9.9097
Metrics/racket_target/impact_racket_vel_error_mps: 0.4694
Metrics/racket_target/impact_racket_speed_ratio: 0.8426
Metrics/racket_target/impact_racket_vel_angle_deg: 10.4848
Metrics/racket_target/impact_racket_actual_vel_x: 0.9397
Metrics/racket_target/impact_racket_actual_vel_y: 0.1095
Metrics/racket_target/impact_racket_actual_vel_z: 1.2207
Metrics/racket_target/impact_racket_target_vel_x: 1.0932
Metrics/racket_target/impact_racket_target_vel_y: 0.0171
Metrics/racket_target/impact_racket_target_vel_z: 1.2244
Metrics/racket_target/impact_ball_out_error_mps: 4.0852
Metrics/racket_target/impact_face_radial_error_m: 0.0438
Metrics/racket_target/impact_face_normal_gap_m: 0.0499
Metrics/racket_target/impact_face_quality: 0.6513
Metrics/racket_target/impact_center_contact: 0.0000
Metrics/racket_target/impact_center_net_cross: 0.0000
Metrics/racket_target/impact_center_on_opponent: 0.0000
Metrics/racket_target/impact_rim_contact: 0.0000
Metrics/racket_target/impact_rim_net_cross: 0.0000
Metrics/racket_target/impact_rim_on_opponent: 0.0000
Metrics/racket_target/impact_analytic_outer_contact: 0.0000
Metrics/racket_target/impact_analytic_outer_net_cross: 0.0000
Metrics/racket_target/impact_analytic_outer_on_opponent: 0.0000
Metrics/racket_target/impact_planner_pos_error_m: 0.0718
Metrics/racket_target/impact_planner_vel_error_mps: 0.4694
Metrics/racket_target/impact_planner_speed_ratio: 0.8426
Metrics/racket_target/impact_planner_vel_angle_deg: 10.4848
Metrics/racket_target/impact_healthy_normal_ok: 0.0078
Metrics/racket_target/impact_healthy_contact: 0.0000
Metrics/racket_target/impact_healthy_net_cross: 0.0000
Metrics/racket_target/impact_healthy_on_opponent: 0.0000
Metrics/racket_target/current_swing_impact_health_score: 0.5769
Metrics/racket_target/current_swing_healthy_contact: 0.5947
Metrics/racket_target/current_swing_healthy_net_cross: 0.5947
Metrics/racket_target/current_swing_healthy_on_opponent: 0.0115
Metrics/racket_target/current_swing_healthy_normal_ok: 0.8708
Metrics/racket_target/current_swing_contact: 0.5947
Metrics/racket_target/current_swing_net_cross: 0.5947
Metrics/racket_target/current_swing_on_opponent: 0.0115
Metrics/racket_target/current_swing_center_contact: 0.4551
Metrics/racket_target/current_swing_center_net_cross: 0.4551
Metrics/racket_target/current_swing_center_on_opponent: 0.0115
Metrics/racket_target/current_swing_rim_contact: 0.0719
Metrics/racket_target/current_swing_rim_net_cross: 0.0719
Metrics/racket_target/current_swing_rim_on_opponent: 0.0000
Metrics/racket_target/current_swing_analytic_outer_contact: 0.0677
Metrics/racket_target/current_swing_analytic_outer_net_cross: 0.0677
Metrics/racket_target/current_swing_analytic_outer_on_opponent: 0.0000
Metrics/racket_target/cycle_v2_outcome_tier: -1.0000
Metrics/racket_target/cycle_v2_streak: 0.0000
Metrics/racket_target/closed_loop_recovery_trigger_event: 0.0000
Metrics/racket_target/closed_loop_cycle_success_event: 0.0000
Metrics/racket_target/closed_loop_durable_cycle_success_event: 0.0052
Metrics/racket_target/closed_loop_phase_id: 2.5439
Metrics/racket_target/closed_loop_phase_ready_no_command: 0.0164
Metrics/racket_target/closed_loop_phase_command_acquire: 0.0039
Metrics/racket_target/closed_loop_phase_pre_strike: 0.5952
Metrics/racket_target/closed_loop_phase_strike: 0.2039
Metrics/racket_target/closed_loop_phase_follow_through: 0.1649
Metrics/racket_target/closed_loop_phase_recovery: 0.0156
Metrics/racket_target/closed_loop_phase_next_ready: 0.0000
Metrics/racket_target/post_contact_phase_impact_0_100ms_attempts: 1186.1875
Metrics/racket_target/post_contact_phase_impact_0_100ms_tilt_gt_0p1_rate: 1.0000
Metrics/racket_target/post_contact_phase_impact_0_100ms_pitch_gt_0p1_rate: 1.0000
Metrics/racket_target/post_contact_phase_impact_0_100ms_waist_overflow_gt_1p0_rate: 0.0000
Metrics/racket_target/post_contact_phase_impact_0_100ms_base_ang_vel_gt_0p8_rate: 0.9881
Metrics/racket_target/post_contact_phase_brake_100_300ms_attempts: 1110.5312
Metrics/racket_target/post_contact_phase_brake_100_300ms_tilt_gt_0p1_rate: 0.9686
Metrics/racket_target/post_contact_phase_brake_100_300ms_pitch_gt_0p1_rate: 0.9683
Metrics/racket_target/post_contact_phase_brake_100_300ms_waist_overflow_gt_1p0_rate: 0.0000
Metrics/racket_target/post_contact_phase_brake_100_300ms_base_ang_vel_gt_0p8_rate: 0.9425
Metrics/racket_target/post_contact_phase_settle_300_600ms_attempts: 709.6875
Metrics/racket_target/post_contact_phase_settle_300_600ms_tilt_gt_0p1_rate: 0.4927
Metrics/racket_target/post_contact_phase_settle_300_600ms_pitch_gt_0p1_rate: 0.4449
Metrics/racket_target/post_contact_phase_settle_300_600ms_waist_overflow_gt_1p0_rate: 0.0000
Metrics/racket_target/post_contact_phase_settle_300_600ms_base_ang_vel_gt_0p8_rate: 0.5860
Metrics/racket_target/post_contact_phase_ready_after_600ms_attempts: 188.1562
Metrics/racket_target/post_contact_phase_ready_after_600ms_tilt_gt_0p1_rate: 0.0590
Metrics/racket_target/post_contact_phase_ready_after_600ms_pitch_gt_0p1_rate: 0.0407
Metrics/racket_target/post_contact_phase_ready_after_600ms_waist_overflow_gt_1p0_rate: 0.0000
Metrics/racket_target/post_contact_phase_ready_after_600ms_base_ang_vel_gt_0p8_rate: 0.1218
Metrics/racket_target/base_pitch_like_signed: -0.1181
Metrics/racket_target/base_backward_velocity: 0.0814
Metrics/racket_target/waist_action_rms: 0.3243
Metrics/racket_target/right_arm_action_rms: 3.5801
Metrics/racket_target/leg_action_rms: 0.4622
Metrics/racket_target/action_abs_max: 6.3803
Metrics/racket_target/applied_action_abs_max: 6.2684
Metrics/racket_target/leg_action_abs_max: 0.8580
Metrics/racket_target/effective_action_abs_max: 6.2684
Metrics/racket_target/action_clamp_fraction: 0.0019
Metrics/racket_target/waist_action_clamp_fraction: 0.0000
Metrics/racket_target/right_arm_action_clamp_fraction: 0.0006
Metrics/racket_target/leg_action_clamp_fraction: 0.0047
Metrics/racket_target/waist_q_tracking_error_rms: 0.3776
Metrics/racket_target/right_arm_q_tracking_error_rms: 0.1531
Metrics/racket_target/leg_q_tracking_error_rms: 0.2220
Metrics/racket_target/waist_torque_clip_fraction: 0.0000
Metrics/racket_target/right_arm_torque_clip_fraction: 0.0000
Metrics/racket_target/leg_torque_clip_fraction: 0.0000
Metrics/racket_target/waist_action_delta_rms: 0.1377
Metrics/racket_target/right_arm_action_delta_rms: 0.8397
Metrics/racket_target/leg_action_delta_rms: 0.2604
Metrics/racket_target/waist_joint_vel_rms: 0.7171
Metrics/racket_target/right_arm_joint_vel_rms: 1.1655
Metrics/racket_target/leg_joint_vel_rms: 0.6223
Metrics/racket_target/recovery_leg_action_abs_max: 0.6576
Metrics/racket_target/recovery_leg_action_delta_rms: 0.1972
Metrics/racket_target/recovery_leg_joint_vel_rms: 0.4559
      Episode_Termination/time_out: 4.1875
  Episode_Termination/base_too_low: 0.0312
   Episode_Termination/base_tilted: 0.0312
   Episode_Termination/table_touch: 0.1250
Episode_Termination/persistent_action_overflow: 0.0000
--------------------------------------------------------------------------------
                   Total timesteps: 196608
                    Iteration time: 2.39s
                      Time elapsed: 00:00:07
                               ETA: 00:00:45

################################################################################
                     [1m Learning iteration 1803/1820 [0m                     

                       Computation: 27866 steps/s (collection: 2.336s, learning 0.015s)
             Mean action noise std: 0.45
          Mean value_function loss: 0.0520
               Mean surrogate loss: 0.0000
                 Mean entropy loss: 2.8121
      Mean critic_only_warmup loss: 1.0000
                       Mean reward: 4.22
               Mean episode length: 118.78
 Episode_Reward/undesired_contacts: 0.0000
  Episode_Reward/feet_contact_slip: -0.0008
     Episode_Reward/table_no_touch: -0.0010
              Episode_Reward/alive: 0.0022
            Episode_Reward/upright: -0.0025
          Episode_Reward/imitation: 0.1023
    Episode_Reward/racket_position: 0.0246
Episode_Reward/backhand_racket_position: 0.0117
    Episode_Reward/racket_velocity: 0.0161
Episode_Reward/planner_racket_task_space_crossfade: 0.0987
Episode_Reward/exact_impact_planner_task_space_alignment: 0.0024
    Episode_Reward/blade_direction: 0.0148
Episode_Reward/health_gated_soft_ball_contact: 0.0158
Episode_Reward/health_gated_backhand_soft_ball_contact: 0.0107
Episode_Reward/health_gated_ball_contact: 0.0029
Episode_Reward/healthy_trunk_support: 0.0250
Episode_Reward/targeted_strike_attempt: 0.0037
  Episode_Reward/strike_inactivity: -0.0000
 Episode_Reward/pre_strike_station: 0.0195
    Episode_Reward/recovery_health: 0.0096
Episode_Reward/no_command_ready_stability: 0.0006
Episode_Reward/post_strike_base_ang_vel: 0.0018
Episode_Reward/phase_action_overflow: -0.0001
     Episode_Reward/strike_balance: 0.0097
Episode_Reward/prestrike_station_progress: 0.0062
 Episode_Reward/lower_body_support: 0.0142
Episode_Reward/termination_penalty: -0.0126
Episode_Reward/phase_action_rate_waist: -0.0001
Episode_Reward/phase_action_rate_upper: -0.0012
Episode_Reward/phase_action_rate_legs: -0.0001
        Episode_Reward/joint_limit: -0.0076
Episode_Reward/prestrike_racket_progress: 0.0521
Episode_Reward/near_impact_planner_velocity_progress: 0.0146
Episode_Reward/operational_joint_margin: -0.0056
  Episode_Reward/joint_target_slew: -0.0069
Episode_Reward/actuator_waist_feasibility: -0.0000
Episode_Reward/actuator_right_arm_feasibility: -0.0000
Episode_Reward/actuator_leg_feasibility: -0.0000
Episode_Reward/terminal_quality_window: 0.0004
Episode_Reward/safe_terminal_quality: 0.0007
Episode_Reward/unsafe_terminal_recovery: -0.0000
Episode_Reward/capability_gated_safe_terminal_outcome: 0.0046
Episode_Reward/targeted_contact_miss: -0.0010
    Metrics/motion/error_joint_pos: 1.0708
    Metrics/motion/error_joint_vel: 4.3286
     Metrics/motion/error_body_pos: 0.1014
     Metrics/motion/error_body_rot: 0.3217
       Metrics/motion/motion_phase: 0.6967
            Metrics/motion/in_hold: 0.0201
Metrics/motion/motion_start_warmup_prob: 0.8000
Metrics/motion/motion_start_lifecycle_progress: 0.0000
Metrics/motion/motion_start_effective_prestrike_fraction: 1.0000
Metrics/motion/motion_start_effective_recovery_fraction: 0.0000
Metrics/motion/motion_start_effective_rsi_fraction: 0.0000
 Metrics/motion/motion_start_reset: 0.7654
Metrics/motion/motion_start_prestrike_reset: 0.0000
Metrics/motion/motion_start_recovery_reset: 0.0000
Metrics/motion/motion_start_rsi_reset: 0.0000
 Metrics/motion/single_cycle_reset: 0.0000
     Metrics/motion/motion_clip_id: 0.6092
Metrics/motion/motion_supplemental_clip: 0.0000
      Metrics/motion/stand_episode: 0.0201
Metrics/motion/default_stand_reset: 0.2346
Metrics/motion/error_body_pos_lower: 0.1129
Metrics/motion/error_body_rot_lower: 0.3557
Metrics/motion/error_body_lin_vel_lower: 0.1343
Metrics/motion/error_body_ang_vel_lower: 0.6379
Metrics/motion/reference_body_lin_speed_lower: 0.0153
Metrics/motion/robot_body_lin_speed_lower: 0.1311
Metrics/motion/error_body_pos_core: 0.0608
Metrics/motion/error_body_rot_core: 0.2468
Metrics/motion/error_body_lin_vel_core: 0.2215
Metrics/motion/error_body_ang_vel_core: 0.7156
Metrics/motion/reference_body_lin_speed_core: 0.0125
Metrics/motion/robot_body_lin_speed_core: 0.2224
Metrics/motion/error_body_pos_upper: 0.1034
Metrics/motion/error_body_rot_upper: 0.3127
Metrics/motion/error_body_lin_vel_upper: 0.4186
Metrics/motion/error_body_ang_vel_upper: 1.5849
Metrics/motion/reference_body_lin_speed_upper: 0.0351
Metrics/motion/robot_body_lin_speed_upper: 0.4198
Metrics/motion/error_joint_pos_waist: 0.2314
Metrics/motion/error_joint_vel_waist: 0.9044
Metrics/motion/reference_joint_speed_waist: 0.0181
Metrics/motion/error_joint_pos_arms: 0.8629
Metrics/motion/error_joint_vel_arms: 3.6314
Metrics/motion/reference_joint_speed_arms: 0.0798
Metrics/motion/error_joint_pos_legs: 0.5643
Metrics/motion/error_joint_vel_legs: 1.9380
Metrics/motion/reference_joint_speed_legs: 0.0047
Metrics/racket_target/racket_pos_error: 0.1142
Metrics/racket_target/racket_vel_error: 1.2519
Metrics/racket_target/time_to_strike: -0.9137
Metrics/racket_target/return_success: 0.0250
Metrics/racket_target/prev_return_success: 0.0000
Metrics/racket_target/prev_net_cross: 0.0000
Metrics/racket_target/current_net_cross: 0.6070
Metrics/racket_target/racket_pos_curriculum_scale: 1.0000
Metrics/racket_target/impact_inverse_command_blend: 0.0000
Metrics/racket_target/steps_since_target_resample: 110.3611
Metrics/racket_target/recovery_height_error: 0.0252
Metrics/racket_target/recovery_upright_error: 0.1254
Metrics/racket_target/recovery_base_lin_vel: 0.1894
Metrics/racket_target/recovery_base_ang_vel: 0.8058
Metrics/racket_target/recovery_station_error: 0.0884
Metrics/racket_target/recovery_feet_contact_frac: 1.0000
Metrics/racket_target/recovery_racket_speed: 0.8997
Metrics/racket_target/recovery_height_score: 0.9187
Metrics/racket_target/recovery_upright_score: 0.8036
Metrics/racket_target/recovery_lin_vel_score: 0.7616
Metrics/racket_target/recovery_ang_vel_score: 0.4174
Metrics/racket_target/recovery_station_score: 0.8493
Metrics/racket_target/recovery_racket_score: 0.3897
Metrics/racket_target/recovery_arm_score: 0.8635
Metrics/racket_target/recovery_ready_score: 0.7623
Metrics/racket_target/recovery_anchor_arm_score: 1.0000
Metrics/racket_target/recovery_core_ready_score: 0.6521
Metrics/racket_target/recovery_functional_ready_score: 0.5918
Metrics/racket_target/waist_action_overflow_rms: 0.0000
Metrics/racket_target/right_arm_action_overflow_rms: 0.0000
Metrics/racket_target/leg_action_overflow_rms: 0.0150
Metrics/racket_target/operational_margin_fraction: 0.0096
Metrics/racket_target/waist_operational_margin_fraction: 0.0000
Metrics/racket_target/right_arm_operational_margin_fraction: 0.0000
Metrics/racket_target/leg_operational_margin_fraction: 0.0248
Metrics/racket_target/waist_operational_excess_rms: 0.0000
Metrics/racket_target/right_arm_operational_excess_rms: 0.0000
Metrics/racket_target/leg_operational_excess_rms: 0.0103
Metrics/racket_target/q_des_velocity_violation_fraction: 0.0583
Metrics/racket_target/waist_q_des_velocity_violation_fraction: 0.0052
Metrics/racket_target/right_arm_q_des_velocity_violation_fraction: 0.0883
Metrics/racket_target/leg_q_des_velocity_violation_fraction: 0.0694
Metrics/racket_target/q_des_acceleration_violation_fraction: 0.6968
Metrics/racket_target/waist_q_des_acceleration_violation_fraction: 0.5432
Metrics/racket_target/right_arm_q_des_acceleration_violation_fraction: 0.7967
Metrics/racket_target/leg_q_des_acceleration_violation_fraction: 0.7625
Metrics/racket_target/waist_q_des_velocity_rms: 2.8405
Metrics/racket_target/right_arm_q_des_velocity_rms: 7.6206
Metrics/racket_target/leg_q_des_velocity_rms: 6.2137
Metrics/racket_target/waist_q_des_acceleration_rms: 234.3548
Metrics/racket_target/right_arm_q_des_acceleration_rms: 646.0140
Metrics/racket_target/leg_q_des_acceleration_rms: 543.9760
Metrics/racket_target/action_operational_feasibility_score: 0.8624
Metrics/racket_target/actuator_overflow_consecutive_steps: 0.0000
Metrics/racket_target/actuator_overflow_severe: 0.0000
Metrics/racket_target/recovery_phase_gate: 0.9965
Metrics/racket_target/recovery_phase_ready_score: 0.7618
Metrics/racket_target/recovery_contact_ready_score: 0.5018
Metrics/racket_target/recovery_net_ready_score: 0.4905
Metrics/racket_target/recovery_return_ready_score: 0.0205
Metrics/racket_target/cycle_success_ready_score: 0.0000
Metrics/racket_target/cycle_success_soft: 0.0000
Metrics/racket_target/cycle_success_binary: 0.0000
Metrics/racket_target/cycle_v2_pending: 0.0000
Metrics/racket_target/cycle_v2_attempt_latch: 0.0000
Metrics/racket_target/cycle_v2_ready_success_latch: 0.0000
Metrics/racket_target/cycle_v2_ready_fail_latch: 0.0000
Metrics/racket_target/cycle_v2_attempt_event: 0.0000
Metrics/racket_target/cycle_v2_ready_success_event: 0.0000
Metrics/racket_target/cycle_v2_ready_fail_event: 0.0000
Metrics/racket_target/cycle_v2_unresolved_resample_fail_event: 0.0000
Metrics/racket_target/cycle_v2_resolved_event: 0.0000
Metrics/racket_target/cycle_v2_command_visible_steps: 0.0000
Metrics/racket_target/cycle_v2_elapsed_steps: 0.0000
Metrics/racket_target/cycle_v2_ready_score: 0.0000
Metrics/racket_target/cycle_v2_ready_ok: 0.0000
Metrics/racket_target/cycle_v2_visible: 0.0000
Metrics/racket_target/cycle_v2_ready_score_ok: 0.0000
Metrics/racket_target/cycle_v2_height_ok: 0.0000
Metrics/racket_target/cycle_v2_upright_ok: 0.0000
Metrics/racket_target/cycle_v2_base_lin_vel_ok: 0.0000
Metrics/racket_target/cycle_v2_base_ang_vel_ok: 0.0000
Metrics/racket_target/cycle_v2_feet_ok: 0.0000
Metrics/racket_target/cycle_v2_core_ready_ok: 0.0000
Metrics/racket_target/cycle_v2_ready_consecutive_steps: 0.0000
Metrics/racket_target/single_cycle_bootstrap: 0.0000
Metrics/racket_target/single_cycle_swing_completed: 0.0000
Metrics/racket_target/single_cycle_recovery_active: 0.0000
Metrics/racket_target/single_cycle_recovery_elapsed_steps: 0.0000
Metrics/racket_target/single_cycle_ready_consecutive_steps: 0.0000
Metrics/racket_target/single_cycle_safe_timeout_event: 0.0000
Metrics/racket_target/single_cycle_deadline_timeout_event: 0.0000
Metrics/racket_target/single_cycle_timeout_latch: 0.0000
Metrics/racket_target/single_cycle_hard_failure_event: 0.0000
Metrics/racket_target/single_cycle_probability: 0.0000
Metrics/racket_target/single_cycle_curriculum_level: 0.0000
Metrics/racket_target/single_cycle_effective_deadline_steps: 100.0000
Metrics/racket_target/single_cycle_selected_events: 0.0000
Metrics/racket_target/single_cycle_completed_events: 0.0000
Metrics/racket_target/single_cycle_safe_timeout_events: 0.0000
Metrics/racket_target/single_cycle_deadline_timeout_events: 0.0000
Metrics/racket_target/single_cycle_hard_failure_events: 0.0000
Metrics/racket_target/active_ready_consecutive_steps: 0.0000
Metrics/racket_target/active_ready_success_event: 0.0000
Metrics/racket_target/active_ready_success_latch: 0.0000
Metrics/racket_target/active_ready_survival_steps: 0.0000
Metrics/racket_target/active_ready_survival_next_milestone: 0.0000
Metrics/racket_target/active_ready_survival_milestone_event: 0.0000
Metrics/racket_target/no_command_ready_active: 0.0201
Metrics/racket_target/no_command_from_stand_episode: 0.0201
Metrics/racket_target/no_command_from_default_stand_reset: 0.0201
Metrics/racket_target/no_command_ready_upright_ok: 0.0201
Metrics/racket_target/no_command_ready_motion_ok: 0.0000
Metrics/racket_target/no_command_ready_score: 0.0118
Metrics/racket_target/no_command_ready_progress: -0.0045
Metrics/racket_target/no_command_ready_station_error: 0.0009
Metrics/racket_target/no_command_ready_fixed_station_error: 0.0009
Metrics/racket_target/healthy_training_stage: 3.0000
Metrics/racket_target/healthy_stage_planted_rehearsal: 0.0000
Metrics/racket_target/healthy_stage_station_hold_seen: 0.0000
Metrics/racket_target/healthy_stage_station_arrived: 0.0000
Metrics/racket_target/healthy_stage_station_settled: 0.0000
Metrics/racket_target/healthy_stage_station_settle_steps: 0.0000
Metrics/racket_target/station_relocation_active: 0.0000
Metrics/racket_target/station_relocation_target_offset_y: 0.0000
Metrics/racket_target/station_relocation_error: 0.0000
Metrics/racket_target/station_relocation_arrival_event: 0.0000
Metrics/racket_target/station_relocation_settle_event: 0.0000
Metrics/racket_target/station_relocation_release_event: 0.0000
Metrics/racket_target/station_relocation_timeout_event: 0.0000
Metrics/racket_target/station_relocation_elapsed_steps: 0.0000
Metrics/racket_target/station_relocation_hold_deadline_steps: 0.0000
Metrics/racket_target/lifecycle_recovery_hold_active: 0.0000
Metrics/racket_target/lifecycle_recovery_release_success_event: 0.0000
Metrics/racket_target/lifecycle_recovery_release_fail_event: 0.0000
Metrics/racket_target/station_relocation_level: 0.0000
Metrics/racket_target/station_relocation_arrival_ema: 0.0000
Metrics/racket_target/station_relocation_settle_ema: 0.0000
Metrics/racket_target/station_relocation_contact_ema: 0.0000
Metrics/racket_target/station_relocation_safety_ema: 0.0000
Metrics/racket_target/station_relocation_resolved_events: 0.0000
Metrics/racket_target/station_relocation_terminal_reset_events: 0.0000
Metrics/racket_target/station_relocation_advance_streak: 0.0000
Metrics/racket_target/station_relocation_regress_streak: 0.0000
Metrics/racket_target/station_relocation_effective_max_lin_vel: 0.0000
Metrics/racket_target/station_relocation_effective_max_ang_vel: 0.0000
Metrics/racket_target/station_relocation_effective_min_settle_steps: 0.0000
Metrics/racket_target/ability_curriculum_level: 0.0000
Metrics/racket_target/ability_curriculum_scale: 1.0000
Metrics/racket_target/ability_curriculum_resolved_events: 0.0000
Metrics/racket_target/ability_curriculum_total_resolved_events: 0.0000
Metrics/racket_target/ability_curriculum_advance_streak: 0.0000
Metrics/racket_target/ability_curriculum_regress_streak: 0.0000
Metrics/racket_target/ability_contact_ema: 0.0000
Metrics/racket_target/ability_net_ema: 0.0000
Metrics/racket_target/ability_success_ema: 0.0000
Metrics/racket_target/ability_recovery_ema: 0.0000
Metrics/racket_target/ability_cycle_ema: 0.0000
Metrics/racket_target/ability_cycle_attempt_ema: 0.0000
Metrics/racket_target/ability_cycle_resolved_ema: 0.0000
Metrics/racket_target/ability_forehand_contact_ema: 0.0000
Metrics/racket_target/ability_forehand_net_ema: 0.0000
Metrics/racket_target/ability_forehand_success_ema: 0.0000
Metrics/racket_target/ability_backhand_contact_ema: 0.0000
Metrics/racket_target/ability_backhand_net_ema: 0.0000
Metrics/racket_target/ability_backhand_success_ema: 0.0000
Metrics/racket_target/ability_attempt_ema: 0.0000
Metrics/racket_target/ability_targeted_attempt_ema: 0.0000
Metrics/racket_target/impact_health_floor_progress: 0.0000
Metrics/racket_target/ability_safety_ema: 1.0000
Metrics/racket_target/ability_station_saturation_ema: 0.0000
Metrics/racket_target/ability_healthy_normal_ema: 0.0000
Metrics/racket_target/ability_station_arrival_ema: 0.0000
Metrics/racket_target/ability_station_settle_ema: 0.0000
Metrics/racket_target/safe_outcome_capability_gate: 0.0000
Metrics/racket_target/planner_hit_plane_blend: 1.0000
Metrics/racket_target/planner_hit_plane_x_delta: 0.0368
Metrics/racket_target/true_strike_table_x: 0.2000
Metrics/racket_target/planner_target_table_x: 0.2000
Metrics/racket_target/workspace_level: 0.0000
Metrics/racket_target/workspace_fringe_sample: 0.0000
Metrics/racket_target/workspace_target_lateral_norm: 0.2999
Metrics/racket_target/workspace_target_table_y: -0.2166
Metrics/racket_target/workspace_playable_y_min: -0.7225
Metrics/racket_target/workspace_playable_y_max: 0.7225
Metrics/racket_target/workspace_active_y_lo: -0.2802
Metrics/racket_target/workspace_active_y_hi: -0.1485
Metrics/racket_target/workspace_motion_seed_blend: 0.0000
Metrics/racket_target/planner_perturb_curriculum_scale: 1.0000
Metrics/racket_target/incoming_ball_horizontal_speed: 2.2326
Metrics/racket_target/incoming_ball_speed: 4.6704
Metrics/racket_target/incoming_ball_speed_curriculum_level: 0.0000
Metrics/racket_target/incoming_ball_speed_sample_low: 0.0000
Metrics/racket_target/incoming_ball_speed_sample_high: 0.0000
Metrics/racket_target/station_saturated: 0.0000
Metrics/racket_target/station_raw_clip_excess: 0.0000
Metrics/racket_target/station_saturated_x: 0.0000
Metrics/racket_target/station_saturated_y: 0.0000
Metrics/racket_target/station_raw_clip_excess_x: 0.0000
Metrics/racket_target/station_raw_clip_excess_y: 0.0000
Metrics/racket_target/current_swing_opportunity: 0.9764
Metrics/racket_target/current_swing_attempt: 0.9764
Metrics/racket_target/current_swing_targeted_attempt: 0.9720
Metrics/racket_target/prev_swing_targeted_attempt: 0.0000
Metrics/racket_target/current_swing_unsafe: 0.0113
Metrics/racket_target/current_swing_station_saturated: 0.0000
Metrics/racket_target/impact_health_score: 0.8884
Metrics/racket_target/impact_health_ok: 0.8797
Metrics/racket_target/impact_health_backlean_violation: 0.0042
Metrics/racket_target/impact_health_waist_backfold: 0.0000
Metrics/racket_target/impact_health_base_retreat: 0.0322
Metrics/racket_target/impact_health_torso_gravity_x: 0.3558
Metrics/racket_target/impact_health_torso_ang_vel: 0.3826
Metrics/racket_target/impact_health_com_x: 0.0583
Metrics/racket_target/impact_health_com_y: 0.0264
Metrics/racket_target/post_contact_ready_pending: 0.0000
Metrics/racket_target/post_contact_ready_elapsed_steps: 2.9886
Metrics/racket_target/post_contact_ready_consecutive_steps: 0.0000
Metrics/racket_target/post_contact_ready_diagnostic_pending: 0.0587
Metrics/racket_target/post_contact_ready_diagnostic_elapsed_steps: 23.0298
Metrics/racket_target/post_contact_ready_durable_pending: 0.0386
Metrics/racket_target/post_contact_ready_durable_consecutive_steps: 0.0556
Metrics/racket_target/post_contact_ready_durable_ready_now: 0.0087
Metrics/racket_target/post_contact_ready_durable_success_event: 0.0000
Metrics/racket_target/post_contact_ready_durable_fail_event: 0.0000
Metrics/racket_target/post_contact_ready_durable_resolution_success_rate: 0.1688
Metrics/racket_target/post_contact_ready_durable_resolution_fail_rate: 0.7289
Metrics/racket_target/post_contact_ready_durable_resolution_success_latency_steps: 35.0000
Metrics/racket_target/post_contact_ready_durable_resolution_fail_latency_steps: 33.2960
Metrics/racket_target/post_contact_ready_durable_fail_backlean_rate: 0.0621
Metrics/racket_target/post_contact_ready_durable_fail_forward_lean_rate: 0.9093
Metrics/racket_target/post_contact_ready_durable_fail_torso_ang_vel_rate: 0.0621
Metrics/racket_target/post_contact_ready_durable_fail_base_lin_vel_rate: 0.0621
Metrics/racket_target/post_contact_ready_durable_fail_base_ang_vel_rate: 0.3958
Metrics/racket_target/post_contact_ready_durable_fail_racket_speed_rate: 0.0621
Metrics/racket_target/post_contact_ready_durable_fail_height_rate: 0.0621
Metrics/racket_target/post_contact_ready_durable_fail_com_x_rate: 0.0643
Metrics/racket_target/post_contact_ready_durable_fail_com_y_rate: 0.0621
Metrics/racket_target/post_contact_ready_durable_fail_feet_rate: 0.0621
Metrics/racket_target/post_contact_ready_durable_fail_station_rate: 0.0621
Metrics/racket_target/post_contact_ready_durable_fail_arm_rate: 0.0621
Metrics/racket_target/post_contact_ready_terminal_window_active: 0.0078
Metrics/racket_target/post_contact_ready_terminal_quality: 0.5272
Metrics/racket_target/post_contact_ready_terminal_settlement_event: 0.0000
Metrics/racket_target/post_contact_ready_operational_ready_now: 0.0000
Metrics/racket_target/post_contact_ready_operational_consecutive_steps: 0.0000
Metrics/racket_target/post_contact_ready_safe_settlement_event: 0.0000
Metrics/racket_target/post_contact_ready_unsafe_settlement_event: 0.0000
Metrics/racket_target/post_contact_ready_incomplete_settlement_event: 0.0000
Metrics/racket_target/post_contact_ready_safe_net_cycle_event: 0.0000
Metrics/racket_target/post_contact_ready_terminal_quality_mean: 0.9173
Metrics/racket_target/post_contact_ready_safe_terminal_quality_mean: 0.9268
Metrics/racket_target/post_contact_ready_terminal_safe_rate: 0.6893
Metrics/racket_target/post_contact_ready_terminal_unsafe_rate: 0.0313
Metrics/racket_target/post_contact_ready_terminal_incomplete_rate: 0.2794
Metrics/racket_target/post_contact_ready_safe_net_cycle_rate: 0.6748
Metrics/racket_target/post_contact_ready_score: 0.8054
Metrics/racket_target/post_contact_ready_now: 0.0000
Metrics/racket_target/post_contact_ready_success_event: 0.0000
Metrics/racket_target/post_contact_ready_fail_event: 0.0000
Metrics/racket_target/post_contact_ready_outcome_tier: 0.2527
Metrics/racket_target/post_contact_ready_face_quality: 0.5335
Metrics/racket_target/post_contact_ready_safe_face_net_cycle_value: 0.0000
Metrics/racket_target/post_contact_ready_planner_speed_ratio: 0.5793
Metrics/racket_target/post_contact_ready_planner_direction_error_rad: 0.1515
Metrics/racket_target/post_contact_ready_planner_position_error: 0.0403
Metrics/racket_target/post_contact_ready_impact_health_score: 0.5986
Metrics/racket_target/post_contact_ready_peak_base_ang_vel: 0.9037
Metrics/racket_target/post_contact_ready_peak_ang_vel_excess_increment: 0.0000
Metrics/racket_target/post_contact_ready_envelope_violation_latch: 0.0087
Metrics/racket_target/post_contact_ready_envelope_violation_event: 0.0000
Metrics/racket_target/post_contact_ready_envelope_first_violation_step: -0.9427
Metrics/racket_target/post_contact_ready_envelope_attempts: 1305.9062
Metrics/racket_target/post_contact_ready_envelope_violation_rate: 0.0310
Metrics/racket_target/post_contact_ready_envelope_tilt_violation_rate: 0.0000
Metrics/racket_target/post_contact_ready_envelope_pitch_violation_rate: 0.0000
Metrics/racket_target/post_contact_ready_envelope_com_violation_rate: 0.0000
Metrics/racket_target/post_contact_ready_envelope_waist_violation_rate: 0.0000
Metrics/racket_target/post_contact_ready_envelope_leg_violation_rate: 0.0000
Metrics/racket_target/post_contact_ready_envelope_base_ang_vel_violation_rate: 0.0310
Metrics/racket_target/post_contact_ready_resolution_success_rate: 0.9764
Metrics/racket_target/post_contact_ready_resolution_fail_rate: 0.0125
Metrics/racket_target/post_contact_ready_resolution_success_latency_steps: 5.0451
Metrics/racket_target/post_contact_ready_resolution_fail_latency_steps: 12.2745
Metrics/racket_target/post_contact_ready_max_tilt: 0.1300
Metrics/racket_target/post_contact_ready_max_abs_pitch: 0.1294
Metrics/racket_target/post_contact_ready_max_com_x: 0.0273
Metrics/racket_target/post_contact_ready_max_com_y: 0.0201
Metrics/racket_target/post_contact_ready_max_waist_overflow: 0.0000
Metrics/racket_target/post_contact_ready_max_leg_overflow: 0.0103
Metrics/racket_target/post_contact_ready_settlement_velocity_score_ema: 0.6746
Metrics/racket_target/post_contact_ready_settlement_position_gate_ema: 0.7938
Metrics/racket_target/post_contact_ready_settlement_health_gate_ema: 0.9754
Metrics/racket_target/post_contact_ready_settlement_recovery_gate_ema: 0.4478
Metrics/racket_target/post_contact_ready_settlement_total_score_ema: 0.2399
Metrics/racket_target/post_contact_recovery_backlean_error: 0.0542
Metrics/racket_target/post_contact_recovery_directional_progress: 0.0000
Metrics/racket_target/post_contact_ready_torso_ok: 0.2809
Metrics/racket_target/post_contact_ready_motion_ok: 0.7995
Metrics/racket_target/post_contact_ready_support_ok: 0.8875
Metrics/racket_target/post_contact_ready_arm_ok: 1.0000
Metrics/racket_target/post_contact_ready_base_lin_vel_ok: 0.8953
Metrics/racket_target/post_contact_ready_base_ang_vel_ok: 0.8102
Metrics/racket_target/post_contact_ready_racket_speed_ok: 0.9655
Metrics/racket_target/post_contact_ready_height_ok: 0.9887
Metrics/racket_target/post_contact_ready_com_x_ok: 0.8875
Metrics/racket_target/post_contact_ready_com_y_ok: 0.9955
Metrics/racket_target/post_contact_ready_feet_ok: 1.0000
Metrics/racket_target/post_contact_ready_station_ok: 0.8953
Metrics/racket_target/post_contact_ready_fail_torso: 0.0000
Metrics/racket_target/post_contact_ready_fail_base_lin_vel: 0.0000
Metrics/racket_target/post_contact_ready_fail_base_ang_vel: 0.0000
Metrics/racket_target/post_contact_ready_fail_racket_speed: 0.0000
Metrics/racket_target/post_contact_ready_fail_support: 0.0000
Metrics/racket_target/post_contact_ready_fail_arm: 0.0000
Metrics/racket_target/post_contact_ready_shadow_now: 0.0000
Metrics/racket_target/post_contact_ready_shadow_consecutive_steps: 0.0000
Metrics/racket_target/post_contact_ready_shadow_success_latch: 0.0000
Metrics/racket_target/post_contact_ready_curriculum_level: 0.0000
Metrics/racket_target/post_contact_ready_curriculum_fraction: 1.0000
Metrics/racket_target/post_contact_ready_curriculum_success_ema: 0.0000
Metrics/racket_target/post_contact_ready_curriculum_shadow_success_ema: 0.0000
Metrics/racket_target/post_contact_ready_curriculum_resolved_events: 0.0000
Metrics/racket_target/post_contact_ready_curriculum_successful_events: 0.0000
Metrics/racket_target/post_contact_ready_curriculum_targeted_attempt_ema: 0.0000
Metrics/racket_target/post_contact_ready_curriculum_return_success_ema: 0.0000
Metrics/racket_target/post_contact_ready_curriculum_completed_swings: 0.0000
Metrics/racket_target/post_contact_ready_curriculum_advance_streak: 0.0000
Metrics/racket_target/post_contact_ready_curriculum_advance_guard_ok: 0.0000
Metrics/racket_target/post_contact_ready_effective_max_torso_ang_vel: 1.5000
Metrics/racket_target/post_contact_ready_effective_torso_x_min: -0.1200
Metrics/racket_target/post_contact_ready_effective_torso_x_max: 0.3200
Metrics/racket_target/post_contact_ready_effective_max_base_lin_vel: 0.4500
Metrics/racket_target/post_contact_ready_effective_max_base_ang_vel: 1.3000
Metrics/racket_target/post_contact_ready_effective_max_racket_speed: 3.0000
Metrics/racket_target/post_contact_ready_effective_min_feet_contact: 0.5000
Metrics/racket_target/post_contact_ready_effective_required_consecutive_steps: 3.0000
Metrics/racket_target/post_contact_ready_effective_deadline_steps: 40.0000
Metrics/racket_target/post_contact_ready_curriculum_advance_threshold: 1.0000
Metrics/racket_target/post_contact_ready_curriculum_advance_min_events: 0.0000
Metrics/racket_target/post_contact_ready_curriculum_shadow_threshold: 1.0000
Metrics/racket_target/post_contact_ready_curriculum_min_targeted_attempt_ema: 0.0000
Metrics/racket_target/post_contact_ready_curriculum_min_return_success_ema: 0.0000
Metrics/racket_target/post_contact_ready_curriculum_min_completed_swings: 1.0000
Metrics/racket_target/post_contact_ready_curriculum_required_advance_checks: 1.0000
Metrics/racket_target/racket_normal_error_deg: 49.2660
Metrics/racket_target/impact_normal_error_deg: 12.1901
Metrics/racket_target/impact_racket_vel_error_mps: 0.5708
Metrics/racket_target/impact_racket_speed_ratio: 0.9107
Metrics/racket_target/impact_racket_vel_angle_deg: 13.8118
Metrics/racket_target/impact_racket_actual_vel_x: 1.0200
Metrics/racket_target/impact_racket_actual_vel_y: 0.1015
Metrics/racket_target/impact_racket_actual_vel_z: 1.2811
Metrics/racket_target/impact_racket_target_vel_x: 1.2050
Metrics/racket_target/impact_racket_target_vel_y: -0.0323
Metrics/racket_target/impact_racket_target_vel_z: 1.3588
Metrics/racket_target/impact_ball_out_error_mps: 4.5201
Metrics/racket_target/impact_face_radial_error_m: 0.0536
Metrics/racket_target/impact_face_normal_gap_m: 0.0589
Metrics/racket_target/impact_face_quality: 0.7130
Metrics/racket_target/impact_center_contact: 0.0000
Metrics/racket_target/impact_center_net_cross: 0.0000
Metrics/racket_target/impact_center_on_opponent: 0.0000
Metrics/racket_target/impact_rim_contact: 0.0000
Metrics/racket_target/impact_rim_net_cross: 0.0000
Metrics/racket_target/impact_rim_on_opponent: 0.0000
Metrics/racket_target/impact_analytic_outer_contact: 0.0000
Metrics/racket_target/impact_analytic_outer_net_cross: 0.0000
Metrics/racket_target/impact_analytic_outer_on_opponent: 0.0000
Metrics/racket_target/impact_planner_pos_error_m: 0.0877
Metrics/racket_target/impact_planner_vel_error_mps: 0.5708
Metrics/racket_target/impact_planner_speed_ratio: 0.9107
Metrics/racket_target/impact_planner_vel_angle_deg: 13.8118
Metrics/racket_target/impact_healthy_normal_ok: 0.0000
Metrics/racket_target/impact_healthy_contact: 0.0000
Metrics/racket_target/impact_healthy_net_cross: 0.0000
Metrics/racket_target/impact_healthy_on_opponent: 0.0000
Metrics/racket_target/current_swing_impact_health_score: 0.5986
Metrics/racket_target/current_swing_healthy_contact: 0.6206
Metrics/racket_target/current_swing_healthy_net_cross: 0.6070
Metrics/racket_target/current_swing_healthy_on_opponent: 0.0250
Metrics/racket_target/current_swing_healthy_normal_ok: 0.9764
Metrics/racket_target/current_swing_contact: 0.6206
Metrics/racket_target/current_swing_net_cross: 0.6070
Metrics/racket_target/current_swing_on_opponent: 0.0250
Metrics/racket_target/current_swing_center_contact: 0.4814
Metrics/racket_target/current_swing_center_net_cross: 0.4712
Metrics/racket_target/current_swing_center_on_opponent: 0.0211
Metrics/racket_target/current_swing_rim_contact: 0.1002
Metrics/racket_target/current_swing_rim_net_cross: 0.0967
Metrics/racket_target/current_swing_rim_on_opponent: 0.0039
Metrics/racket_target/current_swing_analytic_outer_contact: 0.0391
Metrics/racket_target/current_swing_analytic_outer_net_cross: 0.0391
Metrics/racket_target/current_swing_analytic_outer_on_opponent: 0.0000
Metrics/racket_target/cycle_v2_outcome_tier: -1.0000
Metrics/racket_target/cycle_v2_streak: 0.0000
Metrics/racket_target/closed_loop_recovery_trigger_event: 0.0000
Metrics/racket_target/closed_loop_cycle_success_event: 0.0000
Metrics/racket_target/closed_loop_durable_cycle_success_event: 0.0000
Metrics/racket_target/closed_loop_phase_id: 1.9633
Metrics/racket_target/closed_loop_phase_ready_no_command: 0.0201
Metrics/racket_target/closed_loop_phase_command_acquire: 0.0000
Metrics/racket_target/closed_loop_phase_pre_strike: 0.9764
Metrics/racket_target/closed_loop_phase_strike: 0.0035
Metrics/racket_target/closed_loop_phase_follow_through: 0.0000
Metrics/racket_target/closed_loop_phase_recovery: 0.0000
Metrics/racket_target/closed_loop_phase_next_ready: 0.0000
Metrics/racket_target/post_contact_phase_impact_0_100ms_attempts: 1305.9062
Metrics/racket_target/post_contact_phase_impact_0_100ms_tilt_gt_0p1_rate: 1.0000
Metrics/racket_target/post_contact_phase_impact_0_100ms_pitch_gt_0p1_rate: 1.0000
Metrics/racket_target/post_contact_phase_impact_0_100ms_waist_overflow_gt_1p0_rate: 0.0000
Metrics/racket_target/post_contact_phase_impact_0_100ms_base_ang_vel_gt_0p8_rate: 0.9906
Metrics/racket_target/post_contact_phase_brake_100_300ms_attempts: 1280.0312
Metrics/racket_target/post_contact_phase_brake_100_300ms_tilt_gt_0p1_rate: 0.9997
Metrics/racket_target/post_contact_phase_brake_100_300ms_pitch_gt_0p1_rate: 0.9997
Metrics/racket_target/post_contact_phase_brake_100_300ms_waist_overflow_gt_1p0_rate: 0.0000
Metrics/racket_target/post_contact_phase_brake_100_300ms_base_ang_vel_gt_0p8_rate: 0.9977
Metrics/racket_target/post_contact_phase_settle_300_600ms_attempts: 1232.6250
Metrics/racket_target/post_contact_phase_settle_300_600ms_tilt_gt_0p1_rate: 0.7585
Metrics/racket_target/post_contact_phase_settle_300_600ms_pitch_gt_0p1_rate: 0.6870
Metrics/racket_target/post_contact_phase_settle_300_600ms_waist_overflow_gt_1p0_rate: 0.0000
Metrics/racket_target/post_contact_phase_settle_300_600ms_base_ang_vel_gt_0p8_rate: 0.9897
Metrics/racket_target/post_contact_phase_ready_after_600ms_attempts: 1124.8750
Metrics/racket_target/post_contact_phase_ready_after_600ms_tilt_gt_0p1_rate: 0.4649
Metrics/racket_target/post_contact_phase_ready_after_600ms_pitch_gt_0p1_rate: 0.3515
Metrics/racket_target/post_contact_phase_ready_after_600ms_waist_overflow_gt_1p0_rate: 0.0000
Metrics/racket_target/post_contact_phase_ready_after_600ms_base_ang_vel_gt_0p8_rate: 0.9362
Metrics/racket_target/base_pitch_like_signed: -0.0424
Metrics/racket_target/base_backward_velocity: 0.0403
Metrics/racket_target/waist_action_rms: 0.2838
Metrics/racket_target/right_arm_action_rms: 2.9869
Metrics/racket_target/leg_action_rms: 0.4361
Metrics/racket_target/action_abs_max: 5.6274
Metrics/racket_target/applied_action_abs_max: 5.4429
Metrics/racket_target/leg_action_abs_max: 0.8579
Metrics/racket_target/effective_action_abs_max: 5.4429
Metrics/racket_target/action_clamp_fraction: 0.0070
Metrics/racket_target/waist_action_clamp_fraction: 0.0000
Metrics/racket_target/right_arm_action_clamp_fraction: 0.0000
Metrics/racket_target/leg_action_clamp_fraction: 0.0182
Metrics/racket_target/waist_q_tracking_error_rms: 0.3555
Metrics/racket_target/right_arm_q_tracking_error_rms: 0.1584
Metrics/racket_target/leg_q_tracking_error_rms: 0.2037
Metrics/racket_target/waist_torque_clip_fraction: 0.0000
Metrics/racket_target/right_arm_torque_clip_fraction: 0.0000
Metrics/racket_target/leg_torque_clip_fraction: 0.0000
Metrics/racket_target/waist_action_delta_rms: 0.1289
Metrics/racket_target/right_arm_action_delta_rms: 0.8512
Metrics/racket_target/leg_action_delta_rms: 0.2422
Metrics/racket_target/waist_joint_vel_rms: 0.5195
Metrics/racket_target/right_arm_joint_vel_rms: 1.0592
Metrics/racket_target/leg_joint_vel_rms: 0.5597
Metrics/racket_target/recovery_leg_action_abs_max: 0.8542
Metrics/racket_target/recovery_leg_action_delta_rms: 0.2410
Metrics/racket_target/recovery_leg_joint_vel_rms: 0.5567
      Episode_Termination/time_out: 4.6562
  Episode_Termination/base_too_low: 0.0000
   Episode_Termination/base_tilted: 0.0625
   Episode_Termination/table_touch: 0.5000
Episode_Termination/persistent_action_overflow: 0.0000
--------------------------------------------------------------------------------
                   Total timesteps: 262144
                    Iteration time: 2.35s
                      Time elapsed: 00:00:09
                               ETA: 00:00:42

################################################################################
                     [1m Learning iteration 1804/1820 [0m                     

                       Computation: 26582 steps/s (collection: 2.450s, learning 0.016s)
             Mean action noise std: 0.45
          Mean value_function loss: 0.1461
               Mean surrogate loss: -0.0000
                 Mean entropy loss: 2.8121
      Mean critic_only_warmup loss: 1.0000
                       Mean reward: 4.38
               Mean episode length: 145.90
 Episode_Reward/undesired_contacts: -0.0000
  Episode_Reward/feet_contact_slip: -0.0010
     Episode_Reward/table_no_touch: -0.0014
              Episode_Reward/alive: 0.0028
            Episode_Reward/upright: -0.0030
          Episode_Reward/imitation: 0.1242
    Episode_Reward/racket_position: 0.0242
Episode_Reward/backhand_racket_position: 0.0105
    Episode_Reward/racket_velocity: 0.0159
Episode_Reward/planner_racket_task_space_crossfade: 0.0971
Episode_Reward/exact_impact_planner_task_space_alignment: 0.0025
    Episode_Reward/blade_direction: 0.0145
Episode_Reward/health_gated_soft_ball_contact: 0.0156
Episode_Reward/health_gated_backhand_soft_ball_contact: 0.0096
Episode_Reward/health_gated_ball_contact: 0.0028
Episode_Reward/healthy_trunk_support: 0.0244
Episode_Reward/targeted_strike_attempt: 0.0036
  Episode_Reward/strike_inactivity: -0.0000
 Episode_Reward/pre_strike_station: 0.0196
    Episode_Reward/recovery_health: 0.0157
Episode_Reward/no_command_ready_stability: 0.0006
Episode_Reward/post_strike_base_ang_vel: 0.0030
Episode_Reward/phase_action_overflow: -0.0002
     Episode_Reward/strike_balance: 0.0095
Episode_Reward/prestrike_station_progress: 0.0065
 Episode_Reward/lower_body_support: 0.0139
Episode_Reward/termination_penalty: -0.0272
Episode_Reward/phase_action_rate_waist: -0.0001
Episode_Reward/phase_action_rate_upper: -0.0018
Episode_Reward/phase_action_rate_legs: -0.0001
        Episode_Reward/joint_limit: -0.0102
Episode_Reward/prestrike_racket_progress: 0.0530
Episode_Reward/near_impact_planner_velocity_progress: 0.0144
Episode_Reward/operational_joint_margin: -0.0090
  Episode_Reward/joint_target_slew: -0.0095
Episode_Reward/actuator_waist_feasibility: -0.0000
Episode_Reward/actuator_right_arm_feasibility: -0.0000
Episode_Reward/actuator_leg_feasibility: -0.0000
Episode_Reward/terminal_quality_window: 0.0004
Episode_Reward/safe_terminal_quality: 0.0008
Episode_Reward/unsafe_terminal_recovery: -0.0000
Episode_Reward/capability_gated_safe_terminal_outcome: 0.0053
Episode_Reward/targeted_contact_miss: -0.0010
    Metrics/motion/error_joint_pos: 1.8300
    Metrics/motion/error_joint_vel: 8.2917
     Metrics/motion/error_body_pos: 0.1578
     Metrics/motion/error_body_rot: 0.6759
       Metrics/motion/motion_phase: 0.6869
            Metrics/motion/in_hold: 0.2135
Metrics/motion/motion_start_warmup_prob: 0.8000
Metrics/motion/motion_start_lifecycle_progress: 0.0000
Metrics/motion/motion_start_effective_prestrike_fraction: 1.0000
Metrics/motion/motion_start_effective_recovery_fraction: 0.0000
Metrics/motion/motion_start_effective_rsi_fraction: 0.0000
 Metrics/motion/motion_start_reset: 0.5665
Metrics/motion/motion_start_prestrike_reset: 0.0000
Metrics/motion/motion_start_recovery_reset: 0.0000
Metrics/motion/motion_start_rsi_reset: 0.0000
 Metrics/motion/single_cycle_reset: 0.0000
     Metrics/motion/motion_clip_id: 0.6297
Metrics/motion/motion_supplemental_clip: 0.0000
      Metrics/motion/stand_episode: 0.0193
Metrics/motion/default_stand_reset: 0.2393
Metrics/motion/error_body_pos_lower: 0.1522
Metrics/motion/error_body_rot_lower: 0.5423
Metrics/motion/error_body_lin_vel_lower: 0.2585
Metrics/motion/error_body_ang_vel_lower: 1.2136
Metrics/motion/reference_body_lin_speed_lower: 0.0120
Metrics/motion/robot_body_lin_speed_lower: 0.2552
Metrics/motion/error_body_pos_core: 0.0655
Metrics/motion/error_body_rot_core: 0.4026
Metrics/motion/error_body_lin_vel_core: 0.4468
Metrics/motion/error_body_ang_vel_core: 1.5023
Metrics/motion/reference_body_lin_speed_core: 0.0090
Metrics/motion/robot_body_lin_speed_core: 0.4439
Metrics/motion/error_body_pos_upper: 0.1942
Metrics/motion/error_body_rot_upper: 0.9006
Metrics/motion/error_body_lin_vel_upper: 1.2220
Metrics/motion/error_body_ang_vel_upper: 3.9051
Metrics/motion/reference_body_lin_speed_upper: 0.0162
Metrics/motion/robot_body_lin_speed_upper: 1.2218
Metrics/motion/error_joint_pos_waist: 0.3695
Metrics/motion/error_joint_vel_waist: 1.8143
Metrics/motion/reference_joint_speed_waist: 0.0112
Metrics/motion/error_joint_pos_arms: 1.6241
Metrics/motion/error_joint_vel_arms: 7.3066
Metrics/motion/reference_joint_speed_arms: 0.0374
Metrics/motion/error_joint_pos_legs: 0.6902
Metrics/motion/error_joint_vel_legs: 2.9126
Metrics/motion/reference_joint_speed_legs: 0.0031
Metrics/racket_target/racket_pos_error: 0.1128
Metrics/racket_target/racket_vel_error: 1.1827
Metrics/racket_target/time_to_strike: -0.8201
Metrics/racket_target/return_success: 0.0089
Metrics/racket_target/prev_return_success: 0.0000
Metrics/racket_target/prev_net_cross: 0.1168
Metrics/racket_target/current_net_cross: 0.4719
Metrics/racket_target/racket_pos_curriculum_scale: 1.0000
Metrics/racket_target/impact_inverse_command_blend: 0.0000
Metrics/racket_target/steps_since_target_resample: 109.8736
Metrics/racket_target/recovery_height_error: 0.0527
Metrics/racket_target/recovery_upright_error: 0.1572
Metrics/racket_target/recovery_base_lin_vel: 0.3565
Metrics/racket_target/recovery_base_ang_vel: 1.1380
Metrics/racket_target/recovery_station_error: 0.1539
Metrics/racket_target/recovery_feet_contact_frac: 0.9807
Metrics/racket_target/recovery_racket_speed: 3.0113
Metrics/racket_target/recovery_height_score: 0.8007
Metrics/racket_target/recovery_upright_score: 0.7504
Metrics/racket_target/recovery_lin_vel_score: 0.5542
Metrics/racket_target/recovery_ang_vel_score: 0.3294
Metrics/racket_target/recovery_station_score: 0.7416
Metrics/racket_target/recovery_racket_score: 0.0382
Metrics/racket_target/recovery_arm_score: 0.4207
Metrics/racket_target/recovery_ready_score: 0.6273
Metrics/racket_target/recovery_anchor_arm_score: 1.0000
Metrics/racket_target/recovery_core_ready_score: 0.5221
Metrics/racket_target/recovery_functional_ready_score: 0.4428
Metrics/racket_target/waist_action_overflow_rms: 0.0017
Metrics/racket_target/right_arm_action_overflow_rms: 0.0036
Metrics/racket_target/leg_action_overflow_rms: 0.0244
Metrics/racket_target/operational_margin_fraction: 0.0150
Metrics/racket_target/waist_operational_margin_fraction: 0.0089
Metrics/racket_target/right_arm_operational_margin_fraction: 0.0039
Metrics/racket_target/leg_operational_margin_fraction: 0.0339
Metrics/racket_target/waist_operational_excess_rms: 0.0013
Metrics/racket_target/right_arm_operational_excess_rms: 0.0006
Metrics/racket_target/leg_operational_excess_rms: 0.0149
Metrics/racket_target/q_des_velocity_violation_fraction: 0.0815
Metrics/racket_target/waist_q_des_velocity_violation_fraction: 0.0234
Metrics/racket_target/right_arm_q_des_velocity_violation_fraction: 0.1063
Metrics/racket_target/leg_q_des_velocity_violation_fraction: 0.1035
Metrics/racket_target/q_des_acceleration_violation_fraction: 0.6917
Metrics/racket_target/waist_q_des_acceleration_violation_fraction: 0.5751
Metrics/racket_target/right_arm_q_des_acceleration_violation_fraction: 0.8008
Metrics/racket_target/leg_q_des_acceleration_violation_fraction: 0.7493
Metrics/racket_target/waist_q_des_velocity_rms: 4.0578
Metrics/racket_target/right_arm_q_des_velocity_rms: 8.3164
Metrics/racket_target/leg_q_des_velocity_rms: 7.1467
Metrics/racket_target/waist_q_des_acceleration_rms: 299.5989
Metrics/racket_target/right_arm_q_des_acceleration_rms: 654.7188
Metrics/racket_target/leg_q_des_acceleration_rms: 595.0327
Metrics/racket_target/action_operational_feasibility_score: 0.8325
Metrics/racket_target/actuator_overflow_consecutive_steps: 0.0000
Metrics/racket_target/actuator_overflow_severe: 0.0000
Metrics/racket_target/recovery_phase_gate: 0.9690
Metrics/racket_target/recovery_phase_ready_score: 0.6232
Metrics/racket_target/recovery_contact_ready_score: 0.3429
Metrics/racket_target/recovery_net_ready_score: 0.3401
Metrics/racket_target/recovery_return_ready_score: 0.0071
Metrics/racket_target/cycle_success_ready_score: 0.0000
Metrics/racket_target/cycle_success_soft: 0.0000
Metrics/racket_target/cycle_success_binary: 0.0000
Metrics/racket_target/cycle_v2_pending: 0.0000
Metrics/racket_target/cycle_v2_attempt_latch: 0.0000
Metrics/racket_target/cycle_v2_ready_success_latch: 0.0000
Metrics/racket_target/cycle_v2_ready_fail_latch: 0.0000
Metrics/racket_target/cycle_v2_attempt_event: 0.0000
Metrics/racket_target/cycle_v2_ready_success_event: 0.0000
Metrics/racket_target/cycle_v2_ready_fail_event: 0.0000
Metrics/racket_target/cycle_v2_unresolved_resample_fail_event: 0.0000
Metrics/racket_target/cycle_v2_resolved_event: 0.0000
Metrics/racket_target/cycle_v2_command_visible_steps: 0.0000
Metrics/racket_target/cycle_v2_elapsed_steps: 0.0000
Metrics/racket_target/cycle_v2_ready_score: 0.0000
Metrics/racket_target/cycle_v2_ready_ok: 0.0000
Metrics/racket_target/cycle_v2_visible: 0.0000
Metrics/racket_target/cycle_v2_ready_score_ok: 0.0000
Metrics/racket_target/cycle_v2_height_ok: 0.0000
Metrics/racket_target/cycle_v2_upright_ok: 0.0000
Metrics/racket_target/cycle_v2_base_lin_vel_ok: 0.0000
Metrics/racket_target/cycle_v2_base_ang_vel_ok: 0.0000
Metrics/racket_target/cycle_v2_feet_ok: 0.0000
Metrics/racket_target/cycle_v2_core_ready_ok: 0.0000
Metrics/racket_target/cycle_v2_ready_consecutive_steps: 0.0000
Metrics/racket_target/single_cycle_bootstrap: 0.0000
Metrics/racket_target/single_cycle_swing_completed: 0.0000
Metrics/racket_target/single_cycle_recovery_active: 0.0000
Metrics/racket_target/single_cycle_recovery_elapsed_steps: 0.0000
Metrics/racket_target/single_cycle_ready_consecutive_steps: 0.0000
Metrics/racket_target/single_cycle_safe_timeout_event: 0.0000
Metrics/racket_target/single_cycle_deadline_timeout_event: 0.0000
Metrics/racket_target/single_cycle_timeout_latch: 0.0000
Metrics/racket_target/single_cycle_hard_failure_event: 0.0000
Metrics/racket_target/single_cycle_probability: 0.0000
Metrics/racket_target/single_cycle_curriculum_level: 0.0000
Metrics/racket_target/single_cycle_effective_deadline_steps: 100.0000
Metrics/racket_target/single_cycle_selected_events: 0.0000
Metrics/racket_target/single_cycle_completed_events: 0.0000
Metrics/racket_target/single_cycle_safe_timeout_events: 0.0000
Metrics/racket_target/single_cycle_deadline_timeout_events: 0.0000
Metrics/racket_target/single_cycle_hard_failure_events: 0.0000
Metrics/racket_target/active_ready_consecutive_steps: 0.0000
Metrics/racket_target/active_ready_success_event: 0.0000
Metrics/racket_target/active_ready_success_latch: 0.0000
Metrics/racket_target/active_ready_survival_steps: 0.0000
Metrics/racket_target/active_ready_survival_next_milestone: 0.0000
Metrics/racket_target/active_ready_survival_milestone_event: 0.0000
Metrics/racket_target/no_command_ready_active: 0.0323
Metrics/racket_target/no_command_from_stand_episode: 0.0193
Metrics/racket_target/no_command_from_default_stand_reset: 0.0193
Metrics/racket_target/no_command_ready_upright_ok: 0.0208
Metrics/racket_target/no_command_ready_motion_ok: 0.0000
Metrics/racket_target/no_command_ready_score: 0.0151
Metrics/racket_target/no_command_ready_progress: -0.0139
Metrics/racket_target/no_command_ready_station_error: 0.0053
Metrics/racket_target/no_command_ready_fixed_station_error: 0.0053
Metrics/racket_target/healthy_training_stage: 3.0000
Metrics/racket_target/healthy_stage_planted_rehearsal: 0.0000
Metrics/racket_target/healthy_stage_station_hold_seen: 0.0000
Metrics/racket_target/healthy_stage_station_arrived: 0.0000
Metrics/racket_target/healthy_stage_station_settled: 0.0000
Metrics/racket_target/healthy_stage_station_settle_steps: 0.0000
Metrics/racket_target/station_relocation_active: 0.0000
Metrics/racket_target/station_relocation_target_offset_y: 0.0000
Metrics/racket_target/station_relocation_error: 0.0000
Metrics/racket_target/station_relocation_arrival_event: 0.0000
Metrics/racket_target/station_relocation_settle_event: 0.0000
Metrics/racket_target/station_relocation_release_event: 0.0000
Metrics/racket_target/station_relocation_timeout_event: 0.0000
Metrics/racket_target/station_relocation_elapsed_steps: 0.0000
Metrics/racket_target/station_relocation_hold_deadline_steps: 0.0000
Metrics/racket_target/lifecycle_recovery_hold_active: 0.0000
Metrics/racket_target/lifecycle_recovery_release_success_event: 0.0000
Metrics/racket_target/lifecycle_recovery_release_fail_event: 0.0000
Metrics/racket_target/station_relocation_level: 0.0000
Metrics/racket_target/station_relocation_arrival_ema: 0.0000
Metrics/racket_target/station_relocation_settle_ema: 0.0000
Metrics/racket_target/station_relocation_contact_ema: 0.0000
Metrics/racket_target/station_relocation_safety_ema: 0.0000
Metrics/racket_target/station_relocation_resolved_events: 0.0000
Metrics/racket_target/station_relocation_terminal_reset_events: 0.0000
Metrics/racket_target/station_relocation_advance_streak: 0.0000
Metrics/racket_target/station_relocation_regress_streak: 0.0000
Metrics/racket_target/station_relocation_effective_max_lin_vel: 0.0000
Metrics/racket_target/station_relocation_effective_max_ang_vel: 0.0000
Metrics/racket_target/station_relocation_effective_min_settle_steps: 0.0000
Metrics/racket_target/ability_curriculum_level: 0.0000
Metrics/racket_target/ability_curriculum_scale: 1.0000
Metrics/racket_target/ability_curriculum_resolved_events: 276.2188
Metrics/racket_target/ability_curriculum_total_resolved_events: 276.2188
Metrics/racket_target/ability_curriculum_advance_streak: 0.0000
Metrics/racket_target/ability_curriculum_regress_streak: 0.0000
Metrics/racket_target/ability_contact_ema: 0.1865
Metrics/racket_target/ability_net_ema: 0.1845
Metrics/racket_target/ability_success_ema: 0.0053
Metrics/racket_target/ability_recovery_ema: 0.2022
Metrics/racket_target/ability_cycle_ema: 0.0053
Metrics/racket_target/ability_cycle_attempt_ema: 0.0053
Metrics/racket_target/ability_cycle_resolved_ema: 0.0000
Metrics/racket_target/ability_forehand_contact_ema: 0.1857
Metrics/racket_target/ability_forehand_net_ema: 0.1839
Metrics/racket_target/ability_forehand_success_ema: 0.0032
Metrics/racket_target/ability_backhand_contact_ema: 0.1881
Metrics/racket_target/ability_backhand_net_ema: 0.1860
Metrics/racket_target/ability_backhand_success_ema: 0.0066
Metrics/racket_target/ability_attempt_ema: 0.2500
Metrics/racket_target/ability_targeted_attempt_ema: 0.2498
Metrics/racket_target/impact_health_floor_progress: 0.0000
Metrics/racket_target/ability_safety_ema: 0.9920
Metrics/racket_target/ability_station_saturation_ema: 0.0000
Metrics/racket_target/ability_healthy_normal_ema: 0.2498
Metrics/racket_target/ability_station_arrival_ema: 0.0000
Metrics/racket_target/ability_station_settle_ema: 0.0000
Metrics/racket_target/safe_outcome_capability_gate: 0.2500
Metrics/racket_target/planner_hit_plane_blend: 1.0000
Metrics/racket_target/planner_hit_plane_x_delta: 0.0369
Metrics/racket_target/true_strike_table_x: 0.2000
Metrics/racket_target/planner_target_table_x: 0.2000
Metrics/racket_target/workspace_level: 0.0000
Metrics/racket_target/workspace_fringe_sample: 0.0000
Metrics/racket_target/workspace_target_lateral_norm: 0.2879
Metrics/racket_target/workspace_target_table_y: -0.2080
Metrics/racket_target/workspace_playable_y_min: -0.7225
Metrics/racket_target/workspace_playable_y_max: 0.7225
Metrics/racket_target/workspace_active_y_lo: -0.2761
Metrics/racket_target/workspace_active_y_hi: -0.1447
Metrics/racket_target/workspace_motion_seed_blend: 0.0000
Metrics/racket_target/planner_perturb_curriculum_scale: 1.0000
Metrics/racket_target/incoming_ball_horizontal_speed: 2.2264
Metrics/racket_target/incoming_ball_speed: 4.6526
Metrics/racket_target/incoming_ball_speed_curriculum_level: 0.0000
Metrics/racket_target/incoming_ball_speed_sample_low: 0.0000
Metrics/racket_target/incoming_ball_speed_sample_high: 0.0000
Metrics/racket_target/station_saturated: 0.0000
Metrics/racket_target/station_raw_clip_excess: 0.0000
Metrics/racket_target/station_saturated_x: 0.0000
Metrics/racket_target/station_saturated_y: 0.0000
Metrics/racket_target/station_raw_clip_excess_x: 0.0000
Metrics/racket_target/station_raw_clip_excess_y: 0.0000
Metrics/racket_target/current_swing_opportunity: 0.7586
Metrics/racket_target/current_swing_attempt: 0.7586
Metrics/racket_target/current_swing_targeted_attempt: 0.7503
Metrics/racket_target/prev_swing_targeted_attempt: 0.1942
Metrics/racket_target/current_swing_unsafe: 0.1032
Metrics/racket_target/current_swing_station_saturated: 0.0000
Metrics/racket_target/impact_health_score: 0.7714
Metrics/racket_target/impact_health_ok: 0.7794
Metrics/racket_target/impact_health_backlean_violation: 0.0135
Metrics/racket_target/impact_health_waist_backfold: 0.0001
Metrics/racket_target/impact_health_base_retreat: 0.0481
Metrics/racket_target/impact_health_torso_gravity_x: 0.4040
Metrics/racket_target/impact_health_torso_ang_vel: 0.7462
Metrics/racket_target/impact_health_com_x: 0.1031
Metrics/racket_target/impact_health_com_y: 0.0477
Metrics/racket_target/post_contact_ready_pending: 0.0000
Metrics/racket_target/post_contact_ready_elapsed_steps: 2.4183
Metrics/racket_target/post_contact_ready_consecutive_steps: 0.0000
Metrics/racket_target/post_contact_ready_diagnostic_pending: 0.0000
Metrics/racket_target/post_contact_ready_diagnostic_elapsed_steps: 18.0820
Metrics/racket_target/post_contact_ready_durable_pending: 0.0000
Metrics/racket_target/post_contact_ready_durable_consecutive_steps: 0.0000
Metrics/racket_target/post_contact_ready_durable_ready_now: 0.0000
Metrics/racket_target/post_contact_ready_durable_success_event: 0.0000
Metrics/racket_target/post_contact_ready_durable_fail_event: 0.0000
Metrics/racket_target/post_contact_ready_durable_resolution_success_rate: 0.1808
Metrics/racket_target/post_contact_ready_durable_resolution_fail_rate: 0.7467
Metrics/racket_target/post_contact_ready_durable_resolution_success_latency_steps: 35.0000
Metrics/racket_target/post_contact_ready_durable_resolution_fail_latency_steps: 33.4388
Metrics/racket_target/post_contact_ready_durable_fail_backlean_rate: 0.0565
Metrics/racket_target/post_contact_ready_durable_fail_forward_lean_rate: 0.9091
Metrics/racket_target/post_contact_ready_durable_fail_torso_ang_vel_rate: 0.0565
Metrics/racket_target/post_contact_ready_durable_fail_base_lin_vel_rate: 0.0565
Metrics/racket_target/post_contact_ready_durable_fail_base_ang_vel_rate: 0.3880
Metrics/racket_target/post_contact_ready_durable_fail_racket_speed_rate: 0.0565
Metrics/racket_target/post_contact_ready_durable_fail_height_rate: 0.0565
Metrics/racket_target/post_contact_ready_durable_fail_com_x_rate: 0.0597
Metrics/racket_target/post_contact_ready_durable_fail_com_y_rate: 0.0565
Metrics/racket_target/post_contact_ready_durable_fail_feet_rate: 0.0565
Metrics/racket_target/post_contact_ready_durable_fail_station_rate: 0.0565
Metrics/racket_target/post_contact_ready_durable_fail_arm_rate: 0.0565
Metrics/racket_target/post_contact_ready_terminal_window_active: 0.0000
Metrics/racket_target/post_contact_ready_terminal_quality: 0.4061
Metrics/racket_target/post_contact_ready_terminal_settlement_event: 0.0000
Metrics/racket_target/post_contact_ready_operational_ready_now: 0.0000
Metrics/racket_target/post_contact_ready_operational_consecutive_steps: 0.0000
Metrics/racket_target/post_contact_ready_safe_settlement_event: 0.0000
Metrics/racket_target/post_contact_ready_unsafe_settlement_event: 0.0000
Metrics/racket_target/post_contact_ready_incomplete_settlement_event: 0.0000
Metrics/racket_target/post_contact_ready_safe_net_cycle_event: 0.0000
Metrics/racket_target/post_contact_ready_terminal_quality_mean: 0.9164
Metrics/racket_target/post_contact_ready_safe_terminal_quality_mean: 0.9258
Metrics/racket_target/post_contact_ready_terminal_safe_rate: 0.6950
Metrics/racket_target/post_contact_ready_terminal_unsafe_rate: 0.0303
Metrics/racket_target/post_contact_ready_terminal_incomplete_rate: 0.2747
Metrics/racket_target/post_contact_ready_safe_net_cycle_rate: 0.6791
Metrics/racket_target/post_contact_ready_score: 0.5197
Metrics/racket_target/post_contact_ready_now: 0.0000
Metrics/racket_target/post_contact_ready_success_event: 0.0000
Metrics/racket_target/post_contact_ready_fail_event: 0.0000
Metrics/racket_target/post_contact_ready_outcome_tier: -0.0433
Metrics/racket_target/post_contact_ready_face_quality: 0.3963
Metrics/racket_target/post_contact_ready_safe_face_net_cycle_value: 0.0000
Metrics/racket_target/post_contact_ready_planner_speed_ratio: 0.4453
Metrics/racket_target/post_contact_ready_planner_direction_error_rad: 0.0907
Metrics/racket_target/post_contact_ready_planner_position_error: 0.0281
Metrics/racket_target/post_contact_ready_impact_health_score: 0.4402
Metrics/racket_target/post_contact_ready_peak_base_ang_vel: 0.7234
Metrics/racket_target/post_contact_ready_peak_ang_vel_excess_increment: 0.0000
Metrics/racket_target/post_contact_ready_envelope_violation_latch: 0.0167
Metrics/racket_target/post_contact_ready_envelope_violation_event: 0.0000
Metrics/racket_target/post_contact_ready_envelope_first_violation_step: -0.8510
Metrics/racket_target/post_contact_ready_envelope_attempts: 1399.6875
Metrics/racket_target/post_contact_ready_envelope_violation_rate: 0.0316
Metrics/racket_target/post_contact_ready_envelope_tilt_violation_rate: 0.0000
Metrics/racket_target/post_contact_ready_envelope_pitch_violation_rate: 0.0000
Metrics/racket_target/post_contact_ready_envelope_com_violation_rate: 0.0000
Metrics/racket_target/post_contact_ready_envelope_waist_violation_rate: 0.0000
Metrics/racket_target/post_contact_ready_envelope_leg_violation_rate: 0.0000
Metrics/racket_target/post_contact_ready_envelope_base_ang_vel_violation_rate: 0.0316
Metrics/racket_target/post_contact_ready_resolution_success_rate: 0.9769
Metrics/racket_target/post_contact_ready_resolution_fail_rate: 0.0126
Metrics/racket_target/post_contact_ready_resolution_success_latency_steps: 5.0523
Metrics/racket_target/post_contact_ready_resolution_fail_latency_steps: 14.5621
Metrics/racket_target/post_contact_ready_max_tilt: 0.0992
Metrics/racket_target/post_contact_ready_max_abs_pitch: 0.0987
Metrics/racket_target/post_contact_ready_max_com_x: 0.0200
Metrics/racket_target/post_contact_ready_max_com_y: 0.0157
Metrics/racket_target/post_contact_ready_max_waist_overflow: 0.0000
Metrics/racket_target/post_contact_ready_max_leg_overflow: 0.0058
Metrics/racket_target/post_contact_ready_settlement_velocity_score_ema: 0.6790
Metrics/racket_target/post_contact_ready_settlement_position_gate_ema: 0.7881
Metrics/racket_target/post_contact_ready_settlement_health_gate_ema: 0.9765
Metrics/racket_target/post_contact_ready_settlement_recovery_gate_ema: 0.4389
Metrics/racket_target/post_contact_ready_settlement_total_score_ema: 0.2327
Metrics/racket_target/post_contact_recovery_backlean_error: 0.1285
Metrics/racket_target/post_contact_recovery_directional_progress: 0.0000
Metrics/racket_target/post_contact_ready_torso_ok: 0.0142
Metrics/racket_target/post_contact_ready_motion_ok: 0.3478
Metrics/racket_target/post_contact_ready_support_ok: 0.7794
Metrics/racket_target/post_contact_ready_arm_ok: 1.0000
Metrics/racket_target/post_contact_ready_base_lin_vel_ok: 0.7716
Metrics/racket_target/post_contact_ready_base_ang_vel_ok: 0.7009
Metrics/racket_target/post_contact_ready_racket_speed_ok: 0.4983
Metrics/racket_target/post_contact_ready_height_ok: 0.9031
Metrics/racket_target/post_contact_ready_com_x_ok: 0.7794
Metrics/racket_target/post_contact_ready_com_y_ok: 0.9135
Metrics/racket_target/post_contact_ready_feet_ok: 0.9948
Metrics/racket_target/post_contact_ready_station_ok: 0.7794
Metrics/racket_target/post_contact_ready_fail_torso: 0.0000
Metrics/racket_target/post_contact_ready_fail_base_lin_vel: 0.0000
Metrics/racket_target/post_contact_ready_fail_base_ang_vel: 0.0000
Metrics/racket_target/post_contact_ready_fail_racket_speed: 0.0000
Metrics/racket_target/post_contact_ready_fail_support: 0.0000
Metrics/racket_target/post_contact_ready_fail_arm: 0.0000
Metrics/racket_target/post_contact_ready_shadow_now: 0.0000
Metrics/racket_target/post_contact_ready_shadow_consecutive_steps: 0.0000
Metrics/racket_target/post_contact_ready_shadow_success_latch: 0.0000
Metrics/racket_target/post_contact_ready_curriculum_level: 0.0000
Metrics/racket_target/post_contact_ready_curriculum_fraction: 1.0000
Metrics/racket_target/post_contact_ready_curriculum_success_ema: 0.0000
Metrics/racket_target/post_contact_ready_curriculum_shadow_success_ema: 0.0000
Metrics/racket_target/post_contact_ready_curriculum_resolved_events: 0.0000
Metrics/racket_target/post_contact_ready_curriculum_successful_events: 0.0000
Metrics/racket_target/post_contact_ready_curriculum_targeted_attempt_ema: 0.0000
Metrics/racket_target/post_contact_ready_curriculum_return_success_ema: 0.0000
Metrics/racket_target/post_contact_ready_curriculum_completed_swings: 0.0000
Metrics/racket_target/post_contact_ready_curriculum_advance_streak: 0.0000
Metrics/racket_target/post_contact_ready_curriculum_advance_guard_ok: 0.0000
Metrics/racket_target/post_contact_ready_effective_max_torso_ang_vel: 1.5000
Metrics/racket_target/post_contact_ready_effective_torso_x_min: -0.1200
Metrics/racket_target/post_contact_ready_effective_torso_x_max: 0.3200
Metrics/racket_target/post_contact_ready_effective_max_base_lin_vel: 0.4500
Metrics/racket_target/post_contact_ready_effective_max_base_ang_vel: 1.3000
Metrics/racket_target/post_contact_ready_effective_max_racket_speed: 3.0000
Metrics/racket_target/post_contact_ready_effective_min_feet_contact: 0.5000
Metrics/racket_target/post_contact_ready_effective_required_consecutive_steps: 3.0000
Metrics/racket_target/post_contact_ready_effective_deadline_steps: 40.0000
Metrics/racket_target/post_contact_ready_curriculum_advance_threshold: 1.0000
Metrics/racket_target/post_contact_ready_curriculum_advance_min_events: 0.0000
Metrics/racket_target/post_contact_ready_curriculum_shadow_threshold: 1.0000
Metrics/racket_target/post_contact_ready_curriculum_min_targeted_attempt_ema: 0.0000
Metrics/racket_target/post_contact_ready_curriculum_min_return_success_ema: 0.0000
Metrics/racket_target/post_contact_ready_curriculum_min_completed_swings: 1.0000
Metrics/racket_target/post_contact_ready_curriculum_required_advance_checks: 1.0000
Metrics/racket_target/racket_normal_error_deg: 68.4847
Metrics/racket_target/impact_normal_error_deg: 9.1122
Metrics/racket_target/impact_racket_vel_error_mps: 0.5138
Metrics/racket_target/impact_racket_speed_ratio: 0.9359
Metrics/racket_target/impact_racket_vel_angle_deg: 11.3496
Metrics/racket_target/impact_racket_actual_vel_x: 1.0228
Metrics/racket_target/impact_racket_actual_vel_y: 0.1458
Metrics/racket_target/impact_racket_actual_vel_z: 1.3639
Metrics/racket_target/impact_racket_target_vel_x: 1.1953
Metrics/racket_target/impact_racket_target_vel_y: -0.0027
Metrics/racket_target/impact_racket_target_vel_z: 1.3353
Metrics/racket_target/impact_ball_out_error_mps: 4.5738
Metrics/racket_target/impact_face_radial_error_m: 0.0530
Metrics/racket_target/impact_face_normal_gap_m: 0.0567
Metrics/racket_target/impact_face_quality: 0.6747
Metrics/racket_target/impact_center_contact: 0.0000
Metrics/racket_target/impact_center_net_cross: 0.0000
Metrics/racket_target/impact_center_on_opponent: 0.0000
Metrics/racket_target/impact_rim_contact: 0.0000
Metrics/racket_target/impact_rim_net_cross: 0.0000
Metrics/racket_target/impact_rim_on_opponent: 0.0000
Metrics/racket_target/impact_analytic_outer_contact: 0.0000
Metrics/racket_target/impact_analytic_outer_net_cross: 0.0000
Metrics/racket_target/impact_analytic_outer_on_opponent: 0.0000
Metrics/racket_target/impact_planner_pos_error_m: 0.0838
Metrics/racket_target/impact_planner_vel_error_mps: 0.5138
Metrics/racket_target/impact_planner_speed_ratio: 0.9359
Metrics/racket_target/impact_planner_vel_angle_deg: 11.3496
Metrics/racket_target/impact_healthy_normal_ok: 0.0000
Metrics/racket_target/impact_healthy_contact: 0.0000
Metrics/racket_target/impact_healthy_net_cross: 0.0000
Metrics/racket_target/impact_healthy_on_opponent: 0.0000
Metrics/racket_target/current_swing_impact_health_score: 0.4402
Metrics/racket_target/current_swing_healthy_contact: 0.4758
Metrics/racket_target/current_swing_healthy_net_cross: 0.4719
Metrics/racket_target/current_swing_healthy_on_opponent: 0.0089
Metrics/racket_target/current_swing_healthy_normal_ok: 0.7555
Metrics/racket_target/current_swing_contact: 0.4758
Metrics/racket_target/current_swing_net_cross: 0.4719
Metrics/racket_target/current_swing_on_opponent: 0.0089
Metrics/racket_target/current_swing_center_contact: 0.3741
Metrics/racket_target/current_swing_center_net_cross: 0.3702
Metrics/racket_target/current_swing_center_on_opponent: 0.0089
Metrics/racket_target/current_swing_rim_contact: 0.0738
Metrics/racket_target/current_swing_rim_net_cross: 0.0738
Metrics/racket_target/current_swing_rim_on_opponent: 0.0000
Metrics/racket_target/current_swing_analytic_outer_contact: 0.0280
Metrics/racket_target/current_swing_analytic_outer_net_cross: 0.0280
Metrics/racket_target/current_swing_analytic_outer_on_opponent: 0.0000
Metrics/racket_target/cycle_v2_outcome_tier: -1.0000
Metrics/racket_target/cycle_v2_streak: 0.0000
Metrics/racket_target/closed_loop_recovery_trigger_event: 0.0000
Metrics/racket_target/closed_loop_cycle_success_event: 0.0000
Metrics/racket_target/closed_loop_durable_cycle_success_event: 0.0000
Metrics/racket_target/closed_loop_phase_id: 1.7190
Metrics/racket_target/closed_loop_phase_ready_no_command: 0.0323
Metrics/racket_target/closed_loop_phase_command_acquire: 0.2195
Metrics/racket_target/closed_loop_phase_pre_strike: 0.7451
Metrics/racket_target/closed_loop_phase_strike: 0.0031
Metrics/racket_target/closed_loop_phase_follow_through: 0.0000
Metrics/racket_target/closed_loop_phase_recovery: 0.0000
Metrics/racket_target/closed_loop_phase_next_ready: 0.0000
Metrics/racket_target/post_contact_phase_impact_0_100ms_attempts: 1399.6875
Metrics/racket_target/post_contact_phase_impact_0_100ms_tilt_gt_0p1_rate: 1.0000
Metrics/racket_target/post_contact_phase_impact_0_100ms_pitch_gt_0p1_rate: 1.0000
Metrics/racket_target/post_contact_phase_impact_0_100ms_waist_overflow_gt_1p0_rate: 0.0000
Metrics/racket_target/post_contact_phase_impact_0_100ms_base_ang_vel_gt_0p8_rate: 0.9906
Metrics/racket_target/post_contact_phase_brake_100_300ms_attempts: 1371.5938
Metrics/racket_target/post_contact_phase_brake_100_300ms_tilt_gt_0p1_rate: 0.9993
Metrics/racket_target/post_contact_phase_brake_100_300ms_pitch_gt_0p1_rate: 0.9993
Metrics/racket_target/post_contact_phase_brake_100_300ms_waist_overflow_gt_1p0_rate: 0.0000
Metrics/racket_target/post_contact_phase_brake_100_300ms_base_ang_vel_gt_0p8_rate: 0.9975
Metrics/racket_target/post_contact_phase_settle_300_600ms_attempts: 1315.1562
Metrics/racket_target/post_contact_phase_settle_300_600ms_tilt_gt_0p1_rate: 0.7568
Metrics/racket_target/post_contact_phase_settle_300_600ms_pitch_gt_0p1_rate: 0.6861
Metrics/racket_target/post_contact_phase_settle_300_600ms_waist_overflow_gt_1p0_rate: 0.0000
Metrics/racket_target/post_contact_phase_settle_300_600ms_base_ang_vel_gt_0p8_rate: 0.9899
Metrics/racket_target/post_contact_phase_ready_after_600ms_attempts: 1233.0000
Metrics/racket_target/post_contact_phase_ready_after_600ms_tilt_gt_0p1_rate: 0.4742
Metrics/racket_target/post_contact_phase_ready_after_600ms_pitch_gt_0p1_rate: 0.3592
Metrics/racket_target/post_contact_phase_ready_after_600ms_waist_overflow_gt_1p0_rate: 0.0000
Metrics/racket_target/post_contact_phase_ready_after_600ms_base_ang_vel_gt_0p8_rate: 0.9421
Metrics/racket_target/base_pitch_like_signed: 0.0206
Metrics/racket_target/base_backward_velocity: 0.0703
Metrics/racket_target/waist_action_rms: 0.4285
Metrics/racket_target/right_arm_action_rms: 2.7870
Metrics/racket_target/leg_action_rms: 0.5193
Metrics/racket_target/action_abs_max: 5.1959
Metrics/racket_target/applied_action_abs_max: 4.9940
Metrics/racket_target/leg_action_abs_max: 1.0295
Metrics/racket_target/effective_action_abs_max: 4.9910
Metrics/racket_target/action_clamp_fraction: 0.0110
Metrics/racket_target/waist_action_clamp_fraction: 0.0026
Metrics/racket_target/right_arm_action_clamp_fraction: 0.0030
Metrics/racket_target/leg_action_clamp_fraction: 0.0255
Metrics/racket_target/waist_q_tracking_error_rms: 0.3361
Metrics/racket_target/right_arm_q_tracking_error_rms: 0.2340
Metrics/racket_target/leg_q_tracking_error_rms: 0.2257
Metrics/racket_target/waist_torque_clip_fraction: 0.0000
Metrics/racket_target/right_arm_torque_clip_fraction: 0.0000
Metrics/racket_target/leg_torque_clip_fraction: 0.0000
Metrics/racket_target/waist_action_delta_rms: 0.1770
Metrics/racket_target/right_arm_action_delta_rms: 0.9591
Metrics/racket_target/leg_action_delta_rms: 0.2770
Metrics/racket_target/waist_joint_vel_rms: 1.0483
Metrics/racket_target/right_arm_joint_vel_rms: 2.3979
Metrics/racket_target/leg_joint_vel_rms: 0.8409
Metrics/racket_target/recovery_leg_action_abs_max: 0.9709
Metrics/racket_target/recovery_leg_action_delta_rms: 0.2635
Metrics/racket_target/recovery_leg_joint_vel_rms: 0.7905
      Episode_Termination/time_out: 3.9375
  Episode_Termination/base_too_low: 0.0312
   Episode_Termination/base_tilted: 0.5000
   Episode_Termination/table_touch: 0.6250
Episode_Termination/persistent_action_overflow: 0.0000
--------------------------------------------------------------------------------
                   Total timesteps: 327680
                    Iteration time: 2.47s
                      Time elapsed: 00:00:12
                               ETA: 00:00:39

################################################################################
                     [1m Learning iteration 1805/1820 [0m                     

                       Computation: 26405 steps/s (collection: 2.467s, learning 0.015s)
             Mean action noise std: 0.45
          Mean value_function loss: 0.0921
               Mean surrogate loss: -0.0000
                 Mean entropy loss: 2.8121
      Mean critic_only_warmup loss: 1.0000
                       Mean reward: 5.22
               Mean episode length: 178.07
 Episode_Reward/undesired_contacts: 0.0000
  Episode_Reward/feet_contact_slip: -0.0011
     Episode_Reward/table_no_touch: -0.0006
              Episode_Reward/alive: 0.0035
            Episode_Reward/upright: -0.0028
          Episode_Reward/imitation: 0.1417
    Episode_Reward/racket_position: 0.0250
Episode_Reward/backhand_racket_position: 0.0116
    Episode_Reward/racket_velocity: 0.0162
Episode_Reward/planner_racket_task_space_crossfade: 0.1011
Episode_Reward/exact_impact_planner_task_space_alignment: 0.0025
    Episode_Reward/blade_direction: 0.0149
Episode_Reward/health_gated_soft_ball_contact: 0.0163
Episode_Reward/health_gated_backhand_soft_ball_contact: 0.0106
Episode_Reward/health_gated_ball_contact: 0.0029
Episode_Reward/healthy_trunk_support: 0.0250
Episode_Reward/targeted_strike_attempt: 0.0037
  Episode_Reward/strike_inactivity: 0.0000
 Episode_Reward/pre_strike_station: 0.0267
    Episode_Reward/recovery_health: 0.0207
Episode_Reward/no_command_ready_stability: 0.0006
Episode_Reward/post_strike_base_ang_vel: 0.0038
Episode_Reward/phase_action_overflow: -0.0001
     Episode_Reward/strike_balance: 0.0096
Episode_Reward/prestrike_station_progress: 0.0098
 Episode_Reward/lower_body_support: 0.0142
Episode_Reward/termination_penalty: -0.0119
Episode_Reward/phase_action_rate_waist: -0.0001
Episode_Reward/phase_action_rate_upper: -0.0024
Episode_Reward/phase_action_rate_legs: -0.0001
        Episode_Reward/joint_limit: -0.0132
Episode_Reward/prestrike_racket_progress: 0.0821
Episode_Reward/near_impact_planner_velocity_progress: 0.0148
Episode_Reward/operational_joint_margin: -0.0053
  Episode_Reward/joint_target_slew: -0.0122
Episode_Reward/actuator_waist_feasibility: -0.0000
Episode_Reward/actuator_right_arm_feasibility: -0.0000
Episode_Reward/actuator_leg_feasibility: -0.0000
Episode_Reward/terminal_quality_window: 0.0004
Episode_Reward/safe_terminal_quality: 0.0007
Episode_Reward/unsafe_terminal_recovery: -0.0000
Episode_Reward/capability_gated_safe_terminal_outcome: 0.0045
Episode_Reward/targeted_contact_miss: -0.0011
    Metrics/motion/error_joint_pos: 1.9423
    Metrics/motion/error_joint_vel: 5.8604
     Metrics/motion/error_body_pos: 0.1364
     Metrics/motion/error_body_rot: 0.7886
       Metrics/motion/motion_phase: 0.0981
            Metrics/motion/in_hold: 0.3228
Metrics/motion/motion_start_warmup_prob: 0.8000
Metrics/motion/motion_start_lifecycle_progress: 0.0000
Metrics/motion/motion_start_effective_prestrike_fraction: 1.0000
Metrics/motion/motion_start_effective_recovery_fraction: 0.0000
Metrics/motion/motion_start_effective_rsi_fraction: 0.0000
 Metrics/motion/motion_start_reset: 0.0000
Metrics/motion/motion_start_prestrike_reset: 0.0000
Metrics/motion/motion_start_recovery_reset: 0.0000
Metrics/motion/motion_start_rsi_reset: 0.0000
 Metrics/motion/single_cycle_reset: 0.0000
     Metrics/motion/motion_clip_id: 0.6336
Metrics/motion/motion_supplemental_clip: 0.0000
      Metrics/motion/stand_episode: 0.0114
Metrics/motion/default_stand_reset: 0.0819
Metrics/motion/error_body_pos_lower: 0.1694
Metrics/motion/error_body_rot_lower: 1.0462
Metrics/motion/error_body_lin_vel_lower: 0.1736
Metrics/motion/error_body_ang_vel_lower: 0.8492
Metrics/motion/reference_body_lin_speed_lower: 0.0216
Metrics/motion/robot_body_lin_speed_lower: 0.1652
Metrics/motion/error_body_pos_core: 0.0628
Metrics/motion/error_body_rot_core: 0.5386
Metrics/motion/error_body_lin_vel_core: 0.2534
Metrics/motion/error_body_ang_vel_core: 1.0453
Metrics/motion/reference_body_lin_speed_core: 0.0153
Metrics/motion/robot_body_lin_speed_core: 0.2517
Metrics/motion/error_body_pos_upper: 0.1278
Metrics/motion/error_body_rot_upper: 0.6143
Metrics/motion/error_body_lin_vel_upper: 0.6844
Metrics/motion/error_body_ang_vel_upper: 2.4855
Metrics/motion/reference_body_lin_speed_upper: 0.0318
Metrics/motion/robot_body_lin_speed_upper: 0.6883
Metrics/motion/error_joint_pos_waist: 0.7659
Metrics/motion/error_joint_vel_waist: 1.1458
Metrics/motion/reference_joint_speed_waist: 0.0329
Metrics/motion/error_joint_pos_arms: 1.6170
Metrics/motion/error_joint_vel_arms: 5.0830
Metrics/motion/reference_joint_speed_arms: 0.0893
Metrics/motion/error_joint_pos_legs: 0.7154
Metrics/motion/error_joint_vel_legs: 2.3778
Metrics/motion/reference_joint_speed_legs: 0.0061
Metrics/racket_target/racket_pos_error: 0.1066
Metrics/racket_target/racket_vel_error: 1.2385
Metrics/racket_target/time_to_strike: 0.8888
Metrics/racket_target/return_success: 0.0097
Metrics/racket_target/prev_return_success: 0.0097
Metrics/racket_target/prev_net_cross: 0.5849
Metrics/racket_target/current_net_cross: 0.0182
Metrics/racket_target/racket_pos_curriculum_scale: 1.0000
Metrics/racket_target/impact_inverse_command_blend: 0.0000
Metrics/racket_target/steps_since_target_resample: 29.8590
Metrics/racket_target/recovery_height_error: 0.0368
Metrics/racket_target/recovery_upright_error: 0.1344
Metrics/racket_target/recovery_base_lin_vel: 0.2062
Metrics/racket_target/recovery_base_ang_vel: 0.9753
Metrics/racket_target/recovery_station_error: 0.0829
Metrics/racket_target/recovery_feet_contact_frac: 0.9821
Metrics/racket_target/recovery_racket_speed: 1.6855
Metrics/racket_target/recovery_height_score: 0.8877
Metrics/racket_target/recovery_upright_score: 0.8029
Metrics/racket_target/recovery_lin_vel_score: 0.6634
Metrics/racket_target/recovery_ang_vel_score: 0.3184
Metrics/racket_target/recovery_station_score: 0.8593
Metrics/racket_target/recovery_racket_score: 0.0654
Metrics/racket_target/recovery_arm_score: 0.5875
Metrics/racket_target/recovery_ready_score: 0.6893
Metrics/racket_target/recovery_anchor_arm_score: 1.0000
Metrics/racket_target/recovery_core_ready_score: 0.5808
Metrics/racket_target/recovery_functional_ready_score: 0.4929
Metrics/racket_target/waist_action_overflow_rms: 0.0000
Metrics/racket_target/right_arm_action_overflow_rms: 0.0013
Metrics/racket_target/leg_action_overflow_rms: 0.0104
Metrics/racket_target/operational_margin_fraction: 0.0058
Metrics/racket_target/waist_operational_margin_fraction: 0.0012
Metrics/racket_target/right_arm_operational_margin_fraction: 0.0006
Metrics/racket_target/leg_operational_margin_fraction: 0.0144
Metrics/racket_target/waist_operational_excess_rms: 0.0001
Metrics/racket_target/right_arm_operational_excess_rms: 0.0002
Metrics/racket_target/leg_operational_excess_rms: 0.0066
Metrics/racket_target/q_des_velocity_violation_fraction: 0.0723
Metrics/racket_target/waist_q_des_velocity_violation_fraction: 0.0012
Metrics/racket_target/right_arm_q_des_velocity_violation_fraction: 0.1092
Metrics/racket_target/leg_q_des_velocity_violation_fraction: 0.0891
Metrics/racket_target/q_des_acceleration_violation_fraction: 0.6890
Metrics/racket_target/waist_q_des_acceleration_violation_fraction: 0.6134
Metrics/racket_target/right_arm_q_des_acceleration_violation_fraction: 0.8122
Metrics/racket_target/leg_q_des_acceleration_violation_fraction: 0.7387
Metrics/racket_target/waist_q_des_velocity_rms: 3.5984
Metrics/racket_target/right_arm_q_des_velocity_rms: 8.8061
Metrics/racket_target/leg_q_des_velocity_rms: 6.6530
Metrics/racket_target/waist_q_des_acceleration_rms: 284.6866
Metrics/racket_target/right_arm_q_des_acceleration_rms: 755.3019
Metrics/racket_target/leg_q_des_acceleration_rms: 572.1823
Metrics/racket_target/action_operational_feasibility_score: 0.9281
Metrics/racket_target/actuator_overflow_consecutive_steps: 0.0000
Metrics/racket_target/actuator_overflow_severe: 0.0000
Metrics/racket_target/recovery_phase_gate: 0.4759
Metrics/racket_target/recovery_phase_ready_score: 0.3020
Metrics/racket_target/recovery_contact_ready_score: 0.0116
Metrics/racket_target/recovery_net_ready_score: 0.0080
Metrics/racket_target/recovery_return_ready_score: 0.0000
Metrics/racket_target/cycle_success_ready_score: 0.0000
Metrics/racket_target/cycle_success_soft: 0.0000
Metrics/racket_target/cycle_success_binary: 0.0000
Metrics/racket_target/cycle_v2_pending: 0.0000
Metrics/racket_target/cycle_v2_attempt_latch: 0.0000
Metrics/racket_target/cycle_v2_ready_success_latch: 0.0000
Metrics/racket_target/cycle_v2_ready_fail_latch: 0.0000
Metrics/racket_target/cycle_v2_attempt_event: 0.0000
Metrics/racket_target/cycle_v2_ready_success_event: 0.0000
Metrics/racket_target/cycle_v2_ready_fail_event: 0.0000
Metrics/racket_target/cycle_v2_unresolved_resample_fail_event: 0.0000
Metrics/racket_target/cycle_v2_resolved_event: 0.0000
Metrics/racket_target/cycle_v2_command_visible_steps: 0.0000
Metrics/racket_target/cycle_v2_elapsed_steps: 0.0000
Metrics/racket_target/cycle_v2_ready_score: 0.0000
Metrics/racket_target/cycle_v2_ready_ok: 0.0000
Metrics/racket_target/cycle_v2_visible: 0.0000
Metrics/racket_target/cycle_v2_ready_score_ok: 0.0000
Metrics/racket_target/cycle_v2_height_ok: 0.0000
Metrics/racket_target/cycle_v2_upright_ok: 0.0000
Metrics/racket_target/cycle_v2_base_lin_vel_ok: 0.0000
Metrics/racket_target/cycle_v2_base_ang_vel_ok: 0.0000
Metrics/racket_target/cycle_v2_feet_ok: 0.0000
Metrics/racket_target/cycle_v2_core_ready_ok: 0.0000
Metrics/racket_target/cycle_v2_ready_consecutive_steps: 0.0000
Metrics/racket_target/single_cycle_bootstrap: 0.0000
Metrics/racket_target/single_cycle_swing_completed: 0.0000
Metrics/racket_target/single_cycle_recovery_active: 0.0000
Metrics/racket_target/single_cycle_recovery_elapsed_steps: 0.0000
Metrics/racket_target/single_cycle_ready_consecutive_steps: 0.0000
Metrics/racket_target/single_cycle_safe_timeout_event: 0.0000
Metrics/racket_target/single_cycle_deadline_timeout_event: 0.0000
Metrics/racket_target/single_cycle_timeout_latch: 0.0000
Metrics/racket_target/single_cycle_hard_failure_event: 0.0000
Metrics/racket_target/single_cycle_probability: 0.0000
Metrics/racket_target/single_cycle_curriculum_level: 0.0000
Metrics/racket_target/single_cycle_effective_deadline_steps: 100.0000
Metrics/racket_target/single_cycle_selected_events: 0.0000
Metrics/racket_target/single_cycle_completed_events: 0.0000
Metrics/racket_target/single_cycle_safe_timeout_events: 0.0000
Metrics/racket_target/single_cycle_deadline_timeout_events: 0.0000
Metrics/racket_target/single_cycle_hard_failure_events: 0.0000
Metrics/racket_target/active_ready_consecutive_steps: 0.0000
Metrics/racket_target/active_ready_success_event: 0.0000
Metrics/racket_target/active_ready_success_latch: 0.0000
Metrics/racket_target/active_ready_survival_steps: 0.0000
Metrics/racket_target/active_ready_survival_next_milestone: 0.0000
Metrics/racket_target/active_ready_survival_milestone_event: 0.0000
Metrics/racket_target/no_command_ready_active: 0.0166
Metrics/racket_target/no_command_from_stand_episode: 0.0114
Metrics/racket_target/no_command_from_default_stand_reset: 0.0114
Metrics/racket_target/no_command_ready_upright_ok: 0.0122
Metrics/racket_target/no_command_ready_motion_ok: 0.0000
Metrics/racket_target/no_command_ready_score: 0.0075
Metrics/racket_target/no_command_ready_progress: -0.0054
Metrics/racket_target/no_command_ready_station_error: 0.0031
Metrics/racket_target/no_command_ready_fixed_station_error: 0.0031
Metrics/racket_target/healthy_training_stage: 3.0000
Metrics/racket_target/healthy_stage_planted_rehearsal: 0.0000
Metrics/racket_target/healthy_stage_station_hold_seen: 0.0000
Metrics/racket_target/healthy_stage_station_arrived: 0.0000
Metrics/racket_target/healthy_stage_station_settled: 0.0000
Metrics/racket_target/healthy_stage_station_settle_steps: 0.0000
Metrics/racket_target/station_relocation_active: 0.0000
Metrics/racket_target/station_relocation_target_offset_y: 0.0000
Metrics/racket_target/station_relocation_error: 0.0000
Metrics/racket_target/station_relocation_arrival_event: 0.0000
Metrics/racket_target/station_relocation_settle_event: 0.0000
Metrics/racket_target/station_relocation_release_event: 0.0000
Metrics/racket_target/station_relocation_timeout_event: 0.0000
Metrics/racket_target/station_relocation_elapsed_steps: 0.0000
Metrics/racket_target/station_relocation_hold_deadline_steps: 0.0000
Metrics/racket_target/lifecycle_recovery_hold_active: 0.0000
Metrics/racket_target/lifecycle_recovery_release_success_event: 0.0000
Metrics/racket_target/lifecycle_recovery_release_fail_event: 0.0000
Metrics/racket_target/station_relocation_level: 0.0000
Metrics/racket_target/station_relocation_arrival_ema: 0.0000
Metrics/racket_target/station_relocation_settle_ema: 0.0000
Metrics/racket_target/station_relocation_contact_ema: 0.0000
Metrics/racket_target/station_relocation_safety_ema: 0.0000
Metrics/racket_target/station_relocation_resolved_events: 0.0000
Metrics/racket_target/station_relocation_terminal_reset_events: 0.0000
Metrics/racket_target/station_relocation_advance_streak: 0.0000
Metrics/racket_target/station_relocation_regress_streak: 0.0000
Metrics/racket_target/station_relocation_effective_max_lin_vel: 0.0000
Metrics/racket_target/station_relocation_effective_max_ang_vel: 0.0000
Metrics/racket_target/station_relocation_effective_min_settle_steps: 0.0000
Metrics/racket_target/ability_curriculum_level: 0.0000
Metrics/racket_target/ability_curriculum_scale: 1.0000
Metrics/racket_target/ability_curriculum_resolved_events: 1359.4375
Metrics/racket_target/ability_curriculum_total_resolved_events: 1359.4375
Metrics/racket_target/ability_curriculum_advance_streak: 0.0000
Metrics/racket_target/ability_curriculum_regress_streak: 0.0000
Metrics/racket_target/ability_contact_ema: 0.6666
Metrics/racket_target/ability_net_ema: 0.6538
Metrics/racket_target/ability_success_ema: 0.0078
Metrics/racket_target/ability_recovery_ema: 0.8045
Metrics/racket_target/ability_cycle_ema: 0.0078
Metrics/racket_target/ability_cycle_attempt_ema: 0.0078
Metrics/racket_target/ability_cycle_resolved_ema: 0.0023
Metrics/racket_target/ability_forehand_contact_ema: 0.6771
Metrics/racket_target/ability_forehand_net_ema: 0.6553
Metrics/racket_target/ability_forehand_success_ema: 0.0056
Metrics/racket_target/ability_backhand_contact_ema: 0.6750
Metrics/racket_target/ability_backhand_net_ema: 0.6728
Metrics/racket_target/ability_backhand_success_ema: 0.0095
Metrics/racket_target/ability_attempt_ema: 0.9998
Metrics/racket_target/ability_targeted_attempt_ema: 0.9996
Metrics/racket_target/impact_health_floor_progress: 0.0000
Metrics/racket_target/ability_safety_ema: 0.9636
Metrics/racket_target/ability_station_saturation_ema: 0.0000
Metrics/racket_target/ability_healthy_normal_ema: 0.9998
Metrics/racket_target/ability_station_arrival_ema: 0.0000
Metrics/racket_target/ability_station_settle_ema: 0.0000
Metrics/racket_target/safe_outcome_capability_gate: 0.6973
Metrics/racket_target/planner_hit_plane_blend: 1.0000
Metrics/racket_target/planner_hit_plane_x_delta: 0.0370
Metrics/racket_target/true_strike_table_x: 0.2000
Metrics/racket_target/planner_target_table_x: 0.2000
Metrics/racket_target/workspace_level: 0.0000
Metrics/racket_target/workspace_fringe_sample: 0.0000
Metrics/racket_target/workspace_target_lateral_norm: 0.2859
Metrics/racket_target/workspace_target_table_y: -0.2065
Metrics/racket_target/workspace_playable_y_min: -0.7225
Metrics/racket_target/workspace_playable_y_max: 0.7225
Metrics/racket_target/workspace_active_y_lo: -0.2702
Metrics/racket_target/workspace_active_y_hi: -0.1392
Metrics/racket_target/workspace_motion_seed_blend: 0.0000
Metrics/racket_target/planner_perturb_curriculum_scale: 1.0000
Metrics/racket_target/incoming_ball_horizontal_speed: 2.2308
Metrics/racket_target/incoming_ball_speed: 4.6209
Metrics/racket_target/incoming_ball_speed_curriculum_level: 0.0000
Metrics/racket_target/incoming_ball_speed_sample_low: 0.0000
Metrics/racket_target/incoming_ball_speed_sample_high: 0.0000
Metrics/racket_target/station_saturated: 0.0000
Metrics/racket_target/station_raw_clip_excess: 0.0000
Metrics/racket_target/station_saturated_x: 0.0000
Metrics/racket_target/station_saturated_y: 0.0000
Metrics/racket_target/station_raw_clip_excess_x: 0.0000
Metrics/racket_target/station_raw_clip_excess_y: 0.0000
Metrics/racket_target/current_swing_opportunity: 0.0538
Metrics/racket_target/current_swing_attempt: 0.0538
Metrics/racket_target/current_swing_targeted_attempt: 0.0538
Metrics/racket_target/prev_swing_targeted_attempt: 0.9181
Metrics/racket_target/current_swing_unsafe: 0.0253
Metrics/racket_target/current_swing_station_saturated: 0.0000
Metrics/racket_target/impact_health_score: 0.8844
Metrics/racket_target/impact_health_ok: 0.9146
Metrics/racket_target/impact_health_backlean_violation: 0.0097
Metrics/racket_target/impact_health_waist_backfold: 0.0000
Metrics/racket_target/impact_health_base_retreat: 0.0112
Metrics/racket_target/impact_health_torso_gravity_x: 0.3512
Metrics/racket_target/impact_health_torso_ang_vel: 0.5038
Metrics/racket_target/impact_health_com_x: 0.0506
Metrics/racket_target/impact_health_com_y: 0.0328
Metrics/racket_target/post_contact_ready_pending: 0.0000
Metrics/racket_target/post_contact_ready_elapsed_steps: 0.0859
Metrics/racket_target/post_contact_ready_consecutive_steps: 0.0000
Metrics/racket_target/post_contact_ready_diagnostic_pending: 0.0104
Metrics/racket_target/post_contact_ready_diagnostic_elapsed_steps: 1.0052
Metrics/racket_target/post_contact_ready_durable_pending: 0.0104
Metrics/racket_target/post_contact_ready_durable_consecutive_steps: 0.0000
Metrics/racket_target/post_contact_ready_durable_ready_now: 0.0000
Metrics/racket_target/post_contact_ready_durable_success_event: 0.0000
Metrics/racket_target/post_contact_ready_durable_fail_event: 0.0000
Metrics/racket_target/post_contact_ready_durable_resolution_success_rate: 0.1835
Metrics/racket_target/post_contact_ready_durable_resolution_fail_rate: 0.7435
Metrics/racket_target/post_contact_ready_durable_resolution_success_latency_steps: 35.0000
Metrics/racket_target/post_contact_ready_durable_resolution_fail_latency_steps: 33.5366
Metrics/racket_target/post_contact_ready_durable_fail_backlean_rate: 0.0529
Metrics/racket_target/post_contact_ready_durable_fail_forward_lean_rate: 0.9121
Metrics/racket_target/post_contact_ready_durable_fail_torso_ang_vel_rate: 0.0529
Metrics/racket_target/post_contact_ready_durable_fail_base_lin_vel_rate: 0.0530
Metrics/racket_target/post_contact_ready_durable_fail_base_ang_vel_rate: 0.3838
Metrics/racket_target/post_contact_ready_durable_fail_racket_speed_rate: 0.0529
Metrics/racket_target/post_contact_ready_durable_fail_height_rate: 0.0529
Metrics/racket_target/post_contact_ready_durable_fail_com_x_rate: 0.0566
Metrics/racket_target/post_contact_ready_durable_fail_com_y_rate: 0.0529
Metrics/racket_target/post_contact_ready_durable_fail_feet_rate: 0.0529
Metrics/racket_target/post_contact_ready_durable_fail_station_rate: 0.0530
Metrics/racket_target/post_contact_ready_durable_fail_arm_rate: 0.0529
Metrics/racket_target/post_contact_ready_terminal_window_active: 0.0000
Metrics/racket_target/post_contact_ready_terminal_quality: 0.0099
Metrics/racket_target/post_contact_ready_terminal_settlement_event: 0.0000
Metrics/racket_target/post_contact_ready_operational_ready_now: 0.0000
Metrics/racket_target/post_contact_ready_operational_consecutive_steps: 0.0000
Metrics/racket_target/post_contact_ready_safe_settlement_event: 0.0000
Metrics/racket_target/post_contact_ready_unsafe_settlement_event: 0.0000
Metrics/racket_target/post_contact_ready_incomplete_settlement_event: 0.0000
Metrics/racket_target/post_contact_ready_safe_net_cycle_event: 0.0000
Metrics/racket_target/post_contact_ready_terminal_quality_mean: 0.9163
Metrics/racket_target/post_contact_ready_safe_terminal_quality_mean: 0.9259
Metrics/racket_target/post_contact_ready_terminal_safe_rate: 0.6957
Metrics/racket_target/post_contact_ready_terminal_unsafe_rate: 0.0314
Metrics/racket_target/post_contact_ready_terminal_incomplete_rate: 0.2729
Metrics/racket_target/post_contact_ready_safe_net_cycle_rate: 0.6790
Metrics/racket_target/post_contact_ready_score: 0.7869
Metrics/racket_target/post_contact_ready_now: 0.0000
Metrics/racket_target/post_contact_ready_success_event: 0.0000
Metrics/racket_target/post_contact_ready_fail_event: 0.0000
Metrics/racket_target/post_contact_ready_outcome_tier: -0.9531
Metrics/racket_target/post_contact_ready_face_quality: 0.0184
Metrics/racket_target/post_contact_ready_safe_face_net_cycle_value: 0.0000
Metrics/racket_target/post_contact_ready_planner_speed_ratio: 0.0193
Metrics/racket_target/post_contact_ready_planner_direction_error_rad: 0.0122
Metrics/racket_target/post_contact_ready_planner_position_error: 0.0021
Metrics/racket_target/post_contact_ready_impact_health_score: 0.0251
Metrics/racket_target/post_contact_ready_peak_base_ang_vel: 0.0336
Metrics/racket_target/post_contact_ready_peak_ang_vel_excess_increment: 0.0000
Metrics/racket_target/post_contact_ready_envelope_violation_latch: 0.0104
Metrics/racket_target/post_contact_ready_envelope_violation_event: 0.0000
Metrics/racket_target/post_contact_ready_envelope_first_violation_step: -0.7917
Metrics/racket_target/post_contact_ready_envelope_attempts: 1500.0000
Metrics/racket_target/post_contact_ready_envelope_violation_rate: 0.0344
Metrics/racket_target/post_contact_ready_envelope_tilt_violation_rate: 0.0000
Metrics/racket_target/post_contact_ready_envelope_pitch_violation_rate: 0.0000
Metrics/racket_target/post_contact_ready_envelope_com_violation_rate: 0.0003
Metrics/racket_target/post_contact_ready_envelope_waist_violation_rate: 0.0000
Metrics/racket_target/post_contact_ready_envelope_leg_violation_rate: 0.0000
Metrics/racket_target/post_contact_ready_envelope_base_ang_vel_violation_rate: 0.0341
Metrics/racket_target/post_contact_ready_resolution_success_rate: 0.9771
Metrics/racket_target/post_contact_ready_resolution_fail_rate: 0.0120
Metrics/racket_target/post_contact_ready_resolution_success_latency_steps: 5.0339
Metrics/racket_target/post_contact_ready_resolution_fail_latency_steps: 15.1111
Metrics/racket_target/post_contact_ready_max_tilt: 0.0072
Metrics/racket_target/post_contact_ready_max_abs_pitch: 0.0059
Metrics/racket_target/post_contact_ready_max_com_x: 0.0058
Metrics/racket_target/post_contact_ready_max_com_y: 0.0028
Metrics/racket_target/post_contact_ready_max_waist_overflow: 0.0000
Metrics/racket_target/post_contact_ready_max_leg_overflow: 0.0038
Metrics/racket_target/post_contact_ready_settlement_velocity_score_ema: 0.6818
Metrics/racket_target/post_contact_ready_settlement_position_gate_ema: 0.7893
Metrics/racket_target/post_contact_ready_settlement_health_gate_ema: 0.9768
Metrics/racket_target/post_contact_ready_settlement_recovery_gate_ema: 0.4400
Metrics/racket_target/post_contact_ready_settlement_total_score_ema: 0.2371
Metrics/racket_target/post_contact_recovery_backlean_error: 0.0601
Metrics/racket_target/post_contact_recovery_directional_progress: 0.0000
Metrics/racket_target/post_contact_ready_torso_ok: 0.2153
Metrics/racket_target/post_contact_ready_motion_ok: 0.7289
Metrics/racket_target/post_contact_ready_support_ok: 0.9112
Metrics/racket_target/post_contact_ready_arm_ok: 1.0000
Metrics/racket_target/post_contact_ready_base_lin_vel_ok: 0.9067
Metrics/racket_target/post_contact_ready_base_ang_vel_ok: 0.8088
Metrics/racket_target/post_contact_ready_racket_speed_ok: 0.9210
Metrics/racket_target/post_contact_ready_height_ok: 0.9799
Metrics/racket_target/post_contact_ready_com_x_ok: 0.9250
Metrics/racket_target/post_contact_ready_com_y_ok: 0.9747
Metrics/racket_target/post_contact_ready_feet_ok: 0.9896
Metrics/racket_target/post_contact_ready_station_ok: 0.9156
Metrics/racket_target/post_contact_ready_fail_torso: 0.0000
Metrics/racket_target/post_contact_ready_fail_base_lin_vel: 0.0000
Metrics/racket_target/post_contact_ready_fail_base_ang_vel: 0.0000
Metrics/racket_target/post_contact_ready_fail_racket_speed: 0.0000
Metrics/racket_target/post_contact_ready_fail_support: 0.0000
Metrics/racket_target/post_contact_ready_fail_arm: 0.0000
Metrics/racket_target/post_contact_ready_shadow_now: 0.0000
Metrics/racket_target/post_contact_ready_shadow_consecutive_steps: 0.0000
Metrics/racket_target/post_contact_ready_shadow_success_latch: 0.0000
Metrics/racket_target/post_contact_ready_curriculum_level: 0.0000
Metrics/racket_target/post_contact_ready_curriculum_fraction: 1.0000
Metrics/racket_target/post_contact_ready_curriculum_success_ema: 0.0000
Metrics/racket_target/post_contact_ready_curriculum_shadow_success_ema: 0.0000
Metrics/racket_target/post_contact_ready_curriculum_resolved_events: 0.0000
Metrics/racket_target/post_contact_ready_curriculum_successful_events: 0.0000
Metrics/racket_target/post_contact_ready_curriculum_targeted_attempt_ema: 0.0000
Metrics/racket_target/post_contact_ready_curriculum_return_success_ema: 0.0000
Metrics/racket_target/post_contact_ready_curriculum_completed_swings: 0.0000
Metrics/racket_target/post_contact_ready_curriculum_advance_streak: 0.0000
Metrics/racket_target/post_contact_ready_curriculum_advance_guard_ok: 0.0000
Metrics/racket_target/post_contact_ready_effective_max_torso_ang_vel: 1.5000
Metrics/racket_target/post_contact_ready_effective_torso_x_min: -0.1200
Metrics/racket_target/post_contact_ready_effective_torso_x_max: 0.3200
Metrics/racket_target/post_contact_ready_effective_max_base_lin_vel: 0.4500
Metrics/racket_target/post_contact_ready_effective_max_base_ang_vel: 1.3000
Metrics/racket_target/post_contact_ready_effective_max_racket_speed: 3.0000
Metrics/racket_target/post_contact_ready_effective_min_feet_contact: 0.5000
Metrics/racket_target/post_contact_ready_effective_required_consecutive_steps: 3.0000
Metrics/racket_target/post_contact_ready_effective_deadline_steps: 40.0000
Metrics/racket_target/post_contact_ready_curriculum_advance_threshold: 1.0000
Metrics/racket_target/post_contact_ready_curriculum_advance_min_events: 0.0000
Metrics/racket_target/post_contact_ready_curriculum_shadow_threshold: 1.0000
Metrics/racket_target/post_contact_ready_curriculum_min_targeted_attempt_ema: 0.0000
Metrics/racket_target/post_contact_ready_curriculum_min_return_success_ema: 0.0000
Metrics/racket_target/post_contact_ready_curriculum_min_completed_swings: 1.0000
Metrics/racket_target/post_contact_ready_curriculum_required_advance_checks: 1.0000
Metrics/racket_target/racket_normal_error_deg: 56.5145
Metrics/racket_target/impact_normal_error_deg: 0.6154
Metrics/racket_target/impact_racket_vel_error_mps: 0.5922
Metrics/racket_target/impact_racket_speed_ratio: 0.9296
Metrics/racket_target/impact_racket_vel_angle_deg: 14.0315
Metrics/racket_target/impact_racket_actual_vel_x: 1.0285
Metrics/racket_target/impact_racket_actual_vel_y: 0.0995
Metrics/racket_target/impact_racket_actual_vel_z: 1.3464
Metrics/racket_target/impact_racket_target_vel_x: 1.2370
Metrics/racket_target/impact_racket_target_vel_y: -0.0204
Metrics/racket_target/impact_racket_target_vel_z: 1.3580
Metrics/racket_target/impact_ball_out_error_mps: 4.5500
Metrics/racket_target/impact_face_radial_error_m: 0.0504
Metrics/racket_target/impact_face_normal_gap_m: 0.0555
Metrics/racket_target/impact_face_quality: 0.7628
Metrics/racket_target/impact_center_contact: 0.0000
Metrics/racket_target/impact_center_net_cross: 0.0000
Metrics/racket_target/impact_center_on_opponent: 0.0000
Metrics/racket_target/impact_rim_contact: 0.0000
Metrics/racket_target/impact_rim_net_cross: 0.0000
Metrics/racket_target/impact_rim_on_opponent: 0.0000
Metrics/racket_target/impact_analytic_outer_contact: 0.0000
Metrics/racket_target/impact_analytic_outer_net_cross: 0.0000
Metrics/racket_target/impact_analytic_outer_on_opponent: 0.0000
Metrics/racket_target/impact_planner_pos_error_m: 0.0813
Metrics/racket_target/impact_planner_vel_error_mps: 0.5922
Metrics/racket_target/impact_planner_speed_ratio: 0.9296
Metrics/racket_target/impact_planner_vel_angle_deg: 14.0315
Metrics/racket_target/impact_healthy_normal_ok: 0.0000
Metrics/racket_target/impact_healthy_contact: 0.0000
Metrics/racket_target/impact_healthy_net_cross: 0.0000
Metrics/racket_target/impact_healthy_on_opponent: 0.0000
Metrics/racket_target/current_swing_impact_health_score: 0.0251
Metrics/racket_target/current_swing_healthy_contact: 0.0286
Metrics/racket_target/current_swing_healthy_net_cross: 0.0182
Metrics/racket_target/current_swing_healthy_on_opponent: 0.0000
Metrics/racket_target/current_swing_healthy_normal_ok: 0.0538
Metrics/racket_target/current_swing_contact: 0.0286
Metrics/racket_target/current_swing_net_cross: 0.0182
Metrics/racket_target/current_swing_on_opponent: 0.0000
Metrics/racket_target/current_swing_center_contact: 0.0000
Metrics/racket_target/current_swing_center_net_cross: 0.0000
Metrics/racket_target/current_swing_center_on_opponent: 0.0000
Metrics/racket_target/current_swing_rim_contact: 0.0234
Metrics/racket_target/current_swing_rim_net_cross: 0.0130
Metrics/racket_target/current_swing_rim_on_opponent: 0.0000
Metrics/racket_target/current_swing_analytic_outer_contact: 0.0052
Metrics/racket_target/current_swing_analytic_outer_net_cross: 0.0052
Metrics/racket_target/current_swing_analytic_outer_on_opponent: 0.0000
Metrics/racket_target/cycle_v2_outcome_tier: -1.0000
Metrics/racket_target/cycle_v2_streak: 0.0000
Metrics/racket_target/closed_loop_recovery_trigger_event: 0.0000
Metrics/racket_target/closed_loop_cycle_success_event: 0.0000
Metrics/racket_target/closed_loop_durable_cycle_success_event: 0.0000
Metrics/racket_target/closed_loop_phase_id: 1.0372
Metrics/racket_target/closed_loop_phase_ready_no_command: 0.0166
Metrics/racket_target/closed_loop_phase_command_acquire: 0.9296
Metrics/racket_target/closed_loop_phase_pre_strike: 0.0538
Metrics/racket_target/closed_loop_phase_strike: 0.0000
Metrics/racket_target/closed_loop_phase_follow_through: 0.0000
Metrics/racket_target/closed_loop_phase_recovery: 0.0000
Metrics/racket_target/closed_loop_phase_next_ready: 0.0000
Metrics/racket_target/post_contact_phase_impact_0_100ms_attempts: 1500.0000
Metrics/racket_target/post_contact_phase_impact_0_100ms_tilt_gt_0p1_rate: 1.0000
Metrics/racket_target/post_contact_phase_impact_0_100ms_pitch_gt_0p1_rate: 1.0000
Metrics/racket_target/post_contact_phase_impact_0_100ms_waist_overflow_gt_1p0_rate: 0.0000
Metrics/racket_target/post_contact_phase_impact_0_100ms_base_ang_vel_gt_0p8_rate: 0.9906
Metrics/racket_target/post_contact_phase_brake_100_300ms_attempts: 1470.3750
Metrics/racket_target/post_contact_phase_brake_100_300ms_tilt_gt_0p1_rate: 0.9993
Metrics/racket_target/post_contact_phase_brake_100_300ms_pitch_gt_0p1_rate: 0.9987
Metrics/racket_target/post_contact_phase_brake_100_300ms_waist_overflow_gt_1p0_rate: 0.0000
Metrics/racket_target/post_contact_phase_brake_100_300ms_base_ang_vel_gt_0p8_rate: 0.9977
Metrics/racket_target/post_contact_phase_settle_300_600ms_attempts: 1415.6250
Metrics/racket_target/post_contact_phase_settle_300_600ms_tilt_gt_0p1_rate: 0.7591
Metrics/racket_target/post_contact_phase_settle_300_600ms_pitch_gt_0p1_rate: 0.6896
Metrics/racket_target/post_contact_phase_settle_300_600ms_waist_overflow_gt_1p0_rate: 0.0000
Metrics/racket_target/post_contact_phase_settle_300_600ms_base_ang_vel_gt_0p8_rate: 0.9905
Metrics/racket_target/post_contact_phase_ready_after_600ms_attempts: 1327.6562
Metrics/racket_target/post_contact_phase_ready_after_600ms_tilt_gt_0p1_rate: 0.4724
Metrics/racket_target/post_contact_phase_ready_after_600ms_pitch_gt_0p1_rate: 0.3560
Metrics/racket_target/post_contact_phase_ready_after_600ms_waist_overflow_gt_1p0_rate: 0.0000
Metrics/racket_target/post_contact_phase_ready_after_600ms_base_ang_vel_gt_0p8_rate: 0.9418
Metrics/racket_target/base_pitch_like_signed: 0.0019
Metrics/racket_target/base_backward_velocity: 0.0226
Metrics/racket_target/waist_action_rms: 0.6336
Metrics/racket_target/right_arm_action_rms: 3.8776
Metrics/racket_target/leg_action_rms: 0.5320
Metrics/racket_target/action_abs_max: 7.6196
Metrics/racket_target/applied_action_abs_max: 7.5605
Metrics/racket_target/leg_action_abs_max: 1.0175
Metrics/racket_target/effective_action_abs_max: 7.5605
Metrics/racket_target/action_clamp_fraction: 0.0037
Metrics/racket_target/waist_action_clamp_fraction: 0.0000
Metrics/racket_target/right_arm_action_clamp_fraction: 0.0006
Metrics/racket_target/leg_action_clamp_fraction: 0.0092
Metrics/racket_target/waist_q_tracking_error_rms: 0.3452
Metrics/racket_target/right_arm_q_tracking_error_rms: 0.1780
Metrics/racket_target/leg_q_tracking_error_rms: 0.1979
Metrics/racket_target/waist_torque_clip_fraction: 0.0000
Metrics/racket_target/right_arm_torque_clip_fraction: 0.0000
Metrics/racket_target/leg_torque_clip_fraction: 0.0000
Metrics/racket_target/waist_action_delta_rms: 0.1563
Metrics/racket_target/right_arm_action_delta_rms: 0.9417
Metrics/racket_target/leg_action_delta_rms: 0.2521
Metrics/racket_target/waist_joint_vel_rms: 0.6595
Metrics/racket_target/right_arm_joint_vel_rms: 1.6088
Metrics/racket_target/leg_joint_vel_rms: 0.6869
Metrics/racket_target/recovery_leg_action_abs_max: 0.4874
Metrics/racket_target/recovery_leg_action_delta_rms: 0.1208
Metrics/racket_target/recovery_leg_joint_vel_rms: 0.3521
      Episode_Termination/time_out: 4.3125
  Episode_Termination/base_too_low: 0.0312
   Episode_Termination/base_tilted: 0.0938
   Episode_Termination/table_touch: 0.3750
Episode_Termination/persistent_action_overflow: 0.0000
--------------------------------------------------------------------------------
                   Total timesteps: 393216
                    Iteration time: 2.48s
                      Time elapsed: 00:00:14
                               ETA: 00:00:37

################################################################################
                     [1m Learning iteration 1806/1820 [0m                     

                       Computation: 25396 steps/s (collection: 2.565s, learning 0.015s)
             Mean action noise std: 0.45
          Mean value_function loss: 0.1351
               Mean surrogate loss: 0.0000
                 Mean entropy loss: 2.8121
      Mean critic_only_warmup loss: 1.0000
                       Mean reward: 5.70
               Mean episode length: 201.41
 Episode_Reward/undesired_contacts: 0.0000
  Episode_Reward/feet_contact_slip: -0.0014
     Episode_Reward/table_no_touch: -0.0012
              Episode_Reward/alive: 0.0040
            Episode_Reward/upright: -0.0035
          Episode_Reward/imitation: 0.1618
    Episode_Reward/racket_position: 0.0247
Episode_Reward/backhand_racket_position: 0.0105
    Episode_Reward/racket_velocity: 0.0161
Episode_Reward/planner_racket_task_space_crossfade: 0.1040
Episode_Reward/exact_impact_planner_task_space_alignment: 0.0021
    Episode_Reward/blade_direction: 0.0148
Episode_Reward/health_gated_soft_ball_contact: 0.0158
Episode_Reward/health_gated_backhand_soft_ball_contact: 0.0096
Episode_Reward/health_gated_ball_contact: 0.0025
Episode_Reward/healthy_trunk_support: 0.0291
Episode_Reward/targeted_strike_attempt: 0.0037
  Episode_Reward/strike_inactivity: 0.0000
 Episode_Reward/pre_strike_station: 0.0354
    Episode_Reward/recovery_health: 0.0211
Episode_Reward/no_command_ready_stability: 0.0010
Episode_Reward/post_strike_base_ang_vel: 0.0038
Episode_Reward/phase_action_overflow: -0.0001
     Episode_Reward/strike_balance: 0.0103
Episode_Reward/prestrike_station_progress: 0.0074
 Episode_Reward/lower_body_support: 0.0151
Episode_Reward/termination_penalty: -0.0246
Episode_Reward/phase_action_rate_waist: -0.0001
Episode_Reward/phase_action_rate_upper: -0.0026
Episode_Reward/phase_action_rate_legs: -0.0001
        Episode_Reward/joint_limit: -0.0152
Episode_Reward/prestrike_racket_progress: 0.1061
Episode_Reward/near_impact_planner_velocity_progress: 0.0148
Episode_Reward/operational_joint_margin: -0.0074
  Episode_Reward/joint_target_slew: -0.0136
Episode_Reward/actuator_waist_feasibility: -0.0000
Episode_Reward/actuator_right_arm_feasibility: -0.0000
Episode_Reward/actuator_leg_feasibility: -0.0000
Episode_Reward/terminal_quality_window: 0.0004
Episode_Reward/safe_terminal_quality: 0.0006
Episode_Reward/unsafe_terminal_recovery: -0.0000
Episode_Reward/capability_gated_safe_terminal_outcome: 0.0042
Episode_Reward/targeted_contact_miss: -0.0013
    Metrics/motion/error_joint_pos: 1.4241
    Metrics/motion/error_joint_vel: 5.4807
     Metrics/motion/error_body_pos: 0.1320
     Metrics/motion/error_body_rot: 0.6215
       Metrics/motion/motion_phase: 0.2616
            Metrics/motion/in_hold: 0.0286
Metrics/motion/motion_start_warmup_prob: 0.8000
Metrics/motion/motion_start_lifecycle_progress: 0.0000
Metrics/motion/motion_start_effective_prestrike_fraction: 1.0000
Metrics/motion/motion_start_effective_recovery_fraction: 0.0000
Metrics/motion/motion_start_effective_rsi_fraction: 0.0000
 Metrics/motion/motion_start_reset: 0.0271
Metrics/motion/motion_start_prestrike_reset: 0.0000
Metrics/motion/motion_start_recovery_reset: 0.0000
Metrics/motion/motion_start_rsi_reset: 0.0000
 Metrics/motion/single_cycle_reset: 0.0000
     Metrics/motion/motion_clip_id: 0.6386
Metrics/motion/motion_supplemental_clip: 0.0000
      Metrics/motion/stand_episode: 0.0247
Metrics/motion/default_stand_reset: 0.0769
Metrics/motion/error_body_pos_lower: 0.1514
Metrics/motion/error_body_rot_lower: 0.7169
Metrics/motion/error_body_lin_vel_lower: 0.1874
Metrics/motion/error_body_ang_vel_lower: 0.8853
Metrics/motion/reference_body_lin_speed_lower: 0.0191
Metrics/motion/robot_body_lin_speed_lower: 0.1830
Metrics/motion/error_body_pos_core: 0.0647
Metrics/motion/error_body_rot_core: 0.3715
Metrics/motion/error_body_lin_vel_core: 0.3339
Metrics/motion/error_body_ang_vel_core: 1.2628
Metrics/motion/reference_body_lin_speed_core: 0.0211
Metrics/motion/robot_body_lin_speed_core: 0.3326
Metrics/motion/error_body_pos_upper: 0.1350
Metrics/motion/error_body_rot_upper: 0.6094
Metrics/motion/error_body_lin_vel_upper: 0.8760
Metrics/motion/error_body_ang_vel_upper: 2.4221
Metrics/motion/reference_body_lin_speed_upper: 0.0677
Metrics/motion/robot_body_lin_speed_upper: 0.8991
Metrics/motion/error_joint_pos_waist: 0.4465
Metrics/motion/error_joint_vel_waist: 1.3625
Metrics/motion/reference_joint_speed_waist: 0.0274
Metrics/motion/error_joint_pos_arms: 1.1464
Metrics/motion/error_joint_vel_arms: 4.6043
Metrics/motion/reference_joint_speed_arms: 0.1620
Metrics/motion/error_joint_pos_legs: 0.6750
Metrics/motion/error_joint_vel_legs: 2.3480
Metrics/motion/reference_joint_speed_legs: 0.0066
Metrics/racket_target/racket_pos_error: 0.1104
Metrics/racket_target/racket_vel_error: 1.1555
Metrics/racket_target/time_to_strike: 0.3907
Metrics/racket_target/return_success: 0.0368
Metrics/racket_target/prev_return_success: 0.0368
Metrics/racket_target/prev_net_cross: 0.5007
Metrics/racket_target/current_net_cross: 0.0243
Metrics/racket_target/racket_pos_curriculum_scale: 1.0000
Metrics/racket_target/impact_inverse_command_blend: 0.0000
Metrics/racket_target/steps_since_target_resample: 58.0672
Metrics/racket_target/recovery_height_error: 0.0378
Metrics/racket_target/recovery_upright_error: 0.2546
Metrics/racket_target/recovery_base_lin_vel: 0.2646
Metrics/racket_target/recovery_base_ang_vel: 1.1066
Metrics/racket_target/recovery_station_error: 0.1272
Metrics/racket_target/recovery_feet_contact_frac: 0.9831
Metrics/racket_target/recovery_racket_speed: 1.4291
Metrics/racket_target/recovery_height_score: 0.8555
Metrics/racket_target/recovery_upright_score: 0.4865
Metrics/racket_target/recovery_lin_vel_score: 0.6614
Metrics/racket_target/recovery_ang_vel_score: 0.2728
Metrics/racket_target/recovery_station_score: 0.7701
Metrics/racket_target/recovery_racket_score: 0.1125
Metrics/racket_target/recovery_arm_score: 0.5841
Metrics/racket_target/recovery_ready_score: 0.6137
Metrics/racket_target/recovery_anchor_arm_score: 1.0000
Metrics/racket_target/recovery_core_ready_score: 0.4718
Metrics/racket_target/recovery_functional_ready_score: 0.4023
Metrics/racket_target/waist_action_overflow_rms: 0.0037
Metrics/racket_target/right_arm_action_overflow_rms: 0.0008
Metrics/racket_target/leg_action_overflow_rms: 0.0213
Metrics/racket_target/operational_margin_fraction: 0.0141
Metrics/racket_target/waist_operational_margin_fraction: 0.0095
Metrics/racket_target/right_arm_operational_margin_fraction: 0.0020
Metrics/racket_target/leg_operational_margin_fraction: 0.0327
Metrics/racket_target/waist_operational_excess_rms: 0.0025
Metrics/racket_target/right_arm_operational_excess_rms: 0.0002
Metrics/racket_target/leg_operational_excess_rms: 0.0135
Metrics/racket_target/q_des_velocity_violation_fraction: 0.0768
Metrics/racket_target/waist_q_des_velocity_violation_fraction: 0.0093
Metrics/racket_target/right_arm_q_des_velocity_violation_fraction: 0.1073
Metrics/racket_target/leg_q_des_velocity_violation_fraction: 0.1096
Metrics/racket_target/q_des_acceleration_violation_fraction: 0.7006
Metrics/racket_target/waist_q_des_acceleration_violation_fraction: 0.5529
Metrics/racket_target/right_arm_q_des_acceleration_violation_fraction: 0.8186
Metrics/racket_target/leg_q_des_acceleration_violation_fraction: 0.7681
Metrics/racket_target/waist_q_des_velocity_rms: 3.1436
Metrics/racket_target/right_arm_q_des_velocity_rms: 8.4980
Metrics/racket_target/leg_q_des_velocity_rms: 7.0736
Metrics/racket_target/waist_q_des_acceleration_rms: 257.5354
Metrics/racket_target/right_arm_q_des_acceleration_rms: 731.2511
Metrics/racket_target/leg_q_des_acceleration_rms: 611.9982
Metrics/racket_target/action_operational_feasibility_score: 0.8505
Metrics/racket_target/actuator_overflow_consecutive_steps: 0.0000
Metrics/racket_target/actuator_overflow_severe: 0.0000
Metrics/racket_target/recovery_phase_gate: 0.0860
Metrics/racket_target/recovery_phase_ready_score: 0.0299
Metrics/racket_target/recovery_contact_ready_score: 0.0046
Metrics/racket_target/recovery_net_ready_score: 0.0046
Metrics/racket_target/recovery_return_ready_score: 0.0000
Metrics/racket_target/cycle_success_ready_score: 0.0000
Metrics/racket_target/cycle_success_soft: 0.0000
Metrics/racket_target/cycle_success_binary: 0.0000
Metrics/racket_target/cycle_v2_pending: 0.0000
Metrics/racket_target/cycle_v2_attempt_latch: 0.0000
Metrics/racket_target/cycle_v2_ready_success_latch: 0.0000
Metrics/racket_target/cycle_v2_ready_fail_latch: 0.0000
Metrics/racket_target/cycle_v2_attempt_event: 0.0000
Metrics/racket_target/cycle_v2_ready_success_event: 0.0000
Metrics/racket_target/cycle_v2_ready_fail_event: 0.0000
Metrics/racket_target/cycle_v2_unresolved_resample_fail_event: 0.0000
Metrics/racket_target/cycle_v2_resolved_event: 0.0000
Metrics/racket_target/cycle_v2_command_visible_steps: 0.0000
Metrics/racket_target/cycle_v2_elapsed_steps: 0.0000
Metrics/racket_target/cycle_v2_ready_score: 0.0000
Metrics/racket_target/cycle_v2_ready_ok: 0.0000
Metrics/racket_target/cycle_v2_visible: 0.0000
Metrics/racket_target/cycle_v2_ready_score_ok: 0.0000
Metrics/racket_target/cycle_v2_height_ok: 0.0000
Metrics/racket_target/cycle_v2_upright_ok: 0.0000
Metrics/racket_target/cycle_v2_base_lin_vel_ok: 0.0000
Metrics/racket_target/cycle_v2_base_ang_vel_ok: 0.0000
Metrics/racket_target/cycle_v2_feet_ok: 0.0000
Metrics/racket_target/cycle_v2_core_ready_ok: 0.0000
Metrics/racket_target/cycle_v2_ready_consecutive_steps: 0.0000
Metrics/racket_target/single_cycle_bootstrap: 0.0000
Metrics/racket_target/single_cycle_swing_completed: 0.0000
Metrics/racket_target/single_cycle_recovery_active: 0.0000
Metrics/racket_target/single_cycle_recovery_elapsed_steps: 0.0000
Metrics/racket_target/single_cycle_ready_consecutive_steps: 0.0000
Metrics/racket_target/single_cycle_safe_timeout_event: 0.0000
Metrics/racket_target/single_cycle_deadline_timeout_event: 0.0000
Metrics/racket_target/single_cycle_timeout_latch: 0.0000
Metrics/racket_target/single_cycle_hard_failure_event: 0.0000
Metrics/racket_target/single_cycle_probability: 0.0000
Metrics/racket_target/single_cycle_curriculum_level: 0.0000
Metrics/racket_target/single_cycle_effective_deadline_steps: 100.0000
Metrics/racket_target/single_cycle_selected_events: 0.0000
Metrics/racket_target/single_cycle_completed_events: 0.0000
Metrics/racket_target/single_cycle_safe_timeout_events: 0.0000
Metrics/racket_target/single_cycle_deadline_timeout_events: 0.0000
Metrics/racket_target/single_cycle_hard_failure_events: 0.0000
Metrics/racket_target/active_ready_consecutive_steps: 0.0156
Metrics/racket_target/active_ready_success_event: 0.0000
Metrics/racket_target/active_ready_success_latch: 0.0000
Metrics/racket_target/active_ready_survival_steps: 0.0000
Metrics/racket_target/active_ready_survival_next_milestone: 0.0000
Metrics/racket_target/active_ready_survival_milestone_event: 0.0000
Metrics/racket_target/no_command_ready_active: 0.0247
Metrics/racket_target/no_command_from_stand_episode: 0.0247
Metrics/racket_target/no_command_from_default_stand_reset: 0.0247
Metrics/racket_target/no_command_ready_upright_ok: 0.0195
Metrics/racket_target/no_command_ready_motion_ok: 0.0052
Metrics/racket_target/no_command_ready_score: 0.0145
Metrics/racket_target/no_command_ready_progress: -0.0024
Metrics/racket_target/no_command_ready_station_error: 0.0022
Metrics/racket_target/no_command_ready_fixed_station_error: 0.0022
Metrics/racket_target/healthy_training_stage: 3.0000
Metrics/racket_target/healthy_stage_planted_rehearsal: 0.0000
Metrics/racket_target/healthy_stage_station_hold_seen: 0.0000
Metrics/racket_target/healthy_stage_station_arrived: 0.0000
Metrics/racket_target/healthy_stage_station_settled: 0.0000
Metrics/racket_target/healthy_stage_station_settle_steps: 0.0000
Metrics/racket_target/station_relocation_active: 0.0000
Metrics/racket_target/station_relocation_target_offset_y: 0.0000
Metrics/racket_target/station_relocation_error: 0.0000
Metrics/racket_target/station_relocation_arrival_event: 0.0000
Metrics/racket_target/station_relocation_settle_event: 0.0000
Metrics/racket_target/station_relocation_release_event: 0.0000
Metrics/racket_target/station_relocation_timeout_event: 0.0000
Metrics/racket_target/station_relocation_elapsed_steps: 0.0000
Metrics/racket_target/station_relocation_hold_deadline_steps: 0.0000
Metrics/racket_target/lifecycle_recovery_hold_active: 0.0000
Metrics/racket_target/lifecycle_recovery_release_success_event: 0.0000
Metrics/racket_target/lifecycle_recovery_release_fail_event: 0.0000
Metrics/racket_target/station_relocation_level: 0.0000
Metrics/racket_target/station_relocation_arrival_ema: 0.0000
Metrics/racket_target/station_relocation_settle_ema: 0.0000
Metrics/racket_target/station_relocation_contact_ema: 0.0000
Metrics/racket_target/station_relocation_safety_ema: 0.0000
Metrics/racket_target/station_relocation_resolved_events: 0.0000
Metrics/racket_target/station_relocation_terminal_reset_events: 0.0000
Metrics/racket_target/station_relocation_advance_streak: 0.0000
Metrics/racket_target/station_relocation_regress_streak: 0.0000
Metrics/racket_target/station_relocation_effective_max_lin_vel: 0.0000
Metrics/racket_target/station_relocation_effective_max_ang_vel: 0.0000
Metrics/racket_target/station_relocation_effective_min_settle_steps: 0.0000
Metrics/racket_target/ability_curriculum_level: 0.0000
Metrics/racket_target/ability_curriculum_scale: 1.0000
Metrics/racket_target/ability_curriculum_resolved_events: 1538.3438
Metrics/racket_target/ability_curriculum_total_resolved_events: 1538.3438
Metrics/racket_target/ability_curriculum_advance_streak: 0.0000
Metrics/racket_target/ability_curriculum_regress_streak: 0.0000
Metrics/racket_target/ability_contact_ema: 0.6390
Metrics/racket_target/ability_net_ema: 0.6146
Metrics/racket_target/ability_success_ema: 0.0105
Metrics/racket_target/ability_recovery_ema: 0.8011
Metrics/racket_target/ability_cycle_ema: 0.0105
Metrics/racket_target/ability_cycle_attempt_ema: 0.0105
Metrics/racket_target/ability_cycle_resolved_ema: 0.0101
Metrics/racket_target/ability_forehand_contact_ema: 0.6790
Metrics/racket_target/ability_forehand_net_ema: 0.6509
Metrics/racket_target/ability_forehand_success_ema: 0.0007
Metrics/racket_target/ability_backhand_contact_ema: 0.6268
Metrics/racket_target/ability_backhand_net_ema: 0.6110
Metrics/racket_target/ability_backhand_success_ema: 0.0155
Metrics/racket_target/ability_attempt_ema: 1.0000
Metrics/racket_target/ability_targeted_attempt_ema: 0.9840
Metrics/racket_target/impact_health_floor_progress: 0.0000
Metrics/racket_target/ability_safety_ema: 0.9605
Metrics/racket_target/ability_station_saturation_ema: 0.0000
Metrics/racket_target/ability_healthy_normal_ema: 1.0000
Metrics/racket_target/ability_station_arrival_ema: 0.0000
Metrics/racket_target/ability_station_settle_ema: 0.0000
Metrics/racket_target/safe_outcome_capability_gate: 0.7326
Metrics/racket_target/planner_hit_plane_blend: 1.0000
Metrics/racket_target/planner_hit_plane_x_delta: 0.0371
Metrics/racket_target/true_strike_table_x: 0.2000
Metrics/racket_target/planner_target_table_x: 0.2000
Metrics/racket_target/workspace_level: 0.0000
Metrics/racket_target/workspace_fringe_sample: 0.0000
Metrics/racket_target/workspace_target_lateral_norm: 0.2855
Metrics/racket_target/workspace_target_table_y: -0.2063
Metrics/racket_target/workspace_playable_y_min: -0.7225
Metrics/racket_target/workspace_playable_y_max: 0.7225
Metrics/racket_target/workspace_active_y_lo: -0.2682
Metrics/racket_target/workspace_active_y_hi: -0.1373
Metrics/racket_target/workspace_motion_seed_blend: 0.0000
Metrics/racket_target/planner_perturb_curriculum_scale: 1.0000
Metrics/racket_target/incoming_ball_horizontal_speed: 2.2185
Metrics/racket_target/incoming_ball_speed: 4.6595
Metrics/racket_target/incoming_ball_speed_curriculum_level: 0.0000
Metrics/racket_target/incoming_ball_speed_sample_low: 0.0000
Metrics/racket_target/incoming_ball_speed_sample_high: 0.0000
Metrics/racket_target/station_saturated: 0.0000
Metrics/racket_target/station_raw_clip_excess: 0.0000
Metrics/racket_target/station_saturated_x: 0.0000
Metrics/racket_target/station_saturated_y: 0.0000
Metrics/racket_target/station_raw_clip_excess_x: 0.0000
Metrics/racket_target/station_raw_clip_excess_y: 0.0000
Metrics/racket_target/current_swing_opportunity: 0.0730
Metrics/racket_target/current_swing_attempt: 0.0730
Metrics/racket_target/current_swing_targeted_attempt: 0.0730
Metrics/racket_target/prev_swing_targeted_attempt: 0.8960
Metrics/racket_target/current_swing_unsafe: 0.0935
Metrics/racket_target/current_swing_station_saturated: 0.0000
Metrics/racket_target/impact_health_score: 0.7956
Metrics/racket_target/impact_health_ok: 0.7895
Metrics/racket_target/impact_health_backlean_violation: 0.0298
Metrics/racket_target/impact_health_waist_backfold: 0.0025
Metrics/racket_target/impact_health_base_retreat: 0.0407
Metrics/racket_target/impact_health_torso_gravity_x: 0.2169
Metrics/racket_target/impact_health_torso_ang_vel: 0.6637
Metrics/racket_target/impact_health_com_x: 0.0945
Metrics/racket_target/impact_health_com_y: 0.0433
Metrics/racket_target/post_contact_ready_pending: 0.0000
Metrics/racket_target/post_contact_ready_elapsed_steps: 0.1493
Metrics/racket_target/post_contact_ready_consecutive_steps: 0.0000
Metrics/racket_target/post_contact_ready_diagnostic_pending: 0.0000
Metrics/racket_target/post_contact_ready_diagnostic_elapsed_steps: 0.9236
Metrics/racket_target/post_contact_ready_durable_pending: 0.0000
Metrics/racket_target/post_contact_ready_durable_consecutive_steps: 0.0000
Metrics/racket_target/post_contact_ready_durable_ready_now: 0.0000
Metrics/racket_target/post_contact_ready_durable_success_event: 0.0000
Metrics/racket_target/post_contact_ready_durable_fail_event: 0.0000
Metrics/racket_target/post_contact_ready_durable_resolution_success_rate: 0.1844
Metrics/racket_target/post_contact_ready_durable_resolution_fail_rate: 0.7352
Metrics/racket_target/post_contact_ready_durable_resolution_success_latency_steps: 35.0000
Metrics/racket_target/post_contact_ready_durable_resolution_fail_latency_steps: 33.6262
Metrics/racket_target/post_contact_ready_durable_fail_backlean_rate: 0.0495
Metrics/racket_target/post_contact_ready_durable_fail_forward_lean_rate: 0.9130
Metrics/racket_target/post_contact_ready_durable_fail_torso_ang_vel_rate: 0.0495
Metrics/racket_target/post_contact_ready_durable_fail_base_lin_vel_rate: 0.0504
Metrics/racket_target/post_contact_ready_durable_fail_base_ang_vel_rate: 0.3845
Metrics/racket_target/post_contact_ready_durable_fail_racket_speed_rate: 0.0495
Metrics/racket_target/post_contact_ready_durable_fail_height_rate: 0.0495
Metrics/racket_target/post_contact_ready_durable_fail_com_x_rate: 0.0537
Metrics/racket_target/post_contact_ready_durable_fail_com_y_rate: 0.0495
Metrics/racket_target/post_contact_ready_durable_fail_feet_rate: 0.0495
Metrics/racket_target/post_contact_ready_durable_fail_station_rate: 0.0504
Metrics/racket_target/post_contact_ready_durable_fail_arm_rate: 0.0495
Metrics/racket_target/post_contact_ready_terminal_window_active: 0.0000
Metrics/racket_target/post_contact_ready_terminal_quality: 0.0169
Metrics/racket_target/post_contact_ready_terminal_settlement_event: 0.0000
Metrics/racket_target/post_contact_ready_operational_ready_now: 0.0000
Metrics/racket_target/post_contact_ready_operational_consecutive_steps: 0.0000
Metrics/racket_target/post_contact_ready_safe_settlement_event: 0.0000
Metrics/racket_target/post_contact_ready_unsafe_settlement_event: 0.0000
Metrics/racket_target/post_contact_ready_incomplete_settlement_event: 0.0000
Metrics/racket_target/post_contact_ready_safe_net_cycle_event: 0.0000
Metrics/racket_target/post_contact_ready_terminal_quality_mean: 0.9167
Metrics/racket_target/post_contact_ready_safe_terminal_quality_mean: 0.9263
Metrics/racket_target/post_contact_ready_terminal_safe_rate: 0.6929
Metrics/racket_target/post_contact_ready_terminal_unsafe_rate: 0.0337
Metrics/racket_target/post_contact_ready_terminal_incomplete_rate: 0.2734
Metrics/racket_target/post_contact_ready_safe_net_cycle_rate: 0.6772
Metrics/racket_target/post_contact_ready_score: 0.7272
Metrics/racket_target/post_contact_ready_now: 0.0000
Metrics/racket_target/post_contact_ready_success_event: 0.0000
Metrics/racket_target/post_contact_ready_fail_event: 0.0000
Metrics/racket_target/post_contact_ready_outcome_tier: -0.9514
Metrics/racket_target/post_contact_ready_face_quality: 0.0155
Metrics/racket_target/post_contact_ready_safe_face_net_cycle_value: 0.0000
Metrics/racket_target/post_contact_ready_planner_speed_ratio: 0.0275
Metrics/racket_target/post_contact_ready_planner_direction_error_rad: 0.0044
Metrics/racket_target/post_contact_ready_planner_position_error: 0.0020
Metrics/racket_target/post_contact_ready_impact_health_score: 0.0224
Metrics/racket_target/post_contact_ready_peak_base_ang_vel: 0.0495
Metrics/racket_target/post_contact_ready_peak_ang_vel_excess_increment: 0.0000
Metrics/racket_target/post_contact_ready_envelope_violation_latch: 0.0000
Metrics/racket_target/post_contact_ready_envelope_violation_event: 0.0000
Metrics/racket_target/post_contact_ready_envelope_first_violation_step: -1.0000
Metrics/racket_target/post_contact_ready_envelope_attempts: 1621.6562
Metrics/racket_target/post_contact_ready_envelope_violation_rate: 0.0348
Metrics/racket_target/post_contact_ready_envelope_tilt_violation_rate: 0.0000
Metrics/racket_target/post_contact_ready_envelope_pitch_violation_rate: 0.0000
Metrics/racket_target/post_contact_ready_envelope_com_violation_rate: 0.0006
Metrics/racket_target/post_contact_ready_envelope_waist_violation_rate: 0.0000
Metrics/racket_target/post_contact_ready_envelope_leg_violation_rate: 0.0000
Metrics/racket_target/post_contact_ready_envelope_base_ang_vel_violation_rate: 0.0341
Metrics/racket_target/post_contact_ready_resolution_success_rate: 0.9715
Metrics/racket_target/post_contact_ready_resolution_fail_rate: 0.0111
Metrics/racket_target/post_contact_ready_resolution_success_latency_steps: 5.0416
Metrics/racket_target/post_contact_ready_resolution_fail_latency_steps: 15.1111
Metrics/racket_target/post_contact_ready_max_tilt: 0.0046
Metrics/racket_target/post_contact_ready_max_abs_pitch: 0.0045
Metrics/racket_target/post_contact_ready_max_com_x: 0.0031
Metrics/racket_target/post_contact_ready_max_com_y: 0.0016
Metrics/racket_target/post_contact_ready_max_waist_overflow: 0.0000
Metrics/racket_target/post_contact_ready_max_leg_overflow: 0.0026
Metrics/racket_target/post_contact_ready_settlement_velocity_score_ema: 0.6784
Metrics/racket_target/post_contact_ready_settlement_position_gate_ema: 0.7706
Metrics/racket_target/post_contact_ready_settlement_health_gate_ema: 0.9757
Metrics/racket_target/post_contact_ready_settlement_recovery_gate_ema: 0.3962
Metrics/racket_target/post_contact_ready_settlement_total_score_ema: 0.2005
Metrics/racket_target/post_contact_recovery_backlean_error: 0.0653
Metrics/racket_target/post_contact_recovery_directional_progress: 0.0000
Metrics/racket_target/post_contact_ready_torso_ok: 0.7824
Metrics/racket_target/post_contact_ready_motion_ok: 0.6460
Metrics/racket_target/post_contact_ready_support_ok: 0.7999
Metrics/racket_target/post_contact_ready_arm_ok: 1.0000
Metrics/racket_target/post_contact_ready_base_lin_vel_ok: 0.8312
Metrics/racket_target/post_contact_ready_base_ang_vel_ok: 0.6770
Metrics/racket_target/post_contact_ready_racket_speed_ok: 0.9544
Metrics/racket_target/post_contact_ready_height_ok: 0.9221
Metrics/racket_target/post_contact_ready_com_x_ok: 0.7999
Metrics/racket_target/post_contact_ready_com_y_ok: 0.9352
Metrics/racket_target/post_contact_ready_feet_ok: 1.0000
Metrics/racket_target/post_contact_ready_station_ok: 0.8494
Metrics/racket_target/post_contact_ready_fail_torso: 0.0000
Metrics/racket_target/post_contact_ready_fail_base_lin_vel: 0.0000
Metrics/racket_target/post_contact_ready_fail_base_ang_vel: 0.0000
Metrics/racket_target/post_contact_ready_fail_racket_speed: 0.0000
Metrics/racket_target/post_contact_ready_fail_support: 0.0000
Metrics/racket_target/post_contact_ready_fail_arm: 0.0000
Metrics/racket_target/post_contact_ready_shadow_now: 0.0000
Metrics/racket_target/post_contact_ready_shadow_consecutive_steps: 0.0000
Metrics/racket_target/post_contact_ready_shadow_success_latch: 0.0000
Metrics/racket_target/post_contact_ready_curriculum_level: 0.0000
Metrics/racket_target/post_contact_ready_curriculum_fraction: 1.0000
Metrics/racket_target/post_contact_ready_curriculum_success_ema: 0.0000
Metrics/racket_target/post_contact_ready_curriculum_shadow_success_ema: 0.0000
Metrics/racket_target/post_contact_ready_curriculum_resolved_events: 0.0000
Metrics/racket_target/post_contact_ready_curriculum_successful_events: 0.0000
Metrics/racket_target/post_contact_ready_curriculum_targeted_attempt_ema: 0.0000
Metrics/racket_target/post_contact_ready_curriculum_return_success_ema: 0.0000
Metrics/racket_target/post_contact_ready_curriculum_completed_swings: 0.0000
Metrics/racket_target/post_contact_ready_curriculum_advance_streak: 0.0000
Metrics/racket_target/post_contact_ready_curriculum_advance_guard_ok: 0.0000
Metrics/racket_target/post_contact_ready_effective_max_torso_ang_vel: 1.5000
Metrics/racket_target/post_contact_ready_effective_torso_x_min: -0.1200
Metrics/racket_target/post_contact_ready_effective_torso_x_max: 0.3200
Metrics/racket_target/post_contact_ready_effective_max_base_lin_vel: 0.4500
Metrics/racket_target/post_contact_ready_effective_max_base_ang_vel: 1.3000
Metrics/racket_target/post_contact_ready_effective_max_racket_speed: 3.0000
Metrics/racket_target/post_contact_ready_effective_min_feet_contact: 0.5000
Metrics/racket_target/post_contact_ready_effective_required_consecutive_steps: 3.0000
Metrics/racket_target/post_contact_ready_effective_deadline_steps: 40.0000
Metrics/racket_target/post_contact_ready_curriculum_advance_threshold: 1.0000
Metrics/racket_target/post_contact_ready_curriculum_advance_min_events: 0.0000
Metrics/racket_target/post_contact_ready_curriculum_shadow_threshold: 1.0000
Metrics/racket_target/post_contact_ready_curriculum_min_targeted_attempt_ema: 0.0000
Metrics/racket_target/post_contact_ready_curriculum_min_return_success_ema: 0.0000
Metrics/racket_target/post_contact_ready_curriculum_min_completed_swings: 1.0000
Metrics/racket_target/post_contact_ready_curriculum_required_advance_checks: 1.0000
Metrics/racket_target/racket_normal_error_deg: 35.2122
Metrics/racket_target/impact_normal_error_deg: 0.9408
Metrics/racket_target/impact_racket_vel_error_mps: 0.5649
Metrics/racket_target/impact_racket_speed_ratio: 0.9045
Metrics/racket_target/impact_racket_vel_angle_deg: 13.1831
Metrics/racket_target/impact_racket_actual_vel_x: 0.9869
Metrics/racket_target/impact_racket_actual_vel_y: 0.1557
Metrics/racket_target/impact_racket_actual_vel_z: 1.3087
Metrics/racket_target/impact_racket_target_vel_x: 1.1853
Metrics/racket_target/impact_racket_target_vel_y: -0.0235
Metrics/racket_target/impact_racket_target_vel_z: 1.3359
Metrics/racket_target/impact_ball_out_error_mps: 4.4859
Metrics/racket_target/impact_face_radial_error_m: 0.0539
Metrics/racket_target/impact_face_normal_gap_m: 0.0545
Metrics/racket_target/impact_face_quality: 0.6743
Metrics/racket_target/impact_center_contact: 0.0000
Metrics/racket_target/impact_center_net_cross: 0.0000
Metrics/racket_target/impact_center_on_opponent: 0.0000
Metrics/racket_target/impact_rim_contact: 0.0000
Metrics/racket_target/impact_rim_net_cross: 0.0000
Metrics/racket_target/impact_rim_on_opponent: 0.0000
Metrics/racket_target/impact_analytic_outer_contact: 0.0000
Metrics/racket_target/impact_analytic_outer_net_cross: 0.0000
Metrics/racket_target/impact_analytic_outer_on_opponent: 0.0000
Metrics/racket_target/impact_planner_pos_error_m: 0.0833
Metrics/racket_target/impact_planner_vel_error_mps: 0.5649
Metrics/racket_target/impact_planner_speed_ratio: 0.9045
Metrics/racket_target/impact_planner_vel_angle_deg: 13.1831
Metrics/racket_target/impact_healthy_normal_ok: 0.0078
Metrics/racket_target/impact_healthy_contact: 0.0000
Metrics/racket_target/impact_healthy_net_cross: 0.0000
Metrics/racket_target/impact_healthy_on_opponent: 0.0000
Metrics/racket_target/current_swing_impact_health_score: 0.0224
Metrics/racket_target/current_swing_healthy_contact: 0.0243
Metrics/racket_target/current_swing_healthy_net_cross: 0.0243
Metrics/racket_target/current_swing_healthy_on_opponent: 0.0000
Metrics/racket_target/current_swing_healthy_normal_ok: 0.0730
Metrics/racket_target/current_swing_contact: 0.0243
Metrics/racket_target/current_swing_net_cross: 0.0243
Metrics/racket_target/current_swing_on_opponent: 0.0000
Metrics/racket_target/current_swing_center_contact: 0.0139
Metrics/racket_target/current_swing_center_net_cross: 0.0139
Metrics/racket_target/current_swing_center_on_opponent: 0.0000
Metrics/racket_target/current_swing_rim_contact: 0.0104
Metrics/racket_target/current_swing_rim_net_cross: 0.0104
Metrics/racket_target/current_swing_rim_on_opponent: 0.0000
Metrics/racket_target/current_swing_analytic_outer_contact: 0.0000
Metrics/racket_target/current_swing_analytic_outer_net_cross: 0.0000
Metrics/racket_target/current_swing_analytic_outer_on_opponent: 0.0000
Metrics/racket_target/cycle_v2_outcome_tier: -1.0000
Metrics/racket_target/cycle_v2_streak: 0.0000
Metrics/racket_target/closed_loop_recovery_trigger_event: 0.0000
Metrics/racket_target/closed_loop_cycle_success_event: 0.0000
Metrics/racket_target/closed_loop_durable_cycle_success_event: 0.0000
Metrics/racket_target/closed_loop_phase_id: 1.4136
Metrics/racket_target/closed_loop_phase_ready_no_command: 0.0247
Metrics/racket_target/closed_loop_phase_command_acquire: 0.6000
Metrics/racket_target/closed_loop_phase_pre_strike: 0.3123
Metrics/racket_target/closed_loop_phase_strike: 0.0630
Metrics/racket_target/closed_loop_phase_follow_through: 0.0000
Metrics/racket_target/closed_loop_phase_recovery: 0.0000
Metrics/racket_target/closed_loop_phase_next_ready: 0.0000
Metrics/racket_target/post_contact_phase_impact_0_100ms_attempts: 1621.6562
Metrics/racket_target/post_contact_phase_impact_0_100ms_tilt_gt_0p1_rate: 1.0000
Metrics/racket_target/post_contact_phase_impact_0_100ms_pitch_gt_0p1_rate: 1.0000
Metrics/racket_target/post_contact_phase_impact_0_100ms_waist_overflow_gt_1p0_rate: 0.0000
Metrics/racket_target/post_contact_phase_impact_0_100ms_base_ang_vel_gt_0p8_rate: 0.9897
Metrics/racket_target/post_contact_phase_brake_100_300ms_attempts: 1580.0938
Metrics/racket_target/post_contact_phase_brake_100_300ms_tilt_gt_0p1_rate: 0.9994
Metrics/racket_target/post_contact_phase_brake_100_300ms_pitch_gt_0p1_rate: 0.9987
Metrics/racket_target/post_contact_phase_brake_100_300ms_waist_overflow_gt_1p0_rate: 0.0000
Metrics/racket_target/post_contact_phase_brake_100_300ms_base_ang_vel_gt_0p8_rate: 0.9976
Metrics/racket_target/post_contact_phase_settle_300_600ms_attempts: 1519.9375
Metrics/racket_target/post_contact_phase_settle_300_600ms_tilt_gt_0p1_rate: 0.7602
Metrics/racket_target/post_contact_phase_settle_300_600ms_pitch_gt_0p1_rate: 0.6879
Metrics/racket_target/post_contact_phase_settle_300_600ms_waist_overflow_gt_1p0_rate: 0.0000
Metrics/racket_target/post_contact_phase_settle_300_600ms_base_ang_vel_gt_0p8_rate: 0.9915
Metrics/racket_target/post_contact_phase_ready_after_600ms_attempts: 1428.8438
Metrics/racket_target/post_contact_phase_ready_after_600ms_tilt_gt_0p1_rate: 0.4732
Metrics/racket_target/post_contact_phase_ready_after_600ms_pitch_gt_0p1_rate: 0.3568
Metrics/racket_target/post_contact_phase_ready_after_600ms_waist_overflow_gt_1p0_rate: 0.0000
Metrics/racket_target/post_contact_phase_ready_after_600ms_base_ang_vel_gt_0p8_rate: 0.9421
Metrics/racket_target/base_pitch_like_signed: -0.1512
Metrics/racket_target/base_backward_velocity: 0.0914
Metrics/racket_target/waist_action_rms: 0.4802
Metrics/racket_target/right_arm_action_rms: 4.0485
Metrics/racket_target/leg_action_rms: 0.5389
Metrics/racket_target/action_abs_max: 7.1708
Metrics/racket_target/applied_action_abs_max: 7.0201
Metrics/racket_target/leg_action_abs_max: 1.0067
Metrics/racket_target/effective_action_abs_max: 7.0190
Metrics/racket_target/action_clamp_fraction: 0.0091
Metrics/racket_target/waist_action_clamp_fraction: 0.0035
Metrics/racket_target/right_arm_action_clamp_fraction: 0.0006
Metrics/racket_target/leg_action_clamp_fraction: 0.0224
Metrics/racket_target/waist_q_tracking_error_rms: 0.3866
Metrics/racket_target/right_arm_q_tracking_error_rms: 0.1641
Metrics/racket_target/leg_q_tracking_error_rms: 0.2181
Metrics/racket_target/waist_torque_clip_fraction: 0.0000
Metrics/racket_target/right_arm_torque_clip_fraction: 0.0000
Metrics/racket_target/leg_torque_clip_fraction: 0.0000
Metrics/racket_target/waist_action_delta_rms: 0.1388
Metrics/racket_target/right_arm_action_delta_rms: 0.9727
Metrics/racket_target/leg_action_delta_rms: 0.2658
Metrics/racket_target/waist_joint_vel_rms: 0.7915
Metrics/racket_target/right_arm_joint_vel_rms: 1.4245
Metrics/racket_target/leg_joint_vel_rms: 0.6782
Metrics/racket_target/recovery_leg_action_abs_max: 0.1391
Metrics/racket_target/recovery_leg_action_delta_rms: 0.0234
Metrics/racket_target/recovery_leg_joint_vel_rms: 0.0781
      Episode_Termination/time_out: 3.7188
  Episode_Termination/base_too_low: 0.0312
   Episode_Termination/base_tilted: 0.3438
   Episode_Termination/table_touch: 0.4375
Episode_Termination/persistent_action_overflow: 0.0000
--------------------------------------------------------------------------------
                   Total timesteps: 458752
                    Iteration time: 2.58s
                      Time elapsed: 00:00:17
                               ETA: 00:00:34

################################################################################
                     [1m Learning iteration 1807/1820 [0m                     

                       Computation: 25806 steps/s (collection: 2.519s, learning 0.021s)
             Mean action noise std: 0.45
          Mean value_function loss: 0.1334
               Mean surrogate loss: 0.0000
                 Mean entropy loss: 2.8121
      Mean critic_only_warmup loss: 1.0000
                       Mean reward: 8.61
               Mean episode length: 238.74
 Episode_Reward/undesired_contacts: 0.0000
  Episode_Reward/feet_contact_slip: -0.0013
     Episode_Reward/table_no_touch: -0.0010
              Episode_Reward/alive: 0.0047
            Episode_Reward/upright: -0.0047
          Episode_Reward/imitation: 0.1972
    Episode_Reward/racket_position: 0.0451
Episode_Reward/backhand_racket_position: 0.0207
    Episode_Reward/racket_velocity: 0.0291
Episode_Reward/planner_racket_task_space_crossfade: 0.1857
Episode_Reward/exact_impact_planner_task_space_alignment: 0.0049
    Episode_Reward/blade_direction: 0.0268
Episode_Reward/health_gated_soft_ball_contact: 0.0291
Episode_Reward/health_gated_backhand_soft_ball_contact: 0.0186
Episode_Reward/health_gated_ball_contact: 0.0057
Episode_Reward/healthy_trunk_support: 0.0405
Episode_Reward/targeted_strike_attempt: 0.0067
  Episode_Reward/strike_inactivity: -0.0000
 Episode_Reward/pre_strike_station: 0.0410
    Episode_Reward/recovery_health: 0.0225
Episode_Reward/no_command_ready_stability: 0.0004
Episode_Reward/post_strike_base_ang_vel: 0.0042
Episode_Reward/phase_action_overflow: -0.0001
     Episode_Reward/strike_balance: 0.0173
Episode_Reward/prestrike_station_progress: 0.0086
 Episode_Reward/lower_body_support: 0.0255
Episode_Reward/termination_penalty: -0.0173
Episode_Reward/phase_action_rate_waist: -0.0001
Episode_Reward/phase_action_rate_upper: -0.0028
Episode_Reward/phase_action_rate_legs: -0.0001
        Episode_Reward/joint_limit: -0.0169
Episode_Reward/prestrike_racket_progress: 0.1187
Episode_Reward/near_impact_planner_velocity_progress: 0.0273
Episode_Reward/operational_joint_margin: -0.0054
  Episode_Reward/joint_target_slew: -0.0148
Episode_Reward/actuator_waist_feasibility: -0.0000
Episode_Reward/actuator_right_arm_feasibility: -0.0000
Episode_Reward/actuator_leg_feasibility: -0.0000
Episode_Reward/terminal_quality_window: 0.0005
Episode_Reward/safe_terminal_quality: 0.0009
Episode_Reward/unsafe_terminal_recovery: -0.0000
Episode_Reward/capability_gated_safe_terminal_outcome: 0.0057
Episode_Reward/targeted_contact_miss: -0.0016
    Metrics/motion/error_joint_pos: 1.2733
    Metrics/motion/error_joint_vel: 5.0938
     Metrics/motion/error_body_pos: 0.1118
     Metrics/motion/error_body_rot: 0.3802
       Metrics/motion/motion_phase: 0.4612
            Metrics/motion/in_hold: 0.0115
Metrics/motion/motion_start_warmup_prob: 0.8000
Metrics/motion/motion_start_lifecycle_progress: 0.0000
Metrics/motion/motion_start_effective_prestrike_fraction: 1.0000
Metrics/motion/motion_start_effective_recovery_fraction: 0.0000
Metrics/motion/motion_start_effective_rsi_fraction: 0.0000
 Metrics/motion/motion_start_reset: 0.0203
Metrics/motion/motion_start_prestrike_reset: 0.0000
Metrics/motion/motion_start_recovery_reset: 0.0000
Metrics/motion/motion_start_rsi_reset: 0.0000
 Metrics/motion/single_cycle_reset: 0.0000
     Metrics/motion/motion_clip_id: 0.5514
Metrics/motion/motion_supplemental_clip: 0.0000
      Metrics/motion/stand_episode: 0.0063
Metrics/motion/default_stand_reset: 0.0255
Metrics/motion/error_body_pos_lower: 0.1214
Metrics/motion/error_body_rot_lower: 0.3748
Metrics/motion/error_body_lin_vel_lower: 0.1941
Metrics/motion/error_body_ang_vel_lower: 0.7849
Metrics/motion/reference_body_lin_speed_lower: 0.0245
Metrics/motion/robot_body_lin_speed_lower: 0.1906
Metrics/motion/error_body_pos_core: 0.0629
Metrics/motion/error_body_rot_core: 0.2511
Metrics/motion/error_body_lin_vel_core: 0.3077
Metrics/motion/error_body_ang_vel_core: 1.1099
Metrics/motion/reference_body_lin_speed_core: 0.0273
Metrics/motion/robot_body_lin_speed_core: 0.3090
Metrics/motion/error_body_pos_upper: 0.1186
Metrics/motion/error_body_rot_upper: 0.4285
Metrics/motion/error_body_lin_vel_upper: 0.7449
Metrics/motion/error_body_ang_vel_upper: 2.0276
Metrics/motion/reference_body_lin_speed_upper: 0.1076
Metrics/motion/robot_body_lin_speed_upper: 0.7515
Metrics/motion/error_joint_pos_waist: 0.2617
Metrics/motion/error_joint_vel_waist: 1.3051
Metrics/motion/reference_joint_speed_waist: 0.0279
Metrics/motion/error_joint_pos_arms: 1.0774
Metrics/motion/error_joint_vel_arms: 4.1383
Metrics/motion/reference_joint_speed_arms: 0.2048
Metrics/motion/error_joint_pos_legs: 0.5733
Metrics/motion/error_joint_vel_legs: 2.3787
Metrics/motion/reference_joint_speed_legs: 0.0090
Metrics/racket_target/racket_pos_error: 0.1403
Metrics/racket_target/racket_vel_error: 1.2690
Metrics/racket_target/time_to_strike: -0.2046
Metrics/racket_target/return_success: 0.0342
Metrics/racket_target/prev_return_success: 0.0130
Metrics/racket_target/prev_net_cross: 0.6532
Metrics/racket_target/current_net_cross: 0.5291
Metrics/racket_target/racket_pos_curriculum_scale: 1.0000
Metrics/racket_target/impact_inverse_command_blend: 0.0000
Metrics/racket_target/steps_since_target_resample: 84.7140
Metrics/racket_target/recovery_height_error: 0.0351
Metrics/racket_target/recovery_upright_error: 0.2116
Metrics/racket_target/recovery_base_lin_vel: 0.2725
Metrics/racket_target/recovery_base_ang_vel: 0.9703
Metrics/racket_target/recovery_station_error: 0.1172
Metrics/racket_target/recovery_feet_contact_frac: 0.9574
Metrics/racket_target/recovery_racket_speed: 1.2157
Metrics/racket_target/recovery_height_score: 0.8617
Metrics/racket_target/recovery_upright_score: 0.6098
Metrics/racket_target/recovery_lin_vel_score: 0.6216
Metrics/racket_target/recovery_ang_vel_score: 0.3346
Metrics/racket_target/recovery_station_score: 0.8090
Metrics/racket_target/recovery_racket_score: 0.2270
Metrics/racket_target/recovery_arm_score: 0.7510
Metrics/racket_target/recovery_ready_score: 0.6575
Metrics/racket_target/recovery_anchor_arm_score: 1.0000
Metrics/racket_target/recovery_core_ready_score: 0.5357
Metrics/racket_target/recovery_functional_ready_score: 0.4716
Metrics/racket_target/waist_action_overflow_rms: 0.0000
Metrics/racket_target/right_arm_action_overflow_rms: 0.0000
Metrics/racket_target/leg_action_overflow_rms: 0.0115
Metrics/racket_target/operational_margin_fraction: 0.0084
Metrics/racket_target/waist_operational_margin_fraction: 0.0000
Metrics/racket_target/right_arm_operational_margin_fraction: 0.0000
Metrics/racket_target/leg_operational_margin_fraction: 0.0216
Metrics/racket_target/waist_operational_excess_rms: 0.0000
Metrics/racket_target/right_arm_operational_excess_rms: 0.0000
Metrics/racket_target/leg_operational_excess_rms: 0.0080
Metrics/racket_target/q_des_velocity_violation_fraction: 0.0725
Metrics/racket_target/waist_q_des_velocity_violation_fraction: 0.0015
Metrics/racket_target/right_arm_q_des_velocity_violation_fraction: 0.0995
Metrics/racket_target/leg_q_des_velocity_violation_fraction: 0.1004
Metrics/racket_target/q_des_acceleration_violation_fraction: 0.6998
Metrics/racket_target/waist_q_des_acceleration_violation_fraction: 0.5633
Metrics/racket_target/right_arm_q_des_acceleration_violation_fraction: 0.8120
Metrics/racket_target/leg_q_des_acceleration_violation_fraction: 0.7709
Metrics/racket_target/waist_q_des_velocity_rms: 2.9785
Metrics/racket_target/right_arm_q_des_velocity_rms: 8.1414
Metrics/racket_target/leg_q_des_velocity_rms: 6.9804
Metrics/racket_target/waist_q_des_acceleration_rms: 249.0915
Metrics/racket_target/right_arm_q_des_acceleration_rms: 701.6182
Metrics/racket_target/leg_q_des_acceleration_rms: 589.9039
Metrics/racket_target/action_operational_feasibility_score: 0.9073
Metrics/racket_target/actuator_overflow_consecutive_steps: 0.0000
Metrics/racket_target/actuator_overflow_severe: 0.0000
Metrics/racket_target/recovery_phase_gate: 0.6691
Metrics/racket_target/recovery_phase_ready_score: 0.4561
Metrics/racket_target/recovery_contact_ready_score: 0.3251
Metrics/racket_target/recovery_net_ready_score: 0.3251
Metrics/racket_target/recovery_return_ready_score: 0.0249
Metrics/racket_target/cycle_success_ready_score: 0.0000
Metrics/racket_target/cycle_success_soft: 0.0000
Metrics/racket_target/cycle_success_binary: 0.0000
Metrics/racket_target/cycle_v2_pending: 0.0000
Metrics/racket_target/cycle_v2_attempt_latch: 0.0000
Metrics/racket_target/cycle_v2_ready_success_latch: 0.0000
Metrics/racket_target/cycle_v2_ready_fail_latch: 0.0000
Metrics/racket_target/cycle_v2_attempt_event: 0.0000
Metrics/racket_target/cycle_v2_ready_success_event: 0.0000
Metrics/racket_target/cycle_v2_ready_fail_event: 0.0000
Metrics/racket_target/cycle_v2_unresolved_resample_fail_event: 0.0000
Metrics/racket_target/cycle_v2_resolved_event: 0.0000
Metrics/racket_target/cycle_v2_command_visible_steps: 0.0000
Metrics/racket_target/cycle_v2_elapsed_steps: 0.0000
Metrics/racket_target/cycle_v2_ready_score: 0.0000
Metrics/racket_target/cycle_v2_ready_ok: 0.0000
Metrics/racket_target/cycle_v2_visible: 0.0000
Metrics/racket_target/cycle_v2_ready_score_ok: 0.0000
Metrics/racket_target/cycle_v2_height_ok: 0.0000
Metrics/racket_target/cycle_v2_upright_ok: 0.0000
Metrics/racket_target/cycle_v2_base_lin_vel_ok: 0.0000
Metrics/racket_target/cycle_v2_base_ang_vel_ok: 0.0000
Metrics/racket_target/cycle_v2_feet_ok: 0.0000
Metrics/racket_target/cycle_v2_core_ready_ok: 0.0000
Metrics/racket_target/cycle_v2_ready_consecutive_steps: 0.0000
Metrics/racket_target/single_cycle_bootstrap: 0.0000
Metrics/racket_target/single_cycle_swing_completed: 0.0000
Metrics/racket_target/single_cycle_recovery_active: 0.0000
Metrics/racket_target/single_cycle_recovery_elapsed_steps: 0.0000
Metrics/racket_target/single_cycle_ready_consecutive_steps: 0.0000
Metrics/racket_target/single_cycle_safe_timeout_event: 0.0000
Metrics/racket_target/single_cycle_deadline_timeout_event: 0.0000
Metrics/racket_target/single_cycle_timeout_latch: 0.0000
Metrics/racket_target/single_cycle_hard_failure_event: 0.0000
Metrics/racket_target/single_cycle_probability: 0.0000
Metrics/racket_target/single_cycle_curriculum_level: 0.0000
Metrics/racket_target/single_cycle_effective_deadline_steps: 100.0000
Metrics/racket_target/single_cycle_selected_events: 0.0000
Metrics/racket_target/single_cycle_completed_events: 0.0000
Metrics/racket_target/single_cycle_safe_timeout_events: 0.0000
Metrics/racket_target/single_cycle_deadline_timeout_events: 0.0000
Metrics/racket_target/single_cycle_hard_failure_events: 0.0000
Metrics/racket_target/active_ready_consecutive_steps: 0.0000
Metrics/racket_target/active_ready_success_event: 0.0000
Metrics/racket_target/active_ready_success_latch: 0.0000
Metrics/racket_target/active_ready_survival_steps: 0.0000
Metrics/racket_target/active_ready_survival_next_milestone: 0.0000
Metrics/racket_target/active_ready_survival_milestone_event: 0.0000
Metrics/racket_target/no_command_ready_active: 0.0063
Metrics/racket_target/no_command_from_stand_episode: 0.0063
Metrics/racket_target/no_command_from_default_stand_reset: 0.0063
Metrics/racket_target/no_command_ready_upright_ok: 0.0000
Metrics/racket_target/no_command_ready_motion_ok: 0.0000
Metrics/racket_target/no_command_ready_score: 0.0001
Metrics/racket_target/no_command_ready_progress: -0.0063
Metrics/racket_target/no_command_ready_station_error: 0.0051
Metrics/racket_target/no_command_ready_fixed_station_error: 0.0051
Metrics/racket_target/healthy_training_stage: 3.0000
Metrics/racket_target/healthy_stage_planted_rehearsal: 0.0000
Metrics/racket_target/healthy_stage_station_hold_seen: 0.0000
Metrics/racket_target/healthy_stage_station_arrived: 0.0000
Metrics/racket_target/healthy_stage_station_settled: 0.0000
Metrics/racket_target/healthy_stage_station_settle_steps: 0.0000
Metrics/racket_target/station_relocation_active: 0.0000
Metrics/racket_target/station_relocation_target_offset_y: 0.0000
Metrics/racket_target/station_relocation_error: 0.0000
Metrics/racket_target/station_relocation_arrival_event: 0.0000
Metrics/racket_target/station_relocation_settle_event: 0.0000
Metrics/racket_target/station_relocation_release_event: 0.0000
Metrics/racket_target/station_relocation_timeout_event: 0.0000
Metrics/racket_target/station_relocation_elapsed_steps: 0.0000
Metrics/racket_target/station_relocation_hold_deadline_steps: 0.0000
Metrics/racket_target/lifecycle_recovery_hold_active: 0.0000
Metrics/racket_target/lifecycle_recovery_release_success_event: 0.0000
Metrics/racket_target/lifecycle_recovery_release_fail_event: 0.0000
Metrics/racket_target/station_relocation_level: 0.0000
Metrics/racket_target/station_relocation_arrival_ema: 0.0000
Metrics/racket_target/station_relocation_settle_ema: 0.0000
Metrics/racket_target/station_relocation_contact_ema: 0.0000
Metrics/racket_target/station_relocation_safety_ema: 0.0000
Metrics/racket_target/station_relocation_resolved_events: 0.0000
Metrics/racket_target/station_relocation_terminal_reset_events: 0.0000
Metrics/racket_target/station_relocation_advance_streak: 0.0000
Metrics/racket_target/station_relocation_regress_streak: 0.0000
Metrics/racket_target/station_relocation_effective_max_lin_vel: 0.0000
Metrics/racket_target/station_relocation_effective_max_ang_vel: 0.0000
Metrics/racket_target/station_relocation_effective_min_settle_steps: 0.0000
Metrics/racket_target/ability_curriculum_level: 0.0000
Metrics/racket_target/ability_curriculum_scale: 1.0000
Metrics/racket_target/ability_curriculum_resolved_events: 1669.6250
Metrics/racket_target/ability_curriculum_total_resolved_events: 1669.6250
Metrics/racket_target/ability_curriculum_advance_streak: 0.0000
Metrics/racket_target/ability_curriculum_regress_streak: 0.0000
Metrics/racket_target/ability_contact_ema: 0.6970
Metrics/racket_target/ability_net_ema: 0.6810
Metrics/racket_target/ability_success_ema: 0.0010
Metrics/racket_target/ability_recovery_ema: 0.8050
Metrics/racket_target/ability_cycle_ema: 0.0010
Metrics/racket_target/ability_cycle_attempt_ema: 0.0010
Metrics/racket_target/ability_cycle_resolved_ema: 0.0009
Metrics/racket_target/ability_forehand_contact_ema: 0.6333
Metrics/racket_target/ability_forehand_net_ema: 0.6164
Metrics/racket_target/ability_forehand_success_ema: 0.0001
Metrics/racket_target/ability_backhand_contact_ema: 0.7356
Metrics/racket_target/ability_backhand_net_ema: 0.7241
Metrics/racket_target/ability_backhand_success_ema: 0.0014
Metrics/racket_target/ability_attempt_ema: 1.0000
Metrics/racket_target/ability_targeted_attempt_ema: 0.9815
Metrics/racket_target/impact_health_floor_progress: 0.0000
Metrics/racket_target/ability_safety_ema: 0.9017
Metrics/racket_target/ability_station_saturation_ema: 0.0000
Metrics/racket_target/ability_healthy_normal_ema: 1.0000
Metrics/racket_target/ability_station_arrival_ema: 0.0000
Metrics/racket_target/ability_station_settle_ema: 0.0000
Metrics/racket_target/safe_outcome_capability_gate: 0.1860
Metrics/racket_target/planner_hit_plane_blend: 1.0000
Metrics/racket_target/planner_hit_plane_x_delta: 0.0362
Metrics/racket_target/true_strike_table_x: 0.2000
Metrics/racket_target/planner_target_table_x: 0.2000
Metrics/racket_target/workspace_level: 0.0000
Metrics/racket_target/workspace_fringe_sample: 0.0000
Metrics/racket_target/workspace_target_lateral_norm: 0.3313
Metrics/racket_target/workspace_target_table_y: -0.2393
Metrics/racket_target/workspace_playable_y_min: -0.7225
Metrics/racket_target/workspace_playable_y_max: 0.7225
Metrics/racket_target/workspace_active_y_lo: -0.3039
Metrics/racket_target/workspace_active_y_hi: -0.1705
Metrics/racket_target/workspace_motion_seed_blend: 0.0000
Metrics/racket_target/planner_perturb_curriculum_scale: 1.0000
Metrics/racket_target/incoming_ball_horizontal_speed: 2.2804
Metrics/racket_target/incoming_ball_speed: 4.6260
Metrics/racket_target/incoming_ball_speed_curriculum_level: 0.0000
Metrics/racket_target/incoming_ball_speed_sample_low: 0.0000
Metrics/racket_target/incoming_ball_speed_sample_high: 0.0000
Metrics/racket_target/station_saturated: 0.0000
Metrics/racket_target/station_raw_clip_excess: 0.0000
Metrics/racket_target/station_saturated_x: 0.0000
Metrics/racket_target/station_saturated_y: 0.0000
Metrics/racket_target/station_raw_clip_excess_x: 0.0000
Metrics/racket_target/station_raw_clip_excess_y: 0.0000
Metrics/racket_target/current_swing_opportunity: 0.8221
Metrics/racket_target/current_swing_attempt: 0.8221
Metrics/racket_target/current_swing_targeted_attempt: 0.7872
Metrics/racket_target/prev_swing_targeted_attempt: 0.9490
Metrics/racket_target/current_swing_unsafe: 0.0789
Metrics/racket_target/current_swing_station_saturated: 0.0000
Metrics/racket_target/impact_health_score: 0.8331
Metrics/racket_target/impact_health_ok: 0.8523
Metrics/racket_target/impact_health_backlean_violation: 0.0364
Metrics/racket_target/impact_health_waist_backfold: 0.0030
Metrics/racket_target/impact_health_base_retreat: 0.0500
Metrics/racket_target/impact_health_torso_gravity_x: 0.2092
Metrics/racket_target/impact_health_torso_ang_vel: 0.5371
Metrics/racket_target/impact_health_com_x: 0.0761
Metrics/racket_target/impact_health_com_y: 0.0376
Metrics/racket_target/post_contact_ready_pending: 0.1040
Metrics/racket_target/post_contact_ready_elapsed_steps: 2.2183
Metrics/racket_target/post_contact_ready_consecutive_steps: 0.1433
Metrics/racket_target/post_contact_ready_diagnostic_pending: 0.5336
Metrics/racket_target/post_contact_ready_diagnostic_elapsed_steps: 7.8531
Metrics/racket_target/post_contact_ready_durable_pending: 0.5336
Metrics/racket_target/post_contact_ready_durable_consecutive_steps: 0.5730
Metrics/racket_target/post_contact_ready_durable_ready_now: 0.1128
Metrics/racket_target/post_contact_ready_durable_success_event: 0.0000
Metrics/racket_target/post_contact_ready_durable_fail_event: 0.0000
Metrics/racket_target/post_contact_ready_durable_resolution_success_rate: 0.1375
Metrics/racket_target/post_contact_ready_durable_resolution_fail_rate: 0.5639
Metrics/racket_target/post_contact_ready_durable_resolution_success_latency_steps: 35.0000
Metrics/racket_target/post_contact_ready_durable_resolution_fail_latency_steps: 33.2390
Metrics/racket_target/post_contact_ready_durable_fail_backlean_rate: 0.0636
Metrics/racket_target/post_contact_ready_durable_fail_forward_lean_rate: 0.9152
Metrics/racket_target/post_contact_ready_durable_fail_torso_ang_vel_rate: 0.0636
Metrics/racket_target/post_contact_ready_durable_fail_base_lin_vel_rate: 0.0644
Metrics/racket_target/post_contact_ready_durable_fail_base_ang_vel_rate: 0.3914
Metrics/racket_target/post_contact_ready_durable_fail_racket_speed_rate: 0.0636
Metrics/racket_target/post_contact_ready_durable_fail_height_rate: 0.0636
Metrics/racket_target/post_contact_ready_durable_fail_com_x_rate: 0.0674
Metrics/racket_target/post_contact_ready_durable_fail_com_y_rate: 0.0636
Metrics/racket_target/post_contact_ready_durable_fail_feet_rate: 0.0636
Metrics/racket_target/post_contact_ready_durable_fail_station_rate: 0.0644
Metrics/racket_target/post_contact_ready_durable_fail_arm_rate: 0.0636
Metrics/racket_target/post_contact_ready_terminal_window_active: 0.0134
Metrics/racket_target/post_contact_ready_terminal_quality: 0.0129
Metrics/racket_target/post_contact_ready_terminal_settlement_event: 0.0000
Metrics/racket_target/post_contact_ready_operational_ready_now: 0.0134
Metrics/racket_target/post_contact_ready_operational_consecutive_steps: 0.0223
Metrics/racket_target/post_contact_ready_safe_settlement_event: 0.0000
Metrics/racket_target/post_contact_ready_unsafe_settlement_event: 0.0000
Metrics/racket_target/post_contact_ready_incomplete_settlement_event: 0.0000
Metrics/racket_target/post_contact_ready_safe_net_cycle_event: 0.0000
Metrics/racket_target/post_contact_ready_terminal_quality_mean: 0.9162
Metrics/racket_target/post_contact_ready_safe_terminal_quality_mean: 0.9256
Metrics/racket_target/post_contact_ready_terminal_safe_rate: 0.6937
Metrics/racket_target/post_contact_ready_terminal_unsafe_rate: 0.0346
Metrics/racket_target/post_contact_ready_terminal_incomplete_rate: 0.2717
Metrics/racket_target/post_contact_ready_safe_net_cycle_rate: 0.6787
Metrics/racket_target/post_contact_ready_score: 0.7797
Metrics/racket_target/post_contact_ready_now: 0.0899
Metrics/racket_target/post_contact_ready_success_event: 0.0219
Metrics/racket_target/post_contact_ready_fail_event: 0.0000
Metrics/racket_target/post_contact_ready_outcome_tier: 0.0968
Metrics/racket_target/post_contact_ready_face_quality: 0.4692
Metrics/racket_target/post_contact_ready_safe_face_net_cycle_value: 0.0000
Metrics/racket_target/post_contact_ready_planner_speed_ratio: 0.4944
Metrics/racket_target/post_contact_ready_planner_direction_error_rad: 0.1362
Metrics/racket_target/post_contact_ready_planner_position_error: 0.0332
Metrics/racket_target/post_contact_ready_impact_health_score: 0.5195
Metrics/racket_target/post_contact_ready_peak_base_ang_vel: 0.7605
Metrics/racket_target/post_contact_ready_peak_ang_vel_excess_increment: 0.0006
Metrics/racket_target/post_contact_ready_envelope_violation_latch: 0.0000
Metrics/racket_target/post_contact_ready_envelope_violation_event: 0.0000
Metrics/racket_target/post_contact_ready_envelope_first_violation_step: -1.0000
Metrics/racket_target/post_contact_ready_envelope_attempts: 2328.0625
Metrics/racket_target/post_contact_ready_envelope_violation_rate: 0.0309
Metrics/racket_target/post_contact_ready_envelope_tilt_violation_rate: 0.0000
Metrics/racket_target/post_contact_ready_envelope_pitch_violation_rate: 0.0000
Metrics/racket_target/post_contact_ready_envelope_com_violation_rate: 0.0004
Metrics/racket_target/post_contact_ready_envelope_waist_violation_rate: 0.0000
Metrics/racket_target/post_contact_ready_envelope_leg_violation_rate: 0.0000
Metrics/racket_target/post_contact_ready_envelope_base_ang_vel_violation_rate: 0.0305
Metrics/racket_target/post_contact_ready_resolution_success_rate: 0.9369
Metrics/racket_target/post_contact_ready_resolution_fail_rate: 0.0115
Metrics/racket_target/post_contact_ready_resolution_success_latency_steps: 4.9203
Metrics/racket_target/post_contact_ready_resolution_fail_latency_steps: 11.5344
Metrics/racket_target/post_contact_ready_max_tilt: 0.1105
Metrics/racket_target/post_contact_ready_max_abs_pitch: 0.1101
Metrics/racket_target/post_contact_ready_max_com_x: 0.0099
Metrics/racket_target/post_contact_ready_max_com_y: 0.0146
Metrics/racket_target/post_contact_ready_max_waist_overflow: 0.0000
Metrics/racket_target/post_contact_ready_max_leg_overflow: 0.0000
Metrics/racket_target/post_contact_ready_settlement_velocity_score_ema: 0.6478
Metrics/racket_target/post_contact_ready_settlement_position_gate_ema: 0.7698
Metrics/racket_target/post_contact_ready_settlement_health_gate_ema: 0.9780
Metrics/racket_target/post_contact_ready_settlement_recovery_gate_ema: 0.4044
Metrics/racket_target/post_contact_ready_settlement_total_score_ema: 0.1930
Metrics/racket_target/post_contact_recovery_backlean_error: 0.0652
Metrics/racket_target/post_contact_recovery_directional_progress: 0.0000
Metrics/racket_target/post_contact_ready_torso_ok: 0.7269
Metrics/racket_target/post_contact_ready_motion_ok: 0.7078
Metrics/racket_target/post_contact_ready_support_ok: 0.8523
Metrics/racket_target/post_contact_ready_arm_ok: 1.0000
Metrics/racket_target/post_contact_ready_base_lin_vel_ok: 0.8586
Metrics/racket_target/post_contact_ready_base_ang_vel_ok: 0.7388
Metrics/racket_target/post_contact_ready_racket_speed_ok: 0.9859
Metrics/racket_target/post_contact_ready_height_ok: 0.9628
Metrics/racket_target/post_contact_ready_com_x_ok: 0.8523
Metrics/racket_target/post_contact_ready_com_y_ok: 0.9714
Metrics/racket_target/post_contact_ready_feet_ok: 0.9937
Metrics/racket_target/post_contact_ready_station_ok: 0.8625
Metrics/racket_target/post_contact_ready_fail_torso: 0.0000
Metrics/racket_target/post_contact_ready_fail_base_lin_vel: 0.0000
Metrics/racket_target/post_contact_ready_fail_base_ang_vel: 0.0000
Metrics/racket_target/post_contact_ready_fail_racket_speed: 0.0000
Metrics/racket_target/post_contact_ready_fail_support: 0.0000
Metrics/racket_target/post_contact_ready_fail_arm: 0.0000
Metrics/racket_target/post_contact_ready_shadow_now: 0.0000
Metrics/racket_target/post_contact_ready_shadow_consecutive_steps: 0.0000
Metrics/racket_target/post_contact_ready_shadow_success_latch: 0.0000
Metrics/racket_target/post_contact_ready_curriculum_level: 0.0000
Metrics/racket_target/post_contact_ready_curriculum_fraction: 1.0000
Metrics/racket_target/post_contact_ready_curriculum_success_ema: 0.0000
Metrics/racket_target/post_contact_ready_curriculum_shadow_success_ema: 0.0000
Metrics/racket_target/post_contact_ready_curriculum_resolved_events: 0.0000
Metrics/racket_target/post_contact_ready_curriculum_successful_events: 0.0000
Metrics/racket_target/post_contact_ready_curriculum_targeted_attempt_ema: 0.0000
Metrics/racket_target/post_contact_ready_curriculum_return_success_ema: 0.0000
Metrics/racket_target/post_contact_ready_curriculum_completed_swings: 0.0000
Metrics/racket_target/post_contact_ready_curriculum_advance_streak: 0.0000
Metrics/racket_target/post_contact_ready_curriculum_advance_guard_ok: 0.0000
Metrics/racket_target/post_contact_ready_effective_max_torso_ang_vel: 1.5000
Metrics/racket_target/post_contact_ready_effective_torso_x_min: -0.1200
Metrics/racket_target/post_contact_ready_effective_torso_x_max: 0.3200
Metrics/racket_target/post_contact_ready_effective_max_base_lin_vel: 0.4500
Metrics/racket_target/post_contact_ready_effective_max_base_ang_vel: 1.3000
Metrics/racket_target/post_contact_ready_effective_max_racket_speed: 3.0000
Metrics/racket_target/post_contact_ready_effective_min_feet_contact: 0.5000
Metrics/racket_target/post_contact_ready_effective_required_consecutive_steps: 3.0000
Metrics/racket_target/post_contact_ready_effective_deadline_steps: 40.0000
Metrics/racket_target/post_contact_ready_curriculum_advance_threshold: 1.0000
Metrics/racket_target/post_contact_ready_curriculum_advance_min_events: 0.0000
Metrics/racket_target/post_contact_ready_curriculum_shadow_threshold: 1.0000
Metrics/racket_target/post_contact_ready_curriculum_min_targeted_attempt_ema: 0.0000
Metrics/racket_target/post_contact_ready_curriculum_min_return_success_ema: 0.0000
Metrics/racket_target/post_contact_ready_curriculum_min_completed_swings: 1.0000
Metrics/racket_target/post_contact_ready_curriculum_required_advance_checks: 1.0000
Metrics/racket_target/racket_normal_error_deg: 32.0864
Metrics/racket_target/impact_normal_error_deg: 11.6762
Metrics/racket_target/impact_racket_vel_error_mps: 0.6711
Metrics/racket_target/impact_racket_speed_ratio: 0.9293
Metrics/racket_target/impact_racket_vel_angle_deg: 15.9255
Metrics/racket_target/impact_racket_actual_vel_x: 0.8747
Metrics/racket_target/impact_racket_actual_vel_y: 0.0862
Metrics/racket_target/impact_racket_actual_vel_z: 1.4359
Metrics/racket_target/impact_racket_target_vel_x: 1.2620
Metrics/racket_target/impact_racket_target_vel_y: -0.0029
Metrics/racket_target/impact_racket_target_vel_z: 1.4060
Metrics/racket_target/impact_ball_out_error_mps: 4.7291
Metrics/racket_target/impact_face_radial_error_m: 0.0713
Metrics/racket_target/impact_face_normal_gap_m: 0.0600
Metrics/racket_target/impact_face_quality: 0.6652
Metrics/racket_target/impact_center_contact: 0.0156
Metrics/racket_target/impact_center_net_cross: 0.0156
Metrics/racket_target/impact_center_on_opponent: 0.0000
Metrics/racket_target/impact_rim_contact: 0.0000
Metrics/racket_target/impact_rim_net_cross: 0.0000
Metrics/racket_target/impact_rim_on_opponent: 0.0000
Metrics/racket_target/impact_analytic_outer_contact: 0.0000
Metrics/racket_target/impact_analytic_outer_net_cross: 0.0000
Metrics/racket_target/impact_analytic_outer_on_opponent: 0.0000
Metrics/racket_target/impact_planner_pos_error_m: 0.1002
Metrics/racket_target/impact_planner_vel_error_mps: 0.6711
Metrics/racket_target/impact_planner_speed_ratio: 0.9293
Metrics/racket_target/impact_planner_vel_angle_deg: 15.9255
Metrics/racket_target/impact_healthy_normal_ok: 0.0208
Metrics/racket_target/impact_healthy_contact: 0.0156
Metrics/racket_target/impact_healthy_net_cross: 0.0156
Metrics/racket_target/impact_healthy_on_opponent: 0.0000
Metrics/racket_target/current_swing_impact_health_score: 0.5195
Metrics/racket_target/current_swing_healthy_contact: 0.5336
Metrics/racket_target/current_swing_healthy_net_cross: 0.5291
Metrics/racket_target/current_swing_healthy_on_opponent: 0.0342
Metrics/racket_target/current_swing_healthy_normal_ok: 0.7950
Metrics/racket_target/current_swing_contact: 0.5336
Metrics/racket_target/current_swing_net_cross: 0.5291
Metrics/racket_target/current_swing_on_opponent: 0.0342
Metrics/racket_target/current_swing_center_contact: 0.4167
Metrics/racket_target/current_swing_center_net_cross: 0.4167
Metrics/racket_target/current_swing_center_on_opponent: 0.0185
Metrics/racket_target/current_swing_rim_contact: 0.0949
Metrics/racket_target/current_swing_rim_net_cross: 0.0905
Metrics/racket_target/current_swing_rim_on_opponent: 0.0156
Metrics/racket_target/current_swing_analytic_outer_contact: 0.0219
Metrics/racket_target/current_swing_analytic_outer_net_cross: 0.0219
Metrics/racket_target/current_swing_analytic_outer_on_opponent: 0.0000
Metrics/racket_target/cycle_v2_outcome_tier: -1.0000
Metrics/racket_target/cycle_v2_streak: 0.0000
Metrics/racket_target/closed_loop_recovery_trigger_event: 0.0156
Metrics/racket_target/closed_loop_cycle_success_event: 0.0219
Metrics/racket_target/closed_loop_durable_cycle_success_event: 0.0000
Metrics/racket_target/closed_loop_phase_id: 2.6555
Metrics/racket_target/closed_loop_phase_ready_no_command: 0.0063
Metrics/racket_target/closed_loop_phase_command_acquire: 0.0531
Metrics/racket_target/closed_loop_phase_pre_strike: 0.4901
Metrics/racket_target/closed_loop_phase_strike: 0.2343
Metrics/racket_target/closed_loop_phase_follow_through: 0.1836
Metrics/racket_target/closed_loop_phase_recovery: 0.0107
Metrics/racket_target/closed_loop_phase_next_ready: 0.0219
Metrics/racket_target/post_contact_phase_impact_0_100ms_attempts: 2328.0625
Metrics/racket_target/post_contact_phase_impact_0_100ms_tilt_gt_0p1_rate: 1.0000
Metrics/racket_target/post_contact_phase_impact_0_100ms_pitch_gt_0p1_rate: 1.0000
Metrics/racket_target/post_contact_phase_impact_0_100ms_waist_overflow_gt_1p0_rate: 0.0000
Metrics/racket_target/post_contact_phase_impact_0_100ms_base_ang_vel_gt_0p8_rate: 0.9850
Metrics/racket_target/post_contact_phase_brake_100_300ms_attempts: 2192.2812
Metrics/racket_target/post_contact_phase_brake_100_300ms_tilt_gt_0p1_rate: 0.9980
Metrics/racket_target/post_contact_phase_brake_100_300ms_pitch_gt_0p1_rate: 0.9960
Metrics/racket_target/post_contact_phase_brake_100_300ms_waist_overflow_gt_1p0_rate: 0.0000
Metrics/racket_target/post_contact_phase_brake_100_300ms_base_ang_vel_gt_0p8_rate: 0.9891
Metrics/racket_target/post_contact_phase_settle_300_600ms_attempts: 1911.4062
Metrics/racket_target/post_contact_phase_settle_300_600ms_tilt_gt_0p1_rate: 0.7780
Metrics/racket_target/post_contact_phase_settle_300_600ms_pitch_gt_0p1_rate: 0.7119
Metrics/racket_target/post_contact_phase_settle_300_600ms_waist_overflow_gt_1p0_rate: 0.0000
Metrics/racket_target/post_contact_phase_settle_300_600ms_base_ang_vel_gt_0p8_rate: 0.9757
Metrics/racket_target/post_contact_phase_ready_after_600ms_attempts: 1563.0625
Metrics/racket_target/post_contact_phase_ready_after_600ms_tilt_gt_0p1_rate: 0.4735
Metrics/racket_target/post_contact_phase_ready_after_600ms_pitch_gt_0p1_rate: 0.3595
Metrics/racket_target/post_contact_phase_ready_after_600ms_waist_overflow_gt_1p0_rate: 0.0000
Metrics/racket_target/post_contact_phase_ready_after_600ms_base_ang_vel_gt_0p8_rate: 0.9380
Metrics/racket_target/base_pitch_like_signed: -0.1402
Metrics/racket_target/base_backward_velocity: 0.1606
Metrics/racket_target/waist_action_rms: 0.3462
Metrics/racket_target/right_arm_action_rms: 3.7180
Metrics/racket_target/leg_action_rms: 0.4620
Metrics/racket_target/action_abs_max: 6.6640
Metrics/racket_target/applied_action_abs_max: 6.5619
Metrics/racket_target/leg_action_abs_max: 0.8851
Metrics/racket_target/effective_action_abs_max: 6.5619
Metrics/racket_target/action_clamp_fraction: 0.0050
Metrics/racket_target/waist_action_clamp_fraction: 0.0000
Metrics/racket_target/right_arm_action_clamp_fraction: 0.0000
Metrics/racket_target/leg_action_clamp_fraction: 0.0129
Metrics/racket_target/waist_q_tracking_error_rms: 0.3572
Metrics/racket_target/right_arm_q_tracking_error_rms: 0.1562
Metrics/racket_target/leg_q_tracking_error_rms: 0.2237
Metrics/racket_target/waist_torque_clip_fraction: 0.0000
Metrics/racket_target/right_arm_torque_clip_fraction: 0.0000
Metrics/racket_target/leg_torque_clip_fraction: 0.0000
Metrics/racket_target/waist_action_delta_rms: 0.1416
Metrics/racket_target/right_arm_action_delta_rms: 0.8999
Metrics/racket_target/leg_action_delta_rms: 0.2690
Metrics/racket_target/waist_joint_vel_rms: 0.7512
Metrics/racket_target/right_arm_joint_vel_rms: 1.3028
Metrics/racket_target/leg_joint_vel_rms: 0.6860
Metrics/racket_target/recovery_leg_action_abs_max: 0.5692
Metrics/racket_target/recovery_leg_action_delta_rms: 0.1797
Metrics/racket_target/recovery_leg_joint_vel_rms: 0.4276
      Episode_Termination/time_out: 3.6250
  Episode_Termination/base_too_low: 0.0000
   Episode_Termination/base_tilted: 0.1875
   Episode_Termination/table_touch: 0.3438
Episode_Termination/persistent_action_overflow: 0.0000
--------------------------------------------------------------------------------
                   Total timesteps: 524288
                    Iteration time: 2.54s
                      Time elapsed: 00:00:19
                               ETA: 00:00:32

################################################################################
                     [1m Learning iteration 1808/1820 [0m                     

                       Computation: 26160 steps/s (collection: 2.490s, learning 0.015s)
             Mean action noise std: 0.45
          Mean value_function loss: 0.1051
               Mean surrogate loss: 0.0000
                 Mean entropy loss: 2.8121
      Mean critic_only_warmup loss: 1.0000
                       Mean reward: 8.92
               Mean episode length: 265.49
 Episode_Reward/undesired_contacts: -0.0000
  Episode_Reward/feet_contact_slip: -0.0014
     Episode_Reward/table_no_touch: -0.0006
              Episode_Reward/alive: 0.0053
            Episode_Reward/upright: -0.0048
          Episode_Reward/imitation: 0.2255
    Episode_Reward/racket_position: 0.0491
Episode_Reward/backhand_racket_position: 0.0208
    Episode_Reward/racket_velocity: 0.0318
Episode_Reward/planner_racket_task_space_crossfade: 0.2004
Episode_Reward/exact_impact_planner_task_space_alignment: 0.0053
    Episode_Reward/blade_direction: 0.0293
Episode_Reward/health_gated_soft_ball_contact: 0.0319
Episode_Reward/health_gated_backhand_soft_ball_contact: 0.0192
Episode_Reward/health_gated_ball_contact: 0.0061
Episode_Reward/healthy_trunk_support: 0.0454
Episode_Reward/targeted_strike_attempt: 0.0073
  Episode_Reward/strike_inactivity: -0.0000
 Episode_Reward/pre_strike_station: 0.0424
    Episode_Reward/recovery_health: 0.0283
Episode_Reward/no_command_ready_stability: 0.0006
Episode_Reward/post_strike_base_ang_vel: 0.0054
Episode_Reward/phase_action_overflow: -0.0001
     Episode_Reward/strike_balance: 0.0190
Episode_Reward/prestrike_station_progress: 0.0110
 Episode_Reward/lower_body_support: 0.0279
Episode_Reward/termination_penalty: -0.0108
Episode_Reward/phase_action_rate_waist: -0.0001
Episode_Reward/phase_action_rate_upper: -0.0033
Episode_Reward/phase_action_rate_legs: -0.0002
        Episode_Reward/joint_limit: -0.0197
Episode_Reward/prestrike_racket_progress: 0.1192
Episode_Reward/near_impact_planner_velocity_progress: 0.0291
Episode_Reward/operational_joint_margin: -0.0044
  Episode_Reward/joint_target_slew: -0.0172
Episode_Reward/actuator_waist_feasibility: -0.0000
Episode_Reward/actuator_right_arm_feasibility: -0.0000
Episode_Reward/actuator_leg_feasibility: -0.0000
Episode_Reward/terminal_quality_window: 0.0009
Episode_Reward/safe_terminal_quality: 0.0015
Episode_Reward/unsafe_terminal_recovery: -0.0000
Episode_Reward/capability_gated_safe_terminal_outcome: 0.0106
Episode_Reward/targeted_contact_miss: -0.0017
    Metrics/motion/error_joint_pos: 1.1628
    Metrics/motion/error_joint_vel: 4.3895
     Metrics/motion/error_body_pos: 0.1097
     Metrics/motion/error_body_rot: 0.3668
       Metrics/motion/motion_phase: 0.6566
            Metrics/motion/in_hold: 0.0113
Metrics/motion/motion_start_warmup_prob: 0.8000
Metrics/motion/motion_start_lifecycle_progress: 0.0000
Metrics/motion/motion_start_effective_prestrike_fraction: 1.0000
Metrics/motion/motion_start_effective_recovery_fraction: 0.0000
Metrics/motion/motion_start_effective_rsi_fraction: 0.0000
 Metrics/motion/motion_start_reset: 0.0045
Metrics/motion/motion_start_prestrike_reset: 0.0000
Metrics/motion/motion_start_recovery_reset: 0.0000
Metrics/motion/motion_start_rsi_reset: 0.0000
 Metrics/motion/single_cycle_reset: 0.0000
     Metrics/motion/motion_clip_id: 0.5250
Metrics/motion/motion_supplemental_clip: 0.0000
      Metrics/motion/stand_episode: 0.0078
Metrics/motion/default_stand_reset: 0.0492
Metrics/motion/error_body_pos_lower: 0.1183
Metrics/motion/error_body_rot_lower: 0.3836
Metrics/motion/error_body_lin_vel_lower: 0.1993
Metrics/motion/error_body_ang_vel_lower: 0.7424
Metrics/motion/reference_body_lin_speed_lower: 0.0144
Metrics/motion/robot_body_lin_speed_lower: 0.1966
Metrics/motion/error_body_pos_core: 0.0685
Metrics/motion/error_body_rot_core: 0.2762
Metrics/motion/error_body_lin_vel_core: 0.2433
Metrics/motion/error_body_ang_vel_core: 0.7600
Metrics/motion/reference_body_lin_speed_core: 0.0152
Metrics/motion/robot_body_lin_speed_core: 0.2430
Metrics/motion/error_body_pos_upper: 0.1149
Metrics/motion/error_body_rot_upper: 0.3803
Metrics/motion/error_body_lin_vel_upper: 0.4660
Metrics/motion/error_body_ang_vel_upper: 1.5970
Metrics/motion/reference_body_lin_speed_upper: 0.0422
Metrics/motion/robot_body_lin_speed_upper: 0.4646
Metrics/motion/error_joint_pos_waist: 0.2368
Metrics/motion/error_joint_vel_waist: 0.9669
Metrics/motion/reference_joint_speed_waist: 0.0195
Metrics/motion/error_joint_pos_arms: 0.9899
Metrics/motion/error_joint_vel_arms: 3.5473
Metrics/motion/reference_joint_speed_arms: 0.0929
Metrics/motion/error_joint_pos_legs: 0.5351
Metrics/motion/error_joint_vel_legs: 2.0605
Metrics/motion/reference_joint_speed_legs: 0.0052
Metrics/racket_target/racket_pos_error: 0.1308
Metrics/racket_target/racket_vel_error: 1.3762
Metrics/racket_target/time_to_strike: -0.7912
Metrics/racket_target/return_success: 0.0170
Metrics/racket_target/prev_return_success: 0.0167
Metrics/racket_target/prev_net_cross: 0.6318
Metrics/racket_target/current_net_cross: 0.6171
Metrics/racket_target/racket_pos_curriculum_scale: 1.0000
Metrics/racket_target/impact_inverse_command_blend: 0.0000
Metrics/racket_target/steps_since_target_resample: 115.5223
Metrics/racket_target/recovery_height_error: 0.0374
Metrics/racket_target/recovery_upright_error: 0.1330
Metrics/racket_target/recovery_base_lin_vel: 0.1876
Metrics/racket_target/recovery_base_ang_vel: 0.8201
Metrics/racket_target/recovery_station_error: 0.0819
Metrics/racket_target/recovery_feet_contact_frac: 0.9685
Metrics/racket_target/recovery_racket_speed: 0.8043
Metrics/racket_target/recovery_height_score: 0.8931
Metrics/racket_target/recovery_upright_score: 0.7950
Metrics/racket_target/recovery_lin_vel_score: 0.7954
Metrics/racket_target/recovery_ang_vel_score: 0.4698
Metrics/racket_target/recovery_station_score: 0.8657
Metrics/racket_target/recovery_racket_score: 0.4414
Metrics/racket_target/recovery_arm_score: 0.8483
Metrics/racket_target/recovery_ready_score: 0.7697
Metrics/racket_target/recovery_anchor_arm_score: 1.0000
Metrics/racket_target/recovery_core_ready_score: 0.6921
Metrics/racket_target/recovery_functional_ready_score: 0.6340
Metrics/racket_target/waist_action_overflow_rms: 0.0004
Metrics/racket_target/right_arm_action_overflow_rms: 0.0005
Metrics/racket_target/leg_action_overflow_rms: 0.0096
Metrics/racket_target/operational_margin_fraction: 0.0063
Metrics/racket_target/waist_operational_margin_fraction: 0.0013
Metrics/racket_target/right_arm_operational_margin_fraction: 0.0015
Metrics/racket_target/leg_operational_margin_fraction: 0.0151
Metrics/racket_target/waist_operational_excess_rms: 0.0004
Metrics/racket_target/right_arm_operational_excess_rms: 0.0002
Metrics/racket_target/leg_operational_excess_rms: 0.0061
Metrics/racket_target/q_des_velocity_violation_fraction: 0.0594
Metrics/racket_target/waist_q_des_velocity_violation_fraction: 0.0013
Metrics/racket_target/right_arm_q_des_velocity_violation_fraction: 0.0786
Metrics/racket_target/leg_q_des_velocity_violation_fraction: 0.0746
Metrics/racket_target/q_des_acceleration_violation_fraction: 0.7002
Metrics/racket_target/waist_q_des_acceleration_violation_fraction: 0.6153
Metrics/racket_target/right_arm_q_des_acceleration_violation_fraction: 0.7993
Metrics/racket_target/leg_q_des_acceleration_violation_fraction: 0.7543
Metrics/racket_target/waist_q_des_velocity_rms: 3.2656
Metrics/racket_target/right_arm_q_des_velocity_rms: 7.4499
Metrics/racket_target/leg_q_des_velocity_rms: 6.2996
Metrics/racket_target/waist_q_des_acceleration_rms: 261.6649
Metrics/racket_target/right_arm_q_des_acceleration_rms: 662.7528
Metrics/racket_target/leg_q_des_acceleration_rms: 538.3771
Metrics/racket_target/action_operational_feasibility_score: 0.9335
Metrics/racket_target/actuator_overflow_consecutive_steps: 0.0000
Metrics/racket_target/actuator_overflow_severe: 0.0000
Metrics/racket_target/recovery_phase_gate: 0.9779
Metrics/racket_target/recovery_phase_ready_score: 0.7682
Metrics/racket_target/recovery_contact_ready_score: 0.5297
Metrics/racket_target/recovery_net_ready_score: 0.5110
Metrics/racket_target/recovery_return_ready_score: 0.0140
Metrics/racket_target/cycle_success_ready_score: 0.0000
Metrics/racket_target/cycle_success_soft: 0.0000
Metrics/racket_target/cycle_success_binary: 0.0000
Metrics/racket_target/cycle_v2_pending: 0.0000
Metrics/racket_target/cycle_v2_attempt_latch: 0.0000
Metrics/racket_target/cycle_v2_ready_success_latch: 0.0000
Metrics/racket_target/cycle_v2_ready_fail_latch: 0.0000
Metrics/racket_target/cycle_v2_attempt_event: 0.0000
Metrics/racket_target/cycle_v2_ready_success_event: 0.0000
Metrics/racket_target/cycle_v2_ready_fail_event: 0.0000
Metrics/racket_target/cycle_v2_unresolved_resample_fail_event: 0.0000
Metrics/racket_target/cycle_v2_resolved_event: 0.0000
Metrics/racket_target/cycle_v2_command_visible_steps: 0.0000
Metrics/racket_target/cycle_v2_elapsed_steps: 0.0000
Metrics/racket_target/cycle_v2_ready_score: 0.0000
Metrics/racket_target/cycle_v2_ready_ok: 0.0000
Metrics/racket_target/cycle_v2_visible: 0.0000
Metrics/racket_target/cycle_v2_ready_score_ok: 0.0000
Metrics/racket_target/cycle_v2_height_ok: 0.0000
Metrics/racket_target/cycle_v2_upright_ok: 0.0000
Metrics/racket_target/cycle_v2_base_lin_vel_ok: 0.0000
Metrics/racket_target/cycle_v2_base_ang_vel_ok: 0.0000
Metrics/racket_target/cycle_v2_feet_ok: 0.0000
Metrics/racket_target/cycle_v2_core_ready_ok: 0.0000
Metrics/racket_target/cycle_v2_ready_consecutive_steps: 0.0000
Metrics/racket_target/single_cycle_bootstrap: 0.0000
Metrics/racket_target/single_cycle_swing_completed: 0.0000
Metrics/racket_target/single_cycle_recovery_active: 0.0000
Metrics/racket_target/single_cycle_recovery_elapsed_steps: 0.0000
Metrics/racket_target/single_cycle_ready_consecutive_steps: 0.0000
Metrics/racket_target/single_cycle_safe_timeout_event: 0.0000
Metrics/racket_target/single_cycle_deadline_timeout_event: 0.0000
Metrics/racket_target/single_cycle_timeout_latch: 0.0000
Metrics/racket_target/single_cycle_hard_failure_event: 0.0000
Metrics/racket_target/single_cycle_probability: 0.0000
Metrics/racket_target/single_cycle_curriculum_level: 0.0000
Metrics/racket_target/single_cycle_effective_deadline_steps: 100.0000
Metrics/racket_target/single_cycle_selected_events: 0.0000
Metrics/racket_target/single_cycle_completed_events: 0.0000
Metrics/racket_target/single_cycle_safe_timeout_events: 0.0000
Metrics/racket_target/single_cycle_deadline_timeout_events: 0.0000
Metrics/racket_target/single_cycle_hard_failure_events: 0.0000
Metrics/racket_target/active_ready_consecutive_steps: 0.0000
Metrics/racket_target/active_ready_success_event: 0.0000
Metrics/racket_target/active_ready_success_latch: 0.0078
Metrics/racket_target/active_ready_survival_steps: 0.0000
Metrics/racket_target/active_ready_survival_next_milestone: 0.0000
Metrics/racket_target/active_ready_survival_milestone_event: 0.0000
Metrics/racket_target/no_command_ready_active: 0.0078
Metrics/racket_target/no_command_from_stand_episode: 0.0078
Metrics/racket_target/no_command_from_default_stand_reset: 0.0078
Metrics/racket_target/no_command_ready_upright_ok: 0.0000
Metrics/racket_target/no_command_ready_motion_ok: 0.0000
Metrics/racket_target/no_command_ready_score: 0.0011
Metrics/racket_target/no_command_ready_progress: 0.0004
Metrics/racket_target/no_command_ready_station_error: 0.0060
Metrics/racket_target/no_command_ready_fixed_station_error: 0.0060
Metrics/racket_target/healthy_training_stage: 3.0000
Metrics/racket_target/healthy_stage_planted_rehearsal: 0.0000
Metrics/racket_target/healthy_stage_station_hold_seen: 0.0000
Metrics/racket_target/healthy_stage_station_arrived: 0.0000
Metrics/racket_target/healthy_stage_station_settled: 0.0000
Metrics/racket_target/healthy_stage_station_settle_steps: 0.0000
Metrics/racket_target/station_relocation_active: 0.0000
Metrics/racket_target/station_relocation_target_offset_y: 0.0000
Metrics/racket_target/station_relocation_error: 0.0000
Metrics/racket_target/station_relocation_arrival_event: 0.0000
Metrics/racket_target/station_relocation_settle_event: 0.0000
Metrics/racket_target/station_relocation_release_event: 0.0000
Metrics/racket_target/station_relocation_timeout_event: 0.0000
Metrics/racket_target/station_relocation_elapsed_steps: 0.0000
Metrics/racket_target/station_relocation_hold_deadline_steps: 0.0000
Metrics/racket_target/lifecycle_recovery_hold_active: 0.0000
Metrics/racket_target/lifecycle_recovery_release_success_event: 0.0000
Metrics/racket_target/lifecycle_recovery_release_fail_event: 0.0000
Metrics/racket_target/station_relocation_level: 0.0000
Metrics/racket_target/station_relocation_arrival_ema: 0.0000
Metrics/racket_target/station_relocation_settle_ema: 0.0000
Metrics/racket_target/station_relocation_contact_ema: 0.0000
Metrics/racket_target/station_relocation_safety_ema: 0.0000
Metrics/racket_target/station_relocation_resolved_events: 0.0000
Metrics/racket_target/station_relocation_terminal_reset_events: 0.0000
Metrics/racket_target/station_relocation_advance_streak: 0.0000
Metrics/racket_target/station_relocation_regress_streak: 0.0000
Metrics/racket_target/station_relocation_effective_max_lin_vel: 0.0000
Metrics/racket_target/station_relocation_effective_max_ang_vel: 0.0000
Metrics/racket_target/station_relocation_effective_min_settle_steps: 0.0000
Metrics/racket_target/ability_curriculum_level: 0.0000
Metrics/racket_target/ability_curriculum_scale: 1.0000
Metrics/racket_target/ability_curriculum_resolved_events: 1812.5938
Metrics/racket_target/ability_curriculum_total_resolved_events: 1812.5938
Metrics/racket_target/ability_curriculum_advance_streak: 0.0000
Metrics/racket_target/ability_curriculum_regress_streak: 0.0000
Metrics/racket_target/ability_contact_ema: 0.7049
Metrics/racket_target/ability_net_ema: 0.7037
Metrics/racket_target/ability_success_ema: 0.0380
Metrics/racket_target/ability_recovery_ema: 0.8075
Metrics/racket_target/ability_cycle_ema: 0.0380
Metrics/racket_target/ability_cycle_attempt_ema: 0.0380
Metrics/racket_target/ability_cycle_resolved_ema: 0.0380
Metrics/racket_target/ability_forehand_contact_ema: 0.7118
Metrics/racket_target/ability_forehand_net_ema: 0.7104
Metrics/racket_target/ability_forehand_success_ema: 0.0239
Metrics/racket_target/ability_backhand_contact_ema: 0.6678
Metrics/racket_target/ability_backhand_net_ema: 0.6670
Metrics/racket_target/ability_backhand_success_ema: 0.0480
Metrics/racket_target/ability_attempt_ema: 1.0000
Metrics/racket_target/ability_targeted_attempt_ema: 0.9928
Metrics/racket_target/impact_health_floor_progress: 0.0000
Metrics/racket_target/ability_safety_ema: 0.9624
Metrics/racket_target/ability_station_saturation_ema: 0.0000
Metrics/racket_target/ability_healthy_normal_ema: 1.0000
Metrics/racket_target/ability_station_arrival_ema: 0.0000
Metrics/racket_target/ability_station_settle_ema: 0.0000
Metrics/racket_target/safe_outcome_capability_gate: 0.9108
Metrics/racket_target/planner_hit_plane_blend: 1.0000
Metrics/racket_target/planner_hit_plane_x_delta: 0.0359
Metrics/racket_target/true_strike_table_x: 0.2000
Metrics/racket_target/planner_target_table_x: 0.2000
Metrics/racket_target/workspace_level: 0.0000
Metrics/racket_target/workspace_fringe_sample: 0.0000
Metrics/racket_target/workspace_target_lateral_norm: 0.3336
Metrics/racket_target/workspace_target_table_y: -0.2410
Metrics/racket_target/workspace_playable_y_min: -0.7225
Metrics/racket_target/workspace_playable_y_max: 0.7225
Metrics/racket_target/workspace_active_y_lo: -0.3147
Metrics/racket_target/workspace_active_y_hi: -0.1805
Metrics/racket_target/workspace_motion_seed_blend: 0.0000
Metrics/racket_target/planner_perturb_curriculum_scale: 1.0000
Metrics/racket_target/incoming_ball_horizontal_speed: 2.2198
Metrics/racket_target/incoming_ball_speed: 4.6648
Metrics/racket_target/incoming_ball_speed_curriculum_level: 0.0000
Metrics/racket_target/incoming_ball_speed_sample_low: 0.0000
Metrics/racket_target/incoming_ball_speed_sample_high: 0.0000
Metrics/racket_target/station_saturated: 0.0000
Metrics/racket_target/station_raw_clip_excess: 0.0000
Metrics/racket_target/station_saturated_x: 0.0000
Metrics/racket_target/station_saturated_y: 0.0000
Metrics/racket_target/station_raw_clip_excess_x: 0.0000
Metrics/racket_target/station_raw_clip_excess_y: 0.0000
Metrics/racket_target/current_swing_opportunity: 0.9666
Metrics/racket_target/current_swing_attempt: 0.9666
Metrics/racket_target/current_swing_targeted_attempt: 0.9295
Metrics/racket_target/prev_swing_targeted_attempt: 0.9428
Metrics/racket_target/current_swing_unsafe: 0.0459
Metrics/racket_target/current_swing_station_saturated: 0.0000
Metrics/racket_target/impact_health_score: 0.8933
Metrics/racket_target/impact_health_ok: 0.8942
Metrics/racket_target/impact_health_backlean_violation: 0.0059
Metrics/racket_target/impact_health_waist_backfold: 0.0000
Metrics/racket_target/impact_health_base_retreat: 0.0402
Metrics/racket_target/impact_health_torso_gravity_x: 0.3269
Metrics/racket_target/impact_health_torso_ang_vel: 0.4345
Metrics/racket_target/impact_health_com_x: 0.0542
Metrics/racket_target/impact_health_com_y: 0.0286
Metrics/racket_target/post_contact_ready_pending: 0.0000
Metrics/racket_target/post_contact_ready_elapsed_steps: 3.3112
Metrics/racket_target/post_contact_ready_consecutive_steps: 0.0000
Metrics/racket_target/post_contact_ready_diagnostic_pending: 0.1908
Metrics/racket_target/post_contact_ready_diagnostic_elapsed_steps: 22.9349
Metrics/racket_target/post_contact_ready_durable_pending: 0.1421
Metrics/racket_target/post_contact_ready_durable_consecutive_steps: 0.5274
Metrics/racket_target/post_contact_ready_durable_ready_now: 0.0695
Metrics/racket_target/post_contact_ready_durable_success_event: 0.0000
Metrics/racket_target/post_contact_ready_durable_fail_event: 0.0000
Metrics/racket_target/post_contact_ready_durable_resolution_success_rate: 0.2102
Metrics/racket_target/post_contact_ready_durable_resolution_fail_rate: 0.6789
Metrics/racket_target/post_contact_ready_durable_resolution_success_latency_steps: 35.0000
Metrics/racket_target/post_contact_ready_durable_resolution_fail_latency_steps: 33.2245
Metrics/racket_target/post_contact_ready_durable_fail_backlean_rate: 0.0622
Metrics/racket_target/post_contact_ready_durable_fail_forward_lean_rate: 0.8775
Metrics/racket_target/post_contact_ready_durable_fail_torso_ang_vel_rate: 0.0627
Metrics/racket_target/post_contact_ready_durable_fail_base_lin_vel_rate: 0.0628
Metrics/racket_target/post_contact_ready_durable_fail_base_ang_vel_rate: 0.4065
Metrics/racket_target/post_contact_ready_durable_fail_racket_speed_rate: 0.0622
Metrics/racket_target/post_contact_ready_durable_fail_height_rate: 0.0622
Metrics/racket_target/post_contact_ready_durable_fail_com_x_rate: 0.0653
Metrics/racket_target/post_contact_ready_durable_fail_com_y_rate: 0.0622
Metrics/racket_target/post_contact_ready_durable_fail_feet_rate: 0.0622
Metrics/racket_target/post_contact_ready_durable_fail_station_rate: 0.0628
Metrics/racket_target/post_contact_ready_durable_fail_arm_rate: 0.0622
Metrics/racket_target/post_contact_ready_terminal_window_active: 0.0587
Metrics/racket_target/post_contact_ready_terminal_quality: 0.5143
Metrics/racket_target/post_contact_ready_terminal_settlement_event: 0.0000
Metrics/racket_target/post_contact_ready_operational_ready_now: 0.0587
Metrics/racket_target/post_contact_ready_operational_consecutive_steps: 0.1566
Metrics/racket_target/post_contact_ready_safe_settlement_event: 0.0000
Metrics/racket_target/post_contact_ready_unsafe_settlement_event: 0.0000
Metrics/racket_target/post_contact_ready_incomplete_settlement_event: 0.0000
Metrics/racket_target/post_contact_ready_safe_net_cycle_event: 0.0000
Metrics/racket_target/post_contact_ready_terminal_quality_mean: 0.9213
Metrics/racket_target/post_contact_ready_safe_terminal_quality_mean: 0.9308
Metrics/racket_target/post_contact_ready_terminal_safe_rate: 0.6983
Metrics/racket_target/post_contact_ready_terminal_unsafe_rate: 0.0332
Metrics/racket_target/post_contact_ready_terminal_incomplete_rate: 0.2685
Metrics/racket_target/post_contact_ready_safe_net_cycle_rate: 0.6818
Metrics/racket_target/post_contact_ready_score: 0.8279
Metrics/racket_target/post_contact_ready_now: 0.0000
Metrics/racket_target/post_contact_ready_success_event: 0.0000
Metrics/racket_target/post_contact_ready_fail_event: 0.0000
Metrics/racket_target/post_contact_ready_outcome_tier: 0.2734
Metrics/racket_target/post_contact_ready_face_quality: 0.5397
Metrics/racket_target/post_contact_ready_safe_face_net_cycle_value: 0.0000
Metrics/racket_target/post_contact_ready_planner_speed_ratio: 0.5939
Metrics/racket_target/post_contact_ready_planner_direction_error_rad: 0.1548
Metrics/racket_target/post_contact_ready_planner_position_error: 0.0409
Metrics/racket_target/post_contact_ready_impact_health_score: 0.6229
Metrics/racket_target/post_contact_ready_peak_base_ang_vel: 0.9355
Metrics/racket_target/post_contact_ready_peak_ang_vel_excess_increment: 0.0000
Metrics/racket_target/post_contact_ready_envelope_violation_latch: 0.0309
Metrics/racket_target/post_contact_ready_envelope_violation_event: 0.0000
Metrics/racket_target/post_contact_ready_envelope_first_violation_step: -0.8253
Metrics/racket_target/post_contact_ready_envelope_attempts: 2559.9688
Metrics/racket_target/post_contact_ready_envelope_violation_rate: 0.0348
Metrics/racket_target/post_contact_ready_envelope_tilt_violation_rate: 0.0000
Metrics/racket_target/post_contact_ready_envelope_pitch_violation_rate: 0.0000
Metrics/racket_target/post_contact_ready_envelope_com_violation_rate: 0.0004
Metrics/racket_target/post_contact_ready_envelope_waist_violation_rate: 0.0000
Metrics/racket_target/post_contact_ready_envelope_leg_violation_rate: 0.0000
Metrics/racket_target/post_contact_ready_envelope_base_ang_vel_violation_rate: 0.0344
Metrics/racket_target/post_contact_ready_resolution_success_rate: 0.9778
Metrics/racket_target/post_contact_ready_resolution_fail_rate: 0.0122
Metrics/racket_target/post_contact_ready_resolution_success_latency_steps: 5.0009
Metrics/racket_target/post_contact_ready_resolution_fail_latency_steps: 11.4545
Metrics/racket_target/post_contact_ready_max_tilt: 0.1327
Metrics/racket_target/post_contact_ready_max_abs_pitch: 0.1323
Metrics/racket_target/post_contact_ready_max_com_x: 0.0159
Metrics/racket_target/post_contact_ready_max_com_y: 0.0209
Metrics/racket_target/post_contact_ready_max_waist_overflow: 0.0000
Metrics/racket_target/post_contact_ready_max_leg_overflow: 0.0014
Metrics/racket_target/post_contact_ready_settlement_velocity_score_ema: 0.6620
Metrics/racket_target/post_contact_ready_settlement_position_gate_ema: 0.7772
Metrics/racket_target/post_contact_ready_settlement_health_gate_ema: 0.9783
Metrics/racket_target/post_contact_ready_settlement_recovery_gate_ema: 0.3887
Metrics/racket_target/post_contact_ready_settlement_total_score_ema: 0.1918
Metrics/racket_target/post_contact_recovery_backlean_error: 0.0411
Metrics/racket_target/post_contact_recovery_directional_progress: 0.0000
Metrics/racket_target/post_contact_ready_torso_ok: 0.3644
Metrics/racket_target/post_contact_ready_motion_ok: 0.8540
Metrics/racket_target/post_contact_ready_support_ok: 0.8942
Metrics/racket_target/post_contact_ready_arm_ok: 1.0000
Metrics/racket_target/post_contact_ready_base_lin_vel_ok: 0.9020
Metrics/racket_target/post_contact_ready_base_ang_vel_ok: 0.8726
Metrics/racket_target/post_contact_ready_racket_speed_ok: 0.9676
Metrics/racket_target/post_contact_ready_height_ok: 0.9541
Metrics/racket_target/post_contact_ready_com_x_ok: 0.9020
Metrics/racket_target/post_contact_ready_com_y_ok: 0.9835
Metrics/racket_target/post_contact_ready_feet_ok: 0.9779
Metrics/racket_target/post_contact_ready_station_ok: 0.9020
Metrics/racket_target/post_contact_ready_fail_torso: 0.0000
Metrics/racket_target/post_contact_ready_fail_base_lin_vel: 0.0000
Metrics/racket_target/post_contact_ready_fail_base_ang_vel: 0.0000
Metrics/racket_target/post_contact_ready_fail_racket_speed: 0.0000
Metrics/racket_target/post_contact_ready_fail_support: 0.0000
Metrics/racket_target/post_contact_ready_fail_arm: 0.0000
Metrics/racket_target/post_contact_ready_shadow_now: 0.0000
Metrics/racket_target/post_contact_ready_shadow_consecutive_steps: 0.0000
Metrics/racket_target/post_contact_ready_shadow_success_latch: 0.0000
Metrics/racket_target/post_contact_ready_curriculum_level: 0.0000
Metrics/racket_target/post_contact_ready_curriculum_fraction: 1.0000
Metrics/racket_target/post_contact_ready_curriculum_success_ema: 0.0000
Metrics/racket_target/post_contact_ready_curriculum_shadow_success_ema: 0.0000
Metrics/racket_target/post_contact_ready_curriculum_resolved_events: 0.0000
Metrics/racket_target/post_contact_ready_curriculum_successful_events: 0.0000
Metrics/racket_target/post_contact_ready_curriculum_targeted_attempt_ema: 0.0000
Metrics/racket_target/post_contact_ready_curriculum_return_success_ema: 0.0000
Metrics/racket_target/post_contact_ready_curriculum_completed_swings: 0.0000
Metrics/racket_target/post_contact_ready_curriculum_advance_streak: 0.0000
Metrics/racket_target/post_contact_ready_curriculum_advance_guard_ok: 0.0000
Metrics/racket_target/post_contact_ready_effective_max_torso_ang_vel: 1.5000
Metrics/racket_target/post_contact_ready_effective_torso_x_min: -0.1200
Metrics/racket_target/post_contact_ready_effective_torso_x_max: 0.3200
Metrics/racket_target/post_contact_ready_effective_max_base_lin_vel: 0.4500
Metrics/racket_target/post_contact_ready_effective_max_base_ang_vel: 1.3000
Metrics/racket_target/post_contact_ready_effective_max_racket_speed: 3.0000
Metrics/racket_target/post_contact_ready_effective_min_feet_contact: 0.5000
Metrics/racket_target/post_contact_ready_effective_required_consecutive_steps: 3.0000
Metrics/racket_target/post_contact_ready_effective_deadline_steps: 40.0000
Metrics/racket_target/post_contact_ready_curriculum_advance_threshold: 1.0000
Metrics/racket_target/post_contact_ready_curriculum_advance_min_events: 0.0000
Metrics/racket_target/post_contact_ready_curriculum_shadow_threshold: 1.0000
Metrics/racket_target/post_contact_ready_curriculum_min_targeted_attempt_ema: 0.0000
Metrics/racket_target/post_contact_ready_curriculum_min_return_success_ema: 0.0000
Metrics/racket_target/post_contact_ready_curriculum_min_completed_swings: 1.0000
Metrics/racket_target/post_contact_ready_curriculum_required_advance_checks: 1.0000
Metrics/racket_target/racket_normal_error_deg: 48.0680
Metrics/racket_target/impact_normal_error_deg: 12.8440
Metrics/racket_target/impact_racket_vel_error_mps: 0.6011
Metrics/racket_target/impact_racket_speed_ratio: 0.8710
Metrics/racket_target/impact_racket_vel_angle_deg: 14.9103
Metrics/racket_target/impact_racket_actual_vel_x: 0.8591
Metrics/racket_target/impact_racket_actual_vel_y: 0.0474
Metrics/racket_target/impact_racket_actual_vel_z: 1.3289
Metrics/racket_target/impact_racket_target_vel_x: 1.2051
Metrics/racket_target/impact_racket_target_vel_y: 0.0121
Metrics/racket_target/impact_racket_target_vel_z: 1.3736
Metrics/racket_target/impact_ball_out_error_mps: 4.4963
Metrics/racket_target/impact_face_radial_error_m: 0.0637
Metrics/racket_target/impact_face_normal_gap_m: 0.0483
Metrics/racket_target/impact_face_quality: 0.6741
Metrics/racket_target/impact_center_contact: 0.0000
Metrics/racket_target/impact_center_net_cross: 0.0000
Metrics/racket_target/impact_center_on_opponent: 0.0000
Metrics/racket_target/impact_rim_contact: 0.0000
Metrics/racket_target/impact_rim_net_cross: 0.0000
Metrics/racket_target/impact_rim_on_opponent: 0.0000
Metrics/racket_target/impact_analytic_outer_contact: 0.0000
Metrics/racket_target/impact_analytic_outer_net_cross: 0.0000
Metrics/racket_target/impact_analytic_outer_on_opponent: 0.0000
Metrics/racket_target/impact_planner_pos_error_m: 0.0887
Metrics/racket_target/impact_planner_vel_error_mps: 0.6011
Metrics/racket_target/impact_planner_speed_ratio: 0.8710
Metrics/racket_target/impact_planner_vel_angle_deg: 14.9103
Metrics/racket_target/impact_healthy_normal_ok: 0.0000
Metrics/racket_target/impact_healthy_contact: 0.0000
Metrics/racket_target/impact_healthy_net_cross: 0.0000
Metrics/racket_target/impact_healthy_on_opponent: 0.0000
Metrics/racket_target/current_swing_impact_health_score: 0.6229
Metrics/racket_target/current_swing_healthy_contact: 0.6393
Metrics/racket_target/current_swing_healthy_net_cross: 0.6171
Metrics/racket_target/current_swing_healthy_on_opponent: 0.0170
Metrics/racket_target/current_swing_healthy_normal_ok: 0.9614
Metrics/racket_target/current_swing_contact: 0.6393
Metrics/racket_target/current_swing_net_cross: 0.6171
Metrics/racket_target/current_swing_on_opponent: 0.0170
Metrics/racket_target/current_swing_center_contact: 0.4786
Metrics/racket_target/current_swing_center_net_cross: 0.4642
Metrics/racket_target/current_swing_center_on_opponent: 0.0063
Metrics/racket_target/current_swing_rim_contact: 0.1289
Metrics/racket_target/current_swing_rim_net_cross: 0.1211
Metrics/racket_target/current_swing_rim_on_opponent: 0.0063
Metrics/racket_target/current_swing_analytic_outer_contact: 0.0318
Metrics/racket_target/current_swing_analytic_outer_net_cross: 0.0318
Metrics/racket_target/current_swing_analytic_outer_on_opponent: 0.0045
Metrics/racket_target/cycle_v2_outcome_tier: -1.0000
Metrics/racket_target/cycle_v2_streak: 0.0000
Metrics/racket_target/closed_loop_recovery_trigger_event: 0.0000
Metrics/racket_target/closed_loop_cycle_success_event: 0.0000
Metrics/racket_target/closed_loop_durable_cycle_success_event: 0.0000
Metrics/racket_target/closed_loop_phase_id: 1.9677
Metrics/racket_target/closed_loop_phase_ready_no_command: 0.0078
Metrics/racket_target/closed_loop_phase_command_acquire: 0.0256
Metrics/racket_target/closed_loop_phase_pre_strike: 0.9621
Metrics/racket_target/closed_loop_phase_strike: 0.0000
Metrics/racket_target/closed_loop_phase_follow_through: 0.0045
Metrics/racket_target/closed_loop_phase_recovery: 0.0000
Metrics/racket_target/closed_loop_phase_next_ready: 0.0000
Metrics/racket_target/post_contact_phase_impact_0_100ms_attempts: 2559.9688
Metrics/racket_target/post_contact_phase_impact_0_100ms_tilt_gt_0p1_rate: 1.0000
Metrics/racket_target/post_contact_phase_impact_0_100ms_pitch_gt_0p1_rate: 1.0000
Metrics/racket_target/post_contact_phase_impact_0_100ms_waist_overflow_gt_1p0_rate: 0.0000
Metrics/racket_target/post_contact_phase_impact_0_100ms_base_ang_vel_gt_0p8_rate: 0.9887
Metrics/racket_target/post_contact_phase_brake_100_300ms_attempts: 2511.5938
Metrics/racket_target/post_contact_phase_brake_100_300ms_tilt_gt_0p1_rate: 0.9976
Metrics/racket_target/post_contact_phase_brake_100_300ms_pitch_gt_0p1_rate: 0.9956
Metrics/racket_target/post_contact_phase_brake_100_300ms_waist_overflow_gt_1p0_rate: 0.0000
Metrics/racket_target/post_contact_phase_brake_100_300ms_base_ang_vel_gt_0p8_rate: 0.9969
Metrics/racket_target/post_contact_phase_settle_300_600ms_attempts: 2415.6250
Metrics/racket_target/post_contact_phase_settle_300_600ms_tilt_gt_0p1_rate: 0.8108
Metrics/racket_target/post_contact_phase_settle_300_600ms_pitch_gt_0p1_rate: 0.7544
Metrics/racket_target/post_contact_phase_settle_300_600ms_waist_overflow_gt_1p0_rate: 0.0000
Metrics/racket_target/post_contact_phase_settle_300_600ms_base_ang_vel_gt_0p8_rate: 0.9897
Metrics/racket_target/post_contact_phase_ready_after_600ms_attempts: 2216.9688
Metrics/racket_target/post_contact_phase_ready_after_600ms_tilt_gt_0p1_rate: 0.5274
Metrics/racket_target/post_contact_phase_ready_after_600ms_pitch_gt_0p1_rate: 0.4199
Metrics/racket_target/post_contact_phase_ready_after_600ms_waist_overflow_gt_1p0_rate: 0.0000
Metrics/racket_target/post_contact_phase_ready_after_600ms_base_ang_vel_gt_0p8_rate: 0.9287
Metrics/racket_target/base_pitch_like_signed: -0.0673
Metrics/racket_target/base_backward_velocity: 0.0454
Metrics/racket_target/waist_action_rms: 0.2924
Metrics/racket_target/right_arm_action_rms: 3.2476
Metrics/racket_target/leg_action_rms: 0.4214
Metrics/racket_target/action_abs_max: 6.1537
Metrics/racket_target/applied_action_abs_max: 5.8942
Metrics/racket_target/leg_action_abs_max: 0.8010
Metrics/racket_target/effective_action_abs_max: 5.8942
Metrics/racket_target/action_clamp_fraction: 0.0039
Metrics/racket_target/waist_action_clamp_fraction: 0.0013
Metrics/racket_target/right_arm_action_clamp_fraction: 0.0009
Metrics/racket_target/leg_action_clamp_fraction: 0.0093
Metrics/racket_target/waist_q_tracking_error_rms: 0.3631
Metrics/racket_target/right_arm_q_tracking_error_rms: 0.1520
Metrics/racket_target/leg_q_tracking_error_rms: 0.2030
Metrics/racket_target/waist_torque_clip_fraction: 0.0000
Metrics/racket_target/right_arm_torque_clip_fraction: 0.0000
Metrics/racket_target/leg_torque_clip_fraction: 0.0000
Metrics/racket_target/waist_action_delta_rms: 0.1566
Metrics/racket_target/right_arm_action_delta_rms: 0.8455
Metrics/racket_target/leg_action_delta_rms: 0.2459
Metrics/racket_target/waist_joint_vel_rms: 0.5554
Metrics/racket_target/right_arm_joint_vel_rms: 1.0069
Metrics/racket_target/leg_joint_vel_rms: 0.5947
Metrics/racket_target/recovery_leg_action_abs_max: 0.7682
Metrics/racket_target/recovery_leg_action_delta_rms: 0.2340
Metrics/racket_target/recovery_leg_joint_vel_rms: 0.5408
      Episode_Termination/time_out: 4.0625
  Episode_Termination/base_too_low: 0.0625
   Episode_Termination/base_tilted: 0.1562
   Episode_Termination/table_touch: 0.2812
Episode_Termination/persistent_action_overflow: 0.0000
--------------------------------------------------------------------------------
                   Total timesteps: 589824
                    Iteration time: 2.51s
                      Time elapsed: 00:00:22
                               ETA: 00:00:29

################################################################################
                     [1m Learning iteration 1809/1820 [0m                     

                       Computation: 26068 steps/s (collection: 2.497s, learning 0.017s)
             Mean action noise std: 0.45
          Mean value_function loss: 0.2144
               Mean surrogate loss: -0.0000
                 Mean entropy loss: 2.8121
      Mean critic_only_warmup loss: 1.0000
                       Mean reward: 8.92
               Mean episode length: 291.29
 Episode_Reward/undesired_contacts: 0.0000
  Episode_Reward/feet_contact_slip: -0.0015
     Episode_Reward/table_no_touch: -0.0007
              Episode_Reward/alive: 0.0057
            Episode_Reward/upright: -0.0049
          Episode_Reward/imitation: 0.2395
    Episode_Reward/racket_position: 0.0461
Episode_Reward/backhand_racket_position: 0.0211
    Episode_Reward/racket_velocity: 0.0301
Episode_Reward/planner_racket_task_space_crossfade: 0.1880
Episode_Reward/exact_impact_planner_task_space_alignment: 0.0042
    Episode_Reward/blade_direction: 0.0277
Episode_Reward/health_gated_soft_ball_contact: 0.0298
Episode_Reward/health_gated_backhand_soft_ball_contact: 0.0194
Episode_Reward/health_gated_ball_contact: 0.0050
Episode_Reward/healthy_trunk_support: 0.0478
Episode_Reward/targeted_strike_attempt: 0.0070
  Episode_Reward/strike_inactivity: 0.0000
 Episode_Reward/pre_strike_station: 0.0419
    Episode_Reward/recovery_health: 0.0341
Episode_Reward/no_command_ready_stability: 0.0013
Episode_Reward/post_strike_base_ang_vel: 0.0065
Episode_Reward/phase_action_overflow: -0.0001
     Episode_Reward/strike_balance: 0.0178
Episode_Reward/prestrike_station_progress: 0.0116
 Episode_Reward/lower_body_support: 0.0263
Episode_Reward/termination_penalty: -0.0185
Episode_Reward/phase_action_rate_waist: -0.0002
Episode_Reward/phase_action_rate_upper: -0.0039
Episode_Reward/phase_action_rate_legs: -0.0002
        Episode_Reward/joint_limit: -0.0218
Episode_Reward/prestrike_racket_progress: 0.1120
Episode_Reward/near_impact_planner_velocity_progress: 0.0274
Episode_Reward/operational_joint_margin: -0.0070
  Episode_Reward/joint_target_slew: -0.0195
Episode_Reward/actuator_waist_feasibility: -0.0000
Episode_Reward/actuator_right_arm_feasibility: -0.0000
Episode_Reward/actuator_leg_feasibility: -0.0000
Episode_Reward/terminal_quality_window: 0.0008
Episode_Reward/safe_terminal_quality: 0.0012
Episode_Reward/unsafe_terminal_recovery: -0.0001
Episode_Reward/capability_gated_safe_terminal_outcome: 0.0090
Episode_Reward/targeted_contact_miss: -0.0022
    Metrics/motion/error_joint_pos: 1.5760
    Metrics/motion/error_joint_vel: 7.9431
     Metrics/motion/error_body_pos: 0.1327
     Metrics/motion/error_body_rot: 0.5311
       Metrics/motion/motion_phase: 0.7682
            Metrics/motion/in_hold: 0.0906
Metrics/motion/motion_start_warmup_prob: 0.8000
Metrics/motion/motion_start_lifecycle_progress: 0.0000
Metrics/motion/motion_start_effective_prestrike_fraction: 1.0000
Metrics/motion/motion_start_effective_recovery_fraction: 0.0000
Metrics/motion/motion_start_effective_rsi_fraction: 0.0000
 Metrics/motion/motion_start_reset: 0.0203
Metrics/motion/motion_start_prestrike_reset: 0.0000
Metrics/motion/motion_start_recovery_reset: 0.0000
Metrics/motion/motion_start_rsi_reset: 0.0000
 Metrics/motion/single_cycle_reset: 0.0000
     Metrics/motion/motion_clip_id: 0.6058
Metrics/motion/motion_supplemental_clip: 0.0000
      Metrics/motion/stand_episode: 0.0397
Metrics/motion/default_stand_reset: 0.1001
Metrics/motion/error_body_pos_lower: 0.1282
Metrics/motion/error_body_rot_lower: 0.4260
Metrics/motion/error_body_lin_vel_lower: 0.1935
Metrics/motion/error_body_ang_vel_lower: 0.9396
Metrics/motion/reference_body_lin_speed_lower: 0.0131
Metrics/motion/robot_body_lin_speed_lower: 0.1899
Metrics/motion/error_body_pos_core: 0.0627
Metrics/motion/error_body_rot_core: 0.3366
Metrics/motion/error_body_lin_vel_core: 0.3169
Metrics/motion/error_body_ang_vel_core: 1.2692
Metrics/motion/reference_body_lin_speed_core: 0.0101
Metrics/motion/robot_body_lin_speed_core: 0.3147
Metrics/motion/error_body_pos_upper: 0.1604
Metrics/motion/error_body_rot_upper: 0.7010
Metrics/motion/error_body_lin_vel_upper: 1.0084
Metrics/motion/error_body_ang_vel_upper: 3.6598
Metrics/motion/reference_body_lin_speed_upper: 0.0208
Metrics/motion/robot_body_lin_speed_upper: 1.0094
Metrics/motion/error_joint_pos_waist: 0.3007
Metrics/motion/error_joint_vel_waist: 1.5579
Metrics/motion/reference_joint_speed_waist: 0.0144
Metrics/motion/error_joint_pos_arms: 1.3930
Metrics/motion/error_joint_vel_arms: 7.1171
Metrics/motion/reference_joint_speed_arms: 0.0473
Metrics/motion/error_joint_pos_legs: 0.6160
Metrics/motion/error_joint_vel_legs: 2.4968
Metrics/motion/reference_joint_speed_legs: 0.0037
Metrics/racket_target/racket_pos_error: 0.1171
Metrics/racket_target/racket_vel_error: 1.2359
Metrics/racket_target/time_to_strike: -1.0511
Metrics/racket_target/return_success: 0.0045
Metrics/racket_target/prev_return_success: 0.0000
Metrics/racket_target/prev_net_cross: 0.5586
Metrics/racket_target/current_net_cross: 0.4415
Metrics/racket_target/racket_pos_curriculum_scale: 1.0000
Metrics/racket_target/impact_inverse_command_blend: 0.0000
Metrics/racket_target/steps_since_target_resample: 138.2026
Metrics/racket_target/recovery_height_error: 0.0411
Metrics/racket_target/recovery_upright_error: 0.1193
Metrics/racket_target/recovery_base_lin_vel: 0.2454
Metrics/racket_target/recovery_base_ang_vel: 1.0516
Metrics/racket_target/recovery_station_error: 0.1007
Metrics/racket_target/recovery_feet_contact_frac: 0.9657
Metrics/racket_target/recovery_racket_speed: 2.7370
Metrics/racket_target/recovery_height_score: 0.8552
Metrics/racket_target/recovery_upright_score: 0.8325
Metrics/racket_target/recovery_lin_vel_score: 0.6659
Metrics/racket_target/recovery_ang_vel_score: 0.3208
Metrics/racket_target/recovery_station_score: 0.8227
Metrics/racket_target/recovery_racket_score: 0.1061
Metrics/racket_target/recovery_arm_score: 0.5423
Metrics/racket_target/recovery_ready_score: 0.6845
Metrics/racket_target/recovery_anchor_arm_score: 1.0000
Metrics/racket_target/recovery_core_ready_score: 0.5768
Metrics/racket_target/recovery_functional_ready_score: 0.4961
Metrics/racket_target/waist_action_overflow_rms: 0.0000
Metrics/racket_target/right_arm_action_overflow_rms: 0.0000
Metrics/racket_target/leg_action_overflow_rms: 0.0143
Metrics/racket_target/operational_margin_fraction: 0.0090
Metrics/racket_target/waist_operational_margin_fraction: 0.0038
Metrics/racket_target/right_arm_operational_margin_fraction: 0.0000
Metrics/racket_target/leg_operational_margin_fraction: 0.0222
Metrics/racket_target/waist_operational_excess_rms: 0.0002
Metrics/racket_target/right_arm_operational_excess_rms: 0.0000
Metrics/racket_target/leg_operational_excess_rms: 0.0091
Metrics/racket_target/q_des_velocity_violation_fraction: 0.0713
Metrics/racket_target/waist_q_des_velocity_violation_fraction: 0.0036
Metrics/racket_target/right_arm_q_des_velocity_violation_fraction: 0.1160
Metrics/racket_target/leg_q_des_velocity_violation_fraction: 0.0891
Metrics/racket_target/q_des_acceleration_violation_fraction: 0.6872
Metrics/racket_target/waist_q_des_acceleration_violation_fraction: 0.5546
Metrics/racket_target/right_arm_q_des_acceleration_violation_fraction: 0.7942
Metrics/racket_target/leg_q_des_acceleration_violation_fraction: 0.7468
Metrics/racket_target/waist_q_des_velocity_rms: 3.3959
Metrics/racket_target/right_arm_q_des_velocity_rms: 8.6662
Metrics/racket_target/leg_q_des_velocity_rms: 6.6747
Metrics/racket_target/waist_q_des_acceleration_rms: 262.2072
Metrics/racket_target/right_arm_q_des_acceleration_rms: 644.1165
Metrics/racket_target/leg_q_des_acceleration_rms: 549.2971
Metrics/racket_target/action_operational_feasibility_score: 0.9025
Metrics/racket_target/actuator_overflow_consecutive_steps: 0.0000
Metrics/racket_target/actuator_overflow_severe: 0.0000
Metrics/racket_target/recovery_phase_gate: 0.9562
Metrics/racket_target/recovery_phase_ready_score: 0.6793
Metrics/racket_target/recovery_contact_ready_score: 0.3330
Metrics/racket_target/recovery_net_ready_score: 0.3290
Metrics/racket_target/recovery_return_ready_score: 0.0039
Metrics/racket_target/cycle_success_ready_score: 0.0000
Metrics/racket_target/cycle_success_soft: 0.0000
Metrics/racket_target/cycle_success_binary: 0.0000
Metrics/racket_target/cycle_v2_pending: 0.0000
Metrics/racket_target/cycle_v2_attempt_latch: 0.0000
Metrics/racket_target/cycle_v2_ready_success_latch: 0.0000
Metrics/racket_target/cycle_v2_ready_fail_latch: 0.0000
Metrics/racket_target/cycle_v2_attempt_event: 0.0000
Metrics/racket_target/cycle_v2_ready_success_event: 0.0000
Metrics/racket_target/cycle_v2_ready_fail_event: 0.0000
Metrics/racket_target/cycle_v2_unresolved_resample_fail_event: 0.0000
Metrics/racket_target/cycle_v2_resolved_event: 0.0000
Metrics/racket_target/cycle_v2_command_visible_steps: 0.0000
Metrics/racket_target/cycle_v2_elapsed_steps: 0.0000
Metrics/racket_target/cycle_v2_ready_score: 0.0000
Metrics/racket_target/cycle_v2_ready_ok: 0.0000
Metrics/racket_target/cycle_v2_visible: 0.0000
Metrics/racket_target/cycle_v2_ready_score_ok: 0.0000
Metrics/racket_target/cycle_v2_height_ok: 0.0000
Metrics/racket_target/cycle_v2_upright_ok: 0.0000
Metrics/racket_target/cycle_v2_base_lin_vel_ok: 0.0000
Metrics/racket_target/cycle_v2_base_ang_vel_ok: 0.0000
Metrics/racket_target/cycle_v2_feet_ok: 0.0000
Metrics/racket_target/cycle_v2_core_ready_ok: 0.0000
Metrics/racket_target/cycle_v2_ready_consecutive_steps: 0.0000
Metrics/racket_target/single_cycle_bootstrap: 0.0000
Metrics/racket_target/single_cycle_swing_completed: 0.0000
Metrics/racket_target/single_cycle_recovery_active: 0.0000
Metrics/racket_target/single_cycle_recovery_elapsed_steps: 0.0000
Metrics/racket_target/single_cycle_ready_consecutive_steps: 0.0000
Metrics/racket_target/single_cycle_safe_timeout_event: 0.0000
Metrics/racket_target/single_cycle_deadline_timeout_event: 0.0000
Metrics/racket_target/single_cycle_timeout_latch: 0.0000
Metrics/racket_target/single_cycle_hard_failure_event: 0.0000
Metrics/racket_target/single_cycle_probability: 0.0000
Metrics/racket_target/single_cycle_curriculum_level: 0.0000
Metrics/racket_target/single_cycle_effective_deadline_steps: 100.0000
Metrics/racket_target/single_cycle_selected_events: 0.0000
Metrics/racket_target/single_cycle_completed_events: 0.0000
Metrics/racket_target/single_cycle_safe_timeout_events: 0.0000
Metrics/racket_target/single_cycle_deadline_timeout_events: 0.0000
Metrics/racket_target/single_cycle_hard_failure_events: 0.0000
Metrics/racket_target/active_ready_consecutive_steps: 0.0259
Metrics/racket_target/active_ready_success_event: 0.0000
Metrics/racket_target/active_ready_success_latch: 0.0000
Metrics/racket_target/active_ready_survival_steps: 0.0000
Metrics/racket_target/active_ready_survival_next_milestone: 0.0000
Metrics/racket_target/active_ready_survival_milestone_event: 0.0000
Metrics/racket_target/no_command_ready_active: 0.0397
Metrics/racket_target/no_command_from_stand_episode: 0.0397
Metrics/racket_target/no_command_from_default_stand_reset: 0.0397
Metrics/racket_target/no_command_ready_upright_ok: 0.0275
Metrics/racket_target/no_command_ready_motion_ok: 0.0152
Metrics/racket_target/no_command_ready_score: 0.0196
Metrics/racket_target/no_command_ready_progress: -0.0172
Metrics/racket_target/no_command_ready_station_error: 0.0106
Metrics/racket_target/no_command_ready_fixed_station_error: 0.0106
Metrics/racket_target/healthy_training_stage: 3.0000
Metrics/racket_target/healthy_stage_planted_rehearsal: 0.0000
Metrics/racket_target/healthy_stage_station_hold_seen: 0.0000
Metrics/racket_target/healthy_stage_station_arrived: 0.0000
Metrics/racket_target/healthy_stage_station_settled: 0.0000
Metrics/racket_target/healthy_stage_station_settle_steps: 0.0000
Metrics/racket_target/station_relocation_active: 0.0000
Metrics/racket_target/station_relocation_target_offset_y: 0.0000
Metrics/racket_target/station_relocation_error: 0.0000
Metrics/racket_target/station_relocation_arrival_event: 0.0000
Metrics/racket_target/station_relocation_settle_event: 0.0000
Metrics/racket_target/station_relocation_release_event: 0.0000
Metrics/racket_target/station_relocation_timeout_event: 0.0000
Metrics/racket_target/station_relocation_elapsed_steps: 0.0000
Metrics/racket_target/station_relocation_hold_deadline_steps: 0.0000
Metrics/racket_target/lifecycle_recovery_hold_active: 0.0000
Metrics/racket_target/lifecycle_recovery_release_success_event: 0.0000
Metrics/racket_target/lifecycle_recovery_release_fail_event: 0.0000
Metrics/racket_target/station_relocation_level: 0.0000
Metrics/racket_target/station_relocation_arrival_ema: 0.0000
Metrics/racket_target/station_relocation_settle_ema: 0.0000
Metrics/racket_target/station_relocation_contact_ema: 0.0000
Metrics/racket_target/station_relocation_safety_ema: 0.0000
Metrics/racket_target/station_relocation_resolved_events: 0.0000
Metrics/racket_target/station_relocation_terminal_reset_events: 0.0000
Metrics/racket_target/station_relocation_advance_streak: 0.0000
Metrics/racket_target/station_relocation_regress_streak: 0.0000
Metrics/racket_target/station_relocation_effective_max_lin_vel: 0.0000
Metrics/racket_target/station_relocation_effective_max_ang_vel: 0.0000
Metrics/racket_target/station_relocation_effective_min_settle_steps: 0.0000
Metrics/racket_target/ability_curriculum_level: 0.0000
Metrics/racket_target/ability_curriculum_scale: 1.0000
Metrics/racket_target/ability_curriculum_resolved_events: 2013.3750
Metrics/racket_target/ability_curriculum_total_resolved_events: 2013.3750
Metrics/racket_target/ability_curriculum_advance_streak: 0.0000
Metrics/racket_target/ability_curriculum_regress_streak: 0.0000
Metrics/racket_target/ability_contact_ema: 0.6957
Metrics/racket_target/ability_net_ema: 0.6905
Metrics/racket_target/ability_success_ema: 0.0242
Metrics/racket_target/ability_recovery_ema: 0.8052
Metrics/racket_target/ability_cycle_ema: 0.0242
Metrics/racket_target/ability_cycle_attempt_ema: 0.0242
Metrics/racket_target/ability_cycle_resolved_ema: 0.0242
Metrics/racket_target/ability_forehand_contact_ema: 0.7525
Metrics/racket_target/ability_forehand_net_ema: 0.7515
Metrics/racket_target/ability_forehand_success_ema: 0.0126
Metrics/racket_target/ability_backhand_contact_ema: 0.6586
Metrics/racket_target/ability_backhand_net_ema: 0.6483
Metrics/racket_target/ability_backhand_success_ema: 0.0309
Metrics/racket_target/ability_attempt_ema: 1.0000
Metrics/racket_target/ability_targeted_attempt_ema: 0.9993
Metrics/racket_target/impact_health_floor_progress: 0.0000
Metrics/racket_target/ability_safety_ema: 0.9582
Metrics/racket_target/ability_station_saturation_ema: 0.0000
Metrics/racket_target/ability_healthy_normal_ema: 1.0000
Metrics/racket_target/ability_station_arrival_ema: 0.0000
Metrics/racket_target/ability_station_settle_ema: 0.0000
Metrics/racket_target/safe_outcome_capability_gate: 0.9992
Metrics/racket_target/planner_hit_plane_blend: 1.0000
Metrics/racket_target/planner_hit_plane_x_delta: 0.0368
Metrics/racket_target/true_strike_table_x: 0.2000
Metrics/racket_target/planner_target_table_x: 0.2000
Metrics/racket_target/workspace_level: 0.0000
Metrics/racket_target/workspace_fringe_sample: 0.0000
Metrics/racket_target/workspace_target_lateral_norm: 0.2935
Metrics/racket_target/workspace_target_table_y: -0.2120
Metrics/racket_target/workspace_playable_y_min: -0.7225
Metrics/racket_target/workspace_playable_y_max: 0.7225
Metrics/racket_target/workspace_active_y_lo: -0.2798
Metrics/racket_target/workspace_active_y_hi: -0.1481
Metrics/racket_target/workspace_motion_seed_blend: 0.0000
Metrics/racket_target/planner_perturb_curriculum_scale: 1.0000
Metrics/racket_target/incoming_ball_horizontal_speed: 2.2718
Metrics/racket_target/incoming_ball_speed: 4.6266
Metrics/racket_target/incoming_ball_speed_curriculum_level: 0.0000
Metrics/racket_target/incoming_ball_speed_sample_low: 0.0000
Metrics/racket_target/incoming_ball_speed_sample_high: 0.0000
Metrics/racket_target/station_saturated: 0.0000
Metrics/racket_target/station_raw_clip_excess: 0.0000
Metrics/racket_target/station_saturated_x: 0.0000
Metrics/racket_target/station_saturated_y: 0.0000
Metrics/racket_target/station_raw_clip_excess_x: 0.0000
Metrics/racket_target/station_raw_clip_excess_y: 0.0000
Metrics/racket_target/current_swing_opportunity: 0.8656
Metrics/racket_target/current_swing_attempt: 0.8656
Metrics/racket_target/current_swing_targeted_attempt: 0.8656
Metrics/racket_target/prev_swing_targeted_attempt: 0.8795
Metrics/racket_target/current_swing_unsafe: 0.0553
Metrics/racket_target/current_swing_station_saturated: 0.0000
Metrics/racket_target/impact_health_score: 0.8459
Metrics/racket_target/impact_health_ok: 0.8443
Metrics/racket_target/impact_health_backlean_violation: 0.0113
Metrics/racket_target/impact_health_waist_backfold: 0.0000
Metrics/racket_target/impact_health_base_retreat: 0.0388
Metrics/racket_target/impact_health_torso_gravity_x: 0.3841
Metrics/racket_target/impact_health_torso_ang_vel: 0.6573
Metrics/racket_target/impact_health_com_x: 0.0632
Metrics/racket_target/impact_health_com_y: 0.0381
Metrics/racket_target/post_contact_ready_pending: 0.0000
Metrics/racket_target/post_contact_ready_elapsed_steps: 2.1310
Metrics/racket_target/post_contact_ready_consecutive_steps: 0.0000
Metrics/racket_target/post_contact_ready_diagnostic_pending: 0.0000
Metrics/racket_target/post_contact_ready_diagnostic_elapsed_steps: 16.9473
Metrics/racket_target/post_contact_ready_durable_pending: 0.0000
Metrics/racket_target/post_contact_ready_durable_consecutive_steps: 0.0000
Metrics/racket_target/post_contact_ready_durable_ready_now: 0.0000
Metrics/racket_target/post_contact_ready_durable_success_event: 0.0000
Metrics/racket_target/post_contact_ready_durable_fail_event: 0.0000
Metrics/racket_target/post_contact_ready_durable_resolution_success_rate: 0.2336
Metrics/racket_target/post_contact_ready_durable_resolution_fail_rate: 0.7039
Metrics/racket_target/post_contact_ready_durable_resolution_success_latency_steps: 35.0000
Metrics/racket_target/post_contact_ready_durable_resolution_fail_latency_steps: 33.3753
Metrics/racket_target/post_contact_ready_durable_fail_backlean_rate: 0.0565
Metrics/racket_target/post_contact_ready_durable_fail_forward_lean_rate: 0.8685
Metrics/racket_target/post_contact_ready_durable_fail_torso_ang_vel_rate: 0.0571
Metrics/racket_target/post_contact_ready_durable_fail_base_lin_vel_rate: 0.0571
Metrics/racket_target/post_contact_ready_durable_fail_base_ang_vel_rate: 0.4069
Metrics/racket_target/post_contact_ready_durable_fail_racket_speed_rate: 0.0565
Metrics/racket_target/post_contact_ready_durable_fail_height_rate: 0.0565
Metrics/racket_target/post_contact_ready_durable_fail_com_x_rate: 0.0597
Metrics/racket_target/post_contact_ready_durable_fail_com_y_rate: 0.0565
Metrics/racket_target/post_contact_ready_durable_fail_feet_rate: 0.0565
Metrics/racket_target/post_contact_ready_durable_fail_station_rate: 0.0571
Metrics/racket_target/post_contact_ready_durable_fail_arm_rate: 0.0565
Metrics/racket_target/post_contact_ready_terminal_window_active: 0.0000
Metrics/racket_target/post_contact_ready_terminal_quality: 0.4032
Metrics/racket_target/post_contact_ready_terminal_settlement_event: 0.0000
Metrics/racket_target/post_contact_ready_operational_ready_now: 0.0000
Metrics/racket_target/post_contact_ready_operational_consecutive_steps: 0.0000
Metrics/racket_target/post_contact_ready_safe_settlement_event: 0.0000
Metrics/racket_target/post_contact_ready_unsafe_settlement_event: 0.0000
Metrics/racket_target/post_contact_ready_incomplete_settlement_event: 0.0000
Metrics/racket_target/post_contact_ready_safe_net_cycle_event: 0.0000
Metrics/racket_target/post_contact_ready_terminal_quality_mean: 0.9224
Metrics/racket_target/post_contact_ready_safe_terminal_quality_mean: 0.9323
Metrics/racket_target/post_contact_ready_terminal_safe_rate: 0.7001
Metrics/racket_target/post_contact_ready_terminal_unsafe_rate: 0.0344
Metrics/racket_target/post_contact_ready_terminal_incomplete_rate: 0.2656
Metrics/racket_target/post_contact_ready_safe_net_cycle_rate: 0.6831
Metrics/racket_target/post_contact_ready_score: 0.5956
Metrics/racket_target/post_contact_ready_now: 0.0000
Metrics/racket_target/post_contact_ready_success_event: 0.0000
Metrics/racket_target/post_contact_ready_fail_event: 0.0000
Metrics/racket_target/post_contact_ready_outcome_tier: -0.1080
Metrics/racket_target/post_contact_ready_face_quality: 0.3610
Metrics/racket_target/post_contact_ready_safe_face_net_cycle_value: 0.0000
Metrics/racket_target/post_contact_ready_planner_speed_ratio: 0.4195
Metrics/racket_target/post_contact_ready_planner_direction_error_rad: 0.1216
Metrics/racket_target/post_contact_ready_planner_position_error: 0.0277
Metrics/racket_target/post_contact_ready_impact_health_score: 0.4292
Metrics/racket_target/post_contact_ready_peak_base_ang_vel: 0.6878
Metrics/racket_target/post_contact_ready_peak_ang_vel_excess_increment: 0.0000
Metrics/racket_target/post_contact_ready_envelope_violation_latch: 0.0401
Metrics/racket_target/post_contact_ready_envelope_violation_event: 0.0000
Metrics/racket_target/post_contact_ready_envelope_first_violation_step: -0.5099
Metrics/racket_target/post_contact_ready_envelope_attempts: 2714.9688
Metrics/racket_target/post_contact_ready_envelope_violation_rate: 0.0339
Metrics/racket_target/post_contact_ready_envelope_tilt_violation_rate: 0.0000
Metrics/racket_target/post_contact_ready_envelope_pitch_violation_rate: 0.0000
Metrics/racket_target/post_contact_ready_envelope_com_violation_rate: 0.0004
Metrics/racket_target/post_contact_ready_envelope_waist_violation_rate: 0.0000
Metrics/racket_target/post_contact_ready_envelope_leg_violation_rate: 0.0000
Metrics/racket_target/post_contact_ready_envelope_base_ang_vel_violation_rate: 0.0335
Metrics/racket_target/post_contact_ready_resolution_success_rate: 0.9789
Metrics/racket_target/post_contact_ready_resolution_fail_rate: 0.0118
Metrics/racket_target/post_contact_ready_resolution_success_latency_steps: 4.9907
Metrics/racket_target/post_contact_ready_resolution_fail_latency_steps: 12.1562
Metrics/racket_target/post_contact_ready_max_tilt: 0.0898
Metrics/racket_target/post_contact_ready_max_abs_pitch: 0.0895
Metrics/racket_target/post_contact_ready_max_com_x: 0.0139
Metrics/racket_target/post_contact_ready_max_com_y: 0.0136
Metrics/racket_target/post_contact_ready_max_waist_overflow: 0.0000
Metrics/racket_target/post_contact_ready_max_leg_overflow: 0.0043
Metrics/racket_target/post_contact_ready_settlement_velocity_score_ema: 0.6309
Metrics/racket_target/post_contact_ready_settlement_position_gate_ema: 0.7728
Metrics/racket_target/post_contact_ready_settlement_health_gate_ema: 0.9803
Metrics/racket_target/post_contact_ready_settlement_recovery_gate_ema: 0.4404
Metrics/racket_target/post_contact_ready_settlement_total_score_ema: 0.2056
Metrics/racket_target/post_contact_recovery_backlean_error: 0.0987
Metrics/racket_target/post_contact_recovery_directional_progress: 0.0000
Metrics/racket_target/post_contact_ready_torso_ok: 0.0212
Metrics/racket_target/post_contact_ready_motion_ok: 0.4017
Metrics/racket_target/post_contact_ready_support_ok: 0.8566
Metrics/racket_target/post_contact_ready_arm_ok: 1.0000
Metrics/racket_target/post_contact_ready_base_lin_vel_ok: 0.8462
Metrics/racket_target/post_contact_ready_base_ang_vel_ok: 0.7705
Metrics/racket_target/post_contact_ready_racket_speed_ok: 0.5592
Metrics/racket_target/post_contact_ready_height_ok: 0.9447
Metrics/racket_target/post_contact_ready_com_x_ok: 0.8670
Metrics/racket_target/post_contact_ready_com_y_ok: 0.9445
Metrics/racket_target/post_contact_ready_feet_ok: 0.9851
Metrics/racket_target/post_contact_ready_station_ok: 0.8749
Metrics/racket_target/post_contact_ready_fail_torso: 0.0000
Metrics/racket_target/post_contact_ready_fail_base_lin_vel: 0.0000
Metrics/racket_target/post_contact_ready_fail_base_ang_vel: 0.0000
Metrics/racket_target/post_contact_ready_fail_racket_speed: 0.0000
Metrics/racket_target/post_contact_ready_fail_support: 0.0000
Metrics/racket_target/post_contact_ready_fail_arm: 0.0000
Metrics/racket_target/post_contact_ready_shadow_now: 0.0000
Metrics/racket_target/post_contact_ready_shadow_consecutive_steps: 0.0000
Metrics/racket_target/post_contact_ready_shadow_success_latch: 0.0000
Metrics/racket_target/post_contact_ready_curriculum_level: 0.0000
Metrics/racket_target/post_contact_ready_curriculum_fraction: 1.0000
Metrics/racket_target/post_contact_ready_curriculum_success_ema: 0.0000
Metrics/racket_target/post_contact_ready_curriculum_shadow_success_ema: 0.0000
Metrics/racket_target/post_contact_ready_curriculum_resolved_events: 0.0000
Metrics/racket_target/post_contact_ready_curriculum_successful_events: 0.0000
Metrics/racket_target/post_contact_ready_curriculum_targeted_attempt_ema: 0.0000
Metrics/racket_target/post_contact_ready_curriculum_return_success_ema: 0.0000
Metrics/racket_target/post_contact_ready_curriculum_completed_swings: 0.0000
Metrics/racket_target/post_contact_ready_curriculum_advance_streak: 0.0000
Metrics/racket_target/post_contact_ready_curriculum_advance_guard_ok: 0.0000
Metrics/racket_target/post_contact_ready_effective_max_torso_ang_vel: 1.5000
Metrics/racket_target/post_contact_ready_effective_torso_x_min: -0.1200
Metrics/racket_target/post_contact_ready_effective_torso_x_max: 0.3200
Metrics/racket_target/post_contact_ready_effective_max_base_lin_vel: 0.4500
Metrics/racket_target/post_contact_ready_effective_max_base_ang_vel: 1.3000
Metrics/racket_target/post_contact_ready_effective_max_racket_speed: 3.0000
Metrics/racket_target/post_contact_ready_effective_min_feet_contact: 0.5000
Metrics/racket_target/post_contact_ready_effective_required_consecutive_steps: 3.0000
Metrics/racket_target/post_contact_ready_effective_deadline_steps: 40.0000
Metrics/racket_target/post_contact_ready_curriculum_advance_threshold: 1.0000
Metrics/racket_target/post_contact_ready_curriculum_advance_min_events: 0.0000
Metrics/racket_target/post_contact_ready_curriculum_shadow_threshold: 1.0000
Metrics/racket_target/post_contact_ready_curriculum_min_targeted_attempt_ema: 0.0000
Metrics/racket_target/post_contact_ready_curriculum_min_return_success_ema: 0.0000
Metrics/racket_target/post_contact_ready_curriculum_min_completed_swings: 1.0000
Metrics/racket_target/post_contact_ready_curriculum_required_advance_checks: 1.0000
Metrics/racket_target/racket_normal_error_deg: 61.2503
Metrics/racket_target/impact_normal_error_deg: 11.5369
Metrics/racket_target/impact_racket_vel_error_mps: 0.5649
Metrics/racket_target/impact_racket_speed_ratio: 0.8542
Metrics/racket_target/impact_racket_vel_angle_deg: 13.8704
Metrics/racket_target/impact_racket_actual_vel_x: 0.8111
Metrics/racket_target/impact_racket_actual_vel_y: 0.0311
Metrics/racket_target/impact_racket_actual_vel_z: 1.2826
Metrics/racket_target/impact_racket_target_vel_x: 1.1466
Metrics/racket_target/impact_racket_target_vel_y: -0.0190
Metrics/racket_target/impact_racket_target_vel_z: 1.2780
Metrics/racket_target/impact_ball_out_error_mps: 4.3300
Metrics/racket_target/impact_face_radial_error_m: 0.0580
Metrics/racket_target/impact_face_normal_gap_m: 0.0500
Metrics/racket_target/impact_face_quality: 0.5942
Metrics/racket_target/impact_center_contact: 0.0000
Metrics/racket_target/impact_center_net_cross: 0.0000
Metrics/racket_target/impact_center_on_opponent: 0.0000
Metrics/racket_target/impact_rim_contact: 0.0000
Metrics/racket_target/impact_rim_net_cross: 0.0000
Metrics/racket_target/impact_rim_on_opponent: 0.0000
Metrics/racket_target/impact_analytic_outer_contact: 0.0000
Metrics/racket_target/impact_analytic_outer_net_cross: 0.0000
Metrics/racket_target/impact_analytic_outer_on_opponent: 0.0000
Metrics/racket_target/impact_planner_pos_error_m: 0.0846
Metrics/racket_target/impact_planner_vel_error_mps: 0.5649
Metrics/racket_target/impact_planner_speed_ratio: 0.8542
Metrics/racket_target/impact_planner_vel_angle_deg: 13.8704
Metrics/racket_target/impact_healthy_normal_ok: 0.0000
Metrics/racket_target/impact_healthy_contact: 0.0000
Metrics/racket_target/impact_healthy_net_cross: 0.0000
Metrics/racket_target/impact_healthy_on_opponent: 0.0000
Metrics/racket_target/current_swing_impact_health_score: 0.4292
Metrics/racket_target/current_swing_healthy_contact: 0.4460
Metrics/racket_target/current_swing_healthy_net_cross: 0.4415
Metrics/racket_target/current_swing_healthy_on_opponent: 0.0045
Metrics/racket_target/current_swing_healthy_normal_ok: 0.8611
Metrics/racket_target/current_swing_contact: 0.4460
Metrics/racket_target/current_swing_net_cross: 0.4415
Metrics/racket_target/current_swing_on_opponent: 0.0045
Metrics/racket_target/current_swing_center_contact: 0.3070
Metrics/racket_target/current_swing_center_net_cross: 0.3070
Metrics/racket_target/current_swing_center_on_opponent: 0.0000
Metrics/racket_target/current_swing_rim_contact: 0.1111
Metrics/racket_target/current_swing_rim_net_cross: 0.1066
Metrics/racket_target/current_swing_rim_on_opponent: 0.0045
Metrics/racket_target/current_swing_analytic_outer_contact: 0.0279
Metrics/racket_target/current_swing_analytic_outer_net_cross: 0.0279
Metrics/racket_target/current_swing_analytic_outer_on_opponent: 0.0000
Metrics/racket_target/cycle_v2_outcome_tier: -1.0000
Metrics/racket_target/cycle_v2_streak: 0.0000
Metrics/racket_target/closed_loop_recovery_trigger_event: 0.0000
Metrics/racket_target/closed_loop_cycle_success_event: 0.0000
Metrics/racket_target/closed_loop_durable_cycle_success_event: 0.0000
Metrics/racket_target/closed_loop_phase_id: 1.7995
Metrics/racket_target/closed_loop_phase_ready_no_command: 0.0397
Metrics/racket_target/closed_loop_phase_command_acquire: 0.1211
Metrics/racket_target/closed_loop_phase_pre_strike: 0.8392
Metrics/racket_target/closed_loop_phase_strike: 0.0000
Metrics/racket_target/closed_loop_phase_follow_through: 0.0000
Metrics/racket_target/closed_loop_phase_recovery: 0.0000
Metrics/racket_target/closed_loop_phase_next_ready: 0.0000
Metrics/racket_target/post_contact_phase_impact_0_100ms_attempts: 2714.9688
Metrics/racket_target/post_contact_phase_impact_0_100ms_tilt_gt_0p1_rate: 1.0000
Metrics/racket_target/post_contact_phase_impact_0_100ms_pitch_gt_0p1_rate: 1.0000
Metrics/racket_target/post_contact_phase_impact_0_100ms_waist_overflow_gt_1p0_rate: 0.0000
Metrics/racket_target/post_contact_phase_impact_0_100ms_base_ang_vel_gt_0p8_rate: 0.9888
Metrics/racket_target/post_contact_phase_brake_100_300ms_attempts: 2665.2500
Metrics/racket_target/post_contact_phase_brake_100_300ms_tilt_gt_0p1_rate: 0.9977
Metrics/racket_target/post_contact_phase_brake_100_300ms_pitch_gt_0p1_rate: 0.9959
Metrics/racket_target/post_contact_phase_brake_100_300ms_waist_overflow_gt_1p0_rate: 0.0000
Metrics/racket_target/post_contact_phase_brake_100_300ms_base_ang_vel_gt_0p8_rate: 0.9971
Metrics/racket_target/post_contact_phase_settle_300_600ms_attempts: 2571.4375
Metrics/racket_target/post_contact_phase_settle_300_600ms_tilt_gt_0p1_rate: 0.8123
Metrics/racket_target/post_contact_phase_settle_300_600ms_pitch_gt_0p1_rate: 0.7558
Metrics/racket_target/post_contact_phase_settle_300_600ms_waist_overflow_gt_1p0_rate: 0.0000
Metrics/racket_target/post_contact_phase_settle_300_600ms_base_ang_vel_gt_0p8_rate: 0.9904
Metrics/racket_target/post_contact_phase_ready_after_600ms_attempts: 2415.2188
Metrics/racket_target/post_contact_phase_ready_after_600ms_tilt_gt_0p1_rate: 0.5376
Metrics/racket_target/post_contact_phase_ready_after_600ms_pitch_gt_0p1_rate: 0.4304
Metrics/racket_target/post_contact_phase_ready_after_600ms_waist_overflow_gt_1p0_rate: 0.0000
Metrics/racket_target/post_contact_phase_ready_after_600ms_base_ang_vel_gt_0p8_rate: 0.9399
Metrics/racket_target/base_pitch_like_signed: -0.0055
Metrics/racket_target/base_backward_velocity: 0.0611
Metrics/racket_target/waist_action_rms: 0.3930
Metrics/racket_target/right_arm_action_rms: 2.7261
Metrics/racket_target/leg_action_rms: 0.4638
Metrics/racket_target/action_abs_max: 5.2254
Metrics/racket_target/applied_action_abs_max: 4.9172
Metrics/racket_target/leg_action_abs_max: 0.9015
Metrics/racket_target/effective_action_abs_max: 4.9172
Metrics/racket_target/action_clamp_fraction: 0.0054
Metrics/racket_target/waist_action_clamp_fraction: 0.0000
Metrics/racket_target/right_arm_action_clamp_fraction: 0.0000
Metrics/racket_target/leg_action_clamp_fraction: 0.0141
Metrics/racket_target/waist_q_tracking_error_rms: 0.3350
Metrics/racket_target/right_arm_q_tracking_error_rms: 0.2506
Metrics/racket_target/leg_q_tracking_error_rms: 0.2022
Metrics/racket_target/waist_torque_clip_fraction: 0.0000
Metrics/racket_target/right_arm_torque_clip_fraction: 0.0000
Metrics/racket_target/leg_torque_clip_fraction: 0.0000
Metrics/racket_target/waist_action_delta_rms: 0.1524
Metrics/racket_target/right_arm_action_delta_rms: 0.9295
Metrics/racket_target/leg_action_delta_rms: 0.2548
Metrics/racket_target/waist_joint_vel_rms: 0.8968
Metrics/racket_target/right_arm_joint_vel_rms: 2.4063
Metrics/racket_target/leg_joint_vel_rms: 0.7207
Metrics/racket_target/recovery_leg_action_abs_max: 0.8415
Metrics/racket_target/recovery_leg_action_delta_rms: 0.2393
Metrics/racket_target/recovery_leg_joint_vel_rms: 0.6507
      Episode_Termination/time_out: 3.9688
  Episode_Termination/base_too_low: 0.0312
   Episode_Termination/base_tilted: 0.2500
   Episode_Termination/table_touch: 0.4375
Episode_Termination/persistent_action_overflow: 0.0000
--------------------------------------------------------------------------------
                   Total timesteps: 655360
                    Iteration time: 2.51s
                      Time elapsed: 00:00:25
                               ETA: 00:00:27

################################################################################
                     [1m Learning iteration 1810/1820 [0m                     

                       Computation: 26216 steps/s (collection: 2.483s, learning 0.017s)
             Mean action noise std: 0.45
          Mean value_function loss: 0.2929
               Mean surrogate loss: -0.0000
                 Mean entropy loss: 2.8121
      Mean critic_only_warmup loss: 1.0000
                       Mean reward: 9.31
               Mean episode length: 315.96
 Episode_Reward/undesired_contacts: -0.0000
  Episode_Reward/feet_contact_slip: -0.0018
     Episode_Reward/table_no_touch: -0.0008
              Episode_Reward/alive: 0.0063
            Episode_Reward/upright: -0.0051
          Episode_Reward/imitation: 0.2595
    Episode_Reward/racket_position: 0.0485
Episode_Reward/backhand_racket_position: 0.0204
    Episode_Reward/racket_velocity: 0.0308
Episode_Reward/planner_racket_task_space_crossfade: 0.1948
Episode_Reward/exact_impact_planner_task_space_alignment: 0.0051
    Episode_Reward/blade_direction: 0.0286
Episode_Reward/health_gated_soft_ball_contact: 0.0316
Episode_Reward/health_gated_backhand_soft_ball_contact: 0.0188
Episode_Reward/health_gated_ball_contact: 0.0060
Episode_Reward/healthy_trunk_support: 0.0460
Episode_Reward/targeted_strike_attempt: 0.0072
  Episode_Reward/strike_inactivity: -0.0000
 Episode_Reward/pre_strike_station: 0.0469
    Episode_Reward/recovery_health: 0.0387
Episode_Reward/no_command_ready_stability: 0.0009
Episode_Reward/post_strike_base_ang_vel: 0.0074
Episode_Reward/phase_action_overflow: -0.0001
     Episode_Reward/strike_balance: 0.0186
Episode_Reward/prestrike_station_progress: 0.0104
 Episode_Reward/lower_body_support: 0.0271
Episode_Reward/termination_penalty: -0.0234
Episode_Reward/phase_action_rate_waist: -0.0002
Episode_Reward/phase_action_rate_upper: -0.0045
Episode_Reward/phase_action_rate_legs: -0.0002
        Episode_Reward/joint_limit: -0.0246
Episode_Reward/prestrike_racket_progress: 0.1361
Episode_Reward/near_impact_planner_velocity_progress: 0.0284
Episode_Reward/operational_joint_margin: -0.0064
  Episode_Reward/joint_target_slew: -0.0221
Episode_Reward/actuator_waist_feasibility: -0.0000
Episode_Reward/actuator_right_arm_feasibility: -0.0000
Episode_Reward/actuator_leg_feasibility: -0.0000
Episode_Reward/terminal_quality_window: 0.0009
Episode_Reward/safe_terminal_quality: 0.0016
Episode_Reward/unsafe_terminal_recovery: -0.0000
Episode_Reward/capability_gated_safe_terminal_outcome: 0.0114
Episode_Reward/targeted_contact_miss: -0.0017
    Metrics/motion/error_joint_pos: 1.9875
    Metrics/motion/error_joint_vel: 6.6634
     Metrics/motion/error_body_pos: 0.1559
     Metrics/motion/error_body_rot: 0.8011
       Metrics/motion/motion_phase: 0.1803
            Metrics/motion/in_hold: 0.3554
Metrics/motion/motion_start_warmup_prob: 0.8000
Metrics/motion/motion_start_lifecycle_progress: 0.0000
Metrics/motion/motion_start_effective_prestrike_fraction: 1.0000
Metrics/motion/motion_start_effective_recovery_fraction: 0.0000
Metrics/motion/motion_start_effective_rsi_fraction: 0.0000
 Metrics/motion/motion_start_reset: 0.0039
Metrics/motion/motion_start_prestrike_reset: 0.0000
Metrics/motion/motion_start_recovery_reset: 0.0000
Metrics/motion/motion_start_rsi_reset: 0.0000
 Metrics/motion/single_cycle_reset: 0.0000
     Metrics/motion/motion_clip_id: 0.6202
Metrics/motion/motion_supplemental_clip: 0.0000
      Metrics/motion/stand_episode: 0.0268
Metrics/motion/default_stand_reset: 0.0633
Metrics/motion/error_body_pos_lower: 0.1831
Metrics/motion/error_body_rot_lower: 0.9670
Metrics/motion/error_body_lin_vel_lower: 0.2359
Metrics/motion/error_body_ang_vel_lower: 1.0369
Metrics/motion/reference_body_lin_speed_lower: 0.0206
Metrics/motion/robot_body_lin_speed_lower: 0.2282
Metrics/motion/error_body_pos_core: 0.0707
Metrics/motion/error_body_rot_core: 0.5359
Metrics/motion/error_body_lin_vel_core: 0.4035
Metrics/motion/error_body_ang_vel_core: 1.3400
Metrics/motion/reference_body_lin_speed_core: 0.0135
Metrics/motion/robot_body_lin_speed_core: 0.4032
Metrics/motion/error_body_pos_upper: 0.1571
Metrics/motion/error_body_rot_upper: 0.7237
Metrics/motion/error_body_lin_vel_upper: 1.0038
Metrics/motion/error_body_ang_vel_upper: 2.9595
Metrics/motion/reference_body_lin_speed_upper: 0.0268
Metrics/motion/robot_body_lin_speed_upper: 1.0054
Metrics/motion/error_joint_pos_waist: 0.7206
Metrics/motion/error_joint_vel_waist: 1.5268
Metrics/motion/reference_joint_speed_waist: 0.0296
Metrics/motion/error_joint_pos_arms: 1.6848
Metrics/motion/error_joint_vel_arms: 5.6872
Metrics/motion/reference_joint_speed_arms: 0.0696
Metrics/motion/error_joint_pos_legs: 0.7035
Metrics/motion/error_joint_vel_legs: 2.7169
Metrics/motion/reference_joint_speed_legs: 0.0057
Metrics/racket_target/racket_pos_error: 0.1200
Metrics/racket_target/racket_vel_error: 1.3231
Metrics/racket_target/time_to_strike: 0.6766
Metrics/racket_target/return_success: 0.0149
Metrics/racket_target/prev_return_success: 0.0149
Metrics/racket_target/prev_net_cross: 0.6465
Metrics/racket_target/current_net_cross: 0.0423
Metrics/racket_target/racket_pos_curriculum_scale: 1.0000
Metrics/racket_target/impact_inverse_command_blend: 0.0000
Metrics/racket_target/steps_since_target_resample: 43.9234
Metrics/racket_target/recovery_height_error: 0.0561
Metrics/racket_target/recovery_upright_error: 0.1687
Metrics/racket_target/recovery_base_lin_vel: 0.3104
Metrics/racket_target/recovery_base_ang_vel: 1.1492
Metrics/racket_target/recovery_station_error: 0.1417
Metrics/racket_target/recovery_feet_contact_frac: 0.9510
Metrics/racket_target/recovery_racket_speed: 2.0059
Metrics/racket_target/recovery_height_score: 0.7990
Metrics/racket_target/recovery_upright_score: 0.7522
Metrics/racket_target/recovery_lin_vel_score: 0.5948
Metrics/racket_target/recovery_ang_vel_score: 0.2828
Metrics/racket_target/recovery_station_score: 0.7750
Metrics/racket_target/recovery_racket_score: 0.0681
Metrics/racket_target/recovery_arm_score: 0.5034
Metrics/racket_target/recovery_ready_score: 0.6324
Metrics/racket_target/recovery_anchor_arm_score: 1.0000
Metrics/racket_target/recovery_core_ready_score: 0.5097
Metrics/racket_target/recovery_functional_ready_score: 0.4328
Metrics/racket_target/waist_action_overflow_rms: 0.0001
Metrics/racket_target/right_arm_action_overflow_rms: 0.0024
Metrics/racket_target/leg_action_overflow_rms: 0.0121
Metrics/racket_target/operational_margin_fraction: 0.0079
Metrics/racket_target/waist_operational_margin_fraction: 0.0017
Metrics/racket_target/right_arm_operational_margin_fraction: 0.0012
Metrics/racket_target/leg_operational_margin_fraction: 0.0192
Metrics/racket_target/waist_operational_excess_rms: 0.0003
Metrics/racket_target/right_arm_operational_excess_rms: 0.0003
Metrics/racket_target/leg_operational_excess_rms: 0.0079
Metrics/racket_target/q_des_velocity_violation_fraction: 0.0901
Metrics/racket_target/waist_q_des_velocity_violation_fraction: 0.0181
Metrics/racket_target/right_arm_q_des_velocity_violation_fraction: 0.1561
Metrics/racket_target/leg_q_des_velocity_violation_fraction: 0.1080
Metrics/racket_target/q_des_acceleration_violation_fraction: 0.7029
Metrics/racket_target/waist_q_des_acceleration_violation_fraction: 0.5956
Metrics/racket_target/right_arm_q_des_acceleration_violation_fraction: 0.7987
Metrics/racket_target/leg_q_des_acceleration_violation_fraction: 0.7651
Metrics/racket_target/waist_q_des_velocity_rms: 3.7163
Metrics/racket_target/right_arm_q_des_velocity_rms: 9.2107
Metrics/racket_target/leg_q_des_velocity_rms: 7.3023
Metrics/racket_target/waist_q_des_acceleration_rms: 314.1297
Metrics/racket_target/right_arm_q_des_acceleration_rms: 769.5024
Metrics/racket_target/leg_q_des_acceleration_rms: 621.4788
Metrics/racket_target/action_operational_feasibility_score: 0.9068
Metrics/racket_target/actuator_overflow_consecutive_steps: 0.0000
Metrics/racket_target/actuator_overflow_severe: 0.0000
Metrics/racket_target/recovery_phase_gate: 0.6034
Metrics/racket_target/recovery_phase_ready_score: 0.3683
Metrics/racket_target/recovery_contact_ready_score: 0.0187
Metrics/racket_target/recovery_net_ready_score: 0.0187
Metrics/racket_target/recovery_return_ready_score: 0.0000
Metrics/racket_target/cycle_success_ready_score: 0.0027
Metrics/racket_target/cycle_success_soft: 0.0026
Metrics/racket_target/cycle_success_binary: 0.0035
Metrics/racket_target/cycle_v2_pending: 0.0000
Metrics/racket_target/cycle_v2_attempt_latch: 0.0000
Metrics/racket_target/cycle_v2_ready_success_latch: 0.0000
Metrics/racket_target/cycle_v2_ready_fail_latch: 0.0000
Metrics/racket_target/cycle_v2_attempt_event: 0.0000
Metrics/racket_target/cycle_v2_ready_success_event: 0.0000
Metrics/racket_target/cycle_v2_ready_fail_event: 0.0000
Metrics/racket_target/cycle_v2_unresolved_resample_fail_event: 0.0000
Metrics/racket_target/cycle_v2_resolved_event: 0.0000
Metrics/racket_target/cycle_v2_command_visible_steps: 0.0000
Metrics/racket_target/cycle_v2_elapsed_steps: 0.0000
Metrics/racket_target/cycle_v2_ready_score: 0.0000
Metrics/racket_target/cycle_v2_ready_ok: 0.0000
Metrics/racket_target/cycle_v2_visible: 0.0000
Metrics/racket_target/cycle_v2_ready_score_ok: 0.0000
Metrics/racket_target/cycle_v2_height_ok: 0.0000
Metrics/racket_target/cycle_v2_upright_ok: 0.0000
Metrics/racket_target/cycle_v2_base_lin_vel_ok: 0.0000
Metrics/racket_target/cycle_v2_base_ang_vel_ok: 0.0000
Metrics/racket_target/cycle_v2_feet_ok: 0.0000
Metrics/racket_target/cycle_v2_core_ready_ok: 0.0000
Metrics/racket_target/cycle_v2_ready_consecutive_steps: 0.0000
Metrics/racket_target/single_cycle_bootstrap: 0.0000
Metrics/racket_target/single_cycle_swing_completed: 0.0000
Metrics/racket_target/single_cycle_recovery_active: 0.0000
Metrics/racket_target/single_cycle_recovery_elapsed_steps: 0.0000
Metrics/racket_target/single_cycle_ready_consecutive_steps: 0.0000
Metrics/racket_target/single_cycle_safe_timeout_event: 0.0000
Metrics/racket_target/single_cycle_deadline_timeout_event: 0.0000
Metrics/racket_target/single_cycle_timeout_latch: 0.0000
Metrics/racket_target/single_cycle_hard_failure_event: 0.0000
Metrics/racket_target/single_cycle_probability: 0.0000
Metrics/racket_target/single_cycle_curriculum_level: 0.0000
Metrics/racket_target/single_cycle_effective_deadline_steps: 100.0000
Metrics/racket_target/single_cycle_selected_events: 0.0000
Metrics/racket_target/single_cycle_completed_events: 0.0000
Metrics/racket_target/single_cycle_safe_timeout_events: 0.0000
Metrics/racket_target/single_cycle_deadline_timeout_events: 0.0000
Metrics/racket_target/single_cycle_hard_failure_events: 0.0000
Metrics/racket_target/active_ready_consecutive_steps: 0.0000
Metrics/racket_target/active_ready_success_event: 0.0000
Metrics/racket_target/active_ready_success_latch: 0.0000
Metrics/racket_target/active_ready_survival_steps: 0.0000
Metrics/racket_target/active_ready_survival_next_milestone: 0.0000
Metrics/racket_target/active_ready_survival_milestone_event: 0.0000
Metrics/racket_target/no_command_ready_active: 0.0313
Metrics/racket_target/no_command_from_stand_episode: 0.0268
Metrics/racket_target/no_command_from_default_stand_reset: 0.0268
Metrics/racket_target/no_command_ready_upright_ok: 0.0084
Metrics/racket_target/no_command_ready_motion_ok: 0.0000
Metrics/racket_target/no_command_ready_score: 0.0091
Metrics/racket_target/no_command_ready_progress: -0.0068
Metrics/racket_target/no_command_ready_station_error: 0.0133
Metrics/racket_target/no_command_ready_fixed_station_error: 0.0133
Metrics/racket_target/healthy_training_stage: 3.0000
Metrics/racket_target/healthy_stage_planted_rehearsal: 0.0000
Metrics/racket_target/healthy_stage_station_hold_seen: 0.0000
Metrics/racket_target/healthy_stage_station_arrived: 0.0000
Metrics/racket_target/healthy_stage_station_settled: 0.0000
Metrics/racket_target/healthy_stage_station_settle_steps: 0.0000
Metrics/racket_target/station_relocation_active: 0.0000
Metrics/racket_target/station_relocation_target_offset_y: 0.0000
Metrics/racket_target/station_relocation_error: 0.0000
Metrics/racket_target/station_relocation_arrival_event: 0.0000
Metrics/racket_target/station_relocation_settle_event: 0.0000
Metrics/racket_target/station_relocation_release_event: 0.0000
Metrics/racket_target/station_relocation_timeout_event: 0.0000
Metrics/racket_target/station_relocation_elapsed_steps: 0.0000
Metrics/racket_target/station_relocation_hold_deadline_steps: 0.0000
Metrics/racket_target/lifecycle_recovery_hold_active: 0.0000
Metrics/racket_target/lifecycle_recovery_release_success_event: 0.0000
Metrics/racket_target/lifecycle_recovery_release_fail_event: 0.0000
Metrics/racket_target/station_relocation_level: 0.0000
Metrics/racket_target/station_relocation_arrival_ema: 0.0000
Metrics/racket_target/station_relocation_settle_ema: 0.0000
Metrics/racket_target/station_relocation_contact_ema: 0.0000
Metrics/racket_target/station_relocation_safety_ema: 0.0000
Metrics/racket_target/station_relocation_resolved_events: 0.0000
Metrics/racket_target/station_relocation_terminal_reset_events: 0.0000
Metrics/racket_target/station_relocation_advance_streak: 0.0000
Metrics/racket_target/station_relocation_regress_streak: 0.0000
Metrics/racket_target/station_relocation_effective_max_lin_vel: 0.0000
Metrics/racket_target/station_relocation_effective_max_ang_vel: 0.0000
Metrics/racket_target/station_relocation_effective_min_settle_steps: 0.0000
Metrics/racket_target/ability_curriculum_level: 0.0000
Metrics/racket_target/ability_curriculum_scale: 1.0000
Metrics/racket_target/ability_curriculum_resolved_events: 2777.8438
Metrics/racket_target/ability_curriculum_total_resolved_events: 2777.8438
Metrics/racket_target/ability_curriculum_advance_streak: 0.0000
Metrics/racket_target/ability_curriculum_regress_streak: 0.0000
Metrics/racket_target/ability_contact_ema: 0.6094
Metrics/racket_target/ability_net_ema: 0.5903
Metrics/racket_target/ability_success_ema: 0.0120
Metrics/racket_target/ability_recovery_ema: 0.8037
Metrics/racket_target/ability_cycle_ema: 0.0120
Metrics/racket_target/ability_cycle_attempt_ema: 0.0120
Metrics/racket_target/ability_cycle_resolved_ema: 0.0120
Metrics/racket_target/ability_forehand_contact_ema: 0.7283
Metrics/racket_target/ability_forehand_net_ema: 0.7057
Metrics/racket_target/ability_forehand_success_ema: 0.0104
Metrics/racket_target/ability_backhand_contact_ema: 0.5312
Metrics/racket_target/ability_backhand_net_ema: 0.5148
Metrics/racket_target/ability_backhand_success_ema: 0.0141
Metrics/racket_target/ability_attempt_ema: 1.0000
Metrics/racket_target/ability_targeted_attempt_ema: 0.9962
Metrics/racket_target/impact_health_floor_progress: 0.0000
Metrics/racket_target/ability_safety_ema: 0.9135
Metrics/racket_target/ability_station_saturation_ema: 0.0000
Metrics/racket_target/ability_healthy_normal_ema: 0.9976
Metrics/racket_target/ability_station_arrival_ema: 0.0000
Metrics/racket_target/ability_station_settle_ema: 0.0000
Metrics/racket_target/safe_outcome_capability_gate: 0.6120
Metrics/racket_target/planner_hit_plane_blend: 1.0000
Metrics/racket_target/planner_hit_plane_x_delta: 0.0368
Metrics/racket_target/true_strike_table_x: 0.2000
Metrics/racket_target/planner_target_table_x: 0.2000
Metrics/racket_target/workspace_level: 0.0000
Metrics/racket_target/workspace_fringe_sample: 0.0000
Metrics/racket_target/workspace_target_lateral_norm: 0.2905
Metrics/racket_target/workspace_target_table_y: -0.2099
Metrics/racket_target/workspace_playable_y_min: -0.7225
Metrics/racket_target/workspace_playable_y_max: 0.7225
Metrics/racket_target/workspace_active_y_lo: -0.2771
Metrics/racket_target/workspace_active_y_hi: -0.1456
Metrics/racket_target/workspace_motion_seed_blend: 0.0000
Metrics/racket_target/planner_perturb_curriculum_scale: 1.0000
Metrics/racket_target/incoming_ball_horizontal_speed: 2.2141
Metrics/racket_target/incoming_ball_speed: 4.6458
Metrics/racket_target/incoming_ball_speed_curriculum_level: 0.0000
Metrics/racket_target/incoming_ball_speed_sample_low: 0.0000
Metrics/racket_target/incoming_ball_speed_sample_high: 0.0000
Metrics/racket_target/station_saturated: 0.0000
Metrics/racket_target/station_raw_clip_excess: 0.0000
Metrics/racket_target/station_saturated_x: 0.0000
Metrics/racket_target/station_saturated_y: 0.0000
Metrics/racket_target/station_raw_clip_excess_x: 0.0000
Metrics/racket_target/station_raw_clip_excess_y: 0.0000
Metrics/racket_target/current_swing_opportunity: 0.1580
Metrics/racket_target/current_swing_attempt: 0.1580
Metrics/racket_target/current_swing_targeted_attempt: 0.1546
Metrics/racket_target/prev_swing_targeted_attempt: 0.9328
Metrics/racket_target/current_swing_unsafe: 0.1311
Metrics/racket_target/current_swing_station_saturated: 0.0000
Metrics/racket_target/impact_health_score: 0.7870
Metrics/racket_target/impact_health_ok: 0.8132
Metrics/racket_target/impact_health_backlean_violation: 0.0192
Metrics/racket_target/impact_health_waist_backfold: 0.0000
Metrics/racket_target/impact_health_base_retreat: 0.0763
Metrics/racket_target/impact_health_torso_gravity_x: 0.3136
Metrics/racket_target/impact_health_torso_ang_vel: 0.7271
Metrics/racket_target/impact_health_com_x: 0.0906
Metrics/racket_target/impact_health_com_y: 0.0430
Metrics/racket_target/post_contact_ready_pending: 0.0000
Metrics/racket_target/post_contact_ready_elapsed_steps: 0.2128
Metrics/racket_target/post_contact_ready_consecutive_steps: 0.0000
Metrics/racket_target/post_contact_ready_diagnostic_pending: 0.0000
Metrics/racket_target/post_contact_ready_diagnostic_elapsed_steps: 1.6064
Metrics/racket_target/post_contact_ready_durable_pending: 0.0000
Metrics/racket_target/post_contact_ready_durable_consecutive_steps: 0.0000
Metrics/racket_target/post_contact_ready_durable_ready_now: 0.0000
Metrics/racket_target/post_contact_ready_durable_success_event: 0.0000
Metrics/racket_target/post_contact_ready_durable_fail_event: 0.0000
Metrics/racket_target/post_contact_ready_durable_resolution_success_rate: 0.2334
Metrics/racket_target/post_contact_ready_durable_resolution_fail_rate: 0.6979
Metrics/racket_target/post_contact_ready_durable_resolution_success_latency_steps: 35.0000
Metrics/racket_target/post_contact_ready_durable_resolution_fail_latency_steps: 33.4651
Metrics/racket_target/post_contact_ready_durable_fail_backlean_rate: 0.0534
Metrics/racket_target/post_contact_ready_durable_fail_forward_lean_rate: 0.8671
Metrics/racket_target/post_contact_ready_durable_fail_torso_ang_vel_rate: 0.0539
Metrics/racket_target/post_contact_ready_durable_fail_base_lin_vel_rate: 0.0539
Metrics/racket_target/post_contact_ready_durable_fail_base_ang_vel_rate: 0.4061
Metrics/racket_target/post_contact_ready_durable_fail_racket_speed_rate: 0.0534
Metrics/racket_target/post_contact_ready_durable_fail_height_rate: 0.0534
Metrics/racket_target/post_contact_ready_durable_fail_com_x_rate: 0.0568
Metrics/racket_target/post_contact_ready_durable_fail_com_y_rate: 0.0534
Metrics/racket_target/post_contact_ready_durable_fail_feet_rate: 0.0534
Metrics/racket_target/post_contact_ready_durable_fail_station_rate: 0.0539
Metrics/racket_target/post_contact_ready_durable_fail_arm_rate: 0.0534
Metrics/racket_target/post_contact_ready_terminal_window_active: 0.0000
Metrics/racket_target/post_contact_ready_terminal_quality: 0.0282
Metrics/racket_target/post_contact_ready_terminal_settlement_event: 0.0000
Metrics/racket_target/post_contact_ready_operational_ready_now: 0.0000
Metrics/racket_target/post_contact_ready_operational_consecutive_steps: 0.0000
Metrics/racket_target/post_contact_ready_safe_settlement_event: 0.0000
Metrics/racket_target/post_contact_ready_unsafe_settlement_event: 0.0000
Metrics/racket_target/post_contact_ready_incomplete_settlement_event: 0.0000
Metrics/racket_target/post_contact_ready_safe_net_cycle_event: 0.0000
Metrics/racket_target/post_contact_ready_terminal_quality_mean: 0.9223
Metrics/racket_target/post_contact_ready_safe_terminal_quality_mean: 0.9326
Metrics/racket_target/post_contact_ready_terminal_safe_rate: 0.7001
Metrics/racket_target/post_contact_ready_terminal_unsafe_rate: 0.0330
Metrics/racket_target/post_contact_ready_terminal_incomplete_rate: 0.2670
Metrics/racket_target/post_contact_ready_safe_net_cycle_rate: 0.6840
Metrics/racket_target/post_contact_ready_score: 0.6442
Metrics/racket_target/post_contact_ready_now: 0.0000
Metrics/racket_target/post_contact_ready_success_event: 0.0000
Metrics/racket_target/post_contact_ready_fail_event: 0.0000
Metrics/racket_target/post_contact_ready_outcome_tier: -0.9155
Metrics/racket_target/post_contact_ready_face_quality: 0.0290
Metrics/racket_target/post_contact_ready_safe_face_net_cycle_value: 0.0000
Metrics/racket_target/post_contact_ready_planner_speed_ratio: 0.0298
Metrics/racket_target/post_contact_ready_planner_direction_error_rad: 0.0094
Metrics/racket_target/post_contact_ready_planner_position_error: 0.0024
Metrics/racket_target/post_contact_ready_impact_health_score: 0.0321
Metrics/racket_target/post_contact_ready_peak_base_ang_vel: 0.0547
Metrics/racket_target/post_contact_ready_peak_ang_vel_excess_increment: 0.0000
Metrics/racket_target/post_contact_ready_envelope_violation_latch: 0.0078
Metrics/racket_target/post_contact_ready_envelope_violation_event: 0.0000
Metrics/racket_target/post_contact_ready_envelope_first_violation_step: -0.7344
Metrics/racket_target/post_contact_ready_envelope_attempts: 2898.8438
Metrics/racket_target/post_contact_ready_envelope_violation_rate: 0.0323
Metrics/racket_target/post_contact_ready_envelope_tilt_violation_rate: 0.0000
Metrics/racket_target/post_contact_ready_envelope_pitch_violation_rate: 0.0000
Metrics/racket_target/post_contact_ready_envelope_com_violation_rate: 0.0003
Metrics/racket_target/post_contact_ready_envelope_waist_violation_rate: 0.0000
Metrics/racket_target/post_contact_ready_envelope_leg_violation_rate: 0.0000
Metrics/racket_target/post_contact_ready_envelope_base_ang_vel_violation_rate: 0.0320
Metrics/racket_target/post_contact_ready_resolution_success_rate: 0.9789
Metrics/racket_target/post_contact_ready_resolution_fail_rate: 0.0113
Metrics/racket_target/post_contact_ready_resolution_success_latency_steps: 4.9735
Metrics/racket_target/post_contact_ready_resolution_fail_latency_steps: 12.7100
Metrics/racket_target/post_contact_ready_max_tilt: 0.0072
Metrics/racket_target/post_contact_ready_max_abs_pitch: 0.0071
Metrics/racket_target/post_contact_ready_max_com_x: 0.0027
Metrics/racket_target/post_contact_ready_max_com_y: 0.0020
Metrics/racket_target/post_contact_ready_max_waist_overflow: 0.0000
Metrics/racket_target/post_contact_ready_max_leg_overflow: 0.0009
Metrics/racket_target/post_contact_ready_settlement_velocity_score_ema: 0.6414
Metrics/racket_target/post_contact_ready_settlement_position_gate_ema: 0.7758
Metrics/racket_target/post_contact_ready_settlement_health_gate_ema: 0.9796
Metrics/racket_target/post_contact_ready_settlement_recovery_gate_ema: 0.4380
Metrics/racket_target/post_contact_ready_settlement_total_score_ema: 0.2124
Metrics/racket_target/post_contact_recovery_backlean_error: 0.0661
Metrics/racket_target/post_contact_recovery_directional_progress: 0.0000
Metrics/racket_target/post_contact_ready_torso_ok: 0.0481
Metrics/racket_target/post_contact_ready_motion_ok: 0.5139
Metrics/racket_target/post_contact_ready_support_ok: 0.8132
Metrics/racket_target/post_contact_ready_arm_ok: 1.0000
Metrics/racket_target/post_contact_ready_base_lin_vel_ok: 0.8132
Metrics/racket_target/post_contact_ready_base_ang_vel_ok: 0.6972
Metrics/racket_target/post_contact_ready_racket_speed_ok: 0.8035
Metrics/racket_target/post_contact_ready_height_ok: 0.8689
Metrics/racket_target/post_contact_ready_com_x_ok: 0.8132
Metrics/racket_target/post_contact_ready_com_y_ok: 0.9542
Metrics/racket_target/post_contact_ready_feet_ok: 0.9893
Metrics/racket_target/post_contact_ready_station_ok: 0.8132
Metrics/racket_target/post_contact_ready_fail_torso: 0.0000
Metrics/racket_target/post_contact_ready_fail_base_lin_vel: 0.0000
Metrics/racket_target/post_contact_ready_fail_base_ang_vel: 0.0000
Metrics/racket_target/post_contact_ready_fail_racket_speed: 0.0000
Metrics/racket_target/post_contact_ready_fail_support: 0.0000
Metrics/racket_target/post_contact_ready_fail_arm: 0.0000
Metrics/racket_target/post_contact_ready_shadow_now: 0.0000
Metrics/racket_target/post_contact_ready_shadow_consecutive_steps: 0.0000
Metrics/racket_target/post_contact_ready_shadow_success_latch: 0.0000
Metrics/racket_target/post_contact_ready_curriculum_level: 0.0000
Metrics/racket_target/post_contact_ready_curriculum_fraction: 1.0000
Metrics/racket_target/post_contact_ready_curriculum_success_ema: 0.0000
Metrics/racket_target/post_contact_ready_curriculum_shadow_success_ema: 0.0000
Metrics/racket_target/post_contact_ready_curriculum_resolved_events: 0.0000
Metrics/racket_target/post_contact_ready_curriculum_successful_events: 0.0000
Metrics/racket_target/post_contact_ready_curriculum_targeted_attempt_ema: 0.0000
Metrics/racket_target/post_contact_ready_curriculum_return_success_ema: 0.0000
Metrics/racket_target/post_contact_ready_curriculum_completed_swings: 0.0000
Metrics/racket_target/post_contact_ready_curriculum_advance_streak: 0.0000
Metrics/racket_target/post_contact_ready_curriculum_advance_guard_ok: 0.0000
Metrics/racket_target/post_contact_ready_effective_max_torso_ang_vel: 1.5000
Metrics/racket_target/post_contact_ready_effective_torso_x_min: -0.1200
Metrics/racket_target/post_contact_ready_effective_torso_x_max: 0.3200
Metrics/racket_target/post_contact_ready_effective_max_base_lin_vel: 0.4500
Metrics/racket_target/post_contact_ready_effective_max_base_ang_vel: 1.3000
Metrics/racket_target/post_contact_ready_effective_max_racket_speed: 3.0000
Metrics/racket_target/post_contact_ready_effective_min_feet_contact: 0.5000
Metrics/racket_target/post_contact_ready_effective_required_consecutive_steps: 3.0000
Metrics/racket_target/post_contact_ready_effective_deadline_steps: 40.0000
Metrics/racket_target/post_contact_ready_curriculum_advance_threshold: 1.0000
Metrics/racket_target/post_contact_ready_curriculum_advance_min_events: 0.0000
Metrics/racket_target/post_contact_ready_curriculum_shadow_threshold: 1.0000
Metrics/racket_target/post_contact_ready_curriculum_min_targeted_attempt_ema: 0.0000
Metrics/racket_target/post_contact_ready_curriculum_min_return_success_ema: 0.0000
Metrics/racket_target/post_contact_ready_curriculum_min_completed_swings: 1.0000
Metrics/racket_target/post_contact_ready_curriculum_required_advance_checks: 1.0000
Metrics/racket_target/racket_normal_error_deg: 58.7900
Metrics/racket_target/impact_normal_error_deg: 1.9360
Metrics/racket_target/impact_racket_vel_error_mps: 0.6061
Metrics/racket_target/impact_racket_speed_ratio: 0.8201
Metrics/racket_target/impact_racket_vel_angle_deg: 13.8660
Metrics/racket_target/impact_racket_actual_vel_x: 0.8155
Metrics/racket_target/impact_racket_actual_vel_y: 0.0633
Metrics/racket_target/impact_racket_actual_vel_z: 1.2446
Metrics/racket_target/impact_racket_target_vel_x: 1.1804
Metrics/racket_target/impact_racket_target_vel_y: 0.0085
Metrics/racket_target/impact_racket_target_vel_z: 1.3271
Metrics/racket_target/impact_ball_out_error_mps: 4.2822
Metrics/racket_target/impact_face_radial_error_m: 0.0555
Metrics/racket_target/impact_face_normal_gap_m: 0.0449
Metrics/racket_target/impact_face_quality: 0.6648
Metrics/racket_target/impact_center_contact: 0.0000
Metrics/racket_target/impact_center_net_cross: 0.0000
Metrics/racket_target/impact_center_on_opponent: 0.0000
Metrics/racket_target/impact_rim_contact: 0.0000
Metrics/racket_target/impact_rim_net_cross: 0.0000
Metrics/racket_target/impact_rim_on_opponent: 0.0000
Metrics/racket_target/impact_analytic_outer_contact: 0.0000
Metrics/racket_target/impact_analytic_outer_net_cross: 0.0000
Metrics/racket_target/impact_analytic_outer_on_opponent: 0.0000
Metrics/racket_target/impact_planner_pos_error_m: 0.0776
Metrics/racket_target/impact_planner_vel_error_mps: 0.6061
Metrics/racket_target/impact_planner_speed_ratio: 0.8201
Metrics/racket_target/impact_planner_vel_angle_deg: 13.8660
Metrics/racket_target/impact_healthy_normal_ok: 0.0000
Metrics/racket_target/impact_healthy_contact: 0.0000
Metrics/racket_target/impact_healthy_net_cross: 0.0000
Metrics/racket_target/impact_healthy_on_opponent: 0.0000
Metrics/racket_target/current_swing_impact_health_score: 0.0321
Metrics/racket_target/current_swing_healthy_contact: 0.0423
Metrics/racket_target/current_swing_healthy_net_cross: 0.0423
Metrics/racket_target/current_swing_healthy_on_opponent: 0.0000
Metrics/racket_target/current_swing_healthy_normal_ok: 0.1546
Metrics/racket_target/current_swing_contact: 0.0423
Metrics/racket_target/current_swing_net_cross: 0.0423
Metrics/racket_target/current_swing_on_opponent: 0.0000
Metrics/racket_target/current_swing_center_contact: 0.0269
Metrics/racket_target/current_swing_center_net_cross: 0.0269
Metrics/racket_target/current_swing_center_on_opponent: 0.0000
Metrics/racket_target/current_swing_rim_contact: 0.0154
Metrics/racket_target/current_swing_rim_net_cross: 0.0154
Metrics/racket_target/current_swing_rim_on_opponent: 0.0000
Metrics/racket_target/current_swing_analytic_outer_contact: 0.0000
Metrics/racket_target/current_swing_analytic_outer_net_cross: 0.0000
Metrics/racket_target/current_swing_analytic_outer_on_opponent: 0.0000
Metrics/racket_target/cycle_v2_outcome_tier: -1.0000
Metrics/racket_target/cycle_v2_streak: 0.0000
Metrics/racket_target/closed_loop_recovery_trigger_event: 0.0000
Metrics/racket_target/closed_loop_cycle_success_event: 0.0000
Metrics/racket_target/closed_loop_durable_cycle_success_event: 0.0000
Metrics/racket_target/closed_loop_phase_id: 1.1215
Metrics/racket_target/closed_loop_phase_ready_no_command: 0.0313
Metrics/racket_target/closed_loop_phase_command_acquire: 0.8228
Metrics/racket_target/closed_loop_phase_pre_strike: 0.1424
Metrics/racket_target/closed_loop_phase_strike: 0.0000
Metrics/racket_target/closed_loop_phase_follow_through: 0.0035
Metrics/racket_target/closed_loop_phase_recovery: 0.0000
Metrics/racket_target/closed_loop_phase_next_ready: 0.0000
Metrics/racket_target/post_contact_phase_impact_0_100ms_attempts: 2898.8438
Metrics/racket_target/post_contact_phase_impact_0_100ms_tilt_gt_0p1_rate: 1.0000
Metrics/racket_target/post_contact_phase_impact_0_100ms_pitch_gt_0p1_rate: 1.0000
Metrics/racket_target/post_contact_phase_impact_0_100ms_waist_overflow_gt_1p0_rate: 0.0000
Metrics/racket_target/post_contact_phase_impact_0_100ms_base_ang_vel_gt_0p8_rate: 0.9880
Metrics/racket_target/post_contact_phase_brake_100_300ms_attempts: 2844.6875
Metrics/racket_target/post_contact_phase_brake_100_300ms_tilt_gt_0p1_rate: 0.9978
Metrics/racket_target/post_contact_phase_brake_100_300ms_pitch_gt_0p1_rate: 0.9960
Metrics/racket_target/post_contact_phase_brake_100_300ms_waist_overflow_gt_1p0_rate: 0.0000
Metrics/racket_target/post_contact_phase_brake_100_300ms_base_ang_vel_gt_0p8_rate: 0.9968
Metrics/racket_target/post_contact_phase_settle_300_600ms_attempts: 2739.1250
Metrics/racket_target/post_contact_phase_settle_300_600ms_tilt_gt_0p1_rate: 0.8133
Metrics/racket_target/post_contact_phase_settle_300_600ms_pitch_gt_0p1_rate: 0.7581
Metrics/racket_target/post_contact_phase_settle_300_600ms_waist_overflow_gt_1p0_rate: 0.0000
Metrics/racket_target/post_contact_phase_settle_300_600ms_base_ang_vel_gt_0p8_rate: 0.9903
Metrics/racket_target/post_contact_phase_ready_after_600ms_attempts: 2570.0625
Metrics/racket_target/post_contact_phase_ready_after_600ms_tilt_gt_0p1_rate: 0.5384
Metrics/racket_target/post_contact_phase_ready_after_600ms_pitch_gt_0p1_rate: 0.4311
Metrics/racket_target/post_contact_phase_ready_after_600ms_waist_overflow_gt_1p0_rate: 0.0000
Metrics/racket_target/post_contact_phase_ready_after_600ms_base_ang_vel_gt_0p8_rate: 0.9404
Metrics/racket_target/base_pitch_like_signed: -0.0556
Metrics/racket_target/base_backward_velocity: 0.1491
Metrics/racket_target/waist_action_rms: 0.6011
Metrics/racket_target/right_arm_action_rms: 3.6724
Metrics/racket_target/leg_action_rms: 0.5170
Metrics/racket_target/action_abs_max: 7.1828
Metrics/racket_target/applied_action_abs_max: 7.0312
Metrics/racket_target/leg_action_abs_max: 1.0285
Metrics/racket_target/effective_action_abs_max: 7.0312
Metrics/racket_target/action_clamp_fraction: 0.0052
Metrics/racket_target/waist_action_clamp_fraction: 0.0017
Metrics/racket_target/right_arm_action_clamp_fraction: 0.0012
Metrics/racket_target/leg_action_clamp_fraction: 0.0124
Metrics/racket_target/waist_q_tracking_error_rms: 0.3440
Metrics/racket_target/right_arm_q_tracking_error_rms: 0.2003
Metrics/racket_target/leg_q_tracking_error_rms: 0.1951
Metrics/racket_target/waist_torque_clip_fraction: 0.0000
Metrics/racket_target/right_arm_torque_clip_fraction: 0.0000
Metrics/racket_target/leg_torque_clip_fraction: 0.0000
Metrics/racket_target/waist_action_delta_rms: 0.1629
Metrics/racket_target/right_arm_action_delta_rms: 0.9984
Metrics/racket_target/leg_action_delta_rms: 0.2783
Metrics/racket_target/waist_joint_vel_rms: 0.8802
Metrics/racket_target/right_arm_joint_vel_rms: 1.8190
Metrics/racket_target/leg_joint_vel_rms: 0.7838
Metrics/racket_target/recovery_leg_action_abs_max: 0.6115
Metrics/racket_target/recovery_leg_action_delta_rms: 0.1665
Metrics/racket_target/recovery_leg_joint_vel_rms: 0.5012
      Episode_Termination/time_out: 3.9688
  Episode_Termination/base_too_low: 0.0312
   Episode_Termination/base_tilted: 0.6250
   Episode_Termination/table_touch: 0.1875
Episode_Termination/persistent_action_overflow: 0.0000
--------------------------------------------------------------------------------
                   Total timesteps: 720896
                    Iteration time: 2.50s
                      Time elapsed: 00:00:27
                               ETA: 00:00:25

################################################################################
                     [1m Learning iteration 1811/1820 [0m                     

                       Computation: 26279 steps/s (collection: 2.467s, learning 0.027s)
             Mean action noise std: 0.45
          Mean value_function loss: 0.1193
               Mean surrogate loss: -0.0000
                 Mean entropy loss: 2.8121
      Mean critic_only_warmup loss: 1.0000
                       Mean reward: 10.53
               Mean episode length: 350.65
 Episode_Reward/undesired_contacts: 0.0000
  Episode_Reward/feet_contact_slip: -0.0018
     Episode_Reward/table_no_touch: -0.0005
              Episode_Reward/alive: 0.0068
            Episode_Reward/upright: -0.0056
          Episode_Reward/imitation: 0.2803
    Episode_Reward/racket_position: 0.0474
Episode_Reward/backhand_racket_position: 0.0222
    Episode_Reward/racket_velocity: 0.0304
Episode_Reward/planner_racket_task_space_crossfade: 0.1952
Episode_Reward/exact_impact_planner_task_space_alignment: 0.0049
    Episode_Reward/blade_direction: 0.0279
Episode_Reward/health_gated_soft_ball_contact: 0.0308
Episode_Reward/health_gated_backhand_soft_ball_contact: 0.0204
Episode_Reward/health_gated_ball_contact: 0.0060
Episode_Reward/healthy_trunk_support: 0.0470
Episode_Reward/targeted_strike_attempt: 0.0070
  Episode_Reward/strike_inactivity: -0.0000
 Episode_Reward/pre_strike_station: 0.0559
    Episode_Reward/recovery_health: 0.0395
Episode_Reward/no_command_ready_stability: 0.0010
Episode_Reward/post_strike_base_ang_vel: 0.0074
Episode_Reward/phase_action_overflow: -0.0001
     Episode_Reward/strike_balance: 0.0183
Episode_Reward/prestrike_station_progress: 0.0120
 Episode_Reward/lower_body_support: 0.0273
Episode_Reward/termination_penalty: -0.0156
Episode_Reward/phase_action_rate_waist: -0.0002
Episode_Reward/phase_action_rate_upper: -0.0047
Episode_Reward/phase_action_rate_legs: -0.0002
        Episode_Reward/joint_limit: -0.0267
Episode_Reward/prestrike_racket_progress: 0.1679
Episode_Reward/near_impact_planner_velocity_progress: 0.0278
Episode_Reward/operational_joint_margin: -0.0055
  Episode_Reward/joint_target_slew: -0.0233
Episode_Reward/actuator_waist_feasibility: -0.0000
Episode_Reward/actuator_right_arm_feasibility: -0.0000
Episode_Reward/actuator_leg_feasibility: -0.0000
Episode_Reward/terminal_quality_window: 0.0009
Episode_Reward/safe_terminal_quality: 0.0016
Episode_Reward/unsafe_terminal_recovery: -0.0001
Episode_Reward/capability_gated_safe_terminal_outcome: 0.0120
Episode_Reward/targeted_contact_miss: -0.0016
    Metrics/motion/error_joint_pos: 1.4468
    Metrics/motion/error_joint_vel: 5.7241
     Metrics/motion/error_body_pos: 0.1248
     Metrics/motion/error_body_rot: 0.6310
       Metrics/motion/motion_phase: 0.2110
            Metrics/motion/in_hold: 0.0391
Metrics/motion/motion_start_warmup_prob: 0.8000
Metrics/motion/motion_start_lifecycle_progress: 0.0000
Metrics/motion/motion_start_effective_prestrike_fraction: 1.0000
Metrics/motion/motion_start_effective_recovery_fraction: 0.0000
Metrics/motion/motion_start_effective_rsi_fraction: 0.0000
 Metrics/motion/motion_start_reset: 0.0052
Metrics/motion/motion_start_prestrike_reset: 0.0000
Metrics/motion/motion_start_recovery_reset: 0.0000
Metrics/motion/motion_start_rsi_reset: 0.0000
 Metrics/motion/single_cycle_reset: 0.0000
     Metrics/motion/motion_clip_id: 0.6604
Metrics/motion/motion_supplemental_clip: 0.0000
      Metrics/motion/stand_episode: 0.0156
Metrics/motion/default_stand_reset: 0.0637
Metrics/motion/error_body_pos_lower: 0.1491
Metrics/motion/error_body_rot_lower: 0.7790
Metrics/motion/error_body_lin_vel_lower: 0.1723
Metrics/motion/error_body_ang_vel_lower: 0.8156
Metrics/motion/reference_body_lin_speed_lower: 0.0208
Metrics/motion/robot_body_lin_speed_lower: 0.1669
Metrics/motion/error_body_pos_core: 0.0640
Metrics/motion/error_body_rot_core: 0.3871
Metrics/motion/error_body_lin_vel_core: 0.2883
Metrics/motion/error_body_ang_vel_core: 1.1944
Metrics/motion/reference_body_lin_speed_core: 0.0207
Metrics/motion/robot_body_lin_speed_core: 0.2868
Metrics/motion/error_body_pos_upper: 0.1207
Metrics/motion/error_body_rot_upper: 0.5643
Metrics/motion/error_body_lin_vel_upper: 0.8149
Metrics/motion/error_body_ang_vel_upper: 2.4622
Metrics/motion/reference_body_lin_speed_upper: 0.0665
Metrics/motion/robot_body_lin_speed_upper: 0.8349
Metrics/motion/error_joint_pos_waist: 0.4966
Metrics/motion/error_joint_vel_waist: 1.3515
Metrics/motion/reference_joint_speed_waist: 0.0274
Metrics/motion/error_joint_pos_arms: 1.1689
Metrics/motion/error_joint_vel_arms: 4.8697
Metrics/motion/reference_joint_speed_arms: 0.1623
Metrics/motion/error_joint_pos_legs: 0.6581
Metrics/motion/error_joint_vel_legs: 2.3925
Metrics/motion/reference_joint_speed_legs: 0.0069
Metrics/racket_target/racket_pos_error: 0.1294
Metrics/racket_target/racket_vel_error: 1.3268
Metrics/racket_target/time_to_strike: 0.5447
Metrics/racket_target/return_success: 0.0000
Metrics/racket_target/prev_return_success: 0.0000
Metrics/racket_target/prev_net_cross: 0.5773
Metrics/racket_target/current_net_cross: 0.0052
Metrics/racket_target/racket_pos_curriculum_scale: 1.0000
Metrics/racket_target/impact_inverse_command_blend: 0.0000
Metrics/racket_target/steps_since_target_resample: 51.6784
Metrics/racket_target/recovery_height_error: 0.0376
Metrics/racket_target/recovery_upright_error: 0.2274
Metrics/racket_target/recovery_base_lin_vel: 0.2282
Metrics/racket_target/recovery_base_ang_vel: 1.0324
Metrics/racket_target/recovery_station_error: 0.1038
Metrics/racket_target/recovery_feet_contact_frac: 0.9681
Metrics/racket_target/recovery_racket_speed: 1.4952
Metrics/racket_target/recovery_height_score: 0.8589
Metrics/racket_target/recovery_upright_score: 0.5676
Metrics/racket_target/recovery_lin_vel_score: 0.7193
Metrics/racket_target/recovery_ang_vel_score: 0.3077
Metrics/racket_target/recovery_station_score: 0.8304
Metrics/racket_target/recovery_racket_score: 0.0950
Metrics/racket_target/recovery_arm_score: 0.5975
Metrics/racket_target/recovery_ready_score: 0.6465
Metrics/racket_target/recovery_anchor_arm_score: 1.0000
Metrics/racket_target/recovery_core_ready_score: 0.5354
Metrics/racket_target/recovery_functional_ready_score: 0.4588
Metrics/racket_target/waist_action_overflow_rms: 0.0000
Metrics/racket_target/right_arm_action_overflow_rms: 0.0069
Metrics/racket_target/leg_action_overflow_rms: 0.0038
Metrics/racket_target/operational_margin_fraction: 0.0071
Metrics/racket_target/waist_operational_margin_fraction: 0.0065
Metrics/racket_target/right_arm_operational_margin_fraction: 0.0048
Metrics/racket_target/leg_operational_margin_fraction: 0.0138
Metrics/racket_target/waist_operational_excess_rms: 0.0002
Metrics/racket_target/right_arm_operational_excess_rms: 0.0011
Metrics/racket_target/leg_operational_excess_rms: 0.0041
Metrics/racket_target/q_des_velocity_violation_fraction: 0.0815
Metrics/racket_target/waist_q_des_velocity_violation_fraction: 0.0099
Metrics/racket_target/right_arm_q_des_velocity_violation_fraction: 0.1129
Metrics/racket_target/leg_q_des_velocity_violation_fraction: 0.1075
Metrics/racket_target/q_des_acceleration_violation_fraction: 0.7015
Metrics/racket_target/waist_q_des_acceleration_violation_fraction: 0.5865
Metrics/racket_target/right_arm_q_des_acceleration_violation_fraction: 0.8137
Metrics/racket_target/leg_q_des_acceleration_violation_fraction: 0.7718
Metrics/racket_target/waist_q_des_velocity_rms: 3.5010
Metrics/racket_target/right_arm_q_des_velocity_rms: 8.3925
Metrics/racket_target/leg_q_des_velocity_rms: 7.1142
Metrics/racket_target/waist_q_des_acceleration_rms: 275.2702
Metrics/racket_target/right_arm_q_des_acceleration_rms: 759.1448
Metrics/racket_target/leg_q_des_acceleration_rms: 598.4033
Metrics/racket_target/action_operational_feasibility_score: 0.9242
Metrics/racket_target/actuator_overflow_consecutive_steps: 0.0000
Metrics/racket_target/actuator_overflow_severe: 0.0000
Metrics/racket_target/recovery_phase_gate: 0.0668
Metrics/racket_target/recovery_phase_ready_score: 0.0159
Metrics/racket_target/recovery_contact_ready_score: 0.0011
Metrics/racket_target/recovery_net_ready_score: 0.0011
Metrics/racket_target/recovery_return_ready_score: 0.0000
Metrics/racket_target/cycle_success_ready_score: 0.0000
Metrics/racket_target/cycle_success_soft: 0.0000
Metrics/racket_target/cycle_success_binary: 0.0000
Metrics/racket_target/cycle_v2_pending: 0.0000
Metrics/racket_target/cycle_v2_attempt_latch: 0.0000
Metrics/racket_target/cycle_v2_ready_success_latch: 0.0000
Metrics/racket_target/cycle_v2_ready_fail_latch: 0.0000
Metrics/racket_target/cycle_v2_attempt_event: 0.0000
Metrics/racket_target/cycle_v2_ready_success_event: 0.0000
Metrics/racket_target/cycle_v2_ready_fail_event: 0.0000
Metrics/racket_target/cycle_v2_unresolved_resample_fail_event: 0.0000
Metrics/racket_target/cycle_v2_resolved_event: 0.0000
Metrics/racket_target/cycle_v2_command_visible_steps: 0.0000
Metrics/racket_target/cycle_v2_elapsed_steps: 0.0000
Metrics/racket_target/cycle_v2_ready_score: 0.0000
Metrics/racket_target/cycle_v2_ready_ok: 0.0000
Metrics/racket_target/cycle_v2_visible: 0.0000
Metrics/racket_target/cycle_v2_ready_score_ok: 0.0000
Metrics/racket_target/cycle_v2_height_ok: 0.0000
Metrics/racket_target/cycle_v2_upright_ok: 0.0000
Metrics/racket_target/cycle_v2_base_lin_vel_ok: 0.0000
Metrics/racket_target/cycle_v2_base_ang_vel_ok: 0.0000
Metrics/racket_target/cycle_v2_feet_ok: 0.0000
Metrics/racket_target/cycle_v2_core_ready_ok: 0.0000
Metrics/racket_target/cycle_v2_ready_consecutive_steps: 0.0000
Metrics/racket_target/single_cycle_bootstrap: 0.0000
Metrics/racket_target/single_cycle_swing_completed: 0.0000
Metrics/racket_target/single_cycle_recovery_active: 0.0000
Metrics/racket_target/single_cycle_recovery_elapsed_steps: 0.0000
Metrics/racket_target/single_cycle_ready_consecutive_steps: 0.0000
Metrics/racket_target/single_cycle_safe_timeout_event: 0.0000
Metrics/racket_target/single_cycle_deadline_timeout_event: 0.0000
Metrics/racket_target/single_cycle_timeout_latch: 0.0000
Metrics/racket_target/single_cycle_hard_failure_event: 0.0000
Metrics/racket_target/single_cycle_probability: 0.0000
Metrics/racket_target/single_cycle_curriculum_level: 0.0000
Metrics/racket_target/single_cycle_effective_deadline_steps: 100.0000
Metrics/racket_target/single_cycle_selected_events: 0.0000
Metrics/racket_target/single_cycle_completed_events: 0.0000
Metrics/racket_target/single_cycle_safe_timeout_events: 0.0000
Metrics/racket_target/single_cycle_deadline_timeout_events: 0.0000
Metrics/racket_target/single_cycle_hard_failure_events: 0.0000
Metrics/racket_target/active_ready_consecutive_steps: 0.0000
Metrics/racket_target/active_ready_success_event: 0.0000
Metrics/racket_target/active_ready_success_latch: 0.0000
Metrics/racket_target/active_ready_survival_steps: 0.0000
Metrics/racket_target/active_ready_survival_next_milestone: 0.0000
Metrics/racket_target/active_ready_survival_milestone_event: 0.0000
Metrics/racket_target/no_command_ready_active: 0.0156
Metrics/racket_target/no_command_from_stand_episode: 0.0156
Metrics/racket_target/no_command_from_default_stand_reset: 0.0156
Metrics/racket_target/no_command_ready_upright_ok: 0.0156
Metrics/racket_target/no_command_ready_motion_ok: 0.0000
Metrics/racket_target/no_command_ready_score: 0.0084
Metrics/racket_target/no_command_ready_progress: -0.0016
Metrics/racket_target/no_command_ready_station_error: 0.0015
Metrics/racket_target/no_command_ready_fixed_station_error: 0.0015
Metrics/racket_target/healthy_training_stage: 3.0000
Metrics/racket_target/healthy_stage_planted_rehearsal: 0.0000
Metrics/racket_target/healthy_stage_station_hold_seen: 0.0000
Metrics/racket_target/healthy_stage_station_arrived: 0.0000
Metrics/racket_target/healthy_stage_station_settled: 0.0000
Metrics/racket_target/healthy_stage_station_settle_steps: 0.0000
Metrics/racket_target/station_relocation_active: 0.0000
Metrics/racket_target/station_relocation_target_offset_y: 0.0000
Metrics/racket_target/station_relocation_error: 0.0000
Metrics/racket_target/station_relocation_arrival_event: 0.0000
Metrics/racket_target/station_relocation_settle_event: 0.0000
Metrics/racket_target/station_relocation_release_event: 0.0000
Metrics/racket_target/station_relocation_timeout_event: 0.0000
Metrics/racket_target/station_relocation_elapsed_steps: 0.0000
Metrics/racket_target/station_relocation_hold_deadline_steps: 0.0000
Metrics/racket_target/lifecycle_recovery_hold_active: 0.0000
Metrics/racket_target/lifecycle_recovery_release_success_event: 0.0000
Metrics/racket_target/lifecycle_recovery_release_fail_event: 0.0000
Metrics/racket_target/station_relocation_level: 0.0000
Metrics/racket_target/station_relocation_arrival_ema: 0.0000
Metrics/racket_target/station_relocation_settle_ema: 0.0000
Metrics/racket_target/station_relocation_contact_ema: 0.0000
Metrics/racket_target/station_relocation_safety_ema: 0.0000
Metrics/racket_target/station_relocation_resolved_events: 0.0000
Metrics/racket_target/station_relocation_terminal_reset_events: 0.0000
Metrics/racket_target/station_relocation_advance_streak: 0.0000
Metrics/racket_target/station_relocation_regress_streak: 0.0000
Metrics/racket_target/station_relocation_effective_max_lin_vel: 0.0000
Metrics/racket_target/station_relocation_effective_max_ang_vel: 0.0000
Metrics/racket_target/station_relocation_effective_min_settle_steps: 0.0000
Metrics/racket_target/ability_curriculum_level: 0.0000
Metrics/racket_target/ability_curriculum_scale: 1.0000
Metrics/racket_target/ability_curriculum_resolved_events: 3073.5312
Metrics/racket_target/ability_curriculum_total_resolved_events: 3073.5312
Metrics/racket_target/ability_curriculum_advance_streak: 0.0000
Metrics/racket_target/ability_curriculum_regress_streak: 0.0000
Metrics/racket_target/ability_contact_ema: 0.6388
Metrics/racket_target/ability_net_ema: 0.6248
Metrics/racket_target/ability_success_ema: 0.0169
Metrics/racket_target/ability_recovery_ema: 0.8064
Metrics/racket_target/ability_cycle_ema: 0.0169
Metrics/racket_target/ability_cycle_attempt_ema: 0.0169
Metrics/racket_target/ability_cycle_resolved_ema: 0.0169
Metrics/racket_target/ability_forehand_contact_ema: 0.7158
Metrics/racket_target/ability_forehand_net_ema: 0.7058
Metrics/racket_target/ability_forehand_success_ema: 0.0127
Metrics/racket_target/ability_backhand_contact_ema: 0.5903
Metrics/racket_target/ability_backhand_net_ema: 0.5729
Metrics/racket_target/ability_backhand_success_ema: 0.0220
Metrics/racket_target/ability_attempt_ema: 1.0000
Metrics/racket_target/ability_targeted_attempt_ema: 0.9994
Metrics/racket_target/impact_health_floor_progress: 0.0000
Metrics/racket_target/ability_safety_ema: 0.9233
Metrics/racket_target/ability_station_saturation_ema: 0.0000
Metrics/racket_target/ability_healthy_normal_ema: 0.9992
Metrics/racket_target/ability_station_arrival_ema: 0.0000
Metrics/racket_target/ability_station_settle_ema: 0.0000
Metrics/racket_target/safe_outcome_capability_gate: 0.7479
Metrics/racket_target/planner_hit_plane_blend: 1.0000
Metrics/racket_target/planner_hit_plane_x_delta: 0.0373
Metrics/racket_target/true_strike_table_x: 0.2000
Metrics/racket_target/planner_target_table_x: 0.2000
Metrics/racket_target/workspace_level: 0.0000
Metrics/racket_target/workspace_fringe_sample: 0.0000
Metrics/racket_target/workspace_target_lateral_norm: 0.2731
Metrics/racket_target/workspace_target_table_y: -0.1973
Metrics/racket_target/workspace_playable_y_min: -0.7225
Metrics/racket_target/workspace_playable_y_max: 0.7225
Metrics/racket_target/workspace_active_y_lo: -0.2592
Metrics/racket_target/workspace_active_y_hi: -0.1291
Metrics/racket_target/workspace_motion_seed_blend: 0.0000
Metrics/racket_target/planner_perturb_curriculum_scale: 1.0000
Metrics/racket_target/incoming_ball_horizontal_speed: 2.2531
Metrics/racket_target/incoming_ball_speed: 4.6307
Metrics/racket_target/incoming_ball_speed_curriculum_level: 0.0000
Metrics/racket_target/incoming_ball_speed_sample_low: 0.0000
Metrics/racket_target/incoming_ball_speed_sample_high: 0.0000
Metrics/racket_target/station_saturated: 0.0000
Metrics/racket_target/station_raw_clip_excess: 0.0000
Metrics/racket_target/station_saturated_x: 0.0000
Metrics/racket_target/station_saturated_y: 0.0000
Metrics/racket_target/station_raw_clip_excess_x: 0.0000
Metrics/racket_target/station_raw_clip_excess_y: 0.0000
Metrics/racket_target/current_swing_opportunity: 0.0330
Metrics/racket_target/current_swing_attempt: 0.0330
Metrics/racket_target/current_swing_targeted_attempt: 0.0087
Metrics/racket_target/prev_swing_targeted_attempt: 0.9233
Metrics/racket_target/current_swing_unsafe: 0.0915
Metrics/racket_target/current_swing_station_saturated: 0.0000
Metrics/racket_target/impact_health_score: 0.8439
Metrics/racket_target/impact_health_ok: 0.8743
Metrics/racket_target/impact_health_backlean_violation: 0.0236
Metrics/racket_target/impact_health_waist_backfold: 0.0016
Metrics/racket_target/impact_health_base_retreat: 0.0371
Metrics/racket_target/impact_health_torso_gravity_x: 0.2270
Metrics/racket_target/impact_health_torso_ang_vel: 0.6482
Metrics/racket_target/impact_health_com_x: 0.0708
Metrics/racket_target/impact_health_com_y: 0.0315
Metrics/racket_target/post_contact_ready_pending: 0.0000
Metrics/racket_target/post_contact_ready_elapsed_steps: 0.2083
Metrics/racket_target/post_contact_ready_consecutive_steps: 0.0000
Metrics/racket_target/post_contact_ready_diagnostic_pending: 0.0000
Metrics/racket_target/post_contact_ready_diagnostic_elapsed_steps: 0.1979
Metrics/racket_target/post_contact_ready_durable_pending: 0.0000
Metrics/racket_target/post_contact_ready_durable_consecutive_steps: 0.0000
Metrics/racket_target/post_contact_ready_durable_ready_now: 0.0000
Metrics/racket_target/post_contact_ready_durable_success_event: 0.0000
Metrics/racket_target/post_contact_ready_durable_fail_event: 0.0000
Metrics/racket_target/post_contact_ready_durable_resolution_success_rate: 0.2351
Metrics/racket_target/post_contact_ready_durable_resolution_fail_rate: 0.6994
Metrics/racket_target/post_contact_ready_durable_resolution_success_latency_steps: 35.0000
Metrics/racket_target/post_contact_ready_durable_resolution_fail_latency_steps: 33.5596
Metrics/racket_target/post_contact_ready_durable_fail_backlean_rate: 0.0501
Metrics/racket_target/post_contact_ready_durable_fail_forward_lean_rate: 0.8652
Metrics/racket_target/post_contact_ready_durable_fail_torso_ang_vel_rate: 0.0506
Metrics/racket_target/post_contact_ready_durable_fail_base_lin_vel_rate: 0.0506
Metrics/racket_target/post_contact_ready_durable_fail_base_ang_vel_rate: 0.4056
Metrics/racket_target/post_contact_ready_durable_fail_racket_speed_rate: 0.0501
Metrics/racket_target/post_contact_ready_durable_fail_height_rate: 0.0501
Metrics/racket_target/post_contact_ready_durable_fail_com_x_rate: 0.0534
Metrics/racket_target/post_contact_ready_durable_fail_com_y_rate: 0.0501
Metrics/racket_target/post_contact_ready_durable_fail_feet_rate: 0.0501
Metrics/racket_target/post_contact_ready_durable_fail_station_rate: 0.0506
Metrics/racket_target/post_contact_ready_durable_fail_arm_rate: 0.0501
Metrics/racket_target/post_contact_ready_terminal_window_active: 0.0000
Metrics/racket_target/post_contact_ready_terminal_quality: 0.0011
Metrics/racket_target/post_contact_ready_terminal_settlement_event: 0.0000
Metrics/racket_target/post_contact_ready_operational_ready_now: 0.0000
Metrics/racket_target/post_contact_ready_operational_consecutive_steps: 0.0000
Metrics/racket_target/post_contact_ready_safe_settlement_event: 0.0000
Metrics/racket_target/post_contact_ready_unsafe_settlement_event: 0.0000
Metrics/racket_target/post_contact_ready_incomplete_settlement_event: 0.0000
Metrics/racket_target/post_contact_ready_safe_net_cycle_event: 0.0000
Metrics/racket_target/post_contact_ready_terminal_quality_mean: 0.9225
Metrics/racket_target/post_contact_ready_safe_terminal_quality_mean: 0.9328
Metrics/racket_target/post_contact_ready_terminal_safe_rate: 0.7000
Metrics/racket_target/post_contact_ready_terminal_unsafe_rate: 0.0314
Metrics/racket_target/post_contact_ready_terminal_incomplete_rate: 0.2686
Metrics/racket_target/post_contact_ready_safe_net_cycle_rate: 0.6837
Metrics/racket_target/post_contact_ready_score: 0.7862
Metrics/racket_target/post_contact_ready_now: 0.0000
Metrics/racket_target/post_contact_ready_success_event: 0.0000
Metrics/racket_target/post_contact_ready_fail_event: 0.0000
Metrics/racket_target/post_contact_ready_outcome_tier: -0.9896
Metrics/racket_target/post_contact_ready_face_quality: 0.0000
Metrics/racket_target/post_contact_ready_safe_face_net_cycle_value: 0.0000
Metrics/racket_target/post_contact_ready_planner_speed_ratio: 0.0051
Metrics/racket_target/post_contact_ready_planner_direction_error_rad: 0.0018
Metrics/racket_target/post_contact_ready_planner_position_error: 0.0005
Metrics/racket_target/post_contact_ready_impact_health_score: 0.0048
Metrics/racket_target/post_contact_ready_peak_base_ang_vel: 0.0118
Metrics/racket_target/post_contact_ready_peak_ang_vel_excess_increment: 0.0000
Metrics/racket_target/post_contact_ready_envelope_violation_latch: 0.0000
Metrics/racket_target/post_contact_ready_envelope_violation_event: 0.0000
Metrics/racket_target/post_contact_ready_envelope_first_violation_step: -1.0000
Metrics/racket_target/post_contact_ready_envelope_attempts: 3082.1875
Metrics/racket_target/post_contact_ready_envelope_violation_rate: 0.0319
Metrics/racket_target/post_contact_ready_envelope_tilt_violation_rate: 0.0000
Metrics/racket_target/post_contact_ready_envelope_pitch_violation_rate: 0.0000
Metrics/racket_target/post_contact_ready_envelope_com_violation_rate: 0.0003
Metrics/racket_target/post_contact_ready_envelope_waist_violation_rate: 0.0000
Metrics/racket_target/post_contact_ready_envelope_leg_violation_rate: 0.0000
Metrics/racket_target/post_contact_ready_envelope_base_ang_vel_violation_rate: 0.0315
Metrics/racket_target/post_contact_ready_resolution_success_rate: 0.9807
Metrics/racket_target/post_contact_ready_resolution_fail_rate: 0.0107
Metrics/racket_target/post_contact_ready_resolution_success_latency_steps: 4.9658
Metrics/racket_target/post_contact_ready_resolution_fail_latency_steps: 13.0000
Metrics/racket_target/post_contact_ready_max_tilt: 0.0008
Metrics/racket_target/post_contact_ready_max_abs_pitch: 0.0008
Metrics/racket_target/post_contact_ready_max_com_x: 0.0011
Metrics/racket_target/post_contact_ready_max_com_y: 0.0001
Metrics/racket_target/post_contact_ready_max_waist_overflow: 0.0000
Metrics/racket_target/post_contact_ready_max_leg_overflow: 0.0009
Metrics/racket_target/post_contact_ready_settlement_velocity_score_ema: 0.6494
Metrics/racket_target/post_contact_ready_settlement_position_gate_ema: 0.7765
Metrics/racket_target/post_contact_ready_settlement_health_gate_ema: 0.9793
Metrics/racket_target/post_contact_ready_settlement_recovery_gate_ema: 0.4231
Metrics/racket_target/post_contact_ready_settlement_total_score_ema: 0.2020
Metrics/racket_target/post_contact_recovery_backlean_error: 0.0448
Metrics/racket_target/post_contact_recovery_directional_progress: 0.0000
Metrics/racket_target/post_contact_ready_torso_ok: 0.7698
Metrics/racket_target/post_contact_ready_motion_ok: 0.7430
Metrics/racket_target/post_contact_ready_support_ok: 0.8743
Metrics/racket_target/post_contact_ready_arm_ok: 1.0000
Metrics/racket_target/post_contact_ready_base_lin_vel_ok: 0.8743
Metrics/racket_target/post_contact_ready_base_ang_vel_ok: 0.7613
Metrics/racket_target/post_contact_ready_racket_speed_ok: 0.9562
Metrics/racket_target/post_contact_ready_height_ok: 0.9163
Metrics/racket_target/post_contact_ready_com_x_ok: 0.8743
Metrics/racket_target/post_contact_ready_com_y_ok: 0.9766
Metrics/racket_target/post_contact_ready_feet_ok: 0.9961
Metrics/racket_target/post_contact_ready_station_ok: 0.8817
Metrics/racket_target/post_contact_ready_fail_torso: 0.0000
Metrics/racket_target/post_contact_ready_fail_base_lin_vel: 0.0000
Metrics/racket_target/post_contact_ready_fail_base_ang_vel: 0.0000
Metrics/racket_target/post_contact_ready_fail_racket_speed: 0.0000
Metrics/racket_target/post_contact_ready_fail_support: 0.0000
Metrics/racket_target/post_contact_ready_fail_arm: 0.0000
Metrics/racket_target/post_contact_ready_shadow_now: 0.0000
Metrics/racket_target/post_contact_ready_shadow_consecutive_steps: 0.0000
Metrics/racket_target/post_contact_ready_shadow_success_latch: 0.0000
Metrics/racket_target/post_contact_ready_curriculum_level: 0.0000
Metrics/racket_target/post_contact_ready_curriculum_fraction: 1.0000
Metrics/racket_target/post_contact_ready_curriculum_success_ema: 0.0000
Metrics/racket_target/post_contact_ready_curriculum_shadow_success_ema: 0.0000
Metrics/racket_target/post_contact_ready_curriculum_resolved_events: 0.0000
Metrics/racket_target/post_contact_ready_curriculum_successful_events: 0.0000
Metrics/racket_target/post_contact_ready_curriculum_targeted_attempt_ema: 0.0000
Metrics/racket_target/post_contact_ready_curriculum_return_success_ema: 0.0000
Metrics/racket_target/post_contact_ready_curriculum_completed_swings: 0.0000
Metrics/racket_target/post_contact_ready_curriculum_advance_streak: 0.0000
Metrics/racket_target/post_contact_ready_curriculum_advance_guard_ok: 0.0000
Metrics/racket_target/post_contact_ready_effective_max_torso_ang_vel: 1.5000
Metrics/racket_target/post_contact_ready_effective_torso_x_min: -0.1200
Metrics/racket_target/post_contact_ready_effective_torso_x_max: 0.3200
Metrics/racket_target/post_contact_ready_effective_max_base_lin_vel: 0.4500
Metrics/racket_target/post_contact_ready_effective_max_base_ang_vel: 1.3000
Metrics/racket_target/post_contact_ready_effective_max_racket_speed: 3.0000
Metrics/racket_target/post_contact_ready_effective_min_feet_contact: 0.5000
Metrics/racket_target/post_contact_ready_effective_required_consecutive_steps: 3.0000
Metrics/racket_target/post_contact_ready_effective_deadline_steps: 40.0000
Metrics/racket_target/post_contact_ready_curriculum_advance_threshold: 1.0000
Metrics/racket_target/post_contact_ready_curriculum_advance_min_events: 0.0000
Metrics/racket_target/post_contact_ready_curriculum_shadow_threshold: 1.0000
Metrics/racket_target/post_contact_ready_curriculum_min_targeted_attempt_ema: 0.0000
Metrics/racket_target/post_contact_ready_curriculum_min_return_success_ema: 0.0000
Metrics/racket_target/post_contact_ready_curriculum_min_completed_swings: 1.0000
Metrics/racket_target/post_contact_ready_curriculum_required_advance_checks: 1.0000
Metrics/racket_target/racket_normal_error_deg: 31.5416
Metrics/racket_target/impact_normal_error_deg: 0.7625
Metrics/racket_target/impact_racket_vel_error_mps: 0.6189
Metrics/racket_target/impact_racket_speed_ratio: 0.8508
Metrics/racket_target/impact_racket_vel_angle_deg: 16.5261
Metrics/racket_target/impact_racket_actual_vel_x: 0.7606
Metrics/racket_target/impact_racket_actual_vel_y: 0.0839
Metrics/racket_target/impact_racket_actual_vel_z: 1.2919
Metrics/racket_target/impact_racket_target_vel_x: 1.1798
Metrics/racket_target/impact_racket_target_vel_y: -0.0235
Metrics/racket_target/impact_racket_target_vel_z: 1.3237
Metrics/racket_target/impact_ball_out_error_mps: 4.3878
Metrics/racket_target/impact_face_radial_error_m: 0.0713
Metrics/racket_target/impact_face_normal_gap_m: 0.0491
Metrics/racket_target/impact_face_quality: 0.6028
Metrics/racket_target/impact_center_contact: 0.0000
Metrics/racket_target/impact_center_net_cross: 0.0000
Metrics/racket_target/impact_center_on_opponent: 0.0000
Metrics/racket_target/impact_rim_contact: 0.0000
Metrics/racket_target/impact_rim_net_cross: 0.0000
Metrics/racket_target/impact_rim_on_opponent: 0.0000
Metrics/racket_target/impact_analytic_outer_contact: 0.0000
Metrics/racket_target/impact_analytic_outer_net_cross: 0.0000
Metrics/racket_target/impact_analytic_outer_on_opponent: 0.0000
Metrics/racket_target/impact_planner_pos_error_m: 0.0938
Metrics/racket_target/impact_planner_vel_error_mps: 0.6189
Metrics/racket_target/impact_planner_speed_ratio: 0.8508
Metrics/racket_target/impact_planner_vel_angle_deg: 16.5261
Metrics/racket_target/impact_healthy_normal_ok: 0.0000
Metrics/racket_target/impact_healthy_contact: 0.0000
Metrics/racket_target/impact_healthy_net_cross: 0.0000
Metrics/racket_target/impact_healthy_on_opponent: 0.0000
Metrics/racket_target/current_swing_impact_health_score: 0.0048
Metrics/racket_target/current_swing_healthy_contact: 0.0052
Metrics/racket_target/current_swing_healthy_net_cross: 0.0052
Metrics/racket_target/current_swing_healthy_on_opponent: 0.0000
Metrics/racket_target/current_swing_healthy_normal_ok: 0.0087
Metrics/racket_target/current_swing_contact: 0.0052
Metrics/racket_target/current_swing_net_cross: 0.0052
Metrics/racket_target/current_swing_on_opponent: 0.0000
Metrics/racket_target/current_swing_center_contact: 0.0000
Metrics/racket_target/current_swing_center_net_cross: 0.0000
Metrics/racket_target/current_swing_center_on_opponent: 0.0000
Metrics/racket_target/current_swing_rim_contact: 0.0000
Metrics/racket_target/current_swing_rim_net_cross: 0.0000
Metrics/racket_target/current_swing_rim_on_opponent: 0.0000
Metrics/racket_target/current_swing_analytic_outer_contact: 0.0052
Metrics/racket_target/current_swing_analytic_outer_net_cross: 0.0052
Metrics/racket_target/current_swing_analytic_outer_on_opponent: 0.0000
Metrics/racket_target/cycle_v2_outcome_tier: -1.0000
Metrics/racket_target/cycle_v2_streak: 0.0000
Metrics/racket_target/closed_loop_recovery_trigger_event: 0.0000
Metrics/racket_target/closed_loop_cycle_success_event: 0.0000
Metrics/racket_target/closed_loop_durable_cycle_success_event: 0.0000
Metrics/racket_target/closed_loop_phase_id: 1.3300
Metrics/racket_target/closed_loop_phase_ready_no_command: 0.0156
Metrics/racket_target/closed_loop_phase_command_acquire: 0.6979
Metrics/racket_target/closed_loop_phase_pre_strike: 0.2377
Metrics/racket_target/closed_loop_phase_strike: 0.0383
Metrics/racket_target/closed_loop_phase_follow_through: 0.0104
Metrics/racket_target/closed_loop_phase_recovery: 0.0000
Metrics/racket_target/closed_loop_phase_next_ready: 0.0000
Metrics/racket_target/post_contact_phase_impact_0_100ms_attempts: 3082.1875
Metrics/racket_target/post_contact_phase_impact_0_100ms_tilt_gt_0p1_rate: 1.0000
Metrics/racket_target/post_contact_phase_impact_0_100ms_pitch_gt_0p1_rate: 1.0000
Metrics/racket_target/post_contact_phase_impact_0_100ms_waist_overflow_gt_1p0_rate: 0.0000
Metrics/racket_target/post_contact_phase_impact_0_100ms_base_ang_vel_gt_0p8_rate: 0.9882
Metrics/racket_target/post_contact_phase_brake_100_300ms_attempts: 3031.0312
Metrics/racket_target/post_contact_phase_brake_100_300ms_tilt_gt_0p1_rate: 0.9976
Metrics/racket_target/post_contact_phase_brake_100_300ms_pitch_gt_0p1_rate: 0.9959
Metrics/racket_target/post_contact_phase_brake_100_300ms_waist_overflow_gt_1p0_rate: 0.0000
Metrics/racket_target/post_contact_phase_brake_100_300ms_base_ang_vel_gt_0p8_rate: 0.9970
Metrics/racket_target/post_contact_phase_settle_300_600ms_attempts: 2929.2500
Metrics/racket_target/post_contact_phase_settle_300_600ms_tilt_gt_0p1_rate: 0.8150
Metrics/racket_target/post_contact_phase_settle_300_600ms_pitch_gt_0p1_rate: 0.7600
Metrics/racket_target/post_contact_phase_settle_300_600ms_waist_overflow_gt_1p0_rate: 0.0000
Metrics/racket_target/post_contact_phase_settle_300_600ms_base_ang_vel_gt_0p8_rate: 0.9914
Metrics/racket_target/post_contact_phase_ready_after_600ms_attempts: 2756.1250
Metrics/racket_target/post_contact_phase_ready_after_600ms_tilt_gt_0p1_rate: 0.5398
Metrics/racket_target/post_contact_phase_ready_after_600ms_pitch_gt_0p1_rate: 0.4334
Metrics/racket_target/post_contact_phase_ready_after_600ms_waist_overflow_gt_1p0_rate: 0.0000
Metrics/racket_target/post_contact_phase_ready_after_600ms_base_ang_vel_gt_0p8_rate: 0.9407
Metrics/racket_target/base_pitch_like_signed: -0.1508
Metrics/racket_target/base_backward_velocity: 0.0797
Metrics/racket_target/waist_action_rms: 0.5301
Metrics/racket_target/right_arm_action_rms: 4.1351
Metrics/racket_target/leg_action_rms: 0.5166
Metrics/racket_target/action_abs_max: 7.3896
Metrics/racket_target/applied_action_abs_max: 7.3252
Metrics/racket_target/leg_action_abs_max: 0.9998
Metrics/racket_target/effective_action_abs_max: 7.3252
Metrics/racket_target/action_clamp_fraction: 0.0039
Metrics/racket_target/waist_action_clamp_fraction: 0.0000
Metrics/racket_target/right_arm_action_clamp_fraction: 0.0037
Metrics/racket_target/leg_action_clamp_fraction: 0.0080
Metrics/racket_target/waist_q_tracking_error_rms: 0.3851
Metrics/racket_target/right_arm_q_tracking_error_rms: 0.1696
Metrics/racket_target/leg_q_tracking_error_rms: 0.1966
Metrics/racket_target/waist_torque_clip_fraction: 0.0000
Metrics/racket_target/right_arm_torque_clip_fraction: 0.0000
Metrics/racket_target/leg_torque_clip_fraction: 0.0000
Metrics/racket_target/waist_action_delta_rms: 0.1497
Metrics/racket_target/right_arm_action_delta_rms: 0.9349
Metrics/racket_target/leg_action_delta_rms: 0.2688
Metrics/racket_target/waist_joint_vel_rms: 0.7873
Metrics/racket_target/right_arm_joint_vel_rms: 1.5065
Metrics/racket_target/leg_joint_vel_rms: 0.6911
Metrics/racket_target/recovery_leg_action_abs_max: 0.0934
Metrics/racket_target/recovery_leg_action_delta_rms: 0.0237
Metrics/racket_target/recovery_leg_joint_vel_rms: 0.0914
      Episode_Termination/time_out: 3.7812
  Episode_Termination/base_too_low: 0.0312
   Episode_Termination/base_tilted: 0.3438
   Episode_Termination/table_touch: 0.1875
Episode_Termination/persistent_action_overflow: 0.0000
--------------------------------------------------------------------------------
                   Total timesteps: 786432
                    Iteration time: 2.49s
                      Time elapsed: 00:00:30
                               ETA: 00:00:22

################################################################################
                     [1m Learning iteration 1812/1820 [0m                     

                       Computation: 25536 steps/s (collection: 2.550s, learning 0.017s)
             Mean action noise std: 0.45
          Mean value_function loss: 0.0958
               Mean surrogate loss: -0.0000
                 Mean entropy loss: 2.8121
      Mean critic_only_warmup loss: 1.0000
                       Mean reward: 12.11
               Mean episode length: 366.40
 Episode_Reward/undesired_contacts: -0.0000
  Episode_Reward/feet_contact_slip: -0.0019
     Episode_Reward/table_no_touch: -0.0009
              Episode_Reward/alive: 0.0074
            Episode_Reward/upright: -0.0065
          Episode_Reward/imitation: 0.3068
    Episode_Reward/racket_position: 0.0614
Episode_Reward/backhand_racket_position: 0.0288
    Episode_Reward/racket_velocity: 0.0396
Episode_Reward/planner_racket_task_space_crossfade: 0.2592
Episode_Reward/exact_impact_planner_task_space_alignment: 0.0058
    Episode_Reward/blade_direction: 0.0365
Episode_Reward/health_gated_soft_ball_contact: 0.0395
Episode_Reward/health_gated_backhand_soft_ball_contact: 0.0262
Episode_Reward/health_gated_ball_contact: 0.0069
Episode_Reward/healthy_trunk_support: 0.0596
Episode_Reward/targeted_strike_attempt: 0.0091
  Episode_Reward/strike_inactivity: -0.0000
 Episode_Reward/pre_strike_station: 0.0618
    Episode_Reward/recovery_health: 0.0406
Episode_Reward/no_command_ready_stability: 0.0010
Episode_Reward/post_strike_base_ang_vel: 0.0077
Episode_Reward/phase_action_overflow: -0.0001
     Episode_Reward/strike_balance: 0.0240
Episode_Reward/prestrike_station_progress: 0.0172
 Episode_Reward/lower_body_support: 0.0357
Episode_Reward/termination_penalty: -0.0193
Episode_Reward/phase_action_rate_waist: -0.0002
Episode_Reward/phase_action_rate_upper: -0.0048
Episode_Reward/phase_action_rate_legs: -0.0002
        Episode_Reward/joint_limit: -0.0282
Episode_Reward/prestrike_racket_progress: 0.1793
Episode_Reward/near_impact_planner_velocity_progress: 0.0372
Episode_Reward/operational_joint_margin: -0.0061
  Episode_Reward/joint_target_slew: -0.0246
Episode_Reward/actuator_waist_feasibility: -0.0000
Episode_Reward/actuator_right_arm_feasibility: -0.0000
Episode_Reward/actuator_leg_feasibility: -0.0000
Episode_Reward/terminal_quality_window: 0.0008
Episode_Reward/safe_terminal_quality: 0.0015
Episode_Reward/unsafe_terminal_recovery: -0.0000
Episode_Reward/capability_gated_safe_terminal_outcome: 0.0109
Episode_Reward/targeted_contact_miss: -0.0026
    Metrics/motion/error_joint_pos: 1.3927
    Metrics/motion/error_joint_vel: 5.5216
     Metrics/motion/error_body_pos: 0.1209
     Metrics/motion/error_body_rot: 0.4280
       Metrics/motion/motion_phase: 0.4221
            Metrics/motion/in_hold: 0.0175
Metrics/motion/motion_start_warmup_prob: 0.8000
Metrics/motion/motion_start_lifecycle_progress: 0.0000
Metrics/motion/motion_start_effective_prestrike_fraction: 1.0000
Metrics/motion/motion_start_effective_recovery_fraction: 0.0000
Metrics/motion/motion_start_effective_rsi_fraction: 0.0000
 Metrics/motion/motion_start_reset: 0.0000
Metrics/motion/motion_start_prestrike_reset: 0.0000
Metrics/motion/motion_start_recovery_reset: 0.0000
Metrics/motion/motion_start_rsi_reset: 0.0000
 Metrics/motion/single_cycle_reset: 0.0000
     Metrics/motion/motion_clip_id: 0.5184
Metrics/motion/motion_supplemental_clip: 0.0000
      Metrics/motion/stand_episode: 0.0130
Metrics/motion/default_stand_reset: 0.0661
Metrics/motion/error_body_pos_lower: 0.1300
Metrics/motion/error_body_rot_lower: 0.4100
Metrics/motion/error_body_lin_vel_lower: 0.1963
Metrics/motion/error_body_ang_vel_lower: 0.9539
Metrics/motion/reference_body_lin_speed_lower: 0.0221
Metrics/motion/robot_body_lin_speed_lower: 0.1934
Metrics/motion/error_body_pos_core: 0.0697
Metrics/motion/error_body_rot_core: 0.2512
Metrics/motion/error_body_lin_vel_core: 0.3020
Metrics/motion/error_body_ang_vel_core: 1.2840
Metrics/motion/reference_body_lin_speed_core: 0.0277
Metrics/motion/robot_body_lin_speed_core: 0.3005
Metrics/motion/error_body_pos_upper: 0.1288
Metrics/motion/error_body_rot_upper: 0.5049
Metrics/motion/error_body_lin_vel_upper: 0.8469
Metrics/motion/error_body_ang_vel_upper: 2.2623
Metrics/motion/reference_body_lin_speed_upper: 0.1153
Metrics/motion/robot_body_lin_speed_upper: 0.8618
Metrics/motion/error_joint_pos_waist: 0.2679
Metrics/motion/error_joint_vel_waist: 1.4880
Metrics/motion/reference_joint_speed_waist: 0.0340
Metrics/motion/error_joint_pos_arms: 1.2009
Metrics/motion/error_joint_vel_arms: 4.5372
Metrics/motion/reference_joint_speed_arms: 0.2180
Metrics/motion/error_joint_pos_legs: 0.5943
Metrics/motion/error_joint_vel_legs: 2.4901
Metrics/motion/reference_joint_speed_legs: 0.0088
Metrics/racket_target/racket_pos_error: 0.1274
Metrics/racket_target/racket_vel_error: 1.1538
Metrics/racket_target/time_to_strike: -0.0886
Metrics/racket_target/return_success: 0.0052
Metrics/racket_target/prev_return_success: 0.0130
Metrics/racket_target/prev_net_cross: 0.4806
Metrics/racket_target/current_net_cross: 0.3832
Metrics/racket_target/racket_pos_curriculum_scale: 1.0000
Metrics/racket_target/impact_inverse_command_blend: 0.0000
Metrics/racket_target/steps_since_target_resample: 82.0228
Metrics/racket_target/recovery_height_error: 0.0389
Metrics/racket_target/recovery_upright_error: 0.2318
Metrics/racket_target/recovery_base_lin_vel: 0.2413
Metrics/racket_target/recovery_base_ang_vel: 1.1038
Metrics/racket_target/recovery_station_error: 0.1109
Metrics/racket_target/recovery_feet_contact_frac: 0.9792
Metrics/racket_target/recovery_racket_speed: 1.4831
Metrics/racket_target/recovery_height_score: 0.8753
Metrics/racket_target/recovery_upright_score: 0.5331
Metrics/racket_target/recovery_lin_vel_score: 0.6501
Metrics/racket_target/recovery_ang_vel_score: 0.2824
Metrics/racket_target/recovery_station_score: 0.8047
Metrics/racket_target/recovery_racket_score: 0.1109
Metrics/racket_target/recovery_arm_score: 0.7055
Metrics/racket_target/recovery_ready_score: 0.6344
Metrics/racket_target/recovery_anchor_arm_score: 1.0000
Metrics/racket_target/recovery_core_ready_score: 0.4881
Metrics/racket_target/recovery_functional_ready_score: 0.4176
Metrics/racket_target/waist_action_overflow_rms: 0.0000
Metrics/racket_target/right_arm_action_overflow_rms: 0.0021
Metrics/racket_target/leg_action_overflow_rms: 0.0152
Metrics/racket_target/operational_margin_fraction: 0.0089
Metrics/racket_target/waist_operational_margin_fraction: 0.0052
Metrics/racket_target/right_arm_operational_margin_fraction: 0.0011
Metrics/racket_target/leg_operational_margin_fraction: 0.0205
Metrics/racket_target/waist_operational_excess_rms: 0.0003
Metrics/racket_target/right_arm_operational_excess_rms: 0.0004
Metrics/racket_target/leg_operational_excess_rms: 0.0090
Metrics/racket_target/q_des_velocity_violation_fraction: 0.0674
Metrics/racket_target/waist_q_des_velocity_violation_fraction: 0.0052
Metrics/racket_target/right_arm_q_des_velocity_violation_fraction: 0.0888
Metrics/racket_target/leg_q_des_velocity_violation_fraction: 0.0960
Metrics/racket_target/q_des_acceleration_violation_fraction: 0.6938
Metrics/racket_target/waist_q_des_acceleration_violation_fraction: 0.5551
Metrics/racket_target/right_arm_q_des_acceleration_violation_fraction: 0.8012
Metrics/racket_target/leg_q_des_acceleration_violation_fraction: 0.7594
Metrics/racket_target/waist_q_des_velocity_rms: 3.0826
Metrics/racket_target/right_arm_q_des_velocity_rms: 7.7858
Metrics/racket_target/leg_q_des_velocity_rms: 6.8577
Metrics/racket_target/waist_q_des_acceleration_rms: 238.0200
Metrics/racket_target/right_arm_q_des_acceleration_rms: 663.4816
Metrics/racket_target/leg_q_des_acceleration_rms: 573.8405
Metrics/racket_target/action_operational_feasibility_score: 0.8976
Metrics/racket_target/actuator_overflow_consecutive_steps: 0.0000
Metrics/racket_target/actuator_overflow_severe: 0.0000
Metrics/racket_target/recovery_phase_gate: 0.4293
Metrics/racket_target/recovery_phase_ready_score: 0.2693
Metrics/racket_target/recovery_contact_ready_score: 0.2035
Metrics/racket_target/recovery_net_ready_score: 0.1971
Metrics/racket_target/recovery_return_ready_score: 0.0000
Metrics/racket_target/cycle_success_ready_score: 0.0000
Metrics/racket_target/cycle_success_soft: 0.0000
Metrics/racket_target/cycle_success_binary: 0.0000
Metrics/racket_target/cycle_v2_pending: 0.0000
Metrics/racket_target/cycle_v2_attempt_latch: 0.0000
Metrics/racket_target/cycle_v2_ready_success_latch: 0.0000
Metrics/racket_target/cycle_v2_ready_fail_latch: 0.0000
Metrics/racket_target/cycle_v2_attempt_event: 0.0000
Metrics/racket_target/cycle_v2_ready_success_event: 0.0000
Metrics/racket_target/cycle_v2_ready_fail_event: 0.0000
Metrics/racket_target/cycle_v2_unresolved_resample_fail_event: 0.0000
Metrics/racket_target/cycle_v2_resolved_event: 0.0000
Metrics/racket_target/cycle_v2_command_visible_steps: 0.0000
Metrics/racket_target/cycle_v2_elapsed_steps: 0.0000
Metrics/racket_target/cycle_v2_ready_score: 0.0000
Metrics/racket_target/cycle_v2_ready_ok: 0.0000
Metrics/racket_target/cycle_v2_visible: 0.0000
Metrics/racket_target/cycle_v2_ready_score_ok: 0.0000
Metrics/racket_target/cycle_v2_height_ok: 0.0000
Metrics/racket_target/cycle_v2_upright_ok: 0.0000
Metrics/racket_target/cycle_v2_base_lin_vel_ok: 0.0000
Metrics/racket_target/cycle_v2_base_ang_vel_ok: 0.0000
Metrics/racket_target/cycle_v2_feet_ok: 0.0000
Metrics/racket_target/cycle_v2_core_ready_ok: 0.0000
Metrics/racket_target/cycle_v2_ready_consecutive_steps: 0.0000
Metrics/racket_target/single_cycle_bootstrap: 0.0000
Metrics/racket_target/single_cycle_swing_completed: 0.0000
Metrics/racket_target/single_cycle_recovery_active: 0.0000
Metrics/racket_target/single_cycle_recovery_elapsed_steps: 0.0000
Metrics/racket_target/single_cycle_ready_consecutive_steps: 0.0000
Metrics/racket_target/single_cycle_safe_timeout_event: 0.0000
Metrics/racket_target/single_cycle_deadline_timeout_event: 0.0000
Metrics/racket_target/single_cycle_timeout_latch: 0.0000
Metrics/racket_target/single_cycle_hard_failure_event: 0.0000
Metrics/racket_target/single_cycle_probability: 0.0000
Metrics/racket_target/single_cycle_curriculum_level: 0.0000
Metrics/racket_target/single_cycle_effective_deadline_steps: 100.0000
Metrics/racket_target/single_cycle_selected_events: 0.0000
Metrics/racket_target/single_cycle_completed_events: 0.0000
Metrics/racket_target/single_cycle_safe_timeout_events: 0.0000
Metrics/racket_target/single_cycle_deadline_timeout_events: 0.0000
Metrics/racket_target/single_cycle_hard_failure_events: 0.0000
Metrics/racket_target/active_ready_consecutive_steps: 0.0000
Metrics/racket_target/active_ready_success_event: 0.0000
Metrics/racket_target/active_ready_success_latch: 0.0000
Metrics/racket_target/active_ready_survival_steps: 0.0000
Metrics/racket_target/active_ready_survival_next_milestone: 0.0000
Metrics/racket_target/active_ready_survival_milestone_event: 0.0000
Metrics/racket_target/no_command_ready_active: 0.0130
Metrics/racket_target/no_command_from_stand_episode: 0.0130
Metrics/racket_target/no_command_from_default_stand_reset: 0.0130
Metrics/racket_target/no_command_ready_upright_ok: 0.0130
Metrics/racket_target/no_command_ready_motion_ok: 0.0000
Metrics/racket_target/no_command_ready_score: 0.0057
Metrics/racket_target/no_command_ready_progress: -0.0033
Metrics/racket_target/no_command_ready_station_error: 0.0024
Metrics/racket_target/no_command_ready_fixed_station_error: 0.0024
Metrics/racket_target/healthy_training_stage: 3.0000
Metrics/racket_target/healthy_stage_planted_rehearsal: 0.0000
Metrics/racket_target/healthy_stage_station_hold_seen: 0.0000
Metrics/racket_target/healthy_stage_station_arrived: 0.0000
Metrics/racket_target/healthy_stage_station_settled: 0.0000
Metrics/racket_target/healthy_stage_station_settle_steps: 0.0000
Metrics/racket_target/station_relocation_active: 0.0000
Metrics/racket_target/station_relocation_target_offset_y: 0.0000
Metrics/racket_target/station_relocation_error: 0.0000
Metrics/racket_target/station_relocation_arrival_event: 0.0000
Metrics/racket_target/station_relocation_settle_event: 0.0000
Metrics/racket_target/station_relocation_release_event: 0.0000
Metrics/racket_target/station_relocation_timeout_event: 0.0000
Metrics/racket_target/station_relocation_elapsed_steps: 0.0000
Metrics/racket_target/station_relocation_hold_deadline_steps: 0.0000
Metrics/racket_target/lifecycle_recovery_hold_active: 0.0000
Metrics/racket_target/lifecycle_recovery_release_success_event: 0.0000
Metrics/racket_target/lifecycle_recovery_release_fail_event: 0.0000
Metrics/racket_target/station_relocation_level: 0.0000
Metrics/racket_target/station_relocation_arrival_ema: 0.0000
Metrics/racket_target/station_relocation_settle_ema: 0.0000
Metrics/racket_target/station_relocation_contact_ema: 0.0000
Metrics/racket_target/station_relocation_safety_ema: 0.0000
Metrics/racket_target/station_relocation_resolved_events: 0.0000
Metrics/racket_target/station_relocation_terminal_reset_events: 0.0000
Metrics/racket_target/station_relocation_advance_streak: 0.0000
Metrics/racket_target/station_relocation_regress_streak: 0.0000
Metrics/racket_target/station_relocation_effective_max_lin_vel: 0.0000
Metrics/racket_target/station_relocation_effective_max_ang_vel: 0.0000
Metrics/racket_target/station_relocation_effective_min_settle_steps: 0.0000
Metrics/racket_target/ability_curriculum_level: 0.0000
Metrics/racket_target/ability_curriculum_scale: 1.0000
Metrics/racket_target/ability_curriculum_resolved_events: 3322.1562
Metrics/racket_target/ability_curriculum_total_resolved_events: 3322.1562
Metrics/racket_target/ability_curriculum_advance_streak: 0.0000
Metrics/racket_target/ability_curriculum_regress_streak: 0.0000
Metrics/racket_target/ability_contact_ema: 0.6264
Metrics/racket_target/ability_net_ema: 0.6148
Metrics/racket_target/ability_success_ema: 0.0448
Metrics/racket_target/ability_recovery_ema: 0.8049
Metrics/racket_target/ability_cycle_ema: 0.0448
Metrics/racket_target/ability_cycle_attempt_ema: 0.0448
Metrics/racket_target/ability_cycle_resolved_ema: 0.0448
Metrics/racket_target/ability_forehand_contact_ema: 0.6999
Metrics/racket_target/ability_forehand_net_ema: 0.6853
Metrics/racket_target/ability_forehand_success_ema: 0.0411
Metrics/racket_target/ability_backhand_contact_ema: 0.6148
Metrics/racket_target/ability_backhand_net_ema: 0.5997
Metrics/racket_target/ability_backhand_success_ema: 0.0295
Metrics/racket_target/ability_attempt_ema: 1.0000
Metrics/racket_target/ability_targeted_attempt_ema: 0.9964
Metrics/racket_target/impact_health_floor_progress: 0.0000
Metrics/racket_target/ability_safety_ema: 0.9423
Metrics/racket_target/ability_station_saturation_ema: 0.0000
Metrics/racket_target/ability_healthy_normal_ema: 0.9999
Metrics/racket_target/ability_station_arrival_ema: 0.0000
Metrics/racket_target/ability_station_settle_ema: 0.0000
Metrics/racket_target/safe_outcome_capability_gate: 0.8831
Metrics/racket_target/planner_hit_plane_blend: 1.0000
Metrics/racket_target/planner_hit_plane_x_delta: 0.0358
Metrics/racket_target/true_strike_table_x: 0.2000
Metrics/racket_target/planner_target_table_x: 0.2000
Metrics/racket_target/workspace_level: 0.0000
Metrics/racket_target/workspace_fringe_sample: 0.0000
Metrics/racket_target/workspace_target_lateral_norm: 0.3456
Metrics/racket_target/workspace_target_table_y: -0.2497
Metrics/racket_target/workspace_playable_y_min: -0.7225
Metrics/racket_target/workspace_playable_y_max: 0.7225
Metrics/racket_target/workspace_active_y_lo: -0.3175
Metrics/racket_target/workspace_active_y_hi: -0.1830
Metrics/racket_target/workspace_motion_seed_blend: 0.0000
Metrics/racket_target/planner_perturb_curriculum_scale: 1.0000
Metrics/racket_target/incoming_ball_horizontal_speed: 2.2330
Metrics/racket_target/incoming_ball_speed: 4.6079
Metrics/racket_target/incoming_ball_speed_curriculum_level: 0.0000
Metrics/racket_target/incoming_ball_speed_sample_low: 0.0000
Metrics/racket_target/incoming_ball_speed_sample_high: 0.0000
Metrics/racket_target/station_saturated: 0.0000
Metrics/racket_target/station_raw_clip_excess: 0.0000
Metrics/racket_target/station_saturated_x: 0.0000
Metrics/racket_target/station_saturated_y: 0.0000
Metrics/racket_target/station_raw_clip_excess_x: 0.0000
Metrics/racket_target/station_raw_clip_excess_y: 0.0000
Metrics/racket_target/current_swing_opportunity: 0.5952
Metrics/racket_target/current_swing_attempt: 0.5952
Metrics/racket_target/current_swing_targeted_attempt: 0.5692
Metrics/racket_target/prev_swing_targeted_attempt: 0.9339
Metrics/racket_target/current_swing_unsafe: 0.0644
Metrics/racket_target/current_swing_station_saturated: 0.0000
Metrics/racket_target/impact_health_score: 0.8423
Metrics/racket_target/impact_health_ok: 0.8554
Metrics/racket_target/impact_health_backlean_violation: 0.0151
Metrics/racket_target/impact_health_waist_backfold: 0.0000
Metrics/racket_target/impact_health_base_retreat: 0.0389
Metrics/racket_target/impact_health_torso_gravity_x: 0.2023
Metrics/racket_target/impact_health_torso_ang_vel: 0.5708
Metrics/racket_target/impact_health_com_x: 0.0683
Metrics/racket_target/impact_health_com_y: 0.0425
Metrics/racket_target/post_contact_ready_pending: 0.0990
Metrics/racket_target/post_contact_ready_elapsed_steps: 1.5793
Metrics/racket_target/post_contact_ready_consecutive_steps: 0.0885
Metrics/racket_target/post_contact_ready_diagnostic_pending: 0.3918
Metrics/racket_target/post_contact_ready_diagnostic_elapsed_steps: 4.9179
Metrics/racket_target/post_contact_ready_durable_pending: 0.3918
Metrics/racket_target/post_contact_ready_durable_consecutive_steps: 0.1836
Metrics/racket_target/post_contact_ready_durable_ready_now: 0.0639
Metrics/racket_target/post_contact_ready_durable_success_event: 0.0000
Metrics/racket_target/post_contact_ready_durable_fail_event: 0.0000
Metrics/racket_target/post_contact_ready_durable_resolution_success_rate: 0.2224
Metrics/racket_target/post_contact_ready_durable_resolution_fail_rate: 0.6659
Metrics/racket_target/post_contact_ready_durable_resolution_success_latency_steps: 35.0000
Metrics/racket_target/post_contact_ready_durable_resolution_fail_latency_steps: 33.4486
Metrics/racket_target/post_contact_ready_durable_fail_backlean_rate: 0.0543
Metrics/racket_target/post_contact_ready_durable_fail_forward_lean_rate: 0.8654
Metrics/racket_target/post_contact_ready_durable_fail_torso_ang_vel_rate: 0.0547
Metrics/racket_target/post_contact_ready_durable_fail_base_lin_vel_rate: 0.0547
Metrics/racket_target/post_contact_ready_durable_fail_base_ang_vel_rate: 0.4092
Metrics/racket_target/post_contact_ready_durable_fail_racket_speed_rate: 0.0543
Metrics/racket_target/post_contact_ready_durable_fail_height_rate: 0.0543
Metrics/racket_target/post_contact_ready_durable_fail_com_x_rate: 0.0578
Metrics/racket_target/post_contact_ready_durable_fail_com_y_rate: 0.0543
Metrics/racket_target/post_contact_ready_durable_fail_feet_rate: 0.0543
Metrics/racket_target/post_contact_ready_durable_fail_station_rate: 0.0547
Metrics/racket_target/post_contact_ready_durable_fail_arm_rate: 0.0543
Metrics/racket_target/post_contact_ready_terminal_window_active: 0.0000
Metrics/racket_target/post_contact_ready_terminal_quality: 0.0100
Metrics/racket_target/post_contact_ready_terminal_settlement_event: 0.0000
Metrics/racket_target/post_contact_ready_operational_ready_now: 0.0000
Metrics/racket_target/post_contact_ready_operational_consecutive_steps: 0.0000
Metrics/racket_target/post_contact_ready_safe_settlement_event: 0.0000
Metrics/racket_target/post_contact_ready_unsafe_settlement_event: 0.0000
Metrics/racket_target/post_contact_ready_incomplete_settlement_event: 0.0000
Metrics/racket_target/post_contact_ready_safe_net_cycle_event: 0.0000
Metrics/racket_target/post_contact_ready_terminal_quality_mean: 0.9229
Metrics/racket_target/post_contact_ready_safe_terminal_quality_mean: 0.9330
Metrics/racket_target/post_contact_ready_terminal_safe_rate: 0.6993
Metrics/racket_target/post_contact_ready_terminal_unsafe_rate: 0.0311
Metrics/racket_target/post_contact_ready_terminal_incomplete_rate: 0.2697
Metrics/racket_target/post_contact_ready_safe_net_cycle_rate: 0.6819
Metrics/racket_target/post_contact_ready_score: 0.7738
Metrics/racket_target/post_contact_ready_now: 0.0573
Metrics/racket_target/post_contact_ready_success_event: 0.0078
Metrics/racket_target/post_contact_ready_fail_event: 0.0000
Metrics/racket_target/post_contact_ready_outcome_tier: -0.2109
Metrics/racket_target/post_contact_ready_face_quality: 0.3890
Metrics/racket_target/post_contact_ready_safe_face_net_cycle_value: 0.0000
Metrics/racket_target/post_contact_ready_planner_speed_ratio: 0.3613
Metrics/racket_target/post_contact_ready_planner_direction_error_rad: 0.0958
Metrics/racket_target/post_contact_ready_planner_position_error: 0.0223
Metrics/racket_target/post_contact_ready_impact_health_score: 0.3956
Metrics/racket_target/post_contact_ready_peak_base_ang_vel: 0.5816
Metrics/racket_target/post_contact_ready_peak_ang_vel_excess_increment: 0.0067
Metrics/racket_target/post_contact_ready_envelope_violation_latch: 0.0063
Metrics/racket_target/post_contact_ready_envelope_violation_event: 0.0000
Metrics/racket_target/post_contact_ready_envelope_first_violation_step: -0.9875
Metrics/racket_target/post_contact_ready_envelope_attempts: 3475.8125
Metrics/racket_target/post_contact_ready_envelope_violation_rate: 0.0308
Metrics/racket_target/post_contact_ready_envelope_tilt_violation_rate: 0.0000
Metrics/racket_target/post_contact_ready_envelope_pitch_violation_rate: 0.0000
Metrics/racket_target/post_contact_ready_envelope_com_violation_rate: 0.0003
Metrics/racket_target/post_contact_ready_envelope_waist_violation_rate: 0.0000
Metrics/racket_target/post_contact_ready_envelope_leg_violation_rate: 0.0000
Metrics/racket_target/post_contact_ready_envelope_base_ang_vel_violation_rate: 0.0305
Metrics/racket_target/post_contact_ready_resolution_success_rate: 0.9669
Metrics/racket_target/post_contact_ready_resolution_fail_rate: 0.0112
Metrics/racket_target/post_contact_ready_resolution_success_latency_steps: 4.9259
Metrics/racket_target/post_contact_ready_resolution_fail_latency_steps: 11.3844
Metrics/racket_target/post_contact_ready_max_tilt: 0.0849
Metrics/racket_target/post_contact_ready_max_abs_pitch: 0.0846
Metrics/racket_target/post_contact_ready_max_com_x: 0.0092
Metrics/racket_target/post_contact_ready_max_com_y: 0.0105
Metrics/racket_target/post_contact_ready_max_waist_overflow: 0.0000
Metrics/racket_target/post_contact_ready_max_leg_overflow: 0.0005
Metrics/racket_target/post_contact_ready_settlement_velocity_score_ema: 0.6373
Metrics/racket_target/post_contact_ready_settlement_position_gate_ema: 0.7779
Metrics/racket_target/post_contact_ready_settlement_health_gate_ema: 0.9791
Metrics/racket_target/post_contact_ready_settlement_recovery_gate_ema: 0.4549
Metrics/racket_target/post_contact_ready_settlement_total_score_ema: 0.2140
Metrics/racket_target/post_contact_recovery_backlean_error: 0.0383
Metrics/racket_target/post_contact_recovery_directional_progress: 0.0000
Metrics/racket_target/post_contact_ready_torso_ok: 0.8170
Metrics/racket_target/post_contact_ready_motion_ok: 0.7353
Metrics/racket_target/post_contact_ready_support_ok: 0.8650
Metrics/racket_target/post_contact_ready_arm_ok: 1.0000
Metrics/racket_target/post_contact_ready_base_lin_vel_ok: 0.8650
Metrics/racket_target/post_contact_ready_base_ang_vel_ok: 0.7502
Metrics/racket_target/post_contact_ready_racket_speed_ok: 0.9781
Metrics/racket_target/post_contact_ready_height_ok: 0.9356
Metrics/racket_target/post_contact_ready_com_x_ok: 0.8728
Metrics/racket_target/post_contact_ready_com_y_ok: 0.9688
Metrics/racket_target/post_contact_ready_feet_ok: 0.9870
Metrics/racket_target/post_contact_ready_station_ok: 0.8807
Metrics/racket_target/post_contact_ready_fail_torso: 0.0000
Metrics/racket_target/post_contact_ready_fail_base_lin_vel: 0.0000
Metrics/racket_target/post_contact_ready_fail_base_ang_vel: 0.0000
Metrics/racket_target/post_contact_ready_fail_racket_speed: 0.0000
Metrics/racket_target/post_contact_ready_fail_support: 0.0000
Metrics/racket_target/post_contact_ready_fail_arm: 0.0000
Metrics/racket_target/post_contact_ready_shadow_now: 0.0000
Metrics/racket_target/post_contact_ready_shadow_consecutive_steps: 0.0000
Metrics/racket_target/post_contact_ready_shadow_success_latch: 0.0000
Metrics/racket_target/post_contact_ready_curriculum_level: 0.0000
Metrics/racket_target/post_contact_ready_curriculum_fraction: 1.0000
Metrics/racket_target/post_contact_ready_curriculum_success_ema: 0.0000
Metrics/racket_target/post_contact_ready_curriculum_shadow_success_ema: 0.0000
Metrics/racket_target/post_contact_ready_curriculum_resolved_events: 0.0000
Metrics/racket_target/post_contact_ready_curriculum_successful_events: 0.0000
Metrics/racket_target/post_contact_ready_curriculum_targeted_attempt_ema: 0.0000
Metrics/racket_target/post_contact_ready_curriculum_return_success_ema: 0.0000
Metrics/racket_target/post_contact_ready_curriculum_completed_swings: 0.0000
Metrics/racket_target/post_contact_ready_curriculum_advance_streak: 0.0000
Metrics/racket_target/post_contact_ready_curriculum_advance_guard_ok: 0.0000
Metrics/racket_target/post_contact_ready_effective_max_torso_ang_vel: 1.5000
Metrics/racket_target/post_contact_ready_effective_torso_x_min: -0.1200
Metrics/racket_target/post_contact_ready_effective_torso_x_max: 0.3200
Metrics/racket_target/post_contact_ready_effective_max_base_lin_vel: 0.4500
Metrics/racket_target/post_contact_ready_effective_max_base_ang_vel: 1.3000
Metrics/racket_target/post_contact_ready_effective_max_racket_speed: 3.0000
Metrics/racket_target/post_contact_ready_effective_min_feet_contact: 0.5000
Metrics/racket_target/post_contact_ready_effective_required_consecutive_steps: 3.0000
Metrics/racket_target/post_contact_ready_effective_deadline_steps: 40.0000
Metrics/racket_target/post_contact_ready_curriculum_advance_threshold: 1.0000
Metrics/racket_target/post_contact_ready_curriculum_advance_min_events: 0.0000
Metrics/racket_target/post_contact_ready_curriculum_shadow_threshold: 1.0000
Metrics/racket_target/post_contact_ready_curriculum_min_targeted_attempt_ema: 0.0000
Metrics/racket_target/post_contact_ready_curriculum_min_return_success_ema: 0.0000
Metrics/racket_target/post_contact_ready_curriculum_min_completed_swings: 1.0000
Metrics/racket_target/post_contact_ready_curriculum_required_advance_checks: 1.0000
Metrics/racket_target/racket_normal_error_deg: 29.9799
Metrics/racket_target/impact_normal_error_deg: 8.4753
Metrics/racket_target/impact_racket_vel_error_mps: 0.6178
Metrics/racket_target/impact_racket_speed_ratio: 0.8565
Metrics/racket_target/impact_racket_vel_angle_deg: 15.7166
Metrics/racket_target/impact_racket_actual_vel_x: 0.8202
Metrics/racket_target/impact_racket_actual_vel_y: 0.0573
Metrics/racket_target/impact_racket_actual_vel_z: 1.3449
Metrics/racket_target/impact_racket_target_vel_x: 1.2319
Metrics/racket_target/impact_racket_target_vel_y: -0.0121
Metrics/racket_target/impact_racket_target_vel_z: 1.3696
Metrics/racket_target/impact_ball_out_error_mps: 4.4512
Metrics/racket_target/impact_face_radial_error_m: 0.0682
Metrics/racket_target/impact_face_normal_gap_m: 0.0481
Metrics/racket_target/impact_face_quality: 0.6448
Metrics/racket_target/impact_center_contact: 0.0365
Metrics/racket_target/impact_center_net_cross: 0.0365
Metrics/racket_target/impact_center_on_opponent: 0.0000
Metrics/racket_target/impact_rim_contact: 0.0000
Metrics/racket_target/impact_rim_net_cross: 0.0000
Metrics/racket_target/impact_rim_on_opponent: 0.0000
Metrics/racket_target/impact_analytic_outer_contact: 0.0000
Metrics/racket_target/impact_analytic_outer_net_cross: 0.0000
Metrics/racket_target/impact_analytic_outer_on_opponent: 0.0000
Metrics/racket_target/impact_planner_pos_error_m: 0.0907
Metrics/racket_target/impact_planner_vel_error_mps: 0.6178
Metrics/racket_target/impact_planner_speed_ratio: 0.8565
Metrics/racket_target/impact_planner_vel_angle_deg: 15.7166
Metrics/racket_target/impact_healthy_normal_ok: 0.0365
Metrics/racket_target/impact_healthy_contact: 0.0365
Metrics/racket_target/impact_healthy_net_cross: 0.0365
Metrics/racket_target/impact_healthy_on_opponent: 0.0000
Metrics/racket_target/current_swing_impact_health_score: 0.3956
Metrics/racket_target/current_swing_healthy_contact: 0.4059
Metrics/racket_target/current_swing_healthy_net_cross: 0.3832
Metrics/racket_target/current_swing_healthy_on_opponent: 0.0000
Metrics/racket_target/current_swing_healthy_normal_ok: 0.5543
Metrics/racket_target/current_swing_contact: 0.4059
Metrics/racket_target/current_swing_net_cross: 0.3832
Metrics/racket_target/current_swing_on_opponent: 0.0000
Metrics/racket_target/current_swing_center_contact: 0.3586
Metrics/racket_target/current_swing_center_net_cross: 0.3359
Metrics/racket_target/current_swing_center_on_opponent: 0.0000
Metrics/racket_target/current_swing_rim_contact: 0.0383
Metrics/racket_target/current_swing_rim_net_cross: 0.0383
Metrics/racket_target/current_swing_rim_on_opponent: 0.0000
Metrics/racket_target/current_swing_analytic_outer_contact: 0.0089
Metrics/racket_target/current_swing_analytic_outer_net_cross: 0.0089
Metrics/racket_target/current_swing_analytic_outer_on_opponent: 0.0000
Metrics/racket_target/cycle_v2_outcome_tier: -1.0000
Metrics/racket_target/cycle_v2_streak: 0.0000
Metrics/racket_target/closed_loop_recovery_trigger_event: 0.0365
Metrics/racket_target/closed_loop_cycle_success_event: 0.0000
Metrics/racket_target/closed_loop_durable_cycle_success_event: 0.0000
Metrics/racket_target/closed_loop_phase_id: 2.4972
Metrics/racket_target/closed_loop_phase_ready_no_command: 0.0130
Metrics/racket_target/closed_loop_phase_command_acquire: 0.0748
Metrics/racket_target/closed_loop_phase_pre_strike: 0.4320
Metrics/racket_target/closed_loop_phase_strike: 0.3624
Metrics/racket_target/closed_loop_phase_follow_through: 0.1179
Metrics/racket_target/closed_loop_phase_recovery: 0.0000
Metrics/racket_target/closed_loop_phase_next_ready: 0.0000
Metrics/racket_target/post_contact_phase_impact_0_100ms_attempts: 3475.8125
Metrics/racket_target/post_contact_phase_impact_0_100ms_tilt_gt_0p1_rate: 1.0000
Metrics/racket_target/post_contact_phase_impact_0_100ms_pitch_gt_0p1_rate: 1.0000
Metrics/racket_target/post_contact_phase_impact_0_100ms_waist_overflow_gt_1p0_rate: 0.0000
Metrics/racket_target/post_contact_phase_impact_0_100ms_base_ang_vel_gt_0p8_rate: 0.9862
Metrics/racket_target/post_contact_phase_brake_100_300ms_attempts: 3369.9375
Metrics/racket_target/post_contact_phase_brake_100_300ms_tilt_gt_0p1_rate: 0.9974
Metrics/racket_target/post_contact_phase_brake_100_300ms_pitch_gt_0p1_rate: 0.9956
Metrics/racket_target/post_contact_phase_brake_100_300ms_waist_overflow_gt_1p0_rate: 0.0000
Metrics/racket_target/post_contact_phase_brake_100_300ms_base_ang_vel_gt_0p8_rate: 0.9941
Metrics/racket_target/post_contact_phase_settle_300_600ms_attempts: 3172.3750
Metrics/racket_target/post_contact_phase_settle_300_600ms_tilt_gt_0p1_rate: 0.8186
Metrics/racket_target/post_contact_phase_settle_300_600ms_pitch_gt_0p1_rate: 0.7634
Metrics/racket_target/post_contact_phase_settle_300_600ms_waist_overflow_gt_1p0_rate: 0.0000
Metrics/racket_target/post_contact_phase_settle_300_600ms_base_ang_vel_gt_0p8_rate: 0.9879
Metrics/racket_target/post_contact_phase_ready_after_600ms_attempts: 2939.0312
Metrics/racket_target/post_contact_phase_ready_after_600ms_tilt_gt_0p1_rate: 0.5405
Metrics/racket_target/post_contact_phase_ready_after_600ms_pitch_gt_0p1_rate: 0.4358
Metrics/racket_target/post_contact_phase_ready_after_600ms_waist_overflow_gt_1p0_rate: 0.0000
Metrics/racket_target/post_contact_phase_ready_after_600ms_base_ang_vel_gt_0p8_rate: 0.9424
Metrics/racket_target/base_pitch_like_signed: -0.1586
Metrics/racket_target/base_backward_velocity: 0.1294
Metrics/racket_target/waist_action_rms: 0.3673
Metrics/racket_target/right_arm_action_rms: 3.9462
Metrics/racket_target/leg_action_rms: 0.4731
Metrics/racket_target/action_abs_max: 7.0197
Metrics/racket_target/applied_action_abs_max: 6.9572
Metrics/racket_target/leg_action_abs_max: 0.9409
Metrics/racket_target/effective_action_abs_max: 6.9556
Metrics/racket_target/action_clamp_fraction: 0.0060
Metrics/racket_target/waist_action_clamp_fraction: 0.0000
Metrics/racket_target/right_arm_action_clamp_fraction: 0.0011
Metrics/racket_target/leg_action_clamp_fraction: 0.0143
Metrics/racket_target/waist_q_tracking_error_rms: 0.3650
Metrics/racket_target/right_arm_q_tracking_error_rms: 0.1662
Metrics/racket_target/leg_q_tracking_error_rms: 0.2201
Metrics/racket_target/waist_torque_clip_fraction: 0.0000
Metrics/racket_target/right_arm_torque_clip_fraction: 0.0022
Metrics/racket_target/leg_torque_clip_fraction: 0.0000
Metrics/racket_target/waist_action_delta_rms: 0.1393
Metrics/racket_target/right_arm_action_delta_rms: 0.8774
Metrics/racket_target/leg_action_delta_rms: 0.2605
Metrics/racket_target/waist_joint_vel_rms: 0.8646
Metrics/racket_target/right_arm_joint_vel_rms: 1.4097
Metrics/racket_target/leg_joint_vel_rms: 0.7195
Metrics/racket_target/recovery_leg_action_abs_max: 0.4111
Metrics/racket_target/recovery_leg_action_delta_rms: 0.1130
Metrics/racket_target/recovery_leg_joint_vel_rms: 0.3124
      Episode_Termination/time_out: 3.6875
  Episode_Termination/base_too_low: 0.0625
   Episode_Termination/base_tilted: 0.2500
   Episode_Termination/table_touch: 0.3750
Episode_Termination/persistent_action_overflow: 0.0000
--------------------------------------------------------------------------------
                   Total timesteps: 851968
                    Iteration time: 2.57s
                      Time elapsed: 00:00:32
                               ETA: 00:00:20

################################################################################
                     [1m Learning iteration 1813/1820 [0m                     

                       Computation: 25606 steps/s (collection: 2.544s, learning 0.016s)
             Mean action noise std: 0.45
          Mean value_function loss: 0.0594
               Mean surrogate loss: 0.0000
                 Mean entropy loss: 2.8121
      Mean critic_only_warmup loss: 1.0000
                       Mean reward: 13.37
               Mean episode length: 411.69
 Episode_Reward/undesired_contacts: 0.0000
  Episode_Reward/feet_contact_slip: -0.0021
     Episode_Reward/table_no_touch: -0.0010
              Episode_Reward/alive: 0.0079
            Episode_Reward/upright: -0.0067
          Episode_Reward/imitation: 0.3187
    Episode_Reward/racket_position: 0.0682
Episode_Reward/backhand_racket_position: 0.0289
    Episode_Reward/racket_velocity: 0.0436
Episode_Reward/planner_racket_task_space_crossfade: 0.2769
Episode_Reward/exact_impact_planner_task_space_alignment: 0.0069
    Episode_Reward/blade_direction: 0.0403
Episode_Reward/health_gated_soft_ball_contact: 0.0447
Episode_Reward/health_gated_backhand_soft_ball_contact: 0.0269
Episode_Reward/health_gated_ball_contact: 0.0087
Episode_Reward/healthy_trunk_support: 0.0728
Episode_Reward/targeted_strike_attempt: 0.0100
  Episode_Reward/strike_inactivity: -0.0000
 Episode_Reward/pre_strike_station: 0.0658
    Episode_Reward/recovery_health: 0.0462
Episode_Reward/no_command_ready_stability: 0.0025
Episode_Reward/post_strike_base_ang_vel: 0.0086
Episode_Reward/phase_action_overflow: -0.0002
     Episode_Reward/strike_balance: 0.0258
Episode_Reward/prestrike_station_progress: 0.0128
 Episode_Reward/lower_body_support: 0.0380
Episode_Reward/termination_penalty: -0.0160
Episode_Reward/phase_action_rate_waist: -0.0002
Episode_Reward/phase_action_rate_upper: -0.0055
Episode_Reward/phase_action_rate_legs: -0.0003
        Episode_Reward/joint_limit: -0.0313
Episode_Reward/prestrike_racket_progress: 0.1712
Episode_Reward/near_impact_planner_velocity_progress: 0.0400
Episode_Reward/operational_joint_margin: -0.0069
  Episode_Reward/joint_target_slew: -0.0273
Episode_Reward/actuator_waist_feasibility: -0.0000
Episode_Reward/actuator_right_arm_feasibility: -0.0000
Episode_Reward/actuator_leg_feasibility: -0.0000
Episode_Reward/terminal_quality_window: 0.0012
Episode_Reward/safe_terminal_quality: 0.0020
Episode_Reward/unsafe_terminal_recovery: -0.0001
Episode_Reward/capability_gated_safe_terminal_outcome: 0.0154
Episode_Reward/targeted_contact_miss: -0.0022
    Metrics/motion/error_joint_pos: 1.2437
    Metrics/motion/error_joint_vel: 4.8130
     Metrics/motion/error_body_pos: 0.1093
     Metrics/motion/error_body_rot: 0.3847
       Metrics/motion/motion_phase: 0.5800
            Metrics/motion/in_hold: 0.0576
Metrics/motion/motion_start_warmup_prob: 0.8000
Metrics/motion/motion_start_lifecycle_progress: 0.0000
Metrics/motion/motion_start_effective_prestrike_fraction: 1.0000
Metrics/motion/motion_start_effective_recovery_fraction: 0.0000
Metrics/motion/motion_start_effective_rsi_fraction: 0.0000
 Metrics/motion/motion_start_reset: 0.0208
Metrics/motion/motion_start_prestrike_reset: 0.0000
Metrics/motion/motion_start_recovery_reset: 0.0000
Metrics/motion/motion_start_rsi_reset: 0.0000
 Metrics/motion/single_cycle_reset: 0.0000
     Metrics/motion/motion_clip_id: 0.4896
Metrics/motion/motion_supplemental_clip: 0.0000
      Metrics/motion/stand_episode: 0.0453
Metrics/motion/default_stand_reset: 0.1000
Metrics/motion/error_body_pos_lower: 0.1189
Metrics/motion/error_body_rot_lower: 0.3992
Metrics/motion/error_body_lin_vel_lower: 0.2276
Metrics/motion/error_body_ang_vel_lower: 0.8429
Metrics/motion/reference_body_lin_speed_lower: 0.0171
Metrics/motion/robot_body_lin_speed_lower: 0.2229
Metrics/motion/error_body_pos_core: 0.0609
Metrics/motion/error_body_rot_core: 0.2794
Metrics/motion/error_body_lin_vel_core: 0.2791
Metrics/motion/error_body_ang_vel_core: 0.9273
Metrics/motion/reference_body_lin_speed_core: 0.0191
Metrics/motion/robot_body_lin_speed_core: 0.2765
Metrics/motion/error_body_pos_upper: 0.1158
Metrics/motion/error_body_rot_upper: 0.4053
Metrics/motion/error_body_lin_vel_upper: 0.6257
Metrics/motion/error_body_ang_vel_upper: 1.9262
Metrics/motion/reference_body_lin_speed_upper: 0.0552
Metrics/motion/robot_body_lin_speed_upper: 0.6237
Metrics/motion/error_joint_pos_waist: 0.2894
Metrics/motion/error_joint_vel_waist: 1.0763
Metrics/motion/reference_joint_speed_waist: 0.0214
Metrics/motion/error_joint_pos_arms: 1.0518
Metrics/motion/error_joint_vel_arms: 3.9785
Metrics/motion/reference_joint_speed_arms: 0.1154
Metrics/motion/error_joint_pos_legs: 0.5579
Metrics/motion/error_joint_vel_legs: 2.2169
Metrics/motion/reference_joint_speed_legs: 0.0059
Metrics/racket_target/racket_pos_error: 0.1188
Metrics/racket_target/racket_vel_error: 1.2769
Metrics/racket_target/time_to_strike: -0.5679
Metrics/racket_target/return_success: 0.0214
Metrics/racket_target/prev_return_success: 0.0448
Metrics/racket_target/prev_net_cross: 0.5626
Metrics/racket_target/current_net_cross: 0.6116
Metrics/racket_target/racket_pos_curriculum_scale: 1.0000
Metrics/racket_target/impact_inverse_command_blend: 0.0000
Metrics/racket_target/steps_since_target_resample: 120.5927
Metrics/racket_target/recovery_height_error: 0.0345
Metrics/racket_target/recovery_upright_error: 0.1640
Metrics/racket_target/recovery_base_lin_vel: 0.2244
Metrics/racket_target/recovery_base_ang_vel: 0.8742
Metrics/racket_target/recovery_station_error: 0.0977
Metrics/racket_target/recovery_feet_contact_frac: 0.9766
Metrics/racket_target/recovery_racket_speed: 1.1144
Metrics/racket_target/recovery_height_score: 0.8692
Metrics/racket_target/recovery_upright_score: 0.7476
Metrics/racket_target/recovery_lin_vel_score: 0.7310
Metrics/racket_target/recovery_ang_vel_score: 0.4029
Metrics/racket_target/recovery_station_score: 0.8402
Metrics/racket_target/recovery_racket_score: 0.3900
Metrics/racket_target/recovery_arm_score: 0.8092
Metrics/racket_target/recovery_ready_score: 0.7301
Metrics/racket_target/recovery_anchor_arm_score: 1.0000
Metrics/racket_target/recovery_core_ready_score: 0.6312
Metrics/racket_target/recovery_functional_ready_score: 0.5743
Metrics/racket_target/waist_action_overflow_rms: 0.0014
Metrics/racket_target/right_arm_action_overflow_rms: 0.0000
Metrics/racket_target/leg_action_overflow_rms: 0.0142
Metrics/racket_target/operational_margin_fraction: 0.0082
Metrics/racket_target/waist_operational_margin_fraction: 0.0113
Metrics/racket_target/right_arm_operational_margin_fraction: 0.0009
Metrics/racket_target/leg_operational_margin_fraction: 0.0180
Metrics/racket_target/waist_operational_excess_rms: 0.0013
Metrics/racket_target/right_arm_operational_excess_rms: 0.0000
Metrics/racket_target/leg_operational_excess_rms: 0.0083
Metrics/racket_target/q_des_velocity_violation_fraction: 0.0573
Metrics/racket_target/waist_q_des_velocity_violation_fraction: 0.0183
Metrics/racket_target/right_arm_q_des_velocity_violation_fraction: 0.0776
Metrics/racket_target/leg_q_des_velocity_violation_fraction: 0.0739
Metrics/racket_target/q_des_acceleration_violation_fraction: 0.6954
Metrics/racket_target/waist_q_des_acceleration_violation_fraction: 0.5650
Metrics/racket_target/right_arm_q_des_acceleration_violation_fraction: 0.7905
Metrics/racket_target/leg_q_des_acceleration_violation_fraction: 0.7681
Metrics/racket_target/waist_q_des_velocity_rms: 3.1359
Metrics/racket_target/right_arm_q_des_velocity_rms: 7.5605
Metrics/racket_target/leg_q_des_velocity_rms: 6.4560
Metrics/racket_target/waist_q_des_acceleration_rms: 258.3365
Metrics/racket_target/right_arm_q_des_acceleration_rms: 640.8376
Metrics/racket_target/leg_q_des_acceleration_rms: 548.6750
Metrics/racket_target/action_operational_feasibility_score: 0.9000
Metrics/racket_target/actuator_overflow_consecutive_steps: 0.0000
Metrics/racket_target/actuator_overflow_severe: 0.0000
Metrics/racket_target/recovery_phase_gate: 0.9401
Metrics/racket_target/recovery_phase_ready_score: 0.7225
Metrics/racket_target/recovery_contact_ready_score: 0.5181
Metrics/racket_target/recovery_net_ready_score: 0.4913
Metrics/racket_target/recovery_return_ready_score: 0.0181
Metrics/racket_target/cycle_success_ready_score: 0.0000
Metrics/racket_target/cycle_success_soft: 0.0000
Metrics/racket_target/cycle_success_binary: 0.0000
Metrics/racket_target/cycle_v2_pending: 0.0000
Metrics/racket_target/cycle_v2_attempt_latch: 0.0000
Metrics/racket_target/cycle_v2_ready_success_latch: 0.0000
Metrics/racket_target/cycle_v2_ready_fail_latch: 0.0000
Metrics/racket_target/cycle_v2_attempt_event: 0.0000
Metrics/racket_target/cycle_v2_ready_success_event: 0.0000
Metrics/racket_target/cycle_v2_ready_fail_event: 0.0000
Metrics/racket_target/cycle_v2_unresolved_resample_fail_event: 0.0000
Metrics/racket_target/cycle_v2_resolved_event: 0.0000
Metrics/racket_target/cycle_v2_command_visible_steps: 0.0000
Metrics/racket_target/cycle_v2_elapsed_steps: 0.0000
Metrics/racket_target/cycle_v2_ready_score: 0.0000
Metrics/racket_target/cycle_v2_ready_ok: 0.0000
Metrics/racket_target/cycle_v2_visible: 0.0000
Metrics/racket_target/cycle_v2_ready_score_ok: 0.0000
Metrics/racket_target/cycle_v2_height_ok: 0.0000
Metrics/racket_target/cycle_v2_upright_ok: 0.0000
Metrics/racket_target/cycle_v2_base_lin_vel_ok: 0.0000
Metrics/racket_target/cycle_v2_base_ang_vel_ok: 0.0000
Metrics/racket_target/cycle_v2_feet_ok: 0.0000
Metrics/racket_target/cycle_v2_core_ready_ok: 0.0000
Metrics/racket_target/cycle_v2_ready_consecutive_steps: 0.0000
Metrics/racket_target/single_cycle_bootstrap: 0.0000
Metrics/racket_target/single_cycle_swing_completed: 0.0000
Metrics/racket_target/single_cycle_recovery_active: 0.0000
Metrics/racket_target/single_cycle_recovery_elapsed_steps: 0.0000
Metrics/racket_target/single_cycle_ready_consecutive_steps: 0.0000
Metrics/racket_target/single_cycle_safe_timeout_event: 0.0000
Metrics/racket_target/single_cycle_deadline_timeout_event: 0.0000
Metrics/racket_target/single_cycle_timeout_latch: 0.0000
Metrics/racket_target/single_cycle_hard_failure_event: 0.0000
Metrics/racket_target/single_cycle_probability: 0.0000
Metrics/racket_target/single_cycle_curriculum_level: 0.0000
Metrics/racket_target/single_cycle_effective_deadline_steps: 100.0000
Metrics/racket_target/single_cycle_selected_events: 0.0000
Metrics/racket_target/single_cycle_completed_events: 0.0000
Metrics/racket_target/single_cycle_safe_timeout_events: 0.0000
Metrics/racket_target/single_cycle_deadline_timeout_events: 0.0000
Metrics/racket_target/single_cycle_hard_failure_events: 0.0000
Metrics/racket_target/active_ready_consecutive_steps: 0.0000
Metrics/racket_target/active_ready_success_event: 0.0000
Metrics/racket_target/active_ready_success_latch: 0.0063
Metrics/racket_target/active_ready_survival_steps: 0.0000
Metrics/racket_target/active_ready_survival_next_milestone: 0.0000
Metrics/racket_target/active_ready_survival_milestone_event: 0.0000
Metrics/racket_target/no_command_ready_active: 0.0453
Metrics/racket_target/no_command_from_stand_episode: 0.0453
Metrics/racket_target/no_command_from_default_stand_reset: 0.0453
Metrics/racket_target/no_command_ready_upright_ok: 0.0453
Metrics/racket_target/no_command_ready_motion_ok: 0.0000
Metrics/racket_target/no_command_ready_score: 0.0295
Metrics/racket_target/no_command_ready_progress: 0.0138
Metrics/racket_target/no_command_ready_station_error: 0.0017
Metrics/racket_target/no_command_ready_fixed_station_error: 0.0017
Metrics/racket_target/healthy_training_stage: 3.0000
Metrics/racket_target/healthy_stage_planted_rehearsal: 0.0000
Metrics/racket_target/healthy_stage_station_hold_seen: 0.0000
Metrics/racket_target/healthy_stage_station_arrived: 0.0000
Metrics/racket_target/healthy_stage_station_settled: 0.0000
Metrics/racket_target/healthy_stage_station_settle_steps: 0.0000
Metrics/racket_target/station_relocation_active: 0.0000
Metrics/racket_target/station_relocation_target_offset_y: 0.0000
Metrics/racket_target/station_relocation_error: 0.0000
Metrics/racket_target/station_relocation_arrival_event: 0.0000
Metrics/racket_target/station_relocation_settle_event: 0.0000
Metrics/racket_target/station_relocation_release_event: 0.0000
Metrics/racket_target/station_relocation_timeout_event: 0.0000
Metrics/racket_target/station_relocation_elapsed_steps: 0.0000
Metrics/racket_target/station_relocation_hold_deadline_steps: 0.0000
Metrics/racket_target/lifecycle_recovery_hold_active: 0.0000
Metrics/racket_target/lifecycle_recovery_release_success_event: 0.0000
Metrics/racket_target/lifecycle_recovery_release_fail_event: 0.0000
Metrics/racket_target/station_relocation_level: 0.0000
Metrics/racket_target/station_relocation_arrival_ema: 0.0000
Metrics/racket_target/station_relocation_settle_ema: 0.0000
Metrics/racket_target/station_relocation_contact_ema: 0.0000
Metrics/racket_target/station_relocation_safety_ema: 0.0000
Metrics/racket_target/station_relocation_resolved_events: 0.0000
Metrics/racket_target/station_relocation_terminal_reset_events: 0.0000
Metrics/racket_target/station_relocation_advance_streak: 0.0000
Metrics/racket_target/station_relocation_regress_streak: 0.0000
Metrics/racket_target/station_relocation_effective_max_lin_vel: 0.0000
Metrics/racket_target/station_relocation_effective_max_ang_vel: 0.0000
Metrics/racket_target/station_relocation_effective_min_settle_steps: 0.0000
Metrics/racket_target/ability_curriculum_level: 0.0000
Metrics/racket_target/ability_curriculum_scale: 1.0000
Metrics/racket_target/ability_curriculum_resolved_events: 3600.6250
Metrics/racket_target/ability_curriculum_total_resolved_events: 3600.6250
Metrics/racket_target/ability_curriculum_advance_streak: 0.0000
Metrics/racket_target/ability_curriculum_regress_streak: 0.0000
Metrics/racket_target/ability_contact_ema: 0.6795
Metrics/racket_target/ability_net_ema: 0.6604
Metrics/racket_target/ability_success_ema: 0.0173
Metrics/racket_target/ability_recovery_ema: 0.8054
Metrics/racket_target/ability_cycle_ema: 0.0173
Metrics/racket_target/ability_cycle_attempt_ema: 0.0173
Metrics/racket_target/ability_cycle_resolved_ema: 0.0173
Metrics/racket_target/ability_forehand_contact_ema: 0.7432
Metrics/racket_target/ability_forehand_net_ema: 0.7215
Metrics/racket_target/ability_forehand_success_ema: 0.0156
Metrics/racket_target/ability_backhand_contact_ema: 0.6504
Metrics/racket_target/ability_backhand_net_ema: 0.6303
Metrics/racket_target/ability_backhand_success_ema: 0.0151
Metrics/racket_target/ability_attempt_ema: 1.0000
Metrics/racket_target/ability_targeted_attempt_ema: 0.9972
Metrics/racket_target/impact_health_floor_progress: 0.0000
Metrics/racket_target/ability_safety_ema: 0.9383
Metrics/racket_target/ability_station_saturation_ema: 0.0000
Metrics/racket_target/ability_healthy_normal_ema: 1.0000
Metrics/racket_target/ability_station_arrival_ema: 0.0000
Metrics/racket_target/ability_station_settle_ema: 0.0000
Metrics/racket_target/safe_outcome_capability_gate: 0.9437
Metrics/racket_target/planner_hit_plane_blend: 1.0000
Metrics/racket_target/planner_hit_plane_x_delta: 0.0355
Metrics/racket_target/true_strike_table_x: 0.2000
Metrics/racket_target/planner_target_table_x: 0.2000
Metrics/racket_target/workspace_level: 0.0000
Metrics/racket_target/workspace_fringe_sample: 0.0000
Metrics/racket_target/workspace_target_lateral_norm: 0.3571
Metrics/racket_target/workspace_target_table_y: -0.2580
Metrics/racket_target/workspace_playable_y_min: -0.7225
Metrics/racket_target/workspace_playable_y_max: 0.7225
Metrics/racket_target/workspace_active_y_lo: -0.3293
Metrics/racket_target/workspace_active_y_hi: -0.1939
Metrics/racket_target/workspace_motion_seed_blend: 0.0000
Metrics/racket_target/planner_perturb_curriculum_scale: 1.0000
Metrics/racket_target/incoming_ball_horizontal_speed: 2.2420
Metrics/racket_target/incoming_ball_speed: 4.6576
Metrics/racket_target/incoming_ball_speed_curriculum_level: 0.0000
Metrics/racket_target/incoming_ball_speed_sample_low: 0.0000
Metrics/racket_target/incoming_ball_speed_sample_high: 0.0000
Metrics/racket_target/station_saturated: 0.0000
Metrics/racket_target/station_raw_clip_excess: 0.0000
Metrics/racket_target/station_saturated_x: 0.0000
Metrics/racket_target/station_saturated_y: 0.0000
Metrics/racket_target/station_raw_clip_excess_x: 0.0000
Metrics/racket_target/station_raw_clip_excess_y: 0.0000
Metrics/racket_target/current_swing_opportunity: 0.8825
Metrics/racket_target/current_swing_attempt: 0.8825
Metrics/racket_target/current_swing_targeted_attempt: 0.8825
Metrics/racket_target/prev_swing_targeted_attempt: 0.8714
Metrics/racket_target/current_swing_unsafe: 0.0670
Metrics/racket_target/current_swing_station_saturated: 0.0000
Metrics/racket_target/impact_health_score: 0.8611
Metrics/racket_target/impact_health_ok: 0.8554
Metrics/racket_target/impact_health_backlean_violation: 0.0236
Metrics/racket_target/impact_health_waist_backfold: 0.0065
Metrics/racket_target/impact_health_base_retreat: 0.0407
Metrics/racket_target/impact_health_torso_gravity_x: 0.2856
Metrics/racket_target/impact_health_torso_ang_vel: 0.6003
Metrics/racket_target/impact_health_com_x: 0.0629
Metrics/racket_target/impact_health_com_y: 0.0354
Metrics/racket_target/post_contact_ready_pending: 0.0000
Metrics/racket_target/post_contact_ready_elapsed_steps: 3.0373
Metrics/racket_target/post_contact_ready_consecutive_steps: 0.0000
Metrics/racket_target/post_contact_ready_diagnostic_pending: 0.2810
Metrics/racket_target/post_contact_ready_diagnostic_elapsed_steps: 21.1282
Metrics/racket_target/post_contact_ready_durable_pending: 0.2539
Metrics/racket_target/post_contact_ready_durable_consecutive_steps: 0.9170
Metrics/racket_target/post_contact_ready_durable_ready_now: 0.1561
Metrics/racket_target/post_contact_ready_durable_success_event: 0.0104
Metrics/racket_target/post_contact_ready_durable_fail_event: 0.0000
Metrics/racket_target/post_contact_ready_durable_resolution_success_rate: 0.2323
Metrics/racket_target/post_contact_ready_durable_resolution_fail_rate: 0.6804
Metrics/racket_target/post_contact_ready_durable_resolution_success_latency_steps: 35.0000
Metrics/racket_target/post_contact_ready_durable_resolution_fail_latency_steps: 33.1998
Metrics/racket_target/post_contact_ready_durable_fail_backlean_rate: 0.0638
Metrics/racket_target/post_contact_ready_durable_fail_forward_lean_rate: 0.8602
Metrics/racket_target/post_contact_ready_durable_fail_torso_ang_vel_rate: 0.0642
Metrics/racket_target/post_contact_ready_durable_fail_base_lin_vel_rate: 0.0644
Metrics/racket_target/post_contact_ready_durable_fail_base_ang_vel_rate: 0.4204
Metrics/racket_target/post_contact_ready_durable_fail_racket_speed_rate: 0.0638
Metrics/racket_target/post_contact_ready_durable_fail_height_rate: 0.0638
Metrics/racket_target/post_contact_ready_durable_fail_com_x_rate: 0.0672
Metrics/racket_target/post_contact_ready_durable_fail_com_y_rate: 0.0638
Metrics/racket_target/post_contact_ready_durable_fail_feet_rate: 0.0638
Metrics/racket_target/post_contact_ready_durable_fail_station_rate: 0.0642
Metrics/racket_target/post_contact_ready_durable_fail_arm_rate: 0.0638
Metrics/racket_target/post_contact_ready_terminal_window_active: 0.0722
Metrics/racket_target/post_contact_ready_terminal_quality: 0.4171
Metrics/racket_target/post_contact_ready_terminal_settlement_event: 0.0104
Metrics/racket_target/post_contact_ready_operational_ready_now: 0.0722
Metrics/racket_target/post_contact_ready_operational_consecutive_steps: 0.1514
Metrics/racket_target/post_contact_ready_safe_settlement_event: 0.0104
Metrics/racket_target/post_contact_ready_unsafe_settlement_event: 0.0000
Metrics/racket_target/post_contact_ready_incomplete_settlement_event: 0.0000
Metrics/racket_target/post_contact_ready_safe_net_cycle_event: 0.0104
Metrics/racket_target/post_contact_ready_terminal_quality_mean: 0.9233
Metrics/racket_target/post_contact_ready_safe_terminal_quality_mean: 0.9336
Metrics/racket_target/post_contact_ready_terminal_safe_rate: 0.6994
Metrics/racket_target/post_contact_ready_terminal_unsafe_rate: 0.0307
Metrics/racket_target/post_contact_ready_terminal_incomplete_rate: 0.2699
Metrics/racket_target/post_contact_ready_safe_net_cycle_rate: 0.6813
Metrics/racket_target/post_contact_ready_score: 0.8095
Metrics/racket_target/post_contact_ready_now: 0.0000
Metrics/racket_target/post_contact_ready_success_event: 0.0000
Metrics/racket_target/post_contact_ready_fail_event: 0.0000
Metrics/racket_target/post_contact_ready_outcome_tier: 0.2795
Metrics/racket_target/post_contact_ready_face_quality: 0.5745
Metrics/racket_target/post_contact_ready_safe_face_net_cycle_value: 0.0104
Metrics/racket_target/post_contact_ready_planner_speed_ratio: 0.5590
Metrics/racket_target/post_contact_ready_planner_direction_error_rad: 0.1624
Metrics/racket_target/post_contact_ready_planner_position_error: 0.0390
Metrics/racket_target/post_contact_ready_impact_health_score: 0.6285
Metrics/racket_target/post_contact_ready_peak_base_ang_vel: 0.9346
Metrics/racket_target/post_contact_ready_peak_ang_vel_excess_increment: 0.0000
Metrics/racket_target/post_contact_ready_envelope_violation_latch: 0.0097
Metrics/racket_target/post_contact_ready_envelope_violation_event: 0.0000
Metrics/racket_target/post_contact_ready_envelope_first_violation_step: -0.8400
Metrics/racket_target/post_contact_ready_envelope_attempts: 3788.3750
Metrics/racket_target/post_contact_ready_envelope_violation_rate: 0.0308
Metrics/racket_target/post_contact_ready_envelope_tilt_violation_rate: 0.0000
Metrics/racket_target/post_contact_ready_envelope_pitch_violation_rate: 0.0000
Metrics/racket_target/post_contact_ready_envelope_com_violation_rate: 0.0003
Metrics/racket_target/post_contact_ready_envelope_waist_violation_rate: 0.0000
Metrics/racket_target/post_contact_ready_envelope_leg_violation_rate: 0.0000
Metrics/racket_target/post_contact_ready_envelope_base_ang_vel_violation_rate: 0.0305
Metrics/racket_target/post_contact_ready_resolution_success_rate: 0.9774
Metrics/racket_target/post_contact_ready_resolution_fail_rate: 0.0125
Metrics/racket_target/post_contact_ready_resolution_success_latency_steps: 4.9315
Metrics/racket_target/post_contact_ready_resolution_fail_latency_steps: 11.4969
Metrics/racket_target/post_contact_ready_max_tilt: 0.1318
Metrics/racket_target/post_contact_ready_max_abs_pitch: 0.1313
Metrics/racket_target/post_contact_ready_max_com_x: 0.0185
Metrics/racket_target/post_contact_ready_max_com_y: 0.0197
Metrics/racket_target/post_contact_ready_max_waist_overflow: 0.0000
Metrics/racket_target/post_contact_ready_max_leg_overflow: 0.0023
Metrics/racket_target/post_contact_ready_settlement_velocity_score_ema: 0.6264
Metrics/racket_target/post_contact_ready_settlement_position_gate_ema: 0.7803
Metrics/racket_target/post_contact_ready_settlement_health_gate_ema: 0.9794
Metrics/racket_target/post_contact_ready_settlement_recovery_gate_ema: 0.4578
Metrics/racket_target/post_contact_ready_settlement_total_score_ema: 0.2156
Metrics/racket_target/post_contact_recovery_backlean_error: 0.0530
Metrics/racket_target/post_contact_recovery_directional_progress: 0.0000
Metrics/racket_target/post_contact_ready_torso_ok: 0.5179
Metrics/racket_target/post_contact_ready_motion_ok: 0.8073
Metrics/racket_target/post_contact_ready_support_ok: 0.8773
Metrics/racket_target/post_contact_ready_arm_ok: 1.0000
Metrics/racket_target/post_contact_ready_base_lin_vel_ok: 0.8773
Metrics/racket_target/post_contact_ready_base_ang_vel_ok: 0.8838
Metrics/racket_target/post_contact_ready_racket_speed_ok: 0.9208
Metrics/racket_target/post_contact_ready_height_ok: 0.9435
Metrics/racket_target/post_contact_ready_com_x_ok: 0.8773
Metrics/racket_target/post_contact_ready_com_y_ok: 0.9565
Metrics/racket_target/post_contact_ready_feet_ok: 0.9896
Metrics/racket_target/post_contact_ready_station_ok: 0.8773
Metrics/racket_target/post_contact_ready_fail_torso: 0.0000
Metrics/racket_target/post_contact_ready_fail_base_lin_vel: 0.0000
Metrics/racket_target/post_contact_ready_fail_base_ang_vel: 0.0000
Metrics/racket_target/post_contact_ready_fail_racket_speed: 0.0000
Metrics/racket_target/post_contact_ready_fail_support: 0.0000
Metrics/racket_target/post_contact_ready_fail_arm: 0.0000
Metrics/racket_target/post_contact_ready_shadow_now: 0.0000
Metrics/racket_target/post_contact_ready_shadow_consecutive_steps: 0.0000
Metrics/racket_target/post_contact_ready_shadow_success_latch: 0.0000
Metrics/racket_target/post_contact_ready_curriculum_level: 0.0000
Metrics/racket_target/post_contact_ready_curriculum_fraction: 1.0000
Metrics/racket_target/post_contact_ready_curriculum_success_ema: 0.0000
Metrics/racket_target/post_contact_ready_curriculum_shadow_success_ema: 0.0000
Metrics/racket_target/post_contact_ready_curriculum_resolved_events: 0.0000
Metrics/racket_target/post_contact_ready_curriculum_successful_events: 0.0000
Metrics/racket_target/post_contact_ready_curriculum_targeted_attempt_ema: 0.0000
Metrics/racket_target/post_contact_ready_curriculum_return_success_ema: 0.0000
Metrics/racket_target/post_contact_ready_curriculum_completed_swings: 0.0000
Metrics/racket_target/post_contact_ready_curriculum_advance_streak: 0.0000
Metrics/racket_target/post_contact_ready_curriculum_advance_guard_ok: 0.0000
Metrics/racket_target/post_contact_ready_effective_max_torso_ang_vel: 1.5000
Metrics/racket_target/post_contact_ready_effective_torso_x_min: -0.1200
Metrics/racket_target/post_contact_ready_effective_torso_x_max: 0.3200
Metrics/racket_target/post_contact_ready_effective_max_base_lin_vel: 0.4500
Metrics/racket_target/post_contact_ready_effective_max_base_ang_vel: 1.3000
Metrics/racket_target/post_contact_ready_effective_max_racket_speed: 3.0000
Metrics/racket_target/post_contact_ready_effective_min_feet_contact: 0.5000
Metrics/racket_target/post_contact_ready_effective_required_consecutive_steps: 3.0000
Metrics/racket_target/post_contact_ready_effective_deadline_steps: 40.0000
Metrics/racket_target/post_contact_ready_curriculum_advance_threshold: 1.0000
Metrics/racket_target/post_contact_ready_curriculum_advance_min_events: 0.0000
Metrics/racket_target/post_contact_ready_curriculum_shadow_threshold: 1.0000
Metrics/racket_target/post_contact_ready_curriculum_min_targeted_attempt_ema: 0.0000
Metrics/racket_target/post_contact_ready_curriculum_min_return_success_ema: 0.0000
Metrics/racket_target/post_contact_ready_curriculum_min_completed_swings: 1.0000
Metrics/racket_target/post_contact_ready_curriculum_required_advance_checks: 1.0000
Metrics/racket_target/racket_normal_error_deg: 46.9354
Metrics/racket_target/impact_normal_error_deg: 11.6040
Metrics/racket_target/impact_racket_vel_error_mps: 0.5338
Metrics/racket_target/impact_racket_speed_ratio: 0.8175
Metrics/racket_target/impact_racket_vel_angle_deg: 12.7417
Metrics/racket_target/impact_racket_actual_vel_x: 0.8041
Metrics/racket_target/impact_racket_actual_vel_y: 0.0348
Metrics/racket_target/impact_racket_actual_vel_z: 1.2287
Metrics/racket_target/impact_racket_target_vel_x: 1.1149
Metrics/racket_target/impact_racket_target_vel_y: 0.0295
Metrics/racket_target/impact_racket_target_vel_z: 1.2777
Metrics/racket_target/impact_ball_out_error_mps: 4.1848
Metrics/racket_target/impact_face_radial_error_m: 0.0540
Metrics/racket_target/impact_face_normal_gap_m: 0.0386
Metrics/racket_target/impact_face_quality: 0.6465
Metrics/racket_target/impact_center_contact: 0.0000
Metrics/racket_target/impact_center_net_cross: 0.0000
Metrics/racket_target/impact_center_on_opponent: 0.0000
Metrics/racket_target/impact_rim_contact: 0.0000
Metrics/racket_target/impact_rim_net_cross: 0.0000
Metrics/racket_target/impact_rim_on_opponent: 0.0000
Metrics/racket_target/impact_analytic_outer_contact: 0.0000
Metrics/racket_target/impact_analytic_outer_net_cross: 0.0000
Metrics/racket_target/impact_analytic_outer_on_opponent: 0.0000
Metrics/racket_target/impact_planner_pos_error_m: 0.0711
Metrics/racket_target/impact_planner_vel_error_mps: 0.5338
Metrics/racket_target/impact_planner_speed_ratio: 0.8175
Metrics/racket_target/impact_planner_vel_angle_deg: 12.7417
Metrics/racket_target/impact_healthy_normal_ok: 0.0000
Metrics/racket_target/impact_healthy_contact: 0.0000
Metrics/racket_target/impact_healthy_net_cross: 0.0000
Metrics/racket_target/impact_healthy_on_opponent: 0.0000
Metrics/racket_target/current_swing_impact_health_score: 0.6285
Metrics/racket_target/current_swing_healthy_contact: 0.6465
Metrics/racket_target/current_swing_healthy_net_cross: 0.6116
Metrics/racket_target/current_swing_healthy_on_opponent: 0.0214
Metrics/racket_target/current_swing_healthy_normal_ok: 0.8825
Metrics/racket_target/current_swing_contact: 0.6465
Metrics/racket_target/current_swing_net_cross: 0.6116
Metrics/racket_target/current_swing_on_opponent: 0.0214
Metrics/racket_target/current_swing_center_contact: 0.4846
Metrics/racket_target/current_swing_center_net_cross: 0.4497
Metrics/racket_target/current_swing_center_on_opponent: 0.0117
Metrics/racket_target/current_swing_rim_contact: 0.1373
Metrics/racket_target/current_swing_rim_net_cross: 0.1373
Metrics/racket_target/current_swing_rim_on_opponent: 0.0052
Metrics/racket_target/current_swing_analytic_outer_contact: 0.0246
Metrics/racket_target/current_swing_analytic_outer_net_cross: 0.0246
Metrics/racket_target/current_swing_analytic_outer_on_opponent: 0.0045
Metrics/racket_target/cycle_v2_outcome_tier: -1.0000
Metrics/racket_target/cycle_v2_streak: 0.0000
Metrics/racket_target/closed_loop_recovery_trigger_event: 0.0000
Metrics/racket_target/closed_loop_cycle_success_event: 0.0000
Metrics/racket_target/closed_loop_durable_cycle_success_event: 0.0104
Metrics/racket_target/closed_loop_phase_id: 1.9107
Metrics/racket_target/closed_loop_phase_ready_no_command: 0.0453
Metrics/racket_target/closed_loop_phase_command_acquire: 0.0618
Metrics/racket_target/closed_loop_phase_pre_strike: 0.8562
Metrics/racket_target/closed_loop_phase_strike: 0.0104
Metrics/racket_target/closed_loop_phase_follow_through: 0.0263
Metrics/racket_target/closed_loop_phase_recovery: 0.0000
Metrics/racket_target/closed_loop_phase_next_ready: 0.0000
Metrics/racket_target/post_contact_phase_impact_0_100ms_attempts: 3788.3750
Metrics/racket_target/post_contact_phase_impact_0_100ms_tilt_gt_0p1_rate: 1.0000
Metrics/racket_target/post_contact_phase_impact_0_100ms_pitch_gt_0p1_rate: 1.0000
Metrics/racket_target/post_contact_phase_impact_0_100ms_waist_overflow_gt_1p0_rate: 0.0000
Metrics/racket_target/post_contact_phase_impact_0_100ms_base_ang_vel_gt_0p8_rate: 0.9882
Metrics/racket_target/post_contact_phase_brake_100_300ms_attempts: 3716.6250
Metrics/racket_target/post_contact_phase_brake_100_300ms_tilt_gt_0p1_rate: 0.9975
Metrics/racket_target/post_contact_phase_brake_100_300ms_pitch_gt_0p1_rate: 0.9959
Metrics/racket_target/post_contact_phase_brake_100_300ms_waist_overflow_gt_1p0_rate: 0.0000
Metrics/racket_target/post_contact_phase_brake_100_300ms_base_ang_vel_gt_0p8_rate: 0.9955
Metrics/racket_target/post_contact_phase_settle_300_600ms_attempts: 3565.6562
Metrics/racket_target/post_contact_phase_settle_300_600ms_tilt_gt_0p1_rate: 0.8279
Metrics/racket_target/post_contact_phase_settle_300_600ms_pitch_gt_0p1_rate: 0.7757
Metrics/racket_target/post_contact_phase_settle_300_600ms_waist_overflow_gt_1p0_rate: 0.0000
Metrics/racket_target/post_contact_phase_settle_300_600ms_base_ang_vel_gt_0p8_rate: 0.9902
Metrics/racket_target/post_contact_phase_ready_after_600ms_attempts: 3294.5000
Metrics/racket_target/post_contact_phase_ready_after_600ms_tilt_gt_0p1_rate: 0.5476
Metrics/racket_target/post_contact_phase_ready_after_600ms_pitch_gt_0p1_rate: 0.4453
Metrics/racket_target/post_contact_phase_ready_after_600ms_waist_overflow_gt_1p0_rate: 0.0000
Metrics/racket_target/post_contact_phase_ready_after_600ms_base_ang_vel_gt_0p8_rate: 0.9398
Metrics/racket_target/base_pitch_like_signed: -0.0845
Metrics/racket_target/base_backward_velocity: 0.0560
Metrics/racket_target/waist_action_rms: 0.3230
Metrics/racket_target/right_arm_action_rms: 3.3551
Metrics/racket_target/leg_action_rms: 0.4165
Metrics/racket_target/action_abs_max: 6.1599
Metrics/racket_target/applied_action_abs_max: 6.0226
Metrics/racket_target/leg_action_abs_max: 0.8339
Metrics/racket_target/effective_action_abs_max: 6.0226
Metrics/racket_target/action_clamp_fraction: 0.0054
Metrics/racket_target/waist_action_clamp_fraction: 0.0035
Metrics/racket_target/right_arm_action_clamp_fraction: 0.0000
Metrics/racket_target/leg_action_clamp_fraction: 0.0132
Metrics/racket_target/waist_q_tracking_error_rms: 0.3664
Metrics/racket_target/right_arm_q_tracking_error_rms: 0.1669
Metrics/racket_target/leg_q_tracking_error_rms: 0.1896
Metrics/racket_target/waist_torque_clip_fraction: 0.0000
Metrics/racket_target/right_arm_torque_clip_fraction: 0.0000
Metrics/racket_target/leg_torque_clip_fraction: 0.0000
Metrics/racket_target/waist_action_delta_rms: 0.1311
Metrics/racket_target/right_arm_action_delta_rms: 0.8370
Metrics/racket_target/leg_action_delta_rms: 0.2497
Metrics/racket_target/waist_joint_vel_rms: 0.6203
Metrics/racket_target/right_arm_joint_vel_rms: 1.1755
Metrics/racket_target/leg_joint_vel_rms: 0.6400
Metrics/racket_target/recovery_leg_action_abs_max: 0.7346
Metrics/racket_target/recovery_leg_action_delta_rms: 0.2302
Metrics/racket_target/recovery_leg_joint_vel_rms: 0.5579
      Episode_Termination/time_out: 3.6250
  Episode_Termination/base_too_low: 0.0000
   Episode_Termination/base_tilted: 0.2500
   Episode_Termination/table_touch: 0.2188
Episode_Termination/persistent_action_overflow: 0.0000
--------------------------------------------------------------------------------
                   Total timesteps: 917504
                    Iteration time: 2.56s
                      Time elapsed: 00:00:35
                               ETA: 00:00:17

################################################################################
                     [1m Learning iteration 1814/1820 [0m                     

                       Computation: 26389 steps/s (collection: 2.468s, learning 0.016s)
             Mean action noise std: 0.45
          Mean value_function loss: 0.0572
               Mean surrogate loss: -0.0000
                 Mean entropy loss: 2.8121
      Mean critic_only_warmup loss: 1.0000
                       Mean reward: 13.97
               Mean episode length: 436.28
 Episode_Reward/undesired_contacts: 0.0000
  Episode_Reward/feet_contact_slip: -0.0020
     Episode_Reward/table_no_touch: -0.0003
              Episode_Reward/alive: 0.0088
            Episode_Reward/upright: -0.0070
          Episode_Reward/imitation: 0.3742
    Episode_Reward/racket_position: 0.0737
Episode_Reward/backhand_racket_position: 0.0328
    Episode_Reward/racket_velocity: 0.0472
Episode_Reward/planner_racket_task_space_crossfade: 0.2986
Episode_Reward/exact_impact_planner_task_space_alignment: 0.0075
    Episode_Reward/blade_direction: 0.0435
Episode_Reward/health_gated_soft_ball_contact: 0.0480
Episode_Reward/health_gated_backhand_soft_ball_contact: 0.0303
Episode_Reward/health_gated_ball_contact: 0.0090
Episode_Reward/healthy_trunk_support: 0.0669
Episode_Reward/targeted_strike_attempt: 0.0109
  Episode_Reward/strike_inactivity: -0.0000
 Episode_Reward/pre_strike_station: 0.0654
    Episode_Reward/recovery_health: 0.0532
Episode_Reward/no_command_ready_stability: 0.0009
Episode_Reward/post_strike_base_ang_vel: 0.0104
Episode_Reward/phase_action_overflow: -0.0001
     Episode_Reward/strike_balance: 0.0276
Episode_Reward/prestrike_station_progress: 0.0154
 Episode_Reward/lower_body_support: 0.0410
Episode_Reward/termination_penalty: -0.0099
Episode_Reward/phase_action_rate_waist: -0.0003
Episode_Reward/phase_action_rate_upper: -0.0060
Episode_Reward/phase_action_rate_legs: -0.0003
        Episode_Reward/joint_limit: -0.0339
Episode_Reward/prestrike_racket_progress: 0.1850
Episode_Reward/near_impact_planner_velocity_progress: 0.0435
Episode_Reward/operational_joint_margin: -0.0045
  Episode_Reward/joint_target_slew: -0.0296
Episode_Reward/actuator_waist_feasibility: -0.0000
Episode_Reward/actuator_right_arm_feasibility: -0.0000
Episode_Reward/actuator_leg_feasibility: -0.0000
Episode_Reward/terminal_quality_window: 0.0014
Episode_Reward/safe_terminal_quality: 0.0028
Episode_Reward/unsafe_terminal_recovery: -0.0001
Episode_Reward/capability_gated_safe_terminal_outcome: 0.0219
Episode_Reward/targeted_contact_miss: -0.0026
    Metrics/motion/error_joint_pos: 1.3646
    Metrics/motion/error_joint_vel: 6.2465
     Metrics/motion/error_body_pos: 0.1114
     Metrics/motion/error_body_rot: 0.4037
       Metrics/motion/motion_phase: 0.7968
            Metrics/motion/in_hold: 0.0368
Metrics/motion/motion_start_warmup_prob: 0.8000
Metrics/motion/motion_start_lifecycle_progress: 0.0000
Metrics/motion/motion_start_effective_prestrike_fraction: 1.0000
Metrics/motion/motion_start_effective_recovery_fraction: 0.0000
Metrics/motion/motion_start_effective_rsi_fraction: 0.0000
 Metrics/motion/motion_start_reset: 0.0063
Metrics/motion/motion_start_prestrike_reset: 0.0000
Metrics/motion/motion_start_recovery_reset: 0.0000
Metrics/motion/motion_start_rsi_reset: 0.0000
 Metrics/motion/single_cycle_reset: 0.0000
     Metrics/motion/motion_clip_id: 0.6306
Metrics/motion/motion_supplemental_clip: 0.0000
      Metrics/motion/stand_episode: 0.0167
Metrics/motion/default_stand_reset: 0.0568
Metrics/motion/error_body_pos_lower: 0.1081
Metrics/motion/error_body_rot_lower: 0.3257
Metrics/motion/error_body_lin_vel_lower: 0.1406
Metrics/motion/error_body_ang_vel_lower: 0.6978
Metrics/motion/reference_body_lin_speed_lower: 0.0146
Metrics/motion/robot_body_lin_speed_lower: 0.1371
Metrics/motion/error_body_pos_core: 0.0609
Metrics/motion/error_body_rot_core: 0.2710
Metrics/motion/error_body_lin_vel_core: 0.2152
Metrics/motion/error_body_ang_vel_core: 1.0372
Metrics/motion/reference_body_lin_speed_core: 0.0105
Metrics/motion/robot_body_lin_speed_core: 0.2134
Metrics/motion/error_body_pos_upper: 0.1316
Metrics/motion/error_body_rot_upper: 0.5259
Metrics/motion/error_body_lin_vel_upper: 0.7617
Metrics/motion/error_body_ang_vel_upper: 2.7516
Metrics/motion/reference_body_lin_speed_upper: 0.0217
Metrics/motion/robot_body_lin_speed_upper: 0.7641
Metrics/motion/error_joint_pos_waist: 0.2466
Metrics/motion/error_joint_vel_waist: 1.3272
Metrics/motion/reference_joint_speed_waist: 0.0145
Metrics/motion/error_joint_pos_arms: 1.1857
Metrics/motion/error_joint_vel_arms: 5.5409
Metrics/motion/reference_joint_speed_arms: 0.0483
Metrics/motion/error_joint_pos_legs: 0.5839
Metrics/motion/error_joint_vel_legs: 2.1794
Metrics/motion/reference_joint_speed_legs: 0.0040
Metrics/racket_target/racket_pos_error: 0.1189
Metrics/racket_target/racket_vel_error: 1.3331
Metrics/racket_target/time_to_strike: -1.2130
Metrics/racket_target/return_success: 0.0479
Metrics/racket_target/prev_return_success: 0.0312
Metrics/racket_target/prev_net_cross: 0.5710
Metrics/racket_target/current_net_cross: 0.6006
Metrics/racket_target/racket_pos_curriculum_scale: 1.0000
Metrics/racket_target/impact_inverse_command_blend: 0.0000
Metrics/racket_target/steps_since_target_resample: 139.8138
Metrics/racket_target/recovery_height_error: 0.0357
Metrics/racket_target/recovery_upright_error: 0.0996
Metrics/racket_target/recovery_base_lin_vel: 0.1765
Metrics/racket_target/recovery_base_ang_vel: 0.8838
Metrics/racket_target/recovery_station_error: 0.0741
Metrics/racket_target/recovery_feet_contact_frac: 0.9924
Metrics/racket_target/recovery_racket_speed: 2.0385
Metrics/racket_target/recovery_height_score: 0.8765
Metrics/racket_target/recovery_upright_score: 0.8722
Metrics/racket_target/recovery_lin_vel_score: 0.7665
Metrics/racket_target/recovery_ang_vel_score: 0.3874
Metrics/racket_target/recovery_station_score: 0.8825
Metrics/racket_target/recovery_racket_score: 0.2263
Metrics/racket_target/recovery_arm_score: 0.6797
Metrics/racket_target/recovery_ready_score: 0.7450
Metrics/racket_target/recovery_anchor_arm_score: 1.0000
Metrics/racket_target/recovery_core_ready_score: 0.6506
Metrics/racket_target/recovery_functional_ready_score: 0.5716
Metrics/racket_target/waist_action_overflow_rms: 0.0019
Metrics/racket_target/right_arm_action_overflow_rms: 0.0000
Metrics/racket_target/leg_action_overflow_rms: 0.0054
Metrics/racket_target/operational_margin_fraction: 0.0037
Metrics/racket_target/waist_operational_margin_fraction: 0.0017
Metrics/racket_target/right_arm_operational_margin_fraction: 0.0000
Metrics/racket_target/leg_operational_margin_fraction: 0.0092
Metrics/racket_target/waist_operational_excess_rms: 0.0009
Metrics/racket_target/right_arm_operational_excess_rms: 0.0000
Metrics/racket_target/leg_operational_excess_rms: 0.0035
Metrics/racket_target/q_des_velocity_violation_fraction: 0.0601
Metrics/racket_target/waist_q_des_velocity_violation_fraction: 0.0122
Metrics/racket_target/right_arm_q_des_velocity_violation_fraction: 0.0833
Metrics/racket_target/leg_q_des_velocity_violation_fraction: 0.0814
Metrics/racket_target/q_des_acceleration_violation_fraction: 0.6918
Metrics/racket_target/waist_q_des_acceleration_violation_fraction: 0.5473
Metrics/racket_target/right_arm_q_des_acceleration_violation_fraction: 0.8042
Metrics/racket_target/leg_q_des_acceleration_violation_fraction: 0.7583
Metrics/racket_target/waist_q_des_velocity_rms: 3.1552
Metrics/racket_target/right_arm_q_des_velocity_rms: 7.7298
Metrics/racket_target/leg_q_des_velocity_rms: 6.4012
Metrics/racket_target/waist_q_des_acceleration_rms: 253.8891
Metrics/racket_target/right_arm_q_des_acceleration_rms: 620.1716
Metrics/racket_target/leg_q_des_acceleration_rms: 548.5759
Metrics/racket_target/action_operational_feasibility_score: 0.9563
Metrics/racket_target/actuator_overflow_consecutive_steps: 0.0000
Metrics/racket_target/actuator_overflow_severe: 0.0000
Metrics/racket_target/recovery_phase_gate: 0.9651
Metrics/racket_target/recovery_phase_ready_score: 0.7399
Metrics/racket_target/recovery_contact_ready_score: 0.5029
Metrics/racket_target/recovery_net_ready_score: 0.4797
Metrics/racket_target/recovery_return_ready_score: 0.0395
Metrics/racket_target/cycle_success_ready_score: 0.0000
Metrics/racket_target/cycle_success_soft: 0.0000
Metrics/racket_target/cycle_success_binary: 0.0000
Metrics/racket_target/cycle_v2_pending: 0.0000
Metrics/racket_target/cycle_v2_attempt_latch: 0.0000
Metrics/racket_target/cycle_v2_ready_success_latch: 0.0000
Metrics/racket_target/cycle_v2_ready_fail_latch: 0.0000
Metrics/racket_target/cycle_v2_attempt_event: 0.0000
Metrics/racket_target/cycle_v2_ready_success_event: 0.0000
Metrics/racket_target/cycle_v2_ready_fail_event: 0.0000
Metrics/racket_target/cycle_v2_unresolved_resample_fail_event: 0.0000
Metrics/racket_target/cycle_v2_resolved_event: 0.0000
Metrics/racket_target/cycle_v2_command_visible_steps: 0.0000
Metrics/racket_target/cycle_v2_elapsed_steps: 0.0000
Metrics/racket_target/cycle_v2_ready_score: 0.0000
Metrics/racket_target/cycle_v2_ready_ok: 0.0000
Metrics/racket_target/cycle_v2_visible: 0.0000
Metrics/racket_target/cycle_v2_ready_score_ok: 0.0000
Metrics/racket_target/cycle_v2_height_ok: 0.0000
Metrics/racket_target/cycle_v2_upright_ok: 0.0000
Metrics/racket_target/cycle_v2_base_lin_vel_ok: 0.0000
Metrics/racket_target/cycle_v2_base_ang_vel_ok: 0.0000
Metrics/racket_target/cycle_v2_feet_ok: 0.0000
Metrics/racket_target/cycle_v2_core_ready_ok: 0.0000
Metrics/racket_target/cycle_v2_ready_consecutive_steps: 0.0000
Metrics/racket_target/single_cycle_bootstrap: 0.0000
Metrics/racket_target/single_cycle_swing_completed: 0.0000
Metrics/racket_target/single_cycle_recovery_active: 0.0000
Metrics/racket_target/single_cycle_recovery_elapsed_steps: 0.0000
Metrics/racket_target/single_cycle_ready_consecutive_steps: 0.0000
Metrics/racket_target/single_cycle_safe_timeout_event: 0.0000
Metrics/racket_target/single_cycle_deadline_timeout_event: 0.0000
Metrics/racket_target/single_cycle_timeout_latch: 0.0000
Metrics/racket_target/single_cycle_hard_failure_event: 0.0000
Metrics/racket_target/single_cycle_probability: 0.0000
Metrics/racket_target/single_cycle_curriculum_level: 0.0000
Metrics/racket_target/single_cycle_effective_deadline_steps: 100.0000
Metrics/racket_target/single_cycle_selected_events: 0.0000
Metrics/racket_target/single_cycle_completed_events: 0.0000
Metrics/racket_target/single_cycle_safe_timeout_events: 0.0000
Metrics/racket_target/single_cycle_deadline_timeout_events: 0.0000
Metrics/racket_target/single_cycle_hard_failure_events: 0.0000
Metrics/racket_target/active_ready_consecutive_steps: 0.0000
Metrics/racket_target/active_ready_success_event: 0.0000
Metrics/racket_target/active_ready_success_latch: 0.0000
Metrics/racket_target/active_ready_survival_steps: 0.0000
Metrics/racket_target/active_ready_survival_next_milestone: 0.0000
Metrics/racket_target/active_ready_survival_milestone_event: 0.0000
Metrics/racket_target/no_command_ready_active: 0.0167
Metrics/racket_target/no_command_from_stand_episode: 0.0167
Metrics/racket_target/no_command_from_default_stand_reset: 0.0167
Metrics/racket_target/no_command_ready_upright_ok: 0.0104
Metrics/racket_target/no_command_ready_motion_ok: 0.0000
Metrics/racket_target/no_command_ready_score: 0.0060
Metrics/racket_target/no_command_ready_progress: 0.0065
Metrics/racket_target/no_command_ready_station_error: 0.0069
Metrics/racket_target/no_command_ready_fixed_station_error: 0.0069
Metrics/racket_target/healthy_training_stage: 3.0000
Metrics/racket_target/healthy_stage_planted_rehearsal: 0.0000
Metrics/racket_target/healthy_stage_station_hold_seen: 0.0000
Metrics/racket_target/healthy_stage_station_arrived: 0.0000
Metrics/racket_target/healthy_stage_station_settled: 0.0000
Metrics/racket_target/healthy_stage_station_settle_steps: 0.0000
Metrics/racket_target/station_relocation_active: 0.0000
Metrics/racket_target/station_relocation_target_offset_y: 0.0000
Metrics/racket_target/station_relocation_error: 0.0000
Metrics/racket_target/station_relocation_arrival_event: 0.0000
Metrics/racket_target/station_relocation_settle_event: 0.0000
Metrics/racket_target/station_relocation_release_event: 0.0000
Metrics/racket_target/station_relocation_timeout_event: 0.0000
Metrics/racket_target/station_relocation_elapsed_steps: 0.0000
Metrics/racket_target/station_relocation_hold_deadline_steps: 0.0000
Metrics/racket_target/lifecycle_recovery_hold_active: 0.0000
Metrics/racket_target/lifecycle_recovery_release_success_event: 0.0000
Metrics/racket_target/lifecycle_recovery_release_fail_event: 0.0000
Metrics/racket_target/station_relocation_level: 0.0000
Metrics/racket_target/station_relocation_arrival_ema: 0.0000
Metrics/racket_target/station_relocation_settle_ema: 0.0000
Metrics/racket_target/station_relocation_contact_ema: 0.0000
Metrics/racket_target/station_relocation_safety_ema: 0.0000
Metrics/racket_target/station_relocation_resolved_events: 0.0000
Metrics/racket_target/station_relocation_terminal_reset_events: 0.0000
Metrics/racket_target/station_relocation_advance_streak: 0.0000
Metrics/racket_target/station_relocation_regress_streak: 0.0000
Metrics/racket_target/station_relocation_effective_max_lin_vel: 0.0000
Metrics/racket_target/station_relocation_effective_max_ang_vel: 0.0000
Metrics/racket_target/station_relocation_effective_min_settle_steps: 0.0000
Metrics/racket_target/ability_curriculum_level: 0.0000
Metrics/racket_target/ability_curriculum_scale: 1.0000
Metrics/racket_target/ability_curriculum_resolved_events: 3877.2188
Metrics/racket_target/ability_curriculum_total_resolved_events: 3877.2188
Metrics/racket_target/ability_curriculum_advance_streak: 0.0000
Metrics/racket_target/ability_curriculum_regress_streak: 0.0000
Metrics/racket_target/ability_contact_ema: 0.6391
Metrics/racket_target/ability_net_ema: 0.6144
Metrics/racket_target/ability_success_ema: 0.0096
Metrics/racket_target/ability_recovery_ema: 0.8078
Metrics/racket_target/ability_cycle_ema: 0.0096
Metrics/racket_target/ability_cycle_attempt_ema: 0.0096
Metrics/racket_target/ability_cycle_resolved_ema: 0.0096
Metrics/racket_target/ability_forehand_contact_ema: 0.6925
Metrics/racket_target/ability_forehand_net_ema: 0.6801
Metrics/racket_target/ability_forehand_success_ema: 0.0039
Metrics/racket_target/ability_backhand_contact_ema: 0.6254
Metrics/racket_target/ability_backhand_net_ema: 0.5983
Metrics/racket_target/ability_backhand_success_ema: 0.0116
Metrics/racket_target/ability_attempt_ema: 1.0000
Metrics/racket_target/ability_targeted_attempt_ema: 0.9972
Metrics/racket_target/impact_health_floor_progress: 0.0000
Metrics/racket_target/ability_safety_ema: 0.9591
Metrics/racket_target/ability_station_saturation_ema: 0.0000
Metrics/racket_target/ability_healthy_normal_ema: 0.9945
Metrics/racket_target/ability_station_arrival_ema: 0.0000
Metrics/racket_target/ability_station_settle_ema: 0.0000
Metrics/racket_target/safe_outcome_capability_gate: 0.8780
Metrics/racket_target/planner_hit_plane_blend: 1.0000
Metrics/racket_target/planner_hit_plane_x_delta: 0.0370
Metrics/racket_target/true_strike_table_x: 0.2000
Metrics/racket_target/planner_target_table_x: 0.2000
Metrics/racket_target/workspace_level: 0.0000
Metrics/racket_target/workspace_fringe_sample: 0.0000
Metrics/racket_target/workspace_target_lateral_norm: 0.2903
Metrics/racket_target/workspace_target_table_y: -0.2097
Metrics/racket_target/workspace_playable_y_min: -0.7225
Metrics/racket_target/workspace_playable_y_max: 0.7225
Metrics/racket_target/workspace_active_y_lo: -0.2715
Metrics/racket_target/workspace_active_y_hi: -0.1404
Metrics/racket_target/workspace_motion_seed_blend: 0.0000
Metrics/racket_target/planner_perturb_curriculum_scale: 1.0000
Metrics/racket_target/incoming_ball_horizontal_speed: 2.2340
Metrics/racket_target/incoming_ball_speed: 4.6435
Metrics/racket_target/incoming_ball_speed_curriculum_level: 0.0000
Metrics/racket_target/incoming_ball_speed_sample_low: 0.0000
Metrics/racket_target/incoming_ball_speed_sample_high: 0.0000
Metrics/racket_target/station_saturated: 0.0000
Metrics/racket_target/station_raw_clip_excess: 0.0000
Metrics/racket_target/station_saturated_x: 0.0000
Metrics/racket_target/station_saturated_y: 0.0000
Metrics/racket_target/station_raw_clip_excess_x: 0.0000
Metrics/racket_target/station_raw_clip_excess_y: 0.0000
Metrics/racket_target/current_swing_opportunity: 0.9362
Metrics/racket_target/current_swing_attempt: 0.9362
Metrics/racket_target/current_swing_targeted_attempt: 0.9239
Metrics/racket_target/prev_swing_targeted_attempt: 0.9370
Metrics/racket_target/current_swing_unsafe: 0.0456
Metrics/racket_target/current_swing_station_saturated: 0.0000
Metrics/racket_target/impact_health_score: 0.9021
Metrics/racket_target/impact_health_ok: 0.9117
Metrics/racket_target/impact_health_backlean_violation: 0.0108
Metrics/racket_target/impact_health_waist_backfold: 0.0028
Metrics/racket_target/impact_health_base_retreat: 0.0335
Metrics/racket_target/impact_health_torso_gravity_x: 0.3616
Metrics/racket_target/impact_health_torso_ang_vel: 0.4847
Metrics/racket_target/impact_health_com_x: 0.0438
Metrics/racket_target/impact_health_com_y: 0.0265
Metrics/racket_target/post_contact_ready_pending: 0.0000
Metrics/racket_target/post_contact_ready_elapsed_steps: 3.1924
Metrics/racket_target/post_contact_ready_consecutive_steps: 0.0000
Metrics/racket_target/post_contact_ready_diagnostic_pending: 0.0000
Metrics/racket_target/post_contact_ready_diagnostic_elapsed_steps: 23.9225
Metrics/racket_target/post_contact_ready_durable_pending: 0.0000
Metrics/racket_target/post_contact_ready_durable_consecutive_steps: 0.0000
Metrics/racket_target/post_contact_ready_durable_ready_now: 0.0000
Metrics/racket_target/post_contact_ready_durable_success_event: 0.0000
Metrics/racket_target/post_contact_ready_durable_fail_event: 0.0000
Metrics/racket_target/post_contact_ready_durable_resolution_success_rate: 0.2447
Metrics/racket_target/post_contact_ready_durable_resolution_fail_rate: 0.6885
Metrics/racket_target/post_contact_ready_durable_resolution_success_latency_steps: 35.0000
Metrics/racket_target/post_contact_ready_durable_resolution_fail_latency_steps: 33.2923
Metrics/racket_target/post_contact_ready_durable_fail_backlean_rate: 0.0605
Metrics/racket_target/post_contact_ready_durable_fail_forward_lean_rate: 0.8546
Metrics/racket_target/post_contact_ready_durable_fail_torso_ang_vel_rate: 0.0608
Metrics/racket_target/post_contact_ready_durable_fail_base_lin_vel_rate: 0.0612
Metrics/racket_target/post_contact_ready_durable_fail_base_ang_vel_rate: 0.4221
Metrics/racket_target/post_contact_ready_durable_fail_racket_speed_rate: 0.0605
Metrics/racket_target/post_contact_ready_durable_fail_height_rate: 0.0605
Metrics/racket_target/post_contact_ready_durable_fail_com_x_rate: 0.0638
Metrics/racket_target/post_contact_ready_durable_fail_com_y_rate: 0.0605
Metrics/racket_target/post_contact_ready_durable_fail_feet_rate: 0.0605
Metrics/racket_target/post_contact_ready_durable_fail_station_rate: 0.0608
Metrics/racket_target/post_contact_ready_durable_fail_arm_rate: 0.0605
Metrics/racket_target/post_contact_ready_terminal_window_active: 0.0000
Metrics/racket_target/post_contact_ready_terminal_quality: 0.5897
Metrics/racket_target/post_contact_ready_terminal_settlement_event: 0.0000
Metrics/racket_target/post_contact_ready_operational_ready_now: 0.0000
Metrics/racket_target/post_contact_ready_operational_consecutive_steps: 0.0000
Metrics/racket_target/post_contact_ready_safe_settlement_event: 0.0000
Metrics/racket_target/post_contact_ready_unsafe_settlement_event: 0.0000
Metrics/racket_target/post_contact_ready_incomplete_settlement_event: 0.0000
Metrics/racket_target/post_contact_ready_safe_net_cycle_event: 0.0000
Metrics/racket_target/post_contact_ready_terminal_quality_mean: 0.9239
Metrics/racket_target/post_contact_ready_safe_terminal_quality_mean: 0.9340
Metrics/racket_target/post_contact_ready_terminal_safe_rate: 0.6991
Metrics/racket_target/post_contact_ready_terminal_unsafe_rate: 0.0310
Metrics/racket_target/post_contact_ready_terminal_incomplete_rate: 0.2699
Metrics/racket_target/post_contact_ready_safe_net_cycle_rate: 0.6804
Metrics/racket_target/post_contact_ready_score: 0.6941
Metrics/racket_target/post_contact_ready_now: 0.0000
Metrics/racket_target/post_contact_ready_success_event: 0.0000
Metrics/racket_target/post_contact_ready_fail_event: 0.0000
Metrics/racket_target/post_contact_ready_outcome_tier: 0.2781
Metrics/racket_target/post_contact_ready_face_quality: 0.5439
Metrics/racket_target/post_contact_ready_safe_face_net_cycle_value: 0.0000
Metrics/racket_target/post_contact_ready_planner_speed_ratio: 0.5654
Metrics/racket_target/post_contact_ready_planner_direction_error_rad: 0.1664
Metrics/racket_target/post_contact_ready_planner_position_error: 0.0404
Metrics/racket_target/post_contact_ready_impact_health_score: 0.6156
Metrics/racket_target/post_contact_ready_peak_base_ang_vel: 0.9200
Metrics/racket_target/post_contact_ready_peak_ang_vel_excess_increment: 0.0000
Metrics/racket_target/post_contact_ready_envelope_violation_latch: 0.0078
Metrics/racket_target/post_contact_ready_envelope_violation_event: 0.0000
Metrics/racket_target/post_contact_ready_envelope_first_violation_step: -0.9453
Metrics/racket_target/post_contact_ready_envelope_attempts: 4035.4062
Metrics/racket_target/post_contact_ready_envelope_violation_rate: 0.0308
Metrics/racket_target/post_contact_ready_envelope_tilt_violation_rate: 0.0000
Metrics/racket_target/post_contact_ready_envelope_pitch_violation_rate: 0.0000
Metrics/racket_target/post_contact_ready_envelope_com_violation_rate: 0.0002
Metrics/racket_target/post_contact_ready_envelope_waist_violation_rate: 0.0000
Metrics/racket_target/post_contact_ready_envelope_leg_violation_rate: 0.0000
Metrics/racket_target/post_contact_ready_envelope_base_ang_vel_violation_rate: 0.0305
Metrics/racket_target/post_contact_ready_resolution_success_rate: 0.9784
Metrics/racket_target/post_contact_ready_resolution_fail_rate: 0.0119
Metrics/racket_target/post_contact_ready_resolution_success_latency_steps: 4.9279
Metrics/racket_target/post_contact_ready_resolution_fail_latency_steps: 11.9167
Metrics/racket_target/post_contact_ready_max_tilt: 0.1304
Metrics/racket_target/post_contact_ready_max_abs_pitch: 0.1300
Metrics/racket_target/post_contact_ready_max_com_x: 0.0159
Metrics/racket_target/post_contact_ready_max_com_y: 0.0156
Metrics/racket_target/post_contact_ready_max_waist_overflow: 0.0000
Metrics/racket_target/post_contact_ready_max_leg_overflow: 0.0011
Metrics/racket_target/post_contact_ready_settlement_velocity_score_ema: 0.6191
Metrics/racket_target/post_contact_ready_settlement_position_gate_ema: 0.7687
Metrics/racket_target/post_contact_ready_settlement_health_gate_ema: 0.9797
Metrics/racket_target/post_contact_ready_settlement_recovery_gate_ema: 0.4457
Metrics/racket_target/post_contact_ready_settlement_total_score_ema: 0.2088
Metrics/racket_target/post_contact_recovery_backlean_error: 0.0745
Metrics/racket_target/post_contact_recovery_directional_progress: 0.0000
Metrics/racket_target/post_contact_ready_torso_ok: 0.0684
Metrics/racket_target/post_contact_ready_motion_ok: 0.5592
Metrics/racket_target/post_contact_ready_support_ok: 0.9221
Metrics/racket_target/post_contact_ready_arm_ok: 1.0000
Metrics/racket_target/post_contact_ready_base_lin_vel_ok: 0.9221
Metrics/racket_target/post_contact_ready_base_ang_vel_ok: 0.8280
Metrics/racket_target/post_contact_ready_racket_speed_ok: 0.6509
Metrics/racket_target/post_contact_ready_height_ok: 0.9589
Metrics/racket_target/post_contact_ready_com_x_ok: 0.9221
Metrics/racket_target/post_contact_ready_com_y_ok: 0.9622
Metrics/racket_target/post_contact_ready_feet_ok: 1.0000
Metrics/racket_target/post_contact_ready_station_ok: 0.9283
Metrics/racket_target/post_contact_ready_fail_torso: 0.0000
Metrics/racket_target/post_contact_ready_fail_base_lin_vel: 0.0000
Metrics/racket_target/post_contact_ready_fail_base_ang_vel: 0.0000
Metrics/racket_target/post_contact_ready_fail_racket_speed: 0.0000
Metrics/racket_target/post_contact_ready_fail_support: 0.0000
Metrics/racket_target/post_contact_ready_fail_arm: 0.0000
Metrics/racket_target/post_contact_ready_shadow_now: 0.0000
Metrics/racket_target/post_contact_ready_shadow_consecutive_steps: 0.0000
Metrics/racket_target/post_contact_ready_shadow_success_latch: 0.0000
Metrics/racket_target/post_contact_ready_curriculum_level: 0.0000
Metrics/racket_target/post_contact_ready_curriculum_fraction: 1.0000
Metrics/racket_target/post_contact_ready_curriculum_success_ema: 0.0000
Metrics/racket_target/post_contact_ready_curriculum_shadow_success_ema: 0.0000
Metrics/racket_target/post_contact_ready_curriculum_resolved_events: 0.0000
Metrics/racket_target/post_contact_ready_curriculum_successful_events: 0.0000
Metrics/racket_target/post_contact_ready_curriculum_targeted_attempt_ema: 0.0000
Metrics/racket_target/post_contact_ready_curriculum_return_success_ema: 0.0000
Metrics/racket_target/post_contact_ready_curriculum_completed_swings: 0.0000
Metrics/racket_target/post_contact_ready_curriculum_advance_streak: 0.0000
Metrics/racket_target/post_contact_ready_curriculum_advance_guard_ok: 0.0000
Metrics/racket_target/post_contact_ready_effective_max_torso_ang_vel: 1.5000
Metrics/racket_target/post_contact_ready_effective_torso_x_min: -0.1200
Metrics/racket_target/post_contact_ready_effective_torso_x_max: 0.3200
Metrics/racket_target/post_contact_ready_effective_max_base_lin_vel: 0.4500
Metrics/racket_target/post_contact_ready_effective_max_base_ang_vel: 1.3000
Metrics/racket_target/post_contact_ready_effective_max_racket_speed: 3.0000
Metrics/racket_target/post_contact_ready_effective_min_feet_contact: 0.5000
Metrics/racket_target/post_contact_ready_effective_required_consecutive_steps: 3.0000
Metrics/racket_target/post_contact_ready_effective_deadline_steps: 40.0000
Metrics/racket_target/post_contact_ready_curriculum_advance_threshold: 1.0000
Metrics/racket_target/post_contact_ready_curriculum_advance_min_events: 0.0000
Metrics/racket_target/post_contact_ready_curriculum_shadow_threshold: 1.0000
Metrics/racket_target/post_contact_ready_curriculum_min_targeted_attempt_ema: 0.0000
Metrics/racket_target/post_contact_ready_curriculum_min_return_success_ema: 0.0000
Metrics/racket_target/post_contact_ready_curriculum_min_completed_swings: 1.0000
Metrics/racket_target/post_contact_ready_curriculum_required_advance_checks: 1.0000
Metrics/racket_target/racket_normal_error_deg: 56.5288
Metrics/racket_target/impact_normal_error_deg: 12.6133
Metrics/racket_target/impact_racket_vel_error_mps: 0.6105
Metrics/racket_target/impact_racket_speed_ratio: 0.8451
Metrics/racket_target/impact_racket_vel_angle_deg: 14.8096
Metrics/racket_target/impact_racket_actual_vel_x: 0.7838
Metrics/racket_target/impact_racket_actual_vel_y: 0.0212
Metrics/racket_target/impact_racket_actual_vel_z: 1.2990
Metrics/racket_target/impact_racket_target_vel_x: 1.1713
Metrics/racket_target/impact_racket_target_vel_y: -0.0259
Metrics/racket_target/impact_racket_target_vel_z: 1.3261
Metrics/racket_target/impact_ball_out_error_mps: 4.3599
Metrics/racket_target/impact_face_radial_error_m: 0.0604
Metrics/racket_target/impact_face_normal_gap_m: 0.0461
Metrics/racket_target/impact_face_quality: 0.6980
Metrics/racket_target/impact_center_contact: 0.0000
Metrics/racket_target/impact_center_net_cross: 0.0000
Metrics/racket_target/impact_center_on_opponent: 0.0000
Metrics/racket_target/impact_rim_contact: 0.0000
Metrics/racket_target/impact_rim_net_cross: 0.0000
Metrics/racket_target/impact_rim_on_opponent: 0.0000
Metrics/racket_target/impact_analytic_outer_contact: 0.0000
Metrics/racket_target/impact_analytic_outer_net_cross: 0.0000
Metrics/racket_target/impact_analytic_outer_on_opponent: 0.0000
Metrics/racket_target/impact_planner_pos_error_m: 0.0831
Metrics/racket_target/impact_planner_vel_error_mps: 0.6105
Metrics/racket_target/impact_planner_speed_ratio: 0.8451
Metrics/racket_target/impact_planner_vel_angle_deg: 14.8096
Metrics/racket_target/impact_healthy_normal_ok: 0.0000
Metrics/racket_target/impact_healthy_contact: 0.0000
Metrics/racket_target/impact_healthy_net_cross: 0.0000
Metrics/racket_target/impact_healthy_on_opponent: 0.0000
Metrics/racket_target/current_swing_impact_health_score: 0.6156
Metrics/racket_target/current_swing_healthy_contact: 0.6295
Metrics/racket_target/current_swing_healthy_net_cross: 0.6006
Metrics/racket_target/current_swing_healthy_on_opponent: 0.0479
Metrics/racket_target/current_swing_healthy_normal_ok: 0.9283
Metrics/racket_target/current_swing_contact: 0.6295
Metrics/racket_target/current_swing_net_cross: 0.6006
Metrics/racket_target/current_swing_on_opponent: 0.0479
Metrics/racket_target/current_swing_center_contact: 0.4661
Metrics/racket_target/current_swing_center_net_cross: 0.4372
Metrics/racket_target/current_swing_center_on_opponent: 0.0167
Metrics/racket_target/current_swing_rim_contact: 0.1378
Metrics/racket_target/current_swing_rim_net_cross: 0.1378
Metrics/racket_target/current_swing_rim_on_opponent: 0.0312
Metrics/racket_target/current_swing_analytic_outer_contact: 0.0256
Metrics/racket_target/current_swing_analytic_outer_net_cross: 0.0256
Metrics/racket_target/current_swing_analytic_outer_on_opponent: 0.0000
Metrics/racket_target/cycle_v2_outcome_tier: -1.0000
Metrics/racket_target/cycle_v2_streak: 0.0000
Metrics/racket_target/closed_loop_recovery_trigger_event: 0.0000
Metrics/racket_target/closed_loop_cycle_success_event: 0.0000
Metrics/racket_target/closed_loop_durable_cycle_success_event: 0.0000
Metrics/racket_target/closed_loop_phase_id: 1.9273
Metrics/racket_target/closed_loop_phase_ready_no_command: 0.0167
Metrics/racket_target/closed_loop_phase_command_acquire: 0.0472
Metrics/racket_target/closed_loop_phase_pre_strike: 0.9283
Metrics/racket_target/closed_loop_phase_strike: 0.0078
Metrics/racket_target/closed_loop_phase_follow_through: 0.0000
Metrics/racket_target/closed_loop_phase_recovery: 0.0000
Metrics/racket_target/closed_loop_phase_next_ready: 0.0000
Metrics/racket_target/post_contact_phase_impact_0_100ms_attempts: 4035.4062
Metrics/racket_target/post_contact_phase_impact_0_100ms_tilt_gt_0p1_rate: 1.0000
Metrics/racket_target/post_contact_phase_impact_0_100ms_pitch_gt_0p1_rate: 1.0000
Metrics/racket_target/post_contact_phase_impact_0_100ms_waist_overflow_gt_1p0_rate: 0.0000
Metrics/racket_target/post_contact_phase_impact_0_100ms_base_ang_vel_gt_0p8_rate: 0.9880
Metrics/racket_target/post_contact_phase_brake_100_300ms_attempts: 3961.1562
Metrics/racket_target/post_contact_phase_brake_100_300ms_tilt_gt_0p1_rate: 0.9975
Metrics/racket_target/post_contact_phase_brake_100_300ms_pitch_gt_0p1_rate: 0.9957
Metrics/racket_target/post_contact_phase_brake_100_300ms_waist_overflow_gt_1p0_rate: 0.0000
Metrics/racket_target/post_contact_phase_brake_100_300ms_base_ang_vel_gt_0p8_rate: 0.9953
Metrics/racket_target/post_contact_phase_settle_300_600ms_attempts: 3806.5000
Metrics/racket_target/post_contact_phase_settle_300_600ms_tilt_gt_0p1_rate: 0.8301
Metrics/racket_target/post_contact_phase_settle_300_600ms_pitch_gt_0p1_rate: 0.7794
Metrics/racket_target/post_contact_phase_settle_300_600ms_waist_overflow_gt_1p0_rate: 0.0000
Metrics/racket_target/post_contact_phase_settle_300_600ms_base_ang_vel_gt_0p8_rate: 0.9904
Metrics/racket_target/post_contact_phase_ready_after_600ms_attempts: 3568.1875
Metrics/racket_target/post_contact_phase_ready_after_600ms_tilt_gt_0p1_rate: 0.5550
Metrics/racket_target/post_contact_phase_ready_after_600ms_pitch_gt_0p1_rate: 0.4536
Metrics/racket_target/post_contact_phase_ready_after_600ms_waist_overflow_gt_1p0_rate: 0.0000
Metrics/racket_target/post_contact_phase_ready_after_600ms_base_ang_vel_gt_0p8_rate: 0.9429
Metrics/racket_target/base_pitch_like_signed: -0.0399
Metrics/racket_target/base_backward_velocity: 0.0563
Metrics/racket_target/waist_action_rms: 0.3300
Metrics/racket_target/right_arm_action_rms: 2.7764
Metrics/racket_target/leg_action_rms: 0.4176
Metrics/racket_target/action_abs_max: 5.2546
Metrics/racket_target/applied_action_abs_max: 5.0510
Metrics/racket_target/leg_action_abs_max: 0.8258
Metrics/racket_target/effective_action_abs_max: 5.0510
Metrics/racket_target/action_clamp_fraction: 0.0024
Metrics/racket_target/waist_action_clamp_fraction: 0.0017
Metrics/racket_target/right_arm_action_clamp_fraction: 0.0000
Metrics/racket_target/leg_action_clamp_fraction: 0.0057
Metrics/racket_target/waist_q_tracking_error_rms: 0.3355
Metrics/racket_target/right_arm_q_tracking_error_rms: 0.1909
Metrics/racket_target/leg_q_tracking_error_rms: 0.1929
Metrics/racket_target/waist_torque_clip_fraction: 0.0000
Metrics/racket_target/right_arm_torque_clip_fraction: 0.0000
Metrics/racket_target/leg_torque_clip_fraction: 0.0000
Metrics/racket_target/waist_action_delta_rms: 0.1342
Metrics/racket_target/right_arm_action_delta_rms: 0.8529
Metrics/racket_target/leg_action_delta_rms: 0.2452
Metrics/racket_target/waist_joint_vel_rms: 0.7651
Metrics/racket_target/right_arm_joint_vel_rms: 1.7613
Metrics/racket_target/leg_joint_vel_rms: 0.6292
Metrics/racket_target/recovery_leg_action_abs_max: 0.7708
Metrics/racket_target/recovery_leg_action_delta_rms: 0.2339
Metrics/racket_target/recovery_leg_joint_vel_rms: 0.5830
      Episode_Termination/time_out: 3.7812
  Episode_Termination/base_too_low: 0.0000
   Episode_Termination/base_tilted: 0.1875
   Episode_Termination/table_touch: 0.1875
Episode_Termination/persistent_action_overflow: 0.0000
--------------------------------------------------------------------------------
                   Total timesteps: 983040
                    Iteration time: 2.48s
                      Time elapsed: 00:00:37
                               ETA: 00:00:15

################################################################################
                     [1m Learning iteration 1815/1820 [0m                     

                       Computation: 25774 steps/s (collection: 2.526s, learning 0.016s)
             Mean action noise std: 0.45
          Mean value_function loss: 0.0818
               Mean surrogate loss: 0.0000
                 Mean entropy loss: 2.8121
      Mean critic_only_warmup loss: 1.0000
                       Mean reward: 13.64
               Mean episode length: 449.90
 Episode_Reward/undesired_contacts: 0.0000
  Episode_Reward/feet_contact_slip: -0.0023
     Episode_Reward/table_no_touch: -0.0003
              Episode_Reward/alive: 0.0092
            Episode_Reward/upright: -0.0073
          Episode_Reward/imitation: 0.3819
    Episode_Reward/racket_position: 0.0720
Episode_Reward/backhand_racket_position: 0.0313
    Episode_Reward/racket_velocity: 0.0464
Episode_Reward/planner_racket_task_space_crossfade: 0.2926
Episode_Reward/exact_impact_planner_task_space_alignment: 0.0068
    Episode_Reward/blade_direction: 0.0425
Episode_Reward/health_gated_soft_ball_contact: 0.0469
Episode_Reward/health_gated_backhand_soft_ball_contact: 0.0291
Episode_Reward/health_gated_ball_contact: 0.0086
Episode_Reward/healthy_trunk_support: 0.0651
Episode_Reward/targeted_strike_attempt: 0.0106
  Episode_Reward/strike_inactivity: -0.0000
 Episode_Reward/pre_strike_station: 0.0665
    Episode_Reward/recovery_health: 0.0570
Episode_Reward/no_command_ready_stability: 0.0008
Episode_Reward/post_strike_base_ang_vel: 0.0110
Episode_Reward/phase_action_overflow: -0.0001
     Episode_Reward/strike_balance: 0.0271
Episode_Reward/prestrike_station_progress: 0.0156
 Episode_Reward/lower_body_support: 0.0403
Episode_Reward/termination_penalty: -0.0139
Episode_Reward/phase_action_rate_waist: -0.0003
Episode_Reward/phase_action_rate_upper: -0.0064
Episode_Reward/phase_action_rate_legs: -0.0003
        Episode_Reward/joint_limit: -0.0360
Episode_Reward/prestrike_racket_progress: 0.1946
Episode_Reward/near_impact_planner_velocity_progress: 0.0426
Episode_Reward/operational_joint_margin: -0.0050
  Episode_Reward/joint_target_slew: -0.0316
Episode_Reward/actuator_waist_feasibility: -0.0000
Episode_Reward/actuator_right_arm_feasibility: -0.0000
Episode_Reward/actuator_leg_feasibility: -0.0000
Episode_Reward/terminal_quality_window: 0.0014
Episode_Reward/safe_terminal_quality: 0.0026
Episode_Reward/unsafe_terminal_recovery: -0.0001
Episode_Reward/capability_gated_safe_terminal_outcome: 0.0204
Episode_Reward/targeted_contact_miss: -0.0027
    Metrics/motion/error_joint_pos: 2.1568
    Metrics/motion/error_joint_vel: 7.5723
     Metrics/motion/error_body_pos: 0.1480
     Metrics/motion/error_body_rot: 0.7829
       Metrics/motion/motion_phase: 0.2432
            Metrics/motion/in_hold: 0.4745
Metrics/motion/motion_start_warmup_prob: 0.8000
Metrics/motion/motion_start_lifecycle_progress: 0.0000
Metrics/motion/motion_start_effective_prestrike_fraction: 1.0000
Metrics/motion/motion_start_effective_recovery_fraction: 0.0000
Metrics/motion/motion_start_effective_rsi_fraction: 0.0000
 Metrics/motion/motion_start_reset: 0.0104
Metrics/motion/motion_start_prestrike_reset: 0.0000
Metrics/motion/motion_start_recovery_reset: 0.0000
Metrics/motion/motion_start_rsi_reset: 0.0000
 Metrics/motion/single_cycle_reset: 0.0000
     Metrics/motion/motion_clip_id: 0.6896
Metrics/motion/motion_supplemental_clip: 0.0000
      Metrics/motion/stand_episode: 0.0125
Metrics/motion/default_stand_reset: 0.0667
Metrics/motion/error_body_pos_lower: 0.1599
Metrics/motion/error_body_rot_lower: 0.8315
Metrics/motion/error_body_lin_vel_lower: 0.1792
Metrics/motion/error_body_ang_vel_lower: 0.9064
Metrics/motion/reference_body_lin_speed_lower: 0.0164
Metrics/motion/robot_body_lin_speed_lower: 0.1731
Metrics/motion/error_body_pos_core: 0.0616
Metrics/motion/error_body_rot_core: 0.4867
Metrics/motion/error_body_lin_vel_core: 0.2872
Metrics/motion/error_body_ang_vel_core: 1.5610
Metrics/motion/reference_body_lin_speed_core: 0.0114
Metrics/motion/robot_body_lin_speed_core: 0.2844
Metrics/motion/error_body_pos_upper: 0.1649
Metrics/motion/error_body_rot_upper: 0.8329
Metrics/motion/error_body_lin_vel_upper: 1.1036
Metrics/motion/error_body_ang_vel_upper: 3.4823
Metrics/motion/reference_body_lin_speed_upper: 0.0213
Metrics/motion/robot_body_lin_speed_upper: 1.0988
Metrics/motion/error_joint_pos_waist: 0.6809
Metrics/motion/error_joint_vel_waist: 2.1140
Metrics/motion/reference_joint_speed_waist: 0.0193
Metrics/motion/error_joint_pos_arms: 1.8987
Metrics/motion/error_joint_vel_arms: 6.5658
Metrics/motion/reference_joint_speed_arms: 0.0538
Metrics/motion/error_joint_pos_legs: 0.6896
Metrics/motion/error_joint_vel_legs: 2.6763
Metrics/motion/reference_joint_speed_legs: 0.0043
Metrics/racket_target/racket_pos_error: 0.1149
Metrics/racket_target/racket_vel_error: 1.3145
Metrics/racket_target/time_to_strike: 0.6218
Metrics/racket_target/return_success: 0.0206
Metrics/racket_target/prev_return_success: 0.0143
Metrics/racket_target/prev_net_cross: 0.6201
Metrics/racket_target/current_net_cross: 0.1273
Metrics/racket_target/racket_pos_curriculum_scale: 1.0000
Metrics/racket_target/impact_inverse_command_blend: 0.0000
Metrics/racket_target/steps_since_target_resample: 49.8029
Metrics/racket_target/recovery_height_error: 0.0440
Metrics/racket_target/recovery_upright_error: 0.1232
Metrics/racket_target/recovery_base_lin_vel: 0.2402
Metrics/racket_target/recovery_base_ang_vel: 1.1004
Metrics/racket_target/recovery_station_error: 0.1001
Metrics/racket_target/recovery_feet_contact_frac: 0.9850
Metrics/racket_target/recovery_racket_speed: 2.2745
Metrics/racket_target/recovery_height_score: 0.8401
Metrics/racket_target/recovery_upright_score: 0.8337
Metrics/racket_target/recovery_lin_vel_score: 0.6103
Metrics/racket_target/recovery_ang_vel_score: 0.2660
Metrics/racket_target/recovery_station_score: 0.8287
Metrics/racket_target/recovery_racket_score: 0.0375
Metrics/racket_target/recovery_arm_score: 0.4351
Metrics/racket_target/recovery_ready_score: 0.6582
Metrics/racket_target/recovery_anchor_arm_score: 1.0000
Metrics/racket_target/recovery_core_ready_score: 0.5303
Metrics/racket_target/recovery_functional_ready_score: 0.4464
Metrics/racket_target/waist_action_overflow_rms: 0.0000
Metrics/racket_target/right_arm_action_overflow_rms: 0.0041
Metrics/racket_target/leg_action_overflow_rms: 0.0051
Metrics/racket_target/operational_margin_fraction: 0.0051
Metrics/racket_target/waist_operational_margin_fraction: 0.0000
Metrics/racket_target/right_arm_operational_margin_fraction: 0.0036
Metrics/racket_target/leg_operational_margin_fraction: 0.0110
Metrics/racket_target/waist_operational_excess_rms: 0.0000
Metrics/racket_target/right_arm_operational_excess_rms: 0.0009
Metrics/racket_target/leg_operational_excess_rms: 0.0036
Metrics/racket_target/q_des_velocity_violation_fraction: 0.0959
Metrics/racket_target/waist_q_des_velocity_violation_fraction: 0.0260
Metrics/racket_target/right_arm_q_des_velocity_violation_fraction: 0.1454
Metrics/racket_target/leg_q_des_velocity_violation_fraction: 0.1285
Metrics/racket_target/q_des_acceleration_violation_fraction: 0.7110
Metrics/racket_target/waist_q_des_acceleration_violation_fraction: 0.5883
Metrics/racket_target/right_arm_q_des_acceleration_violation_fraction: 0.7963
Metrics/racket_target/leg_q_des_acceleration_violation_fraction: 0.7955
Metrics/racket_target/waist_q_des_velocity_rms: 4.2307
Metrics/racket_target/right_arm_q_des_velocity_rms: 9.2557
Metrics/racket_target/leg_q_des_velocity_rms: 7.4203
Metrics/racket_target/waist_q_des_acceleration_rms: 334.9460
Metrics/racket_target/right_arm_q_des_acceleration_rms: 769.9713
Metrics/racket_target/leg_q_des_acceleration_rms: 648.2206
Metrics/racket_target/action_operational_feasibility_score: 0.9463
Metrics/racket_target/actuator_overflow_consecutive_steps: 0.0000
Metrics/racket_target/actuator_overflow_severe: 0.0000
Metrics/racket_target/recovery_phase_gate: 0.8570
Metrics/racket_target/recovery_phase_ready_score: 0.5804
Metrics/racket_target/recovery_contact_ready_score: 0.0882
Metrics/racket_target/recovery_net_ready_score: 0.0882
Metrics/racket_target/recovery_return_ready_score: 0.0046
Metrics/racket_target/cycle_success_ready_score: 0.0112
Metrics/racket_target/cycle_success_soft: 0.0103
Metrics/racket_target/cycle_success_binary: 0.0104
Metrics/racket_target/cycle_v2_pending: 0.0000
Metrics/racket_target/cycle_v2_attempt_latch: 0.0000
Metrics/racket_target/cycle_v2_ready_success_latch: 0.0000
Metrics/racket_target/cycle_v2_ready_fail_latch: 0.0000
Metrics/racket_target/cycle_v2_attempt_event: 0.0000
Metrics/racket_target/cycle_v2_ready_success_event: 0.0000
Metrics/racket_target/cycle_v2_ready_fail_event: 0.0000
Metrics/racket_target/cycle_v2_unresolved_resample_fail_event: 0.0000
Metrics/racket_target/cycle_v2_resolved_event: 0.0000
Metrics/racket_target/cycle_v2_command_visible_steps: 0.0000
Metrics/racket_target/cycle_v2_elapsed_steps: 0.0000
Metrics/racket_target/cycle_v2_ready_score: 0.0000
Metrics/racket_target/cycle_v2_ready_ok: 0.0000
Metrics/racket_target/cycle_v2_visible: 0.0000
Metrics/racket_target/cycle_v2_ready_score_ok: 0.0000
Metrics/racket_target/cycle_v2_height_ok: 0.0000
Metrics/racket_target/cycle_v2_upright_ok: 0.0000
Metrics/racket_target/cycle_v2_base_lin_vel_ok: 0.0000
Metrics/racket_target/cycle_v2_base_ang_vel_ok: 0.0000
Metrics/racket_target/cycle_v2_feet_ok: 0.0000
Metrics/racket_target/cycle_v2_core_ready_ok: 0.0000
Metrics/racket_target/cycle_v2_ready_consecutive_steps: 0.0000
Metrics/racket_target/single_cycle_bootstrap: 0.0000
Metrics/racket_target/single_cycle_swing_completed: 0.0000
Metrics/racket_target/single_cycle_recovery_active: 0.0000
Metrics/racket_target/single_cycle_recovery_elapsed_steps: 0.0000
Metrics/racket_target/single_cycle_ready_consecutive_steps: 0.0000
Metrics/racket_target/single_cycle_safe_timeout_event: 0.0000
Metrics/racket_target/single_cycle_deadline_timeout_event: 0.0000
Metrics/racket_target/single_cycle_timeout_latch: 0.0000
Metrics/racket_target/single_cycle_hard_failure_event: 0.0000
Metrics/racket_target/single_cycle_probability: 0.0000
Metrics/racket_target/single_cycle_curriculum_level: 0.0000
Metrics/racket_target/single_cycle_effective_deadline_steps: 100.0000
Metrics/racket_target/single_cycle_selected_events: 0.0000
Metrics/racket_target/single_cycle_completed_events: 0.0000
Metrics/racket_target/single_cycle_safe_timeout_events: 0.0000
Metrics/racket_target/single_cycle_deadline_timeout_events: 0.0000
Metrics/racket_target/single_cycle_hard_failure_events: 0.0000
Metrics/racket_target/active_ready_consecutive_steps: 0.0000
Metrics/racket_target/active_ready_success_event: 0.0000
Metrics/racket_target/active_ready_success_latch: 0.0000
Metrics/racket_target/active_ready_survival_steps: 0.0000
Metrics/racket_target/active_ready_survival_next_milestone: 0.0000
Metrics/racket_target/active_ready_survival_milestone_event: 0.0000
Metrics/racket_target/no_command_ready_active: 0.0156
Metrics/racket_target/no_command_from_stand_episode: 0.0125
Metrics/racket_target/no_command_from_default_stand_reset: 0.0125
Metrics/racket_target/no_command_ready_upright_ok: 0.0063
Metrics/racket_target/no_command_ready_motion_ok: 0.0000
Metrics/racket_target/no_command_ready_score: 0.0059
Metrics/racket_target/no_command_ready_progress: -0.0004
Metrics/racket_target/no_command_ready_station_error: 0.0060
Metrics/racket_target/no_command_ready_fixed_station_error: 0.0060
Metrics/racket_target/healthy_training_stage: 3.0000
Metrics/racket_target/healthy_stage_planted_rehearsal: 0.0000
Metrics/racket_target/healthy_stage_station_hold_seen: 0.0000
Metrics/racket_target/healthy_stage_station_arrived: 0.0000
Metrics/racket_target/healthy_stage_station_settled: 0.0000
Metrics/racket_target/healthy_stage_station_settle_steps: 0.0000
Metrics/racket_target/station_relocation_active: 0.0000
Metrics/racket_target/station_relocation_target_offset_y: 0.0000
Metrics/racket_target/station_relocation_error: 0.0000
Metrics/racket_target/station_relocation_arrival_event: 0.0000
Metrics/racket_target/station_relocation_settle_event: 0.0000
Metrics/racket_target/station_relocation_release_event: 0.0000
Metrics/racket_target/station_relocation_timeout_event: 0.0000
Metrics/racket_target/station_relocation_elapsed_steps: 0.0000
Metrics/racket_target/station_relocation_hold_deadline_steps: 0.0000
Metrics/racket_target/lifecycle_recovery_hold_active: 0.0000
Metrics/racket_target/lifecycle_recovery_release_success_event: 0.0000
Metrics/racket_target/lifecycle_recovery_release_fail_event: 0.0000
Metrics/racket_target/station_relocation_level: 0.0000
Metrics/racket_target/station_relocation_arrival_ema: 0.0000
Metrics/racket_target/station_relocation_settle_ema: 0.0000
Metrics/racket_target/station_relocation_contact_ema: 0.0000
Metrics/racket_target/station_relocation_safety_ema: 0.0000
Metrics/racket_target/station_relocation_resolved_events: 0.0000
Metrics/racket_target/station_relocation_terminal_reset_events: 0.0000
Metrics/racket_target/station_relocation_advance_streak: 0.0000
Metrics/racket_target/station_relocation_regress_streak: 0.0000
Metrics/racket_target/station_relocation_effective_max_lin_vel: 0.0000
Metrics/racket_target/station_relocation_effective_max_ang_vel: 0.0000
Metrics/racket_target/station_relocation_effective_min_settle_steps: 0.0000
Metrics/racket_target/ability_curriculum_level: 0.0000
Metrics/racket_target/ability_curriculum_scale: 1.0000
Metrics/racket_target/ability_curriculum_resolved_events: 783.3125
Metrics/racket_target/ability_curriculum_total_resolved_events: 4242.6875
Metrics/racket_target/ability_curriculum_advance_streak: 0.0000
Metrics/racket_target/ability_curriculum_regress_streak: 0.0000
Metrics/racket_target/ability_contact_ema: 0.6598
Metrics/racket_target/ability_net_ema: 0.6378
Metrics/racket_target/ability_success_ema: 0.0123
Metrics/racket_target/ability_recovery_ema: 0.8088
Metrics/racket_target/ability_cycle_ema: 0.0123
Metrics/racket_target/ability_cycle_attempt_ema: 0.0123
Metrics/racket_target/ability_cycle_resolved_ema: 0.0123
Metrics/racket_target/ability_forehand_contact_ema: 0.7382
Metrics/racket_target/ability_forehand_net_ema: 0.7295
Metrics/racket_target/ability_forehand_success_ema: 0.0132
Metrics/racket_target/ability_backhand_contact_ema: 0.6233
Metrics/racket_target/ability_backhand_net_ema: 0.5952
Metrics/racket_target/ability_backhand_success_ema: 0.0129
Metrics/racket_target/ability_attempt_ema: 1.0000
Metrics/racket_target/ability_targeted_attempt_ema: 0.9981
Metrics/racket_target/impact_health_floor_progress: 0.0000
Metrics/racket_target/ability_safety_ema: 0.9449
Metrics/racket_target/ability_station_saturation_ema: 0.0000
Metrics/racket_target/ability_healthy_normal_ema: 0.9990
Metrics/racket_target/ability_station_arrival_ema: 0.0000
Metrics/racket_target/ability_station_settle_ema: 0.0000
Metrics/racket_target/safe_outcome_capability_gate: 0.9612
Metrics/racket_target/planner_hit_plane_blend: 1.0000
Metrics/racket_target/planner_hit_plane_x_delta: 0.0377
Metrics/racket_target/true_strike_table_x: 0.2000
Metrics/racket_target/planner_target_table_x: 0.2000
Metrics/racket_target/workspace_level: 0.0000
Metrics/racket_target/workspace_fringe_sample: 0.0000
Metrics/racket_target/workspace_target_lateral_norm: 0.2480
Metrics/racket_target/workspace_target_table_y: -0.1792
Metrics/racket_target/workspace_playable_y_min: -0.7225
Metrics/racket_target/workspace_playable_y_max: 0.7225
Metrics/racket_target/workspace_active_y_lo: -0.2441
Metrics/racket_target/workspace_active_y_hi: -0.1150
Metrics/racket_target/workspace_motion_seed_blend: 0.0000
Metrics/racket_target/planner_perturb_curriculum_scale: 1.0000
Metrics/racket_target/incoming_ball_horizontal_speed: 2.2644
Metrics/racket_target/incoming_ball_speed: 4.6424
Metrics/racket_target/incoming_ball_speed_curriculum_level: 0.0000
Metrics/racket_target/incoming_ball_speed_sample_low: 0.0000
Metrics/racket_target/incoming_ball_speed_sample_high: 0.0000
Metrics/racket_target/station_saturated: 0.0000
Metrics/racket_target/station_raw_clip_excess: 0.0000
Metrics/racket_target/station_saturated_x: 0.0000
Metrics/racket_target/station_saturated_y: 0.0000
Metrics/racket_target/station_raw_clip_excess_x: 0.0000
Metrics/racket_target/station_raw_clip_excess_y: 0.0000
Metrics/racket_target/current_swing_opportunity: 0.2396
Metrics/racket_target/current_swing_attempt: 0.2396
Metrics/racket_target/current_swing_targeted_attempt: 0.2318
Metrics/racket_target/prev_swing_targeted_attempt: 0.9229
Metrics/racket_target/current_swing_unsafe: 0.0766
Metrics/racket_target/current_swing_station_saturated: 0.0000
Metrics/racket_target/impact_health_score: 0.8514
Metrics/racket_target/impact_health_ok: 0.8914
Metrics/racket_target/impact_health_backlean_violation: 0.0132
Metrics/racket_target/impact_health_waist_backfold: 0.0026
Metrics/racket_target/impact_health_base_retreat: 0.0401
Metrics/racket_target/impact_health_torso_gravity_x: 0.3429
Metrics/racket_target/impact_health_torso_ang_vel: 0.7026
Metrics/racket_target/impact_health_com_x: 0.0504
Metrics/racket_target/impact_health_com_y: 0.0372
Metrics/racket_target/post_contact_ready_pending: 0.0000
Metrics/racket_target/post_contact_ready_elapsed_steps: 0.7750
Metrics/racket_target/post_contact_ready_consecutive_steps: 0.0000
Metrics/racket_target/post_contact_ready_diagnostic_pending: 0.0000
Metrics/racket_target/post_contact_ready_diagnostic_elapsed_steps: 4.8391
Metrics/racket_target/post_contact_ready_durable_pending: 0.0000
Metrics/racket_target/post_contact_ready_durable_consecutive_steps: 0.0000
Metrics/racket_target/post_contact_ready_durable_ready_now: 0.0000
Metrics/racket_target/post_contact_ready_durable_success_event: 0.0000
Metrics/racket_target/post_contact_ready_durable_fail_event: 0.0000
Metrics/racket_target/post_contact_ready_durable_resolution_success_rate: 0.2474
Metrics/racket_target/post_contact_ready_durable_resolution_fail_rate: 0.6839
Metrics/racket_target/post_contact_ready_durable_resolution_success_latency_steps: 35.0000
Metrics/racket_target/post_contact_ready_durable_resolution_fail_latency_steps: 33.3893
Metrics/racket_target/post_contact_ready_durable_fail_backlean_rate: 0.0571
Metrics/racket_target/post_contact_ready_durable_fail_forward_lean_rate: 0.8528
Metrics/racket_target/post_contact_ready_durable_fail_torso_ang_vel_rate: 0.0574
Metrics/racket_target/post_contact_ready_durable_fail_base_lin_vel_rate: 0.0579
Metrics/racket_target/post_contact_ready_durable_fail_base_ang_vel_rate: 0.4195
Metrics/racket_target/post_contact_ready_durable_fail_racket_speed_rate: 0.0571
Metrics/racket_target/post_contact_ready_durable_fail_height_rate: 0.0571
Metrics/racket_target/post_contact_ready_durable_fail_com_x_rate: 0.0604
Metrics/racket_target/post_contact_ready_durable_fail_com_y_rate: 0.0571
Metrics/racket_target/post_contact_ready_durable_fail_feet_rate: 0.0571
Metrics/racket_target/post_contact_ready_durable_fail_station_rate: 0.0574
Metrics/racket_target/post_contact_ready_durable_fail_arm_rate: 0.0571
Metrics/racket_target/post_contact_ready_terminal_window_active: 0.0000
Metrics/racket_target/post_contact_ready_terminal_quality: 0.0626
Metrics/racket_target/post_contact_ready_terminal_settlement_event: 0.0000
Metrics/racket_target/post_contact_ready_operational_ready_now: 0.0000
Metrics/racket_target/post_contact_ready_operational_consecutive_steps: 0.0000
Metrics/racket_target/post_contact_ready_safe_settlement_event: 0.0000
Metrics/racket_target/post_contact_ready_unsafe_settlement_event: 0.0000
Metrics/racket_target/post_contact_ready_incomplete_settlement_event: 0.0000
Metrics/racket_target/post_contact_ready_safe_net_cycle_event: 0.0000
Metrics/racket_target/post_contact_ready_terminal_quality_mean: 0.9243
Metrics/racket_target/post_contact_ready_safe_terminal_quality_mean: 0.9344
Metrics/racket_target/post_contact_ready_terminal_safe_rate: 0.7006
Metrics/racket_target/post_contact_ready_terminal_unsafe_rate: 0.0306
Metrics/racket_target/post_contact_ready_terminal_incomplete_rate: 0.2688
Metrics/racket_target/post_contact_ready_safe_net_cycle_rate: 0.6804
Metrics/racket_target/post_contact_ready_score: 0.6382
Metrics/racket_target/post_contact_ready_now: 0.0000
Metrics/racket_target/post_contact_ready_success_event: 0.0000
Metrics/racket_target/post_contact_ready_fail_event: 0.0000
Metrics/racket_target/post_contact_ready_outcome_tier: -0.7391
Metrics/racket_target/post_contact_ready_face_quality: 0.0647
Metrics/racket_target/post_contact_ready_safe_face_net_cycle_value: 0.0000
Metrics/racket_target/post_contact_ready_planner_speed_ratio: 0.0559
Metrics/racket_target/post_contact_ready_planner_direction_error_rad: 0.0210
Metrics/racket_target/post_contact_ready_planner_position_error: 0.0052
Metrics/racket_target/post_contact_ready_impact_health_score: 0.0699
Metrics/racket_target/post_contact_ready_peak_base_ang_vel: 0.1146
Metrics/racket_target/post_contact_ready_peak_ang_vel_excess_increment: 0.0000
Metrics/racket_target/post_contact_ready_envelope_violation_latch: 0.0000
Metrics/racket_target/post_contact_ready_envelope_violation_event: 0.0000
Metrics/racket_target/post_contact_ready_envelope_first_violation_step: -1.0000
Metrics/racket_target/post_contact_ready_envelope_attempts: 4306.9375
Metrics/racket_target/post_contact_ready_envelope_violation_rate: 0.0304
Metrics/racket_target/post_contact_ready_envelope_tilt_violation_rate: 0.0000
Metrics/racket_target/post_contact_ready_envelope_pitch_violation_rate: 0.0000
Metrics/racket_target/post_contact_ready_envelope_com_violation_rate: 0.0002
Metrics/racket_target/post_contact_ready_envelope_waist_violation_rate: 0.0000
Metrics/racket_target/post_contact_ready_envelope_leg_violation_rate: 0.0000
Metrics/racket_target/post_contact_ready_envelope_base_ang_vel_violation_rate: 0.0301
Metrics/racket_target/post_contact_ready_resolution_success_rate: 0.9794
Metrics/racket_target/post_contact_ready_resolution_fail_rate: 0.0111
Metrics/racket_target/post_contact_ready_resolution_success_latency_steps: 4.9246
Metrics/racket_target/post_contact_ready_resolution_fail_latency_steps: 11.9167
Metrics/racket_target/post_contact_ready_max_tilt: 0.0156
Metrics/racket_target/post_contact_ready_max_abs_pitch: 0.0156
Metrics/racket_target/post_contact_ready_max_com_x: 0.0031
Metrics/racket_target/post_contact_ready_max_com_y: 0.0030
Metrics/racket_target/post_contact_ready_max_waist_overflow: 0.0000
Metrics/racket_target/post_contact_ready_max_leg_overflow: 0.0015
Metrics/racket_target/post_contact_ready_settlement_velocity_score_ema: 0.6281
Metrics/racket_target/post_contact_ready_settlement_position_gate_ema: 0.7676
Metrics/racket_target/post_contact_ready_settlement_health_gate_ema: 0.9801
Metrics/racket_target/post_contact_ready_settlement_recovery_gate_ema: 0.4591
Metrics/racket_target/post_contact_ready_settlement_total_score_ema: 0.2157
Metrics/racket_target/post_contact_recovery_backlean_error: 0.0731
Metrics/racket_target/post_contact_recovery_directional_progress: 0.0000
Metrics/racket_target/post_contact_ready_torso_ok: 0.0156
Metrics/racket_target/post_contact_ready_motion_ok: 0.5180
Metrics/racket_target/post_contact_ready_support_ok: 0.8914
Metrics/racket_target/post_contact_ready_arm_ok: 1.0000
Metrics/racket_target/post_contact_ready_base_lin_vel_ok: 0.8883
Metrics/racket_target/post_contact_ready_base_ang_vel_ok: 0.7221
Metrics/racket_target/post_contact_ready_racket_speed_ok: 0.7393
Metrics/racket_target/post_contact_ready_height_ok: 0.9391
Metrics/racket_target/post_contact_ready_com_x_ok: 0.9070
Metrics/racket_target/post_contact_ready_com_y_ok: 0.9544
Metrics/racket_target/post_contact_ready_feet_ok: 0.9961
Metrics/racket_target/post_contact_ready_station_ok: 0.8953
Metrics/racket_target/post_contact_ready_fail_torso: 0.0000
Metrics/racket_target/post_contact_ready_fail_base_lin_vel: 0.0000
Metrics/racket_target/post_contact_ready_fail_base_ang_vel: 0.0000
Metrics/racket_target/post_contact_ready_fail_racket_speed: 0.0000
Metrics/racket_target/post_contact_ready_fail_support: 0.0000
Metrics/racket_target/post_contact_ready_fail_arm: 0.0000
Metrics/racket_target/post_contact_ready_shadow_now: 0.0000
Metrics/racket_target/post_contact_ready_shadow_consecutive_steps: 0.0000
Metrics/racket_target/post_contact_ready_shadow_success_latch: 0.0000
Metrics/racket_target/post_contact_ready_curriculum_level: 0.0000
Metrics/racket_target/post_contact_ready_curriculum_fraction: 1.0000
Metrics/racket_target/post_contact_ready_curriculum_success_ema: 0.0000
Metrics/racket_target/post_contact_ready_curriculum_shadow_success_ema: 0.0000
Metrics/racket_target/post_contact_ready_curriculum_resolved_events: 0.0000
Metrics/racket_target/post_contact_ready_curriculum_successful_events: 0.0000
Metrics/racket_target/post_contact_ready_curriculum_targeted_attempt_ema: 0.0000
Metrics/racket_target/post_contact_ready_curriculum_return_success_ema: 0.0000
Metrics/racket_target/post_contact_ready_curriculum_completed_swings: 0.0000
Metrics/racket_target/post_contact_ready_curriculum_advance_streak: 0.0000
Metrics/racket_target/post_contact_ready_curriculum_advance_guard_ok: 0.0000
Metrics/racket_target/post_contact_ready_effective_max_torso_ang_vel: 1.5000
Metrics/racket_target/post_contact_ready_effective_torso_x_min: -0.1200
Metrics/racket_target/post_contact_ready_effective_torso_x_max: 0.3200
Metrics/racket_target/post_contact_ready_effective_max_base_lin_vel: 0.4500
Metrics/racket_target/post_contact_ready_effective_max_base_ang_vel: 1.3000
Metrics/racket_target/post_contact_ready_effective_max_racket_speed: 3.0000
Metrics/racket_target/post_contact_ready_effective_min_feet_contact: 0.5000
Metrics/racket_target/post_contact_ready_effective_required_consecutive_steps: 3.0000
Metrics/racket_target/post_contact_ready_effective_deadline_steps: 40.0000
Metrics/racket_target/post_contact_ready_curriculum_advance_threshold: 1.0000
Metrics/racket_target/post_contact_ready_curriculum_advance_min_events: 0.0000
Metrics/racket_target/post_contact_ready_curriculum_shadow_threshold: 1.0000
Metrics/racket_target/post_contact_ready_curriculum_min_targeted_attempt_ema: 0.0000
Metrics/racket_target/post_contact_ready_curriculum_min_return_success_ema: 0.0000
Metrics/racket_target/post_contact_ready_curriculum_min_completed_swings: 1.0000
Metrics/racket_target/post_contact_ready_curriculum_required_advance_checks: 1.0000
Metrics/racket_target/racket_normal_error_deg: 62.5181
Metrics/racket_target/impact_normal_error_deg: 2.3649
Metrics/racket_target/impact_racket_vel_error_mps: 0.6046
Metrics/racket_target/impact_racket_speed_ratio: 0.8603
Metrics/racket_target/impact_racket_vel_angle_deg: 14.4958
Metrics/racket_target/impact_racket_actual_vel_x: 0.8347
Metrics/racket_target/impact_racket_actual_vel_y: 0.0085
Metrics/racket_target/impact_racket_actual_vel_z: 1.3406
Metrics/racket_target/impact_racket_target_vel_x: 1.2246
Metrics/racket_target/impact_racket_target_vel_y: -0.0318
Metrics/racket_target/impact_racket_target_vel_z: 1.3279
Metrics/racket_target/impact_ball_out_error_mps: 4.4186
Metrics/racket_target/impact_face_radial_error_m: 0.0617
Metrics/racket_target/impact_face_normal_gap_m: 0.0476
Metrics/racket_target/impact_face_quality: 0.6051
Metrics/racket_target/impact_center_contact: 0.0000
Metrics/racket_target/impact_center_net_cross: 0.0000
Metrics/racket_target/impact_center_on_opponent: 0.0000
Metrics/racket_target/impact_rim_contact: 0.0000
Metrics/racket_target/impact_rim_net_cross: 0.0000
Metrics/racket_target/impact_rim_on_opponent: 0.0000
Metrics/racket_target/impact_analytic_outer_contact: 0.0000
Metrics/racket_target/impact_analytic_outer_net_cross: 0.0000
Metrics/racket_target/impact_analytic_outer_on_opponent: 0.0000
Metrics/racket_target/impact_planner_pos_error_m: 0.0852
Metrics/racket_target/impact_planner_vel_error_mps: 0.6046
Metrics/racket_target/impact_planner_speed_ratio: 0.8603
Metrics/racket_target/impact_planner_vel_angle_deg: 14.4958
Metrics/racket_target/impact_healthy_normal_ok: 0.0000
Metrics/racket_target/impact_healthy_contact: 0.0000
Metrics/racket_target/impact_healthy_net_cross: 0.0000
Metrics/racket_target/impact_healthy_on_opponent: 0.0000
Metrics/racket_target/current_swing_impact_health_score: 0.0699
Metrics/racket_target/current_swing_healthy_contact: 0.1273
Metrics/racket_target/current_swing_healthy_net_cross: 0.1273
Metrics/racket_target/current_swing_healthy_on_opponent: 0.0063
Metrics/racket_target/current_swing_healthy_normal_ok: 0.2318
Metrics/racket_target/current_swing_contact: 0.1273
Metrics/racket_target/current_swing_net_cross: 0.1273
Metrics/racket_target/current_swing_on_opponent: 0.0063
Metrics/racket_target/current_swing_center_contact: 0.1094
Metrics/racket_target/current_swing_center_net_cross: 0.1094
Metrics/racket_target/current_swing_center_on_opponent: 0.0063
Metrics/racket_target/current_swing_rim_contact: 0.0102
Metrics/racket_target/current_swing_rim_net_cross: 0.0102
Metrics/racket_target/current_swing_rim_on_opponent: 0.0000
Metrics/racket_target/current_swing_analytic_outer_contact: 0.0078
Metrics/racket_target/current_swing_analytic_outer_net_cross: 0.0078
Metrics/racket_target/current_swing_analytic_outer_on_opponent: 0.0000
Metrics/racket_target/cycle_v2_outcome_tier: -1.0000
Metrics/racket_target/cycle_v2_streak: 0.0000
Metrics/racket_target/closed_loop_recovery_trigger_event: 0.0000
Metrics/racket_target/closed_loop_cycle_success_event: 0.0000
Metrics/racket_target/closed_loop_durable_cycle_success_event: 0.0000
Metrics/racket_target/closed_loop_phase_id: 1.2161
Metrics/racket_target/closed_loop_phase_ready_no_command: 0.0156
Metrics/racket_target/closed_loop_phase_command_acquire: 0.7682
Metrics/racket_target/closed_loop_phase_pre_strike: 0.2083
Metrics/racket_target/closed_loop_phase_strike: 0.0000
Metrics/racket_target/closed_loop_phase_follow_through: 0.0078
Metrics/racket_target/closed_loop_phase_recovery: 0.0000
Metrics/racket_target/closed_loop_phase_next_ready: 0.0000
Metrics/racket_target/post_contact_phase_impact_0_100ms_attempts: 4306.9375
Metrics/racket_target/post_contact_phase_impact_0_100ms_tilt_gt_0p1_rate: 1.0000
Metrics/racket_target/post_contact_phase_impact_0_100ms_pitch_gt_0p1_rate: 1.0000
Metrics/racket_target/post_contact_phase_impact_0_100ms_waist_overflow_gt_1p0_rate: 0.0000
Metrics/racket_target/post_contact_phase_impact_0_100ms_base_ang_vel_gt_0p8_rate: 0.9877
Metrics/racket_target/post_contact_phase_brake_100_300ms_attempts: 4230.5625
Metrics/racket_target/post_contact_phase_brake_100_300ms_tilt_gt_0p1_rate: 0.9976
Metrics/racket_target/post_contact_phase_brake_100_300ms_pitch_gt_0p1_rate: 0.9960
Metrics/racket_target/post_contact_phase_brake_100_300ms_waist_overflow_gt_1p0_rate: 0.0000
Metrics/racket_target/post_contact_phase_brake_100_300ms_base_ang_vel_gt_0p8_rate: 0.9952
Metrics/racket_target/post_contact_phase_settle_300_600ms_attempts: 4069.4062
Metrics/racket_target/post_contact_phase_settle_300_600ms_tilt_gt_0p1_rate: 0.8325
Metrics/racket_target/post_contact_phase_settle_300_600ms_pitch_gt_0p1_rate: 0.7831
Metrics/racket_target/post_contact_phase_settle_300_600ms_waist_overflow_gt_1p0_rate: 0.0000
Metrics/racket_target/post_contact_phase_settle_300_600ms_base_ang_vel_gt_0p8_rate: 0.9901
Metrics/racket_target/post_contact_phase_ready_after_600ms_attempts: 3816.4688
Metrics/racket_target/post_contact_phase_ready_after_600ms_tilt_gt_0p1_rate: 0.5598
Metrics/racket_target/post_contact_phase_ready_after_600ms_pitch_gt_0p1_rate: 0.4596
Metrics/racket_target/post_contact_phase_ready_after_600ms_waist_overflow_gt_1p0_rate: 0.0000
Metrics/racket_target/post_contact_phase_ready_after_600ms_base_ang_vel_gt_0p8_rate: 0.9418
Metrics/racket_target/base_pitch_like_signed: -0.0209
Metrics/racket_target/base_backward_velocity: 0.0776
Metrics/racket_target/waist_action_rms: 0.5275
Metrics/racket_target/right_arm_action_rms: 3.5492
Metrics/racket_target/leg_action_rms: 0.4604
Metrics/racket_target/action_abs_max: 6.9845
Metrics/racket_target/applied_action_abs_max: 6.8993
Metrics/racket_target/leg_action_abs_max: 0.8956
Metrics/racket_target/effective_action_abs_max: 6.8993
Metrics/racket_target/action_clamp_fraction: 0.0033
Metrics/racket_target/waist_action_clamp_fraction: 0.0000
Metrics/racket_target/right_arm_action_clamp_fraction: 0.0031
Metrics/racket_target/leg_action_clamp_fraction: 0.0068
Metrics/racket_target/waist_q_tracking_error_rms: 0.3295
Metrics/racket_target/right_arm_q_tracking_error_rms: 0.2256
Metrics/racket_target/leg_q_tracking_error_rms: 0.1821
Metrics/racket_target/waist_torque_clip_fraction: 0.0000
Metrics/racket_target/right_arm_torque_clip_fraction: 0.0000
Metrics/racket_target/leg_torque_clip_fraction: 0.0000
Metrics/racket_target/waist_action_delta_rms: 0.1761
Metrics/racket_target/right_arm_action_delta_rms: 1.0061
Metrics/racket_target/leg_action_delta_rms: 0.2797
Metrics/racket_target/waist_joint_vel_rms: 1.2207
Metrics/racket_target/right_arm_joint_vel_rms: 2.1274
Metrics/racket_target/leg_joint_vel_rms: 0.7725
Metrics/racket_target/recovery_leg_action_abs_max: 0.7529
Metrics/racket_target/recovery_leg_action_delta_rms: 0.2394
Metrics/racket_target/recovery_leg_joint_vel_rms: 0.6696
      Episode_Termination/time_out: 3.3438
  Episode_Termination/base_too_low: 0.0312
   Episode_Termination/base_tilted: 0.3125
   Episode_Termination/table_touch: 0.1875
Episode_Termination/persistent_action_overflow: 0.0000
--------------------------------------------------------------------------------
                   Total timesteps: 1048576
                    Iteration time: 2.54s
                      Time elapsed: 00:00:40
                               ETA: 00:00:12

################################################################################
                     [1m Learning iteration 1816/1820 [0m                     

                       Computation: 25854 steps/s (collection: 2.519s, learning 0.016s)
             Mean action noise std: 0.45
          Mean value_function loss: 0.1046
               Mean surrogate loss: 0.0000
                 Mean entropy loss: 2.8121
      Mean critic_only_warmup loss: 1.0000
                       Mean reward: 13.84
               Mean episode length: 459.73
 Episode_Reward/undesired_contacts: 0.0000
  Episode_Reward/feet_contact_slip: -0.0023
     Episode_Reward/table_no_touch: -0.0008
              Episode_Reward/alive: 0.0092
            Episode_Reward/upright: -0.0072
          Episode_Reward/imitation: 0.3766
    Episode_Reward/racket_position: 0.0698
Episode_Reward/backhand_racket_position: 0.0314
    Episode_Reward/racket_velocity: 0.0452
Episode_Reward/planner_racket_task_space_crossfade: 0.2863
Episode_Reward/exact_impact_planner_task_space_alignment: 0.0067
    Episode_Reward/blade_direction: 0.0418
Episode_Reward/health_gated_soft_ball_contact: 0.0452
Episode_Reward/health_gated_backhand_soft_ball_contact: 0.0292
Episode_Reward/health_gated_ball_contact: 0.0082
Episode_Reward/healthy_trunk_support: 0.0694
Episode_Reward/targeted_strike_attempt: 0.0104
  Episode_Reward/strike_inactivity: -0.0001
 Episode_Reward/pre_strike_station: 0.0689
    Episode_Reward/recovery_health: 0.0582
Episode_Reward/no_command_ready_stability: 0.0015
Episode_Reward/post_strike_base_ang_vel: 0.0109
Episode_Reward/phase_action_overflow: -0.0001
     Episode_Reward/strike_balance: 0.0264
Episode_Reward/prestrike_station_progress: 0.0177
 Episode_Reward/lower_body_support: 0.0396
Episode_Reward/termination_penalty: -0.0154
Episode_Reward/phase_action_rate_waist: -0.0003
Episode_Reward/phase_action_rate_upper: -0.0066
Episode_Reward/phase_action_rate_legs: -0.0003
        Episode_Reward/joint_limit: -0.0367
Episode_Reward/prestrike_racket_progress: 0.1969
Episode_Reward/near_impact_planner_velocity_progress: 0.0414
Episode_Reward/operational_joint_margin: -0.0051
  Episode_Reward/joint_target_slew: -0.0323
Episode_Reward/actuator_waist_feasibility: -0.0000
Episode_Reward/actuator_right_arm_feasibility: -0.0000
Episode_Reward/actuator_leg_feasibility: -0.0000
Episode_Reward/terminal_quality_window: 0.0013
Episode_Reward/safe_terminal_quality: 0.0022
Episode_Reward/unsafe_terminal_recovery: -0.0000
Episode_Reward/capability_gated_safe_terminal_outcome: 0.0174
Episode_Reward/targeted_contact_miss: -0.0027
    Metrics/motion/error_joint_pos: 2.1268
    Metrics/motion/error_joint_vel: 6.4531
     Metrics/motion/error_body_pos: 0.1439
     Metrics/motion/error_body_rot: 0.8107
       Metrics/motion/motion_phase: 0.1351
            Metrics/motion/in_hold: 0.3988
Metrics/motion/motion_start_warmup_prob: 0.8000
Metrics/motion/motion_start_lifecycle_progress: 0.0000
Metrics/motion/motion_start_effective_prestrike_fraction: 1.0000
Metrics/motion/motion_start_effective_recovery_fraction: 0.0000
Metrics/motion/motion_start_effective_rsi_fraction: 0.0000
 Metrics/motion/motion_start_reset: 0.0159
Metrics/motion/motion_start_prestrike_reset: 0.0000
Metrics/motion/motion_start_recovery_reset: 0.0000
Metrics/motion/motion_start_rsi_reset: 0.0000
 Metrics/motion/single_cycle_reset: 0.0000
     Metrics/motion/motion_clip_id: 0.5016
Metrics/motion/motion_supplemental_clip: 0.0000
      Metrics/motion/stand_episode: 0.0245
Metrics/motion/default_stand_reset: 0.0688
Metrics/motion/error_body_pos_lower: 0.1736
Metrics/motion/error_body_rot_lower: 1.0172
Metrics/motion/error_body_lin_vel_lower: 0.1827
Metrics/motion/error_body_ang_vel_lower: 0.8823
Metrics/motion/reference_body_lin_speed_lower: 0.0220
Metrics/motion/robot_body_lin_speed_lower: 0.1742
Metrics/motion/error_body_pos_core: 0.0622
Metrics/motion/error_body_rot_core: 0.5444
Metrics/motion/error_body_lin_vel_core: 0.3008
Metrics/motion/error_body_ang_vel_core: 1.2064
Metrics/motion/reference_body_lin_speed_core: 0.0119
Metrics/motion/robot_body_lin_speed_core: 0.3013
Metrics/motion/error_body_pos_upper: 0.1415
Metrics/motion/error_body_rot_upper: 0.6929
Metrics/motion/error_body_lin_vel_upper: 0.9078
Metrics/motion/error_body_ang_vel_upper: 3.0405
Metrics/motion/reference_body_lin_speed_upper: 0.0219
Metrics/motion/robot_body_lin_speed_upper: 0.9073
Metrics/motion/error_joint_pos_waist: 0.7984
Metrics/motion/error_joint_vel_waist: 1.5155
Metrics/motion/reference_joint_speed_waist: 0.0317
Metrics/motion/error_joint_pos_arms: 1.8176
Metrics/motion/error_joint_vel_arms: 5.5734
Metrics/motion/reference_joint_speed_arms: 0.0634
Metrics/motion/error_joint_pos_legs: 0.7026
Metrics/motion/error_joint_vel_legs: 2.5773
Metrics/motion/reference_joint_speed_legs: 0.0058
Metrics/racket_target/racket_pos_error: 0.1321
Metrics/racket_target/racket_vel_error: 1.3369
Metrics/racket_target/time_to_strike: 0.7753
Metrics/racket_target/return_success: 0.0000
Metrics/racket_target/prev_return_success: 0.0000
Metrics/racket_target/prev_net_cross: 0.6038
Metrics/racket_target/current_net_cross: 0.0227
Metrics/racket_target/racket_pos_curriculum_scale: 1.0000
Metrics/racket_target/impact_inverse_command_blend: 0.0000
Metrics/racket_target/steps_since_target_resample: 42.3168
Metrics/racket_target/recovery_height_error: 0.0439
Metrics/racket_target/recovery_upright_error: 0.1372
Metrics/racket_target/recovery_base_lin_vel: 0.2556
Metrics/racket_target/recovery_base_ang_vel: 0.9848
Metrics/racket_target/recovery_station_error: 0.0952
Metrics/racket_target/recovery_feet_contact_frac: 0.9896
Metrics/racket_target/recovery_racket_speed: 2.1452
Metrics/racket_target/recovery_height_score: 0.8480
Metrics/racket_target/recovery_upright_score: 0.7983
Metrics/racket_target/recovery_lin_vel_score: 0.5864
Metrics/racket_target/recovery_ang_vel_score: 0.3005
Metrics/racket_target/recovery_station_score: 0.8403
Metrics/racket_target/recovery_racket_score: 0.0631
Metrics/racket_target/recovery_arm_score: 0.5356
Metrics/racket_target/recovery_ready_score: 0.6633
Metrics/racket_target/recovery_anchor_arm_score: 1.0000
Metrics/racket_target/recovery_core_ready_score: 0.5331
Metrics/racket_target/recovery_functional_ready_score: 0.4528
Metrics/racket_target/waist_action_overflow_rms: 0.0000
Metrics/racket_target/right_arm_action_overflow_rms: 0.0000
Metrics/racket_target/leg_action_overflow_rms: 0.0065
Metrics/racket_target/operational_margin_fraction: 0.0055
Metrics/racket_target/waist_operational_margin_fraction: 0.0000
Metrics/racket_target/right_arm_operational_margin_fraction: 0.0020
Metrics/racket_target/leg_operational_margin_fraction: 0.0130
Metrics/racket_target/waist_operational_excess_rms: 0.0000
Metrics/racket_target/right_arm_operational_excess_rms: 0.0001
Metrics/racket_target/leg_operational_excess_rms: 0.0045
Metrics/racket_target/q_des_velocity_violation_fraction: 0.0920
Metrics/racket_target/waist_q_des_velocity_violation_fraction: 0.0267
Metrics/racket_target/right_arm_q_des_velocity_violation_fraction: 0.1130
Metrics/racket_target/leg_q_des_velocity_violation_fraction: 0.1272
Metrics/racket_target/q_des_acceleration_violation_fraction: 0.7130
Metrics/racket_target/waist_q_des_acceleration_violation_fraction: 0.5862
Metrics/racket_target/right_arm_q_des_acceleration_violation_fraction: 0.8199
Metrics/racket_target/leg_q_des_acceleration_violation_fraction: 0.7755
Metrics/racket_target/waist_q_des_velocity_rms: 3.7019
Metrics/racket_target/right_arm_q_des_velocity_rms: 8.2969
Metrics/racket_target/leg_q_des_velocity_rms: 7.6851
Metrics/racket_target/waist_q_des_acceleration_rms: 299.8458
Metrics/racket_target/right_arm_q_des_acceleration_rms: 692.1711
Metrics/racket_target/leg_q_des_acceleration_rms: 649.0804
Metrics/racket_target/action_operational_feasibility_score: 0.9490
Metrics/racket_target/actuator_overflow_consecutive_steps: 0.0000
Metrics/racket_target/actuator_overflow_severe: 0.0000
Metrics/racket_target/recovery_phase_gate: 0.7201
Metrics/racket_target/recovery_phase_ready_score: 0.4803
Metrics/racket_target/recovery_contact_ready_score: 0.0140
Metrics/racket_target/recovery_net_ready_score: 0.0093
Metrics/racket_target/recovery_return_ready_score: 0.0000
Metrics/racket_target/cycle_success_ready_score: 0.0000
Metrics/racket_target/cycle_success_soft: 0.0000
Metrics/racket_target/cycle_success_binary: 0.0000
Metrics/racket_target/cycle_v2_pending: 0.0000
Metrics/racket_target/cycle_v2_attempt_latch: 0.0000
Metrics/racket_target/cycle_v2_ready_success_latch: 0.0000
Metrics/racket_target/cycle_v2_ready_fail_latch: 0.0000
Metrics/racket_target/cycle_v2_attempt_event: 0.0000
Metrics/racket_target/cycle_v2_ready_success_event: 0.0000
Metrics/racket_target/cycle_v2_ready_fail_event: 0.0000
Metrics/racket_target/cycle_v2_unresolved_resample_fail_event: 0.0000
Metrics/racket_target/cycle_v2_resolved_event: 0.0000
Metrics/racket_target/cycle_v2_command_visible_steps: 0.0000
Metrics/racket_target/cycle_v2_elapsed_steps: 0.0000
Metrics/racket_target/cycle_v2_ready_score: 0.0000
Metrics/racket_target/cycle_v2_ready_ok: 0.0000
Metrics/racket_target/cycle_v2_visible: 0.0000
Metrics/racket_target/cycle_v2_ready_score_ok: 0.0000
Metrics/racket_target/cycle_v2_height_ok: 0.0000
Metrics/racket_target/cycle_v2_upright_ok: 0.0000
Metrics/racket_target/cycle_v2_base_lin_vel_ok: 0.0000
Metrics/racket_target/cycle_v2_base_ang_vel_ok: 0.0000
Metrics/racket_target/cycle_v2_feet_ok: 0.0000
Metrics/racket_target/cycle_v2_core_ready_ok: 0.0000
Metrics/racket_target/cycle_v2_ready_consecutive_steps: 0.0000
Metrics/racket_target/single_cycle_bootstrap: 0.0000
Metrics/racket_target/single_cycle_swing_completed: 0.0000
Metrics/racket_target/single_cycle_recovery_active: 0.0000
Metrics/racket_target/single_cycle_recovery_elapsed_steps: 0.0000
Metrics/racket_target/single_cycle_ready_consecutive_steps: 0.0000
Metrics/racket_target/single_cycle_safe_timeout_event: 0.0000
Metrics/racket_target/single_cycle_deadline_timeout_event: 0.0000
Metrics/racket_target/single_cycle_timeout_latch: 0.0000
Metrics/racket_target/single_cycle_hard_failure_event: 0.0000
Metrics/racket_target/single_cycle_probability: 0.0000
Metrics/racket_target/single_cycle_curriculum_level: 0.0000
Metrics/racket_target/single_cycle_effective_deadline_steps: 100.0000
Metrics/racket_target/single_cycle_selected_events: 0.0000
Metrics/racket_target/single_cycle_completed_events: 0.0000
Metrics/racket_target/single_cycle_safe_timeout_events: 0.0000
Metrics/racket_target/single_cycle_deadline_timeout_events: 0.0000
Metrics/racket_target/single_cycle_hard_failure_events: 0.0000
Metrics/racket_target/active_ready_consecutive_steps: 0.0156
Metrics/racket_target/active_ready_success_event: 0.0000
Metrics/racket_target/active_ready_success_latch: 0.0000
Metrics/racket_target/active_ready_survival_steps: 0.0000
Metrics/racket_target/active_ready_survival_next_milestone: 0.0000
Metrics/racket_target/active_ready_survival_milestone_event: 0.0000
Metrics/racket_target/no_command_ready_active: 0.0362
Metrics/racket_target/no_command_from_stand_episode: 0.0245
Metrics/racket_target/no_command_from_default_stand_reset: 0.0245
Metrics/racket_target/no_command_ready_upright_ok: 0.0299
Metrics/racket_target/no_command_ready_motion_ok: 0.0078
Metrics/racket_target/no_command_ready_score: 0.0197
Metrics/racket_target/no_command_ready_progress: 0.0012
Metrics/racket_target/no_command_ready_station_error: 0.0046
Metrics/racket_target/no_command_ready_fixed_station_error: 0.0046
Metrics/racket_target/healthy_training_stage: 3.0000
Metrics/racket_target/healthy_stage_planted_rehearsal: 0.0000
Metrics/racket_target/healthy_stage_station_hold_seen: 0.0000
Metrics/racket_target/healthy_stage_station_arrived: 0.0000
Metrics/racket_target/healthy_stage_station_settled: 0.0000
Metrics/racket_target/healthy_stage_station_settle_steps: 0.0000
Metrics/racket_target/station_relocation_active: 0.0000
Metrics/racket_target/station_relocation_target_offset_y: 0.0000
Metrics/racket_target/station_relocation_error: 0.0000
Metrics/racket_target/station_relocation_arrival_event: 0.0000
Metrics/racket_target/station_relocation_settle_event: 0.0000
Metrics/racket_target/station_relocation_release_event: 0.0000
Metrics/racket_target/station_relocation_timeout_event: 0.0000
Metrics/racket_target/station_relocation_elapsed_steps: 0.0000
Metrics/racket_target/station_relocation_hold_deadline_steps: 0.0000
Metrics/racket_target/lifecycle_recovery_hold_active: 0.0000
Metrics/racket_target/lifecycle_recovery_release_success_event: 0.0000
Metrics/racket_target/lifecycle_recovery_release_fail_event: 0.0000
Metrics/racket_target/station_relocation_level: 0.0000
Metrics/racket_target/station_relocation_arrival_ema: 0.0000
Metrics/racket_target/station_relocation_settle_ema: 0.0000
Metrics/racket_target/station_relocation_contact_ema: 0.0000
Metrics/racket_target/station_relocation_safety_ema: 0.0000
Metrics/racket_target/station_relocation_resolved_events: 0.0000
Metrics/racket_target/station_relocation_terminal_reset_events: 0.0000
Metrics/racket_target/station_relocation_advance_streak: 0.0000
Metrics/racket_target/station_relocation_regress_streak: 0.0000
Metrics/racket_target/station_relocation_effective_max_lin_vel: 0.0000
Metrics/racket_target/station_relocation_effective_max_ang_vel: 0.0000
Metrics/racket_target/station_relocation_effective_min_settle_steps: 0.0000
Metrics/racket_target/ability_curriculum_level: 0.0000
Metrics/racket_target/ability_curriculum_scale: 1.0000
Metrics/racket_target/ability_curriculum_resolved_events: 498.9375
Metrics/racket_target/ability_curriculum_total_resolved_events: 4598.9375
Metrics/racket_target/ability_curriculum_advance_streak: 0.0000
Metrics/racket_target/ability_curriculum_regress_streak: 0.0000
Metrics/racket_target/ability_contact_ema: 0.6780
Metrics/racket_target/ability_net_ema: 0.6564
Metrics/racket_target/ability_success_ema: 0.0273
Metrics/racket_target/ability_recovery_ema: 0.8075
Metrics/racket_target/ability_cycle_ema: 0.0273
Metrics/racket_target/ability_cycle_attempt_ema: 0.0273
Metrics/racket_target/ability_cycle_resolved_ema: 0.0273
Metrics/racket_target/ability_forehand_contact_ema: 0.7479
Metrics/racket_target/ability_forehand_net_ema: 0.7291
Metrics/racket_target/ability_forehand_success_ema: 0.0296
Metrics/racket_target/ability_backhand_contact_ema: 0.6448
Metrics/racket_target/ability_backhand_net_ema: 0.6160
Metrics/racket_target/ability_backhand_success_ema: 0.0285
Metrics/racket_target/ability_attempt_ema: 1.0000
Metrics/racket_target/ability_targeted_attempt_ema: 0.9916
Metrics/racket_target/impact_health_floor_progress: 0.0000
Metrics/racket_target/ability_safety_ema: 0.9446
Metrics/racket_target/ability_station_saturation_ema: 0.0000
Metrics/racket_target/ability_healthy_normal_ema: 0.9999
Metrics/racket_target/ability_station_arrival_ema: 0.0000
Metrics/racket_target/ability_station_settle_ema: 0.0000
Metrics/racket_target/safe_outcome_capability_gate: 0.9954
Metrics/racket_target/planner_hit_plane_blend: 1.0000
Metrics/racket_target/planner_hit_plane_x_delta: 0.0357
Metrics/racket_target/true_strike_table_x: 0.2000
Metrics/racket_target/planner_target_table_x: 0.2000
Metrics/racket_target/workspace_level: 0.0000
Metrics/racket_target/workspace_fringe_sample: 0.0000
Metrics/racket_target/workspace_target_lateral_norm: 0.3557
Metrics/racket_target/workspace_target_table_y: -0.2570
Metrics/racket_target/workspace_playable_y_min: -0.7225
Metrics/racket_target/workspace_playable_y_max: 0.7225
Metrics/racket_target/workspace_active_y_lo: -0.3243
Metrics/racket_target/workspace_active_y_hi: -0.1894
Metrics/racket_target/workspace_motion_seed_blend: 0.0000
Metrics/racket_target/planner_perturb_curriculum_scale: 1.0000
Metrics/racket_target/incoming_ball_horizontal_speed: 2.2914
Metrics/racket_target/incoming_ball_speed: 4.5842
Metrics/racket_target/incoming_ball_speed_curriculum_level: 0.0000
Metrics/racket_target/incoming_ball_speed_sample_low: 0.0000
Metrics/racket_target/incoming_ball_speed_sample_high: 0.0000
Metrics/racket_target/station_saturated: 0.0000
Metrics/racket_target/station_raw_clip_excess: 0.0000
Metrics/racket_target/station_saturated_x: 0.0000
Metrics/racket_target/station_saturated_y: 0.0000
Metrics/racket_target/station_raw_clip_excess_x: 0.0000
Metrics/racket_target/station_raw_clip_excess_y: 0.0000
Metrics/racket_target/current_swing_opportunity: 0.1282
Metrics/racket_target/current_swing_attempt: 0.1282
Metrics/racket_target/current_swing_targeted_attempt: 0.1139
Metrics/racket_target/prev_swing_targeted_attempt: 0.9153
Metrics/racket_target/current_swing_unsafe: 0.0625
Metrics/racket_target/current_swing_station_saturated: 0.0000
Metrics/racket_target/impact_health_score: 0.8499
Metrics/racket_target/impact_health_ok: 0.8531
Metrics/racket_target/impact_health_backlean_violation: 0.0158
Metrics/racket_target/impact_health_waist_backfold: 0.0000
Metrics/racket_target/impact_health_base_retreat: 0.0379
Metrics/racket_target/impact_health_torso_gravity_x: 0.3302
Metrics/racket_target/impact_health_torso_ang_vel: 0.6332
Metrics/racket_target/impact_health_com_x: 0.0562
Metrics/racket_target/impact_health_com_y: 0.0333
Metrics/racket_target/post_contact_ready_pending: 0.0000
Metrics/racket_target/post_contact_ready_elapsed_steps: 0.2286
Metrics/racket_target/post_contact_ready_consecutive_steps: 0.0000
Metrics/racket_target/post_contact_ready_diagnostic_pending: 0.0000
Metrics/racket_target/post_contact_ready_diagnostic_elapsed_steps: 1.0999
Metrics/racket_target/post_contact_ready_durable_pending: 0.0000
Metrics/racket_target/post_contact_ready_durable_consecutive_steps: 0.0000
Metrics/racket_target/post_contact_ready_durable_ready_now: 0.0000
Metrics/racket_target/post_contact_ready_durable_success_event: 0.0000
Metrics/racket_target/post_contact_ready_durable_fail_event: 0.0000
Metrics/racket_target/post_contact_ready_durable_resolution_success_rate: 0.2527
Metrics/racket_target/post_contact_ready_durable_resolution_fail_rate: 0.6818
Metrics/racket_target/post_contact_ready_durable_resolution_success_latency_steps: 35.0000
Metrics/racket_target/post_contact_ready_durable_resolution_fail_latency_steps: 33.4812
Metrics/racket_target/post_contact_ready_durable_fail_backlean_rate: 0.0538
Metrics/racket_target/post_contact_ready_durable_fail_forward_lean_rate: 0.8510
Metrics/racket_target/post_contact_ready_durable_fail_torso_ang_vel_rate: 0.0541
Metrics/racket_target/post_contact_ready_durable_fail_base_lin_vel_rate: 0.0548
Metrics/racket_target/post_contact_ready_durable_fail_base_ang_vel_rate: 0.4153
Metrics/racket_target/post_contact_ready_durable_fail_racket_speed_rate: 0.0538
Metrics/racket_target/post_contact_ready_durable_fail_height_rate: 0.0538
Metrics/racket_target/post_contact_ready_durable_fail_com_x_rate: 0.0570
Metrics/racket_target/post_contact_ready_durable_fail_com_y_rate: 0.0538
Metrics/racket_target/post_contact_ready_durable_fail_feet_rate: 0.0538
Metrics/racket_target/post_contact_ready_durable_fail_station_rate: 0.0541
Metrics/racket_target/post_contact_ready_durable_fail_arm_rate: 0.0538
Metrics/racket_target/post_contact_ready_terminal_window_active: 0.0000
Metrics/racket_target/post_contact_ready_terminal_quality: 0.0226
Metrics/racket_target/post_contact_ready_terminal_settlement_event: 0.0000
Metrics/racket_target/post_contact_ready_operational_ready_now: 0.0000
Metrics/racket_target/post_contact_ready_operational_consecutive_steps: 0.0000
Metrics/racket_target/post_contact_ready_safe_settlement_event: 0.0000
Metrics/racket_target/post_contact_ready_unsafe_settlement_event: 0.0000
Metrics/racket_target/post_contact_ready_incomplete_settlement_event: 0.0000
Metrics/racket_target/post_contact_ready_safe_net_cycle_event: 0.0000
Metrics/racket_target/post_contact_ready_terminal_quality_mean: 0.9250
Metrics/racket_target/post_contact_ready_safe_terminal_quality_mean: 0.9352
Metrics/racket_target/post_contact_ready_terminal_safe_rate: 0.7040
Metrics/racket_target/post_contact_ready_terminal_unsafe_rate: 0.0302
Metrics/racket_target/post_contact_ready_terminal_incomplete_rate: 0.2658
Metrics/racket_target/post_contact_ready_safe_net_cycle_rate: 0.6832
Metrics/racket_target/post_contact_ready_score: 0.6956
Metrics/racket_target/post_contact_ready_now: 0.0000
Metrics/racket_target/post_contact_ready_success_event: 0.0000
Metrics/racket_target/post_contact_ready_fail_event: 0.0000
Metrics/racket_target/post_contact_ready_outcome_tier: -0.9484
Metrics/racket_target/post_contact_ready_face_quality: 0.0111
Metrics/racket_target/post_contact_ready_safe_face_net_cycle_value: 0.0000
Metrics/racket_target/post_contact_ready_planner_speed_ratio: 0.0278
Metrics/racket_target/post_contact_ready_planner_direction_error_rad: 0.0078
Metrics/racket_target/post_contact_ready_planner_position_error: 0.0024
Metrics/racket_target/post_contact_ready_impact_health_score: 0.0277
Metrics/racket_target/post_contact_ready_peak_base_ang_vel: 0.0533
Metrics/racket_target/post_contact_ready_peak_ang_vel_excess_increment: 0.0000
Metrics/racket_target/post_contact_ready_envelope_violation_latch: 0.0000
Metrics/racket_target/post_contact_ready_envelope_violation_event: 0.0000
Metrics/racket_target/post_contact_ready_envelope_first_violation_step: -1.0000
Metrics/racket_target/post_contact_ready_envelope_attempts: 4581.3438
Metrics/racket_target/post_contact_ready_envelope_violation_rate: 0.0305
Metrics/racket_target/post_contact_ready_envelope_tilt_violation_rate: 0.0000
Metrics/racket_target/post_contact_ready_envelope_pitch_violation_rate: 0.0000
Metrics/racket_target/post_contact_ready_envelope_com_violation_rate: 0.0002
Metrics/racket_target/post_contact_ready_envelope_waist_violation_rate: 0.0000
Metrics/racket_target/post_contact_ready_envelope_leg_violation_rate: 0.0000
Metrics/racket_target/post_contact_ready_envelope_base_ang_vel_violation_rate: 0.0303
Metrics/racket_target/post_contact_ready_resolution_success_rate: 0.9803
Metrics/racket_target/post_contact_ready_resolution_fail_rate: 0.0106
Metrics/racket_target/post_contact_ready_resolution_success_latency_steps: 4.9180
Metrics/racket_target/post_contact_ready_resolution_fail_latency_steps: 12.2391
Metrics/racket_target/post_contact_ready_max_tilt: 0.0067
Metrics/racket_target/post_contact_ready_max_abs_pitch: 0.0067
Metrics/racket_target/post_contact_ready_max_com_x: 0.0029
Metrics/racket_target/post_contact_ready_max_com_y: 0.0014
Metrics/racket_target/post_contact_ready_max_waist_overflow: 0.0000
Metrics/racket_target/post_contact_ready_max_leg_overflow: 0.0011
Metrics/racket_target/post_contact_ready_settlement_velocity_score_ema: 0.6293
Metrics/racket_target/post_contact_ready_settlement_position_gate_ema: 0.7813
Metrics/racket_target/post_contact_ready_settlement_health_gate_ema: 0.9805
Metrics/racket_target/post_contact_ready_settlement_recovery_gate_ema: 0.4584
Metrics/racket_target/post_contact_ready_settlement_total_score_ema: 0.2166
Metrics/racket_target/post_contact_recovery_backlean_error: 0.0631
Metrics/racket_target/post_contact_recovery_directional_progress: 0.0000
Metrics/racket_target/post_contact_ready_torso_ok: 0.0732
Metrics/racket_target/post_contact_ready_motion_ok: 0.6439
Metrics/racket_target/post_contact_ready_support_ok: 0.8869
Metrics/racket_target/post_contact_ready_arm_ok: 1.0000
Metrics/racket_target/post_contact_ready_base_lin_vel_ok: 0.8765
Metrics/racket_target/post_contact_ready_base_ang_vel_ok: 0.7432
Metrics/racket_target/post_contact_ready_racket_speed_ok: 0.8512
Metrics/racket_target/post_contact_ready_height_ok: 0.9375
Metrics/racket_target/post_contact_ready_com_x_ok: 0.8869
Metrics/racket_target/post_contact_ready_com_y_ok: 0.9599
Metrics/racket_target/post_contact_ready_feet_ok: 1.0000
Metrics/racket_target/post_contact_ready_station_ok: 0.8932
Metrics/racket_target/post_contact_ready_fail_torso: 0.0000
Metrics/racket_target/post_contact_ready_fail_base_lin_vel: 0.0000
Metrics/racket_target/post_contact_ready_fail_base_ang_vel: 0.0000
Metrics/racket_target/post_contact_ready_fail_racket_speed: 0.0000
Metrics/racket_target/post_contact_ready_fail_support: 0.0000
Metrics/racket_target/post_contact_ready_fail_arm: 0.0000
Metrics/racket_target/post_contact_ready_shadow_now: 0.0000
Metrics/racket_target/post_contact_ready_shadow_consecutive_steps: 0.0000
Metrics/racket_target/post_contact_ready_shadow_success_latch: 0.0000
Metrics/racket_target/post_contact_ready_curriculum_level: 0.0000
Metrics/racket_target/post_contact_ready_curriculum_fraction: 1.0000
Metrics/racket_target/post_contact_ready_curriculum_success_ema: 0.0000
Metrics/racket_target/post_contact_ready_curriculum_shadow_success_ema: 0.0000
Metrics/racket_target/post_contact_ready_curriculum_resolved_events: 0.0000
Metrics/racket_target/post_contact_ready_curriculum_successful_events: 0.0000
Metrics/racket_target/post_contact_ready_curriculum_targeted_attempt_ema: 0.0000
Metrics/racket_target/post_contact_ready_curriculum_return_success_ema: 0.0000
Metrics/racket_target/post_contact_ready_curriculum_completed_swings: 0.0000
Metrics/racket_target/post_contact_ready_curriculum_advance_streak: 0.0000
Metrics/racket_target/post_contact_ready_curriculum_advance_guard_ok: 0.0000
Metrics/racket_target/post_contact_ready_effective_max_torso_ang_vel: 1.5000
Metrics/racket_target/post_contact_ready_effective_torso_x_min: -0.1200
Metrics/racket_target/post_contact_ready_effective_torso_x_max: 0.3200
Metrics/racket_target/post_contact_ready_effective_max_base_lin_vel: 0.4500
Metrics/racket_target/post_contact_ready_effective_max_base_ang_vel: 1.3000
Metrics/racket_target/post_contact_ready_effective_max_racket_speed: 3.0000
Metrics/racket_target/post_contact_ready_effective_min_feet_contact: 0.5000
Metrics/racket_target/post_contact_ready_effective_required_consecutive_steps: 3.0000
Metrics/racket_target/post_contact_ready_effective_deadline_steps: 40.0000
Metrics/racket_target/post_contact_ready_curriculum_advance_threshold: 1.0000
Metrics/racket_target/post_contact_ready_curriculum_advance_min_events: 0.0000
Metrics/racket_target/post_contact_ready_curriculum_shadow_threshold: 1.0000
Metrics/racket_target/post_contact_ready_curriculum_min_targeted_attempt_ema: 0.0000
Metrics/racket_target/post_contact_ready_curriculum_min_return_success_ema: 0.0000
Metrics/racket_target/post_contact_ready_curriculum_min_completed_swings: 1.0000
Metrics/racket_target/post_contact_ready_curriculum_required_advance_checks: 1.0000
Metrics/racket_target/racket_normal_error_deg: 68.3369
Metrics/racket_target/impact_normal_error_deg: 2.1157
Metrics/racket_target/impact_racket_vel_error_mps: 0.6130
Metrics/racket_target/impact_racket_speed_ratio: 0.8630
Metrics/racket_target/impact_racket_vel_angle_deg: 15.7883
Metrics/racket_target/impact_racket_actual_vel_x: 0.8048
Metrics/racket_target/impact_racket_actual_vel_y: -0.0108
Metrics/racket_target/impact_racket_actual_vel_z: 1.3313
Metrics/racket_target/impact_racket_target_vel_x: 1.1886
Metrics/racket_target/impact_racket_target_vel_y: -0.0141
Metrics/racket_target/impact_racket_target_vel_z: 1.3218
Metrics/racket_target/impact_ball_out_error_mps: 4.3879
Metrics/racket_target/impact_face_radial_error_m: 0.0673
Metrics/racket_target/impact_face_normal_gap_m: 0.0409
Metrics/racket_target/impact_face_quality: 0.5654
Metrics/racket_target/impact_center_contact: 0.0000
Metrics/racket_target/impact_center_net_cross: 0.0000
Metrics/racket_target/impact_center_on_opponent: 0.0000
Metrics/racket_target/impact_rim_contact: 0.0000
Metrics/racket_target/impact_rim_net_cross: 0.0000
Metrics/racket_target/impact_rim_on_opponent: 0.0000
Metrics/racket_target/impact_analytic_outer_contact: 0.0000
Metrics/racket_target/impact_analytic_outer_net_cross: 0.0000
Metrics/racket_target/impact_analytic_outer_on_opponent: 0.0000
Metrics/racket_target/impact_planner_pos_error_m: 0.0854
Metrics/racket_target/impact_planner_vel_error_mps: 0.6130
Metrics/racket_target/impact_planner_speed_ratio: 0.8630
Metrics/racket_target/impact_planner_vel_angle_deg: 15.7883
Metrics/racket_target/impact_healthy_normal_ok: 0.0000
Metrics/racket_target/impact_healthy_contact: 0.0000
Metrics/racket_target/impact_healthy_net_cross: 0.0000
Metrics/racket_target/impact_healthy_on_opponent: 0.0000
Metrics/racket_target/current_swing_impact_health_score: 0.0277
Metrics/racket_target/current_swing_healthy_contact: 0.0289
Metrics/racket_target/current_swing_healthy_net_cross: 0.0227
Metrics/racket_target/current_swing_healthy_on_opponent: 0.0000
Metrics/racket_target/current_swing_healthy_normal_ok: 0.1074
Metrics/racket_target/current_swing_contact: 0.0289
Metrics/racket_target/current_swing_net_cross: 0.0227
Metrics/racket_target/current_swing_on_opponent: 0.0000
Metrics/racket_target/current_swing_center_contact: 0.0052
Metrics/racket_target/current_swing_center_net_cross: 0.0052
Metrics/racket_target/current_swing_center_on_opponent: 0.0000
Metrics/racket_target/current_swing_rim_contact: 0.0123
Metrics/racket_target/current_swing_rim_net_cross: 0.0123
Metrics/racket_target/current_swing_rim_on_opponent: 0.0000
Metrics/racket_target/current_swing_analytic_outer_contact: 0.0115
Metrics/racket_target/current_swing_analytic_outer_net_cross: 0.0052
Metrics/racket_target/current_swing_analytic_outer_on_opponent: 0.0000
Metrics/racket_target/cycle_v2_outcome_tier: -1.0000
Metrics/racket_target/cycle_v2_streak: 0.0000
Metrics/racket_target/closed_loop_recovery_trigger_event: 0.0000
Metrics/racket_target/closed_loop_cycle_success_event: 0.0000
Metrics/racket_target/closed_loop_durable_cycle_success_event: 0.0000
Metrics/racket_target/closed_loop_phase_id: 1.1129
Metrics/racket_target/closed_loop_phase_ready_no_command: 0.0362
Metrics/racket_target/closed_loop_phase_command_acquire: 0.8356
Metrics/racket_target/closed_loop_phase_pre_strike: 0.1178
Metrics/racket_target/closed_loop_phase_strike: 0.0000
Metrics/racket_target/closed_loop_phase_follow_through: 0.0104
Metrics/racket_target/closed_loop_phase_recovery: 0.0000
Metrics/racket_target/closed_loop_phase_next_ready: 0.0000
Metrics/racket_target/post_contact_phase_impact_0_100ms_attempts: 4581.3438
Metrics/racket_target/post_contact_phase_impact_0_100ms_tilt_gt_0p1_rate: 1.0000
Metrics/racket_target/post_contact_phase_impact_0_100ms_pitch_gt_0p1_rate: 1.0000
Metrics/racket_target/post_contact_phase_impact_0_100ms_waist_overflow_gt_1p0_rate: 0.0000
Metrics/racket_target/post_contact_phase_impact_0_100ms_base_ang_vel_gt_0p8_rate: 0.9877
Metrics/racket_target/post_contact_phase_brake_100_300ms_attempts: 4505.0625
Metrics/racket_target/post_contact_phase_brake_100_300ms_tilt_gt_0p1_rate: 0.9976
Metrics/racket_target/post_contact_phase_brake_100_300ms_pitch_gt_0p1_rate: 0.9961
Metrics/racket_target/post_contact_phase_brake_100_300ms_waist_overflow_gt_1p0_rate: 0.0000
Metrics/racket_target/post_contact_phase_brake_100_300ms_base_ang_vel_gt_0p8_rate: 0.9957
Metrics/racket_target/post_contact_phase_settle_300_600ms_attempts: 4343.3438
Metrics/racket_target/post_contact_phase_settle_300_600ms_tilt_gt_0p1_rate: 0.8352
Metrics/racket_target/post_contact_phase_settle_300_600ms_pitch_gt_0p1_rate: 0.7871
Metrics/racket_target/post_contact_phase_settle_300_600ms_waist_overflow_gt_1p0_rate: 0.0000
Metrics/racket_target/post_contact_phase_settle_300_600ms_base_ang_vel_gt_0p8_rate: 0.9911
Metrics/racket_target/post_contact_phase_ready_after_600ms_attempts: 4089.0312
Metrics/racket_target/post_contact_phase_ready_after_600ms_tilt_gt_0p1_rate: 0.5654
Metrics/racket_target/post_contact_phase_ready_after_600ms_pitch_gt_0p1_rate: 0.4660
Metrics/racket_target/post_contact_phase_ready_after_600ms_waist_overflow_gt_1p0_rate: 0.0000
Metrics/racket_target/post_contact_phase_ready_after_600ms_base_ang_vel_gt_0p8_rate: 0.9416
Metrics/racket_target/base_pitch_like_signed: -0.0137
Metrics/racket_target/base_backward_velocity: 0.0755
Metrics/racket_target/waist_action_rms: 0.6066
Metrics/racket_target/right_arm_action_rms: 3.7701
Metrics/racket_target/leg_action_rms: 0.4914
Metrics/racket_target/action_abs_max: 7.3350
Metrics/racket_target/applied_action_abs_max: 7.2757
Metrics/racket_target/leg_action_abs_max: 0.9775
Metrics/racket_target/effective_action_abs_max: 7.2757
Metrics/racket_target/action_clamp_fraction: 0.0032
Metrics/racket_target/waist_action_clamp_fraction: 0.0000
Metrics/racket_target/right_arm_action_clamp_fraction: 0.0009
Metrics/racket_target/leg_action_clamp_fraction: 0.0077
Metrics/racket_target/waist_q_tracking_error_rms: 0.3389
Metrics/racket_target/right_arm_q_tracking_error_rms: 0.1997
Metrics/racket_target/leg_q_tracking_error_rms: 0.1880
Metrics/racket_target/waist_torque_clip_fraction: 0.0000
Metrics/racket_target/right_arm_torque_clip_fraction: 0.0000
Metrics/racket_target/leg_torque_clip_fraction: 0.0000
Metrics/racket_target/waist_action_delta_rms: 0.1525
Metrics/racket_target/right_arm_action_delta_rms: 0.9450
Metrics/racket_target/leg_action_delta_rms: 0.2833
Metrics/racket_target/waist_joint_vel_rms: 0.8686
Metrics/racket_target/right_arm_joint_vel_rms: 1.7573
Metrics/racket_target/leg_joint_vel_rms: 0.7432
Metrics/racket_target/recovery_leg_action_abs_max: 0.6861
Metrics/racket_target/recovery_leg_action_delta_rms: 0.1995
Metrics/racket_target/recovery_leg_joint_vel_rms: 0.5330
      Episode_Termination/time_out: 3.6562
  Episode_Termination/base_too_low: 0.0312
   Episode_Termination/base_tilted: 0.1875
   Episode_Termination/table_touch: 0.2812
Episode_Termination/persistent_action_overflow: 0.0000
--------------------------------------------------------------------------------
                   Total timesteps: 1114112
                    Iteration time: 2.53s
                      Time elapsed: 00:00:42
                               ETA: 00:00:10

################################################################################
                     [1m Learning iteration 1817/1820 [0m                     

                       Computation: 26763 steps/s (collection: 2.432s, learning 0.017s)
             Mean action noise std: 0.45
          Mean value_function loss: 0.0658
               Mean surrogate loss: -0.0000
                 Mean entropy loss: 2.8121
      Mean critic_only_warmup loss: 1.0000
                       Mean reward: 14.62
               Mean episode length: 474.70
 Episode_Reward/undesired_contacts: -0.0000
  Episode_Reward/feet_contact_slip: -0.0022
     Episode_Reward/table_no_touch: -0.0004
              Episode_Reward/alive: 0.0096
            Episode_Reward/upright: -0.0072
          Episode_Reward/imitation: 0.3918
    Episode_Reward/racket_position: 0.0731
Episode_Reward/backhand_racket_position: 0.0348
    Episode_Reward/racket_velocity: 0.0477
Episode_Reward/planner_racket_task_space_crossfade: 0.2997
Episode_Reward/exact_impact_planner_task_space_alignment: 0.0070
    Episode_Reward/blade_direction: 0.0438
Episode_Reward/health_gated_soft_ball_contact: 0.0475
Episode_Reward/health_gated_backhand_soft_ball_contact: 0.0322
Episode_Reward/health_gated_ball_contact: 0.0085
Episode_Reward/healthy_trunk_support: 0.0714
Episode_Reward/targeted_strike_attempt: 0.0109
  Episode_Reward/strike_inactivity: -0.0000
 Episode_Reward/pre_strike_station: 0.0716
    Episode_Reward/recovery_health: 0.0612
Episode_Reward/no_command_ready_stability: 0.0015
Episode_Reward/post_strike_base_ang_vel: 0.0117
Episode_Reward/phase_action_overflow: -0.0001
     Episode_Reward/strike_balance: 0.0280
Episode_Reward/prestrike_station_progress: 0.0180
 Episode_Reward/lower_body_support: 0.0413
Episode_Reward/termination_penalty: -0.0079
Episode_Reward/phase_action_rate_waist: -0.0003
Episode_Reward/phase_action_rate_upper: -0.0070
Episode_Reward/phase_action_rate_legs: -0.0003
        Episode_Reward/joint_limit: -0.0381
Episode_Reward/prestrike_racket_progress: 0.2072
Episode_Reward/near_impact_planner_velocity_progress: 0.0434
Episode_Reward/operational_joint_margin: -0.0045
  Episode_Reward/joint_target_slew: -0.0337
Episode_Reward/actuator_waist_feasibility: -0.0000
Episode_Reward/actuator_right_arm_feasibility: -0.0000
Episode_Reward/actuator_leg_feasibility: -0.0000
Episode_Reward/terminal_quality_window: 0.0013
Episode_Reward/safe_terminal_quality: 0.0025
Episode_Reward/unsafe_terminal_recovery: -0.0001
Episode_Reward/capability_gated_safe_terminal_outcome: 0.0207
Episode_Reward/targeted_contact_miss: -0.0030
    Metrics/motion/error_joint_pos: 2.1927
    Metrics/motion/error_joint_vel: 6.5226
     Metrics/motion/error_body_pos: 0.1461
     Metrics/motion/error_body_rot: 0.8357
       Metrics/motion/motion_phase: 0.1138
            Metrics/motion/in_hold: 0.4953
Metrics/motion/motion_start_warmup_prob: 0.8000
Metrics/motion/motion_start_lifecycle_progress: 0.0000
Metrics/motion/motion_start_effective_prestrike_fraction: 1.0000
Metrics/motion/motion_start_effective_recovery_fraction: 0.0000
Metrics/motion/motion_start_effective_rsi_fraction: 0.0000
 Metrics/motion/motion_start_reset: 0.0000
Metrics/motion/motion_start_prestrike_reset: 0.0000
Metrics/motion/motion_start_recovery_reset: 0.0000
Metrics/motion/motion_start_rsi_reset: 0.0000
 Metrics/motion/single_cycle_reset: 0.0000
     Metrics/motion/motion_clip_id: 0.5947
Metrics/motion/motion_supplemental_clip: 0.0000
      Metrics/motion/stand_episode: 0.0221
Metrics/motion/default_stand_reset: 0.0492
Metrics/motion/error_body_pos_lower: 0.1729
Metrics/motion/error_body_rot_lower: 1.0401
Metrics/motion/error_body_lin_vel_lower: 0.1834
Metrics/motion/error_body_ang_vel_lower: 0.8269
Metrics/motion/reference_body_lin_speed_lower: 0.0260
Metrics/motion/robot_body_lin_speed_lower: 0.1706
Metrics/motion/error_body_pos_core: 0.0597
Metrics/motion/error_body_rot_core: 0.5713
Metrics/motion/error_body_lin_vel_core: 0.2376
Metrics/motion/error_body_ang_vel_core: 1.1778
Metrics/motion/reference_body_lin_speed_core: 0.0138
Metrics/motion/robot_body_lin_speed_core: 0.2355
Metrics/motion/error_body_pos_upper: 0.1482
Metrics/motion/error_body_rot_upper: 0.7195
Metrics/motion/error_body_lin_vel_upper: 0.7993
Metrics/motion/error_body_ang_vel_upper: 2.8656
Metrics/motion/reference_body_lin_speed_upper: 0.0219
Metrics/motion/robot_body_lin_speed_upper: 0.7941
Metrics/motion/error_joint_pos_waist: 0.8136
Metrics/motion/error_joint_vel_waist: 1.4341
Metrics/motion/reference_joint_speed_waist: 0.0319
Metrics/motion/error_joint_pos_arms: 1.8843
Metrics/motion/error_joint_vel_arms: 5.6232
Metrics/motion/reference_joint_speed_arms: 0.0621
Metrics/motion/error_joint_pos_legs: 0.7181
Metrics/motion/error_joint_vel_legs: 2.3974
Metrics/motion/reference_joint_speed_legs: 0.0066
Metrics/racket_target/racket_pos_error: 0.1241
Metrics/racket_target/racket_vel_error: 1.2695
Metrics/racket_target/time_to_strike: 0.8441
Metrics/racket_target/return_success: 0.0292
Metrics/racket_target/prev_return_success: 0.0292
Metrics/racket_target/prev_net_cross: 0.6305
Metrics/racket_target/current_net_cross: 0.0568
Metrics/racket_target/racket_pos_curriculum_scale: 1.0000
Metrics/racket_target/impact_inverse_command_blend: 0.0000
Metrics/racket_target/steps_since_target_resample: 40.5943
Metrics/racket_target/recovery_height_error: 0.0394
Metrics/racket_target/recovery_upright_error: 0.1074
Metrics/racket_target/recovery_base_lin_vel: 0.2020
Metrics/racket_target/recovery_base_ang_vel: 0.9961
Metrics/racket_target/recovery_station_error: 0.0755
Metrics/racket_target/recovery_feet_contact_frac: 0.9701
Metrics/racket_target/recovery_racket_speed: 1.9048
Metrics/racket_target/recovery_height_score: 0.8776
Metrics/racket_target/recovery_upright_score: 0.8451
Metrics/racket_target/recovery_lin_vel_score: 0.6574
Metrics/racket_target/recovery_ang_vel_score: 0.2928
Metrics/racket_target/recovery_station_score: 0.8780
Metrics/racket_target/recovery_racket_score: 0.0666
Metrics/racket_target/recovery_arm_score: 0.5276
Metrics/racket_target/recovery_ready_score: 0.6879
Metrics/racket_target/recovery_anchor_arm_score: 1.0000
Metrics/racket_target/recovery_core_ready_score: 0.5743
Metrics/racket_target/recovery_functional_ready_score: 0.4879
Metrics/racket_target/waist_action_overflow_rms: 0.0000
Metrics/racket_target/right_arm_action_overflow_rms: 0.0000
Metrics/racket_target/leg_action_overflow_rms: 0.0072
Metrics/racket_target/operational_margin_fraction: 0.0052
Metrics/racket_target/waist_operational_margin_fraction: 0.0015
Metrics/racket_target/right_arm_operational_margin_fraction: 0.0020
Metrics/racket_target/leg_operational_margin_fraction: 0.0119
Metrics/racket_target/waist_operational_excess_rms: 0.0000
Metrics/racket_target/right_arm_operational_excess_rms: 0.0001
Metrics/racket_target/leg_operational_excess_rms: 0.0043
Metrics/racket_target/q_des_velocity_violation_fraction: 0.0915
Metrics/racket_target/waist_q_des_velocity_violation_fraction: 0.0095
Metrics/racket_target/right_arm_q_des_velocity_violation_fraction: 0.1181
Metrics/racket_target/leg_q_des_velocity_violation_fraction: 0.1222
Metrics/racket_target/q_des_acceleration_violation_fraction: 0.7058
Metrics/racket_target/waist_q_des_acceleration_violation_fraction: 0.5765
Metrics/racket_target/right_arm_q_des_acceleration_violation_fraction: 0.8232
Metrics/racket_target/leg_q_des_acceleration_violation_fraction: 0.7627
Metrics/racket_target/waist_q_des_velocity_rms: 3.5946
Metrics/racket_target/right_arm_q_des_velocity_rms: 8.5139
Metrics/racket_target/leg_q_des_velocity_rms: 7.3291
Metrics/racket_target/waist_q_des_acceleration_rms: 313.5557
Metrics/racket_target/right_arm_q_des_acceleration_rms: 750.7845
Metrics/racket_target/leg_q_des_acceleration_rms: 644.8611
Metrics/racket_target/action_operational_feasibility_score: 0.9492
Metrics/racket_target/actuator_overflow_consecutive_steps: 0.0000
Metrics/racket_target/actuator_overflow_severe: 0.0000
Metrics/racket_target/recovery_phase_gate: 0.7942
Metrics/racket_target/recovery_phase_ready_score: 0.5560
Metrics/racket_target/recovery_contact_ready_score: 0.0395
Metrics/racket_target/recovery_net_ready_score: 0.0395
Metrics/racket_target/recovery_return_ready_score: 0.0000
Metrics/racket_target/cycle_success_ready_score: 0.0154
Metrics/racket_target/cycle_success_soft: 0.0082
Metrics/racket_target/cycle_success_binary: 0.0063
Metrics/racket_target/cycle_v2_pending: 0.0000
Metrics/racket_target/cycle_v2_attempt_latch: 0.0000
Metrics/racket_target/cycle_v2_ready_success_latch: 0.0000
Metrics/racket_target/cycle_v2_ready_fail_latch: 0.0000
Metrics/racket_target/cycle_v2_attempt_event: 0.0000
Metrics/racket_target/cycle_v2_ready_success_event: 0.0000
Metrics/racket_target/cycle_v2_ready_fail_event: 0.0000
Metrics/racket_target/cycle_v2_unresolved_resample_fail_event: 0.0000
Metrics/racket_target/cycle_v2_resolved_event: 0.0000
Metrics/racket_target/cycle_v2_command_visible_steps: 0.0000
Metrics/racket_target/cycle_v2_elapsed_steps: 0.0000
Metrics/racket_target/cycle_v2_ready_score: 0.0000
Metrics/racket_target/cycle_v2_ready_ok: 0.0000
Metrics/racket_target/cycle_v2_visible: 0.0000
Metrics/racket_target/cycle_v2_ready_score_ok: 0.0000
Metrics/racket_target/cycle_v2_height_ok: 0.0000
Metrics/racket_target/cycle_v2_upright_ok: 0.0000
Metrics/racket_target/cycle_v2_base_lin_vel_ok: 0.0000
Metrics/racket_target/cycle_v2_base_ang_vel_ok: 0.0000
Metrics/racket_target/cycle_v2_feet_ok: 0.0000
Metrics/racket_target/cycle_v2_core_ready_ok: 0.0000
Metrics/racket_target/cycle_v2_ready_consecutive_steps: 0.0000
Metrics/racket_target/single_cycle_bootstrap: 0.0000
Metrics/racket_target/single_cycle_swing_completed: 0.0000
Metrics/racket_target/single_cycle_recovery_active: 0.0000
Metrics/racket_target/single_cycle_recovery_elapsed_steps: 0.0000
Metrics/racket_target/single_cycle_ready_consecutive_steps: 0.0000
Metrics/racket_target/single_cycle_safe_timeout_event: 0.0000
Metrics/racket_target/single_cycle_deadline_timeout_event: 0.0000
Metrics/racket_target/single_cycle_timeout_latch: 0.0000
Metrics/racket_target/single_cycle_hard_failure_event: 0.0000
Metrics/racket_target/single_cycle_probability: 0.0000
Metrics/racket_target/single_cycle_curriculum_level: 0.0000
Metrics/racket_target/single_cycle_effective_deadline_steps: 100.0000
Metrics/racket_target/single_cycle_selected_events: 0.0000
Metrics/racket_target/single_cycle_completed_events: 0.0000
Metrics/racket_target/single_cycle_safe_timeout_events: 0.0000
Metrics/racket_target/single_cycle_deadline_timeout_events: 0.0000
Metrics/racket_target/single_cycle_hard_failure_events: 0.0000
Metrics/racket_target/active_ready_consecutive_steps: 0.0208
Metrics/racket_target/active_ready_success_event: 0.0000
Metrics/racket_target/active_ready_success_latch: 0.0000
Metrics/racket_target/active_ready_survival_steps: 0.0000
Metrics/racket_target/active_ready_survival_next_milestone: 0.0000
Metrics/racket_target/active_ready_survival_milestone_event: 0.0000
Metrics/racket_target/no_command_ready_active: 0.0221
Metrics/racket_target/no_command_from_stand_episode: 0.0221
Metrics/racket_target/no_command_from_default_stand_reset: 0.0221
Metrics/racket_target/no_command_ready_upright_ok: 0.0221
Metrics/racket_target/no_command_ready_motion_ok: 0.0182
Metrics/racket_target/no_command_ready_score: 0.0150
Metrics/racket_target/no_command_ready_progress: 0.0099
Metrics/racket_target/no_command_ready_station_error: 0.0030
Metrics/racket_target/no_command_ready_fixed_station_error: 0.0030
Metrics/racket_target/healthy_training_stage: 3.0000
Metrics/racket_target/healthy_stage_planted_rehearsal: 0.0000
Metrics/racket_target/healthy_stage_station_hold_seen: 0.0000
Metrics/racket_target/healthy_stage_station_arrived: 0.0000
Metrics/racket_target/healthy_stage_station_settled: 0.0000
Metrics/racket_target/healthy_stage_station_settle_steps: 0.0000
Metrics/racket_target/station_relocation_active: 0.0000
Metrics/racket_target/station_relocation_target_offset_y: 0.0000
Metrics/racket_target/station_relocation_error: 0.0000
Metrics/racket_target/station_relocation_arrival_event: 0.0000
Metrics/racket_target/station_relocation_settle_event: 0.0000
Metrics/racket_target/station_relocation_release_event: 0.0000
Metrics/racket_target/station_relocation_timeout_event: 0.0000
Metrics/racket_target/station_relocation_elapsed_steps: 0.0000
Metrics/racket_target/station_relocation_hold_deadline_steps: 0.0000
Metrics/racket_target/lifecycle_recovery_hold_active: 0.0000
Metrics/racket_target/lifecycle_recovery_release_success_event: 0.0000
Metrics/racket_target/lifecycle_recovery_release_fail_event: 0.0000
Metrics/racket_target/station_relocation_level: 0.0000
Metrics/racket_target/station_relocation_arrival_ema: 0.0000
Metrics/racket_target/station_relocation_settle_ema: 0.0000
Metrics/racket_target/station_relocation_contact_ema: 0.0000
Metrics/racket_target/station_relocation_safety_ema: 0.0000
Metrics/racket_target/station_relocation_resolved_events: 0.0000
Metrics/racket_target/station_relocation_terminal_reset_events: 0.0000
Metrics/racket_target/station_relocation_advance_streak: 0.0000
Metrics/racket_target/station_relocation_regress_streak: 0.0000
Metrics/racket_target/station_relocation_effective_max_lin_vel: 0.0000
Metrics/racket_target/station_relocation_effective_max_ang_vel: 0.0000
Metrics/racket_target/station_relocation_effective_min_settle_steps: 0.0000
Metrics/racket_target/ability_curriculum_level: 0.0000
Metrics/racket_target/ability_curriculum_scale: 1.0000
Metrics/racket_target/ability_curriculum_resolved_events: 856.2500
Metrics/racket_target/ability_curriculum_total_resolved_events: 4956.2500
Metrics/racket_target/ability_curriculum_advance_streak: 0.0000
Metrics/racket_target/ability_curriculum_regress_streak: 0.0000
Metrics/racket_target/ability_contact_ema: 0.6871
Metrics/racket_target/ability_net_ema: 0.6660
Metrics/racket_target/ability_success_ema: 0.0235
Metrics/racket_target/ability_recovery_ema: 0.8050
Metrics/racket_target/ability_cycle_ema: 0.0235
Metrics/racket_target/ability_cycle_attempt_ema: 0.0235
Metrics/racket_target/ability_cycle_resolved_ema: 0.0235
Metrics/racket_target/ability_forehand_contact_ema: 0.7454
Metrics/racket_target/ability_forehand_net_ema: 0.7170
Metrics/racket_target/ability_forehand_success_ema: 0.0358
Metrics/racket_target/ability_backhand_contact_ema: 0.6416
Metrics/racket_target/ability_backhand_net_ema: 0.6270
Metrics/racket_target/ability_backhand_success_ema: 0.0201
Metrics/racket_target/ability_attempt_ema: 1.0000
Metrics/racket_target/ability_targeted_attempt_ema: 0.9962
Metrics/racket_target/impact_health_floor_progress: 0.0000
Metrics/racket_target/ability_safety_ema: 0.9635
Metrics/racket_target/ability_station_saturation_ema: 0.0000
Metrics/racket_target/ability_healthy_normal_ema: 1.0000
Metrics/racket_target/ability_station_arrival_ema: 0.0000
Metrics/racket_target/ability_station_settle_ema: 0.0000
Metrics/racket_target/safe_outcome_capability_gate: 0.9959
Metrics/racket_target/planner_hit_plane_blend: 1.0000
Metrics/racket_target/planner_hit_plane_x_delta: 0.0366
Metrics/racket_target/true_strike_table_x: 0.2000
Metrics/racket_target/planner_target_table_x: 0.2000
Metrics/racket_target/workspace_level: 0.0000
Metrics/racket_target/workspace_fringe_sample: 0.0000
Metrics/racket_target/workspace_target_lateral_norm: 0.3016
Metrics/racket_target/workspace_target_table_y: -0.2179
Metrics/racket_target/workspace_playable_y_min: -0.7225
Metrics/racket_target/workspace_playable_y_max: 0.7225
Metrics/racket_target/workspace_active_y_lo: -0.2862
Metrics/racket_target/workspace_active_y_hi: -0.1540
Metrics/racket_target/workspace_motion_seed_blend: 0.0000
Metrics/racket_target/planner_perturb_curriculum_scale: 1.0000
Metrics/racket_target/incoming_ball_horizontal_speed: 2.2390
Metrics/racket_target/incoming_ball_speed: 4.6296
Metrics/racket_target/incoming_ball_speed_curriculum_level: 0.0000
Metrics/racket_target/incoming_ball_speed_sample_low: 0.0000
Metrics/racket_target/incoming_ball_speed_sample_high: 0.0000
Metrics/racket_target/station_saturated: 0.0000
Metrics/racket_target/station_raw_clip_excess: 0.0000
Metrics/racket_target/station_saturated_x: 0.0000
Metrics/racket_target/station_saturated_y: 0.0000
Metrics/racket_target/station_raw_clip_excess_x: 0.0000
Metrics/racket_target/station_raw_clip_excess_y: 0.0000
Metrics/racket_target/current_swing_opportunity: 0.1094
Metrics/racket_target/current_swing_attempt: 0.1094
Metrics/racket_target/current_swing_targeted_attempt: 0.1094
Metrics/racket_target/prev_swing_targeted_attempt: 0.9508
Metrics/racket_target/current_swing_unsafe: 0.0307
Metrics/racket_target/current_swing_station_saturated: 0.0000
Metrics/racket_target/impact_health_score: 0.8973
Metrics/racket_target/impact_health_ok: 0.9221
Metrics/racket_target/impact_health_backlean_violation: 0.0083
Metrics/racket_target/impact_health_waist_backfold: 0.0027
Metrics/racket_target/impact_health_base_retreat: 0.0154
Metrics/racket_target/impact_health_torso_gravity_x: 0.3589
Metrics/racket_target/impact_health_torso_ang_vel: 0.5650
Metrics/racket_target/impact_health_com_x: 0.0396
Metrics/racket_target/impact_health_com_y: 0.0242
Metrics/racket_target/post_contact_ready_pending: 0.0000
Metrics/racket_target/post_contact_ready_elapsed_steps: 0.2547
Metrics/racket_target/post_contact_ready_consecutive_steps: 0.0000
Metrics/racket_target/post_contact_ready_diagnostic_pending: 0.0000
Metrics/racket_target/post_contact_ready_diagnostic_elapsed_steps: 2.1573
Metrics/racket_target/post_contact_ready_durable_pending: 0.0000
Metrics/racket_target/post_contact_ready_durable_consecutive_steps: 0.0000
Metrics/racket_target/post_contact_ready_durable_ready_now: 0.0000
Metrics/racket_target/post_contact_ready_durable_success_event: 0.0000
Metrics/racket_target/post_contact_ready_durable_fail_event: 0.0000
Metrics/racket_target/post_contact_ready_durable_resolution_success_rate: 0.2563
Metrics/racket_target/post_contact_ready_durable_resolution_fail_rate: 0.6842
Metrics/racket_target/post_contact_ready_durable_resolution_success_latency_steps: 35.0000
Metrics/racket_target/post_contact_ready_durable_resolution_fail_latency_steps: 33.5685
Metrics/racket_target/post_contact_ready_durable_fail_backlean_rate: 0.0507
Metrics/racket_target/post_contact_ready_durable_fail_forward_lean_rate: 0.8482
Metrics/racket_target/post_contact_ready_durable_fail_torso_ang_vel_rate: 0.0510
Metrics/racket_target/post_contact_ready_durable_fail_base_lin_vel_rate: 0.0516
Metrics/racket_target/post_contact_ready_durable_fail_base_ang_vel_rate: 0.4167
Metrics/racket_target/post_contact_ready_durable_fail_racket_speed_rate: 0.0507
Metrics/racket_target/post_contact_ready_durable_fail_height_rate: 0.0507
Metrics/racket_target/post_contact_ready_durable_fail_com_x_rate: 0.0537
Metrics/racket_target/post_contact_ready_durable_fail_com_y_rate: 0.0507
Metrics/racket_target/post_contact_ready_durable_fail_feet_rate: 0.0507
Metrics/racket_target/post_contact_ready_durable_fail_station_rate: 0.0510
Metrics/racket_target/post_contact_ready_durable_fail_arm_rate: 0.0507
Metrics/racket_target/post_contact_ready_terminal_window_active: 0.0000
Metrics/racket_target/post_contact_ready_terminal_quality: 0.0534
Metrics/racket_target/post_contact_ready_terminal_settlement_event: 0.0000
Metrics/racket_target/post_contact_ready_operational_ready_now: 0.0000
Metrics/racket_target/post_contact_ready_operational_consecutive_steps: 0.0000
Metrics/racket_target/post_contact_ready_safe_settlement_event: 0.0000
Metrics/racket_target/post_contact_ready_unsafe_settlement_event: 0.0000
Metrics/racket_target/post_contact_ready_incomplete_settlement_event: 0.0000
Metrics/racket_target/post_contact_ready_safe_net_cycle_event: 0.0000
Metrics/racket_target/post_contact_ready_terminal_quality_mean: 0.9254
Metrics/racket_target/post_contact_ready_safe_terminal_quality_mean: 0.9356
Metrics/racket_target/post_contact_ready_terminal_safe_rate: 0.7015
Metrics/racket_target/post_contact_ready_terminal_unsafe_rate: 0.0303
Metrics/racket_target/post_contact_ready_terminal_incomplete_rate: 0.2682
Metrics/racket_target/post_contact_ready_safe_net_cycle_rate: 0.6793
Metrics/racket_target/post_contact_ready_score: 0.7413
Metrics/racket_target/post_contact_ready_now: 0.0000
Metrics/racket_target/post_contact_ready_success_event: 0.0000
Metrics/racket_target/post_contact_ready_fail_event: 0.0000
Metrics/racket_target/post_contact_ready_outcome_tier: -0.8865
Metrics/racket_target/post_contact_ready_face_quality: 0.0319
Metrics/racket_target/post_contact_ready_safe_face_net_cycle_value: 0.0000
Metrics/racket_target/post_contact_ready_planner_speed_ratio: 0.0508
Metrics/racket_target/post_contact_ready_planner_direction_error_rad: 0.0192
Metrics/racket_target/post_contact_ready_planner_position_error: 0.0042
Metrics/racket_target/post_contact_ready_impact_health_score: 0.0555
Metrics/racket_target/post_contact_ready_peak_base_ang_vel: 0.0872
Metrics/racket_target/post_contact_ready_peak_ang_vel_excess_increment: 0.0000
Metrics/racket_target/post_contact_ready_envelope_violation_latch: 0.0000
Metrics/racket_target/post_contact_ready_envelope_violation_event: 0.0000
Metrics/racket_target/post_contact_ready_envelope_first_violation_step: -1.0000
Metrics/racket_target/post_contact_ready_envelope_attempts: 4843.6562
Metrics/racket_target/post_contact_ready_envelope_violation_rate: 0.0304
Metrics/racket_target/post_contact_ready_envelope_tilt_violation_rate: 0.0000
Metrics/racket_target/post_contact_ready_envelope_pitch_violation_rate: 0.0000
Metrics/racket_target/post_contact_ready_envelope_com_violation_rate: 0.0002
Metrics/racket_target/post_contact_ready_envelope_waist_violation_rate: 0.0000
Metrics/racket_target/post_contact_ready_envelope_leg_violation_rate: 0.0000
Metrics/racket_target/post_contact_ready_envelope_base_ang_vel_violation_rate: 0.0302
Metrics/racket_target/post_contact_ready_resolution_success_rate: 0.9819
Metrics/racket_target/post_contact_ready_resolution_fail_rate: 0.0102
Metrics/racket_target/post_contact_ready_resolution_success_latency_steps: 4.9044
Metrics/racket_target/post_contact_ready_resolution_fail_latency_steps: 12.5758
Metrics/racket_target/post_contact_ready_max_tilt: 0.0121
Metrics/racket_target/post_contact_ready_max_abs_pitch: 0.0120
Metrics/racket_target/post_contact_ready_max_com_x: 0.0016
Metrics/racket_target/post_contact_ready_max_com_y: 0.0019
Metrics/racket_target/post_contact_ready_max_waist_overflow: 0.0000
Metrics/racket_target/post_contact_ready_max_leg_overflow: 0.0000
Metrics/racket_target/post_contact_ready_settlement_velocity_score_ema: 0.6261
Metrics/racket_target/post_contact_ready_settlement_position_gate_ema: 0.7825
Metrics/racket_target/post_contact_ready_settlement_health_gate_ema: 0.9806
Metrics/racket_target/post_contact_ready_settlement_recovery_gate_ema: 0.4673
Metrics/racket_target/post_contact_ready_settlement_total_score_ema: 0.2254
Metrics/racket_target/post_contact_recovery_backlean_error: 0.0613
Metrics/racket_target/post_contact_recovery_directional_progress: 0.0000
Metrics/racket_target/post_contact_ready_torso_ok: 0.0273
Metrics/racket_target/post_contact_ready_motion_ok: 0.7402
Metrics/racket_target/post_contact_ready_support_ok: 0.9338
Metrics/racket_target/post_contact_ready_arm_ok: 1.0000
Metrics/racket_target/post_contact_ready_base_lin_vel_ok: 0.9338
Metrics/racket_target/post_contact_ready_base_ang_vel_ok: 0.8184
Metrics/racket_target/post_contact_ready_racket_speed_ok: 0.8906
Metrics/racket_target/post_contact_ready_height_ok: 0.9833
Metrics/racket_target/post_contact_ready_com_x_ok: 0.9338
Metrics/racket_target/post_contact_ready_com_y_ok: 0.9896
Metrics/racket_target/post_contact_ready_feet_ok: 0.9833
Metrics/racket_target/post_contact_ready_station_ok: 0.9338
Metrics/racket_target/post_contact_ready_fail_torso: 0.0000
Metrics/racket_target/post_contact_ready_fail_base_lin_vel: 0.0000
Metrics/racket_target/post_contact_ready_fail_base_ang_vel: 0.0000
Metrics/racket_target/post_contact_ready_fail_racket_speed: 0.0000
Metrics/racket_target/post_contact_ready_fail_support: 0.0000
Metrics/racket_target/post_contact_ready_fail_arm: 0.0000
Metrics/racket_target/post_contact_ready_shadow_now: 0.0000
Metrics/racket_target/post_contact_ready_shadow_consecutive_steps: 0.0000
Metrics/racket_target/post_contact_ready_shadow_success_latch: 0.0000
Metrics/racket_target/post_contact_ready_curriculum_level: 0.0000
Metrics/racket_target/post_contact_ready_curriculum_fraction: 1.0000
Metrics/racket_target/post_contact_ready_curriculum_success_ema: 0.0000
Metrics/racket_target/post_contact_ready_curriculum_shadow_success_ema: 0.0000
Metrics/racket_target/post_contact_ready_curriculum_resolved_events: 0.0000
Metrics/racket_target/post_contact_ready_curriculum_successful_events: 0.0000
Metrics/racket_target/post_contact_ready_curriculum_targeted_attempt_ema: 0.0000
Metrics/racket_target/post_contact_ready_curriculum_return_success_ema: 0.0000
Metrics/racket_target/post_contact_ready_curriculum_completed_swings: 0.0000
Metrics/racket_target/post_contact_ready_curriculum_advance_streak: 0.0000
Metrics/racket_target/post_contact_ready_curriculum_advance_guard_ok: 0.0000
Metrics/racket_target/post_contact_ready_effective_max_torso_ang_vel: 1.5000
Metrics/racket_target/post_contact_ready_effective_torso_x_min: -0.1200
Metrics/racket_target/post_contact_ready_effective_torso_x_max: 0.3200
Metrics/racket_target/post_contact_ready_effective_max_base_lin_vel: 0.4500
Metrics/racket_target/post_contact_ready_effective_max_base_ang_vel: 1.3000
Metrics/racket_target/post_contact_ready_effective_max_racket_speed: 3.0000
Metrics/racket_target/post_contact_ready_effective_min_feet_contact: 0.5000
Metrics/racket_target/post_contact_ready_effective_required_consecutive_steps: 3.0000
Metrics/racket_target/post_contact_ready_effective_deadline_steps: 40.0000
Metrics/racket_target/post_contact_ready_curriculum_advance_threshold: 1.0000
Metrics/racket_target/post_contact_ready_curriculum_advance_min_events: 0.0000
Metrics/racket_target/post_contact_ready_curriculum_shadow_threshold: 1.0000
Metrics/racket_target/post_contact_ready_curriculum_min_targeted_attempt_ema: 0.0000
Metrics/racket_target/post_contact_ready_curriculum_min_return_success_ema: 0.0000
Metrics/racket_target/post_contact_ready_curriculum_min_completed_swings: 1.0000
Metrics/racket_target/post_contact_ready_curriculum_required_advance_checks: 1.0000
Metrics/racket_target/racket_normal_error_deg: 66.9983
Metrics/racket_target/impact_normal_error_deg: 1.4314
Metrics/racket_target/impact_racket_vel_error_mps: 0.5973
Metrics/racket_target/impact_racket_speed_ratio: 0.8673
Metrics/racket_target/impact_racket_vel_angle_deg: 14.8598
Metrics/racket_target/impact_racket_actual_vel_x: 0.8315
Metrics/racket_target/impact_racket_actual_vel_y: 0.0305
Metrics/racket_target/impact_racket_actual_vel_z: 1.3069
Metrics/racket_target/impact_racket_target_vel_x: 1.1837
Metrics/racket_target/impact_racket_target_vel_y: -0.0124
Metrics/racket_target/impact_racket_target_vel_z: 1.3276
Metrics/racket_target/impact_ball_out_error_mps: 4.4079
Metrics/racket_target/impact_face_radial_error_m: 0.0577
Metrics/racket_target/impact_face_normal_gap_m: 0.0446
Metrics/racket_target/impact_face_quality: 0.6719
Metrics/racket_target/impact_center_contact: 0.0000
Metrics/racket_target/impact_center_net_cross: 0.0000
Metrics/racket_target/impact_center_on_opponent: 0.0000
Metrics/racket_target/impact_rim_contact: 0.0000
Metrics/racket_target/impact_rim_net_cross: 0.0000
Metrics/racket_target/impact_rim_on_opponent: 0.0000
Metrics/racket_target/impact_analytic_outer_contact: 0.0000
Metrics/racket_target/impact_analytic_outer_net_cross: 0.0000
Metrics/racket_target/impact_analytic_outer_on_opponent: 0.0000
Metrics/racket_target/impact_planner_pos_error_m: 0.0791
Metrics/racket_target/impact_planner_vel_error_mps: 0.5973
Metrics/racket_target/impact_planner_speed_ratio: 0.8673
Metrics/racket_target/impact_planner_vel_angle_deg: 14.8598
Metrics/racket_target/impact_healthy_normal_ok: 0.0000
Metrics/racket_target/impact_healthy_contact: 0.0000
Metrics/racket_target/impact_healthy_net_cross: 0.0000
Metrics/racket_target/impact_healthy_on_opponent: 0.0000
Metrics/racket_target/current_swing_impact_health_score: 0.0555
Metrics/racket_target/current_swing_healthy_contact: 0.0568
Metrics/racket_target/current_swing_healthy_net_cross: 0.0568
Metrics/racket_target/current_swing_healthy_on_opponent: 0.0000
Metrics/racket_target/current_swing_healthy_normal_ok: 0.1094
Metrics/racket_target/current_swing_contact: 0.0568
Metrics/racket_target/current_swing_net_cross: 0.0568
Metrics/racket_target/current_swing_on_opponent: 0.0000
Metrics/racket_target/current_swing_center_contact: 0.0219
Metrics/racket_target/current_swing_center_net_cross: 0.0219
Metrics/racket_target/current_swing_center_on_opponent: 0.0000
Metrics/racket_target/current_swing_rim_contact: 0.0245
Metrics/racket_target/current_swing_rim_net_cross: 0.0245
Metrics/racket_target/current_swing_rim_on_opponent: 0.0000
Metrics/racket_target/current_swing_analytic_outer_contact: 0.0104
Metrics/racket_target/current_swing_analytic_outer_net_cross: 0.0104
Metrics/racket_target/current_swing_analytic_outer_on_opponent: 0.0000
Metrics/racket_target/cycle_v2_outcome_tier: -1.0000
Metrics/racket_target/cycle_v2_streak: 0.0000
Metrics/racket_target/closed_loop_recovery_trigger_event: 0.0000
Metrics/racket_target/closed_loop_cycle_success_event: 0.0000
Metrics/racket_target/closed_loop_durable_cycle_success_event: 0.0000
Metrics/racket_target/closed_loop_phase_id: 1.1154
Metrics/racket_target/closed_loop_phase_ready_no_command: 0.0221
Metrics/racket_target/closed_loop_phase_command_acquire: 0.8544
Metrics/racket_target/closed_loop_phase_pre_strike: 0.1094
Metrics/racket_target/closed_loop_phase_strike: 0.0141
Metrics/racket_target/closed_loop_phase_follow_through: 0.0000
Metrics/racket_target/closed_loop_phase_recovery: 0.0000
Metrics/racket_target/closed_loop_phase_next_ready: 0.0000
Metrics/racket_target/post_contact_phase_impact_0_100ms_attempts: 4843.6562
Metrics/racket_target/post_contact_phase_impact_0_100ms_tilt_gt_0p1_rate: 1.0000
Metrics/racket_target/post_contact_phase_impact_0_100ms_pitch_gt_0p1_rate: 1.0000
Metrics/racket_target/post_contact_phase_impact_0_100ms_waist_overflow_gt_1p0_rate: 0.0000
Metrics/racket_target/post_contact_phase_impact_0_100ms_base_ang_vel_gt_0p8_rate: 0.9873
Metrics/racket_target/post_contact_phase_brake_100_300ms_attempts: 4768.4062
Metrics/racket_target/post_contact_phase_brake_100_300ms_tilt_gt_0p1_rate: 0.9973
Metrics/racket_target/post_contact_phase_brake_100_300ms_pitch_gt_0p1_rate: 0.9958
Metrics/racket_target/post_contact_phase_brake_100_300ms_waist_overflow_gt_1p0_rate: 0.0000
Metrics/racket_target/post_contact_phase_brake_100_300ms_base_ang_vel_gt_0p8_rate: 0.9958
Metrics/racket_target/post_contact_phase_settle_300_600ms_attempts: 4608.9688
Metrics/racket_target/post_contact_phase_settle_300_600ms_tilt_gt_0p1_rate: 0.8374
Metrics/racket_target/post_contact_phase_settle_300_600ms_pitch_gt_0p1_rate: 0.7905
Metrics/racket_target/post_contact_phase_settle_300_600ms_waist_overflow_gt_1p0_rate: 0.0000
Metrics/racket_target/post_contact_phase_settle_300_600ms_base_ang_vel_gt_0p8_rate: 0.9918
Metrics/racket_target/post_contact_phase_ready_after_600ms_attempts: 4363.0312
Metrics/racket_target/post_contact_phase_ready_after_600ms_tilt_gt_0p1_rate: 0.5688
Metrics/racket_target/post_contact_phase_ready_after_600ms_pitch_gt_0p1_rate: 0.4704
Metrics/racket_target/post_contact_phase_ready_after_600ms_waist_overflow_gt_1p0_rate: 0.0000
Metrics/racket_target/post_contact_phase_ready_after_600ms_base_ang_vel_gt_0p8_rate: 0.9426
Metrics/racket_target/base_pitch_like_signed: 0.0186
Metrics/racket_target/base_backward_velocity: 0.0215
Metrics/racket_target/waist_action_rms: 0.5947
Metrics/racket_target/right_arm_action_rms: 3.8143
Metrics/racket_target/leg_action_rms: 0.4736
Metrics/racket_target/action_abs_max: 7.5927
Metrics/racket_target/applied_action_abs_max: 7.5314
Metrics/racket_target/leg_action_abs_max: 0.9133
Metrics/racket_target/effective_action_abs_max: 7.5314
Metrics/racket_target/action_clamp_fraction: 0.0029
Metrics/racket_target/waist_action_clamp_fraction: 0.0000
Metrics/racket_target/right_arm_action_clamp_fraction: 0.0000
Metrics/racket_target/leg_action_clamp_fraction: 0.0075
Metrics/racket_target/waist_q_tracking_error_rms: 0.3390
Metrics/racket_target/right_arm_q_tracking_error_rms: 0.2029
Metrics/racket_target/leg_q_tracking_error_rms: 0.1820
Metrics/racket_target/waist_torque_clip_fraction: 0.0000
Metrics/racket_target/right_arm_torque_clip_fraction: 0.0009
Metrics/racket_target/leg_torque_clip_fraction: 0.0000
Metrics/racket_target/waist_action_delta_rms: 0.1617
Metrics/racket_target/right_arm_action_delta_rms: 0.9404
Metrics/racket_target/leg_action_delta_rms: 0.2733
Metrics/racket_target/waist_joint_vel_rms: 0.8252
Metrics/racket_target/right_arm_joint_vel_rms: 1.7442
Metrics/racket_target/leg_joint_vel_rms: 0.6910
Metrics/racket_target/recovery_leg_action_abs_max: 0.6944
Metrics/racket_target/recovery_leg_action_delta_rms: 0.2160
Metrics/racket_target/recovery_leg_joint_vel_rms: 0.5260
      Episode_Termination/time_out: 3.7812
  Episode_Termination/base_too_low: 0.0625
   Episode_Termination/base_tilted: 0.0625
   Episode_Termination/table_touch: 0.1562
Episode_Termination/persistent_action_overflow: 0.0000
--------------------------------------------------------------------------------
                   Total timesteps: 1179648
                    Iteration time: 2.45s
                      Time elapsed: 00:00:45
                               ETA: 00:00:07

################################################################################
                     [1m Learning iteration 1818/1820 [0m                     

                       Computation: 26402 steps/s (collection: 2.467s, learning 0.015s)
             Mean action noise std: 0.45
          Mean value_function loss: 0.0655
               Mean surrogate loss: 0.0000
                 Mean entropy loss: 2.8121
      Mean critic_only_warmup loss: 1.0000
                       Mean reward: 14.20
               Mean episode length: 460.74
 Episode_Reward/undesired_contacts: 0.0000
  Episode_Reward/feet_contact_slip: -0.0022
     Episode_Reward/table_no_touch: -0.0005
              Episode_Reward/alive: 0.0090
            Episode_Reward/upright: -0.0072
          Episode_Reward/imitation: 0.3692
    Episode_Reward/racket_position: 0.0684
Episode_Reward/backhand_racket_position: 0.0320
    Episode_Reward/racket_velocity: 0.0446
Episode_Reward/planner_racket_task_space_crossfade: 0.2809
Episode_Reward/exact_impact_planner_task_space_alignment: 0.0063
    Episode_Reward/blade_direction: 0.0409
Episode_Reward/health_gated_soft_ball_contact: 0.0442
Episode_Reward/health_gated_backhand_soft_ball_contact: 0.0294
Episode_Reward/health_gated_ball_contact: 0.0078
Episode_Reward/healthy_trunk_support: 0.0646
Episode_Reward/targeted_strike_attempt: 0.0102
  Episode_Reward/strike_inactivity: -0.0001
 Episode_Reward/pre_strike_station: 0.0655
    Episode_Reward/recovery_health: 0.0561
Episode_Reward/no_command_ready_stability: 0.0010
Episode_Reward/post_strike_base_ang_vel: 0.0107
Episode_Reward/phase_action_overflow: -0.0001
     Episode_Reward/strike_balance: 0.0261
Episode_Reward/prestrike_station_progress: 0.0154
 Episode_Reward/lower_body_support: 0.0388
Episode_Reward/termination_penalty: -0.0189
Episode_Reward/phase_action_rate_waist: -0.0003
Episode_Reward/phase_action_rate_upper: -0.0064
Episode_Reward/phase_action_rate_legs: -0.0003
        Episode_Reward/joint_limit: -0.0355
Episode_Reward/prestrike_racket_progress: 0.1936
Episode_Reward/near_impact_planner_velocity_progress: 0.0406
Episode_Reward/operational_joint_margin: -0.0055
  Episode_Reward/joint_target_slew: -0.0311
Episode_Reward/actuator_waist_feasibility: -0.0000
Episode_Reward/actuator_right_arm_feasibility: -0.0000
Episode_Reward/actuator_leg_feasibility: -0.0000
Episode_Reward/terminal_quality_window: 0.0012
Episode_Reward/safe_terminal_quality: 0.0022
Episode_Reward/unsafe_terminal_recovery: -0.0000
Episode_Reward/capability_gated_safe_terminal_outcome: 0.0179
Episode_Reward/targeted_contact_miss: -0.0029
    Metrics/motion/error_joint_pos: 2.1438
    Metrics/motion/error_joint_vel: 6.5847
     Metrics/motion/error_body_pos: 0.1584
     Metrics/motion/error_body_rot: 0.8347
       Metrics/motion/motion_phase: 0.1383
            Metrics/motion/in_hold: 0.4106
Metrics/motion/motion_start_warmup_prob: 0.8000
Metrics/motion/motion_start_lifecycle_progress: 0.0000
Metrics/motion/motion_start_effective_prestrike_fraction: 1.0000
Metrics/motion/motion_start_effective_recovery_fraction: 0.0000
Metrics/motion/motion_start_effective_rsi_fraction: 0.0000
 Metrics/motion/motion_start_reset: 0.0301
Metrics/motion/motion_start_prestrike_reset: 0.0000
Metrics/motion/motion_start_recovery_reset: 0.0000
Metrics/motion/motion_start_rsi_reset: 0.0000
 Metrics/motion/single_cycle_reset: 0.0000
     Metrics/motion/motion_clip_id: 0.6173
Metrics/motion/motion_supplemental_clip: 0.0000
      Metrics/motion/stand_episode: 0.0141
Metrics/motion/default_stand_reset: 0.0547
Metrics/motion/error_body_pos_lower: 0.1887
Metrics/motion/error_body_rot_lower: 1.0149
Metrics/motion/error_body_lin_vel_lower: 0.2215
Metrics/motion/error_body_ang_vel_lower: 0.9981
Metrics/motion/reference_body_lin_speed_lower: 0.0313
Metrics/motion/robot_body_lin_speed_lower: 0.2091
Metrics/motion/error_body_pos_core: 0.0625
Metrics/motion/error_body_rot_core: 0.5737
Metrics/motion/error_body_lin_vel_core: 0.3371
Metrics/motion/error_body_ang_vel_core: 1.2643
Metrics/motion/reference_body_lin_speed_core: 0.0168
Metrics/motion/robot_body_lin_speed_core: 0.3377
Metrics/motion/error_body_pos_upper: 0.1602
Metrics/motion/error_body_rot_upper: 0.7415
Metrics/motion/error_body_lin_vel_upper: 0.8772
Metrics/motion/error_body_ang_vel_upper: 2.9085
Metrics/motion/reference_body_lin_speed_upper: 0.0346
Metrics/motion/robot_body_lin_speed_upper: 0.8749
Metrics/motion/error_joint_pos_waist: 0.7948
Metrics/motion/error_joint_vel_waist: 1.3692
Metrics/motion/reference_joint_speed_waist: 0.0408
Metrics/motion/error_joint_pos_arms: 1.8262
Metrics/motion/error_joint_vel_arms: 5.7350
Metrics/motion/reference_joint_speed_arms: 0.0809
Metrics/motion/error_joint_pos_legs: 0.7254
Metrics/motion/error_joint_vel_legs: 2.6192
Metrics/motion/reference_joint_speed_legs: 0.0084
Metrics/racket_target/racket_pos_error: 0.1418
Metrics/racket_target/racket_vel_error: 1.3768
Metrics/racket_target/time_to_strike: 0.8156
Metrics/racket_target/return_success: 0.0195
Metrics/racket_target/prev_return_success: 0.0195
Metrics/racket_target/prev_net_cross: 0.5309
Metrics/racket_target/current_net_cross: 0.0271
Metrics/racket_target/racket_pos_curriculum_scale: 1.0000
Metrics/racket_target/impact_inverse_command_blend: 0.0000
Metrics/racket_target/steps_since_target_resample: 37.3306
Metrics/racket_target/recovery_height_error: 0.0473
Metrics/racket_target/recovery_upright_error: 0.1599
Metrics/racket_target/recovery_base_lin_vel: 0.2768
Metrics/racket_target/recovery_base_ang_vel: 1.1274
Metrics/racket_target/recovery_station_error: 0.1160
Metrics/racket_target/recovery_feet_contact_frac: 0.9716
Metrics/racket_target/recovery_racket_speed: 1.9766
Metrics/racket_target/recovery_height_score: 0.8303
Metrics/racket_target/recovery_upright_score: 0.7705
Metrics/racket_target/recovery_lin_vel_score: 0.6121
Metrics/racket_target/recovery_ang_vel_score: 0.2580
Metrics/racket_target/recovery_station_score: 0.8004
Metrics/racket_target/recovery_racket_score: 0.0774
Metrics/racket_target/recovery_arm_score: 0.4939
Metrics/racket_target/recovery_ready_score: 0.6454
Metrics/racket_target/recovery_anchor_arm_score: 1.0000
Metrics/racket_target/recovery_core_ready_score: 0.5189
Metrics/racket_target/recovery_functional_ready_score: 0.4420
Metrics/racket_target/waist_action_overflow_rms: 0.0008
Metrics/racket_target/right_arm_action_overflow_rms: 0.0007
Metrics/racket_target/leg_action_overflow_rms: 0.0127
Metrics/racket_target/operational_margin_fraction: 0.0086
Metrics/racket_target/waist_operational_margin_fraction: 0.0151
Metrics/racket_target/right_arm_operational_margin_fraction: 0.0020
Metrics/racket_target/leg_operational_margin_fraction: 0.0171
Metrics/racket_target/waist_operational_excess_rms: 0.0013
Metrics/racket_target/right_arm_operational_excess_rms: 0.0002
Metrics/racket_target/leg_operational_excess_rms: 0.0070
Metrics/racket_target/q_des_velocity_violation_fraction: 0.0920
Metrics/racket_target/waist_q_des_velocity_violation_fraction: 0.0152
Metrics/racket_target/right_arm_q_des_velocity_violation_fraction: 0.1129
Metrics/racket_target/leg_q_des_velocity_violation_fraction: 0.1150
Metrics/racket_target/q_des_acceleration_violation_fraction: 0.7109
Metrics/racket_target/waist_q_des_acceleration_violation_fraction: 0.5999
Metrics/racket_target/right_arm_q_des_acceleration_violation_fraction: 0.8267
Metrics/racket_target/leg_q_des_acceleration_violation_fraction: 0.7645
Metrics/racket_target/waist_q_des_velocity_rms: 3.7682
Metrics/racket_target/right_arm_q_des_velocity_rms: 8.7693
Metrics/racket_target/leg_q_des_velocity_rms: 7.3138
Metrics/racket_target/waist_q_des_acceleration_rms: 316.4878
Metrics/racket_target/right_arm_q_des_acceleration_rms: 746.4871
Metrics/racket_target/leg_q_des_acceleration_rms: 628.9332
Metrics/racket_target/action_operational_feasibility_score: 0.9147
Metrics/racket_target/actuator_overflow_consecutive_steps: 0.0000
Metrics/racket_target/actuator_overflow_severe: 0.0000
Metrics/racket_target/recovery_phase_gate: 0.7995
Metrics/racket_target/recovery_phase_ready_score: 0.5224
Metrics/racket_target/recovery_contact_ready_score: 0.0150
Metrics/racket_target/recovery_net_ready_score: 0.0150
Metrics/racket_target/recovery_return_ready_score: 0.0000
Metrics/racket_target/cycle_success_ready_score: 0.0148
Metrics/racket_target/cycle_success_soft: 0.0126
Metrics/racket_target/cycle_success_binary: 0.0143
Metrics/racket_target/cycle_v2_pending: 0.0000
Metrics/racket_target/cycle_v2_attempt_latch: 0.0000
Metrics/racket_target/cycle_v2_ready_success_latch: 0.0000
Metrics/racket_target/cycle_v2_ready_fail_latch: 0.0000
Metrics/racket_target/cycle_v2_attempt_event: 0.0000
Metrics/racket_target/cycle_v2_ready_success_event: 0.0000
Metrics/racket_target/cycle_v2_ready_fail_event: 0.0000
Metrics/racket_target/cycle_v2_unresolved_resample_fail_event: 0.0000
Metrics/racket_target/cycle_v2_resolved_event: 0.0000
Metrics/racket_target/cycle_v2_command_visible_steps: 0.0000
Metrics/racket_target/cycle_v2_elapsed_steps: 0.0000
Metrics/racket_target/cycle_v2_ready_score: 0.0000
Metrics/racket_target/cycle_v2_ready_ok: 0.0000
Metrics/racket_target/cycle_v2_visible: 0.0000
Metrics/racket_target/cycle_v2_ready_score_ok: 0.0000
Metrics/racket_target/cycle_v2_height_ok: 0.0000
Metrics/racket_target/cycle_v2_upright_ok: 0.0000
Metrics/racket_target/cycle_v2_base_lin_vel_ok: 0.0000
Metrics/racket_target/cycle_v2_base_ang_vel_ok: 0.0000
Metrics/racket_target/cycle_v2_feet_ok: 0.0000
Metrics/racket_target/cycle_v2_core_ready_ok: 0.0000
Metrics/racket_target/cycle_v2_ready_consecutive_steps: 0.0000
Metrics/racket_target/single_cycle_bootstrap: 0.0000
Metrics/racket_target/single_cycle_swing_completed: 0.0000
Metrics/racket_target/single_cycle_recovery_active: 0.0000
Metrics/racket_target/single_cycle_recovery_elapsed_steps: 0.0000
Metrics/racket_target/single_cycle_ready_consecutive_steps: 0.0000
Metrics/racket_target/single_cycle_safe_timeout_event: 0.0000
Metrics/racket_target/single_cycle_deadline_timeout_event: 0.0000
Metrics/racket_target/single_cycle_timeout_latch: 0.0000
Metrics/racket_target/single_cycle_hard_failure_event: 0.0000
Metrics/racket_target/single_cycle_probability: 0.0000
Metrics/racket_target/single_cycle_curriculum_level: 0.0000
Metrics/racket_target/single_cycle_effective_deadline_steps: 100.0000
Metrics/racket_target/single_cycle_selected_events: 0.0000
Metrics/racket_target/single_cycle_completed_events: 0.0000
Metrics/racket_target/single_cycle_safe_timeout_events: 0.0000
Metrics/racket_target/single_cycle_deadline_timeout_events: 0.0000
Metrics/racket_target/single_cycle_hard_failure_events: 0.0000
Metrics/racket_target/active_ready_consecutive_steps: 0.0339
Metrics/racket_target/active_ready_success_event: 0.0000
Metrics/racket_target/active_ready_success_latch: 0.0000
Metrics/racket_target/active_ready_survival_steps: 0.0000
Metrics/racket_target/active_ready_survival_next_milestone: 0.0000
Metrics/racket_target/active_ready_survival_milestone_event: 0.0000
Metrics/racket_target/no_command_ready_active: 0.0245
Metrics/racket_target/no_command_from_stand_episode: 0.0141
Metrics/racket_target/no_command_from_default_stand_reset: 0.0141
Metrics/racket_target/no_command_ready_upright_ok: 0.0182
Metrics/racket_target/no_command_ready_motion_ok: 0.0182
Metrics/racket_target/no_command_ready_score: 0.0151
Metrics/racket_target/no_command_ready_progress: 0.0173
Metrics/racket_target/no_command_ready_station_error: 0.0034
Metrics/racket_target/no_command_ready_fixed_station_error: 0.0034
Metrics/racket_target/healthy_training_stage: 3.0000
Metrics/racket_target/healthy_stage_planted_rehearsal: 0.0000
Metrics/racket_target/healthy_stage_station_hold_seen: 0.0000
Metrics/racket_target/healthy_stage_station_arrived: 0.0000
Metrics/racket_target/healthy_stage_station_settled: 0.0000
Metrics/racket_target/healthy_stage_station_settle_steps: 0.0000
Metrics/racket_target/station_relocation_active: 0.0000
Metrics/racket_target/station_relocation_target_offset_y: 0.0000
Metrics/racket_target/station_relocation_error: 0.0000
Metrics/racket_target/station_relocation_arrival_event: 0.0000
Metrics/racket_target/station_relocation_settle_event: 0.0000
Metrics/racket_target/station_relocation_release_event: 0.0000
Metrics/racket_target/station_relocation_timeout_event: 0.0000
Metrics/racket_target/station_relocation_elapsed_steps: 0.0000
Metrics/racket_target/station_relocation_hold_deadline_steps: 0.0000
Metrics/racket_target/lifecycle_recovery_hold_active: 0.0000
Metrics/racket_target/lifecycle_recovery_release_success_event: 0.0000
Metrics/racket_target/lifecycle_recovery_release_fail_event: 0.0000
Metrics/racket_target/station_relocation_level: 0.0000
Metrics/racket_target/station_relocation_arrival_ema: 0.0000
Metrics/racket_target/station_relocation_settle_ema: 0.0000
Metrics/racket_target/station_relocation_contact_ema: 0.0000
Metrics/racket_target/station_relocation_safety_ema: 0.0000
Metrics/racket_target/station_relocation_resolved_events: 0.0000
Metrics/racket_target/station_relocation_terminal_reset_events: 0.0000
Metrics/racket_target/station_relocation_advance_streak: 0.0000
Metrics/racket_target/station_relocation_regress_streak: 0.0000
Metrics/racket_target/station_relocation_effective_max_lin_vel: 0.0000
Metrics/racket_target/station_relocation_effective_max_ang_vel: 0.0000
Metrics/racket_target/station_relocation_effective_min_settle_steps: 0.0000
Metrics/racket_target/ability_curriculum_level: 0.0000
Metrics/racket_target/ability_curriculum_scale: 1.0000
Metrics/racket_target/ability_curriculum_resolved_events: 1240.4688
Metrics/racket_target/ability_curriculum_total_resolved_events: 5340.4688
Metrics/racket_target/ability_curriculum_advance_streak: 0.0000
Metrics/racket_target/ability_curriculum_regress_streak: 0.0000
Metrics/racket_target/ability_contact_ema: 0.6858
Metrics/racket_target/ability_net_ema: 0.6590
Metrics/racket_target/ability_success_ema: 0.0265
Metrics/racket_target/ability_recovery_ema: 0.8041
Metrics/racket_target/ability_cycle_ema: 0.0265
Metrics/racket_target/ability_cycle_attempt_ema: 0.0265
Metrics/racket_target/ability_cycle_resolved_ema: 0.0265
Metrics/racket_target/ability_forehand_contact_ema: 0.7276
Metrics/racket_target/ability_forehand_net_ema: 0.7030
Metrics/racket_target/ability_forehand_success_ema: 0.0325
Metrics/racket_target/ability_backhand_contact_ema: 0.6548
Metrics/racket_target/ability_backhand_net_ema: 0.6243
Metrics/racket_target/ability_backhand_success_ema: 0.0284
Metrics/racket_target/ability_attempt_ema: 1.0000
Metrics/racket_target/ability_targeted_attempt_ema: 0.9982
Metrics/racket_target/impact_health_floor_progress: 0.0000
Metrics/racket_target/ability_safety_ema: 0.9283
Metrics/racket_target/ability_station_saturation_ema: 0.0000
Metrics/racket_target/ability_healthy_normal_ema: 1.0000
Metrics/racket_target/ability_station_arrival_ema: 0.0000
Metrics/racket_target/ability_station_settle_ema: 0.0000
Metrics/racket_target/safe_outcome_capability_gate: 0.8782
Metrics/racket_target/planner_hit_plane_blend: 1.0000
Metrics/racket_target/planner_hit_plane_x_delta: 0.0368
Metrics/racket_target/true_strike_table_x: 0.2000
Metrics/racket_target/planner_target_table_x: 0.2000
Metrics/racket_target/workspace_level: 0.0000
Metrics/racket_target/workspace_fringe_sample: 0.0000
Metrics/racket_target/workspace_target_lateral_norm: 0.3026
Metrics/racket_target/workspace_target_table_y: -0.2186
Metrics/racket_target/workspace_playable_y_min: -0.7225
Metrics/racket_target/workspace_playable_y_max: 0.7225
Metrics/racket_target/workspace_active_y_lo: -0.2801
Metrics/racket_target/workspace_active_y_hi: -0.1484
Metrics/racket_target/workspace_motion_seed_blend: 0.0000
Metrics/racket_target/planner_perturb_curriculum_scale: 1.0000
Metrics/racket_target/incoming_ball_horizontal_speed: 2.2509
Metrics/racket_target/incoming_ball_speed: 4.6100
Metrics/racket_target/incoming_ball_speed_curriculum_level: 0.0000
Metrics/racket_target/incoming_ball_speed_sample_low: 0.0000
Metrics/racket_target/incoming_ball_speed_sample_high: 0.0000
Metrics/racket_target/station_saturated: 0.0000
Metrics/racket_target/station_raw_clip_excess: 0.0000
Metrics/racket_target/station_saturated_x: 0.0000
Metrics/racket_target/station_saturated_y: 0.0000
Metrics/racket_target/station_raw_clip_excess_x: 0.0000
Metrics/racket_target/station_raw_clip_excess_y: 0.0000
Metrics/racket_target/current_swing_opportunity: 0.1522
Metrics/racket_target/current_swing_attempt: 0.1522
Metrics/racket_target/current_swing_targeted_attempt: 0.1131
Metrics/racket_target/prev_swing_targeted_attempt: 0.9152
Metrics/racket_target/current_swing_unsafe: 0.1058
Metrics/racket_target/current_swing_station_saturated: 0.0000
Metrics/racket_target/impact_health_score: 0.8152
Metrics/racket_target/impact_health_ok: 0.8274
Metrics/racket_target/impact_health_backlean_violation: 0.0334
Metrics/racket_target/impact_health_waist_backfold: 0.0130
Metrics/racket_target/impact_health_base_retreat: 0.0452
Metrics/racket_target/impact_health_torso_gravity_x: 0.3016
Metrics/racket_target/impact_health_torso_ang_vel: 0.6734
Metrics/racket_target/impact_health_com_x: 0.0631
Metrics/racket_target/impact_health_com_y: 0.0482
Metrics/racket_target/post_contact_ready_pending: 0.0000
Metrics/racket_target/post_contact_ready_elapsed_steps: 0.3438
Metrics/racket_target/post_contact_ready_consecutive_steps: 0.0000
Metrics/racket_target/post_contact_ready_diagnostic_pending: 0.0000
Metrics/racket_target/post_contact_ready_diagnostic_elapsed_steps: 1.0292
Metrics/racket_target/post_contact_ready_durable_pending: 0.0000
Metrics/racket_target/post_contact_ready_durable_consecutive_steps: 0.0000
Metrics/racket_target/post_contact_ready_durable_ready_now: 0.0000
Metrics/racket_target/post_contact_ready_durable_success_event: 0.0000
Metrics/racket_target/post_contact_ready_durable_fail_event: 0.0000
Metrics/racket_target/post_contact_ready_durable_resolution_success_rate: 0.2624
Metrics/racket_target/post_contact_ready_durable_resolution_fail_rate: 0.6847
Metrics/racket_target/post_contact_ready_durable_resolution_success_latency_steps: 35.0000
Metrics/racket_target/post_contact_ready_durable_resolution_fail_latency_steps: 33.6382
Metrics/racket_target/post_contact_ready_durable_fail_backlean_rate: 0.0482
Metrics/racket_target/post_contact_ready_durable_fail_forward_lean_rate: 0.8468
Metrics/racket_target/post_contact_ready_durable_fail_torso_ang_vel_rate: 0.0485
Metrics/racket_target/post_contact_ready_durable_fail_base_lin_vel_rate: 0.0494
Metrics/racket_target/post_contact_ready_durable_fail_base_ang_vel_rate: 0.4170
Metrics/racket_target/post_contact_ready_durable_fail_racket_speed_rate: 0.0482
Metrics/racket_target/post_contact_ready_durable_fail_height_rate: 0.0482
Metrics/racket_target/post_contact_ready_durable_fail_com_x_rate: 0.0514
Metrics/racket_target/post_contact_ready_durable_fail_com_y_rate: 0.0482
Metrics/racket_target/post_contact_ready_durable_fail_feet_rate: 0.0482
Metrics/racket_target/post_contact_ready_durable_fail_station_rate: 0.0485
Metrics/racket_target/post_contact_ready_durable_fail_arm_rate: 0.0482
Metrics/racket_target/post_contact_ready_terminal_window_active: 0.0000
Metrics/racket_target/post_contact_ready_terminal_quality: 0.0201
Metrics/racket_target/post_contact_ready_terminal_settlement_event: 0.0000
Metrics/racket_target/post_contact_ready_operational_ready_now: 0.0000
Metrics/racket_target/post_contact_ready_operational_consecutive_steps: 0.0000
Metrics/racket_target/post_contact_ready_safe_settlement_event: 0.0000
Metrics/racket_target/post_contact_ready_unsafe_settlement_event: 0.0000
Metrics/racket_target/post_contact_ready_incomplete_settlement_event: 0.0000
Metrics/racket_target/post_contact_ready_safe_net_cycle_event: 0.0000
Metrics/racket_target/post_contact_ready_terminal_quality_mean: 0.9256
Metrics/racket_target/post_contact_ready_safe_terminal_quality_mean: 0.9359
Metrics/racket_target/post_contact_ready_terminal_safe_rate: 0.7015
Metrics/racket_target/post_contact_ready_terminal_unsafe_rate: 0.0302
Metrics/racket_target/post_contact_ready_terminal_incomplete_rate: 0.2683
Metrics/racket_target/post_contact_ready_safe_net_cycle_rate: 0.6794
Metrics/racket_target/post_contact_ready_score: 0.6838
Metrics/racket_target/post_contact_ready_now: 0.0000
Metrics/racket_target/post_contact_ready_success_event: 0.0000
Metrics/racket_target/post_contact_ready_fail_event: 0.0000
Metrics/racket_target/post_contact_ready_outcome_tier: -0.9458
Metrics/racket_target/post_contact_ready_face_quality: 0.0271
Metrics/racket_target/post_contact_ready_safe_face_net_cycle_value: 0.0000
Metrics/racket_target/post_contact_ready_planner_speed_ratio: 0.0325
Metrics/racket_target/post_contact_ready_planner_direction_error_rad: 0.0113
Metrics/racket_target/post_contact_ready_planner_position_error: 0.0017
Metrics/racket_target/post_contact_ready_impact_health_score: 0.0261
Metrics/racket_target/post_contact_ready_peak_base_ang_vel: 0.0525
Metrics/racket_target/post_contact_ready_peak_ang_vel_excess_increment: 0.0000
Metrics/racket_target/post_contact_ready_envelope_violation_latch: 0.0063
Metrics/racket_target/post_contact_ready_envelope_violation_event: 0.0000
Metrics/racket_target/post_contact_ready_envelope_first_violation_step: -0.7625
Metrics/racket_target/post_contact_ready_envelope_attempts: 5087.7188
Metrics/racket_target/post_contact_ready_envelope_violation_rate: 0.0305
Metrics/racket_target/post_contact_ready_envelope_tilt_violation_rate: 0.0000
Metrics/racket_target/post_contact_ready_envelope_pitch_violation_rate: 0.0000
Metrics/racket_target/post_contact_ready_envelope_com_violation_rate: 0.0004
Metrics/racket_target/post_contact_ready_envelope_waist_violation_rate: 0.0000
Metrics/racket_target/post_contact_ready_envelope_leg_violation_rate: 0.0000
Metrics/racket_target/post_contact_ready_envelope_base_ang_vel_violation_rate: 0.0301
Metrics/racket_target/post_contact_ready_resolution_success_rate: 0.9833
Metrics/racket_target/post_contact_ready_resolution_fail_rate: 0.0100
Metrics/racket_target/post_contact_ready_resolution_success_latency_steps: 4.8894
Metrics/racket_target/post_contact_ready_resolution_fail_latency_steps: 13.4695
Metrics/racket_target/post_contact_ready_max_tilt: 0.0050
Metrics/racket_target/post_contact_ready_max_abs_pitch: 0.0050
Metrics/racket_target/post_contact_ready_max_com_x: 0.0022
Metrics/racket_target/post_contact_ready_max_com_y: 0.0017
Metrics/racket_target/post_contact_ready_max_waist_overflow: 0.0000
Metrics/racket_target/post_contact_ready_max_leg_overflow: 0.0014
Metrics/racket_target/post_contact_ready_settlement_velocity_score_ema: 0.6350
Metrics/racket_target/post_contact_ready_settlement_position_gate_ema: 0.7778
Metrics/racket_target/post_contact_ready_settlement_health_gate_ema: 0.9797
Metrics/racket_target/post_contact_ready_settlement_recovery_gate_ema: 0.4631
Metrics/racket_target/post_contact_ready_settlement_total_score_ema: 0.2221
Metrics/racket_target/post_contact_recovery_backlean_error: 0.0768
Metrics/racket_target/post_contact_recovery_directional_progress: 0.0000
Metrics/racket_target/post_contact_ready_torso_ok: 0.0675
Metrics/racket_target/post_contact_ready_motion_ok: 0.6742
Metrics/racket_target/post_contact_ready_support_ok: 0.8527
Metrics/racket_target/post_contact_ready_arm_ok: 1.0000
Metrics/racket_target/post_contact_ready_base_lin_vel_ok: 0.8527
Metrics/racket_target/post_contact_ready_base_ang_vel_ok: 0.7099
Metrics/racket_target/post_contact_ready_racket_speed_ok: 0.9073
Metrics/racket_target/post_contact_ready_height_ok: 0.9294
Metrics/racket_target/post_contact_ready_com_x_ok: 0.8605
Metrics/racket_target/post_contact_ready_com_y_ok: 0.9242
Metrics/racket_target/post_contact_ready_feet_ok: 0.9955
Metrics/racket_target/post_contact_ready_station_ok: 0.8527
Metrics/racket_target/post_contact_ready_fail_torso: 0.0000
Metrics/racket_target/post_contact_ready_fail_base_lin_vel: 0.0000
Metrics/racket_target/post_contact_ready_fail_base_ang_vel: 0.0000
Metrics/racket_target/post_contact_ready_fail_racket_speed: 0.0000
Metrics/racket_target/post_contact_ready_fail_support: 0.0000
Metrics/racket_target/post_contact_ready_fail_arm: 0.0000
Metrics/racket_target/post_contact_ready_shadow_now: 0.0000
Metrics/racket_target/post_contact_ready_shadow_consecutive_steps: 0.0000
Metrics/racket_target/post_contact_ready_shadow_success_latch: 0.0000
Metrics/racket_target/post_contact_ready_curriculum_level: 0.0000
Metrics/racket_target/post_contact_ready_curriculum_fraction: 1.0000
Metrics/racket_target/post_contact_ready_curriculum_success_ema: 0.0000
Metrics/racket_target/post_contact_ready_curriculum_shadow_success_ema: 0.0000
Metrics/racket_target/post_contact_ready_curriculum_resolved_events: 0.0000
Metrics/racket_target/post_contact_ready_curriculum_successful_events: 0.0000
Metrics/racket_target/post_contact_ready_curriculum_targeted_attempt_ema: 0.0000
Metrics/racket_target/post_contact_ready_curriculum_return_success_ema: 0.0000
Metrics/racket_target/post_contact_ready_curriculum_completed_swings: 0.0000
Metrics/racket_target/post_contact_ready_curriculum_advance_streak: 0.0000
Metrics/racket_target/post_contact_ready_curriculum_advance_guard_ok: 0.0000
Metrics/racket_target/post_contact_ready_effective_max_torso_ang_vel: 1.5000
Metrics/racket_target/post_contact_ready_effective_torso_x_min: -0.1200
Metrics/racket_target/post_contact_ready_effective_torso_x_max: 0.3200
Metrics/racket_target/post_contact_ready_effective_max_base_lin_vel: 0.4500
Metrics/racket_target/post_contact_ready_effective_max_base_ang_vel: 1.3000
Metrics/racket_target/post_contact_ready_effective_max_racket_speed: 3.0000
Metrics/racket_target/post_contact_ready_effective_min_feet_contact: 0.5000
Metrics/racket_target/post_contact_ready_effective_required_consecutive_steps: 3.0000
Metrics/racket_target/post_contact_ready_effective_deadline_steps: 40.0000
Metrics/racket_target/post_contact_ready_curriculum_advance_threshold: 1.0000
Metrics/racket_target/post_contact_ready_curriculum_advance_min_events: 0.0000
Metrics/racket_target/post_contact_ready_curriculum_shadow_threshold: 1.0000
Metrics/racket_target/post_contact_ready_curriculum_min_targeted_attempt_ema: 0.0000
Metrics/racket_target/post_contact_ready_curriculum_min_return_success_ema: 0.0000
Metrics/racket_target/post_contact_ready_curriculum_min_completed_swings: 1.0000
Metrics/racket_target/post_contact_ready_curriculum_required_advance_checks: 1.0000
Metrics/racket_target/racket_normal_error_deg: 60.0401
Metrics/racket_target/impact_normal_error_deg: 2.4924
Metrics/racket_target/impact_racket_vel_error_mps: 0.6663
Metrics/racket_target/impact_racket_speed_ratio: 0.8810
Metrics/racket_target/impact_racket_vel_angle_deg: 16.5919
Metrics/racket_target/impact_racket_actual_vel_x: 0.8109
Metrics/racket_target/impact_racket_actual_vel_y: 0.0573
Metrics/racket_target/impact_racket_actual_vel_z: 1.3644
Metrics/racket_target/impact_racket_target_vel_x: 1.2152
Metrics/racket_target/impact_racket_target_vel_y: -0.0114
Metrics/racket_target/impact_racket_target_vel_z: 1.3415
Metrics/racket_target/impact_ball_out_error_mps: 4.4755
Metrics/racket_target/impact_face_radial_error_m: 0.0770
Metrics/racket_target/impact_face_normal_gap_m: 0.0556
Metrics/racket_target/impact_face_quality: 0.6237
Metrics/racket_target/impact_center_contact: 0.0000
Metrics/racket_target/impact_center_net_cross: 0.0000
Metrics/racket_target/impact_center_on_opponent: 0.0000
Metrics/racket_target/impact_rim_contact: 0.0000
Metrics/racket_target/impact_rim_net_cross: 0.0000
Metrics/racket_target/impact_rim_on_opponent: 0.0000
Metrics/racket_target/impact_analytic_outer_contact: 0.0000
Metrics/racket_target/impact_analytic_outer_net_cross: 0.0000
Metrics/racket_target/impact_analytic_outer_on_opponent: 0.0000
Metrics/racket_target/impact_planner_pos_error_m: 0.1027
Metrics/racket_target/impact_planner_vel_error_mps: 0.6663
Metrics/racket_target/impact_planner_speed_ratio: 0.8810
Metrics/racket_target/impact_planner_vel_angle_deg: 16.5919
Metrics/racket_target/impact_healthy_normal_ok: 0.0000
Metrics/racket_target/impact_healthy_contact: 0.0000
Metrics/racket_target/impact_healthy_net_cross: 0.0000
Metrics/racket_target/impact_healthy_on_opponent: 0.0000
Metrics/racket_target/current_swing_impact_health_score: 0.0261
Metrics/racket_target/current_swing_healthy_contact: 0.0271
Metrics/racket_target/current_swing_healthy_net_cross: 0.0271
Metrics/racket_target/current_swing_healthy_on_opponent: 0.0000
Metrics/racket_target/current_swing_healthy_normal_ok: 0.1131
Metrics/racket_target/current_swing_contact: 0.0271
Metrics/racket_target/current_swing_net_cross: 0.0271
Metrics/racket_target/current_swing_on_opponent: 0.0000
Metrics/racket_target/current_swing_center_contact: 0.0271
Metrics/racket_target/current_swing_center_net_cross: 0.0271
Metrics/racket_target/current_swing_center_on_opponent: 0.0000
Metrics/racket_target/current_swing_rim_contact: 0.0000
Metrics/racket_target/current_swing_rim_net_cross: 0.0000
Metrics/racket_target/current_swing_rim_on_opponent: 0.0000
Metrics/racket_target/current_swing_analytic_outer_contact: 0.0000
Metrics/racket_target/current_swing_analytic_outer_net_cross: 0.0000
Metrics/racket_target/current_swing_analytic_outer_on_opponent: 0.0000
Metrics/racket_target/cycle_v2_outcome_tier: -1.0000
Metrics/racket_target/cycle_v2_streak: 0.0000
Metrics/racket_target/closed_loop_recovery_trigger_event: 0.0000
Metrics/racket_target/closed_loop_cycle_success_event: 0.0000
Metrics/racket_target/closed_loop_durable_cycle_success_event: 0.0000
Metrics/racket_target/closed_loop_phase_id: 1.1160
Metrics/racket_target/closed_loop_phase_ready_no_command: 0.0245
Metrics/racket_target/closed_loop_phase_command_acquire: 0.8350
Metrics/racket_target/closed_loop_phase_pre_strike: 0.1405
Metrics/racket_target/closed_loop_phase_strike: 0.0000
Metrics/racket_target/closed_loop_phase_follow_through: 0.0000
Metrics/racket_target/closed_loop_phase_recovery: 0.0000
Metrics/racket_target/closed_loop_phase_next_ready: 0.0000
Metrics/racket_target/post_contact_phase_impact_0_100ms_attempts: 5087.7188
Metrics/racket_target/post_contact_phase_impact_0_100ms_tilt_gt_0p1_rate: 1.0000
Metrics/racket_target/post_contact_phase_impact_0_100ms_pitch_gt_0p1_rate: 1.0000
Metrics/racket_target/post_contact_phase_impact_0_100ms_waist_overflow_gt_1p0_rate: 0.0000
Metrics/racket_target/post_contact_phase_impact_0_100ms_base_ang_vel_gt_0p8_rate: 0.9868
Metrics/racket_target/post_contact_phase_brake_100_300ms_attempts: 5019.4688
Metrics/racket_target/post_contact_phase_brake_100_300ms_tilt_gt_0p1_rate: 0.9972
Metrics/racket_target/post_contact_phase_brake_100_300ms_pitch_gt_0p1_rate: 0.9956
Metrics/racket_target/post_contact_phase_brake_100_300ms_waist_overflow_gt_1p0_rate: 0.0000
Metrics/racket_target/post_contact_phase_brake_100_300ms_base_ang_vel_gt_0p8_rate: 0.9956
Metrics/racket_target/post_contact_phase_settle_300_600ms_attempts: 4871.6875
Metrics/racket_target/post_contact_phase_settle_300_600ms_tilt_gt_0p1_rate: 0.8403
Metrics/racket_target/post_contact_phase_settle_300_600ms_pitch_gt_0p1_rate: 0.7947
Metrics/racket_target/post_contact_phase_settle_300_600ms_waist_overflow_gt_1p0_rate: 0.0000
Metrics/racket_target/post_contact_phase_settle_300_600ms_base_ang_vel_gt_0p8_rate: 0.9927
Metrics/racket_target/post_contact_phase_ready_after_600ms_attempts: 4625.7812
Metrics/racket_target/post_contact_phase_ready_after_600ms_tilt_gt_0p1_rate: 0.5729
Metrics/racket_target/post_contact_phase_ready_after_600ms_pitch_gt_0p1_rate: 0.4762
Metrics/racket_target/post_contact_phase_ready_after_600ms_waist_overflow_gt_1p0_rate: 0.0000
Metrics/racket_target/post_contact_phase_ready_after_600ms_base_ang_vel_gt_0p8_rate: 0.9414
Metrics/racket_target/base_pitch_like_signed: -0.0236
Metrics/racket_target/base_backward_velocity: 0.0803
Metrics/racket_target/waist_action_rms: 0.5946
Metrics/racket_target/right_arm_action_rms: 3.8695
Metrics/racket_target/leg_action_rms: 0.5009
Metrics/racket_target/action_abs_max: 7.6868
Metrics/racket_target/applied_action_abs_max: 7.6162
Metrics/racket_target/leg_action_abs_max: 0.9806
Metrics/racket_target/effective_action_abs_max: 7.6162
Metrics/racket_target/action_clamp_fraction: 0.0054
Metrics/racket_target/waist_action_clamp_fraction: 0.0021
Metrics/racket_target/right_arm_action_clamp_fraction: 0.0009
Metrics/racket_target/leg_action_clamp_fraction: 0.0129
Metrics/racket_target/waist_q_tracking_error_rms: 0.3450
Metrics/racket_target/right_arm_q_tracking_error_rms: 0.2080
Metrics/racket_target/leg_q_tracking_error_rms: 0.1903
Metrics/racket_target/waist_torque_clip_fraction: 0.0000
Metrics/racket_target/right_arm_torque_clip_fraction: 0.0000
Metrics/racket_target/leg_torque_clip_fraction: 0.0000
Metrics/racket_target/waist_action_delta_rms: 0.1577
Metrics/racket_target/right_arm_action_delta_rms: 1.0172
Metrics/racket_target/leg_action_delta_rms: 0.2717
Metrics/racket_target/waist_joint_vel_rms: 0.7803
Metrics/racket_target/right_arm_joint_vel_rms: 1.8452
Metrics/racket_target/leg_joint_vel_rms: 0.7549
Metrics/racket_target/recovery_leg_action_abs_max: 0.7694
Metrics/racket_target/recovery_leg_action_delta_rms: 0.2118
Metrics/racket_target/recovery_leg_joint_vel_rms: 0.6020
      Episode_Termination/time_out: 3.9688
  Episode_Termination/base_too_low: 0.0312
   Episode_Termination/base_tilted: 0.3438
   Episode_Termination/table_touch: 0.2500
Episode_Termination/persistent_action_overflow: 0.0000
--------------------------------------------------------------------------------
                   Total timesteps: 1245184
                    Iteration time: 2.48s
                      Time elapsed: 00:00:47
                               ETA: 00:00:05

################################################################################
                     [1m Learning iteration 1819/1820 [0m                     

                       Computation: 26600 steps/s (collection: 2.448s, learning 0.015s)
             Mean action noise std: 0.45
          Mean value_function loss: 0.0623
               Mean surrogate loss: -0.0000
                 Mean entropy loss: 2.8121
      Mean critic_only_warmup loss: 1.0000
                       Mean reward: 14.95
               Mean episode length: 479.98
 Episode_Reward/undesired_contacts: 0.0000
  Episode_Reward/feet_contact_slip: -0.0023
     Episode_Reward/table_no_touch: -0.0005
              Episode_Reward/alive: 0.0097
            Episode_Reward/upright: -0.0070
          Episode_Reward/imitation: 0.4051
    Episode_Reward/racket_position: 0.0761
Episode_Reward/backhand_racket_position: 0.0340
    Episode_Reward/racket_velocity: 0.0489
Episode_Reward/planner_racket_task_space_crossfade: 0.3088
Episode_Reward/exact_impact_planner_task_space_alignment: 0.0083
    Episode_Reward/blade_direction: 0.0449
Episode_Reward/health_gated_soft_ball_contact: 0.0497
Episode_Reward/health_gated_backhand_soft_ball_contact: 0.0313
Episode_Reward/health_gated_ball_contact: 0.0098
Episode_Reward/healthy_trunk_support: 0.0656
Episode_Reward/targeted_strike_attempt: 0.0113
  Episode_Reward/strike_inactivity: 0.0000
 Episode_Reward/pre_strike_station: 0.0710
    Episode_Reward/recovery_health: 0.0607
Episode_Reward/no_command_ready_stability: 0.0004
Episode_Reward/post_strike_base_ang_vel: 0.0117
Episode_Reward/phase_action_overflow: -0.0000
     Episode_Reward/strike_balance: 0.0286
Episode_Reward/prestrike_station_progress: 0.0157
 Episode_Reward/lower_body_support: 0.0424
Episode_Reward/termination_penalty: -0.0073
Episode_Reward/phase_action_rate_waist: -0.0003
Episode_Reward/phase_action_rate_upper: -0.0069
Episode_Reward/phase_action_rate_legs: -0.0003
        Episode_Reward/joint_limit: -0.0383
Episode_Reward/prestrike_racket_progress: 0.2132
Episode_Reward/near_impact_planner_velocity_progress: 0.0448
Episode_Reward/operational_joint_margin: -0.0036
  Episode_Reward/joint_target_slew: -0.0333
Episode_Reward/actuator_waist_feasibility: -0.0000
Episode_Reward/actuator_right_arm_feasibility: -0.0000
Episode_Reward/actuator_leg_feasibility: -0.0000
Episode_Reward/terminal_quality_window: 0.0015
Episode_Reward/safe_terminal_quality: 0.0027
Episode_Reward/unsafe_terminal_recovery: -0.0001
Episode_Reward/capability_gated_safe_terminal_outcome: 0.0222
Episode_Reward/targeted_contact_miss: -0.0025
    Metrics/motion/error_joint_pos: 2.1440
    Metrics/motion/error_joint_vel: 6.1869
     Metrics/motion/error_body_pos: 0.1350
     Metrics/motion/error_body_rot: 0.8051
       Metrics/motion/motion_phase: 0.1059
            Metrics/motion/in_hold: 0.3616
Metrics/motion/motion_start_warmup_prob: 0.8000
Metrics/motion/motion_start_lifecycle_progress: 0.0000
Metrics/motion/motion_start_effective_prestrike_fraction: 1.0000
Metrics/motion/motion_start_effective_recovery_fraction: 0.0000
Metrics/motion/motion_start_effective_rsi_fraction: 0.0000
 Metrics/motion/motion_start_reset: 0.0000
Metrics/motion/motion_start_prestrike_reset: 0.0000
Metrics/motion/motion_start_recovery_reset: 0.0000
Metrics/motion/motion_start_rsi_reset: 0.0000
 Metrics/motion/single_cycle_reset: 0.0000
     Metrics/motion/motion_clip_id: 0.5793
Metrics/motion/motion_supplemental_clip: 0.0000
      Metrics/motion/stand_episode: 0.0000
Metrics/motion/default_stand_reset: 0.0164
Metrics/motion/error_body_pos_lower: 0.1671
Metrics/motion/error_body_rot_lower: 1.0368
Metrics/motion/error_body_lin_vel_lower: 0.1432
Metrics/motion/error_body_ang_vel_lower: 0.7681
Metrics/motion/reference_body_lin_speed_lower: 0.0327
Metrics/motion/robot_body_lin_speed_lower: 0.1279
Metrics/motion/error_body_pos_core: 0.0567
Metrics/motion/error_body_rot_core: 0.5388
Metrics/motion/error_body_lin_vel_core: 0.1892
Metrics/motion/error_body_ang_vel_core: 1.0627
Metrics/motion/reference_body_lin_speed_core: 0.0165
Metrics/motion/robot_body_lin_speed_core: 0.1884
Metrics/motion/error_body_pos_upper: 0.1290
Metrics/motion/error_body_rot_upper: 0.6623
Metrics/motion/error_body_lin_vel_upper: 0.7431
Metrics/motion/error_body_ang_vel_upper: 2.6937
Metrics/motion/reference_body_lin_speed_upper: 0.0260
Metrics/motion/robot_body_lin_speed_upper: 0.7419
Metrics/motion/error_joint_pos_waist: 0.8262
Metrics/motion/error_joint_vel_waist: 1.2843
Metrics/motion/reference_joint_speed_waist: 0.0426
Metrics/motion/error_joint_pos_arms: 1.8365
Metrics/motion/error_joint_vel_arms: 5.4038
Metrics/motion/reference_joint_speed_arms: 0.0735
Metrics/motion/error_joint_pos_legs: 0.6868
Metrics/motion/error_joint_vel_legs: 2.4201
Metrics/motion/reference_joint_speed_legs: 0.0084
Metrics/racket_target/racket_pos_error: 0.1175
Metrics/racket_target/racket_vel_error: 1.3853
Metrics/racket_target/time_to_strike: 0.9320
Metrics/racket_target/return_success: 0.0131
Metrics/racket_target/prev_return_success: 0.0131
Metrics/racket_target/prev_net_cross: 0.6605
Metrics/racket_target/current_net_cross: 0.0193
Metrics/racket_target/racket_pos_curriculum_scale: 1.0000
Metrics/racket_target/impact_inverse_command_blend: 0.0000
Metrics/racket_target/steps_since_target_resample: 28.9279
Metrics/racket_target/recovery_height_error: 0.0353
Metrics/racket_target/recovery_upright_error: 0.1133
Metrics/racket_target/recovery_base_lin_vel: 0.1707
Metrics/racket_target/recovery_base_ang_vel: 0.9229
Metrics/racket_target/recovery_station_error: 0.0736
Metrics/racket_target/recovery_feet_contact_frac: 0.9873
Metrics/racket_target/recovery_racket_speed: 1.9068
Metrics/racket_target/recovery_height_score: 0.8787
Metrics/racket_target/recovery_upright_score: 0.8416
Metrics/racket_target/recovery_lin_vel_score: 0.7151
Metrics/racket_target/recovery_ang_vel_score: 0.3225
Metrics/racket_target/recovery_station_score: 0.8838
Metrics/racket_target/recovery_racket_score: 0.0788
Metrics/racket_target/recovery_arm_score: 0.5551
Metrics/racket_target/recovery_ready_score: 0.7054
Metrics/racket_target/recovery_anchor_arm_score: 1.0000
Metrics/racket_target/recovery_core_ready_score: 0.6073
Metrics/racket_target/recovery_functional_ready_score: 0.5154
Metrics/racket_target/waist_action_overflow_rms: 0.0000
Metrics/racket_target/right_arm_action_overflow_rms: 0.0000
Metrics/racket_target/leg_action_overflow_rms: 0.0028
Metrics/racket_target/operational_margin_fraction: 0.0032
Metrics/racket_target/waist_operational_margin_fraction: 0.0000
Metrics/racket_target/right_arm_operational_margin_fraction: 0.0009
Metrics/racket_target/leg_operational_margin_fraction: 0.0077
Metrics/racket_target/waist_operational_excess_rms: 0.0000
Metrics/racket_target/right_arm_operational_excess_rms: 0.0001
Metrics/racket_target/leg_operational_excess_rms: 0.0024
Metrics/racket_target/q_des_velocity_violation_fraction: 0.0871
Metrics/racket_target/waist_q_des_velocity_violation_fraction: 0.0079
Metrics/racket_target/right_arm_q_des_velocity_violation_fraction: 0.1133
Metrics/racket_target/leg_q_des_velocity_violation_fraction: 0.1193
Metrics/racket_target/q_des_acceleration_violation_fraction: 0.7135
Metrics/racket_target/waist_q_des_acceleration_violation_fraction: 0.5931
Metrics/racket_target/right_arm_q_des_acceleration_violation_fraction: 0.8195
Metrics/racket_target/leg_q_des_acceleration_violation_fraction: 0.7853
Metrics/racket_target/waist_q_des_velocity_rms: 3.6766
Metrics/racket_target/right_arm_q_des_velocity_rms: 8.7965
Metrics/racket_target/leg_q_des_velocity_rms: 7.4662
Metrics/racket_target/waist_q_des_acceleration_rms: 299.6221
Metrics/racket_target/right_arm_q_des_acceleration_rms: 722.0767
Metrics/racket_target/leg_q_des_acceleration_rms: 637.5925
Metrics/racket_target/action_operational_feasibility_score: 0.9671
Metrics/racket_target/actuator_overflow_consecutive_steps: 0.0000
Metrics/racket_target/actuator_overflow_severe: 0.0000
Metrics/racket_target/recovery_phase_gate: 0.7313
Metrics/racket_target/recovery_phase_ready_score: 0.5225
Metrics/racket_target/recovery_contact_ready_score: 0.0143
Metrics/racket_target/recovery_net_ready_score: 0.0143
Metrics/racket_target/recovery_return_ready_score: 0.0000
Metrics/racket_target/cycle_success_ready_score: 0.0097
Metrics/racket_target/cycle_success_soft: 0.0077
Metrics/racket_target/cycle_success_binary: 0.0079
Metrics/racket_target/cycle_v2_pending: 0.0000
Metrics/racket_target/cycle_v2_attempt_latch: 0.0000
Metrics/racket_target/cycle_v2_ready_success_latch: 0.0000
Metrics/racket_target/cycle_v2_ready_fail_latch: 0.0000
Metrics/racket_target/cycle_v2_attempt_event: 0.0000
Metrics/racket_target/cycle_v2_ready_success_event: 0.0000
Metrics/racket_target/cycle_v2_ready_fail_event: 0.0000
Metrics/racket_target/cycle_v2_unresolved_resample_fail_event: 0.0000
Metrics/racket_target/cycle_v2_resolved_event: 0.0000
Metrics/racket_target/cycle_v2_command_visible_steps: 0.0000
Metrics/racket_target/cycle_v2_elapsed_steps: 0.0000
Metrics/racket_target/cycle_v2_ready_score: 0.0000
Metrics/racket_target/cycle_v2_ready_ok: 0.0000
Metrics/racket_target/cycle_v2_visible: 0.0000
Metrics/racket_target/cycle_v2_ready_score_ok: 0.0000
Metrics/racket_target/cycle_v2_height_ok: 0.0000
Metrics/racket_target/cycle_v2_upright_ok: 0.0000
Metrics/racket_target/cycle_v2_base_lin_vel_ok: 0.0000
Metrics/racket_target/cycle_v2_base_ang_vel_ok: 0.0000
Metrics/racket_target/cycle_v2_feet_ok: 0.0000
Metrics/racket_target/cycle_v2_core_ready_ok: 0.0000
Metrics/racket_target/cycle_v2_ready_consecutive_steps: 0.0000
Metrics/racket_target/single_cycle_bootstrap: 0.0000
Metrics/racket_target/single_cycle_swing_completed: 0.0000
Metrics/racket_target/single_cycle_recovery_active: 0.0000
Metrics/racket_target/single_cycle_recovery_elapsed_steps: 0.0000
Metrics/racket_target/single_cycle_ready_consecutive_steps: 0.0000
Metrics/racket_target/single_cycle_safe_timeout_event: 0.0000
Metrics/racket_target/single_cycle_deadline_timeout_event: 0.0000
Metrics/racket_target/single_cycle_timeout_latch: 0.0000
Metrics/racket_target/single_cycle_hard_failure_event: 0.0000
Metrics/racket_target/single_cycle_probability: 0.0000
Metrics/racket_target/single_cycle_curriculum_level: 0.0000
Metrics/racket_target/single_cycle_effective_deadline_steps: 100.0000
Metrics/racket_target/single_cycle_selected_events: 0.0000
Metrics/racket_target/single_cycle_completed_events: 0.0000
Metrics/racket_target/single_cycle_safe_timeout_events: 0.0000
Metrics/racket_target/single_cycle_deadline_timeout_events: 0.0000
Metrics/racket_target/single_cycle_hard_failure_events: 0.0000
Metrics/racket_target/active_ready_consecutive_steps: 0.0156
Metrics/racket_target/active_ready_success_event: 0.0000
Metrics/racket_target/active_ready_success_latch: 0.0000
Metrics/racket_target/active_ready_survival_steps: 0.0000
Metrics/racket_target/active_ready_survival_next_milestone: 0.0000
Metrics/racket_target/active_ready_survival_milestone_event: 0.0000
Metrics/racket_target/no_command_ready_active: 0.0117
Metrics/racket_target/no_command_from_stand_episode: 0.0000
Metrics/racket_target/no_command_from_default_stand_reset: 0.0000
Metrics/racket_target/no_command_ready_upright_ok: 0.0117
Metrics/racket_target/no_command_ready_motion_ok: 0.0117
Metrics/racket_target/no_command_ready_score: 0.0090
Metrics/racket_target/no_command_ready_progress: 0.0062
Metrics/racket_target/no_command_ready_station_error: 0.0004
Metrics/racket_target/no_command_ready_fixed_station_error: 0.0004
Metrics/racket_target/healthy_training_stage: 3.0000
Metrics/racket_target/healthy_stage_planted_rehearsal: 0.0000
Metrics/racket_target/healthy_stage_station_hold_seen: 0.0000
Metrics/racket_target/healthy_stage_station_arrived: 0.0000
Metrics/racket_target/healthy_stage_station_settled: 0.0000
Metrics/racket_target/healthy_stage_station_settle_steps: 0.0000
Metrics/racket_target/station_relocation_active: 0.0000
Metrics/racket_target/station_relocation_target_offset_y: 0.0000
Metrics/racket_target/station_relocation_error: 0.0000
Metrics/racket_target/station_relocation_arrival_event: 0.0000
Metrics/racket_target/station_relocation_settle_event: 0.0000
Metrics/racket_target/station_relocation_release_event: 0.0000
Metrics/racket_target/station_relocation_timeout_event: 0.0000
Metrics/racket_target/station_relocation_elapsed_steps: 0.0000
Metrics/racket_target/station_relocation_hold_deadline_steps: 0.0000
Metrics/racket_target/lifecycle_recovery_hold_active: 0.0000
Metrics/racket_target/lifecycle_recovery_release_success_event: 0.0000
Metrics/racket_target/lifecycle_recovery_release_fail_event: 0.0000
Metrics/racket_target/station_relocation_level: 0.0000
Metrics/racket_target/station_relocation_arrival_ema: 0.0000
Metrics/racket_target/station_relocation_settle_ema: 0.0000
Metrics/racket_target/station_relocation_contact_ema: 0.0000
Metrics/racket_target/station_relocation_safety_ema: 0.0000
Metrics/racket_target/station_relocation_resolved_events: 0.0000
Metrics/racket_target/station_relocation_terminal_reset_events: 0.0000
Metrics/racket_target/station_relocation_advance_streak: 0.0000
Metrics/racket_target/station_relocation_regress_streak: 0.0000
Metrics/racket_target/station_relocation_effective_max_lin_vel: 0.0000
Metrics/racket_target/station_relocation_effective_max_ang_vel: 0.0000
Metrics/racket_target/station_relocation_effective_min_settle_steps: 0.0000
Metrics/racket_target/ability_curriculum_level: 0.0000
Metrics/racket_target/ability_curriculum_scale: 1.0000
Metrics/racket_target/ability_curriculum_resolved_events: 1634.6875
Metrics/racket_target/ability_curriculum_total_resolved_events: 5734.6875
Metrics/racket_target/ability_curriculum_advance_streak: 0.0000
Metrics/racket_target/ability_curriculum_regress_streak: 0.0000
Metrics/racket_target/ability_contact_ema: 0.6875
Metrics/racket_target/ability_net_ema: 0.6571
Metrics/racket_target/ability_success_ema: 0.0153
Metrics/racket_target/ability_recovery_ema: 0.8067
Metrics/racket_target/ability_cycle_ema: 0.0153
Metrics/racket_target/ability_cycle_attempt_ema: 0.0153
Metrics/racket_target/ability_cycle_resolved_ema: 0.0153
Metrics/racket_target/ability_forehand_contact_ema: 0.7329
Metrics/racket_target/ability_forehand_net_ema: 0.6964
Metrics/racket_target/ability_forehand_success_ema: 0.0213
Metrics/racket_target/ability_backhand_contact_ema: 0.6420
Metrics/racket_target/ability_backhand_net_ema: 0.6175
Metrics/racket_target/ability_backhand_success_ema: 0.0158
Metrics/racket_target/ability_attempt_ema: 1.0000
Metrics/racket_target/ability_targeted_attempt_ema: 0.9985
Metrics/racket_target/impact_health_floor_progress: 0.0000
Metrics/racket_target/ability_safety_ema: 0.9560
Metrics/racket_target/ability_station_saturation_ema: 0.0000
Metrics/racket_target/ability_healthy_normal_ema: 1.0000
Metrics/racket_target/ability_station_arrival_ema: 0.0000
Metrics/racket_target/ability_station_settle_ema: 0.0000
Metrics/racket_target/safe_outcome_capability_gate: 0.9980
Metrics/racket_target/planner_hit_plane_blend: 1.0000
Metrics/racket_target/planner_hit_plane_x_delta: 0.0364
Metrics/racket_target/true_strike_table_x: 0.2000
Metrics/racket_target/planner_target_table_x: 0.2000
Metrics/racket_target/workspace_level: 0.0000
Metrics/racket_target/workspace_fringe_sample: 0.0000
Metrics/racket_target/workspace_target_lateral_norm: 0.3223
Metrics/racket_target/workspace_target_table_y: -0.2329
Metrics/racket_target/workspace_playable_y_min: -0.7225
Metrics/racket_target/workspace_playable_y_max: 0.7225
Metrics/racket_target/workspace_active_y_lo: -0.2930
Metrics/racket_target/workspace_active_y_hi: -0.1603
Metrics/racket_target/workspace_motion_seed_blend: 0.0000
Metrics/racket_target/planner_perturb_curriculum_scale: 1.0000
Metrics/racket_target/incoming_ball_horizontal_speed: 2.2525
Metrics/racket_target/incoming_ball_speed: 4.6389
Metrics/racket_target/incoming_ball_speed_curriculum_level: 0.0000
Metrics/racket_target/incoming_ball_speed_sample_low: 0.0000
Metrics/racket_target/incoming_ball_speed_sample_high: 0.0000
Metrics/racket_target/station_saturated: 0.0000
Metrics/racket_target/station_raw_clip_excess: 0.0000
Metrics/racket_target/station_saturated_x: 0.0000
Metrics/racket_target/station_saturated_y: 0.0000
Metrics/racket_target/station_raw_clip_excess_x: 0.0000
Metrics/racket_target/station_raw_clip_excess_y: 0.0000
Metrics/racket_target/current_swing_opportunity: 0.0855
Metrics/racket_target/current_swing_attempt: 0.0855
Metrics/racket_target/current_swing_targeted_attempt: 0.0855
Metrics/racket_target/prev_swing_targeted_attempt: 0.9836
Metrics/racket_target/current_swing_unsafe: 0.0351
Metrics/racket_target/current_swing_station_saturated: 0.0000
Metrics/racket_target/impact_health_score: 0.9053
Metrics/racket_target/impact_health_ok: 0.9188
Metrics/racket_target/impact_health_backlean_violation: 0.0060
Metrics/racket_target/impact_health_waist_backfold: 0.0000
Metrics/racket_target/impact_health_base_retreat: 0.0238
Metrics/racket_target/impact_health_torso_gravity_x: 0.3395
Metrics/racket_target/impact_health_torso_ang_vel: 0.4759
Metrics/racket_target/impact_health_com_x: 0.0341
Metrics/racket_target/impact_health_com_y: 0.0256
Metrics/racket_target/post_contact_ready_pending: 0.0000
Metrics/racket_target/post_contact_ready_elapsed_steps: 0.1281
Metrics/racket_target/post_contact_ready_consecutive_steps: 0.0000
Metrics/racket_target/post_contact_ready_diagnostic_pending: 0.0000
Metrics/racket_target/post_contact_ready_diagnostic_elapsed_steps: 0.7323
Metrics/racket_target/post_contact_ready_durable_pending: 0.0000
Metrics/racket_target/post_contact_ready_durable_consecutive_steps: 0.0000
Metrics/racket_target/post_contact_ready_durable_ready_now: 0.0000
Metrics/racket_target/post_contact_ready_durable_success_event: 0.0000
Metrics/racket_target/post_contact_ready_durable_fail_event: 0.0000
Metrics/racket_target/post_contact_ready_durable_resolution_success_rate: 0.2667
Metrics/racket_target/post_contact_ready_durable_resolution_fail_rate: 0.6871
Metrics/racket_target/post_contact_ready_durable_resolution_success_latency_steps: 35.0000
Metrics/racket_target/post_contact_ready_durable_resolution_fail_latency_steps: 33.7006
Metrics/racket_target/post_contact_ready_durable_fail_backlean_rate: 0.0460
Metrics/racket_target/post_contact_ready_durable_fail_forward_lean_rate: 0.8460
Metrics/racket_target/post_contact_ready_durable_fail_torso_ang_vel_rate: 0.0463
Metrics/racket_target/post_contact_ready_durable_fail_base_lin_vel_rate: 0.0471
Metrics/racket_target/post_contact_ready_durable_fail_base_ang_vel_rate: 0.4137
Metrics/racket_target/post_contact_ready_durable_fail_racket_speed_rate: 0.0460
Metrics/racket_target/post_contact_ready_durable_fail_height_rate: 0.0460
Metrics/racket_target/post_contact_ready_durable_fail_com_x_rate: 0.0490
Metrics/racket_target/post_contact_ready_durable_fail_com_y_rate: 0.0460
Metrics/racket_target/post_contact_ready_durable_fail_feet_rate: 0.0460
Metrics/racket_target/post_contact_ready_durable_fail_station_rate: 0.0463
Metrics/racket_target/post_contact_ready_durable_fail_arm_rate: 0.0460
Metrics/racket_target/post_contact_ready_terminal_window_active: 0.0000
Metrics/racket_target/post_contact_ready_terminal_quality: 0.0109
Metrics/racket_target/post_contact_ready_terminal_settlement_event: 0.0000
Metrics/racket_target/post_contact_ready_operational_ready_now: 0.0000
Metrics/racket_target/post_contact_ready_operational_consecutive_steps: 0.0000
Metrics/racket_target/post_contact_ready_safe_settlement_event: 0.0000
Metrics/racket_target/post_contact_ready_unsafe_settlement_event: 0.0000
Metrics/racket_target/post_contact_ready_incomplete_settlement_event: 0.0000
Metrics/racket_target/post_contact_ready_safe_net_cycle_event: 0.0000
Metrics/racket_target/post_contact_ready_terminal_quality_mean: 0.9261
Metrics/racket_target/post_contact_ready_safe_terminal_quality_mean: 0.9362
Metrics/racket_target/post_contact_ready_terminal_safe_rate: 0.7039
Metrics/racket_target/post_contact_ready_terminal_unsafe_rate: 0.0298
Metrics/racket_target/post_contact_ready_terminal_incomplete_rate: 0.2663
Metrics/racket_target/post_contact_ready_safe_net_cycle_rate: 0.6819
Metrics/racket_target/post_contact_ready_score: 0.7745
Metrics/racket_target/post_contact_ready_now: 0.0000
Metrics/racket_target/post_contact_ready_success_event: 0.0000
Metrics/racket_target/post_contact_ready_fail_event: 0.0000
Metrics/racket_target/post_contact_ready_outcome_tier: -0.9615
Metrics/racket_target/post_contact_ready_face_quality: 0.0059
Metrics/racket_target/post_contact_ready_safe_face_net_cycle_value: 0.0000
Metrics/racket_target/post_contact_ready_planner_speed_ratio: 0.0071
Metrics/racket_target/post_contact_ready_planner_direction_error_rad: 0.0025
Metrics/racket_target/post_contact_ready_planner_position_error: 0.0009
Metrics/racket_target/post_contact_ready_impact_health_score: 0.0113
Metrics/racket_target/post_contact_ready_peak_base_ang_vel: 0.0179
Metrics/racket_target/post_contact_ready_peak_ang_vel_excess_increment: 0.0000
Metrics/racket_target/post_contact_ready_envelope_violation_latch: 0.0000
Metrics/racket_target/post_contact_ready_envelope_violation_event: 0.0000
Metrics/racket_target/post_contact_ready_envelope_first_violation_step: -1.0000
Metrics/racket_target/post_contact_ready_envelope_attempts: 5312.9375
Metrics/racket_target/post_contact_ready_envelope_violation_rate: 0.0301
Metrics/racket_target/post_contact_ready_envelope_tilt_violation_rate: 0.0000
Metrics/racket_target/post_contact_ready_envelope_pitch_violation_rate: 0.0000
Metrics/racket_target/post_contact_ready_envelope_com_violation_rate: 0.0004
Metrics/racket_target/post_contact_ready_envelope_waist_violation_rate: 0.0000
Metrics/racket_target/post_contact_ready_envelope_leg_violation_rate: 0.0000
Metrics/racket_target/post_contact_ready_envelope_base_ang_vel_violation_rate: 0.0297
Metrics/racket_target/post_contact_ready_resolution_success_rate: 0.9841
Metrics/racket_target/post_contact_ready_resolution_fail_rate: 0.0096
Metrics/racket_target/post_contact_ready_resolution_success_latency_steps: 4.8847
Metrics/racket_target/post_contact_ready_resolution_fail_latency_steps: 13.5686
Metrics/racket_target/post_contact_ready_max_tilt: 0.0023
Metrics/racket_target/post_contact_ready_max_abs_pitch: 0.0023
Metrics/racket_target/post_contact_ready_max_com_x: 0.0002
Metrics/racket_target/post_contact_ready_max_com_y: 0.0004
Metrics/racket_target/post_contact_ready_max_waist_overflow: 0.0000
Metrics/racket_target/post_contact_ready_max_leg_overflow: 0.0000
Metrics/racket_target/post_contact_ready_settlement_velocity_score_ema: 0.6359
Metrics/racket_target/post_contact_ready_settlement_position_gate_ema: 0.7777
Metrics/racket_target/post_contact_ready_settlement_health_gate_ema: 0.9790
Metrics/racket_target/post_contact_ready_settlement_recovery_gate_ema: 0.4351
Metrics/racket_target/post_contact_ready_settlement_total_score_ema: 0.2056
Metrics/racket_target/post_contact_recovery_backlean_error: 0.0444
Metrics/racket_target/post_contact_recovery_directional_progress: 0.0000
Metrics/racket_target/post_contact_ready_torso_ok: 0.0573
Metrics/racket_target/post_contact_ready_motion_ok: 0.7262
Metrics/racket_target/post_contact_ready_support_ok: 0.9394
Metrics/racket_target/post_contact_ready_arm_ok: 1.0000
Metrics/racket_target/post_contact_ready_base_lin_vel_ok: 0.9332
Metrics/racket_target/post_contact_ready_base_ang_vel_ok: 0.8584
Metrics/racket_target/post_contact_ready_racket_speed_ok: 0.8651
Metrics/racket_target/post_contact_ready_height_ok: 0.9688
Metrics/racket_target/post_contact_ready_com_x_ok: 0.9433
Metrics/racket_target/post_contact_ready_com_y_ok: 0.9781
Metrics/racket_target/post_contact_ready_feet_ok: 1.0000
Metrics/racket_target/post_contact_ready_station_ok: 0.9394
Metrics/racket_target/post_contact_ready_fail_torso: 0.0000
Metrics/racket_target/post_contact_ready_fail_base_lin_vel: 0.0000
Metrics/racket_target/post_contact_ready_fail_base_ang_vel: 0.0000
Metrics/racket_target/post_contact_ready_fail_racket_speed: 0.0000
Metrics/racket_target/post_contact_ready_fail_support: 0.0000
Metrics/racket_target/post_contact_ready_fail_arm: 0.0000
Metrics/racket_target/post_contact_ready_shadow_now: 0.0000
Metrics/racket_target/post_contact_ready_shadow_consecutive_steps: 0.0000
Metrics/racket_target/post_contact_ready_shadow_success_latch: 0.0000
Metrics/racket_target/post_contact_ready_curriculum_level: 0.0000
Metrics/racket_target/post_contact_ready_curriculum_fraction: 1.0000
Metrics/racket_target/post_contact_ready_curriculum_success_ema: 0.0000
Metrics/racket_target/post_contact_ready_curriculum_shadow_success_ema: 0.0000
Metrics/racket_target/post_contact_ready_curriculum_resolved_events: 0.0000
Metrics/racket_target/post_contact_ready_curriculum_successful_events: 0.0000
Metrics/racket_target/post_contact_ready_curriculum_targeted_attempt_ema: 0.0000
Metrics/racket_target/post_contact_ready_curriculum_return_success_ema: 0.0000
Metrics/racket_target/post_contact_ready_curriculum_completed_swings: 0.0000
Metrics/racket_target/post_contact_ready_curriculum_advance_streak: 0.0000
Metrics/racket_target/post_contact_ready_curriculum_advance_guard_ok: 0.0000
Metrics/racket_target/post_contact_ready_effective_max_torso_ang_vel: 1.5000
Metrics/racket_target/post_contact_ready_effective_torso_x_min: -0.1200
Metrics/racket_target/post_contact_ready_effective_torso_x_max: 0.3200
Metrics/racket_target/post_contact_ready_effective_max_base_lin_vel: 0.4500
Metrics/racket_target/post_contact_ready_effective_max_base_ang_vel: 1.3000
Metrics/racket_target/post_contact_ready_effective_max_racket_speed: 3.0000
Metrics/racket_target/post_contact_ready_effective_min_feet_contact: 0.5000
Metrics/racket_target/post_contact_ready_effective_required_consecutive_steps: 3.0000
Metrics/racket_target/post_contact_ready_effective_deadline_steps: 40.0000
Metrics/racket_target/post_contact_ready_curriculum_advance_threshold: 1.0000
Metrics/racket_target/post_contact_ready_curriculum_advance_min_events: 0.0000
Metrics/racket_target/post_contact_ready_curriculum_shadow_threshold: 1.0000
Metrics/racket_target/post_contact_ready_curriculum_min_targeted_attempt_ema: 0.0000
Metrics/racket_target/post_contact_ready_curriculum_min_return_success_ema: 0.0000
Metrics/racket_target/post_contact_ready_curriculum_min_completed_swings: 1.0000
Metrics/racket_target/post_contact_ready_curriculum_required_advance_checks: 1.0000
Metrics/racket_target/racket_normal_error_deg: 64.9388
Metrics/racket_target/impact_normal_error_deg: 1.1197
Metrics/racket_target/impact_racket_vel_error_mps: 0.5919
Metrics/racket_target/impact_racket_speed_ratio: 0.8847
Metrics/racket_target/impact_racket_vel_angle_deg: 14.3620
Metrics/racket_target/impact_racket_actual_vel_x: 0.8443
Metrics/racket_target/impact_racket_actual_vel_y: 0.0227
Metrics/racket_target/impact_racket_actual_vel_z: 1.3614
Metrics/racket_target/impact_racket_target_vel_x: 1.2131
Metrics/racket_target/impact_racket_target_vel_y: -0.0007
Metrics/racket_target/impact_racket_target_vel_z: 1.3807
Metrics/racket_target/impact_ball_out_error_mps: 4.5456
Metrics/racket_target/impact_face_radial_error_m: 0.0549
Metrics/racket_target/impact_face_normal_gap_m: 0.0443
Metrics/racket_target/impact_face_quality: 0.7103
Metrics/racket_target/impact_center_contact: 0.0000
Metrics/racket_target/impact_center_net_cross: 0.0000
Metrics/racket_target/impact_center_on_opponent: 0.0000
Metrics/racket_target/impact_rim_contact: 0.0000
Metrics/racket_target/impact_rim_net_cross: 0.0000
Metrics/racket_target/impact_rim_on_opponent: 0.0000
Metrics/racket_target/impact_analytic_outer_contact: 0.0000
Metrics/racket_target/impact_analytic_outer_net_cross: 0.0000
Metrics/racket_target/impact_analytic_outer_on_opponent: 0.0000
Metrics/racket_target/impact_planner_pos_error_m: 0.0769
Metrics/racket_target/impact_planner_vel_error_mps: 0.5919
Metrics/racket_target/impact_planner_speed_ratio: 0.8847
Metrics/racket_target/impact_planner_vel_angle_deg: 14.3620
Metrics/racket_target/impact_healthy_normal_ok: 0.0000
Metrics/racket_target/impact_healthy_contact: 0.0000
Metrics/racket_target/impact_healthy_net_cross: 0.0000
Metrics/racket_target/impact_healthy_on_opponent: 0.0000
Metrics/racket_target/current_swing_impact_health_score: 0.0113
Metrics/racket_target/current_swing_healthy_contact: 0.0193
Metrics/racket_target/current_swing_healthy_net_cross: 0.0193
Metrics/racket_target/current_swing_healthy_on_opponent: 0.0000
Metrics/racket_target/current_swing_healthy_normal_ok: 0.0855
Metrics/racket_target/current_swing_contact: 0.0193
Metrics/racket_target/current_swing_net_cross: 0.0193
Metrics/racket_target/current_swing_on_opponent: 0.0000
Metrics/racket_target/current_swing_center_contact: 0.0052
Metrics/racket_target/current_swing_center_net_cross: 0.0052
Metrics/racket_target/current_swing_center_on_opponent: 0.0000
Metrics/racket_target/current_swing_rim_contact: 0.0141
Metrics/racket_target/current_swing_rim_net_cross: 0.0141
Metrics/racket_target/current_swing_rim_on_opponent: 0.0000
Metrics/racket_target/current_swing_analytic_outer_contact: 0.0000
Metrics/racket_target/current_swing_analytic_outer_net_cross: 0.0000
Metrics/racket_target/current_swing_analytic_outer_on_opponent: 0.0000
Metrics/racket_target/cycle_v2_outcome_tier: -1.0000
Metrics/racket_target/cycle_v2_streak: 0.0000
Metrics/racket_target/closed_loop_recovery_trigger_event: 0.0000
Metrics/racket_target/closed_loop_cycle_success_event: 0.0000
Metrics/racket_target/closed_loop_durable_cycle_success_event: 0.0000
Metrics/racket_target/closed_loop_phase_id: 1.0585
Metrics/racket_target/closed_loop_phase_ready_no_command: 0.0117
Metrics/racket_target/closed_loop_phase_command_acquire: 0.9180
Metrics/racket_target/closed_loop_phase_pre_strike: 0.0703
Metrics/racket_target/closed_loop_phase_strike: 0.0000
Metrics/racket_target/closed_loop_phase_follow_through: 0.0000
Metrics/racket_target/closed_loop_phase_recovery: 0.0000
Metrics/racket_target/closed_loop_phase_next_ready: 0.0000
Metrics/racket_target/post_contact_phase_impact_0_100ms_attempts: 5312.9375
Metrics/racket_target/post_contact_phase_impact_0_100ms_tilt_gt_0p1_rate: 1.0000
Metrics/racket_target/post_contact_phase_impact_0_100ms_pitch_gt_0p1_rate: 1.0000
Metrics/racket_target/post_contact_phase_impact_0_100ms_waist_overflow_gt_1p0_rate: 0.0000
Metrics/racket_target/post_contact_phase_impact_0_100ms_base_ang_vel_gt_0p8_rate: 0.9867
Metrics/racket_target/post_contact_phase_brake_100_300ms_attempts: 5242.9375
Metrics/racket_target/post_contact_phase_brake_100_300ms_tilt_gt_0p1_rate: 0.9973
Metrics/racket_target/post_contact_phase_brake_100_300ms_pitch_gt_0p1_rate: 0.9958
Metrics/racket_target/post_contact_phase_brake_100_300ms_waist_overflow_gt_1p0_rate: 0.0000
Metrics/racket_target/post_contact_phase_brake_100_300ms_base_ang_vel_gt_0p8_rate: 0.9960
Metrics/racket_target/post_contact_phase_settle_300_600ms_attempts: 5095.0312
Metrics/racket_target/post_contact_phase_settle_300_600ms_tilt_gt_0p1_rate: 0.8412
Metrics/racket_target/post_contact_phase_settle_300_600ms_pitch_gt_0p1_rate: 0.7956
Metrics/racket_target/post_contact_phase_settle_300_600ms_waist_overflow_gt_1p0_rate: 0.0000
Metrics/racket_target/post_contact_phase_settle_300_600ms_base_ang_vel_gt_0p8_rate: 0.9929
Metrics/racket_target/post_contact_phase_ready_after_600ms_attempts: 4865.6875
Metrics/racket_target/post_contact_phase_ready_after_600ms_tilt_gt_0p1_rate: 0.5753
Metrics/racket_target/post_contact_phase_ready_after_600ms_pitch_gt_0p1_rate: 0.4790
Metrics/racket_target/post_contact_phase_ready_after_600ms_waist_overflow_gt_1p0_rate: 0.0000
Metrics/racket_target/post_contact_phase_ready_after_600ms_base_ang_vel_gt_0p8_rate: 0.9423
Metrics/racket_target/base_pitch_like_signed: -0.0087
Metrics/racket_target/base_backward_velocity: 0.0417
Metrics/racket_target/waist_action_rms: 0.6037
Metrics/racket_target/right_arm_action_rms: 3.8790
Metrics/racket_target/leg_action_rms: 0.4792
Metrics/racket_target/action_abs_max: 7.8387
Metrics/racket_target/applied_action_abs_max: 7.7275
Metrics/racket_target/leg_action_abs_max: 0.9525
Metrics/racket_target/effective_action_abs_max: 7.7275
Metrics/racket_target/action_clamp_fraction: 0.0015
Metrics/racket_target/waist_action_clamp_fraction: 0.0000
Metrics/racket_target/right_arm_action_clamp_fraction: 0.0000
Metrics/racket_target/leg_action_clamp_fraction: 0.0038
Metrics/racket_target/waist_q_tracking_error_rms: 0.3415
Metrics/racket_target/right_arm_q_tracking_error_rms: 0.2081
Metrics/racket_target/leg_q_tracking_error_rms: 0.1733
Metrics/racket_target/waist_torque_clip_fraction: 0.0000
Metrics/racket_target/right_arm_torque_clip_fraction: 0.0000
Metrics/racket_target/leg_torque_clip_fraction: 0.0000
Metrics/racket_target/waist_action_delta_rms: 0.1556
Metrics/racket_target/right_arm_action_delta_rms: 0.9702
Metrics/racket_target/leg_action_delta_rms: 0.2811
Metrics/racket_target/waist_joint_vel_rms: 0.7344
Metrics/racket_target/right_arm_joint_vel_rms: 1.7318
Metrics/racket_target/leg_joint_vel_rms: 0.6978
Metrics/racket_target/recovery_leg_action_abs_max: 0.6662
Metrics/racket_target/recovery_leg_action_delta_rms: 0.2062
Metrics/racket_target/recovery_leg_joint_vel_rms: 0.5008
      Episode_Termination/time_out: 4.7500
  Episode_Termination/base_too_low: 0.0000
   Episode_Termination/base_tilted: 0.2500
   Episode_Termination/table_touch: 0.1250
Episode_Termination/persistent_action_overflow: 0.0000
--------------------------------------------------------------------------------
                   Total timesteps: 1310720
                    Iteration time: 2.46s
                      Time elapsed: 00:00:50
                               ETA: 00:00:02
