[INFO][AppLauncher]: Using device: cuda:0
[INFO][AppLauncher]: Loading experience file: /mnt/ssd/zxl/IsaacLab/apps/isaaclab.python.headless.kit
[2026-08-02 17:55:36,611][asyncio][DEBUG] - Using selector: EpollSelector
[2026-08-02 17:55:38,114][trimesh.util][DEBUG] - falling back to hashlib hashing: `pip install xxhash`for 50x faster cache checks
[2026-08-02 17:55:38,345][h5py._conv][DEBUG] - Creating converter from 7 to 5
[2026-08-02 17:55:38,345][h5py._conv][DEBUG] - Creating converter from 5 to 7
[2026-08-02 17:55:38,345][h5py._conv][DEBUG] - Creating converter from 7 to 5
[2026-08-02 17:55:38,345][h5py._conv][DEBUG] - Creating converter from 5 to 7
[2026-08-02 17:55:38,384][matplotlib][DEBUG] - matplotlib data path: /home/zxl/miniconda3/envs/zxl-pace/lib/python3.10/site-packages/matplotlib/mpl-data
[2026-08-02 17:55:38,387][matplotlib][DEBUG] - CONFIGDIR=/home/zxl/.config/matplotlib
[2026-08-02 17:55:38,388][matplotlib][DEBUG] - interactive is False
[2026-08-02 17:55:38,388][matplotlib][DEBUG] - platform is linux
[2026-08-02 17:55:38,427][matplotlib][DEBUG] - CACHEDIR=/home/zxl/.cache/matplotlib
[2026-08-02 17:55:38,428][matplotlib.font_manager][DEBUG] - Using fontManager instance from /home/zxl/.cache/matplotlib/fontlist-v390.json
[Warning] [simulation_app.simulation_app] Modules: ['omni.kit_app'] were loaded before SimulationApp was started and might not be loaded correctly.
[Warning] [simulation_app.simulation_app] Please check to make sure no extra omniverse or pxr modules are imported before the call to SimulationApp(...)
Loading user config located at: '/home/zxl/miniconda3/envs/zxl-pace/lib/python3.10/site-packages/omni/data/Kit/Isaac-Sim/4.5/user.config.json'
[Info] [carb] Logging to file: /home/zxl/miniconda3/envs/zxl-pace/lib/python3.10/site-packages/omni/logs/Kit/Isaac-Sim/4.5/kit_20260802_175536.log
2026-08-02 09:55:36 [0ms] [Warning] [omni.kit.app.plugin] No crash reporter present, dumps uploading isn't available.
2026-08-02 09:55:36 [1ms] [Warning] [omni.ext.plugin] [ext: rendering_modes] Extensions config 'extension.toml' doesn't exist '/mnt/ssd/zxl/IsaacLab/apps/rendering_modes' or '/mnt/ssd/zxl/IsaacLab/apps/rendering_modes/config'
2026-08-02 09:55:36 [71ms] [Warning] [omni.usd_config.extension] Enable omni.materialx.libs extension to use MaterialX
2026-08-02 09:55:36 [121ms] [Warning] [omni.platforminfo.plugin] failed to open the default display.  Can't verify X Server version.
2026-08-02 09:55:36 [258ms] [Warning] [omni.datastore] OmniHub is inaccessible
2026-08-02 09:55:36 [314ms] [Warning] [omni.isaac.dynamic_control] omni.isaac.dynamic_control is deprecated as of Isaac Sim 4.5. No action is needed from end-users.

|---------------------------------------------------------------------------------------------|
| Driver Version: 580.105.08    | Graphics API: Vulkan
|=============================================================================================|
| GPU | Name                             | Active | LDA | GPU Memory | Vendor-ID | LUID       |
|     |                                  |        |     |            | Device-ID | UUID       |
|     |                                  |        |     |            | Bus-ID    |            |
|---------------------------------------------------------------------------------------------|
| 0   | NVIDIA GeForce RTX 5090          | Yes: 0 |     | 32607   MB | 10de      | 0          |
|     |                                  |        |     |            | 2b85      | c2a01bc3.. |
|     |                                  |        |     |            | 1         |            |
|---------------------------------------------------------------------------------------------|
| 1   | NVIDIA GeForce RTX 5090          | Yes: 1 |     | 32607   MB | 10de      | 0          |
|     |                                  |        |     |            | 2b85      | 837a84cc.. |
|     |                                  |        |     |            | 7         |            |
|=============================================================================================|
| OS: 24.04.2 LTS (Noble Numbat) ubuntu, Version: 24.04.2, Kernel: 6.17.0-35-generic
| Processor: Intel(R) Core(TM) i9-14900K
| Bare Metal Cores: 24 | Bare Metal Logical Cores: 48
| Available Cores:  32 
|---------------------------------------------------------------------------------------------|
| Total Memory (MB): 128491 | Free Memory: 118344
| Total Page/Swap (MB): 8191 | Free Page/Swap: 7149
|---------------------------------------------------------------------------------------------|
2026-08-02 09:55:39 [3,265ms] [Warning] [gpu.foundation.plugin] IOMMU is enabled.
2026-08-02 09:55:39 [3,265ms] [Warning] [gpu.foundation.plugin] Detected IOMMU is enabled. Running CUDA peer-to-peer bandwidth and latency validation.
Unidirectional P2P=Enabled Bandwidth (P2P Writes) Matrix (GB/s)
   D\D     0      1 
     0 1525.88   6.80 
     1   6.96 1553.18 
P2P=Enabled Latency (P2P Writes) Matrix (us)
   GPU     0      1 
     0   2.07  20.80 
     1  19.55   2.07 

   CPU     0      1 
     0   1.25   3.29 
     1   3.20   1.18 
2026-08-02 09:55:40 [3,516ms] [Warning] [gpu.foundation.plugin] CUDA peer-to-peer observed bandwidth: 6.8 GB/s.
2026-08-02 09:55:40 [3,516ms] [Warning] [gpu.foundation.plugin] CUDA peer-to-peer observed latency: 20.8 us.
2026-0[2026-08-02 17:55:40,567][git.cmd][DEBUG] - Popen(['git', 'version'], cwd=/mnt/ssd/zxl/HOPE_latest_20260721/hope_training/whole_body_tracking, stdin=None, shell=False, universal_newlines=False)
[2026-08-02 17:55:40,569][git.cmd][DEBUG] - Popen(['git', 'version'], cwd=/mnt/ssd/zxl/HOPE_latest_20260721/hope_training/whole_body_tracking, stdin=None, shell=False, universal_newlines=False)
[INFO]: Parsing configuration from: <class 'whole_body_tracking.tasks.tracking.config.agibot_a3.hope_stage1_plane020_escrow_env_cfg.HOPEStage1Plane020EscrowGuardedEnvCfg'>
[train.py] motion clip 0: /mnt/ssd/zxl/HOPE_latest_20260721/hope_training/motions/user_four_motion_manual_hits_a3fk_yaw_leg_stabilized_20260724/user_forehand_raised_30fps_contact075_50hz_a3fk_aligned.npz
[train.py] motion clip 1: /mnt/ssd/zxl/HOPE_latest_20260721/hope_training/motions/user_four_motion_manual_hits_a3fk_yaw_leg_stabilized_20260724/user_backhand_raised_30fps_contact040_50hz_a3fk_aligned.npz
[train.py] runtime reward pruning: removed 67 stateless zero-weight term(s); kept 0 stateful zero-weight term(s).
[train.py]     pruned rewards: ['action_rate', 'active_ready_survival_milestone_bonus', 'active_ready_sustained_bonus', 'backhand_soft_ball_contact', 'balanced_ball_contact', 'balanced_net_cross', 'balanced_opponent_bounce', 'balanced_soft_ball_contact', 'ball_contact', 'contact_net_margin', 'cycle_contact_ready', 'cycle_net_ready', 'cycle_return_ready', 'cycle_success_bonus', 'cycle_v2_ready_fail', 'cycle_v2_ready_success_bonus', 'cycle_v2_streak_bonus', 'deferred_recovery_outcome_bonus', 'exact_impact_outgoing_velocity_alignment', 'exact_impact_racket_velocity_alignment', 'follow_through_recovery', 'functional_no_command_ready', 'health_gated_net_cross', 'health_gated_opponent_bounce', 'impact_forward_lift', 'impact_outgoing_velocity', 'motion_anchor_height', 'motion_body_ang_vel', 'motion_body_lin_vel', 'motion_body_ori', 'motion_body_pos', 'motion_global_anchor_ori', 'motion_global_anchor_pos', 'net_cross', 'next_ball_readiness', 'next_prestrike_reachable', 'next_swing_ready_bonus', 'no_command_forehand_joint_anchor', 'no_command_ready_balance', 'no_command_ready_progress', 'one_sided_trunk_waist_recovery', 'one_sided_trunk_waist_strike', 'opponent_bounce', 'phase_action_rate', 'phase_lower_body_motion_prior', 'post_contact_arm_racket_ready', 'post_contact_directional_recovery', 'post_contact_ready_fail', 'post_contact_ready_region', 'post_contact_ready_success_bonus', 'post_contact_recovery_ready', 'post_net_arm_racket_ready', 'post_net_recovery_ready', 'post_return_arm_racket_ready', 'post_return_recovery_ready', 'post_strike_lower_body_action_rate', 'prestrike_blade_direction', 'racket_velocity_projection', 'racket_wrist_motion_ori', 'racket_wrist_motion_pos', 'robust_contact_net_margin', 'safe_terminal_outcome', 'soft_ball_contact', 'station_relocation_arrival_bonus', 'station_relocation_settle_bonus', 'torso_com_balance', 'torso_com_recovery_balance']
[train.py] task=HOPE-PingPong-Stage1-Plane020-EscrowGuarded-AgibotA3-v0 num_envs=2048 — applied 12 task override(s):
[train.py]     episode_length_s = 10.0
[train.py]     commands.motion.wrap_teleport = False
[train.py]     events.link_mass = (0.97, 1.03)
[train.py]     events.pd_gains = (0.97, 1.03)
[train.py]     observations.policy.racket_target_normal_w = enabled
[train.py]     commands.motion.clip_sampling_weights = [0.4, 0.6]
[train.py]     rewards.targeted_contact_miss.weight = -1.5
[train.py]     commands.racket_target.strike_phase_per_clip = (0.4, 0.4)
[train.py]     commands.motion.motion_start_warmup_phase_per_clip = (0.4, 0.4)
[train.py]     commands.racket_target.swing_side_per_clip = (1.0, -1.0)
[train.py]     commands.racket_target.mount_normal_sign_per_clip = (1.0, -1.0)
[train.py]     commands.racket_target.racket_pos_range_per_clip = from motion metadata
[train.py] experiment=hope_pingpong_stage1_plane020_escrow_guard114 | log_dir=/mnt/ssd/zxl/HOPE_latest_20260721/hope_training/whole_body_tracking/logs/rsl_rl/hope_pingpong_stage1_plane020_escrow_guard114/2026-08-02_17-55-40_plane020EscrowGuardMiss_frozenAudit_20x2048
8-02 09:55:40 [3,516ms] [Warning] [gpu.foundation.plugin] Please verify if observed bandwidth and latency are expected.
2026-08-02 09:55:40 [4,084ms] [Warning] [carb.windowing-glfw.plugin] GLFW initialization failed.
2026-08-02 09:55:40 [4,084ms] [Warning] [carb] Failed to startup plugin carb.windowing-glfw.plugin (interfaces: [carb::windowing::IGLContext v1.0],[carb::windowing::IWindowing v1.5]) (impl: carb.windowing-glfw.plugin)
2026-08-02 09:55:40 [4,085ms] [Error] [gpu.foundation.plugin] DriverShaderCacheManager::init() called without a shutdown()!

|---------------------------------------------------------------------------------------------|
| Driver Version: 580.105.08    | Graphics API: Vulkan
|=============================================================================================|
| GPU | Name                             | Active | LDA | GPU Memory | Vendor-ID | LUID       |
|     |                                  |        |     |            | Device-ID | UUID       |
|     |                                  |        |     |            | Bus-ID    |            |
|---------------------------------------------------------------------------------------------|
| 0   | NVIDIA GeForce RTX 5090          | Yes: 0 |     | 32607   MB | 10de      | 0          |
|     |                                  |        |     |            | 2b85      | c2a01bc3.. |
|     |                                  |        |     |            | 1         |            |
|---------------------------------------------------------------------------------------------|
| 1   | NVIDIA GeForce RTX 5090          | Yes: 1 |     | 32607   MB | 10de      | 0          |
|     |                                  |        |     |            | 2b85      | 837a84cc.. |
|     |                                  |        |     |            | 7         |            |
|=============================================================================================|
| OS: 24.04.2 LTS (Noble Numbat) ubuntu, Version: 24.04.2, Kernel: 6.17.0-35-generic
| Processor: Intel(R) Core(TM) i9-14900K
| Bare Metal Cores: 24 | Bare Metal Logical Cores: 48
| Available Cores:  32 
|---------------------------------------------------------------------------------------------|
| Total Memory (MB): 128491 | Free Memory: 117776
| Total Page/Swap (MB): 8191 | Free Page/Swap: 7149
|---------------------------------------------------------------------------------------------|
Unidirectional P2P=Enabled Bandwidth (P2P Writes) Matrix (GB/s)
   D\D     0      1 
     0 1534.87   6.81 
     1   6.96 1551.64 
P2P=Enabled Latency (P2P Writes) Matrix (us)
   GPU     0      1 
     0   2.07  21.65 
     1  19.91   2.10 

   CPU     0      1 
     0   1.25   3.33 
     1   3.30   1.20 
2026-08-02 09:55:41 [4,880ms] [Warning] [gpu.foundation.plugin] CUDA peer-to-peer observed bandwidth: 6.8 GB/s.
2026-08-02 09:55:41 [4,880ms] [Warning] [gpu.foundation.plugin] CUDA peer-to-peer observed latency: 21.6 us.
2026-08-02 09:55:41 [4,880ms] [Warning] [gpu.foundation.plugin] Please verify if observed bandwidth and latency are expected.
2026-08-02 09:55:41 [4,880ms] [Warning] [gpu.foundation.plugin] IOMMU is enabled.
2026-08-02 09:55:41 [4,880ms] [Warning] [gpu.foundation.plugin] Detected IOMMU is enabled. Running CUDA peer-to-peer bandwidth and latency validation.
Unidirectional P2P=Enabled Bandwidth (P2P Writes) Matrix (GB/s)
   D\D     0      1 
     0 1516.99   6.79 
     1   6.95 1540.93 
P2P=Enabled Latency (P2P Writes) Matrix (us)
   GPU     0      1 
     0   2.07  20.16 
     1  20.40   2.10 

   CPU     0      1 
     0   1.24   3.33 
     1   3.25   1.17 
2026-08-02 09:55:41 [5,131ms] [Warning] [gpu.foundation.plugin] CUDA peer-to-peer observed bandwidth: 6.8 GB/s.
2026-08-02 09:55:41 [5,131ms] [Warning] [gpu.foundation.plugin] CUDA peer-to-peer observed latency: 20.4 us.
2026-08-02 09:55:41 [5,131ms] [Warning] [gpu.foundation.plugin] Please verify if observed bandwidth and latency are expected.
2026-08-02 09:55:41 [5,363ms] [Warning] [carb.windowing-glfw.plugin] GLFW initialization failed.
2026-08-02 09:55:41 [5,363ms] [Warning] [carb] Failed to startup plugin carb.windowing-glfw.plugin (interfaces: [carb::windowing::IGLContext v1.0],[carb::windowing::IWindowing v1.5]) (impl: carb.windowing-glfw.plugin)
2026-08-02 09:55:41 [5,382ms] [Warning] [carb.windowing-glfw.plugin] GLFW initialization failed.
2026-08-02 09:55:41 [5,382ms] [Warning] [carb] Failed to startup plugin carb.windowing-glfw.plugin (interfaces: [carb::windowing::IGLContext v1.0],[carb::windowing::IWindowing v1.5]) (impl: carb.windowing-glfw.plugin)
2026-08-02 09:55:41 [5,392mSetting seed: 9580
[INFO]: Base environment:
	Environment device    : cuda:0
	Environment seed      : 9580
	Physics step-size     : 0.005
	Rendering step-size   : 0.02
	Environment step-size : 0.02
[2026-08-02 17:55:42,088][AutoNode][DEBUG] - Defining data type 'any' as 'Any'
[2026-08-02 17:55:42,088][AutoNode][DEBUG] - Defining data type 'bool' as 'Bool' and array 'BoolArray
[2026-08-02 17:55:42,088][AutoNode][DEBUG] - Defining data type 'bundle' as 'Bundle'
[2026-08-02 17:55:42,088][AutoNode][DEBUG] - Defining data type 'colord[3]' as 'Color3d' and array 'Color3dArray
[2026-08-02 17:55:42,088][AutoNode][DEBUG] - Defining data type 'colorf[3]' as 'Color3f' and array 'Color3fArray
[2026-08-02 17:55:42,088][AutoNode][DEBUG] - Defining data type 'colorh[3]' as 'Color3h' and array 'Color3hArray
[2026-08-02 17:55:42,088][AutoNode][DEBUG] - Defining data type 'colord[4]' as 'Color4d' and array 'Color4dArray
[2026-08-02 17:55:42,088][AutoNode][DEBUG] - Defining data type 'colorf[4]' as 'Color4f' and array 'Color4fArray
[2026-08-02 17:55:42,088][AutoNode][DEBUG] - Defining data type 'colorh[4]' as 'Color4h' and array 'Color4hArray
[2026-08-02 17:55:42,088][AutoNode][DEBUG] - Defining data type 'double' as 'Double' and array 'DoubleArray
[2026-08-02 17:55:42,088][AutoNode][DEBUG] - Defining data type 'double[2]' as 'Double2' and array 'Double2Array
[2026-08-02 17:55:42,088][AutoNode][DEBUG] - Defining data type 'double[3]' as 'Double3' and array 'Double3Array
[2026-08-02 17:55:42,088][AutoNode][DEBUG] - Defining data type 'double[4]' as 'Double4' and array 'Double4Array
[2026-08-02 17:55:42,088][AutoNode][DEBUG] - Defining data type 'execution' as 'Execution'
[2026-08-02 17:55:42,088][AutoNode][DEBUG] - Defining data type 'float' as 'Float' and array 'FloatArray
[2026-08-02 17:55:42,089][AutoNode][DEBUG] - Defining data type 'float[2]' as 'Float2' and array 'Float2Array
[2026-08-02 17:55:42,089][AutoNode][DEBUG] - Defining data type 'float[3]' as 'Float3' and array 'Float3Array
[2026-08-02 17:55:42,089][AutoNode][DEBUG] - Defining data type 'float[4]' as 'Float4' and array 'Float4Array
[2026-08-02 17:55:42,089][AutoNode][DEBUG] - Defining data type 'frame[4]' as 'Frame' and array 'FrameArray
[2026-08-02 17:55:42,089][AutoNode][DEBUG] - Defining data type 'half' as 'Half' and array 'HalfArray
[2026-08-02 17:55:42,089][AutoNode][DEBUG] - Defining data type 'half[2]' as 'Half2' and array 'Half2Array
[2026-08-02 17:55:42,089][AutoNode][DEBUG] - Defining data type 'half[3]' as 'Half3' and array 'Half3Array
[2026-08-02 17:55:42,089][AutoNode][DEBUG] - Defining data type 'half[4]' as 'Half4' and array 'Half4Array
[2026-08-02 17:55:42,089][AutoNode][DEBUG] - Defining data type 'int' as 'Int' and array 'IntArray
[2026-08-02 17:55:42,089][AutoNode][DEBUG] - Defining data type 'int[2]' as 'Int2' and array 'Int2Array
[2026-08-02 17:55:42,089][AutoNode][DEBUG] - Defining data type 'int[3]' as 'Int3' and array 'Int3Array
[2026-08-02 17:55:42,089][AutoNode][DEBUG] - Defining data type 'int[4]' as 'Int4' and array 'Int4Array
[2026-08-02 17:55:42,089][AutoNode][DEBUG] - Defining data type 'int64' as 'Int64' and array 'Int64Array
[2026-08-02 17:55:42,089][AutoNode][DEBUG] - Defining data type 'matrixd[2]' as 'Matrix2d' and array 'Matrix2dArray
[2026-08-02 17:55:42,089][AutoNode][DEBUG] - Defining data type 'matrixd[3]' as 'Matrix3d' and array 'Matrix3dArray
[2026-08-02 17:55:42,089][AutoNode][DEBUG] - Defining data type 'matrixd[4]' as 'Matrix4d' and array 'Matrix4dArray
[2026-08-02 17:55:42,089][AutoNode][DEBUG] - Defining data type 'normald[3]' as 'Normal3d' and array 'Normal3dArray
[2026-08-02 17:55:42,089][AutoNode][DEBUG] - Defining data type 'normalf[3]' as 'Normal3f' and array 'Normal3fArray
[2026-08-02 17:55:42,089][AutoNode][DEBUG] - Defining data type 'normalh[3]' as 'Normal3h' and array 'Normal3hArray
[2026-08-02 17:55:42,089][AutoNode][DEBUG] - Defining data type 'objectId' as 'ObjectId' and array 'ObjectIdArray
[2026-08-02 17:55:42,089][AutoNode][DEBUG] - Defining data type 'path' as 'Path'
[2026-08-02 17:55:42,089][AutoNode][DEBUG] - Defining data type 'pointd[3]' as 'Point3d' and array 'Point3dArray
[2026-08-02 17:55:42,089][AutoNode][DEBUG] - Defining data type 'pointf[3]' as 'Point3f' and array 'Point3fArray
[2026-08-02 17:55:42,089][AutoNode][DEBUG] - Defining data type 'pointh[3]' as 'Point3h' and array 'Point3hArray
[2026-08-02 17:55:42,089][AutoNode][DEBUG] - Defining data type 'quatd[4]' as 'Quatd' and array 'QuatdArray
[2026-08-02 17:55:42,089][AutoNode][DEBUG] - Defining data type 'quatf[4]' as 'Quatf' and array 'QuatfArray
[2026-08-02 17:55:42,089][AutoNode][DEBUG] - Defining data type 'quath[4]' as 'Quath' and array 'QuathArray
[2026-08-02 17:55:42,089][AutoNode][DEBUG] - Defining data type 'string' as 'String'
[2026-08-02 17:55:42,089][AutoNode][DEBUG] - Defining data type 'target' as 'Target'
[2026-08-02 17:55:42,089][AutoNode][DEBUG] - Defining data type 'texcoordd[2]' as 'TexCoord2d' and array 'TexCoord2dArray
[2026-08-02 17:55:42,089][AutoNode][DEBUG] - Defining data type 'texcoordf[2]' as 'TexCoord2f' and array 'TexCoord2fArray
[2026-08-02 17:55:42,089][AutoNode][DEBUG] - Defining data type 'texcoordh[2]' as 'TexCoord2h' and array 'TexCoord2hArray
[2026-08-02 17:55:42,089][AutoNode][DEBUG] - Defining data type 'texcoordd[3]' as 'TexCoord3d' and array 'TexCoord3dArray
[2026-08-02 17:55:42,089][AutoNode][DEBUG] - Defining data type 'texcoordf[3]' as 'TexCoord3f' and array 'TexCoord3fArray
[2026-08-02 17:55:42,089][AutoNode][DEBUG] - Defining data type 'texcoordh[3]' as 'TexCoord3h' and array 'TexCoord3hArray
[2026-08-02 17:55:42,089][AutoNode][DEBUG] - Defining data type 'timecode' as 'Timecode' and array 'TimecodeArray
[2026-08-02 17:55:42,089][AutoNode][DEBUG] - Defining data type 'token' as 'Token' and array 'TokenArray
[2026-08-02 17:55:42,089][AutoNode][DEBUG] - Defining data type 'uchar' as 'UChar' and array 'UCharArray
[2026-08-02 17:55:42,089][AutoNode][DEBUG] - Defining data type 'uint' as 'UInt' and array 'UIntArray
[2026-08-02 17:55:42,089][AutoNode][DEBUG] - Defining data type 'uint64' as 'UInt64' and array 'UInt64Array
[2026-08-02 17:55:42,089][AutoNode][DEBUG] - Defining data type 'vectord[3]' as 'Vector3d' and array 'Vector3dArray
[2026-08-02 17:55:42,089][AutoNode][DEBUG] - Defining data type 'vectorf[3]' as 'Vector3f' and array 'Vector3fArray
[2026-08-02 17:55:42,089][AutoNode][DEBUG] - Defining data type 'vectorh[3]' as 'Vector3h' and array 'Vector3hArray
s] [Warning] [carb.windowing-glfw.plugin] GLFW initialization failed.
2026-08-02 09:55:41 [5,392ms] [Warning] [carb] Failed to startup plugin carb.windowing-glfw.plugin (interfaces: [carb::windowing::IGLContext v1.0],[carb::windowing::IWindowing v1.5]) (impl: carb.windowing-glfw.plugin)
2026-08-02 09:55:41 [5,399ms] [Warning] [carb.windowing-glfw.plugin] GLFW initialization failed.
2026-08-02 09:55:41 [5,399ms] [Warning] [carb] Failed to startup plugin carb.windowing-glfw.plugin (interfaces: [carb::windowing::IGLContext v1.0],[carb::windowing::IWindowing v1.5]) (impl: carb.windowing-glfw.plugin)
2026-08-02 09:55:41 [5,400ms] [Warning] [carb.windowing-glfw.plugin] GLFW initialization failed.
2026-08-02 09:55:41 [5,400ms] [Warning] [carb] Failed to startup plugin carb.windowing-glfw.plugin (interfaces: [carb::windowing::IGLContext v1.0],[carb::windowing::IWindowing v1.5]) (impl: carb.windowing-glfw.plugin)
2026-08-02 09:55:41 [5,401ms] [Warning] [carb.windowing-glfw.plugin] GLFW initialization failed.
2026-08-02 09:55:41 [5,401ms] [Warning] [carb] Failed to startup plugin carb.windowing-glfw.plugin (interfaces: [carb::windowing::IGLContext v1.0],[carb::windowing::IWindowing v1.5]) (impl: carb.windowing-glfw.plugin)
2026-08-02 09:55:42 [5,628ms] [Warning] [omni.graph.visualization.nodes._impl.extension] No Viewport Window to add omni.graph.visualization.nodes-2.1.1 scene to
2026-08-02 09:55:42 [5,677ms] [Warning] [isaacsim.asset.importer.urdf] The path 0000014503_A3T2.5-URDF-std-pingpang-0409 is not a valid usd path, modifying to a_0000014503_A3T2_5_URDF_std_pingpang_0409
2026-08-02 09:55:42 [5,677ms] [Error] [isaacsim.asset.importer.urdf] *** Could not parse xyz string '0.0' 
2026-08-02 09:55:42 [5,677ms] [Error] [isaacsim.asset.importer.urdf] *** xyz not specified for axis
2026-08-02 09:55:42 [5,678ms] [Error] [isaacsim.asset.importer.urdf] *** Could not parse xyz string '' 
2026-08-02 09:55:42 [5,678ms] [Error] [isaacsim.asset.importer.urdf] *** xyz not specified for axis
2026-08-02 09:55:42 [5,678ms] [Error] [isaacsim.asset.importer.urdf] *** Could not parse xyz string '' 
2026-08-02 09:55:42 [5,678ms] [Error] [isaacsim.asset.importer.urdf] *** xyz not specified for axis
2026-08-02 09:55:42 [5,678ms] [Error] [isaacsim.asset.importer.urdf] *** Could not parse xyz string '' 
2026-08-02 09:55:42 [5,678ms] [Error] [isaacsim.asset.importer.urdf] *** xyz not specified for axis
2026-08-02 09:55:42 [5,678ms] [Error] [isaacsim.asset.importer.urdf] *** Could not parse xyz string '0.0' 
2026-08-02 09:55:42 [5,678ms] [Error] [isaacsim.asset.importer.urdf] *** xyz not specified for axis
2026-08-02 09:55:42 [5,678ms] [Error] [isaacsim.asset.importer.urdf] *** Could not parse xyz string '0.0' 
2026-08-02 09:55:42 [5,678ms] [Error] [isaacsim.asset.importer.urdf] *** xyz not specified for axis
[INFO]: Time taken for scene creation : 44.761600 seconds
[INFO]: Scene manager:  <class InteractiveScene>
	Number of environments: 2048
	Environment spacing   : 2.5
	Source prim name      : /World/envs/env_0
	Global prim paths     : ['/World/ground']
	Replicate physics     : True
[INFO]: Starting the simulation. This may take a few seconds. Please wait...
[INFO]: Time taken for simulation start : 2.241627 seconds
[INFO] Command Manager:  <CommandManager> contains 2 active terms.
+---------------------------------------------+
|             Active Command Terms            |
+-------+---------------+---------------------+
| Index | Name          |         Type        |
+-------+---------------+---------------------+
|   0   | motion        |    MotionCommand    |
|   1   | racket_target | RacketTargetCommand |
+-------+---------------+---------------------+

[INFO] Event Manager:  <EventManager> contains 2 active terms.
+---------------------------------------+
| Active Event Terms in Mode: 'startup' |
+---------+-----------------------------+
|  Index  | Name                        |
+---------+-----------------------------+
|    0    | physics_material            |
|    1    | base_com                    |
|    2    | link_mass                   |
|    3    | joint_default_pos           |
+---------+-----------------------------+
+-------------------------------------+
| Active Event Terms in Mode: 'reset' |
+--------------+----------------------+
|    Index     | Name                 |
+--------------+----------------------+
|      0       | pd_gains             |
+--------------+----------------------+

[INFO] Recorder Manager:  <RecorderManager> contains 0 active terms.
+-----------------------+
| Active Recorder Terms |
+------------+----------+
|   Index    | Name     |
+------------+----------+
+------------+----------+

[INFO] Action Manager:  <ActionManager> contains 1 active terms.
+---------------------------------+
| Active Action Terms (shape: 31) |
+-------+-----------+-------------+
| Index | Name      |   Dimension |
+-------+-----------+-------------+
|   0   | joint_pos |          31 |
+-------+-----------+-------------+

[INFO] Observation Manager: <ObservationManager> contains 2 groups.
+-------------------------------------------------------------+
| Active Observation Terms in Group: 'policy' (shape: (114,)) |
+----------+--------------------------------------+-----------+
|  Index   | Name                                 |   Shape   |
+----------+--------------------------------------+-----------+
|    0     | base_ang_vel                         |    (3,)   |
|    1     | joint_pos                            |   (31,)   |
|    2     | joint_vel                            |   (31,)   |
|    3     | last_action                          |   (31,)   |
|    4     | projected_gravity                    |    (3,)   |
|    5     | base_forward_xy                      |    (2,)   |
|    6     | fixed_station_error_xy               |    (2,)   |
|    7     | racket_target_rel_base               |    (3,)   |
|    8     | racket_target_vel_w                  |    (3,)   |
|    9     | time_to_strike                       |    (1,)   |
|    10    | swing_side                           |    (1,)   |
|    11    | racket_target_normal_w               |    (3,)   |
+----------+--------------------------------------+-----------+
+-------------------------------------------------------------+
| Active Observation Terms in Group: 'critic' (shape: (324,)) |
+----------+--------------------------------------+-----------+
|  Index   | Name                                 |   Shape   |
+----------+--------------------------------------+-----------+
|    0     | base_ang_vel                         |    (3,)   |
|    1     | joint_pos                            |   (31,)   |
|    2     | joint_vel                            |   (31,)   |
|    3     | last_action                          |   (31,)   |
|    4     | projected_gravity                    |    (3,)   |
|    5     | base_forward_xy                      |    (2,)   |
|    6     | fixed_station_error_xy               |    (2,)   |
|    7     | racket_target_rel_base               |    (3,)   |
|    8     | racket_target_vel_w                  |    (3,)   |
|    9     | time_to_strike                       |    (1,)   |
|    10    | swing_side                           |    (1,)   |
|    11    | base_lin_vel                         |    (3,)   |
|    12    | motion_command                       |   (62,)   |
|    13    | motion_anchor_pos_b                  |    (3,)   |
|    14    | motion_anchor_ori_b                  |    (6,)   |
|    15    | robot_body_pos_b                     |   (42,)   |
|    16    | robot_body_ori_b                     |   (84,)   |
|    17    | racket_pos_b                         |    (3,)   |
|    18    | racket_lin_vel_w                     |    (3,)   |
|    19    | racket_normal_w                      |    (3,)   |
|    20    | racket_target_normal_w               |    (3,)   |
|    21    | episode_time_left                    |    (1,)   |
+----------+--------------------------------------+-----------+

[INFO] Termination Manager:  <TerminationManager> contains 5 active terms.
+-----------------------------------------------+
|            Active Termination Terms           |
+-------+----------------------------+----------+
| Index | Name                       | Time Out |
+-------+----------------------------+----------+
|   0   | time_out                   |   True   |
|   1   | base_too_low               |  False   |
|   2   | base_tilted                |  False   |
|   3   | table_touch                |  False   |
|   4   | persistent_action_overflow |  False   |
+-------+----------------------------+----------+

[INFO] Reward Manager:  <RewardManager> contains 43 active terms.
+------------------------------------------------------------+
|                    Active Reward Terms                     |
+-------+-------------------------------------------+--------+
| Index | Name                                      | Weight |
+-------+-------------------------------------------+--------+
|   0   | undesired_contacts                        |   -0.1 |
|   1   | feet_contact_slip                         |  -0.05 |
|   2   | table_no_touch                            |   -1.0 |
|   3   | alive                                     |   0.01 |
|   4   | upright                                   |   -0.4 |
|   5   | imitation                                 |    0.9 |
|   6   | racket_position                           |    1.2 |
|   7   | backhand_racket_position                  |    1.0 |
|   8   | racket_velocity                           |    0.8 |
|   9   | planner_racket_task_space_crossfade       |    3.0 |
|   10  | exact_impact_planner_task_space_alignment |    4.0 |
|   11  | blade_direction                           |    0.7 |
|   12  | health_gated_soft_ball_contact            |    1.2 |
|   13  | health_gated_backhand_soft_ball_contact   |    1.2 |
|   14  | health_gated_ball_contact                 |    2.5 |
|   15  | healthy_trunk_support                     |    0.4 |
|   16  | targeted_strike_attempt                   |    2.0 |
|   17  | strike_inactivity                         |   -0.6 |
|   18  | pre_strike_station                        |    0.2 |
|   19  | recovery_health                           |   0.12 |
|   20  | no_command_ready_stability                |   0.08 |
|   21  | post_strike_base_ang_vel                  |   0.06 |
|   22  | phase_action_overflow                     |   -0.3 |
|   23  | strike_balance                            |    0.3 |
|   24  | prestrike_station_progress                |    0.8 |
|   25  | lower_body_support                        |   0.25 |
|   26  | termination_penalty                       |  -60.0 |
|   27  | phase_action_rate_waist                   | -0.035 |
|   28  | phase_action_rate_upper                   | -0.005 |
|   29  | phase_action_rate_legs                    | -0.007 |
|   30  | joint_limit                               |   -1.0 |
|   31  | prestrike_racket_progress                 |    0.9 |
|   32  | near_impact_planner_velocity_progress     |    1.1 |
|   33  | operational_joint_margin                  |   -0.6 |
|   34  | joint_target_slew                         | -0.035 |
|   35  | actuator_waist_feasibility                |  -0.02 |
|   36  | actuator_right_arm_feasibility            | -0.005 |
|   37  | actuator_leg_feasibility                  | -0.015 |
|   38  | terminal_quality_window                   |    0.4 |
|   39  | safe_terminal_quality                     |    1.0 |
|   40  | unsafe_terminal_recovery                  |   -0.5 |
|   41  | capability_gated_safe_terminal_outcome    |    8.0 |
|   42  | targeted_contact_miss                     |   -1.5 |
+-------+-------------------------------------------+--------+

[INFO] Curriculum Manager:  <CurriculumManager> contains 0 active terms.
+-------------------------+
| Active Curriculum Terms |
+-------------+-----------+
|    Index    | Name      |
+-------------+-----------+
+-------------+-----------+

[INFO]: Completed setting up the environment...
[train.py] joint-order gate: using canonical->articulation permutation [2, 5, 8, 11, 16, 12, 17, 21, 23, 25, 27, 29, 13, 18, 22, 24, 26, 28, 30, 0, 3, 6, 9, 14, 19, 1, 4, 7, 10, 15, 20]
[train.py] actor observation contract validated: hope_pingpong_normal114 (114D)
/mnt/ssd/zxl/IsaacLab/source/isaaclab/isaaclab/envs/mdp/events.py:501: UserWarning: To copy construct from a tensor, it is recommended to use sourceTensor.detach().clone() or sourceTensor.detach().clone().requires_grad_(True), rather than torch.tensor(sourceTensor).
  actuator_joint_indices = torch.tensor(actuator.joint_indices, device=asset.device)
Actor MLP: Sequential(
  (0): Linear(in_features=114, out_features=512, bias=True)
  (1): ELU(alpha=1.0)
  (2): Linear(in_features=512, out_features=256, bias=True)
  (3): ELU(alpha=1.0)
  (4): Linear(in_features=256, out_features=128, bias=True)
  (5): ELU(alpha=1.0)
  (6): Linear(in_features=128, out_features=31, bias=True)
)
Critic MLP: Sequential(
  (0): Linear(in_features=324, out_features=512, bias=True)
  (1): ELU(alpha=1.0)
  (2): Linear(in_features=512, out_features=256, bias=True)
  (3): ELU(alpha=1.0)
  (4): Linear(in_features=256, out_features=128, bias=True)
  (5): ELU(alpha=1.0)
  (6): Linear(in_features=128, out_features=1, bias=True)
)
[train.py] resumed from checkpoint: /mnt/ssd/zxl/HOPE_latest_20260721/hope_training/whole_body_tracking/logs/rsl_rl/hope_pingpong_stage1_plane020_merged114/2026-08-02_16-16-32_plane020V3_healthsquare_slow_seed9261_1500x4096/model_1800.pt (load_optimizer=False)
[train.py] optimizer LR overridden after checkpoint load: 3e-06
[train.py] critic-only task adaptation enabled for 1000000 update(s); actor mean and action std are frozen
[train.py] random initial episode age: True
/mnt/ssd/zxl/IsaacLab/source/isaaclab/isaaclab/envs/mdp/events.py:501: UserWarning: To copy construct from a tensor, it is recommended to use sourceTensor.detach().clone() or sourceTensor.detach().clone().requires_grad_(True), rather than torch.tensor(sourceTensor).
  actuator_joint_indices = torch.tensor(actuator.joint_indices, device=asset.device)
################################################################################
                     [1m Learning iteration 1800/1820 [0m                     

                       Computation: 25382 steps/s (collection: 2.492s, learning 0.090s)
             Mean action noise std: 0.45
          Mean value_function loss: 0.1047
               Mean surrogate loss: -0.0000
                 Mean entropy loss: 2.8121
      Mean critic_only_warmup loss: 1.0000
                       Mean reward: 0.43
               Mean episode length: 18.20
 Episode_Reward/undesired_contacts: 0.0000
  Episode_Reward/feet_contact_slip: -0.0002
     Episode_Reward/table_no_touch: -0.0000
              Episode_Reward/alive: 0.0003
            Episode_Reward/upright: -0.0003
          Episode_Reward/imitation: 0.0149
    Episode_Reward/racket_position: 0.0000
Episode_Reward/backhand_racket_position: 0.0000
    Episode_Reward/racket_velocity: 0.0000
Episode_Reward/planner_racket_task_space_crossfade: 0.0000
Episode_Reward/exact_impact_planner_task_space_alignment: 0.0000
    Episode_Reward/blade_direction: 0.0000
Episode_Reward/health_gated_soft_ball_contact: 0.0000
Episode_Reward/health_gated_backhand_soft_ball_contact: 0.0000
Episode_Reward/health_gated_ball_contact: 0.0000
Episode_Reward/healthy_trunk_support: 0.0018
Episode_Reward/targeted_strike_attempt: 0.0000
  Episode_Reward/strike_inactivity: 0.0000
 Episode_Reward/pre_strike_station: 0.0055
    Episode_Reward/recovery_health: 0.0005
Episode_Reward/no_command_ready_stability: 0.0003
Episode_Reward/post_strike_base_ang_vel: 0.0000
Episode_Reward/phase_action_overflow: -0.0000
     Episode_Reward/strike_balance: 0.0000
Episode_Reward/prestrike_station_progress: 0.0018
 Episode_Reward/lower_body_support: 0.0000
Episode_Reward/termination_penalty: 0.0000
Episode_Reward/phase_action_rate_waist: -0.0000
Episode_Reward/phase_action_rate_upper: -0.0001
Episode_Reward/phase_action_rate_legs: -0.0000
        Episode_Reward/joint_limit: -0.0006
Episode_Reward/prestrike_racket_progress: 0.0172
Episode_Reward/near_impact_planner_velocity_progress: 0.0000
Episode_Reward/operational_joint_margin: -0.0006
  Episode_Reward/joint_target_slew: -0.0012
Episode_Reward/actuator_waist_feasibility: -0.0000
Episode_Reward/actuator_right_arm_feasibility: -0.0000
Episode_Reward/actuator_leg_feasibility: -0.0000
Episode_Reward/terminal_quality_window: 0.0000
Episode_Reward/safe_terminal_quality: 0.0000
Episode_Reward/unsafe_terminal_recovery: 0.0000
Episode_Reward/capability_gated_safe_terminal_outcome: 0.0000
Episode_Reward/targeted_contact_miss: 0.0000
    Metrics/motion/error_joint_pos: 1.1183
    Metrics/motion/error_joint_vel: 6.9147
     Metrics/motion/error_body_pos: 1.4901
     Metrics/motion/error_body_rot: 0.4798
       Metrics/motion/motion_phase: 0.0814
            Metrics/motion/in_hold: 0.1327
Metrics/motion/motion_start_warmup_prob: 0.7750
Metrics/motion/motion_start_lifecycle_progress: 0.0000
Metrics/motion/motion_start_effective_prestrike_fraction: 0.9688
Metrics/motion/motion_start_effective_recovery_fraction: 0.0000
Metrics/motion/motion_start_effective_rsi_fraction: 0.0000
 Metrics/motion/motion_start_reset: 0.7452
Metrics/motion/motion_start_prestrike_reset: 0.0000
Metrics/motion/motion_start_recovery_reset: 0.0000
Metrics/motion/motion_start_rsi_reset: 0.0000
 Metrics/motion/single_cycle_reset: 0.0000
     Metrics/motion/motion_clip_id: 0.5314
Metrics/motion/motion_supplemental_clip: 0.0000
      Metrics/motion/stand_episode: 0.0000
Metrics/motion/default_stand_reset: 0.2236
Metrics/motion/error_body_pos_lower: 1.4872
Metrics/motion/error_body_rot_lower: 0.4835
Metrics/motion/error_body_lin_vel_lower: 0.1893
Metrics/motion/error_body_ang_vel_lower: 1.1450
Metrics/motion/reference_body_lin_speed_lower: 0.0224
Metrics/motion/robot_body_lin_speed_lower: 0.1883
Metrics/motion/error_body_pos_core: 1.4566
Metrics/motion/error_body_rot_core: 0.2196
Metrics/motion/error_body_lin_vel_core: 0.1699
Metrics/motion/error_body_ang_vel_core: 1.3286
Metrics/motion/reference_body_lin_speed_core: 0.0160
Metrics/motion/robot_body_lin_speed_core: 0.1699
Metrics/motion/error_body_pos_upper: 1.5041
Metrics/motion/error_body_rot_upper: 0.5628
Metrics/motion/error_body_lin_vel_upper: 0.8095
Metrics/motion/error_body_ang_vel_upper: 2.8282
Metrics/motion/reference_body_lin_speed_upper: 0.0411
Metrics/motion/robot_body_lin_speed_upper: 0.8118
Metrics/motion/error_joint_pos_waist: 0.3407
Metrics/motion/error_joint_vel_waist: 1.8215
Metrics/motion/reference_joint_speed_waist: 0.0366
Metrics/motion/error_joint_pos_arms: 0.9259
Metrics/motion/error_joint_vel_arms: 5.3284
Metrics/motion/reference_joint_speed_arms: 0.1162
Metrics/motion/error_joint_pos_legs: 0.4855
Metrics/motion/error_joint_vel_legs: 3.5935
Metrics/motion/reference_joint_speed_legs: 0.0065
Metrics/racket_target/racket_pos_error: 0.0000
Metrics/racket_target/racket_vel_error: 0.0000
Metrics/racket_target/time_to_strike: 0.8750
Metrics/racket_target/return_success: 0.0000
Metrics/racket_target/prev_return_success: 0.0000
Metrics/racket_target/prev_net_cross: 0.0000
Metrics/racket_target/current_net_cross: 0.0000
Metrics/racket_target/racket_pos_curriculum_scale: 0.9688
Metrics/racket_target/impact_inverse_command_blend: 0.0000
Metrics/racket_target/steps_since_target_resample: 14.5000
Metrics/racket_target/recovery_height_error: 0.0181
Metrics/racket_target/recovery_upright_error: 0.1356
Metrics/racket_target/recovery_base_lin_vel: 0.1165
Metrics/racket_target/recovery_base_ang_vel: 1.1343
Metrics/racket_target/recovery_station_error: 0.0539
Metrics/racket_target/recovery_feet_contact_frac: 0.8723
Metrics/racket_target/recovery_racket_speed: 1.6782
Metrics/racket_target/recovery_height_score: 0.9208
Metrics/racket_target/recovery_upright_score: 0.7112
Metrics/racket_target/recovery_lin_vel_score: 0.7381
Metrics/racket_target/recovery_ang_vel_score: 0.2183
Metrics/racket_target/recovery_station_score: 0.8923
Metrics/racket_target/recovery_racket_score: 0.1061
Metrics/racket_target/recovery_arm_score: 0.6660
Metrics/racket_target/recovery_ready_score: 0.6719
Metrics/racket_target/recovery_anchor_arm_score: 0.9688
Metrics/racket_target/recovery_core_ready_score: 0.4584
Metrics/racket_target/recovery_functional_ready_score: 0.3912
Metrics/racket_target/waist_action_overflow_rms: 0.0000
Metrics/racket_target/right_arm_action_overflow_rms: 0.0038
Metrics/racket_target/leg_action_overflow_rms: 0.0017
Metrics/racket_target/operational_margin_fraction: 0.0058
Metrics/racket_target/waist_operational_margin_fraction: 0.0000
Metrics/racket_target/right_arm_operational_margin_fraction: 0.0101
Metrics/racket_target/leg_operational_margin_fraction: 0.0069
Metrics/racket_target/waist_operational_excess_rms: 0.0000
Metrics/racket_target/right_arm_operational_excess_rms: 0.0009
Metrics/racket_target/leg_operational_excess_rms: 0.0019
Metrics/racket_target/q_des_velocity_violation_fraction: 0.1266
Metrics/racket_target/waist_q_des_velocity_violation_fraction: 0.0545
Metrics/racket_target/right_arm_q_des_velocity_violation_fraction: 0.1400
Metrics/racket_target/leg_q_des_velocity_violation_fraction: 0.1758
Metrics/racket_target/q_des_acceleration_violation_fraction: 0.7200
Metrics/racket_target/waist_q_des_acceleration_violation_fraction: 0.5861
Metrics/racket_target/right_arm_q_des_acceleration_violation_fraction: 0.8163
Metrics/racket_target/leg_q_des_acceleration_violation_fraction: 0.7876
Metrics/racket_target/waist_q_des_velocity_rms: 4.8672
Metrics/racket_target/right_arm_q_des_velocity_rms: 9.3239
Metrics/racket_target/leg_q_des_velocity_rms: 9.1246
Metrics/racket_target/waist_q_des_acceleration_rms: 382.3276
Metrics/racket_target/right_arm_q_des_acceleration_rms: 792.8234
Metrics/racket_target/leg_q_des_acceleration_rms: 743.5349
Metrics/racket_target/action_operational_feasibility_score: 0.9308
Metrics/racket_target/actuator_overflow_consecutive_steps: 0.0000
Metrics/racket_target/actuator_overflow_severe: 0.0000
Metrics/racket_target/recovery_phase_gate: 0.5938
Metrics/racket_target/recovery_phase_ready_score: 0.4102
Metrics/racket_target/recovery_contact_ready_score: 0.0000
Metrics/racket_target/recovery_net_ready_score: 0.0000
Metrics/racket_target/recovery_return_ready_score: 0.0000
Metrics/racket_target/cycle_success_ready_score: 0.0000
Metrics/racket_target/cycle_success_soft: 0.0000
Metrics/racket_target/cycle_success_binary: 0.0000
Metrics/racket_target/cycle_v2_pending: 0.0000
Metrics/racket_target/cycle_v2_attempt_latch: 0.0000
Metrics/racket_target/cycle_v2_ready_success_latch: 0.0000
Metrics/racket_target/cycle_v2_ready_fail_latch: 0.0000
Metrics/racket_target/cycle_v2_attempt_event: 0.0000
Metrics/racket_target/cycle_v2_ready_success_event: 0.0000
Metrics/racket_target/cycle_v2_ready_fail_event: 0.0000
Metrics/racket_target/cycle_v2_unresolved_resample_fail_event: 0.0000
Metrics/racket_target/cycle_v2_resolved_event: 0.0000
Metrics/racket_target/cycle_v2_command_visible_steps: 0.0000
Metrics/racket_target/cycle_v2_elapsed_steps: 0.0000
Metrics/racket_target/cycle_v2_ready_score: 0.0000
Metrics/racket_target/cycle_v2_ready_ok: 0.0000
Metrics/racket_target/cycle_v2_visible: 0.0000
Metrics/racket_target/cycle_v2_ready_score_ok: 0.0000
Metrics/racket_target/cycle_v2_height_ok: 0.0000
Metrics/racket_target/cycle_v2_upright_ok: 0.0000
Metrics/racket_target/cycle_v2_base_lin_vel_ok: 0.0000
Metrics/racket_target/cycle_v2_base_ang_vel_ok: 0.0000
Metrics/racket_target/cycle_v2_feet_ok: 0.0000
Metrics/racket_target/cycle_v2_core_ready_ok: 0.0000
Metrics/racket_target/cycle_v2_ready_consecutive_steps: 0.0000
Metrics/racket_target/single_cycle_bootstrap: 0.0000
Metrics/racket_target/single_cycle_swing_completed: 0.0000
Metrics/racket_target/single_cycle_recovery_active: 0.0000
Metrics/racket_target/single_cycle_recovery_elapsed_steps: 0.0000
Metrics/racket_target/single_cycle_ready_consecutive_steps: 0.0000
Metrics/racket_target/single_cycle_safe_timeout_event: 0.0000
Metrics/racket_target/single_cycle_deadline_timeout_event: 0.0000
Metrics/racket_target/single_cycle_timeout_latch: 0.0000
Metrics/racket_target/single_cycle_hard_failure_event: 0.0000
Metrics/racket_target/single_cycle_probability: 0.0000
Metrics/racket_target/single_cycle_curriculum_level: 0.0000
Metrics/racket_target/single_cycle_effective_deadline_steps: 96.8750
Metrics/racket_target/single_cycle_selected_events: 0.0000
Metrics/racket_target/single_cycle_completed_events: 0.0000
Metrics/racket_target/single_cycle_safe_timeout_events: 0.0000
Metrics/racket_target/single_cycle_deadline_timeout_events: 0.0000
Metrics/racket_target/single_cycle_hard_failure_events: 0.0000
Metrics/racket_target/active_ready_consecutive_steps: 0.0766
Metrics/racket_target/active_ready_success_event: 0.0000
Metrics/racket_target/active_ready_success_latch: 0.0000
Metrics/racket_target/active_ready_survival_steps: 0.0000
Metrics/racket_target/active_ready_survival_next_milestone: 0.0000
Metrics/racket_target/active_ready_survival_milestone_event: 0.0000
Metrics/racket_target/no_command_ready_active: 0.1327
Metrics/racket_target/no_command_from_stand_episode: 0.0000
Metrics/racket_target/no_command_from_default_stand_reset: 0.1327
Metrics/racket_target/no_command_ready_upright_ok: 0.1327
Metrics/racket_target/no_command_ready_motion_ok: 0.0527
Metrics/racket_target/no_command_ready_score: 0.0962
Metrics/racket_target/no_command_ready_progress: 0.0020
Metrics/racket_target/no_command_ready_station_error: 0.0020
Metrics/racket_target/no_command_ready_fixed_station_error: 0.0020
Metrics/racket_target/healthy_training_stage: 2.9062
Metrics/racket_target/healthy_stage_planted_rehearsal: 0.0000
Metrics/racket_target/healthy_stage_station_hold_seen: 0.0000
Metrics/racket_target/healthy_stage_station_arrived: 0.0000
Metrics/racket_target/healthy_stage_station_settled: 0.0000
Metrics/racket_target/healthy_stage_station_settle_steps: 0.0000
Metrics/racket_target/station_relocation_active: 0.0000
Metrics/racket_target/station_relocation_target_offset_y: 0.0000
Metrics/racket_target/station_relocation_error: 0.0000
Metrics/racket_target/station_relocation_arrival_event: 0.0000
Metrics/racket_target/station_relocation_settle_event: 0.0000
Metrics/racket_target/station_relocation_release_event: 0.0000
Metrics/racket_target/station_relocation_timeout_event: 0.0000
Metrics/racket_target/station_relocation_elapsed_steps: 0.0000
Metrics/racket_target/station_relocation_hold_deadline_steps: 0.0000
Metrics/racket_target/lifecycle_recovery_hold_active: 0.0000
Metrics/racket_target/lifecycle_recovery_release_success_event: 0.0000
Metrics/racket_target/lifecycle_recovery_release_fail_event: 0.0000
Metrics/racket_target/station_relocation_level: 0.0000
Metrics/racket_target/station_relocation_arrival_ema: 0.0000
Metrics/racket_target/station_relocation_settle_ema: 0.0000
Metrics/racket_target/station_relocation_contact_ema: 0.0000
Metrics/racket_target/station_relocation_safety_ema: 0.0000
Metrics/racket_target/station_relocation_resolved_events: 0.0000
Metrics/racket_target/station_relocation_terminal_reset_events: 0.0000
Metrics/racket_target/station_relocation_advance_streak: 0.0000
Metrics/racket_target/station_relocation_regress_streak: 0.0000
Metrics/racket_target/station_relocation_effective_max_lin_vel: 0.0000
Metrics/racket_target/station_relocation_effective_max_ang_vel: 0.0000
Metrics/racket_target/station_relocation_effective_min_settle_steps: 0.0000
Metrics/racket_target/ability_curriculum_level: 0.0000
Metrics/racket_target/ability_curriculum_scale: 0.9688
Metrics/racket_target/ability_curriculum_resolved_events: 0.0000
Metrics/racket_target/ability_curriculum_total_resolved_events: 0.0000
Metrics/racket_target/ability_curriculum_advance_streak: 0.0000
Metrics/racket_target/ability_curriculum_regress_streak: 0.0000
Metrics/racket_target/ability_contact_ema: 0.0000
Metrics/racket_target/ability_net_ema: 0.0000
Metrics/racket_target/ability_success_ema: 0.0000
Metrics/racket_target/ability_recovery_ema: 0.0000
Metrics/racket_target/ability_cycle_ema: 0.0000
Metrics/racket_target/ability_cycle_attempt_ema: 0.0000
Metrics/racket_target/ability_cycle_resolved_ema: 0.0000
Metrics/racket_target/ability_forehand_contact_ema: 0.0000
Metrics/racket_target/ability_forehand_net_ema: 0.0000
Metrics/racket_target/ability_forehand_success_ema: 0.0000
Metrics/racket_target/ability_backhand_contact_ema: 0.0000
Metrics/racket_target/ability_backhand_net_ema: 0.0000
Metrics/racket_target/ability_backhand_success_ema: 0.0000
Metrics/racket_target/ability_attempt_ema: 0.0000
Metrics/racket_target/ability_targeted_attempt_ema: 0.0000
Metrics/racket_target/impact_health_floor_progress: 0.0000
Metrics/racket_target/ability_safety_ema: 0.9688
Metrics/racket_target/ability_station_saturation_ema: 0.0000
Metrics/racket_target/ability_healthy_normal_ema: 0.0000
Metrics/racket_target/ability_station_arrival_ema: 0.0000
Metrics/racket_target/ability_station_settle_ema: 0.0000
Metrics/racket_target/safe_outcome_capability_gate: 0.0000
Metrics/racket_target/planner_hit_plane_blend: 1.0000
Metrics/racket_target/planner_hit_plane_x_delta: 0.0363
Metrics/racket_target/true_strike_table_x: 0.2000
Metrics/racket_target/planner_target_table_x: 0.2000
Metrics/racket_target/workspace_level: 0.0000
Metrics/racket_target/workspace_fringe_sample: 0.0000
Metrics/racket_target/workspace_target_lateral_norm: 0.3222
Metrics/racket_target/workspace_target_table_y: -0.2328
Metrics/racket_target/workspace_playable_y_min: -0.7225
Metrics/racket_target/workspace_playable_y_max: 0.7225
Metrics/racket_target/workspace_active_y_lo: -0.2993
Metrics/racket_target/workspace_active_y_hi: -0.1662
Metrics/racket_target/workspace_motion_seed_blend: 0.0000
Metrics/racket_target/planner_perturb_curriculum_scale: 1.0000
Metrics/racket_target/incoming_ball_horizontal_speed: 2.2403
Metrics/racket_target/incoming_ball_speed: 4.5907
Metrics/racket_target/incoming_ball_speed_curriculum_level: 0.0000
Metrics/racket_target/incoming_ball_speed_sample_low: 0.0000
Metrics/racket_target/incoming_ball_speed_sample_high: 0.0000
Metrics/racket_target/station_saturated: 0.0000
Metrics/racket_target/station_raw_clip_excess: 0.0000
Metrics/racket_target/station_saturated_x: 0.0000
Metrics/racket_target/station_saturated_y: 0.0000
Metrics/racket_target/station_raw_clip_excess_x: 0.0000
Metrics/racket_target/station_raw_clip_excess_y: 0.0000
Metrics/racket_target/current_swing_opportunity: 0.0000
Metrics/racket_target/current_swing_attempt: 0.0000
Metrics/racket_target/current_swing_targeted_attempt: 0.0000
Metrics/racket_target/prev_swing_targeted_attempt: 0.0000
Metrics/racket_target/current_swing_unsafe: 0.0000
Metrics/racket_target/current_swing_station_saturated: 0.0000
Metrics/racket_target/impact_health_score: 0.9198
Metrics/racket_target/impact_health_ok: 0.9688
Metrics/racket_target/impact_health_backlean_violation: 0.0001
Metrics/racket_target/impact_health_waist_backfold: 0.0019
Metrics/racket_target/impact_health_base_retreat: 0.0137
Metrics/racket_target/impact_health_torso_gravity_x: 0.2039
Metrics/racket_target/impact_health_torso_ang_vel: 0.4588
Metrics/racket_target/impact_health_com_x: 0.0250
Metrics/racket_target/impact_health_com_y: 0.0262
Metrics/racket_target/post_contact_ready_pending: 0.0000
Metrics/racket_target/post_contact_ready_elapsed_steps: 0.0000
Metrics/racket_target/post_contact_ready_consecutive_steps: 0.0000
Metrics/racket_target/post_contact_ready_diagnostic_pending: 0.0000
Metrics/racket_target/post_contact_ready_diagnostic_elapsed_steps: 0.0000
Metrics/racket_target/post_contact_ready_durable_pending: 0.0000
Metrics/racket_target/post_contact_ready_durable_consecutive_steps: 0.0000
Metrics/racket_target/post_contact_ready_durable_ready_now: 0.0000
Metrics/racket_target/post_contact_ready_durable_success_event: 0.0000
Metrics/racket_target/post_contact_ready_durable_fail_event: 0.0000
Metrics/racket_target/post_contact_ready_durable_resolution_success_rate: 0.0000
Metrics/racket_target/post_contact_ready_durable_resolution_fail_rate: 0.0000
Metrics/racket_target/post_contact_ready_durable_resolution_success_latency_steps: 0.0000
Metrics/racket_target/post_contact_ready_durable_resolution_fail_latency_steps: 0.0000
Metrics/racket_target/post_contact_ready_durable_fail_backlean_rate: 0.0000
Metrics/racket_target/post_contact_ready_durable_fail_forward_lean_rate: 0.0000
Metrics/racket_target/post_contact_ready_durable_fail_torso_ang_vel_rate: 0.0000
Metrics/racket_target/post_contact_ready_durable_fail_base_lin_vel_rate: 0.0000
Metrics/racket_target/post_contact_ready_durable_fail_base_ang_vel_rate: 0.0000
Metrics/racket_target/post_contact_ready_durable_fail_racket_speed_rate: 0.0000
Metrics/racket_target/post_contact_ready_durable_fail_height_rate: 0.0000
Metrics/racket_target/post_contact_ready_durable_fail_com_x_rate: 0.0000
Metrics/racket_target/post_contact_ready_durable_fail_com_y_rate: 0.0000
Metrics/racket_target/post_contact_ready_durable_fail_feet_rate: 0.0000
Metrics/racket_target/post_contact_ready_durable_fail_station_rate: 0.0000
Metrics/racket_target/post_contact_ready_durable_fail_arm_rate: 0.0000
Metrics/racket_target/post_contact_ready_terminal_window_active: 0.0000
Metrics/racket_target/post_contact_ready_terminal_quality: 0.0000
Metrics/racket_target/post_contact_ready_terminal_settlement_event: 0.0000
Metrics/racket_target/post_contact_ready_operational_ready_now: 0.0000
Metrics/racket_target/post_contact_ready_operational_consecutive_steps: 0.0000
Metrics/racket_target/post_contact_ready_safe_settlement_event: 0.0000
Metrics/racket_target/post_contact_ready_unsafe_settlement_event: 0.0000
Metrics/racket_target/post_contact_ready_incomplete_settlement_event: 0.0000
Metrics/racket_target/post_contact_ready_safe_net_cycle_event: 0.0000
Metrics/racket_target/post_contact_ready_terminal_quality_mean: 0.0000
Metrics/racket_target/post_contact_ready_safe_terminal_quality_mean: 0.0000
Metrics/racket_target/post_contact_ready_terminal_safe_rate: 0.0000
Metrics/racket_target/post_contact_ready_terminal_unsafe_rate: 0.0000
Metrics/racket_target/post_contact_ready_terminal_incomplete_rate: 0.0000
Metrics/racket_target/post_contact_ready_safe_net_cycle_rate: 0.0000
Metrics/racket_target/post_contact_ready_score: 0.8026
Metrics/racket_target/post_contact_ready_now: 0.0000
Metrics/racket_target/post_contact_ready_success_event: 0.0000
Metrics/racket_target/post_contact_ready_fail_event: 0.0000
Metrics/racket_target/post_contact_ready_outcome_tier: -0.9688
Metrics/racket_target/post_contact_ready_face_quality: 0.0000
Metrics/racket_target/post_contact_ready_safe_face_net_cycle_value: 0.0000
Metrics/racket_target/post_contact_ready_planner_speed_ratio: 0.0000
Metrics/racket_target/post_contact_ready_planner_direction_error_rad: 0.0000
Metrics/racket_target/post_contact_ready_planner_position_error: 0.0000
Metrics/racket_target/post_contact_ready_impact_health_score: 0.0000
Metrics/racket_target/post_contact_ready_peak_base_ang_vel: 0.0000
Metrics/racket_target/post_contact_ready_peak_ang_vel_excess_increment: 0.0000
Metrics/racket_target/post_contact_ready_envelope_violation_latch: 0.0000
Metrics/racket_target/post_contact_ready_envelope_violation_event: 0.0000
Metrics/racket_target/post_contact_ready_envelope_first_violation_step: -0.9688
Metrics/racket_target/post_contact_ready_envelope_attempts: 0.0000
Metrics/racket_target/post_contact_ready_envelope_violation_rate: 0.0000
Metrics/racket_target/post_contact_ready_envelope_tilt_violation_rate: 0.0000
Metrics/racket_target/post_contact_ready_envelope_pitch_violation_rate: 0.0000
Metrics/racket_target/post_contact_ready_envelope_com_violation_rate: 0.0000
Metrics/racket_target/post_contact_ready_envelope_waist_violation_rate: 0.0000
Metrics/racket_target/post_contact_ready_envelope_leg_violation_rate: 0.0000
Metrics/racket_target/post_contact_ready_envelope_base_ang_vel_violation_rate: 0.0000
Metrics/racket_target/post_contact_ready_resolution_success_rate: 0.0000
Metrics/racket_target/post_contact_ready_resolution_fail_rate: 0.0000
Metrics/racket_target/post_contact_ready_resolution_success_latency_steps: 0.0000
Metrics/racket_target/post_contact_ready_resolution_fail_latency_steps: 0.0000
Metrics/racket_target/post_contact_ready_max_tilt: 0.0000
Metrics/racket_target/post_contact_ready_max_abs_pitch: 0.0000
Metrics/racket_target/post_contact_ready_max_com_x: 0.0000
Metrics/racket_target/post_contact_ready_max_com_y: 0.0000
Metrics/racket_target/post_contact_ready_max_waist_overflow: 0.0000
Metrics/racket_target/post_contact_ready_max_leg_overflow: 0.0000
Metrics/racket_target/post_contact_ready_settlement_velocity_score_ema: 0.0000
Metrics/racket_target/post_contact_ready_settlement_position_gate_ema: 0.0000
Metrics/racket_target/post_contact_ready_settlement_health_gate_ema: 0.0000
Metrics/racket_target/post_contact_ready_settlement_recovery_gate_ema: 0.0000
Metrics/racket_target/post_contact_ready_settlement_total_score_ema: 0.0000
Metrics/racket_target/post_contact_recovery_backlean_error: 0.0001
Metrics/racket_target/post_contact_recovery_directional_progress: 0.0000
Metrics/racket_target/post_contact_ready_torso_ok: 0.9344
Metrics/racket_target/post_contact_ready_motion_ok: 0.5854
Metrics/racket_target/post_contact_ready_support_ok: 0.9688
Metrics/racket_target/post_contact_ready_arm_ok: 0.9688
Metrics/racket_target/post_contact_ready_base_lin_vel_ok: 0.9688
Metrics/racket_target/post_contact_ready_base_ang_vel_ok: 0.6482
Metrics/racket_target/post_contact_ready_racket_speed_ok: 0.8363
Metrics/racket_target/post_contact_ready_height_ok: 0.9688
Metrics/racket_target/post_contact_ready_com_x_ok: 0.9688
Metrics/racket_target/post_contact_ready_com_y_ok: 0.9688
Metrics/racket_target/post_contact_ready_feet_ok: 0.9688
Metrics/racket_target/post_contact_ready_station_ok: 0.9688
Metrics/racket_target/post_contact_ready_fail_torso: 0.0000
Metrics/racket_target/post_contact_ready_fail_base_lin_vel: 0.0000
Metrics/racket_target/post_contact_ready_fail_base_ang_vel: 0.0000
Metrics/racket_target/post_contact_ready_fail_racket_speed: 0.0000
Metrics/racket_target/post_contact_ready_fail_support: 0.0000
Metrics/racket_target/post_contact_ready_fail_arm: 0.0000
Metrics/racket_target/post_contact_ready_shadow_now: 0.0000
Metrics/racket_target/post_contact_ready_shadow_consecutive_steps: 0.0000
Metrics/racket_target/post_contact_ready_shadow_success_latch: 0.0000
Metrics/racket_target/post_contact_ready_curriculum_level: 0.0000
Metrics/racket_target/post_contact_ready_curriculum_fraction: 0.9688
Metrics/racket_target/post_contact_ready_curriculum_success_ema: 0.0000
Metrics/racket_target/post_contact_ready_curriculum_shadow_success_ema: 0.0000
Metrics/racket_target/post_contact_ready_curriculum_resolved_events: 0.0000
Metrics/racket_target/post_contact_ready_curriculum_successful_events: 0.0000
Metrics/racket_target/post_contact_ready_curriculum_targeted_attempt_ema: 0.0000
Metrics/racket_target/post_contact_ready_curriculum_return_success_ema: 0.0000
Metrics/racket_target/post_contact_ready_curriculum_completed_swings: 0.0000
Metrics/racket_target/post_contact_ready_curriculum_advance_streak: 0.0000
Metrics/racket_target/post_contact_ready_curriculum_advance_guard_ok: 0.0000
Metrics/racket_target/post_contact_ready_effective_max_torso_ang_vel: 1.4531
Metrics/racket_target/post_contact_ready_effective_torso_x_min: -0.1163
Metrics/racket_target/post_contact_ready_effective_torso_x_max: 0.3100
Metrics/racket_target/post_contact_ready_effective_max_base_lin_vel: 0.4359
Metrics/racket_target/post_contact_ready_effective_max_base_ang_vel: 1.2594
Metrics/racket_target/post_contact_ready_effective_max_racket_speed: 2.9062
Metrics/racket_target/post_contact_ready_effective_min_feet_contact: 0.4844
Metrics/racket_target/post_contact_ready_effective_required_consecutive_steps: 2.9062
Metrics/racket_target/post_contact_ready_effective_deadline_steps: 38.7500
Metrics/racket_target/post_contact_ready_curriculum_advance_threshold: 0.9688
Metrics/racket_target/post_contact_ready_curriculum_advance_min_events: 0.0000
Metrics/racket_target/post_contact_ready_curriculum_shadow_threshold: 0.9688
Metrics/racket_target/post_contact_ready_curriculum_min_targeted_attempt_ema: 0.0000
Metrics/racket_target/post_contact_ready_curriculum_min_return_success_ema: 0.0000
Metrics/racket_target/post_contact_ready_curriculum_min_completed_swings: 0.9688
Metrics/racket_target/post_contact_ready_curriculum_required_advance_checks: 0.9688
Metrics/racket_target/racket_normal_error_deg: 50.8927
Metrics/racket_target/impact_normal_error_deg: 0.0000
Metrics/racket_target/impact_racket_vel_error_mps: 0.0000
Metrics/racket_target/impact_racket_speed_ratio: 0.0000
Metrics/racket_target/impact_racket_vel_angle_deg: 0.0000
Metrics/racket_target/impact_racket_actual_vel_x: 0.0000
Metrics/racket_target/impact_racket_actual_vel_y: 0.0000
Metrics/racket_target/impact_racket_actual_vel_z: 0.0000
Metrics/racket_target/impact_racket_target_vel_x: 0.0000
Metrics/racket_target/impact_racket_target_vel_y: 0.0000
Metrics/racket_target/impact_racket_target_vel_z: 0.0000
Metrics/racket_target/impact_ball_out_error_mps: 0.0000
Metrics/racket_target/impact_face_radial_error_m: 0.0000
Metrics/racket_target/impact_face_normal_gap_m: 0.0000
Metrics/racket_target/impact_face_quality: 0.0000
Metrics/racket_target/impact_center_contact: 0.0000
Metrics/racket_target/impact_center_net_cross: 0.0000
Metrics/racket_target/impact_center_on_opponent: 0.0000
Metrics/racket_target/impact_rim_contact: 0.0000
Metrics/racket_target/impact_rim_net_cross: 0.0000
Metrics/racket_target/impact_rim_on_opponent: 0.0000
Metrics/racket_target/impact_analytic_outer_contact: 0.0000
Metrics/racket_target/impact_analytic_outer_net_cross: 0.0000
Metrics/racket_target/impact_analytic_outer_on_opponent: 0.0000
Metrics/racket_target/impact_planner_pos_error_m: 0.0000
Metrics/racket_target/impact_planner_vel_error_mps: 0.0000
Metrics/racket_target/impact_planner_speed_ratio: 0.0000
Metrics/racket_target/impact_planner_vel_angle_deg: 0.0000
Metrics/racket_target/impact_healthy_normal_ok: 0.0000
Metrics/racket_target/impact_healthy_contact: 0.0000
Metrics/racket_target/impact_healthy_net_cross: 0.0000
Metrics/racket_target/impact_healthy_on_opponent: 0.0000
Metrics/racket_target/current_swing_impact_health_score: 0.0000
Metrics/racket_target/current_swing_healthy_contact: 0.0000
Metrics/racket_target/current_swing_healthy_net_cross: 0.0000
Metrics/racket_target/current_swing_healthy_on_opponent: 0.0000
Metrics/racket_target/current_swing_healthy_normal_ok: 0.0000
Metrics/racket_target/current_swing_contact: 0.0000
Metrics/racket_target/current_swing_net_cross: 0.0000
Metrics/racket_target/current_swing_on_opponent: 0.0000
Metrics/racket_target/current_swing_center_contact: 0.0000
Metrics/racket_target/current_swing_center_net_cross: 0.0000
Metrics/racket_target/current_swing_center_on_opponent: 0.0000
Metrics/racket_target/current_swing_rim_contact: 0.0000
Metrics/racket_target/current_swing_rim_net_cross: 0.0000
Metrics/racket_target/current_swing_rim_on_opponent: 0.0000
Metrics/racket_target/current_swing_analytic_outer_contact: 0.0000
Metrics/racket_target/current_swing_analytic_outer_net_cross: 0.0000
Metrics/racket_target/current_swing_analytic_outer_on_opponent: 0.0000
Metrics/racket_target/cycle_v2_outcome_tier: -0.9688
Metrics/racket_target/cycle_v2_streak: 0.0000
Metrics/racket_target/closed_loop_recovery_trigger_event: 0.0000
Metrics/racket_target/closed_loop_cycle_success_event: 0.0000
Metrics/racket_target/closed_loop_durable_cycle_success_event: 0.0000
Metrics/racket_target/closed_loop_phase_id: 0.8360
Metrics/racket_target/closed_loop_phase_ready_no_command: 0.1327
Metrics/racket_target/closed_loop_phase_command_acquire: 0.8360
Metrics/racket_target/closed_loop_phase_pre_strike: 0.0000
Metrics/racket_target/closed_loop_phase_strike: 0.0000
Metrics/racket_target/closed_loop_phase_follow_through: 0.0000
Metrics/racket_target/closed_loop_phase_recovery: 0.0000
Metrics/racket_target/closed_loop_phase_next_ready: 0.0000
Metrics/racket_target/post_contact_phase_impact_0_100ms_attempts: 0.0000
Metrics/racket_target/post_contact_phase_impact_0_100ms_tilt_gt_0p1_rate: 0.0000
Metrics/racket_target/post_contact_phase_impact_0_100ms_pitch_gt_0p1_rate: 0.0000
Metrics/racket_target/post_contact_phase_impact_0_100ms_waist_overflow_gt_1p0_rate: 0.0000
Metrics/racket_target/post_contact_phase_impact_0_100ms_base_ang_vel_gt_0p8_rate: 0.0000
Metrics/racket_target/post_contact_phase_brake_100_300ms_attempts: 0.0000
Metrics/racket_target/post_contact_phase_brake_100_300ms_tilt_gt_0p1_rate: 0.0000
Metrics/racket_target/post_contact_phase_brake_100_300ms_pitch_gt_0p1_rate: 0.0000
Metrics/racket_target/post_contact_phase_brake_100_300ms_waist_overflow_gt_1p0_rate: 0.0000
Metrics/racket_target/post_contact_phase_brake_100_300ms_base_ang_vel_gt_0p8_rate: 0.0000
Metrics/racket_target/post_contact_phase_settle_300_600ms_attempts: 0.0000
Metrics/racket_target/post_contact_phase_settle_300_600ms_tilt_gt_0p1_rate: 0.0000
Metrics/racket_target/post_contact_phase_settle_300_600ms_pitch_gt_0p1_rate: 0.0000
Metrics/racket_target/post_contact_phase_settle_300_600ms_waist_overflow_gt_1p0_rate: 0.0000
Metrics/racket_target/post_contact_phase_settle_300_600ms_base_ang_vel_gt_0p8_rate: 0.0000
Metrics/racket_target/post_contact_phase_ready_after_600ms_attempts: 0.0000
Metrics/racket_target/post_contact_phase_ready_after_600ms_tilt_gt_0p1_rate: 0.0000
Metrics/racket_target/post_contact_phase_ready_after_600ms_pitch_gt_0p1_rate: 0.0000
Metrics/racket_target/post_contact_phase_ready_after_600ms_waist_overflow_gt_1p0_rate: 0.0000
Metrics/racket_target/post_contact_phase_ready_after_600ms_base_ang_vel_gt_0p8_rate: 0.0000
      Episode_Termination/time_out: 4.0312
  Episode_Termination/base_too_low: 0.0000
   Episode_Termination/base_tilted: 0.0000
   Episode_Termination/table_touch: 0.0000
Episode_Termination/persistent_action_overflow: 0.0000
--------------------------------------------------------------------------------
                   Total timesteps: 65536
                    Iteration time: 2.58s
                      Time elapsed: 00:00:02
                               ETA: 00:00:51

[2026-08-02 17:56:31,616][git.util][DEBUG] - sys.platform='linux', git_executable='git'
[2026-08-02 17:56:31,617][git.cmd][DEBUG] - Popen(['git', 'cat-file', '--batch-check'], cwd=/mnt/ssd/zxl/PACE-ICRA2026, stdin=<valid stream>, shell=False, universal_newlines=False)
[2026-08-02 17:56:31,619][git.cmd][DEBUG] - Popen(['git', 'cat-file', '--batch'], cwd=/mnt/ssd/zxl/PACE-ICRA2026, stdin=<valid stream>, shell=False, universal_newlines=False)
Storing git diff for 'PACE-ICRA2026' in: /mnt/ssd/zxl/HOPE_latest_20260721/hope_training/whole_body_tracking/logs/rsl_rl/hope_pingpong_stage1_plane020_escrow_guard114/2026-08-02_17-55-40_plane020EscrowGuardMiss_frozenAudit_20x2048/git/PACE-ICRA2026.diff
[2026-08-02 17:56:31,622][git.cmd][DEBUG] - Popen(['git', 'status'], cwd=/mnt/ssd/zxl/PACE-ICRA2026, stdin=None, shell=False, universal_newlines=False)
[2026-08-02 17:56:31,624][git.cmd][DEBUG] - Popen(['git', 'diff', 'f680833fa6dd25066f6d1bff1a8f66c566269348'], cwd=/mnt/ssd/zxl/PACE-ICRA2026, stdin=None, shell=False, universal_newlines=False)
[2026-08-02 17:56:31,630][git.util][DEBUG] - sys.platform='linux', git_executable='git'
[2026-08-02 17:56:31,631][git.cmd][DEBUG] - Popen(['git', 'cat-file', '--batch-check'], cwd=/mnt/ssd/zxl/HOPE_latest_20260721, stdin=<valid stream>, shell=False, universal_newlines=False)
[2026-08-02 17:56:31,633][git.cmd][DEBUG] - Popen(['git', 'cat-file', '--batch'], cwd=/mnt/ssd/zxl/HOPE_latest_20260721, stdin=<valid stream>, shell=False, universal_newlines=False)
Storing git diff for 'HOPE_latest_20260721' in: /mnt/ssd/zxl/HOPE_latest_20260721/hope_training/whole_body_tracking/logs/rsl_rl/hope_pingpong_stage1_plane020_escrow_guard114/2026-08-02_17-55-40_plane020EscrowGuardMiss_frozenAudit_20x2048/git/HOPE_latest_20260721.diff
[2026-08-02 17:56:31,634][git.cmd][DEBUG] - Popen(['git', 'status'], cwd=/mnt/ssd/zxl/HOPE_latest_20260721, stdin=None, shell=False, universal_newlines=False)
[2026-08-02 17:56:31,642][git.cmd][DEBUG] - Popen(['git', 'diff', 'b99de9c8263d8acc9cebf93db6b7631b921597ed'], cwd=/mnt/ssd/zxl/HOPE_latest_20260721, stdin=None, shell=False, universal_newlines=False)
/mnt/ssd/zxl/IsaacLab/source/isaaclab/isaaclab/envs/mdp/events.py:501: UserWarning: To copy construct from a tensor, it is recommended to use sourceTensor.detach().clone() or sourceTensor.detach().clone().requires_grad_(True), rather than torch.tensor(sourceTensor).
  actuator_joint_indices = torch.tensor(actuator.joint_indices, device=asset.device)
################################################################################
                     [1m Learning iteration 1801/1820 [0m                     

                       Computation: 31400 steps/s (collection: 2.072s, learning 0.015s)
             Mean action noise std: 0.45
          Mean value_function loss: 0.0687
               Mean surrogate loss: -0.0000
                 Mean entropy loss: 2.8121
      Mean critic_only_warmup loss: 1.0000
                       Mean reward: 1.75
               Mean episode length: 52.45
 Episode_Reward/undesired_contacts: 0.0000
  Episode_Reward/feet_contact_slip: -0.0004
     Episode_Reward/table_no_touch: -0.0000
              Episode_Reward/alive: 0.0010
            Episode_Reward/upright: -0.0010
          Episode_Reward/imitation: 0.0424
    Episode_Reward/racket_position: 0.0021
Episode_Reward/backhand_racket_position: 0.0009
    Episode_Reward/racket_velocity: 0.0014
Episode_Reward/planner_racket_task_space_crossfade: 0.0172
Episode_Reward/exact_impact_planner_task_space_alignment: 0.0002
    Episode_Reward/blade_direction: 0.0012
Episode_Reward/health_gated_soft_ball_contact: 0.0011
Episode_Reward/health_gated_backhand_soft_ball_contact: 0.0006
Episode_Reward/health_gated_ball_contact: 0.0003
Episode_Reward/healthy_trunk_support: 0.0082
Episode_Reward/targeted_strike_attempt: 0.0003
  Episode_Reward/strike_inactivity: 0.0000
 Episode_Reward/pre_strike_station: 0.0159
    Episode_Reward/recovery_health: 0.0012
Episode_Reward/no_command_ready_stability: 0.0006
Episode_Reward/post_strike_base_ang_vel: 0.0001
Episode_Reward/phase_action_overflow: -0.0000
     Episode_Reward/strike_balance: 0.0018
Episode_Reward/prestrike_station_progress: 0.0057
 Episode_Reward/lower_body_support: 0.0028
Episode_Reward/termination_penalty: 0.0000
Episode_Reward/phase_action_rate_waist: -0.0000
Episode_Reward/phase_action_rate_upper: -0.0004
Episode_Reward/phase_action_rate_legs: -0.0000
        Episode_Reward/joint_limit: -0.0028
Episode_Reward/prestrike_racket_progress: 0.0477
Episode_Reward/near_impact_planner_velocity_progress: 0.0019
Episode_Reward/operational_joint_margin: -0.0012
  Episode_Reward/joint_target_slew: -0.0029
Episode_Reward/actuator_waist_feasibility: -0.0000
Episode_Reward/actuator_right_arm_feasibility: -0.0000
Episode_Reward/actuator_leg_feasibility: -0.0000
Episode_Reward/terminal_quality_window: 0.0000
Episode_Reward/safe_terminal_quality: 0.0000
Episode_Reward/unsafe_terminal_recovery: 0.0000
Episode_Reward/capability_gated_safe_terminal_outcome: 0.0000
Episode_Reward/targeted_contact_miss: -0.0000
    Metrics/motion/error_joint_pos: 1.4094
    Metrics/motion/error_joint_vel: 5.9233
     Metrics/motion/error_body_pos: 0.1078
     Metrics/motion/error_body_rot: 0.5298
       Metrics/motion/motion_phase: 0.2713
            Metrics/motion/in_hold: 0.0365
Metrics/motion/motion_start_warmup_prob: 0.8000
Metrics/motion/motion_start_lifecycle_progress: 0.0000
Metrics/motion/motion_start_effective_prestrike_fraction: 1.0000
Metrics/motion/motion_start_effective_recovery_fraction: 0.0000
Metrics/motion/motion_start_effective_rsi_fraction: 0.0000
 Metrics/motion/motion_start_reset: 0.7156
Metrics/motion/motion_start_prestrike_reset: 0.0000
Metrics/motion/motion_start_recovery_reset: 0.0000
Metrics/motion/motion_start_rsi_reset: 0.0000
 Metrics/motion/single_cycle_reset: 0.0000
     Metrics/motion/motion_clip_id: 0.5318
Metrics/motion/motion_supplemental_clip: 0.0000
      Metrics/motion/stand_episode: 0.0365
Metrics/motion/default_stand_reset: 0.2844
Metrics/motion/error_body_pos_lower: 0.1131
Metrics/motion/error_body_rot_lower: 0.6116
Metrics/motion/error_body_lin_vel_lower: 0.1078
Metrics/motion/error_body_ang_vel_lower: 0.6503
Metrics/motion/reference_body_lin_speed_lower: 0.0235
Metrics/motion/robot_body_lin_speed_lower: 0.1031
Metrics/motion/error_body_pos_core: 0.0633
Metrics/motion/error_body_rot_core: 0.2611
Metrics/motion/error_body_lin_vel_core: 0.1329
Metrics/motion/error_body_ang_vel_core: 1.2024
Metrics/motion/reference_body_lin_speed_core: 0.0295
Metrics/motion/robot_body_lin_speed_core: 0.1262
Metrics/motion/error_body_pos_upper: 0.1174
Metrics/motion/error_body_rot_upper: 0.5376
Metrics/motion/error_body_lin_vel_upper: 0.7655
Metrics/motion/error_body_ang_vel_upper: 2.4097
Metrics/motion/reference_body_lin_speed_upper: 0.1027
Metrics/motion/robot_body_lin_speed_upper: 0.7978
Metrics/motion/error_joint_pos_waist: 0.4124
Metrics/motion/error_joint_vel_waist: 1.5307
Metrics/motion/reference_joint_speed_waist: 0.0310
Metrics/motion/error_joint_pos_arms: 1.1475
Metrics/motion/error_joint_vel_arms: 5.0620
Metrics/motion/reference_joint_speed_arms: 0.2262
Metrics/motion/error_joint_pos_legs: 0.6516
Metrics/motion/error_joint_vel_legs: 2.3272
Metrics/motion/reference_joint_speed_legs: 0.0089
Metrics/racket_target/racket_pos_error: 0.0317
Metrics/racket_target/racket_vel_error: 0.1141
Metrics/racket_target/time_to_strike: 0.3596
Metrics/racket_target/return_success: 0.0000
Metrics/racket_target/prev_return_success: 0.0000
Metrics/racket_target/prev_net_cross: 0.0000
Metrics/racket_target/current_net_cross: 0.0543
Metrics/racket_target/racket_pos_curriculum_scale: 1.0000
Metrics/racket_target/impact_inverse_command_blend: 0.0000
Metrics/racket_target/steps_since_target_resample: 46.5000
Metrics/racket_target/recovery_height_error: 0.0168
Metrics/racket_target/recovery_upright_error: 0.2016
Metrics/racket_target/recovery_base_lin_vel: 0.1377
Metrics/racket_target/recovery_base_ang_vel: 0.9516
Metrics/racket_target/recovery_station_error: 0.0542
Metrics/racket_target/recovery_feet_contact_frac: 0.9821
Metrics/racket_target/recovery_racket_speed: 1.5916
Metrics/racket_target/recovery_height_score: 0.9679
Metrics/racket_target/recovery_upright_score: 0.5475
Metrics/racket_target/recovery_lin_vel_score: 0.7099
Metrics/racket_target/recovery_ang_vel_score: 0.2751
Metrics/racket_target/recovery_station_score: 0.9225
Metrics/racket_target/recovery_racket_score: 0.0814
Metrics/racket_target/recovery_arm_score: 0.6284
Metrics/racket_target/recovery_ready_score: 0.6678
Metrics/racket_target/recovery_anchor_arm_score: 1.0000
Metrics/racket_target/recovery_core_ready_score: 0.5194
Metrics/racket_target/recovery_functional_ready_score: 0.4406
Metrics/racket_target/waist_action_overflow_rms: 0.0000
Metrics/racket_target/right_arm_action_overflow_rms: 0.0056
Metrics/racket_target/leg_action_overflow_rms: 0.0000
Metrics/racket_target/operational_margin_fraction: 0.0023
Metrics/racket_target/waist_operational_margin_fraction: 0.0000
Metrics/racket_target/right_arm_operational_margin_fraction: 0.0033
Metrics/racket_target/leg_operational_margin_fraction: 0.0039
Metrics/racket_target/waist_operational_excess_rms: 0.0000
Metrics/racket_target/right_arm_operational_excess_rms: 0.0007
Metrics/racket_target/leg_operational_excess_rms: 0.0001
Metrics/racket_target/q_des_velocity_violation_fraction: 0.0808
Metrics/racket_target/waist_q_des_velocity_violation_fraction: 0.0026
Metrics/racket_target/right_arm_q_des_velocity_violation_fraction: 0.1098
Metrics/racket_target/leg_q_des_velocity_violation_fraction: 0.1025
Metrics/racket_target/q_des_acceleration_violation_fraction: 0.7047
Metrics/racket_target/waist_q_des_acceleration_violation_fraction: 0.5998
Metrics/racket_target/right_arm_q_des_acceleration_violation_fraction: 0.8268
Metrics/racket_target/leg_q_des_acceleration_violation_fraction: 0.7515
Metrics/racket_target/waist_q_des_velocity_rms: 3.0607
Metrics/racket_target/right_arm_q_des_velocity_rms: 8.7664
Metrics/racket_target/leg_q_des_velocity_rms: 6.7871
Metrics/racket_target/waist_q_des_acceleration_rms: 250.7513
Metrics/racket_target/right_arm_q_des_acceleration_rms: 719.2604
Metrics/racket_target/leg_q_des_acceleration_rms: 567.1732
Metrics/racket_target/action_operational_feasibility_score: 0.9945
Metrics/racket_target/actuator_overflow_consecutive_steps: 0.0000
Metrics/racket_target/actuator_overflow_severe: 0.0000
Metrics/racket_target/recovery_phase_gate: 0.0365
Metrics/racket_target/recovery_phase_ready_score: 0.0272
Metrics/racket_target/recovery_contact_ready_score: 0.0000
Metrics/racket_target/recovery_net_ready_score: 0.0000
Metrics/racket_target/recovery_return_ready_score: 0.0000
Metrics/racket_target/cycle_success_ready_score: 0.0000
Metrics/racket_target/cycle_success_soft: 0.0000
Metrics/racket_target/cycle_success_binary: 0.0000
Metrics/racket_target/cycle_v2_pending: 0.0000
Metrics/racket_target/cycle_v2_attempt_latch: 0.0000
Metrics/racket_target/cycle_v2_ready_success_latch: 0.0000
Metrics/racket_target/cycle_v2_ready_fail_latch: 0.0000
Metrics/racket_target/cycle_v2_attempt_event: 0.0000
Metrics/racket_target/cycle_v2_ready_success_event: 0.0000
Metrics/racket_target/cycle_v2_ready_fail_event: 0.0000
Metrics/racket_target/cycle_v2_unresolved_resample_fail_event: 0.0000
Metrics/racket_target/cycle_v2_resolved_event: 0.0000
Metrics/racket_target/cycle_v2_command_visible_steps: 0.0000
Metrics/racket_target/cycle_v2_elapsed_steps: 0.0000
Metrics/racket_target/cycle_v2_ready_score: 0.0000
Metrics/racket_target/cycle_v2_ready_ok: 0.0000
Metrics/racket_target/cycle_v2_visible: 0.0000
Metrics/racket_target/cycle_v2_ready_score_ok: 0.0000
Metrics/racket_target/cycle_v2_height_ok: 0.0000
Metrics/racket_target/cycle_v2_upright_ok: 0.0000
Metrics/racket_target/cycle_v2_base_lin_vel_ok: 0.0000
Metrics/racket_target/cycle_v2_base_ang_vel_ok: 0.0000
Metrics/racket_target/cycle_v2_feet_ok: 0.0000
Metrics/racket_target/cycle_v2_core_ready_ok: 0.0000
Metrics/racket_target/cycle_v2_ready_consecutive_steps: 0.0000
Metrics/racket_target/single_cycle_bootstrap: 0.0000
Metrics/racket_target/single_cycle_swing_completed: 0.0000
Metrics/racket_target/single_cycle_recovery_active: 0.0000
Metrics/racket_target/single_cycle_recovery_elapsed_steps: 0.0000
Metrics/racket_target/single_cycle_ready_consecutive_steps: 0.0000
Metrics/racket_target/single_cycle_safe_timeout_event: 0.0000
Metrics/racket_target/single_cycle_deadline_timeout_event: 0.0000
Metrics/racket_target/single_cycle_timeout_latch: 0.0000
Metrics/racket_target/single_cycle_hard_failure_event: 0.0000
Metrics/racket_target/single_cycle_probability: 0.0000
Metrics/racket_target/single_cycle_curriculum_level: 0.0000
Metrics/racket_target/single_cycle_effective_deadline_steps: 100.0000
Metrics/racket_target/single_cycle_selected_events: 0.0000
Metrics/racket_target/single_cycle_completed_events: 0.0000
Metrics/racket_target/single_cycle_safe_timeout_events: 0.0000
Metrics/racket_target/single_cycle_deadline_timeout_events: 0.0000
Metrics/racket_target/single_cycle_hard_failure_events: 0.0000
Metrics/racket_target/active_ready_consecutive_steps: 0.1094
Metrics/racket_target/active_ready_success_event: 0.0000
Metrics/racket_target/active_ready_success_latch: 0.0000
Metrics/racket_target/active_ready_survival_steps: 0.0000
Metrics/racket_target/active_ready_survival_next_milestone: 0.0000
Metrics/racket_target/active_ready_survival_milestone_event: 0.0000
Metrics/racket_target/no_command_ready_active: 0.0365
Metrics/racket_target/no_command_from_stand_episode: 0.0365
Metrics/racket_target/no_command_from_default_stand_reset: 0.0365
Metrics/racket_target/no_command_ready_upright_ok: 0.0365
Metrics/racket_target/no_command_ready_motion_ok: 0.0312
Metrics/racket_target/no_command_ready_score: 0.0272
Metrics/racket_target/no_command_ready_progress: -0.0070
Metrics/racket_target/no_command_ready_station_error: 0.0026
Metrics/racket_target/no_command_ready_fixed_station_error: 0.0026
Metrics/racket_target/healthy_training_stage: 3.0000
Metrics/racket_target/healthy_stage_planted_rehearsal: 0.0000
Metrics/racket_target/healthy_stage_station_hold_seen: 0.0000
Metrics/racket_target/healthy_stage_station_arrived: 0.0000
Metrics/racket_target/healthy_stage_station_settled: 0.0000
Metrics/racket_target/healthy_stage_station_settle_steps: 0.0000
Metrics/racket_target/station_relocation_active: 0.0000
Metrics/racket_target/station_relocation_target_offset_y: 0.0000
Metrics/racket_target/station_relocation_error: 0.0000
Metrics/racket_target/station_relocation_arrival_event: 0.0000
Metrics/racket_target/station_relocation_settle_event: 0.0000
Metrics/racket_target/station_relocation_release_event: 0.0000
Metrics/racket_target/station_relocation_timeout_event: 0.0000
Metrics/racket_target/station_relocation_elapsed_steps: 0.0000
Metrics/racket_target/station_relocation_hold_deadline_steps: 0.0000
Metrics/racket_target/lifecycle_recovery_hold_active: 0.0000
Metrics/racket_target/lifecycle_recovery_release_success_event: 0.0000
Metrics/racket_target/lifecycle_recovery_release_fail_event: 0.0000
Metrics/racket_target/station_relocation_level: 0.0000
Metrics/racket_target/station_relocation_arrival_ema: 0.0000
Metrics/racket_target/station_relocation_settle_ema: 0.0000
Metrics/racket_target/station_relocation_contact_ema: 0.0000
Metrics/racket_target/station_relocation_safety_ema: 0.0000
Metrics/racket_target/station_relocation_resolved_events: 0.0000
Metrics/racket_target/station_relocation_terminal_reset_events: 0.0000
Metrics/racket_target/station_relocation_advance_streak: 0.0000
Metrics/racket_target/station_relocation_regress_streak: 0.0000
Metrics/racket_target/station_relocation_effective_max_lin_vel: 0.0000
Metrics/racket_target/station_relocation_effective_max_ang_vel: 0.0000
Metrics/racket_target/station_relocation_effective_min_settle_steps: 0.0000
Metrics/racket_target/ability_curriculum_level: 0.0000
Metrics/racket_target/ability_curriculum_scale: 1.0000
Metrics/racket_target/ability_curriculum_resolved_events: 0.0000
Metrics/racket_target/ability_curriculum_total_resolved_events: 0.0000
Metrics/racket_target/ability_curriculum_advance_streak: 0.0000
Metrics/racket_target/ability_curriculum_regress_streak: 0.0000
Metrics/racket_target/ability_contact_ema: 0.0000
Metrics/racket_target/ability_net_ema: 0.0000
Metrics/racket_target/ability_success_ema: 0.0000
Metrics/racket_target/ability_recovery_ema: 0.0000
Metrics/racket_target/ability_cycle_ema: 0.0000
Metrics/racket_target/ability_cycle_attempt_ema: 0.0000
Metrics/racket_target/ability_cycle_resolved_ema: 0.0000
Metrics/racket_target/ability_forehand_contact_ema: 0.0000
Metrics/racket_target/ability_forehand_net_ema: 0.0000
Metrics/racket_target/ability_forehand_success_ema: 0.0000
Metrics/racket_target/ability_backhand_contact_ema: 0.0000
Metrics/racket_target/ability_backhand_net_ema: 0.0000
Metrics/racket_target/ability_backhand_success_ema: 0.0000
Metrics/racket_target/ability_attempt_ema: 0.0000
Metrics/racket_target/ability_targeted_attempt_ema: 0.0000
Metrics/racket_target/impact_health_floor_progress: 0.0000
Metrics/racket_target/ability_safety_ema: 1.0000
Metrics/racket_target/ability_station_saturation_ema: 0.0000
Metrics/racket_target/ability_healthy_normal_ema: 0.0000
Metrics/racket_target/ability_station_arrival_ema: 0.0000
Metrics/racket_target/ability_station_settle_ema: 0.0000
Metrics/racket_target/safe_outcome_capability_gate: 0.0000
Metrics/racket_target/planner_hit_plane_blend: 1.0000
Metrics/racket_target/planner_hit_plane_x_delta: 0.0360
Metrics/racket_target/true_strike_table_x: 0.2000
Metrics/racket_target/planner_target_table_x: 0.2000
Metrics/racket_target/workspace_level: 0.0000
Metrics/racket_target/workspace_fringe_sample: 0.0000
Metrics/racket_target/workspace_target_lateral_norm: 0.3343
Metrics/racket_target/workspace_target_table_y: -0.2415
Metrics/racket_target/workspace_playable_y_min: -0.7225
Metrics/racket_target/workspace_playable_y_max: 0.7225
Metrics/racket_target/workspace_active_y_lo: -0.3120
Metrics/racket_target/workspace_active_y_hi: -0.1779
Metrics/racket_target/workspace_motion_seed_blend: 0.0000
Metrics/racket_target/planner_perturb_curriculum_scale: 1.0000
Metrics/racket_target/incoming_ball_horizontal_speed: 2.1998
Metrics/racket_target/incoming_ball_speed: 4.6571
Metrics/racket_target/incoming_ball_speed_curriculum_level: 0.0000
Metrics/racket_target/incoming_ball_speed_sample_low: 0.0000
Metrics/racket_target/incoming_ball_speed_sample_high: 0.0000
Metrics/racket_target/station_saturated: 0.0000
Metrics/racket_target/station_raw_clip_excess: 0.0000
Metrics/racket_target/station_saturated_x: 0.0000
Metrics/racket_target/station_saturated_y: 0.0000
Metrics/racket_target/station_raw_clip_excess_x: 0.0000
Metrics/racket_target/station_raw_clip_excess_y: 0.0000
Metrics/racket_target/current_swing_opportunity: 0.0685
Metrics/racket_target/current_swing_attempt: 0.0685
Metrics/racket_target/current_swing_targeted_attempt: 0.0685
Metrics/racket_target/prev_swing_targeted_attempt: 0.0000
Metrics/racket_target/current_swing_unsafe: 0.0000
Metrics/racket_target/current_swing_station_saturated: 0.0000
Metrics/racket_target/impact_health_score: 0.9675
Metrics/racket_target/impact_health_ok: 1.0000
Metrics/racket_target/impact_health_backlean_violation: 0.0001
Metrics/racket_target/impact_health_waist_backfold: 0.0000
Metrics/racket_target/impact_health_base_retreat: 0.0103
Metrics/racket_target/impact_health_torso_gravity_x: 0.1966
Metrics/racket_target/impact_health_torso_ang_vel: 0.4035
Metrics/racket_target/impact_health_com_x: 0.0219
Metrics/racket_target/impact_health_com_y: 0.0211
Metrics/racket_target/post_contact_ready_pending: 0.0491
Metrics/racket_target/post_contact_ready_elapsed_steps: 0.0573
Metrics/racket_target/post_contact_ready_consecutive_steps: 0.0417
Metrics/racket_target/post_contact_ready_diagnostic_pending: 0.0543
Metrics/racket_target/post_contact_ready_diagnostic_elapsed_steps: 0.0573
Metrics/racket_target/post_contact_ready_durable_pending: 0.0543
Metrics/racket_target/post_contact_ready_durable_consecutive_steps: 0.0000
Metrics/racket_target/post_contact_ready_durable_ready_now: 0.0000
Metrics/racket_target/post_contact_ready_durable_success_event: 0.0000
Metrics/racket_target/post_contact_ready_durable_fail_event: 0.0000
Metrics/racket_target/post_contact_ready_durable_resolution_success_rate: 0.0000
Metrics/racket_target/post_contact_ready_durable_resolution_fail_rate: 0.0006
Metrics/racket_target/post_contact_ready_durable_resolution_success_latency_steps: 0.0000
Metrics/racket_target/post_contact_ready_durable_resolution_fail_latency_steps: 0.0347
Metrics/racket_target/post_contact_ready_durable_fail_backlean_rate: 0.0938
Metrics/racket_target/post_contact_ready_durable_fail_forward_lean_rate: 0.0938
Metrics/racket_target/post_contact_ready_durable_fail_torso_ang_vel_rate: 0.0938
Metrics/racket_target/post_contact_ready_durable_fail_base_lin_vel_rate: 0.0938
Metrics/racket_target/post_contact_ready_durable_fail_base_ang_vel_rate: 0.0938
Metrics/racket_target/post_contact_ready_durable_fail_racket_speed_rate: 0.0938
Metrics/racket_target/post_contact_ready_durable_fail_height_rate: 0.0938
Metrics/racket_target/post_contact_ready_durable_fail_com_x_rate: 0.0938
Metrics/racket_target/post_contact_ready_durable_fail_com_y_rate: 0.0938
Metrics/racket_target/post_contact_ready_durable_fail_feet_rate: 0.0938
Metrics/racket_target/post_contact_ready_durable_fail_station_rate: 0.0938
Metrics/racket_target/post_contact_ready_durable_fail_arm_rate: 0.0938
Metrics/racket_target/post_contact_ready_terminal_window_active: 0.0000
Metrics/racket_target/post_contact_ready_terminal_quality: 0.0000
Metrics/racket_target/post_contact_ready_terminal_settlement_event: 0.0000
Metrics/racket_target/post_contact_ready_operational_ready_now: 0.0000
Metrics/racket_target/post_contact_ready_operational_consecutive_steps: 0.0000
Metrics/racket_target/post_contact_ready_safe_settlement_event: 0.0000
Metrics/racket_target/post_contact_ready_unsafe_settlement_event: 0.0000
Metrics/racket_target/post_contact_ready_incomplete_settlement_event: 0.0000
Metrics/racket_target/post_contact_ready_safe_net_cycle_event: 0.0000
Metrics/racket_target/post_contact_ready_terminal_quality_mean: 0.0000
Metrics/racket_target/post_contact_ready_safe_terminal_quality_mean: 0.0000
Metrics/racket_target/post_contact_ready_terminal_safe_rate: 0.0000
Metrics/racket_target/post_contact_ready_terminal_unsafe_rate: 0.0000
Metrics/racket_target/post_contact_ready_terminal_incomplete_rate: 0.0000
Metrics/racket_target/post_contact_ready_safe_net_cycle_rate: 0.0000
Metrics/racket_target/post_contact_ready_score: 0.8828
Metrics/racket_target/post_contact_ready_now: 0.0312
Metrics/racket_target/post_contact_ready_success_event: 0.0052
Metrics/racket_target/post_contact_ready_fail_event: 0.0000
Metrics/racket_target/post_contact_ready_outcome_tier: -0.8914
Metrics/racket_target/post_contact_ready_face_quality: 0.0389
Metrics/racket_target/post_contact_ready_safe_face_net_cycle_value: 0.0000
Metrics/racket_target/post_contact_ready_planner_speed_ratio: 0.0531
Metrics/racket_target/post_contact_ready_planner_direction_error_rad: 0.0119
Metrics/racket_target/post_contact_ready_planner_position_error: 0.0030
Metrics/racket_target/post_contact_ready_impact_health_score: 0.0528
Metrics/racket_target/post_contact_ready_peak_base_ang_vel: 0.0698
Metrics/racket_target/post_contact_ready_peak_ang_vel_excess_increment: 0.0039
Metrics/racket_target/post_contact_ready_envelope_violation_latch: 0.0000
Metrics/racket_target/post_contact_ready_envelope_violation_event: 0.0000
Metrics/racket_target/post_contact_ready_envelope_first_violation_step: -1.0000
Metrics/racket_target/post_contact_ready_envelope_attempts: 137.2500
Metrics/racket_target/post_contact_ready_envelope_violation_rate: 0.0009
Metrics/racket_target/post_contact_ready_envelope_tilt_violation_rate: 0.0000
Metrics/racket_target/post_contact_ready_envelope_pitch_violation_rate: 0.0000
Metrics/racket_target/post_contact_ready_envelope_com_violation_rate: 0.0000
Metrics/racket_target/post_contact_ready_envelope_waist_violation_rate: 0.0000
Metrics/racket_target/post_contact_ready_envelope_leg_violation_rate: 0.0000
Metrics/racket_target/post_contact_ready_envelope_base_ang_vel_violation_rate: 0.0009
Metrics/racket_target/post_contact_ready_resolution_success_rate: 0.0147
Metrics/racket_target/post_contact_ready_resolution_fail_rate: 0.0006
Metrics/racket_target/post_contact_ready_resolution_success_latency_steps: 0.0938
Metrics/racket_target/post_contact_ready_resolution_fail_latency_steps: 0.0347
Metrics/racket_target/post_contact_ready_max_tilt: 0.0116
Metrics/racket_target/post_contact_ready_max_abs_pitch: 0.0115
Metrics/racket_target/post_contact_ready_max_com_x: 0.0015
Metrics/racket_target/post_contact_ready_max_com_y: 0.0012
Metrics/racket_target/post_contact_ready_max_waist_overflow: 0.0000
Metrics/racket_target/post_contact_ready_max_leg_overflow: 0.0000
Metrics/racket_target/post_contact_ready_settlement_velocity_score_ema: 0.0219
Metrics/racket_target/post_contact_ready_settlement_position_gate_ema: 0.0246
Metrics/racket_target/post_contact_ready_settlement_health_gate_ema: 0.0306
Metrics/racket_target/post_contact_ready_settlement_recovery_gate_ema: 0.0212
Metrics/racket_target/post_contact_ready_settlement_total_score_ema: 0.0114
Metrics/racket_target/post_contact_recovery_backlean_error: 0.0016
Metrics/racket_target/post_contact_recovery_directional_progress: 0.0000
Metrics/racket_target/post_contact_ready_torso_ok: 0.9292
Metrics/racket_target/post_contact_ready_motion_ok: 0.7605
Metrics/racket_target/post_contact_ready_support_ok: 1.0000
Metrics/racket_target/post_contact_ready_arm_ok: 1.0000
Metrics/racket_target/post_contact_ready_base_lin_vel_ok: 1.0000
Metrics/racket_target/post_contact_ready_base_ang_vel_ok: 0.7813
Metrics/racket_target/post_contact_ready_racket_speed_ok: 0.9792
Metrics/racket_target/post_contact_ready_height_ok: 1.0000
Metrics/racket_target/post_contact_ready_com_x_ok: 1.0000
Metrics/racket_target/post_contact_ready_com_y_ok: 1.0000
Metrics/racket_target/post_contact_ready_feet_ok: 1.0000
Metrics/racket_target/post_contact_ready_station_ok: 1.0000
Metrics/racket_target/post_contact_ready_fail_torso: 0.0000
Metrics/racket_target/post_contact_ready_fail_base_lin_vel: 0.0000
Metrics/racket_target/post_contact_ready_fail_base_ang_vel: 0.0000
Metrics/racket_target/post_contact_ready_fail_racket_speed: 0.0000
Metrics/racket_target/post_contact_ready_fail_support: 0.0000
Metrics/racket_target/post_contact_ready_fail_arm: 0.0000
Metrics/racket_target/post_contact_ready_shadow_now: 0.0000
Metrics/racket_target/post_contact_ready_shadow_consecutive_steps: 0.0000
Metrics/racket_target/post_contact_ready_shadow_success_latch: 0.0000
Metrics/racket_target/post_contact_ready_curriculum_level: 0.0000
Metrics/racket_target/post_contact_ready_curriculum_fraction: 1.0000
Metrics/racket_target/post_contact_ready_curriculum_success_ema: 0.0000
Metrics/racket_target/post_contact_ready_curriculum_shadow_success_ema: 0.0000
Metrics/racket_target/post_contact_ready_curriculum_resolved_events: 0.0000
Metrics/racket_target/post_contact_ready_curriculum_successful_events: 0.0000
Metrics/racket_target/post_contact_ready_curriculum_targeted_attempt_ema: 0.0000
Metrics/racket_target/post_contact_ready_curriculum_return_success_ema: 0.0000
Metrics/racket_target/post_contact_ready_curriculum_completed_swings: 0.0000
Metrics/racket_target/post_contact_ready_curriculum_advance_streak: 0.0000
Metrics/racket_target/post_contact_ready_curriculum_advance_guard_ok: 0.0000
Metrics/racket_target/post_contact_ready_effective_max_torso_ang_vel: 1.5000
Metrics/racket_target/post_contact_ready_effective_torso_x_min: -0.1200
Metrics/racket_target/post_contact_ready_effective_torso_x_max: 0.3200
Metrics/racket_target/post_contact_ready_effective_max_base_lin_vel: 0.4500
Metrics/racket_target/post_contact_ready_effective_max_base_ang_vel: 1.3000
Metrics/racket_target/post_contact_ready_effective_max_racket_speed: 3.0000
Metrics/racket_target/post_contact_ready_effective_min_feet_contact: 0.5000
Metrics/racket_target/post_contact_ready_effective_required_consecutive_steps: 3.0000
Metrics/racket_target/post_contact_ready_effective_deadline_steps: 40.0000
Metrics/racket_target/post_contact_ready_curriculum_advance_threshold: 1.0000
Metrics/racket_target/post_contact_ready_curriculum_advance_min_events: 0.0000
Metrics/racket_target/post_contact_ready_curriculum_shadow_threshold: 1.0000
Metrics/racket_target/post_contact_ready_curriculum_min_targeted_attempt_ema: 0.0000
Metrics/racket_target/post_contact_ready_curriculum_min_return_success_ema: 0.0000
Metrics/racket_target/post_contact_ready_curriculum_min_completed_swings: 1.0000
Metrics/racket_target/post_contact_ready_curriculum_required_advance_checks: 1.0000
Metrics/racket_target/racket_normal_error_deg: 28.4778
Metrics/racket_target/impact_normal_error_deg: 0.8162
Metrics/racket_target/impact_racket_vel_error_mps: 0.0376
Metrics/racket_target/impact_racket_speed_ratio: 0.0682
Metrics/racket_target/impact_racket_vel_angle_deg: 0.9625
Metrics/racket_target/impact_racket_actual_vel_x: 0.0672
Metrics/racket_target/impact_racket_actual_vel_y: 0.0097
Metrics/racket_target/impact_racket_actual_vel_z: 0.0969
Metrics/racket_target/impact_racket_target_vel_x: 0.0772
Metrics/racket_target/impact_racket_target_vel_y: -0.0043
Metrics/racket_target/impact_racket_target_vel_z: 0.0933
Metrics/racket_target/impact_ball_out_error_mps: 0.3362
Metrics/racket_target/impact_face_radial_error_m: 0.0035
Metrics/racket_target/impact_face_normal_gap_m: 0.0024
Metrics/racket_target/impact_face_quality: 0.0434
Metrics/racket_target/impact_center_contact: 0.0179
Metrics/racket_target/impact_center_net_cross: 0.0179
Metrics/racket_target/impact_center_on_opponent: 0.0000
Metrics/racket_target/impact_rim_contact: 0.0000
Metrics/racket_target/impact_rim_net_cross: 0.0000
Metrics/racket_target/impact_rim_on_opponent: 0.0000
Metrics/racket_target/impact_analytic_outer_contact: 0.0000
Metrics/racket_target/impact_analytic_outer_net_cross: 0.0000
Metrics/racket_target/impact_analytic_outer_on_opponent: 0.0000
Metrics/racket_target/impact_planner_pos_error_m: 0.0045
Metrics/racket_target/impact_planner_vel_error_mps: 0.0376
Metrics/racket_target/impact_planner_speed_ratio: 0.0682
Metrics/racket_target/impact_planner_vel_angle_deg: 0.9625
Metrics/racket_target/impact_healthy_normal_ok: 0.0268
Metrics/racket_target/impact_healthy_contact: 0.0179
Metrics/racket_target/impact_healthy_net_cross: 0.0179
Metrics/racket_target/impact_healthy_on_opponent: 0.0000
Metrics/racket_target/current_swing_impact_health_score: 0.0528
Metrics/racket_target/current_swing_healthy_contact: 0.0543
Metrics/racket_target/current_swing_healthy_net_cross: 0.0543
Metrics/racket_target/current_swing_healthy_on_opponent: 0.0000
Metrics/racket_target/current_swing_healthy_normal_ok: 0.0685
Metrics/racket_target/current_swing_contact: 0.0543
Metrics/racket_target/current_swing_net_cross: 0.0543
Metrics/racket_target/current_swing_on_opponent: 0.0000
Metrics/racket_target/current_swing_center_contact: 0.0387
Metrics/racket_target/current_swing_center_net_cross: 0.0387
Metrics/racket_target/current_swing_center_on_opponent: 0.0000
Metrics/racket_target/current_swing_rim_contact: 0.0052
Metrics/racket_target/current_swing_rim_net_cross: 0.0052
Metrics/racket_target/current_swing_rim_on_opponent: 0.0000
Metrics/racket_target/current_swing_analytic_outer_contact: 0.0104
Metrics/racket_target/current_swing_analytic_outer_net_cross: 0.0104
Metrics/racket_target/current_swing_analytic_outer_on_opponent: 0.0000
Metrics/racket_target/cycle_v2_outcome_tier: -1.0000
Metrics/racket_target/cycle_v2_streak: 0.0000
Metrics/racket_target/closed_loop_recovery_trigger_event: 0.0179
Metrics/racket_target/closed_loop_cycle_success_event: 0.0052
Metrics/racket_target/closed_loop_durable_cycle_success_event: 0.0000
Metrics/racket_target/closed_loop_phase_id: 1.7226
Metrics/racket_target/closed_loop_phase_ready_no_command: 0.0365
Metrics/racket_target/closed_loop_phase_command_acquire: 0.4151
Metrics/racket_target/closed_loop_phase_pre_strike: 0.3378
Metrics/racket_target/closed_loop_phase_strike: 0.2106
Metrics/racket_target/closed_loop_phase_follow_through: 0.0000
Metrics/racket_target/closed_loop_phase_recovery: 0.0000
Metrics/racket_target/closed_loop_phase_next_ready: 0.0000
Metrics/racket_target/post_contact_phase_impact_0_100ms_attempts: 137.2500
Metrics/racket_target/post_contact_phase_impact_0_100ms_tilt_gt_0p1_rate: 0.1250
Metrics/racket_target/post_contact_phase_impact_0_100ms_pitch_gt_0p1_rate: 0.1250
Metrics/racket_target/post_contact_phase_impact_0_100ms_waist_overflow_gt_1p0_rate: 0.0000
Metrics/racket_target/post_contact_phase_impact_0_100ms_base_ang_vel_gt_0p8_rate: 0.1040
Metrics/racket_target/post_contact_phase_brake_100_300ms_attempts: 0.0000
Metrics/racket_target/post_contact_phase_brake_100_300ms_tilt_gt_0p1_rate: 0.0000
Metrics/racket_target/post_contact_phase_brake_100_300ms_pitch_gt_0p1_rate: 0.0000
Metrics/racket_target/post_contact_phase_brake_100_300ms_waist_overflow_gt_1p0_rate: 0.0000
Metrics/racket_target/post_contact_phase_brake_100_300ms_base_ang_vel_gt_0p8_rate: 0.0000
Metrics/racket_target/post_contact_phase_settle_300_600ms_attempts: 0.0000
Metrics/racket_target/post_contact_phase_settle_300_600ms_tilt_gt_0p1_rate: 0.0000
Metrics/racket_target/post_contact_phase_settle_300_600ms_pitch_gt_0p1_rate: 0.0000
Metrics/racket_target/post_contact_phase_settle_300_600ms_waist_overflow_gt_1p0_rate: 0.0000
Metrics/racket_target/post_contact_phase_settle_300_600ms_base_ang_vel_gt_0p8_rate: 0.0000
Metrics/racket_target/post_contact_phase_ready_after_600ms_attempts: 0.0000
Metrics/racket_target/post_contact_phase_ready_after_600ms_tilt_gt_0p1_rate: 0.0000
Metrics/racket_target/post_contact_phase_ready_after_600ms_pitch_gt_0p1_rate: 0.0000
Metrics/racket_target/post_contact_phase_ready_after_600ms_waist_overflow_gt_1p0_rate: 0.0000
Metrics/racket_target/post_contact_phase_ready_after_600ms_base_ang_vel_gt_0p8_rate: 0.0000
Metrics/racket_target/base_pitch_like_signed: -0.1936
Metrics/racket_target/base_backward_velocity: 0.0102
Metrics/racket_target/waist_action_rms: 0.3990
Metrics/racket_target/right_arm_action_rms: 3.9547
Metrics/racket_target/leg_action_rms: 0.4606
Metrics/racket_target/action_abs_max: 7.0777
Metrics/racket_target/applied_action_abs_max: 6.9263
Metrics/racket_target/leg_action_abs_max: 0.8739
Metrics/racket_target/effective_action_abs_max: 6.9116
Metrics/racket_target/action_clamp_fraction: 0.0005
Metrics/racket_target/waist_action_clamp_fraction: 0.0000
Metrics/racket_target/right_arm_action_clamp_fraction: 0.0022
Metrics/racket_target/leg_action_clamp_fraction: 0.0000
Metrics/racket_target/waist_q_tracking_error_rms: 0.3656
Metrics/racket_target/right_arm_q_tracking_error_rms: 0.1898
Metrics/racket_target/leg_q_tracking_error_rms: 0.2026
Metrics/racket_target/waist_torque_clip_fraction: 0.0000
Metrics/racket_target/right_arm_torque_clip_fraction: 0.0000
Metrics/racket_target/leg_torque_clip_fraction: 0.0000
Metrics/racket_target/waist_action_delta_rms: 0.1382
Metrics/racket_target/right_arm_action_delta_rms: 0.9201
Metrics/racket_target/leg_action_delta_rms: 0.2586
Metrics/racket_target/waist_joint_vel_rms: 0.8949
Metrics/racket_target/right_arm_joint_vel_rms: 1.6506
Metrics/racket_target/leg_joint_vel_rms: 0.6726
Metrics/racket_target/recovery_leg_action_abs_max: 0.0345
Metrics/racket_target/recovery_leg_action_delta_rms: 0.0075
Metrics/racket_target/recovery_leg_joint_vel_rms: 0.0150
      Episode_Termination/time_out: 3.7188
  Episode_Termination/base_too_low: 0.0000
   Episode_Termination/base_tilted: 0.0000
   Episode_Termination/table_touch: 0.0000
Episode_Termination/persistent_action_overflow: 0.0000
--------------------------------------------------------------------------------
                   Total timesteps: 131072
                    Iteration time: 2.09s
                      Time elapsed: 00:00:04
                               ETA: 00:00:44

################################################################################
                     [1m Learning iteration 1802/1820 [0m                     

                       Computation: 30424 steps/s (collection: 2.139s, learning 0.015s)
             Mean action noise std: 0.45
          Mean value_function loss: 0.0475
               Mean surrogate loss: 0.0000
                 Mean entropy loss: 2.8121
      Mean critic_only_warmup loss: 1.0000
                       Mean reward: 4.05
               Mean episode length: 85.06
 Episode_Reward/undesired_contacts: -0.0000
  Episode_Reward/feet_contact_slip: -0.0006
     Episode_Reward/table_no_touch: -0.0001
              Episode_Reward/alive: 0.0016
            Episode_Reward/upright: -0.0020
          Episode_Reward/imitation: 0.0716
    Episode_Reward/racket_position: 0.0231
Episode_Reward/backhand_racket_position: 0.0096
    Episode_Reward/racket_velocity: 0.0149
Episode_Reward/planner_racket_task_space_crossfade: 0.0944
Episode_Reward/exact_impact_planner_task_space_alignment: 0.0025
    Episode_Reward/blade_direction: 0.0135
Episode_Reward/health_gated_soft_ball_contact: 0.0147
Episode_Reward/health_gated_backhand_soft_ball_contact: 0.0085
Episode_Reward/health_gated_ball_contact: 0.0030
Episode_Reward/healthy_trunk_support: 0.0223
Episode_Reward/targeted_strike_attempt: 0.0034
  Episode_Reward/strike_inactivity: 0.0000
 Episode_Reward/pre_strike_station: 0.0190
    Episode_Reward/recovery_health: 0.0033
Episode_Reward/no_command_ready_stability: 0.0005
Episode_Reward/post_strike_base_ang_vel: 0.0005
Episode_Reward/phase_action_overflow: -0.0000
     Episode_Reward/strike_balance: 0.0088
Episode_Reward/prestrike_station_progress: 0.0057
 Episode_Reward/lower_body_support: 0.0129
Episode_Reward/termination_penalty: -0.0021
Episode_Reward/phase_action_rate_waist: -0.0000
Episode_Reward/phase_action_rate_upper: -0.0006
Episode_Reward/phase_action_rate_legs: -0.0000
        Episode_Reward/joint_limit: -0.0048
Episode_Reward/prestrike_racket_progress: 0.0523
Episode_Reward/near_impact_planner_velocity_progress: 0.0140
Episode_Reward/operational_joint_margin: -0.0015
  Episode_Reward/joint_target_slew: -0.0043
Episode_Reward/actuator_waist_feasibility: -0.0000
Episode_Reward/actuator_right_arm_feasibility: -0.0000
Episode_Reward/actuator_leg_feasibility: -0.0000
Episode_Reward/terminal_quality_window: 0.0000
Episode_Reward/safe_terminal_quality: 0.0000
Episode_Reward/unsafe_terminal_recovery: 0.0000
Episode_Reward/capability_gated_safe_terminal_outcome: 0.0002
Episode_Reward/targeted_contact_miss: -0.0008
    Metrics/motion/error_joint_pos: 1.1680
    Metrics/motion/error_joint_vel: 4.6744
     Metrics/motion/error_body_pos: 0.0933
     Metrics/motion/error_body_rot: 0.3374
       Metrics/motion/motion_phase: 0.4890
            Metrics/motion/in_hold: 0.0198
Metrics/motion/motion_start_warmup_prob: 0.8000
Metrics/motion/motion_start_lifecycle_progress: 0.0000
Metrics/motion/motion_start_effective_prestrike_fraction: 1.0000
Metrics/motion/motion_start_effective_recovery_fraction: 0.0000
Metrics/motion/motion_start_effective_rsi_fraction: 0.0000
 Metrics/motion/motion_start_reset: 0.7922
Metrics/motion/motion_start_prestrike_reset: 0.0000
Metrics/motion/motion_start_recovery_reset: 0.0000
Metrics/motion/motion_start_rsi_reset: 0.0000
 Metrics/motion/single_cycle_reset: 0.0000
     Metrics/motion/motion_clip_id: 0.5614
Metrics/motion/motion_supplemental_clip: 0.0000
      Metrics/motion/stand_episode: 0.0198
Metrics/motion/default_stand_reset: 0.2078
Metrics/motion/error_body_pos_lower: 0.1019
Metrics/motion/error_body_rot_lower: 0.3517
Metrics/motion/error_body_lin_vel_lower: 0.1301
Metrics/motion/error_body_ang_vel_lower: 0.6480
Metrics/motion/reference_body_lin_speed_lower: 0.0201
Metrics/motion/robot_body_lin_speed_lower: 0.1284
Metrics/motion/error_body_pos_core: 0.0637
Metrics/motion/error_body_rot_core: 0.2204
Metrics/motion/error_body_lin_vel_core: 0.1584
Metrics/motion/error_body_ang_vel_core: 0.9381
Metrics/motion/reference_body_lin_speed_core: 0.0244
Metrics/motion/robot_body_lin_speed_core: 0.1623
Metrics/motion/error_body_pos_upper: 0.0946
Metrics/motion/error_body_rot_upper: 0.3621
Metrics/motion/error_body_lin_vel_upper: 0.5504
Metrics/motion/error_body_ang_vel_upper: 1.7928
Metrics/motion/reference_body_lin_speed_upper: 0.0916
Metrics/motion/robot_body_lin_speed_upper: 0.5595
Metrics/motion/error_joint_pos_waist: 0.2642
Metrics/motion/error_joint_vel_waist: 1.1596
Metrics/motion/reference_joint_speed_waist: 0.0230
Metrics/motion/error_joint_pos_arms: 0.9851
Metrics/motion/error_joint_vel_arms: 3.8127
Metrics/motion/reference_joint_speed_arms: 0.1808
Metrics/motion/error_joint_pos_legs: 0.5325
Metrics/motion/error_joint_vel_legs: 2.2292
Metrics/motion/reference_joint_speed_legs: 0.0078
Metrics/racket_target/racket_pos_error: 0.1063
Metrics/racket_target/racket_vel_error: 1.0787
Metrics/racket_target/time_to_strike: -0.2904
Metrics/racket_target/return_success: 0.0286
Metrics/racket_target/prev_return_success: 0.0000
Metrics/racket_target/prev_net_cross: 0.0000
Metrics/racket_target/current_net_cross: 0.6186
Metrics/racket_target/racket_pos_curriculum_scale: 1.0000
Metrics/racket_target/impact_inverse_command_blend: 0.0000
Metrics/racket_target/steps_since_target_resample: 78.0823
Metrics/racket_target/recovery_height_error: 0.0250
Metrics/racket_target/recovery_upright_error: 0.1406
Metrics/racket_target/recovery_base_lin_vel: 0.1551
Metrics/racket_target/recovery_base_ang_vel: 0.8352
Metrics/racket_target/recovery_station_error: 0.0576
Metrics/racket_target/recovery_feet_contact_frac: 0.9849
Metrics/racket_target/recovery_racket_speed: 1.0059
Metrics/racket_target/recovery_height_score: 0.9374
Metrics/racket_target/recovery_upright_score: 0.7436
Metrics/racket_target/recovery_lin_vel_score: 0.7175
Metrics/racket_target/recovery_ang_vel_score: 0.3631
Metrics/racket_target/recovery_station_score: 0.9145
Metrics/racket_target/recovery_racket_score: 0.2799
Metrics/racket_target/recovery_arm_score: 0.8300
Metrics/racket_target/recovery_ready_score: 0.7354
Metrics/racket_target/recovery_anchor_arm_score: 1.0000
Metrics/racket_target/recovery_core_ready_score: 0.6136
Metrics/racket_target/recovery_functional_ready_score: 0.5412
Metrics/racket_target/waist_action_overflow_rms: 0.0000
Metrics/racket_target/right_arm_action_overflow_rms: 0.0005
Metrics/racket_target/leg_action_overflow_rms: 0.0014
Metrics/racket_target/operational_margin_fraction: 0.0025
Metrics/racket_target/waist_operational_margin_fraction: 0.0000
Metrics/racket_target/right_arm_operational_margin_fraction: 0.0009
Metrics/racket_target/leg_operational_margin_fraction: 0.0060
Metrics/racket_target/waist_operational_excess_rms: 0.0000
Metrics/racket_target/right_arm_operational_excess_rms: 0.0002
Metrics/racket_target/leg_operational_excess_rms: 0.0015
Metrics/racket_target/q_des_velocity_violation_fraction: 0.0606
Metrics/racket_target/waist_q_des_velocity_violation_fraction: 0.0000
Metrics/racket_target/right_arm_q_des_velocity_violation_fraction: 0.0764
Metrics/racket_target/leg_q_des_velocity_violation_fraction: 0.0809
Metrics/racket_target/q_des_acceleration_violation_fraction: 0.7090
Metrics/racket_target/waist_q_des_acceleration_violation_fraction: 0.5403
Metrics/racket_target/right_arm_q_des_acceleration_violation_fraction: 0.8065
Metrics/racket_target/leg_q_des_acceleration_violation_fraction: 0.7956
Metrics/racket_target/waist_q_des_velocity_rms: 3.1276
Metrics/racket_target/right_arm_q_des_velocity_rms: 7.3886
Metrics/racket_target/leg_q_des_velocity_rms: 6.5259
Metrics/racket_target/waist_q_des_acceleration_rms: 247.7528
Metrics/racket_target/right_arm_q_des_acceleration_rms: 648.8898
Metrics/racket_target/leg_q_des_acceleration_rms: 566.9648
Metrics/racket_target/action_operational_feasibility_score: 0.9751
Metrics/racket_target/actuator_overflow_consecutive_steps: 0.0000
Metrics/racket_target/actuator_overflow_severe: 0.0000
Metrics/racket_target/recovery_phase_gate: 0.7733
Metrics/racket_target/recovery_phase_ready_score: 0.5868
Metrics/racket_target/recovery_contact_ready_score: 0.4443
Metrics/racket_target/recovery_net_ready_score: 0.4376
Metrics/racket_target/recovery_return_ready_score: 0.0095
Metrics/racket_target/cycle_success_ready_score: 0.0000
Metrics/racket_target/cycle_success_soft: 0.0000
Metrics/racket_target/cycle_success_binary: 0.0000
Metrics/racket_target/cycle_v2_pending: 0.0000
Metrics/racket_target/cycle_v2_attempt_latch: 0.0000
Metrics/racket_target/cycle_v2_ready_success_latch: 0.0000
Metrics/racket_target/cycle_v2_ready_fail_latch: 0.0000
Metrics/racket_target/cycle_v2_attempt_event: 0.0000
Metrics/racket_target/cycle_v2_ready_success_event: 0.0000
Metrics/racket_target/cycle_v2_ready_fail_event: 0.0000
Metrics/racket_target/cycle_v2_unresolved_resample_fail_event: 0.0000
Metrics/racket_target/cycle_v2_resolved_event: 0.0000
Metrics/racket_target/cycle_v2_command_visible_steps: 0.0000
Metrics/racket_target/cycle_v2_elapsed_steps: 0.0000
Metrics/racket_target/cycle_v2_ready_score: 0.0000
Metrics/racket_target/cycle_v2_ready_ok: 0.0000
Metrics/racket_target/cycle_v2_visible: 0.0000
Metrics/racket_target/cycle_v2_ready_score_ok: 0.0000
Metrics/racket_target/cycle_v2_height_ok: 0.0000
Metrics/racket_target/cycle_v2_upright_ok: 0.0000
Metrics/racket_target/cycle_v2_base_lin_vel_ok: 0.0000
Metrics/racket_target/cycle_v2_base_ang_vel_ok: 0.0000
Metrics/racket_target/cycle_v2_feet_ok: 0.0000
Metrics/racket_target/cycle_v2_core_ready_ok: 0.0000
Metrics/racket_target/cycle_v2_ready_consecutive_steps: 0.0000
Metrics/racket_target/single_cycle_bootstrap: 0.0000
Metrics/racket_target/single_cycle_swing_completed: 0.0000
Metrics/racket_target/single_cycle_recovery_active: 0.0000
Metrics/racket_target/single_cycle_recovery_elapsed_steps: 0.0000
Metrics/racket_target/single_cycle_ready_consecutive_steps: 0.0000
Metrics/racket_target/single_cycle_safe_timeout_event: 0.0000
Metrics/racket_target/single_cycle_deadline_timeout_event: 0.0000
Metrics/racket_target/single_cycle_timeout_latch: 0.0000
Metrics/racket_target/single_cycle_hard_failure_event: 0.0000
Metrics/racket_target/single_cycle_probability: 0.0000
Metrics/racket_target/single_cycle_curriculum_level: 0.0000
Metrics/racket_target/single_cycle_effective_deadline_steps: 100.0000
Metrics/racket_target/single_cycle_selected_events: 0.0000
Metrics/racket_target/single_cycle_completed_events: 0.0000
Metrics/racket_target/single_cycle_safe_timeout_events: 0.0000
Metrics/racket_target/single_cycle_deadline_timeout_events: 0.0000
Metrics/racket_target/single_cycle_hard_failure_events: 0.0000
Metrics/racket_target/active_ready_consecutive_steps: 0.0117
Metrics/racket_target/active_ready_success_event: 0.0000
Metrics/racket_target/active_ready_success_latch: 0.0000
Metrics/racket_target/active_ready_survival_steps: 0.0000
Metrics/racket_target/active_ready_survival_next_milestone: 0.0000
Metrics/racket_target/active_ready_survival_milestone_event: 0.0000
Metrics/racket_target/no_command_ready_active: 0.0198
Metrics/racket_target/no_command_from_stand_episode: 0.0198
Metrics/racket_target/no_command_from_default_stand_reset: 0.0198
Metrics/racket_target/no_command_ready_upright_ok: 0.0136
Metrics/racket_target/no_command_ready_motion_ok: 0.0039
Metrics/racket_target/no_command_ready_score: 0.0098
Metrics/racket_target/no_command_ready_progress: 0.0063
Metrics/racket_target/no_command_ready_station_error: 0.0048
Metrics/racket_target/no_command_ready_fixed_station_error: 0.0048
Metrics/racket_target/healthy_training_stage: 3.0000
Metrics/racket_target/healthy_stage_planted_rehearsal: 0.0000
Metrics/racket_target/healthy_stage_station_hold_seen: 0.0000
Metrics/racket_target/healthy_stage_station_arrived: 0.0000
Metrics/racket_target/healthy_stage_station_settled: 0.0000
Metrics/racket_target/healthy_stage_station_settle_steps: 0.0000
Metrics/racket_target/station_relocation_active: 0.0000
Metrics/racket_target/station_relocation_target_offset_y: 0.0000
Metrics/racket_target/station_relocation_error: 0.0000
Metrics/racket_target/station_relocation_arrival_event: 0.0000
Metrics/racket_target/station_relocation_settle_event: 0.0000
Metrics/racket_target/station_relocation_release_event: 0.0000
Metrics/racket_target/station_relocation_timeout_event: 0.0000
Metrics/racket_target/station_relocation_elapsed_steps: 0.0000
Metrics/racket_target/station_relocation_hold_deadline_steps: 0.0000
Metrics/racket_target/lifecycle_recovery_hold_active: 0.0000
Metrics/racket_target/lifecycle_recovery_release_success_event: 0.0000
Metrics/racket_target/lifecycle_recovery_release_fail_event: 0.0000
Metrics/racket_target/station_relocation_level: 0.0000
Metrics/racket_target/station_relocation_arrival_ema: 0.0000
Metrics/racket_target/station_relocation_settle_ema: 0.0000
Metrics/racket_target/station_relocation_contact_ema: 0.0000
Metrics/racket_target/station_relocation_safety_ema: 0.0000
Metrics/racket_target/station_relocation_resolved_events: 0.0000
Metrics/racket_target/station_relocation_terminal_reset_events: 0.0000
Metrics/racket_target/station_relocation_advance_streak: 0.0000
Metrics/racket_target/station_relocation_regress_streak: 0.0000
Metrics/racket_target/station_relocation_effective_max_lin_vel: 0.0000
Metrics/racket_target/station_relocation_effective_max_ang_vel: 0.0000
Metrics/racket_target/station_relocation_effective_min_settle_steps: 0.0000
Metrics/racket_target/ability_curriculum_level: 0.0000
Metrics/racket_target/ability_curriculum_scale: 1.0000
Metrics/racket_target/ability_curriculum_resolved_events: 0.0000
Metrics/racket_target/ability_curriculum_total_resolved_events: 0.0000
Metrics/racket_target/ability_curriculum_advance_streak: 0.0000
Metrics/racket_target/ability_curriculum_regress_streak: 0.0000
Metrics/racket_target/ability_contact_ema: 0.0000
Metrics/racket_target/ability_net_ema: 0.0000
Metrics/racket_target/ability_success_ema: 0.0000
Metrics/racket_target/ability_recovery_ema: 0.0000
Metrics/racket_target/ability_cycle_ema: 0.0000
Metrics/racket_target/ability_cycle_attempt_ema: 0.0000
Metrics/racket_target/ability_cycle_resolved_ema: 0.0000
Metrics/racket_target/ability_forehand_contact_ema: 0.0000
Metrics/racket_target/ability_forehand_net_ema: 0.0000
Metrics/racket_target/ability_forehand_success_ema: 0.0000
Metrics/racket_target/ability_backhand_contact_ema: 0.0000
Metrics/racket_target/ability_backhand_net_ema: 0.0000
Metrics/racket_target/ability_backhand_success_ema: 0.0000
Metrics/racket_target/ability_attempt_ema: 0.0000
Metrics/racket_target/ability_targeted_attempt_ema: 0.0000
Metrics/racket_target/impact_health_floor_progress: 0.0000
Metrics/racket_target/ability_safety_ema: 1.0000
Metrics/racket_target/ability_station_saturation_ema: 0.0000
Metrics/racket_target/ability_healthy_normal_ema: 0.0000
Metrics/racket_target/ability_station_arrival_ema: 0.0000
Metrics/racket_target/ability_station_settle_ema: 0.0000
Metrics/racket_target/safe_outcome_capability_gate: 0.0000
Metrics/racket_target/planner_hit_plane_blend: 1.0000
Metrics/racket_target/planner_hit_plane_x_delta: 0.0363
Metrics/racket_target/true_strike_table_x: 0.2000
Metrics/racket_target/planner_target_table_x: 0.2000
Metrics/racket_target/workspace_level: 0.0000
Metrics/racket_target/workspace_fringe_sample: 0.0000
Metrics/racket_target/workspace_target_lateral_norm: 0.3186
Metrics/racket_target/workspace_target_table_y: -0.2302
Metrics/racket_target/workspace_playable_y_min: -0.7225
Metrics/racket_target/workspace_playable_y_max: 0.7225
Metrics/racket_target/workspace_active_y_lo: -0.2998
Metrics/racket_target/workspace_active_y_hi: -0.1667
Metrics/racket_target/workspace_motion_seed_blend: 0.0000
Metrics/racket_target/planner_perturb_curriculum_scale: 1.0000
Metrics/racket_target/incoming_ball_horizontal_speed: 2.2913
Metrics/racket_target/incoming_ball_speed: 4.6194
Metrics/racket_target/incoming_ball_speed_curriculum_level: 0.0000
Metrics/racket_target/incoming_ball_speed_sample_low: 0.0000
Metrics/racket_target/incoming_ball_speed_sample_high: 0.0000
Metrics/racket_target/station_saturated: 0.0000
Metrics/racket_target/station_raw_clip_excess: 0.0000
Metrics/racket_target/station_saturated_x: 0.0000
Metrics/racket_target/station_saturated_y: 0.0000
Metrics/racket_target/station_raw_clip_excess_x: 0.0000
Metrics/racket_target/station_raw_clip_excess_y: 0.0000
Metrics/racket_target/current_swing_opportunity: 0.8869
Metrics/racket_target/current_swing_attempt: 0.8869
Metrics/racket_target/current_swing_targeted_attempt: 0.8869
Metrics/racket_target/prev_swing_targeted_attempt: 0.0000
Metrics/racket_target/current_swing_unsafe: 0.0115
Metrics/racket_target/current_swing_station_saturated: 0.0000
Metrics/racket_target/impact_health_score: 0.9356
Metrics/racket_target/impact_health_ok: 0.9760
Metrics/racket_target/impact_health_backlean_violation: 0.0025
Metrics/racket_target/impact_health_waist_backfold: 0.0000
Metrics/racket_target/impact_health_base_retreat: 0.0211
Metrics/racket_target/impact_health_torso_gravity_x: 0.2733
Metrics/racket_target/impact_health_torso_ang_vel: 0.3888
Metrics/racket_target/impact_health_com_x: 0.0335
Metrics/racket_target/impact_health_com_y: 0.0237
Metrics/racket_target/post_contact_ready_pending: 0.0297
Metrics/racket_target/post_contact_ready_elapsed_steps: 3.4310
Metrics/racket_target/post_contact_ready_consecutive_steps: 0.0610
Metrics/racket_target/post_contact_ready_diagnostic_pending: 0.6264
Metrics/racket_target/post_contact_ready_diagnostic_elapsed_steps: 12.8351
Metrics/racket_target/post_contact_ready_durable_pending: 0.6056
Metrics/racket_target/post_contact_ready_durable_consecutive_steps: 0.6173
Metrics/racket_target/post_contact_ready_durable_ready_now: 0.1121
Metrics/racket_target/post_contact_ready_durable_success_event: 0.0104
Metrics/racket_target/post_contact_ready_durable_fail_event: 0.0104
Metrics/racket_target/post_contact_ready_durable_resolution_success_rate: 0.0051
Metrics/racket_target/post_contact_ready_durable_resolution_fail_rate: 0.0623
Metrics/racket_target/post_contact_ready_durable_resolution_success_latency_steps: 1.0938
Metrics/racket_target/post_contact_ready_durable_resolution_fail_latency_steps: 9.8117
Metrics/racket_target/post_contact_ready_durable_fail_backlean_rate: 0.8714
Metrics/racket_target/post_contact_ready_durable_fail_forward_lean_rate: 0.9852
Metrics/racket_target/post_contact_ready_durable_fail_torso_ang_vel_rate: 0.8714
Metrics/racket_target/post_contact_ready_durable_fail_base_lin_vel_rate: 0.8714
Metrics/racket_target/post_contact_ready_durable_fail_base_ang_vel_rate: 0.9101
Metrics/racket_target/post_contact_ready_durable_fail_racket_speed_rate: 0.8714
Metrics/racket_target/post_contact_ready_durable_fail_height_rate: 0.8714
Metrics/racket_target/post_contact_ready_durable_fail_com_x_rate: 0.8714
Metrics/racket_target/post_contact_ready_durable_fail_com_y_rate: 0.8714
Metrics/racket_target/post_contact_ready_durable_fail_feet_rate: 0.8714
Metrics/racket_target/post_contact_ready_durable_fail_station_rate: 0.8714
Metrics/racket_target/post_contact_ready_durable_fail_arm_rate: 0.8714
Metrics/racket_target/post_contact_ready_terminal_window_active: 0.1104
Metrics/racket_target/post_contact_ready_terminal_quality: 0.1025
Metrics/racket_target/post_contact_ready_terminal_settlement_event: 0.0208
Metrics/racket_target/post_contact_ready_operational_ready_now: 0.1042
Metrics/racket_target/post_contact_ready_operational_consecutive_steps: 0.2740
Metrics/racket_target/post_contact_ready_safe_settlement_event: 0.0156
Metrics/racket_target/post_contact_ready_unsafe_settlement_event: 0.0000
Metrics/racket_target/post_contact_ready_incomplete_settlement_event: 0.0052
Metrics/racket_target/post_contact_ready_safe_net_cycle_event: 0.0156
Metrics/racket_target/post_contact_ready_terminal_quality_mean: 0.0287
Metrics/racket_target/post_contact_ready_safe_terminal_quality_mean: 0.0290
Metrics/racket_target/post_contact_ready_terminal_safe_rate: 0.0227
Metrics/racket_target/post_contact_ready_terminal_unsafe_rate: 0.0009
Metrics/racket_target/post_contact_ready_terminal_incomplete_rate: 0.0076
Metrics/racket_target/post_contact_ready_safe_net_cycle_rate: 0.0225
Metrics/racket_target/post_contact_ready_score: 0.8785
Metrics/racket_target/post_contact_ready_now: 0.0302
Metrics/racket_target/post_contact_ready_success_event: 0.0084
Metrics/racket_target/post_contact_ready_fail_event: 0.0000
Metrics/racket_target/post_contact_ready_outcome_tier: 0.2737
Metrics/racket_target/post_contact_ready_face_quality: 0.5763
Metrics/racket_target/post_contact_ready_safe_face_net_cycle_value: 0.0156
Metrics/racket_target/post_contact_ready_planner_speed_ratio: 0.6045
Metrics/racket_target/post_contact_ready_planner_direction_error_rad: 0.1372
Metrics/racket_target/post_contact_ready_planner_position_error: 0.0370
Metrics/racket_target/post_contact_ready_impact_health_score: 0.6079
Metrics/racket_target/post_contact_ready_peak_base_ang_vel: 1.0164
Metrics/racket_target/post_contact_ready_peak_ang_vel_excess_increment: 0.0000
Metrics/racket_target/post_contact_ready_envelope_violation_latch: 0.0312
Metrics/racket_target/post_contact_ready_envelope_violation_event: 0.0000
Metrics/racket_target/post_contact_ready_envelope_first_violation_step: -0.8750
Metrics/racket_target/post_contact_ready_envelope_attempts: 1213.0625
Metrics/racket_target/post_contact_ready_envelope_violation_rate: 0.0272
Metrics/racket_target/post_contact_ready_envelope_tilt_violation_rate: 0.0000
Metrics/racket_target/post_contact_ready_envelope_pitch_violation_rate: 0.0000
Metrics/racket_target/post_contact_ready_envelope_com_violation_rate: 0.0002
Metrics/racket_target/post_contact_ready_envelope_waist_violation_rate: 0.0000
Metrics/racket_target/post_contact_ready_envelope_leg_violation_rate: 0.0000
Metrics/racket_target/post_contact_ready_envelope_base_ang_vel_violation_rate: 0.0272
Metrics/racket_target/post_contact_ready_resolution_success_rate: 0.9188
Metrics/racket_target/post_contact_ready_resolution_fail_rate: 0.0115
Metrics/racket_target/post_contact_ready_resolution_success_latency_steps: 4.6071
Metrics/racket_target/post_contact_ready_resolution_fail_latency_steps: 2.3103
Metrics/racket_target/post_contact_ready_max_tilt: 0.1322
Metrics/racket_target/post_contact_ready_max_abs_pitch: 0.1315
Metrics/racket_target/post_contact_ready_max_com_x: 0.0216
Metrics/racket_target/post_contact_ready_max_com_y: 0.0167
Metrics/racket_target/post_contact_ready_max_waist_overflow: 0.0000
Metrics/racket_target/post_contact_ready_max_leg_overflow: 0.0018
Metrics/racket_target/post_contact_ready_settlement_velocity_score_ema: 0.6747
Metrics/racket_target/post_contact_ready_settlement_position_gate_ema: 0.7856
Metrics/racket_target/post_contact_ready_settlement_health_gate_ema: 0.9772
Metrics/racket_target/post_contact_ready_settlement_recovery_gate_ema: 0.4880
Metrics/racket_target/post_contact_ready_settlement_total_score_ema: 0.2521
Metrics/racket_target/post_contact_recovery_backlean_error: 0.0129
Metrics/racket_target/post_contact_recovery_directional_progress: 0.0025
Metrics/racket_target/post_contact_ready_torso_ok: 0.6367
Metrics/racket_target/post_contact_ready_motion_ok: 0.8545
Metrics/racket_target/post_contact_ready_support_ok: 0.9760
Metrics/racket_target/post_contact_ready_arm_ok: 1.0000
Metrics/racket_target/post_contact_ready_base_lin_vel_ok: 0.9760
Metrics/racket_target/post_contact_ready_base_ang_vel_ok: 0.8646
Metrics/racket_target/post_contact_ready_racket_speed_ok: 0.9909
Metrics/racket_target/post_contact_ready_height_ok: 0.9823
Metrics/racket_target/post_contact_ready_com_x_ok: 0.9760
Metrics/racket_target/post_contact_ready_com_y_ok: 0.9948
Metrics/racket_target/post_contact_ready_feet_ok: 0.9937
Metrics/racket_target/post_contact_ready_station_ok: 0.9760
Metrics/racket_target/post_contact_ready_fail_torso: 0.0000
Metrics/racket_target/post_contact_ready_fail_base_lin_vel: 0.0000
Metrics/racket_target/post_contact_ready_fail_base_ang_vel: 0.0000
Metrics/racket_target/post_contact_ready_fail_racket_speed: 0.0000
Metrics/racket_target/post_contact_ready_fail_support: 0.0000
Metrics/racket_target/post_contact_ready_fail_arm: 0.0000
Metrics/racket_target/post_contact_ready_shadow_now: 0.0000
Metrics/racket_target/post_contact_ready_shadow_consecutive_steps: 0.0000
Metrics/racket_target/post_contact_ready_shadow_success_latch: 0.0000
Metrics/racket_target/post_contact_ready_curriculum_level: 0.0000
Metrics/racket_target/post_contact_ready_curriculum_fraction: 1.0000
Metrics/racket_target/post_contact_ready_curriculum_success_ema: 0.0000
Metrics/racket_target/post_contact_ready_curriculum_shadow_success_ema: 0.0000
Metrics/racket_target/post_contact_ready_curriculum_resolved_events: 0.0000
Metrics/racket_target/post_contact_ready_curriculum_successful_events: 0.0000
Metrics/racket_target/post_contact_ready_curriculum_targeted_attempt_ema: 0.0000
Metrics/racket_target/post_contact_ready_curriculum_return_success_ema: 0.0000
Metrics/racket_target/post_contact_ready_curriculum_completed_swings: 0.0000
Metrics/racket_target/post_contact_ready_curriculum_advance_streak: 0.0000
Metrics/racket_target/post_contact_ready_curriculum_advance_guard_ok: 0.0000
Metrics/racket_target/post_contact_ready_effective_max_torso_ang_vel: 1.5000
Metrics/racket_target/post_contact_ready_effective_torso_x_min: -0.1200
Metrics/racket_target/post_contact_ready_effective_torso_x_max: 0.3200
Metrics/racket_target/post_contact_ready_effective_max_base_lin_vel: 0.4500
Metrics/racket_target/post_contact_ready_effective_max_base_ang_vel: 1.3000
Metrics/racket_target/post_contact_ready_effective_max_racket_speed: 3.0000
Metrics/racket_target/post_contact_ready_effective_min_feet_contact: 0.5000
Metrics/racket_target/post_contact_ready_effective_required_consecutive_steps: 3.0000
Metrics/racket_target/post_contact_ready_effective_deadline_steps: 40.0000
Metrics/racket_target/post_contact_ready_curriculum_advance_threshold: 1.0000
Metrics/racket_target/post_contact_ready_curriculum_advance_min_events: 0.0000
Metrics/racket_target/post_contact_ready_curriculum_shadow_threshold: 1.0000
Metrics/racket_target/post_contact_ready_curriculum_min_targeted_attempt_ema: 0.0000
Metrics/racket_target/post_contact_ready_curriculum_min_return_success_ema: 0.0000
Metrics/racket_target/post_contact_ready_curriculum_min_completed_swings: 1.0000
Metrics/racket_target/post_contact_ready_curriculum_required_advance_checks: 1.0000
Metrics/racket_target/racket_normal_error_deg: 33.4338
Metrics/racket_target/impact_normal_error_deg: 11.6097
Metrics/racket_target/impact_racket_vel_error_mps: 0.4770
Metrics/racket_target/impact_racket_speed_ratio: 0.8535
Metrics/racket_target/impact_racket_vel_angle_deg: 11.1190
Metrics/racket_target/impact_racket_actual_vel_x: 0.9084
Metrics/racket_target/impact_racket_actual_vel_y: 0.1419
Metrics/racket_target/impact_racket_actual_vel_z: 1.2018
Metrics/racket_target/impact_racket_target_vel_x: 1.0915
Metrics/racket_target/impact_racket_target_vel_y: -0.0045
Metrics/racket_target/impact_racket_target_vel_z: 1.1932
Metrics/racket_target/impact_ball_out_error_mps: 4.1573
Metrics/racket_target/impact_face_radial_error_m: 0.0420
Metrics/racket_target/impact_face_normal_gap_m: 0.0493
Metrics/racket_target/impact_face_quality: 0.7374
Metrics/racket_target/impact_center_contact: 0.0000
Metrics/racket_target/impact_center_net_cross: 0.0000
Metrics/racket_target/impact_center_on_opponent: 0.0000
Metrics/racket_target/impact_rim_contact: 0.0000
Metrics/racket_target/impact_rim_net_cross: 0.0000
Metrics/racket_target/impact_rim_on_opponent: 0.0000
Metrics/racket_target/impact_analytic_outer_contact: 0.0000
Metrics/racket_target/impact_analytic_outer_net_cross: 0.0000
Metrics/racket_target/impact_analytic_outer_on_opponent: 0.0000
Metrics/racket_target/impact_planner_pos_error_m: 0.0706
Metrics/racket_target/impact_planner_vel_error_mps: 0.4770
Metrics/racket_target/impact_planner_speed_ratio: 0.8535
Metrics/racket_target/impact_planner_vel_angle_deg: 11.1190
Metrics/racket_target/impact_healthy_normal_ok: 0.0201
Metrics/racket_target/impact_healthy_contact: 0.0000
Metrics/racket_target/impact_healthy_net_cross: 0.0000
Metrics/racket_target/impact_healthy_on_opponent: 0.0000
Metrics/racket_target/current_swing_impact_health_score: 0.6079
Metrics/racket_target/current_swing_healthy_contact: 0.6264
Metrics/racket_target/current_swing_healthy_net_cross: 0.6186
Metrics/racket_target/current_swing_healthy_on_opponent: 0.0286
Metrics/racket_target/current_swing_healthy_normal_ok: 0.8869
Metrics/racket_target/current_swing_contact: 0.6264
Metrics/racket_target/current_swing_net_cross: 0.6186
Metrics/racket_target/current_swing_on_opponent: 0.0286
Metrics/racket_target/current_swing_center_contact: 0.5056
Metrics/racket_target/current_swing_center_net_cross: 0.5056
Metrics/racket_target/current_swing_center_on_opponent: 0.0286
Metrics/racket_target/current_swing_rim_contact: 0.0989
Metrics/racket_target/current_swing_rim_net_cross: 0.0911
Metrics/racket_target/current_swing_rim_on_opponent: 0.0000
Metrics/racket_target/current_swing_analytic_outer_contact: 0.0219
Metrics/racket_target/current_swing_analytic_outer_net_cross: 0.0219
Metrics/racket_target/current_swing_analytic_outer_on_opponent: 0.0000
Metrics/racket_target/cycle_v2_outcome_tier: -1.0000
Metrics/racket_target/cycle_v2_streak: 0.0000
Metrics/racket_target/closed_loop_recovery_trigger_event: 0.0000
Metrics/racket_target/closed_loop_cycle_success_event: 0.0084
Metrics/racket_target/closed_loop_durable_cycle_success_event: 0.0104
Metrics/racket_target/closed_loop_phase_id: 2.4758
Metrics/racket_target/closed_loop_phase_ready_no_command: 0.0198
Metrics/racket_target/closed_loop_phase_command_acquire: 0.0115
Metrics/racket_target/closed_loop_phase_pre_strike: 0.6330
Metrics/racket_target/closed_loop_phase_strike: 0.1692
Metrics/racket_target/closed_loop_phase_follow_through: 0.1465
Metrics/racket_target/closed_loop_phase_recovery: 0.0156
Metrics/racket_target/closed_loop_phase_next_ready: 0.0045
Metrics/racket_target/post_contact_phase_impact_0_100ms_attempts: 1213.0625
Metrics/racket_target/post_contact_phase_impact_0_100ms_tilt_gt_0p1_rate: 1.0000
Metrics/racket_target/post_contact_phase_impact_0_100ms_pitch_gt_0p1_rate: 1.0000
Metrics/racket_target/post_contact_phase_impact_0_100ms_waist_overflow_gt_1p0_rate: 0.0000
Metrics/racket_target/post_contact_phase_impact_0_100ms_base_ang_vel_gt_0p8_rate: 0.9825
Metrics/racket_target/post_contact_phase_brake_100_300ms_attempts: 1134.0000
Metrics/racket_target/post_contact_phase_brake_100_300ms_tilt_gt_0p1_rate: 0.9674
Metrics/racket_target/post_contact_phase_brake_100_300ms_pitch_gt_0p1_rate: 0.9666
Metrics/racket_target/post_contact_phase_brake_100_300ms_waist_overflow_gt_1p0_rate: 0.0000
Metrics/racket_target/post_contact_phase_brake_100_300ms_base_ang_vel_gt_0p8_rate: 0.9417
Metrics/racket_target/post_contact_phase_settle_300_600ms_attempts: 725.8125
Metrics/racket_target/post_contact_phase_settle_300_600ms_tilt_gt_0p1_rate: 0.4856
Metrics/racket_target/post_contact_phase_settle_300_600ms_pitch_gt_0p1_rate: 0.4405
Metrics/racket_target/post_contact_phase_settle_300_600ms_waist_overflow_gt_1p0_rate: 0.0000
Metrics/racket_target/post_contact_phase_settle_300_600ms_base_ang_vel_gt_0p8_rate: 0.5923
Metrics/racket_target/post_contact_phase_ready_after_600ms_attempts: 190.0312
Metrics/racket_target/post_contact_phase_ready_after_600ms_tilt_gt_0p1_rate: 0.0571
Metrics/racket_target/post_contact_phase_ready_after_600ms_pitch_gt_0p1_rate: 0.0412
Metrics/racket_target/post_contact_phase_ready_after_600ms_waist_overflow_gt_1p0_rate: 0.0000
Metrics/racket_target/post_contact_phase_ready_after_600ms_base_ang_vel_gt_0p8_rate: 0.1190
Metrics/racket_target/base_pitch_like_signed: -0.1223
Metrics/racket_target/base_backward_velocity: 0.0935
Metrics/racket_target/waist_action_rms: 0.3368
Metrics/racket_target/right_arm_action_rms: 3.6054
Metrics/racket_target/leg_action_rms: 0.4366
Metrics/racket_target/action_abs_max: 6.4799
Metrics/racket_target/applied_action_abs_max: 6.3303
Metrics/racket_target/leg_action_abs_max: 0.8130
Metrics/racket_target/effective_action_abs_max: 6.3303
Metrics/racket_target/action_clamp_fraction: 0.0013
Metrics/racket_target/waist_action_clamp_fraction: 0.0000
Metrics/racket_target/right_arm_action_clamp_fraction: 0.0009
Metrics/racket_target/leg_action_clamp_fraction: 0.0028
Metrics/racket_target/waist_q_tracking_error_rms: 0.3832
Metrics/racket_target/right_arm_q_tracking_error_rms: 0.1703
Metrics/racket_target/leg_q_tracking_error_rms: 0.2093
Metrics/racket_target/waist_torque_clip_fraction: 0.0000
Metrics/racket_target/right_arm_torque_clip_fraction: 0.0009
Metrics/racket_target/leg_torque_clip_fraction: 0.0000
Metrics/racket_target/waist_action_delta_rms: 0.1434
Metrics/racket_target/right_arm_action_delta_rms: 0.8351
Metrics/racket_target/leg_action_delta_rms: 0.2545
Metrics/racket_target/waist_joint_vel_rms: 0.6658
Metrics/racket_target/right_arm_joint_vel_rms: 1.1132
Metrics/racket_target/leg_joint_vel_rms: 0.6435
Metrics/racket_target/recovery_leg_action_abs_max: 0.6066
Metrics/racket_target/recovery_leg_action_delta_rms: 0.1971
Metrics/racket_target/recovery_leg_joint_vel_rms: 0.4759
      Episode_Termination/time_out: 4.4375
  Episode_Termination/base_too_low: 0.0312
   Episode_Termination/base_tilted: 0.0312
   Episode_Termination/table_touch: 0.0312
Episode_Termination/persistent_action_overflow: 0.0000
--------------------------------------------------------------------------------
                   Total timesteps: 196608
                    Iteration time: 2.15s
                      Time elapsed: 00:00:06
                               ETA: 00:00:40

################################################################################
                     [1m Learning iteration 1803/1820 [0m                     

                       Computation: 30544 steps/s (collection: 2.129s, learning 0.017s)
             Mean action noise std: 0.45
          Mean value_function loss: 0.0499
               Mean surrogate loss: -0.0000
                 Mean entropy loss: 2.8121
      Mean critic_only_warmup loss: 1.0000
                       Mean reward: 4.25
               Mean episode length: 116.03
 Episode_Reward/undesired_contacts: -0.0000
  Episode_Reward/feet_contact_slip: -0.0008
     Episode_Reward/table_no_touch: -0.0007
              Episode_Reward/alive: 0.0022
            Episode_Reward/upright: -0.0025
          Episode_Reward/imitation: 0.1008
    Episode_Reward/racket_position: 0.0245
Episode_Reward/backhand_racket_position: 0.0099
    Episode_Reward/racket_velocity: 0.0159
Episode_Reward/planner_racket_task_space_crossfade: 0.0982
Episode_Reward/exact_impact_planner_task_space_alignment: 0.0023
    Episode_Reward/blade_direction: 0.0146
Episode_Reward/health_gated_soft_ball_contact: 0.0159
Episode_Reward/health_gated_backhand_soft_ball_contact: 0.0092
Episode_Reward/health_gated_ball_contact: 0.0028
Episode_Reward/healthy_trunk_support: 0.0238
Episode_Reward/targeted_strike_attempt: 0.0037
  Episode_Reward/strike_inactivity: -0.0000
 Episode_Reward/pre_strike_station: 0.0190
    Episode_Reward/recovery_health: 0.0094
Episode_Reward/no_command_ready_stability: 0.0005
Episode_Reward/post_strike_base_ang_vel: 0.0018
Episode_Reward/phase_action_overflow: -0.0001
     Episode_Reward/strike_balance: 0.0096
Episode_Reward/prestrike_station_progress: 0.0052
 Episode_Reward/lower_body_support: 0.0141
Episode_Reward/termination_penalty: -0.0117
Episode_Reward/phase_action_rate_waist: -0.0000
Episode_Reward/phase_action_rate_upper: -0.0012
Episode_Reward/phase_action_rate_legs: -0.0001
        Episode_Reward/joint_limit: -0.0074
Episode_Reward/prestrike_racket_progress: 0.0527
Episode_Reward/near_impact_planner_velocity_progress: 0.0144
Episode_Reward/operational_joint_margin: -0.0041
  Episode_Reward/joint_target_slew: -0.0068
Episode_Reward/actuator_waist_feasibility: -0.0000
Episode_Reward/actuator_right_arm_feasibility: -0.0000
Episode_Reward/actuator_leg_feasibility: -0.0000
Episode_Reward/terminal_quality_window: 0.0004
Episode_Reward/safe_terminal_quality: 0.0007
Episode_Reward/unsafe_terminal_recovery: -0.0000
Episode_Reward/capability_gated_safe_terminal_outcome: 0.0043
Episode_Reward/targeted_contact_miss: -0.0010
    Metrics/motion/error_joint_pos: 1.1241
    Metrics/motion/error_joint_vel: 4.5088
     Metrics/motion/error_body_pos: 0.1085
     Metrics/motion/error_body_rot: 0.3544
       Metrics/motion/motion_phase: 0.6915
            Metrics/motion/in_hold: 0.0113
Metrics/motion/motion_start_warmup_prob: 0.8000
Metrics/motion/motion_start_lifecycle_progress: 0.0000
Metrics/motion/motion_start_effective_prestrike_fraction: 1.0000
Metrics/motion/motion_start_effective_recovery_fraction: 0.0000
Metrics/motion/motion_start_effective_rsi_fraction: 0.0000
 Metrics/motion/motion_start_reset: 0.7675
Metrics/motion/motion_start_prestrike_reset: 0.0000
Metrics/motion/motion_start_recovery_reset: 0.0000
Metrics/motion/motion_start_rsi_reset: 0.0000
 Metrics/motion/single_cycle_reset: 0.0000
     Metrics/motion/motion_clip_id: 0.5301
Metrics/motion/motion_supplemental_clip: 0.0000
      Metrics/motion/stand_episode: 0.0113
Metrics/motion/default_stand_reset: 0.2325
Metrics/motion/error_body_pos_lower: 0.1174
Metrics/motion/error_body_rot_lower: 0.3821
Metrics/motion/error_body_lin_vel_lower: 0.1758
Metrics/motion/error_body_ang_vel_lower: 0.7460
Metrics/motion/reference_body_lin_speed_lower: 0.0151
Metrics/motion/robot_body_lin_speed_lower: 0.1721
Metrics/motion/error_body_pos_core: 0.0658
Metrics/motion/error_body_rot_core: 0.2716
Metrics/motion/error_body_lin_vel_core: 0.2432
Metrics/motion/error_body_ang_vel_core: 0.7942
Metrics/motion/reference_body_lin_speed_core: 0.0133
Metrics/motion/robot_body_lin_speed_core: 0.2425
Metrics/motion/error_body_pos_upper: 0.1137
Metrics/motion/error_body_rot_upper: 0.3544
Metrics/motion/error_body_lin_vel_upper: 0.4576
Metrics/motion/error_body_ang_vel_upper: 1.6635
Metrics/motion/reference_body_lin_speed_upper: 0.0363
Metrics/motion/robot_body_lin_speed_upper: 0.4562
Metrics/motion/error_joint_pos_waist: 0.2323
Metrics/motion/error_joint_vel_waist: 0.9727
Metrics/motion/reference_joint_speed_waist: 0.0202
Metrics/motion/error_joint_pos_arms: 0.9273
Metrics/motion/error_joint_vel_arms: 3.7117
Metrics/motion/reference_joint_speed_arms: 0.0804
Metrics/motion/error_joint_pos_legs: 0.5674
Metrics/motion/error_joint_vel_legs: 2.0955
Metrics/motion/reference_joint_speed_legs: 0.0047
Metrics/racket_target/racket_pos_error: 0.1068
Metrics/racket_target/racket_vel_error: 1.1969
Metrics/racket_target/time_to_strike: -0.8965
Metrics/racket_target/return_success: 0.0237
Metrics/racket_target/prev_return_success: 0.0000
Metrics/racket_target/prev_net_cross: 0.0000
Metrics/racket_target/current_net_cross: 0.5756
Metrics/racket_target/racket_pos_curriculum_scale: 1.0000
Metrics/racket_target/impact_inverse_command_blend: 0.0000
Metrics/racket_target/steps_since_target_resample: 108.5848
Metrics/racket_target/recovery_height_error: 0.0329
Metrics/racket_target/recovery_upright_error: 0.1236
Metrics/racket_target/recovery_base_lin_vel: 0.2071
Metrics/racket_target/recovery_base_ang_vel: 0.8755
Metrics/racket_target/recovery_station_error: 0.0856
Metrics/racket_target/recovery_feet_contact_frac: 0.9818
Metrics/racket_target/recovery_racket_speed: 0.8900
Metrics/racket_target/recovery_height_score: 0.8994
Metrics/racket_target/recovery_upright_score: 0.8136
Metrics/racket_target/recovery_lin_vel_score: 0.7384
Metrics/racket_target/recovery_ang_vel_score: 0.4050
Metrics/racket_target/recovery_station_score: 0.8594
Metrics/racket_target/recovery_racket_score: 0.3977
Metrics/racket_target/recovery_arm_score: 0.8491
Metrics/racket_target/recovery_ready_score: 0.7539
Metrics/racket_target/recovery_anchor_arm_score: 1.0000
Metrics/racket_target/recovery_core_ready_score: 0.6427
Metrics/racket_target/recovery_functional_ready_score: 0.5841
Metrics/racket_target/waist_action_overflow_rms: 0.0000
Metrics/racket_target/right_arm_action_overflow_rms: 0.0000
Metrics/racket_target/leg_action_overflow_rms: 0.0115
Metrics/racket_target/operational_margin_fraction: 0.0087
Metrics/racket_target/waist_operational_margin_fraction: 0.0000
Metrics/racket_target/right_arm_operational_margin_fraction: 0.0000
Metrics/racket_target/leg_operational_margin_fraction: 0.0225
Metrics/racket_target/waist_operational_excess_rms: 0.0000
Metrics/racket_target/right_arm_operational_excess_rms: 0.0000
Metrics/racket_target/leg_operational_excess_rms: 0.0078
Metrics/racket_target/q_des_velocity_violation_fraction: 0.0640
Metrics/racket_target/waist_q_des_velocity_violation_fraction: 0.0000
Metrics/racket_target/right_arm_q_des_velocity_violation_fraction: 0.0925
Metrics/racket_target/leg_q_des_velocity_violation_fraction: 0.0891
Metrics/racket_target/q_des_acceleration_violation_fraction: 0.6817
Metrics/racket_target/waist_q_des_acceleration_violation_fraction: 0.5817
Metrics/racket_target/right_arm_q_des_acceleration_violation_fraction: 0.8002
Metrics/racket_target/leg_q_des_acceleration_violation_fraction: 0.7439
Metrics/racket_target/waist_q_des_velocity_rms: 2.9331
Metrics/racket_target/right_arm_q_des_velocity_rms: 7.7034
Metrics/racket_target/leg_q_des_velocity_rms: 6.6882
Metrics/racket_target/waist_q_des_acceleration_rms: 232.2632
Metrics/racket_target/right_arm_q_des_acceleration_rms: 651.7441
Metrics/racket_target/leg_q_des_acceleration_rms: 561.6475
Metrics/racket_target/action_operational_feasibility_score: 0.9037
Metrics/racket_target/actuator_overflow_consecutive_steps: 0.0000
Metrics/racket_target/actuator_overflow_severe: 0.0000
Metrics/racket_target/recovery_phase_gate: 0.9740
Metrics/racket_target/recovery_phase_ready_score: 0.7519
Metrics/racket_target/recovery_contact_ready_score: 0.4737
Metrics/racket_target/recovery_net_ready_score: 0.4595
Metrics/racket_target/recovery_return_ready_score: 0.0201
Metrics/racket_target/cycle_success_ready_score: 0.0000
Metrics/racket_target/cycle_success_soft: 0.0000
Metrics/racket_target/cycle_success_binary: 0.0000
Metrics/racket_target/cycle_v2_pending: 0.0000
Metrics/racket_target/cycle_v2_attempt_latch: 0.0000
Metrics/racket_target/cycle_v2_ready_success_latch: 0.0000
Metrics/racket_target/cycle_v2_ready_fail_latch: 0.0000
Metrics/racket_target/cycle_v2_attempt_event: 0.0000
Metrics/racket_target/cycle_v2_ready_success_event: 0.0000
Metrics/racket_target/cycle_v2_ready_fail_event: 0.0000
Metrics/racket_target/cycle_v2_unresolved_resample_fail_event: 0.0000
Metrics/racket_target/cycle_v2_resolved_event: 0.0000
Metrics/racket_target/cycle_v2_command_visible_steps: 0.0000
Metrics/racket_target/cycle_v2_elapsed_steps: 0.0000
Metrics/racket_target/cycle_v2_ready_score: 0.0000
Metrics/racket_target/cycle_v2_ready_ok: 0.0000
Metrics/racket_target/cycle_v2_visible: 0.0000
Metrics/racket_target/cycle_v2_ready_score_ok: 0.0000
Metrics/racket_target/cycle_v2_height_ok: 0.0000
Metrics/racket_target/cycle_v2_upright_ok: 0.0000
Metrics/racket_target/cycle_v2_base_lin_vel_ok: 0.0000
Metrics/racket_target/cycle_v2_base_ang_vel_ok: 0.0000
Metrics/racket_target/cycle_v2_feet_ok: 0.0000
Metrics/racket_target/cycle_v2_core_ready_ok: 0.0000
Metrics/racket_target/cycle_v2_ready_consecutive_steps: 0.0000
Metrics/racket_target/single_cycle_bootstrap: 0.0000
Metrics/racket_target/single_cycle_swing_completed: 0.0000
Metrics/racket_target/single_cycle_recovery_active: 0.0000
Metrics/racket_target/single_cycle_recovery_elapsed_steps: 0.0000
Metrics/racket_target/single_cycle_ready_consecutive_steps: 0.0000
Metrics/racket_target/single_cycle_safe_timeout_event: 0.0000
Metrics/racket_target/single_cycle_deadline_timeout_event: 0.0000
Metrics/racket_target/single_cycle_timeout_latch: 0.0000
Metrics/racket_target/single_cycle_hard_failure_event: 0.0000
Metrics/racket_target/single_cycle_probability: 0.0000
Metrics/racket_target/single_cycle_curriculum_level: 0.0000
Metrics/racket_target/single_cycle_effective_deadline_steps: 100.0000
Metrics/racket_target/single_cycle_selected_events: 0.0000
Metrics/racket_target/single_cycle_completed_events: 0.0000
Metrics/racket_target/single_cycle_safe_timeout_events: 0.0000
Metrics/racket_target/single_cycle_deadline_timeout_events: 0.0000
Metrics/racket_target/single_cycle_hard_failure_events: 0.0000
Metrics/racket_target/active_ready_consecutive_steps: 0.0000
Metrics/racket_target/active_ready_success_event: 0.0000
Metrics/racket_target/active_ready_success_latch: 0.0000
Metrics/racket_target/active_ready_survival_steps: 0.0000
Metrics/racket_target/active_ready_survival_next_milestone: 0.0000
Metrics/racket_target/active_ready_survival_milestone_event: 0.0000
Metrics/racket_target/no_command_ready_active: 0.0113
Metrics/racket_target/no_command_from_stand_episode: 0.0113
Metrics/racket_target/no_command_from_default_stand_reset: 0.0113
Metrics/racket_target/no_command_ready_upright_ok: 0.0113
Metrics/racket_target/no_command_ready_motion_ok: 0.0000
Metrics/racket_target/no_command_ready_score: 0.0067
Metrics/racket_target/no_command_ready_progress: -0.0077
Metrics/racket_target/no_command_ready_station_error: 0.0003
Metrics/racket_target/no_command_ready_fixed_station_error: 0.0003
Metrics/racket_target/healthy_training_stage: 3.0000
Metrics/racket_target/healthy_stage_planted_rehearsal: 0.0000
Metrics/racket_target/healthy_stage_station_hold_seen: 0.0000
Metrics/racket_target/healthy_stage_station_arrived: 0.0000
Metrics/racket_target/healthy_stage_station_settled: 0.0000
Metrics/racket_target/healthy_stage_station_settle_steps: 0.0000
Metrics/racket_target/station_relocation_active: 0.0000
Metrics/racket_target/station_relocation_target_offset_y: 0.0000
Metrics/racket_target/station_relocation_error: 0.0000
Metrics/racket_target/station_relocation_arrival_event: 0.0000
Metrics/racket_target/station_relocation_settle_event: 0.0000
Metrics/racket_target/station_relocation_release_event: 0.0000
Metrics/racket_target/station_relocation_timeout_event: 0.0000
Metrics/racket_target/station_relocation_elapsed_steps: 0.0000
Metrics/racket_target/station_relocation_hold_deadline_steps: 0.0000
Metrics/racket_target/lifecycle_recovery_hold_active: 0.0000
Metrics/racket_target/lifecycle_recovery_release_success_event: 0.0000
Metrics/racket_target/lifecycle_recovery_release_fail_event: 0.0000
Metrics/racket_target/station_relocation_level: 0.0000
Metrics/racket_target/station_relocation_arrival_ema: 0.0000
Metrics/racket_target/station_relocation_settle_ema: 0.0000
Metrics/racket_target/station_relocation_contact_ema: 0.0000
Metrics/racket_target/station_relocation_safety_ema: 0.0000
Metrics/racket_target/station_relocation_resolved_events: 0.0000
Metrics/racket_target/station_relocation_terminal_reset_events: 0.0000
Metrics/racket_target/station_relocation_advance_streak: 0.0000
Metrics/racket_target/station_relocation_regress_streak: 0.0000
Metrics/racket_target/station_relocation_effective_max_lin_vel: 0.0000
Metrics/racket_target/station_relocation_effective_max_ang_vel: 0.0000
Metrics/racket_target/station_relocation_effective_min_settle_steps: 0.0000
Metrics/racket_target/ability_curriculum_level: 0.0000
Metrics/racket_target/ability_curriculum_scale: 1.0000
Metrics/racket_target/ability_curriculum_resolved_events: 0.0000
Metrics/racket_target/ability_curriculum_total_resolved_events: 0.0000
Metrics/racket_target/ability_curriculum_advance_streak: 0.0000
Metrics/racket_target/ability_curriculum_regress_streak: 0.0000
Metrics/racket_target/ability_contact_ema: 0.0000
Metrics/racket_target/ability_net_ema: 0.0000
Metrics/racket_target/ability_success_ema: 0.0000
Metrics/racket_target/ability_recovery_ema: 0.0000
Metrics/racket_target/ability_cycle_ema: 0.0000
Metrics/racket_target/ability_cycle_attempt_ema: 0.0000
Metrics/racket_target/ability_cycle_resolved_ema: 0.0000
Metrics/racket_target/ability_forehand_contact_ema: 0.0000
Metrics/racket_target/ability_forehand_net_ema: 0.0000
Metrics/racket_target/ability_forehand_success_ema: 0.0000
Metrics/racket_target/ability_backhand_contact_ema: 0.0000
Metrics/racket_target/ability_backhand_net_ema: 0.0000
Metrics/racket_target/ability_backhand_success_ema: 0.0000
Metrics/racket_target/ability_attempt_ema: 0.0000
Metrics/racket_target/ability_targeted_attempt_ema: 0.0000
Metrics/racket_target/impact_health_floor_progress: 0.0000
Metrics/racket_target/ability_safety_ema: 1.0000
Metrics/racket_target/ability_station_saturation_ema: 0.0000
Metrics/racket_target/ability_healthy_normal_ema: 0.0000
Metrics/racket_target/ability_station_arrival_ema: 0.0000
Metrics/racket_target/ability_station_settle_ema: 0.0000
Metrics/racket_target/safe_outcome_capability_gate: 0.0000
Metrics/racket_target/planner_hit_plane_blend: 1.0000
Metrics/racket_target/planner_hit_plane_x_delta: 0.0360
Metrics/racket_target/true_strike_table_x: 0.2000
Metrics/racket_target/planner_target_table_x: 0.2000
Metrics/racket_target/workspace_level: 0.0000
Metrics/racket_target/workspace_fringe_sample: 0.0000
Metrics/racket_target/workspace_target_lateral_norm: 0.3361
Metrics/racket_target/workspace_target_table_y: -0.2428
Metrics/racket_target/workspace_playable_y_min: -0.7225
Metrics/racket_target/workspace_playable_y_max: 0.7225
Metrics/racket_target/workspace_active_y_lo: -0.3127
Metrics/racket_target/workspace_active_y_hi: -0.1786
Metrics/racket_target/workspace_motion_seed_blend: 0.0000
Metrics/racket_target/planner_perturb_curriculum_scale: 1.0000
Metrics/racket_target/incoming_ball_horizontal_speed: 2.3030
Metrics/racket_target/incoming_ball_speed: 4.5912
Metrics/racket_target/incoming_ball_speed_curriculum_level: 0.0000
Metrics/racket_target/incoming_ball_speed_sample_low: 0.0000
Metrics/racket_target/incoming_ball_speed_sample_high: 0.0000
Metrics/racket_target/station_saturated: 0.0000
Metrics/racket_target/station_raw_clip_excess: 0.0000
Metrics/racket_target/station_saturated_x: 0.0000
Metrics/racket_target/station_saturated_y: 0.0000
Metrics/racket_target/station_raw_clip_excess_x: 0.0000
Metrics/racket_target/station_raw_clip_excess_y: 0.0000
Metrics/racket_target/current_swing_opportunity: 0.9627
Metrics/racket_target/current_swing_attempt: 0.9627
Metrics/racket_target/current_swing_targeted_attempt: 0.9497
Metrics/racket_target/prev_swing_targeted_attempt: 0.0000
Metrics/racket_target/current_swing_unsafe: 0.0357
Metrics/racket_target/current_swing_station_saturated: 0.0000
Metrics/racket_target/impact_health_score: 0.8857
Metrics/racket_target/impact_health_ok: 0.8858
Metrics/racket_target/impact_health_backlean_violation: 0.0058
Metrics/racket_target/impact_health_waist_backfold: 0.0000
Metrics/racket_target/impact_health_base_retreat: 0.0368
Metrics/racket_target/impact_health_torso_gravity_x: 0.3442
Metrics/racket_target/impact_health_torso_ang_vel: 0.3996
Metrics/racket_target/impact_health_com_x: 0.0572
Metrics/racket_target/impact_health_com_y: 0.0316
Metrics/racket_target/post_contact_ready_pending: 0.0000
Metrics/racket_target/post_contact_ready_elapsed_steps: 3.3274
Metrics/racket_target/post_contact_ready_consecutive_steps: 0.0000
Metrics/racket_target/post_contact_ready_diagnostic_pending: 0.0868
Metrics/racket_target/post_contact_ready_diagnostic_elapsed_steps: 22.0592
Metrics/racket_target/post_contact_ready_durable_pending: 0.0573
Metrics/racket_target/post_contact_ready_durable_consecutive_steps: 0.0104
Metrics/racket_target/post_contact_ready_durable_ready_now: 0.0104
Metrics/racket_target/post_contact_ready_durable_success_event: 0.0000
Metrics/racket_target/post_contact_ready_durable_fail_event: 0.0000
Metrics/racket_target/post_contact_ready_durable_resolution_success_rate: 0.1774
Metrics/racket_target/post_contact_ready_durable_resolution_fail_rate: 0.7201
Metrics/racket_target/post_contact_ready_durable_resolution_success_latency_steps: 35.0000
Metrics/racket_target/post_contact_ready_durable_resolution_fail_latency_steps: 33.1437
Metrics/racket_target/post_contact_ready_durable_fail_backlean_rate: 0.0628
Metrics/racket_target/post_contact_ready_durable_fail_forward_lean_rate: 0.9174
Metrics/racket_target/post_contact_ready_durable_fail_torso_ang_vel_rate: 0.0628
Metrics/racket_target/post_contact_ready_durable_fail_base_lin_vel_rate: 0.0638
Metrics/racket_target/post_contact_ready_durable_fail_base_ang_vel_rate: 0.3671
Metrics/racket_target/post_contact_ready_durable_fail_racket_speed_rate: 0.0628
Metrics/racket_target/post_contact_ready_durable_fail_height_rate: 0.0628
Metrics/racket_target/post_contact_ready_durable_fail_com_x_rate: 0.0654
Metrics/racket_target/post_contact_ready_durable_fail_com_y_rate: 0.0628
Metrics/racket_target/post_contact_ready_durable_fail_feet_rate: 0.0628
Metrics/racket_target/post_contact_ready_durable_fail_station_rate: 0.0638
Metrics/racket_target/post_contact_ready_durable_fail_arm_rate: 0.0628
Metrics/racket_target/post_contact_ready_terminal_window_active: 0.0365
Metrics/racket_target/post_contact_ready_terminal_quality: 0.5042
Metrics/racket_target/post_contact_ready_terminal_settlement_event: 0.0000
Metrics/racket_target/post_contact_ready_operational_ready_now: 0.0052
Metrics/racket_target/post_contact_ready_operational_consecutive_steps: 0.0052
Metrics/racket_target/post_contact_ready_safe_settlement_event: 0.0000
Metrics/racket_target/post_contact_ready_unsafe_settlement_event: 0.0000
Metrics/racket_target/post_contact_ready_incomplete_settlement_event: 0.0000
Metrics/racket_target/post_contact_ready_safe_net_cycle_event: 0.0000
Metrics/racket_target/post_contact_ready_terminal_quality_mean: 0.9170
Metrics/racket_target/post_contact_ready_safe_terminal_quality_mean: 0.9265
Metrics/racket_target/post_contact_ready_terminal_safe_rate: 0.7259
Metrics/racket_target/post_contact_ready_terminal_unsafe_rate: 0.0308
Metrics/racket_target/post_contact_ready_terminal_incomplete_rate: 0.2433
Metrics/racket_target/post_contact_ready_safe_net_cycle_rate: 0.7181
Metrics/racket_target/post_contact_ready_score: 0.8004
Metrics/racket_target/post_contact_ready_now: 0.0000
Metrics/racket_target/post_contact_ready_success_event: 0.0000
Metrics/racket_target/post_contact_ready_fail_event: 0.0000
Metrics/racket_target/post_contact_ready_outcome_tier: 0.1935
Metrics/racket_target/post_contact_ready_face_quality: 0.5689
Metrics/racket_target/post_contact_ready_safe_face_net_cycle_value: 0.0000
Metrics/racket_target/post_contact_ready_planner_speed_ratio: 0.5820
Metrics/racket_target/post_contact_ready_planner_direction_error_rad: 0.1249
Metrics/racket_target/post_contact_ready_planner_position_error: 0.0342
Metrics/racket_target/post_contact_ready_impact_health_score: 0.5741
Metrics/racket_target/post_contact_ready_peak_base_ang_vel: 0.9495
Metrics/racket_target/post_contact_ready_peak_ang_vel_excess_increment: 0.0000
Metrics/racket_target/post_contact_ready_envelope_violation_latch: 0.0498
Metrics/racket_target/post_contact_ready_envelope_violation_event: 0.0000
Metrics/racket_target/post_contact_ready_envelope_first_violation_step: -0.5069
Metrics/racket_target/post_contact_ready_envelope_attempts: 1329.5000
Metrics/racket_target/post_contact_ready_envelope_violation_rate: 0.0340
Metrics/racket_target/post_contact_ready_envelope_tilt_violation_rate: 0.0000
Metrics/racket_target/post_contact_ready_envelope_pitch_violation_rate: 0.0000
Metrics/racket_target/post_contact_ready_envelope_com_violation_rate: 0.0011
Metrics/racket_target/post_contact_ready_envelope_waist_violation_rate: 0.0000
Metrics/racket_target/post_contact_ready_envelope_leg_violation_rate: 0.0000
Metrics/racket_target/post_contact_ready_envelope_base_ang_vel_violation_rate: 0.0336
Metrics/racket_target/post_contact_ready_resolution_success_rate: 0.9769
Metrics/racket_target/post_contact_ready_resolution_fail_rate: 0.0134
Metrics/racket_target/post_contact_ready_resolution_success_latency_steps: 4.9004
Metrics/racket_target/post_contact_ready_resolution_fail_latency_steps: 9.3062
Metrics/racket_target/post_contact_ready_max_tilt: 0.1279
Metrics/racket_target/post_contact_ready_max_abs_pitch: 0.1265
Metrics/racket_target/post_contact_ready_max_com_x: 0.0275
Metrics/racket_target/post_contact_ready_max_com_y: 0.0209
Metrics/racket_target/post_contact_ready_max_waist_overflow: 0.0000
Metrics/racket_target/post_contact_ready_max_leg_overflow: 0.0056
Metrics/racket_target/post_contact_ready_settlement_velocity_score_ema: 0.6879
Metrics/racket_target/post_contact_ready_settlement_position_gate_ema: 0.7798
Metrics/racket_target/post_contact_ready_settlement_health_gate_ema: 0.9759
Metrics/racket_target/post_contact_ready_settlement_recovery_gate_ema: 0.4102
Metrics/racket_target/post_contact_ready_settlement_total_score_ema: 0.2145
Metrics/racket_target/post_contact_recovery_backlean_error: 0.0488
Metrics/racket_target/post_contact_recovery_directional_progress: 0.0000
Metrics/racket_target/post_contact_ready_torso_ok: 0.2315
Metrics/racket_target/post_contact_ready_motion_ok: 0.7889
Metrics/racket_target/post_contact_ready_support_ok: 0.8893
Metrics/racket_target/post_contact_ready_arm_ok: 1.0000
Metrics/racket_target/post_contact_ready_base_lin_vel_ok: 0.8858
Metrics/racket_target/post_contact_ready_base_ang_vel_ok: 0.8353
Metrics/racket_target/post_contact_ready_racket_speed_ok: 0.9818
Metrics/racket_target/post_contact_ready_height_ok: 0.9643
Metrics/racket_target/post_contact_ready_com_x_ok: 0.8893
Metrics/racket_target/post_contact_ready_com_y_ok: 0.9747
Metrics/racket_target/post_contact_ready_feet_ok: 0.9844
Metrics/racket_target/post_contact_ready_station_ok: 0.9026
Metrics/racket_target/post_contact_ready_fail_torso: 0.0000
Metrics/racket_target/post_contact_ready_fail_base_lin_vel: 0.0000
Metrics/racket_target/post_contact_ready_fail_base_ang_vel: 0.0000
Metrics/racket_target/post_contact_ready_fail_racket_speed: 0.0000
Metrics/racket_target/post_contact_ready_fail_support: 0.0000
Metrics/racket_target/post_contact_ready_fail_arm: 0.0000
Metrics/racket_target/post_contact_ready_shadow_now: 0.0000
Metrics/racket_target/post_contact_ready_shadow_consecutive_steps: 0.0000
Metrics/racket_target/post_contact_ready_shadow_success_latch: 0.0000
Metrics/racket_target/post_contact_ready_curriculum_level: 0.0000
Metrics/racket_target/post_contact_ready_curriculum_fraction: 1.0000
Metrics/racket_target/post_contact_ready_curriculum_success_ema: 0.0000
Metrics/racket_target/post_contact_ready_curriculum_shadow_success_ema: 0.0000
Metrics/racket_target/post_contact_ready_curriculum_resolved_events: 0.0000
Metrics/racket_target/post_contact_ready_curriculum_successful_events: 0.0000
Metrics/racket_target/post_contact_ready_curriculum_targeted_attempt_ema: 0.0000
Metrics/racket_target/post_contact_ready_curriculum_return_success_ema: 0.0000
Metrics/racket_target/post_contact_ready_curriculum_completed_swings: 0.0000
Metrics/racket_target/post_contact_ready_curriculum_advance_streak: 0.0000
Metrics/racket_target/post_contact_ready_curriculum_advance_guard_ok: 0.0000
Metrics/racket_target/post_contact_ready_effective_max_torso_ang_vel: 1.5000
Metrics/racket_target/post_contact_ready_effective_torso_x_min: -0.1200
Metrics/racket_target/post_contact_ready_effective_torso_x_max: 0.3200
Metrics/racket_target/post_contact_ready_effective_max_base_lin_vel: 0.4500
Metrics/racket_target/post_contact_ready_effective_max_base_ang_vel: 1.3000
Metrics/racket_target/post_contact_ready_effective_max_racket_speed: 3.0000
Metrics/racket_target/post_contact_ready_effective_min_feet_contact: 0.5000
Metrics/racket_target/post_contact_ready_effective_required_consecutive_steps: 3.0000
Metrics/racket_target/post_contact_ready_effective_deadline_steps: 40.0000
Metrics/racket_target/post_contact_ready_curriculum_advance_threshold: 1.0000
Metrics/racket_target/post_contact_ready_curriculum_advance_min_events: 0.0000
Metrics/racket_target/post_contact_ready_curriculum_shadow_threshold: 1.0000
Metrics/racket_target/post_contact_ready_curriculum_min_targeted_attempt_ema: 0.0000
Metrics/racket_target/post_contact_ready_curriculum_min_return_success_ema: 0.0000
Metrics/racket_target/post_contact_ready_curriculum_min_completed_swings: 1.0000
Metrics/racket_target/post_contact_ready_curriculum_required_advance_checks: 1.0000
Metrics/racket_target/racket_normal_error_deg: 50.5375
Metrics/racket_target/impact_normal_error_deg: 13.0349
Metrics/racket_target/impact_racket_vel_error_mps: 0.5486
Metrics/racket_target/impact_racket_speed_ratio: 0.9339
Metrics/racket_target/impact_racket_vel_angle_deg: 12.6480
Metrics/racket_target/impact_racket_actual_vel_x: 1.0188
Metrics/racket_target/impact_racket_actual_vel_y: 0.1285
Metrics/racket_target/impact_racket_actual_vel_z: 1.3634
Metrics/racket_target/impact_racket_target_vel_x: 1.2213
Metrics/racket_target/impact_racket_target_vel_y: 0.0002
Metrics/racket_target/impact_racket_target_vel_z: 1.3235
Metrics/racket_target/impact_ball_out_error_mps: 4.5753
Metrics/racket_target/impact_face_radial_error_m: 0.0482
Metrics/racket_target/impact_face_normal_gap_m: 0.0590
Metrics/racket_target/impact_face_quality: 0.8027
Metrics/racket_target/impact_center_contact: 0.0000
Metrics/racket_target/impact_center_net_cross: 0.0000
Metrics/racket_target/impact_center_on_opponent: 0.0000
Metrics/racket_target/impact_rim_contact: 0.0000
Metrics/racket_target/impact_rim_net_cross: 0.0000
Metrics/racket_target/impact_rim_on_opponent: 0.0000
Metrics/racket_target/impact_analytic_outer_contact: 0.0000
Metrics/racket_target/impact_analytic_outer_net_cross: 0.0000
Metrics/racket_target/impact_analytic_outer_on_opponent: 0.0000
Metrics/racket_target/impact_planner_pos_error_m: 0.0829
Metrics/racket_target/impact_planner_vel_error_mps: 0.5486
Metrics/racket_target/impact_planner_speed_ratio: 0.9339
Metrics/racket_target/impact_planner_vel_angle_deg: 12.6480
Metrics/racket_target/impact_healthy_normal_ok: 0.0000
Metrics/racket_target/impact_healthy_contact: 0.0000
Metrics/racket_target/impact_healthy_net_cross: 0.0000
Metrics/racket_target/impact_healthy_on_opponent: 0.0000
Metrics/racket_target/current_swing_impact_health_score: 0.5741
Metrics/racket_target/current_swing_healthy_contact: 0.5942
Metrics/racket_target/current_swing_healthy_net_cross: 0.5756
Metrics/racket_target/current_swing_healthy_on_opponent: 0.0237
Metrics/racket_target/current_swing_healthy_normal_ok: 0.9575
Metrics/racket_target/current_swing_contact: 0.5942
Metrics/racket_target/current_swing_net_cross: 0.5756
Metrics/racket_target/current_swing_on_opponent: 0.0237
Metrics/racket_target/current_swing_center_contact: 0.5304
Metrics/racket_target/current_swing_center_net_cross: 0.5119
Metrics/racket_target/current_swing_center_on_opponent: 0.0159
Metrics/racket_target/current_swing_rim_contact: 0.0638
Metrics/racket_target/current_swing_rim_net_cross: 0.0638
Metrics/racket_target/current_swing_rim_on_opponent: 0.0078
Metrics/racket_target/current_swing_analytic_outer_contact: 0.0000
Metrics/racket_target/current_swing_analytic_outer_net_cross: 0.0000
Metrics/racket_target/current_swing_analytic_outer_on_opponent: 0.0000
Metrics/racket_target/cycle_v2_outcome_tier: -1.0000
Metrics/racket_target/cycle_v2_streak: 0.0000
Metrics/racket_target/closed_loop_recovery_trigger_event: 0.0000
Metrics/racket_target/closed_loop_cycle_success_event: 0.0000
Metrics/racket_target/closed_loop_durable_cycle_success_event: 0.0000
Metrics/racket_target/closed_loop_phase_id: 1.9618
Metrics/racket_target/closed_loop_phase_ready_no_command: 0.0113
Metrics/racket_target/closed_loop_phase_command_acquire: 0.0156
Metrics/racket_target/closed_loop_phase_pre_strike: 0.9731
Metrics/racket_target/closed_loop_phase_strike: 0.0000
Metrics/racket_target/closed_loop_phase_follow_through: 0.0000
Metrics/racket_target/closed_loop_phase_recovery: 0.0000
Metrics/racket_target/closed_loop_phase_next_ready: 0.0000
Metrics/racket_target/post_contact_phase_impact_0_100ms_attempts: 1329.5000
Metrics/racket_target/post_contact_phase_impact_0_100ms_tilt_gt_0p1_rate: 1.0000
Metrics/racket_target/post_contact_phase_impact_0_100ms_pitch_gt_0p1_rate: 1.0000
Metrics/racket_target/post_contact_phase_impact_0_100ms_waist_overflow_gt_1p0_rate: 0.0000
Metrics/racket_target/post_contact_phase_impact_0_100ms_base_ang_vel_gt_0p8_rate: 0.9858
Metrics/racket_target/post_contact_phase_brake_100_300ms_attempts: 1303.6875
Metrics/racket_target/post_contact_phase_brake_100_300ms_tilt_gt_0p1_rate: 0.9985
Metrics/racket_target/post_contact_phase_brake_100_300ms_pitch_gt_0p1_rate: 0.9977
Metrics/racket_target/post_contact_phase_brake_100_300ms_waist_overflow_gt_1p0_rate: 0.0000
Metrics/racket_target/post_contact_phase_brake_100_300ms_base_ang_vel_gt_0p8_rate: 0.9967
Metrics/racket_target/post_contact_phase_settle_300_600ms_attempts: 1259.4062
Metrics/racket_target/post_contact_phase_settle_300_600ms_tilt_gt_0p1_rate: 0.7454
Metrics/racket_target/post_contact_phase_settle_300_600ms_pitch_gt_0p1_rate: 0.6819
Metrics/racket_target/post_contact_phase_settle_300_600ms_waist_overflow_gt_1p0_rate: 0.0000
Metrics/racket_target/post_contact_phase_settle_300_600ms_base_ang_vel_gt_0p8_rate: 0.9877
Metrics/racket_target/post_contact_phase_ready_after_600ms_attempts: 1135.8438
Metrics/racket_target/post_contact_phase_ready_after_600ms_tilt_gt_0p1_rate: 0.4595
Metrics/racket_target/post_contact_phase_ready_after_600ms_pitch_gt_0p1_rate: 0.3583
Metrics/racket_target/post_contact_phase_ready_after_600ms_waist_overflow_gt_1p0_rate: 0.0000
Metrics/racket_target/post_contact_phase_ready_after_600ms_base_ang_vel_gt_0p8_rate: 0.9334
Metrics/racket_target/base_pitch_like_signed: -0.0509
Metrics/racket_target/base_backward_velocity: 0.0511
Metrics/racket_target/waist_action_rms: 0.2731
Metrics/racket_target/right_arm_action_rms: 3.1007
Metrics/racket_target/leg_action_rms: 0.4230
Metrics/racket_target/action_abs_max: 5.7120
Metrics/racket_target/applied_action_abs_max: 5.5927
Metrics/racket_target/leg_action_abs_max: 0.8657
Metrics/racket_target/effective_action_abs_max: 5.5927
Metrics/racket_target/action_clamp_fraction: 0.0044
Metrics/racket_target/waist_action_clamp_fraction: 0.0000
Metrics/racket_target/right_arm_action_clamp_fraction: 0.0000
Metrics/racket_target/leg_action_clamp_fraction: 0.0114
Metrics/racket_target/waist_q_tracking_error_rms: 0.3603
Metrics/racket_target/right_arm_q_tracking_error_rms: 0.1608
Metrics/racket_target/leg_q_tracking_error_rms: 0.2028
Metrics/racket_target/waist_torque_clip_fraction: 0.0000
Metrics/racket_target/right_arm_torque_clip_fraction: 0.0000
Metrics/racket_target/leg_torque_clip_fraction: 0.0000
Metrics/racket_target/waist_action_delta_rms: 0.1368
Metrics/racket_target/right_arm_action_delta_rms: 0.8513
Metrics/racket_target/leg_action_delta_rms: 0.2574
Metrics/racket_target/waist_joint_vel_rms: 0.5610
Metrics/racket_target/right_arm_joint_vel_rms: 1.0798
Metrics/racket_target/leg_joint_vel_rms: 0.6048
Metrics/racket_target/recovery_leg_action_abs_max: 0.8218
Metrics/racket_target/recovery_leg_action_delta_rms: 0.2482
Metrics/racket_target/recovery_leg_joint_vel_rms: 0.5459
      Episode_Termination/time_out: 4.1250
  Episode_Termination/base_too_low: 0.0625
   Episode_Termination/base_tilted: 0.1250
   Episode_Termination/table_touch: 0.2500
Episode_Termination/persistent_action_overflow: 0.0000
--------------------------------------------------------------------------------
                   Total timesteps: 262144
                    Iteration time: 2.15s
                      Time elapsed: 00:00:08
                               ETA: 00:00:38

################################################################################
                     [1m Learning iteration 1804/1820 [0m                     

                       Computation: 30096 steps/s (collection: 2.162s, learning 0.015s)
             Mean action noise std: 0.45
          Mean value_function loss: 0.0802
               Mean surrogate loss: 0.0000
                 Mean entropy loss: 2.8121
      Mean critic_only_warmup loss: 1.0000
                       Mean reward: 4.26
               Mean episode length: 146.34
 Episode_Reward/undesired_contacts: 0.0000
  Episode_Reward/feet_contact_slip: -0.0010
     Episode_Reward/table_no_touch: -0.0011
              Episode_Reward/alive: 0.0028
            Episode_Reward/upright: -0.0029
          Episode_Reward/imitation: 0.1211
    Episode_Reward/racket_position: 0.0240
Episode_Reward/backhand_racket_position: 0.0095
    Episode_Reward/racket_velocity: 0.0156
Episode_Reward/planner_racket_task_space_crossfade: 0.0959
Episode_Reward/exact_impact_planner_task_space_alignment: 0.0025
    Episode_Reward/blade_direction: 0.0143
Episode_Reward/health_gated_soft_ball_contact: 0.0154
Episode_Reward/health_gated_backhand_soft_ball_contact: 0.0087
Episode_Reward/health_gated_ball_contact: 0.0029
Episode_Reward/healthy_trunk_support: 0.0265
Episode_Reward/targeted_strike_attempt: 0.0036
  Episode_Reward/strike_inactivity: -0.0000
 Episode_Reward/pre_strike_station: 0.0203
    Episode_Reward/recovery_health: 0.0161
Episode_Reward/no_command_ready_stability: 0.0009
Episode_Reward/post_strike_base_ang_vel: 0.0030
Episode_Reward/phase_action_overflow: -0.0001
     Episode_Reward/strike_balance: 0.0094
Episode_Reward/prestrike_station_progress: 0.0063
 Episode_Reward/lower_body_support: 0.0138
Episode_Reward/termination_penalty: -0.0212
Episode_Reward/phase_action_rate_waist: -0.0001
Episode_Reward/phase_action_rate_upper: -0.0019
Episode_Reward/phase_action_rate_legs: -0.0001
        Episode_Reward/joint_limit: -0.0103
Episode_Reward/prestrike_racket_progress: 0.0532
Episode_Reward/near_impact_planner_velocity_progress: 0.0142
Episode_Reward/operational_joint_margin: -0.0078
  Episode_Reward/joint_target_slew: -0.0097
Episode_Reward/actuator_waist_feasibility: -0.0000
Episode_Reward/actuator_right_arm_feasibility: -0.0000
Episode_Reward/actuator_leg_feasibility: -0.0000
Episode_Reward/terminal_quality_window: 0.0004
Episode_Reward/safe_terminal_quality: 0.0008
Episode_Reward/unsafe_terminal_recovery: -0.0000
Episode_Reward/capability_gated_safe_terminal_outcome: 0.0050
Episode_Reward/targeted_contact_miss: -0.0010
    Metrics/motion/error_joint_pos: 1.7953
    Metrics/motion/error_joint_vel: 8.1629
     Metrics/motion/error_body_pos: 0.1511
     Metrics/motion/error_body_rot: 0.6466
       Metrics/motion/motion_phase: 0.6777
            Metrics/motion/in_hold: 0.2163
Metrics/motion/motion_start_warmup_prob: 0.8000
Metrics/motion/motion_start_lifecycle_progress: 0.0000
Metrics/motion/motion_start_effective_prestrike_fraction: 1.0000
Metrics/motion/motion_start_effective_recovery_fraction: 0.0000
Metrics/motion/motion_start_effective_rsi_fraction: 0.0000
 Metrics/motion/motion_start_reset: 0.4942
Metrics/motion/motion_start_prestrike_reset: 0.0000
Metrics/motion/motion_start_recovery_reset: 0.0000
Metrics/motion/motion_start_rsi_reset: 0.0000
 Metrics/motion/single_cycle_reset: 0.0000
     Metrics/motion/motion_clip_id: 0.5064
Metrics/motion/motion_supplemental_clip: 0.0000
      Metrics/motion/stand_episode: 0.0315
Metrics/motion/default_stand_reset: 0.3209
Metrics/motion/error_body_pos_lower: 0.1424
Metrics/motion/error_body_rot_lower: 0.5168
Metrics/motion/error_body_lin_vel_lower: 0.2600
Metrics/motion/error_body_ang_vel_lower: 1.2730
Metrics/motion/reference_body_lin_speed_lower: 0.0130
Metrics/motion/robot_body_lin_speed_lower: 0.2561
Metrics/motion/error_body_pos_core: 0.0638
Metrics/motion/error_body_rot_core: 0.3815
Metrics/motion/error_body_lin_vel_core: 0.3877
Metrics/motion/error_body_ang_vel_core: 1.5112
Metrics/motion/reference_body_lin_speed_core: 0.0098
Metrics/motion/robot_body_lin_speed_core: 0.3842
Metrics/motion/error_body_pos_upper: 0.1889
Metrics/motion/error_body_rot_upper: 0.8648
Metrics/motion/error_body_lin_vel_upper: 1.1536
Metrics/motion/error_body_ang_vel_upper: 3.8294
Metrics/motion/reference_body_lin_speed_upper: 0.0174
Metrics/motion/robot_body_lin_speed_upper: 1.1556
Metrics/motion/error_joint_pos_waist: 0.3603
Metrics/motion/error_joint_vel_waist: 1.8568
Metrics/motion/reference_joint_speed_waist: 0.0122
Metrics/motion/error_joint_pos_arms: 1.5949
Metrics/motion/error_joint_vel_arms: 7.2195
Metrics/motion/reference_joint_speed_arms: 0.0413
Metrics/motion/error_joint_pos_legs: 0.6761
Metrics/motion/error_joint_vel_legs: 2.7699
Metrics/motion/reference_joint_speed_legs: 0.0032
Metrics/racket_target/racket_pos_error: 0.1067
Metrics/racket_target/racket_vel_error: 1.2207
Metrics/racket_target/time_to_strike: -0.7626
Metrics/racket_target/return_success: 0.0201
Metrics/racket_target/prev_return_success: 0.0156
Metrics/racket_target/prev_net_cross: 0.1240
Metrics/racket_target/current_net_cross: 0.4791
Metrics/racket_target/racket_pos_curriculum_scale: 1.0000
Metrics/racket_target/impact_inverse_command_blend: 0.0000
Metrics/racket_target/steps_since_target_resample: 111.7315
Metrics/racket_target/recovery_height_error: 0.0443
Metrics/racket_target/recovery_upright_error: 0.1367
Metrics/racket_target/recovery_base_lin_vel: 0.2941
Metrics/racket_target/recovery_base_ang_vel: 1.1710
Metrics/racket_target/recovery_station_error: 0.1230
Metrics/racket_target/recovery_feet_contact_frac: 0.9574
Metrics/racket_target/recovery_racket_speed: 2.8916
Metrics/racket_target/recovery_height_score: 0.8389
Metrics/racket_target/recovery_upright_score: 0.7996
Metrics/racket_target/recovery_lin_vel_score: 0.6263
Metrics/racket_target/recovery_ang_vel_score: 0.3310
Metrics/racket_target/recovery_station_score: 0.7842
Metrics/racket_target/recovery_racket_score: 0.0534
Metrics/racket_target/recovery_arm_score: 0.4720
Metrics/racket_target/recovery_ready_score: 0.6592
Metrics/racket_target/recovery_anchor_arm_score: 1.0000
Metrics/racket_target/recovery_core_ready_score: 0.5764
Metrics/racket_target/recovery_functional_ready_score: 0.4885
Metrics/racket_target/waist_action_overflow_rms: 0.0000
Metrics/racket_target/right_arm_action_overflow_rms: 0.0069
Metrics/racket_target/leg_action_overflow_rms: 0.0173
Metrics/racket_target/operational_margin_fraction: 0.0121
Metrics/racket_target/waist_operational_margin_fraction: 0.0058
Metrics/racket_target/right_arm_operational_margin_fraction: 0.0042
Metrics/racket_target/leg_operational_margin_fraction: 0.0272
Metrics/racket_target/waist_operational_excess_rms: 0.0004
Metrics/racket_target/right_arm_operational_excess_rms: 0.0009
Metrics/racket_target/leg_operational_excess_rms: 0.0109
Metrics/racket_target/q_des_velocity_violation_fraction: 0.0752
Metrics/racket_target/waist_q_des_velocity_violation_fraction: 0.0224
Metrics/racket_target/right_arm_q_des_velocity_violation_fraction: 0.1123
Metrics/racket_target/leg_q_des_velocity_violation_fraction: 0.0929
Metrics/racket_target/q_des_acceleration_violation_fraction: 0.6845
Metrics/racket_target/waist_q_des_acceleration_violation_fraction: 0.5764
Metrics/racket_target/right_arm_q_des_acceleration_violation_fraction: 0.7817
Metrics/racket_target/leg_q_des_acceleration_violation_fraction: 0.7452
Metrics/racket_target/waist_q_des_velocity_rms: 4.0392
Metrics/racket_target/right_arm_q_des_velocity_rms: 8.4084
Metrics/racket_target/leg_q_des_velocity_rms: 6.7379
Metrics/racket_target/waist_q_des_acceleration_rms: 305.4869
Metrics/racket_target/right_arm_q_des_acceleration_rms: 679.8612
Metrics/racket_target/leg_q_des_acceleration_rms: 585.4113
Metrics/racket_target/action_operational_feasibility_score: 0.8805
Metrics/racket_target/actuator_overflow_consecutive_steps: 0.0000
Metrics/racket_target/actuator_overflow_severe: 0.0000
Metrics/racket_target/recovery_phase_gate: 0.9725
Metrics/racket_target/recovery_phase_ready_score: 0.6573
Metrics/racket_target/recovery_contact_ready_score: 0.3641
Metrics/racket_target/recovery_net_ready_score: 0.3612
Metrics/racket_target/recovery_return_ready_score: 0.0036
Metrics/racket_target/cycle_success_ready_score: 0.0104
Metrics/racket_target/cycle_success_soft: 0.0032
Metrics/racket_target/cycle_success_binary: 0.0000
Metrics/racket_target/cycle_v2_pending: 0.0000
Metrics/racket_target/cycle_v2_attempt_latch: 0.0000
Metrics/racket_target/cycle_v2_ready_success_latch: 0.0000
Metrics/racket_target/cycle_v2_ready_fail_latch: 0.0000
Metrics/racket_target/cycle_v2_attempt_event: 0.0000
Metrics/racket_target/cycle_v2_ready_success_event: 0.0000
Metrics/racket_target/cycle_v2_ready_fail_event: 0.0000
Metrics/racket_target/cycle_v2_unresolved_resample_fail_event: 0.0000
Metrics/racket_target/cycle_v2_resolved_event: 0.0000
Metrics/racket_target/cycle_v2_command_visible_steps: 0.0000
Metrics/racket_target/cycle_v2_elapsed_steps: 0.0000
Metrics/racket_target/cycle_v2_ready_score: 0.0000
Metrics/racket_target/cycle_v2_ready_ok: 0.0000
Metrics/racket_target/cycle_v2_visible: 0.0000
Metrics/racket_target/cycle_v2_ready_score_ok: 0.0000
Metrics/racket_target/cycle_v2_height_ok: 0.0000
Metrics/racket_target/cycle_v2_upright_ok: 0.0000
Metrics/racket_target/cycle_v2_base_lin_vel_ok: 0.0000
Metrics/racket_target/cycle_v2_base_ang_vel_ok: 0.0000
Metrics/racket_target/cycle_v2_feet_ok: 0.0000
Metrics/racket_target/cycle_v2_core_ready_ok: 0.0000
Metrics/racket_target/cycle_v2_ready_consecutive_steps: 0.0000
Metrics/racket_target/single_cycle_bootstrap: 0.0000
Metrics/racket_target/single_cycle_swing_completed: 0.0000
Metrics/racket_target/single_cycle_recovery_active: 0.0000
Metrics/racket_target/single_cycle_recovery_elapsed_steps: 0.0000
Metrics/racket_target/single_cycle_ready_consecutive_steps: 0.0000
Metrics/racket_target/single_cycle_safe_timeout_event: 0.0000
Metrics/racket_target/single_cycle_deadline_timeout_event: 0.0000
Metrics/racket_target/single_cycle_timeout_latch: 0.0000
Metrics/racket_target/single_cycle_hard_failure_event: 0.0000
Metrics/racket_target/single_cycle_probability: 0.0000
Metrics/racket_target/single_cycle_curriculum_level: 0.0000
Metrics/racket_target/single_cycle_effective_deadline_steps: 100.0000
Metrics/racket_target/single_cycle_selected_events: 0.0000
Metrics/racket_target/single_cycle_completed_events: 0.0000
Metrics/racket_target/single_cycle_safe_timeout_events: 0.0000
Metrics/racket_target/single_cycle_deadline_timeout_events: 0.0000
Metrics/racket_target/single_cycle_hard_failure_events: 0.0000
Metrics/racket_target/active_ready_consecutive_steps: 0.0547
Metrics/racket_target/active_ready_success_event: 0.0000
Metrics/racket_target/active_ready_success_latch: 0.0000
Metrics/racket_target/active_ready_survival_steps: 0.0000
Metrics/racket_target/active_ready_survival_next_milestone: 0.0000
Metrics/racket_target/active_ready_survival_milestone_event: 0.0000
Metrics/racket_target/no_command_ready_active: 0.0412
Metrics/racket_target/no_command_from_stand_episode: 0.0315
Metrics/racket_target/no_command_from_default_stand_reset: 0.0315
Metrics/racket_target/no_command_ready_upright_ok: 0.0342
Metrics/racket_target/no_command_ready_motion_ok: 0.0078
Metrics/racket_target/no_command_ready_score: 0.0236
Metrics/racket_target/no_command_ready_progress: -0.0127
Metrics/racket_target/no_command_ready_station_error: 0.0036
Metrics/racket_target/no_command_ready_fixed_station_error: 0.0036
Metrics/racket_target/healthy_training_stage: 3.0000
Metrics/racket_target/healthy_stage_planted_rehearsal: 0.0000
Metrics/racket_target/healthy_stage_station_hold_seen: 0.0000
Metrics/racket_target/healthy_stage_station_arrived: 0.0000
Metrics/racket_target/healthy_stage_station_settled: 0.0000
Metrics/racket_target/healthy_stage_station_settle_steps: 0.0000
Metrics/racket_target/station_relocation_active: 0.0000
Metrics/racket_target/station_relocation_target_offset_y: 0.0000
Metrics/racket_target/station_relocation_error: 0.0000
Metrics/racket_target/station_relocation_arrival_event: 0.0000
Metrics/racket_target/station_relocation_settle_event: 0.0000
Metrics/racket_target/station_relocation_release_event: 0.0000
Metrics/racket_target/station_relocation_timeout_event: 0.0000
Metrics/racket_target/station_relocation_elapsed_steps: 0.0000
Metrics/racket_target/station_relocation_hold_deadline_steps: 0.0000
Metrics/racket_target/lifecycle_recovery_hold_active: 0.0000
Metrics/racket_target/lifecycle_recovery_release_success_event: 0.0000
Metrics/racket_target/lifecycle_recovery_release_fail_event: 0.0000
Metrics/racket_target/station_relocation_level: 0.0000
Metrics/racket_target/station_relocation_arrival_ema: 0.0000
Metrics/racket_target/station_relocation_settle_ema: 0.0000
Metrics/racket_target/station_relocation_contact_ema: 0.0000
Metrics/racket_target/station_relocation_safety_ema: 0.0000
Metrics/racket_target/station_relocation_resolved_events: 0.0000
Metrics/racket_target/station_relocation_terminal_reset_events: 0.0000
Metrics/racket_target/station_relocation_advance_streak: 0.0000
Metrics/racket_target/station_relocation_regress_streak: 0.0000
Metrics/racket_target/station_relocation_effective_max_lin_vel: 0.0000
Metrics/racket_target/station_relocation_effective_max_ang_vel: 0.0000
Metrics/racket_target/station_relocation_effective_min_settle_steps: 0.0000
Metrics/racket_target/ability_curriculum_level: 0.0000
Metrics/racket_target/ability_curriculum_scale: 1.0000
Metrics/racket_target/ability_curriculum_resolved_events: 286.7500
Metrics/racket_target/ability_curriculum_total_resolved_events: 286.7500
Metrics/racket_target/ability_curriculum_advance_streak: 0.0000
Metrics/racket_target/ability_curriculum_regress_streak: 0.0000
Metrics/racket_target/ability_contact_ema: 0.1836
Metrics/racket_target/ability_net_ema: 0.1823
Metrics/racket_target/ability_success_ema: 0.0027
Metrics/racket_target/ability_recovery_ema: 0.2019
Metrics/racket_target/ability_cycle_ema: 0.0027
Metrics/racket_target/ability_cycle_attempt_ema: 0.0027
Metrics/racket_target/ability_cycle_resolved_ema: 0.0000
Metrics/racket_target/ability_forehand_contact_ema: 0.1947
Metrics/racket_target/ability_forehand_net_ema: 0.1939
Metrics/racket_target/ability_forehand_success_ema: 0.0013
Metrics/racket_target/ability_backhand_contact_ema: 0.1743
Metrics/racket_target/ability_backhand_net_ema: 0.1727
Metrics/racket_target/ability_backhand_success_ema: 0.0036
Metrics/racket_target/ability_attempt_ema: 0.2500
Metrics/racket_target/ability_targeted_attempt_ema: 0.2498
Metrics/racket_target/impact_health_floor_progress: 0.0000
Metrics/racket_target/ability_safety_ema: 0.9951
Metrics/racket_target/ability_station_saturation_ema: 0.0000
Metrics/racket_target/ability_healthy_normal_ema: 0.2500
Metrics/racket_target/ability_station_arrival_ema: 0.0000
Metrics/racket_target/ability_station_settle_ema: 0.0000
Metrics/racket_target/safe_outcome_capability_gate: 0.1701
Metrics/racket_target/planner_hit_plane_blend: 1.0000
Metrics/racket_target/planner_hit_plane_x_delta: 0.0357
Metrics/racket_target/true_strike_table_x: 0.2000
Metrics/racket_target/planner_target_table_x: 0.2000
Metrics/racket_target/workspace_level: 0.0000
Metrics/racket_target/workspace_fringe_sample: 0.0000
Metrics/racket_target/workspace_target_lateral_norm: 0.3523
Metrics/racket_target/workspace_target_table_y: -0.2545
Metrics/racket_target/workspace_playable_y_min: -0.7225
Metrics/racket_target/workspace_playable_y_max: 0.7225
Metrics/racket_target/workspace_active_y_lo: -0.3224
Metrics/racket_target/workspace_active_y_hi: -0.1876
Metrics/racket_target/workspace_motion_seed_blend: 0.0000
Metrics/racket_target/planner_perturb_curriculum_scale: 1.0000
Metrics/racket_target/incoming_ball_horizontal_speed: 2.2399
Metrics/racket_target/incoming_ball_speed: 4.6308
Metrics/racket_target/incoming_ball_speed_curriculum_level: 0.0000
Metrics/racket_target/incoming_ball_speed_sample_low: 0.0000
Metrics/racket_target/incoming_ball_speed_sample_high: 0.0000
Metrics/racket_target/station_saturated: 0.0000
Metrics/racket_target/station_raw_clip_excess: 0.0000
Metrics/racket_target/station_saturated_x: 0.0000
Metrics/racket_target/station_saturated_y: 0.0000
Metrics/racket_target/station_raw_clip_excess_x: 0.0000
Metrics/racket_target/station_raw_clip_excess_y: 0.0000
Metrics/racket_target/current_swing_opportunity: 0.7562
Metrics/racket_target/current_swing_attempt: 0.7562
Metrics/racket_target/current_swing_targeted_attempt: 0.7517
Metrics/racket_target/prev_swing_targeted_attempt: 0.1848
Metrics/racket_target/current_swing_unsafe: 0.0801
Metrics/racket_target/current_swing_station_saturated: 0.0000
Metrics/racket_target/impact_health_score: 0.8162
Metrics/racket_target/impact_health_ok: 0.8202
Metrics/racket_target/impact_health_backlean_violation: 0.0069
Metrics/racket_target/impact_health_waist_backfold: 0.0008
Metrics/racket_target/impact_health_base_retreat: 0.0318
Metrics/racket_target/impact_health_torso_gravity_x: 0.4073
Metrics/racket_target/impact_health_torso_ang_vel: 0.7752
Metrics/racket_target/impact_health_com_x: 0.0759
Metrics/racket_target/impact_health_com_y: 0.0505
Metrics/racket_target/post_contact_ready_pending: 0.0000
Metrics/racket_target/post_contact_ready_elapsed_steps: 2.5453
Metrics/racket_target/post_contact_ready_consecutive_steps: 0.0000
Metrics/racket_target/post_contact_ready_diagnostic_pending: 0.0000
Metrics/racket_target/post_contact_ready_diagnostic_elapsed_steps: 18.3525
Metrics/racket_target/post_contact_ready_durable_pending: 0.0000
Metrics/racket_target/post_contact_ready_durable_consecutive_steps: 0.0000
Metrics/racket_target/post_contact_ready_durable_ready_now: 0.0000
Metrics/racket_target/post_contact_ready_durable_success_event: 0.0000
Metrics/racket_target/post_contact_ready_durable_fail_event: 0.0000
Metrics/racket_target/post_contact_ready_durable_resolution_success_rate: 0.1881
Metrics/racket_target/post_contact_ready_durable_resolution_fail_rate: 0.7499
Metrics/racket_target/post_contact_ready_durable_resolution_success_latency_steps: 35.0000
Metrics/racket_target/post_contact_ready_durable_resolution_fail_latency_steps: 33.3167
Metrics/racket_target/post_contact_ready_durable_fail_backlean_rate: 0.0567
Metrics/racket_target/post_contact_ready_durable_fail_forward_lean_rate: 0.9132
Metrics/racket_target/post_contact_ready_durable_fail_torso_ang_vel_rate: 0.0567
Metrics/racket_target/post_contact_ready_durable_fail_base_lin_vel_rate: 0.0577
Metrics/racket_target/post_contact_ready_durable_fail_base_ang_vel_rate: 0.3652
Metrics/racket_target/post_contact_ready_durable_fail_racket_speed_rate: 0.0567
Metrics/racket_target/post_contact_ready_durable_fail_height_rate: 0.0567
Metrics/racket_target/post_contact_ready_durable_fail_com_x_rate: 0.0596
Metrics/racket_target/post_contact_ready_durable_fail_com_y_rate: 0.0567
Metrics/racket_target/post_contact_ready_durable_fail_feet_rate: 0.0567
Metrics/racket_target/post_contact_ready_durable_fail_station_rate: 0.0577
Metrics/racket_target/post_contact_ready_durable_fail_arm_rate: 0.0567
Metrics/racket_target/post_contact_ready_terminal_window_active: 0.0000
Metrics/racket_target/post_contact_ready_terminal_quality: 0.4102
Metrics/racket_target/post_contact_ready_terminal_settlement_event: 0.0000
Metrics/racket_target/post_contact_ready_operational_ready_now: 0.0000
Metrics/racket_target/post_contact_ready_operational_consecutive_steps: 0.0000
Metrics/racket_target/post_contact_ready_safe_settlement_event: 0.0000
Metrics/racket_target/post_contact_ready_unsafe_settlement_event: 0.0000
Metrics/racket_target/post_contact_ready_incomplete_settlement_event: 0.0000
Metrics/racket_target/post_contact_ready_safe_net_cycle_event: 0.0000
Metrics/racket_target/post_contact_ready_terminal_quality_mean: 0.9156
Metrics/racket_target/post_contact_ready_safe_terminal_quality_mean: 0.9250
Metrics/racket_target/post_contact_ready_terminal_safe_rate: 0.7234
Metrics/racket_target/post_contact_ready_terminal_unsafe_rate: 0.0322
Metrics/racket_target/post_contact_ready_terminal_incomplete_rate: 0.2444
Metrics/racket_target/post_contact_ready_safe_net_cycle_rate: 0.7157
Metrics/racket_target/post_contact_ready_score: 0.5706
Metrics/racket_target/post_contact_ready_now: 0.0000
Metrics/racket_target/post_contact_ready_success_event: 0.0000
Metrics/racket_target/post_contact_ready_fail_event: 0.0000
Metrics/racket_target/post_contact_ready_outcome_tier: -0.0335
Metrics/racket_target/post_contact_ready_face_quality: 0.4366
Metrics/racket_target/post_contact_ready_safe_face_net_cycle_value: 0.0000
Metrics/racket_target/post_contact_ready_planner_speed_ratio: 0.4476
Metrics/racket_target/post_contact_ready_planner_direction_error_rad: 0.1081
Metrics/racket_target/post_contact_ready_planner_position_error: 0.0267
Metrics/racket_target/post_contact_ready_impact_health_score: 0.4367
Metrics/racket_target/post_contact_ready_peak_base_ang_vel: 0.7074
Metrics/racket_target/post_contact_ready_peak_ang_vel_excess_increment: 0.0000
Metrics/racket_target/post_contact_ready_envelope_violation_latch: 0.0312
Metrics/racket_target/post_contact_ready_envelope_violation_event: 0.0000
Metrics/racket_target/post_contact_ready_envelope_first_violation_step: -0.7812
Metrics/racket_target/post_contact_ready_envelope_attempts: 1410.4688
Metrics/racket_target/post_contact_ready_envelope_violation_rate: 0.0335
Metrics/racket_target/post_contact_ready_envelope_tilt_violation_rate: 0.0000
Metrics/racket_target/post_contact_ready_envelope_pitch_violation_rate: 0.0000
Metrics/racket_target/post_contact_ready_envelope_com_violation_rate: 0.0014
Metrics/racket_target/post_contact_ready_envelope_waist_violation_rate: 0.0000
Metrics/racket_target/post_contact_ready_envelope_leg_violation_rate: 0.0000
Metrics/racket_target/post_contact_ready_envelope_base_ang_vel_violation_rate: 0.0328
Metrics/racket_target/post_contact_ready_resolution_success_rate: 0.9764
Metrics/racket_target/post_contact_ready_resolution_fail_rate: 0.0142
Metrics/racket_target/post_contact_ready_resolution_success_latency_steps: 4.8933
Metrics/racket_target/post_contact_ready_resolution_fail_latency_steps: 12.9000
Metrics/racket_target/post_contact_ready_max_tilt: 0.0956
Metrics/racket_target/post_contact_ready_max_abs_pitch: 0.0950
Metrics/racket_target/post_contact_ready_max_com_x: 0.0175
Metrics/racket_target/post_contact_ready_max_com_y: 0.0136
Metrics/racket_target/post_contact_ready_max_waist_overflow: 0.0000
Metrics/racket_target/post_contact_ready_max_leg_overflow: 0.0046
Metrics/racket_target/post_contact_ready_settlement_velocity_score_ema: 0.7099
Metrics/racket_target/post_contact_ready_settlement_position_gate_ema: 0.7823
Metrics/racket_target/post_contact_ready_settlement_health_gate_ema: 0.9761
Metrics/racket_target/post_contact_ready_settlement_recovery_gate_ema: 0.4510
Metrics/racket_target/post_contact_ready_settlement_total_score_ema: 0.2498
Metrics/racket_target/post_contact_recovery_backlean_error: 0.1110
Metrics/racket_target/post_contact_recovery_directional_progress: 0.0000
Metrics/racket_target/post_contact_ready_torso_ok: 0.0490
Metrics/racket_target/post_contact_ready_motion_ok: 0.4884
Metrics/racket_target/post_contact_ready_support_ok: 0.8317
Metrics/racket_target/post_contact_ready_arm_ok: 1.0000
Metrics/racket_target/post_contact_ready_base_lin_vel_ok: 0.8285
Metrics/racket_target/post_contact_ready_base_ang_vel_ok: 0.7762
Metrics/racket_target/post_contact_ready_racket_speed_ok: 0.5772
Metrics/racket_target/post_contact_ready_height_ok: 0.9199
Metrics/racket_target/post_contact_ready_com_x_ok: 0.8439
Metrics/racket_target/post_contact_ready_com_y_ok: 0.9199
Metrics/racket_target/post_contact_ready_feet_ok: 0.9833
Metrics/racket_target/post_contact_ready_station_ok: 0.8554
Metrics/racket_target/post_contact_ready_fail_torso: 0.0000
Metrics/racket_target/post_contact_ready_fail_base_lin_vel: 0.0000
Metrics/racket_target/post_contact_ready_fail_base_ang_vel: 0.0000
Metrics/racket_target/post_contact_ready_fail_racket_speed: 0.0000
Metrics/racket_target/post_contact_ready_fail_support: 0.0000
Metrics/racket_target/post_contact_ready_fail_arm: 0.0000
Metrics/racket_target/post_contact_ready_shadow_now: 0.0000
Metrics/racket_target/post_contact_ready_shadow_consecutive_steps: 0.0000
Metrics/racket_target/post_contact_ready_shadow_success_latch: 0.0000
Metrics/racket_target/post_contact_ready_curriculum_level: 0.0000
Metrics/racket_target/post_contact_ready_curriculum_fraction: 1.0000
Metrics/racket_target/post_contact_ready_curriculum_success_ema: 0.0000
Metrics/racket_target/post_contact_ready_curriculum_shadow_success_ema: 0.0000
Metrics/racket_target/post_contact_ready_curriculum_resolved_events: 0.0000
Metrics/racket_target/post_contact_ready_curriculum_successful_events: 0.0000
Metrics/racket_target/post_contact_ready_curriculum_targeted_attempt_ema: 0.0000
Metrics/racket_target/post_contact_ready_curriculum_return_success_ema: 0.0000
Metrics/racket_target/post_contact_ready_curriculum_completed_swings: 0.0000
Metrics/racket_target/post_contact_ready_curriculum_advance_streak: 0.0000
Metrics/racket_target/post_contact_ready_curriculum_advance_guard_ok: 0.0000
Metrics/racket_target/post_contact_ready_effective_max_torso_ang_vel: 1.5000
Metrics/racket_target/post_contact_ready_effective_torso_x_min: -0.1200
Metrics/racket_target/post_contact_ready_effective_torso_x_max: 0.3200
Metrics/racket_target/post_contact_ready_effective_max_base_lin_vel: 0.4500
Metrics/racket_target/post_contact_ready_effective_max_base_ang_vel: 1.3000
Metrics/racket_target/post_contact_ready_effective_max_racket_speed: 3.0000
Metrics/racket_target/post_contact_ready_effective_min_feet_contact: 0.5000
Metrics/racket_target/post_contact_ready_effective_required_consecutive_steps: 3.0000
Metrics/racket_target/post_contact_ready_effective_deadline_steps: 40.0000
Metrics/racket_target/post_contact_ready_curriculum_advance_threshold: 1.0000
Metrics/racket_target/post_contact_ready_curriculum_advance_min_events: 0.0000
Metrics/racket_target/post_contact_ready_curriculum_shadow_threshold: 1.0000
Metrics/racket_target/post_contact_ready_curriculum_min_targeted_attempt_ema: 0.0000
Metrics/racket_target/post_contact_ready_curriculum_min_return_success_ema: 0.0000
Metrics/racket_target/post_contact_ready_curriculum_min_completed_swings: 1.0000
Metrics/racket_target/post_contact_ready_curriculum_required_advance_checks: 1.0000
Metrics/racket_target/racket_normal_error_deg: 76.1701
Metrics/racket_target/impact_normal_error_deg: 9.0857
Metrics/racket_target/impact_racket_vel_error_mps: 0.5432
Metrics/racket_target/impact_racket_speed_ratio: 0.8826
Metrics/racket_target/impact_racket_vel_angle_deg: 13.4175
Metrics/racket_target/impact_racket_actual_vel_x: 0.9686
Metrics/racket_target/impact_racket_actual_vel_y: 0.1830
Metrics/racket_target/impact_racket_actual_vel_z: 1.2801
Metrics/racket_target/impact_racket_target_vel_x: 1.1781
Metrics/racket_target/impact_racket_target_vel_y: -0.0037
Metrics/racket_target/impact_racket_target_vel_z: 1.3183
Metrics/racket_target/impact_ball_out_error_mps: 4.3966
Metrics/racket_target/impact_face_radial_error_m: 0.0486
Metrics/racket_target/impact_face_normal_gap_m: 0.0562
Metrics/racket_target/impact_face_quality: 0.7499
Metrics/racket_target/impact_center_contact: 0.0000
Metrics/racket_target/impact_center_net_cross: 0.0000
Metrics/racket_target/impact_center_on_opponent: 0.0000
Metrics/racket_target/impact_rim_contact: 0.0000
Metrics/racket_target/impact_rim_net_cross: 0.0000
Metrics/racket_target/impact_rim_on_opponent: 0.0000
Metrics/racket_target/impact_analytic_outer_contact: 0.0000
Metrics/racket_target/impact_analytic_outer_net_cross: 0.0000
Metrics/racket_target/impact_analytic_outer_on_opponent: 0.0000
Metrics/racket_target/impact_planner_pos_error_m: 0.0799
Metrics/racket_target/impact_planner_vel_error_mps: 0.5432
Metrics/racket_target/impact_planner_speed_ratio: 0.8826
Metrics/racket_target/impact_planner_vel_angle_deg: 13.4175
Metrics/racket_target/impact_healthy_normal_ok: 0.0000
Metrics/racket_target/impact_healthy_contact: 0.0000
Metrics/racket_target/impact_healthy_net_cross: 0.0000
Metrics/racket_target/impact_healthy_on_opponent: 0.0000
Metrics/racket_target/current_swing_impact_health_score: 0.4367
Metrics/racket_target/current_swing_healthy_contact: 0.4830
Metrics/racket_target/current_swing_healthy_net_cross: 0.4791
Metrics/racket_target/current_swing_healthy_on_opponent: 0.0045
Metrics/racket_target/current_swing_healthy_normal_ok: 0.7517
Metrics/racket_target/current_swing_contact: 0.4830
Metrics/racket_target/current_swing_net_cross: 0.4791
Metrics/racket_target/current_swing_on_opponent: 0.0045
Metrics/racket_target/current_swing_center_contact: 0.4355
Metrics/racket_target/current_swing_center_net_cross: 0.4316
Metrics/racket_target/current_swing_center_on_opponent: 0.0045
Metrics/racket_target/current_swing_rim_contact: 0.0474
Metrics/racket_target/current_swing_rim_net_cross: 0.0474
Metrics/racket_target/current_swing_rim_on_opponent: 0.0000
Metrics/racket_target/current_swing_analytic_outer_contact: 0.0000
Metrics/racket_target/current_swing_analytic_outer_net_cross: 0.0000
Metrics/racket_target/current_swing_analytic_outer_on_opponent: 0.0000
Metrics/racket_target/cycle_v2_outcome_tier: -1.0000
Metrics/racket_target/cycle_v2_streak: 0.0000
Metrics/racket_target/closed_loop_recovery_trigger_event: 0.0000
Metrics/racket_target/closed_loop_cycle_success_event: 0.0000
Metrics/racket_target/closed_loop_durable_cycle_success_event: 0.0000
Metrics/racket_target/closed_loop_phase_id: 1.6838
Metrics/racket_target/closed_loop_phase_ready_no_command: 0.0412
Metrics/racket_target/closed_loop_phase_command_acquire: 0.2339
Metrics/racket_target/closed_loop_phase_pre_strike: 0.7250
Metrics/racket_target/closed_loop_phase_strike: 0.0000
Metrics/racket_target/closed_loop_phase_follow_through: 0.0000
Metrics/racket_target/closed_loop_phase_recovery: 0.0000
Metrics/racket_target/closed_loop_phase_next_ready: 0.0000
Metrics/racket_target/post_contact_phase_impact_0_100ms_attempts: 1410.4688
Metrics/racket_target/post_contact_phase_impact_0_100ms_tilt_gt_0p1_rate: 1.0000
Metrics/racket_target/post_contact_phase_impact_0_100ms_pitch_gt_0p1_rate: 1.0000
Metrics/racket_target/post_contact_phase_impact_0_100ms_waist_overflow_gt_1p0_rate: 0.0000
Metrics/racket_target/post_contact_phase_impact_0_100ms_base_ang_vel_gt_0p8_rate: 0.9853
Metrics/racket_target/post_contact_phase_brake_100_300ms_attempts: 1381.7188
Metrics/racket_target/post_contact_phase_brake_100_300ms_tilt_gt_0p1_rate: 0.9986
Metrics/racket_target/post_contact_phase_brake_100_300ms_pitch_gt_0p1_rate: 0.9978
Metrics/racket_target/post_contact_phase_brake_100_300ms_waist_overflow_gt_1p0_rate: 0.0000
Metrics/racket_target/post_contact_phase_brake_100_300ms_base_ang_vel_gt_0p8_rate: 0.9965
Metrics/racket_target/post_contact_phase_settle_300_600ms_attempts: 1331.4062
Metrics/racket_target/post_contact_phase_settle_300_600ms_tilt_gt_0p1_rate: 0.7420
Metrics/racket_target/post_contact_phase_settle_300_600ms_pitch_gt_0p1_rate: 0.6774
Metrics/racket_target/post_contact_phase_settle_300_600ms_waist_overflow_gt_1p0_rate: 0.0000
Metrics/racket_target/post_contact_phase_settle_300_600ms_base_ang_vel_gt_0p8_rate: 0.9892
Metrics/racket_target/post_contact_phase_ready_after_600ms_attempts: 1244.8125
Metrics/racket_target/post_contact_phase_ready_after_600ms_tilt_gt_0p1_rate: 0.4642
Metrics/racket_target/post_contact_phase_ready_after_600ms_pitch_gt_0p1_rate: 0.3673
Metrics/racket_target/post_contact_phase_ready_after_600ms_waist_overflow_gt_1p0_rate: 0.0000
Metrics/racket_target/post_contact_phase_ready_after_600ms_base_ang_vel_gt_0p8_rate: 0.9398
Metrics/racket_target/base_pitch_like_signed: 0.0280
Metrics/racket_target/base_backward_velocity: 0.0298
Metrics/racket_target/waist_action_rms: 0.4321
Metrics/racket_target/right_arm_action_rms: 2.7219
Metrics/racket_target/leg_action_rms: 0.4884
Metrics/racket_target/action_abs_max: 5.3454
Metrics/racket_target/applied_action_abs_max: 4.9787
Metrics/racket_target/leg_action_abs_max: 1.0020
Metrics/racket_target/effective_action_abs_max: 4.9674
Metrics/racket_target/action_clamp_fraction: 0.0070
Metrics/racket_target/waist_action_clamp_fraction: 0.0000
Metrics/racket_target/right_arm_action_clamp_fraction: 0.0028
Metrics/racket_target/leg_action_clamp_fraction: 0.0165
Metrics/racket_target/waist_q_tracking_error_rms: 0.3393
Metrics/racket_target/right_arm_q_tracking_error_rms: 0.2233
Metrics/racket_target/leg_q_tracking_error_rms: 0.2105
Metrics/racket_target/waist_torque_clip_fraction: 0.0000
Metrics/racket_target/right_arm_torque_clip_fraction: 0.0000
Metrics/racket_target/leg_torque_clip_fraction: 0.0000
Metrics/racket_target/waist_action_delta_rms: 0.1791
Metrics/racket_target/right_arm_action_delta_rms: 0.9297
Metrics/racket_target/leg_action_delta_rms: 0.2594
Metrics/racket_target/waist_joint_vel_rms: 1.0739
Metrics/racket_target/right_arm_joint_vel_rms: 2.2974
Metrics/racket_target/leg_joint_vel_rms: 0.7996
Metrics/racket_target/recovery_leg_action_abs_max: 0.9682
Metrics/racket_target/recovery_leg_action_delta_rms: 0.2496
Metrics/racket_target/recovery_leg_joint_vel_rms: 0.7480
      Episode_Termination/time_out: 3.9062
  Episode_Termination/base_too_low: 0.0625
   Episode_Termination/base_tilted: 0.3750
   Episode_Termination/table_touch: 0.4375
Episode_Termination/persistent_action_overflow: 0.0000
--------------------------------------------------------------------------------
                   Total timesteps: 327680
                    Iteration time: 2.18s
                      Time elapsed: 00:00:11
                               ETA: 00:00:35

################################################################################
                     [1m Learning iteration 1805/1820 [0m                     

                       Computation: 28775 steps/s (collection: 2.262s, learning 0.015s)
             Mean action noise std: 0.45
          Mean value_function loss: 0.1969
               Mean surrogate loss: 0.0000
                 Mean entropy loss: 2.8121
      Mean critic_only_warmup loss: 1.0000
                       Mean reward: 4.87
               Mean episode length: 177.32
 Episode_Reward/undesired_contacts: -0.0000
  Episode_Reward/feet_contact_slip: -0.0012
     Episode_Reward/table_no_touch: -0.0007
              Episode_Reward/alive: 0.0034
            Episode_Reward/upright: -0.0030
          Episode_Reward/imitation: 0.1388
    Episode_Reward/racket_position: 0.0246
Episode_Reward/backhand_racket_position: 0.0108
    Episode_Reward/racket_velocity: 0.0159
Episode_Reward/planner_racket_task_space_crossfade: 0.0982
Episode_Reward/exact_impact_planner_task_space_alignment: 0.0027
    Episode_Reward/blade_direction: 0.0146
Episode_Reward/health_gated_soft_ball_contact: 0.0157
Episode_Reward/health_gated_backhand_soft_ball_contact: 0.0097
Episode_Reward/health_gated_ball_contact: 0.0031
Episode_Reward/healthy_trunk_support: 0.0258
Episode_Reward/targeted_strike_attempt: 0.0036
  Episode_Reward/strike_inactivity: -0.0000
 Episode_Reward/pre_strike_station: 0.0266
    Episode_Reward/recovery_health: 0.0206
Episode_Reward/no_command_ready_stability: 0.0008
Episode_Reward/post_strike_base_ang_vel: 0.0038
Episode_Reward/phase_action_overflow: -0.0001
     Episode_Reward/strike_balance: 0.0094
Episode_Reward/prestrike_station_progress: 0.0070
 Episode_Reward/lower_body_support: 0.0139
Episode_Reward/termination_penalty: -0.0159
Episode_Reward/phase_action_rate_waist: -0.0001
Episode_Reward/phase_action_rate_upper: -0.0024
Episode_Reward/phase_action_rate_legs: -0.0001
        Episode_Reward/joint_limit: -0.0129
Episode_Reward/prestrike_racket_progress: 0.0774
Episode_Reward/near_impact_planner_velocity_progress: 0.0146
Episode_Reward/operational_joint_margin: -0.0062
  Episode_Reward/joint_target_slew: -0.0123
Episode_Reward/actuator_waist_feasibility: -0.0000
Episode_Reward/actuator_right_arm_feasibility: -0.0000
Episode_Reward/actuator_leg_feasibility: -0.0000
Episode_Reward/terminal_quality_window: 0.0005
Episode_Reward/safe_terminal_quality: 0.0008
Episode_Reward/unsafe_terminal_recovery: -0.0000
Episode_Reward/capability_gated_safe_terminal_outcome: 0.0052
Episode_Reward/targeted_contact_miss: -0.0008
    Metrics/motion/error_joint_pos: 1.9572
    Metrics/motion/error_joint_vel: 6.0322
     Metrics/motion/error_body_pos: 0.1424
     Metrics/motion/error_body_rot: 0.8092
       Metrics/motion/motion_phase: 0.0981
            Metrics/motion/in_hold: 0.2833
Metrics/motion/motion_start_warmup_prob: 0.8000
Metrics/motion/motion_start_lifecycle_progress: 0.0000
Metrics/motion/motion_start_effective_prestrike_fraction: 1.0000
Metrics/motion/motion_start_effective_recovery_fraction: 0.0000
Metrics/motion/motion_start_effective_rsi_fraction: 0.0000
 Metrics/motion/motion_start_reset: 0.0104
Metrics/motion/motion_start_prestrike_reset: 0.0000
Metrics/motion/motion_start_recovery_reset: 0.0000
Metrics/motion/motion_start_rsi_reset: 0.0000
 Metrics/motion/single_cycle_reset: 0.0000
     Metrics/motion/motion_clip_id: 0.5697
Metrics/motion/motion_supplemental_clip: 0.0000
      Metrics/motion/stand_episode: 0.0232
Metrics/motion/default_stand_reset: 0.0933
Metrics/motion/error_body_pos_lower: 0.1746
Metrics/motion/error_body_rot_lower: 1.0540
Metrics/motion/error_body_lin_vel_lower: 0.1973
Metrics/motion/error_body_ang_vel_lower: 1.0388
Metrics/motion/reference_body_lin_speed_lower: 0.0255
Metrics/motion/robot_body_lin_speed_lower: 0.1903
Metrics/motion/error_body_pos_core: 0.0630
Metrics/motion/error_body_rot_core: 0.5533
Metrics/motion/error_body_lin_vel_core: 0.2928
Metrics/motion/error_body_ang_vel_core: 1.0854
Metrics/motion/reference_body_lin_speed_core: 0.0166
Metrics/motion/robot_body_lin_speed_core: 0.2954
Metrics/motion/error_body_pos_upper: 0.1366
Metrics/motion/error_body_rot_upper: 0.6496
Metrics/motion/error_body_lin_vel_upper: 0.7394
Metrics/motion/error_body_ang_vel_upper: 2.4768
Metrics/motion/reference_body_lin_speed_upper: 0.0350
Metrics/motion/robot_body_lin_speed_upper: 0.7448
Metrics/motion/error_joint_pos_waist: 0.7695
Metrics/motion/error_joint_vel_waist: 1.2449
Metrics/motion/reference_joint_speed_waist: 0.0378
Metrics/motion/error_joint_pos_arms: 1.6304
Metrics/motion/error_joint_vel_arms: 5.0988
Metrics/motion/reference_joint_speed_arms: 0.0993
Metrics/motion/error_joint_pos_legs: 0.7190
Metrics/motion/error_joint_vel_legs: 2.6354
Metrics/motion/reference_joint_speed_legs: 0.0071
Metrics/racket_target/racket_pos_error: 0.1254
Metrics/racket_target/racket_vel_error: 1.2173
Metrics/racket_target/time_to_strike: 0.9171
Metrics/racket_target/return_success: 0.0162
Metrics/racket_target/prev_return_success: 0.0117
Metrics/racket_target/prev_net_cross: 0.6382
Metrics/racket_target/current_net_cross: 0.0201
Metrics/racket_target/racket_pos_curriculum_scale: 1.0000
Metrics/racket_target/impact_inverse_command_blend: 0.0000
Metrics/racket_target/steps_since_target_resample: 32.1739
Metrics/racket_target/recovery_height_error: 0.0415
Metrics/racket_target/recovery_upright_error: 0.1492
Metrics/racket_target/recovery_base_lin_vel: 0.2659
Metrics/racket_target/recovery_base_ang_vel: 1.0602
Metrics/racket_target/recovery_station_error: 0.1057
Metrics/racket_target/recovery_feet_contact_frac: 0.9789
Metrics/racket_target/recovery_racket_speed: 1.6290
Metrics/racket_target/recovery_height_score: 0.8514
Metrics/racket_target/recovery_upright_score: 0.7713
Metrics/racket_target/recovery_lin_vel_score: 0.6099
Metrics/racket_target/recovery_ang_vel_score: 0.2682
Metrics/racket_target/recovery_station_score: 0.8196
Metrics/racket_target/recovery_racket_score: 0.1303
Metrics/racket_target/recovery_arm_score: 0.5639
Metrics/racket_target/recovery_ready_score: 0.6605
Metrics/racket_target/recovery_anchor_arm_score: 1.0000
Metrics/racket_target/recovery_core_ready_score: 0.5225
Metrics/racket_target/recovery_functional_ready_score: 0.4504
Metrics/racket_target/waist_action_overflow_rms: 0.0003
Metrics/racket_target/right_arm_action_overflow_rms: 0.0001
Metrics/racket_target/leg_action_overflow_rms: 0.0085
Metrics/racket_target/operational_margin_fraction: 0.0083
Metrics/racket_target/waist_operational_margin_fraction: 0.0056
Metrics/racket_target/right_arm_operational_margin_fraction: 0.0015
Metrics/racket_target/leg_operational_margin_fraction: 0.0186
Metrics/racket_target/waist_operational_excess_rms: 0.0010
Metrics/racket_target/right_arm_operational_excess_rms: 0.0001
Metrics/racket_target/leg_operational_excess_rms: 0.0066
Metrics/racket_target/q_des_velocity_violation_fraction: 0.0820
Metrics/racket_target/waist_q_des_velocity_violation_fraction: 0.0068
Metrics/racket_target/right_arm_q_des_velocity_violation_fraction: 0.1148
Metrics/racket_target/leg_q_des_velocity_violation_fraction: 0.1015
Metrics/racket_target/q_des_acceleration_violation_fraction: 0.7142
Metrics/racket_target/waist_q_des_acceleration_violation_fraction: 0.5758
Metrics/racket_target/right_arm_q_des_acceleration_violation_fraction: 0.8288
Metrics/racket_target/leg_q_des_acceleration_violation_fraction: 0.7919
Metrics/racket_target/waist_q_des_velocity_rms: 3.4767
Metrics/racket_target/right_arm_q_des_velocity_rms: 8.7796
Metrics/racket_target/leg_q_des_velocity_rms: 7.2679
Metrics/racket_target/waist_q_des_acceleration_rms: 283.7731
Metrics/racket_target/right_arm_q_des_acceleration_rms: 732.4320
Metrics/racket_target/leg_q_des_acceleration_rms: 614.9647
Metrics/racket_target/action_operational_feasibility_score: 0.9029
Metrics/racket_target/actuator_overflow_consecutive_steps: 0.0000
Metrics/racket_target/actuator_overflow_severe: 0.0000
Metrics/racket_target/recovery_phase_gate: 0.4494
Metrics/racket_target/recovery_phase_ready_score: 0.2743
Metrics/racket_target/recovery_contact_ready_score: 0.0072
Metrics/racket_target/recovery_net_ready_score: 0.0072
Metrics/racket_target/recovery_return_ready_score: 0.0027
Metrics/racket_target/cycle_success_ready_score: 0.0072
Metrics/racket_target/cycle_success_soft: 0.0064
Metrics/racket_target/cycle_success_binary: 0.0078
Metrics/racket_target/cycle_v2_pending: 0.0000
Metrics/racket_target/cycle_v2_attempt_latch: 0.0000
Metrics/racket_target/cycle_v2_ready_success_latch: 0.0000
Metrics/racket_target/cycle_v2_ready_fail_latch: 0.0000
Metrics/racket_target/cycle_v2_attempt_event: 0.0000
Metrics/racket_target/cycle_v2_ready_success_event: 0.0000
Metrics/racket_target/cycle_v2_ready_fail_event: 0.0000
Metrics/racket_target/cycle_v2_unresolved_resample_fail_event: 0.0000
Metrics/racket_target/cycle_v2_resolved_event: 0.0000
Metrics/racket_target/cycle_v2_command_visible_steps: 0.0000
Metrics/racket_target/cycle_v2_elapsed_steps: 0.0000
Metrics/racket_target/cycle_v2_ready_score: 0.0000
Metrics/racket_target/cycle_v2_ready_ok: 0.0000
Metrics/racket_target/cycle_v2_visible: 0.0000
Metrics/racket_target/cycle_v2_ready_score_ok: 0.0000
Metrics/racket_target/cycle_v2_height_ok: 0.0000
Metrics/racket_target/cycle_v2_upright_ok: 0.0000
Metrics/racket_target/cycle_v2_base_lin_vel_ok: 0.0000
Metrics/racket_target/cycle_v2_base_ang_vel_ok: 0.0000
Metrics/racket_target/cycle_v2_feet_ok: 0.0000
Metrics/racket_target/cycle_v2_core_ready_ok: 0.0000
Metrics/racket_target/cycle_v2_ready_consecutive_steps: 0.0000
Metrics/racket_target/single_cycle_bootstrap: 0.0000
Metrics/racket_target/single_cycle_swing_completed: 0.0000
Metrics/racket_target/single_cycle_recovery_active: 0.0000
Metrics/racket_target/single_cycle_recovery_elapsed_steps: 0.0000
Metrics/racket_target/single_cycle_ready_consecutive_steps: 0.0000
Metrics/racket_target/single_cycle_safe_timeout_event: 0.0000
Metrics/racket_target/single_cycle_deadline_timeout_event: 0.0000
Metrics/racket_target/single_cycle_timeout_latch: 0.0000
Metrics/racket_target/single_cycle_hard_failure_event: 0.0000
Metrics/racket_target/single_cycle_probability: 0.0000
Metrics/racket_target/single_cycle_curriculum_level: 0.0000
Metrics/racket_target/single_cycle_effective_deadline_steps: 100.0000
Metrics/racket_target/single_cycle_selected_events: 0.0000
Metrics/racket_target/single_cycle_completed_events: 0.0000
Metrics/racket_target/single_cycle_safe_timeout_events: 0.0000
Metrics/racket_target/single_cycle_deadline_timeout_events: 0.0000
Metrics/racket_target/single_cycle_hard_failure_events: 0.0000
Metrics/racket_target/active_ready_consecutive_steps: 0.0000
Metrics/racket_target/active_ready_success_event: 0.0000
Metrics/racket_target/active_ready_success_latch: 0.0000
Metrics/racket_target/active_ready_survival_steps: 0.0000
Metrics/racket_target/active_ready_survival_next_milestone: 0.0000
Metrics/racket_target/active_ready_survival_milestone_event: 0.0000
Metrics/racket_target/no_command_ready_active: 0.0284
Metrics/racket_target/no_command_from_stand_episode: 0.0232
Metrics/racket_target/no_command_from_default_stand_reset: 0.0232
Metrics/racket_target/no_command_ready_upright_ok: 0.0232
Metrics/racket_target/no_command_ready_motion_ok: 0.0000
Metrics/racket_target/no_command_ready_score: 0.0153
Metrics/racket_target/no_command_ready_progress: -0.0193
Metrics/racket_target/no_command_ready_station_error: 0.0031
Metrics/racket_target/no_command_ready_fixed_station_error: 0.0031
Metrics/racket_target/healthy_training_stage: 3.0000
Metrics/racket_target/healthy_stage_planted_rehearsal: 0.0000
Metrics/racket_target/healthy_stage_station_hold_seen: 0.0000
Metrics/racket_target/healthy_stage_station_arrived: 0.0000
Metrics/racket_target/healthy_stage_station_settled: 0.0000
Metrics/racket_target/healthy_stage_station_settle_steps: 0.0000
Metrics/racket_target/station_relocation_active: 0.0000
Metrics/racket_target/station_relocation_target_offset_y: 0.0000
Metrics/racket_target/station_relocation_error: 0.0000
Metrics/racket_target/station_relocation_arrival_event: 0.0000
Metrics/racket_target/station_relocation_settle_event: 0.0000
Metrics/racket_target/station_relocation_release_event: 0.0000
Metrics/racket_target/station_relocation_timeout_event: 0.0000
Metrics/racket_target/station_relocation_elapsed_steps: 0.0000
Metrics/racket_target/station_relocation_hold_deadline_steps: 0.0000
Metrics/racket_target/lifecycle_recovery_hold_active: 0.0000
Metrics/racket_target/lifecycle_recovery_release_success_event: 0.0000
Metrics/racket_target/lifecycle_recovery_release_fail_event: 0.0000
Metrics/racket_target/station_relocation_level: 0.0000
Metrics/racket_target/station_relocation_arrival_ema: 0.0000
Metrics/racket_target/station_relocation_settle_ema: 0.0000
Metrics/racket_target/station_relocation_contact_ema: 0.0000
Metrics/racket_target/station_relocation_safety_ema: 0.0000
Metrics/racket_target/station_relocation_resolved_events: 0.0000
Metrics/racket_target/station_relocation_terminal_reset_events: 0.0000
Metrics/racket_target/station_relocation_advance_streak: 0.0000
Metrics/racket_target/station_relocation_regress_streak: 0.0000
Metrics/racket_target/station_relocation_effective_max_lin_vel: 0.0000
Metrics/racket_target/station_relocation_effective_max_ang_vel: 0.0000
Metrics/racket_target/station_relocation_effective_min_settle_steps: 0.0000
Metrics/racket_target/ability_curriculum_level: 0.0000
Metrics/racket_target/ability_curriculum_scale: 1.0000
Metrics/racket_target/ability_curriculum_resolved_events: 1397.7500
Metrics/racket_target/ability_curriculum_total_resolved_events: 1397.7500
Metrics/racket_target/ability_curriculum_advance_streak: 0.0000
Metrics/racket_target/ability_curriculum_regress_streak: 0.0000
Metrics/racket_target/ability_contact_ema: 0.6928
Metrics/racket_target/ability_net_ema: 0.6881
Metrics/racket_target/ability_success_ema: 0.0109
Metrics/racket_target/ability_recovery_ema: 0.8018
Metrics/racket_target/ability_cycle_ema: 0.0109
Metrics/racket_target/ability_cycle_attempt_ema: 0.0109
Metrics/racket_target/ability_cycle_resolved_ema: 0.0083
Metrics/racket_target/ability_forehand_contact_ema: 0.7224
Metrics/racket_target/ability_forehand_net_ema: 0.7181
Metrics/racket_target/ability_forehand_success_ema: 0.0060
Metrics/racket_target/ability_backhand_contact_ema: 0.6674
Metrics/racket_target/ability_backhand_net_ema: 0.6620
Metrics/racket_target/ability_backhand_success_ema: 0.0134
Metrics/racket_target/ability_attempt_ema: 1.0000
Metrics/racket_target/ability_targeted_attempt_ema: 0.9958
Metrics/racket_target/impact_health_floor_progress: 0.0000
Metrics/racket_target/ability_safety_ema: 0.9527
Metrics/racket_target/ability_station_saturation_ema: 0.0000
Metrics/racket_target/ability_healthy_normal_ema: 0.9982
Metrics/racket_target/ability_station_arrival_ema: 0.0000
Metrics/racket_target/ability_station_settle_ema: 0.0000
Metrics/racket_target/safe_outcome_capability_gate: 0.4901
Metrics/racket_target/planner_hit_plane_blend: 1.0000
Metrics/racket_target/planner_hit_plane_x_delta: 0.0365
Metrics/racket_target/true_strike_table_x: 0.2000
Metrics/racket_target/planner_target_table_x: 0.2000
Metrics/racket_target/workspace_level: 0.0000
Metrics/racket_target/workspace_fringe_sample: 0.0000
Metrics/racket_target/workspace_target_lateral_norm: 0.3095
Metrics/racket_target/workspace_target_table_y: -0.2236
Metrics/racket_target/workspace_playable_y_min: -0.7225
Metrics/racket_target/workspace_playable_y_max: 0.7225
Metrics/racket_target/workspace_active_y_lo: -0.2922
Metrics/racket_target/workspace_active_y_hi: -0.1596
Metrics/racket_target/workspace_motion_seed_blend: 0.0000
Metrics/racket_target/planner_perturb_curriculum_scale: 1.0000
Metrics/racket_target/incoming_ball_horizontal_speed: 2.1957
Metrics/racket_target/incoming_ball_speed: 4.7164
Metrics/racket_target/incoming_ball_speed_curriculum_level: 0.0000
Metrics/racket_target/incoming_ball_speed_sample_low: 0.0000
Metrics/racket_target/incoming_ball_speed_sample_high: 0.0000
Metrics/racket_target/station_saturated: 0.0000
Metrics/racket_target/station_raw_clip_excess: 0.0000
Metrics/racket_target/station_saturated_x: 0.0000
Metrics/racket_target/station_saturated_y: 0.0000
Metrics/racket_target/station_raw_clip_excess_x: 0.0000
Metrics/racket_target/station_raw_clip_excess_y: 0.0000
Metrics/racket_target/current_swing_opportunity: 0.0561
Metrics/racket_target/current_swing_attempt: 0.0561
Metrics/racket_target/current_swing_targeted_attempt: 0.0446
Metrics/racket_target/prev_swing_targeted_attempt: 0.8962
Metrics/racket_target/current_swing_unsafe: 0.0578
Metrics/racket_target/current_swing_station_saturated: 0.0000
Metrics/racket_target/impact_health_score: 0.8395
Metrics/racket_target/impact_health_ok: 0.8476
Metrics/racket_target/impact_health_backlean_violation: 0.0091
Metrics/racket_target/impact_health_waist_backfold: 0.0018
Metrics/racket_target/impact_health_base_retreat: 0.0324
Metrics/racket_target/impact_health_torso_gravity_x: 0.3377
Metrics/racket_target/impact_health_torso_ang_vel: 0.5549
Metrics/racket_target/impact_health_com_x: 0.0677
Metrics/racket_target/impact_health_com_y: 0.0325
Metrics/racket_target/post_contact_ready_pending: 0.0000
Metrics/racket_target/post_contact_ready_elapsed_steps: 0.1600
Metrics/racket_target/post_contact_ready_consecutive_steps: 0.0000
Metrics/racket_target/post_contact_ready_diagnostic_pending: 0.0000
Metrics/racket_target/post_contact_ready_diagnostic_elapsed_steps: 0.7634
Metrics/racket_target/post_contact_ready_durable_pending: 0.0000
Metrics/racket_target/post_contact_ready_durable_consecutive_steps: 0.0000
Metrics/racket_target/post_contact_ready_durable_ready_now: 0.0000
Metrics/racket_target/post_contact_ready_durable_success_event: 0.0000
Metrics/racket_target/post_contact_ready_durable_fail_event: 0.0000
Metrics/racket_target/post_contact_ready_durable_resolution_success_rate: 0.1866
Metrics/racket_target/post_contact_ready_durable_resolution_fail_rate: 0.7539
Metrics/racket_target/post_contact_ready_durable_resolution_success_latency_steps: 35.0000
Metrics/racket_target/post_contact_ready_durable_resolution_fail_latency_steps: 33.4159
Metrics/racket_target/post_contact_ready_durable_fail_backlean_rate: 0.0534
Metrics/racket_target/post_contact_ready_durable_fail_forward_lean_rate: 0.9116
Metrics/racket_target/post_contact_ready_durable_fail_torso_ang_vel_rate: 0.0534
Metrics/racket_target/post_contact_ready_durable_fail_base_lin_vel_rate: 0.0543
Metrics/racket_target/post_contact_ready_durable_fail_base_ang_vel_rate: 0.3607
Metrics/racket_target/post_contact_ready_durable_fail_racket_speed_rate: 0.0534
Metrics/racket_target/post_contact_ready_durable_fail_height_rate: 0.0534
Metrics/racket_target/post_contact_ready_durable_fail_com_x_rate: 0.0561
Metrics/racket_target/post_contact_ready_durable_fail_com_y_rate: 0.0534
Metrics/racket_target/post_contact_ready_durable_fail_feet_rate: 0.0534
Metrics/racket_target/post_contact_ready_durable_fail_station_rate: 0.0543
Metrics/racket_target/post_contact_ready_durable_fail_arm_rate: 0.0534
Metrics/racket_target/post_contact_ready_terminal_window_active: 0.0000
Metrics/racket_target/post_contact_ready_terminal_quality: 0.0082
Metrics/racket_target/post_contact_ready_terminal_settlement_event: 0.0000
Metrics/racket_target/post_contact_ready_operational_ready_now: 0.0000
Metrics/racket_target/post_contact_ready_operational_consecutive_steps: 0.0000
Metrics/racket_target/post_contact_ready_safe_settlement_event: 0.0000
Metrics/racket_target/post_contact_ready_unsafe_settlement_event: 0.0000
Metrics/racket_target/post_contact_ready_incomplete_settlement_event: 0.0000
Metrics/racket_target/post_contact_ready_safe_net_cycle_event: 0.0000
Metrics/racket_target/post_contact_ready_terminal_quality_mean: 0.9159
Metrics/racket_target/post_contact_ready_safe_terminal_quality_mean: 0.9253
Metrics/racket_target/post_contact_ready_terminal_safe_rate: 0.7249
Metrics/racket_target/post_contact_ready_terminal_unsafe_rate: 0.0310
Metrics/racket_target/post_contact_ready_terminal_incomplete_rate: 0.2441
Metrics/racket_target/post_contact_ready_safe_net_cycle_rate: 0.7165
Metrics/racket_target/post_contact_ready_score: 0.7326
Metrics/racket_target/post_contact_ready_now: 0.0000
Metrics/racket_target/post_contact_ready_success_event: 0.0000
Metrics/racket_target/post_contact_ready_fail_event: 0.0000
Metrics/racket_target/post_contact_ready_outcome_tier: -0.9554
Metrics/racket_target/post_contact_ready_face_quality: 0.0020
Metrics/racket_target/post_contact_ready_safe_face_net_cycle_value: 0.0000
Metrics/racket_target/post_contact_ready_planner_speed_ratio: 0.0107
Metrics/racket_target/post_contact_ready_planner_direction_error_rad: 0.0028
Metrics/racket_target/post_contact_ready_planner_position_error: 0.0008
Metrics/racket_target/post_contact_ready_impact_health_score: 0.0092
Metrics/racket_target/post_contact_ready_peak_base_ang_vel: 0.0151
Metrics/racket_target/post_contact_ready_peak_ang_vel_excess_increment: 0.0000
Metrics/racket_target/post_contact_ready_envelope_violation_latch: 0.0000
Metrics/racket_target/post_contact_ready_envelope_violation_event: 0.0000
Metrics/racket_target/post_contact_ready_envelope_first_violation_step: -1.0000
Metrics/racket_target/post_contact_ready_envelope_attempts: 1490.8750
Metrics/racket_target/post_contact_ready_envelope_violation_rate: 0.0325
Metrics/racket_target/post_contact_ready_envelope_tilt_violation_rate: 0.0000
Metrics/racket_target/post_contact_ready_envelope_pitch_violation_rate: 0.0000
Metrics/racket_target/post_contact_ready_envelope_com_violation_rate: 0.0013
Metrics/racket_target/post_contact_ready_envelope_waist_violation_rate: 0.0000
Metrics/racket_target/post_contact_ready_envelope_leg_violation_rate: 0.0000
Metrics/racket_target/post_contact_ready_envelope_base_ang_vel_violation_rate: 0.0318
Metrics/racket_target/post_contact_ready_resolution_success_rate: 0.9781
Metrics/racket_target/post_contact_ready_resolution_fail_rate: 0.0139
Metrics/racket_target/post_contact_ready_resolution_success_latency_steps: 4.8718
Metrics/racket_target/post_contact_ready_resolution_fail_latency_steps: 13.7469
Metrics/racket_target/post_contact_ready_max_tilt: 0.0022
Metrics/racket_target/post_contact_ready_max_abs_pitch: 0.0022
Metrics/racket_target/post_contact_ready_max_com_x: 0.0005
Metrics/racket_target/post_contact_ready_max_com_y: 0.0006
Metrics/racket_target/post_contact_ready_max_waist_overflow: 0.0000
Metrics/racket_target/post_contact_ready_max_leg_overflow: 0.0002
Metrics/racket_target/post_contact_ready_settlement_velocity_score_ema: 0.6929
Metrics/racket_target/post_contact_ready_settlement_position_gate_ema: 0.7751
Metrics/racket_target/post_contact_ready_settlement_health_gate_ema: 0.9772
Metrics/racket_target/post_contact_ready_settlement_recovery_gate_ema: 0.5209
Metrics/racket_target/post_contact_ready_settlement_total_score_ema: 0.2772
Metrics/racket_target/post_contact_recovery_backlean_error: 0.0574
Metrics/racket_target/post_contact_recovery_directional_progress: 0.0000
Metrics/racket_target/post_contact_ready_torso_ok: 0.1934
Metrics/racket_target/post_contact_ready_motion_ok: 0.6968
Metrics/racket_target/post_contact_ready_support_ok: 0.8674
Metrics/racket_target/post_contact_ready_arm_ok: 1.0000
Metrics/racket_target/post_contact_ready_base_lin_vel_ok: 0.8560
Metrics/racket_target/post_contact_ready_base_ang_vel_ok: 0.7421
Metrics/racket_target/post_contact_ready_racket_speed_ok: 0.9526
Metrics/racket_target/post_contact_ready_height_ok: 0.9422
Metrics/racket_target/post_contact_ready_com_x_ok: 0.8674
Metrics/racket_target/post_contact_ready_com_y_ok: 0.9766
Metrics/racket_target/post_contact_ready_feet_ok: 0.9898
Metrics/racket_target/post_contact_ready_station_ok: 0.8778
Metrics/racket_target/post_contact_ready_fail_torso: 0.0000
Metrics/racket_target/post_contact_ready_fail_base_lin_vel: 0.0000
Metrics/racket_target/post_contact_ready_fail_base_ang_vel: 0.0000
Metrics/racket_target/post_contact_ready_fail_racket_speed: 0.0000
Metrics/racket_target/post_contact_ready_fail_support: 0.0000
Metrics/racket_target/post_contact_ready_fail_arm: 0.0000
Metrics/racket_target/post_contact_ready_shadow_now: 0.0000
Metrics/racket_target/post_contact_ready_shadow_consecutive_steps: 0.0000
Metrics/racket_target/post_contact_ready_shadow_success_latch: 0.0000
Metrics/racket_target/post_contact_ready_curriculum_level: 0.0000
Metrics/racket_target/post_contact_ready_curriculum_fraction: 1.0000
Metrics/racket_target/post_contact_ready_curriculum_success_ema: 0.0000
Metrics/racket_target/post_contact_ready_curriculum_shadow_success_ema: 0.0000
Metrics/racket_target/post_contact_ready_curriculum_resolved_events: 0.0000
Metrics/racket_target/post_contact_ready_curriculum_successful_events: 0.0000
Metrics/racket_target/post_contact_ready_curriculum_targeted_attempt_ema: 0.0000
Metrics/racket_target/post_contact_ready_curriculum_return_success_ema: 0.0000
Metrics/racket_target/post_contact_ready_curriculum_completed_swings: 0.0000
Metrics/racket_target/post_contact_ready_curriculum_advance_streak: 0.0000
Metrics/racket_target/post_contact_ready_curriculum_advance_guard_ok: 0.0000
Metrics/racket_target/post_contact_ready_effective_max_torso_ang_vel: 1.5000
Metrics/racket_target/post_contact_ready_effective_torso_x_min: -0.1200
Metrics/racket_target/post_contact_ready_effective_torso_x_max: 0.3200
Metrics/racket_target/post_contact_ready_effective_max_base_lin_vel: 0.4500
Metrics/racket_target/post_contact_ready_effective_max_base_ang_vel: 1.3000
Metrics/racket_target/post_contact_ready_effective_max_racket_speed: 3.0000
Metrics/racket_target/post_contact_ready_effective_min_feet_contact: 0.5000
Metrics/racket_target/post_contact_ready_effective_required_consecutive_steps: 3.0000
Metrics/racket_target/post_contact_ready_effective_deadline_steps: 40.0000
Metrics/racket_target/post_contact_ready_curriculum_advance_threshold: 1.0000
Metrics/racket_target/post_contact_ready_curriculum_advance_min_events: 0.0000
Metrics/racket_target/post_contact_ready_curriculum_shadow_threshold: 1.0000
Metrics/racket_target/post_contact_ready_curriculum_min_targeted_attempt_ema: 0.0000
Metrics/racket_target/post_contact_ready_curriculum_min_return_success_ema: 0.0000
Metrics/racket_target/post_contact_ready_curriculum_min_completed_swings: 1.0000
Metrics/racket_target/post_contact_ready_curriculum_required_advance_checks: 1.0000
Metrics/racket_target/racket_normal_error_deg: 59.7424
Metrics/racket_target/impact_normal_error_deg: 0.8183
Metrics/racket_target/impact_racket_vel_error_mps: 0.5568
Metrics/racket_target/impact_racket_speed_ratio: 0.9190
Metrics/racket_target/impact_racket_vel_angle_deg: 13.9295
Metrics/racket_target/impact_racket_actual_vel_x: 0.9657
Metrics/racket_target/impact_racket_actual_vel_y: 0.1553
Metrics/racket_target/impact_racket_actual_vel_z: 1.3153
Metrics/racket_target/impact_racket_target_vel_x: 1.1615
Metrics/racket_target/impact_racket_target_vel_y: -0.0072
Metrics/racket_target/impact_racket_target_vel_z: 1.3336
Metrics/racket_target/impact_ball_out_error_mps: 4.5161
Metrics/racket_target/impact_face_radial_error_m: 0.0576
Metrics/racket_target/impact_face_normal_gap_m: 0.0482
Metrics/racket_target/impact_face_quality: 0.6500
Metrics/racket_target/impact_center_contact: 0.0000
Metrics/racket_target/impact_center_net_cross: 0.0000
Metrics/racket_target/impact_center_on_opponent: 0.0000
Metrics/racket_target/impact_rim_contact: 0.0000
Metrics/racket_target/impact_rim_net_cross: 0.0000
Metrics/racket_target/impact_rim_on_opponent: 0.0000
Metrics/racket_target/impact_analytic_outer_contact: 0.0000
Metrics/racket_target/impact_analytic_outer_net_cross: 0.0000
Metrics/racket_target/impact_analytic_outer_on_opponent: 0.0000
Metrics/racket_target/impact_planner_pos_error_m: 0.0821
Metrics/racket_target/impact_planner_vel_error_mps: 0.5568
Metrics/racket_target/impact_planner_speed_ratio: 0.9190
Metrics/racket_target/impact_planner_vel_angle_deg: 13.9295
Metrics/racket_target/impact_healthy_normal_ok: 0.0000
Metrics/racket_target/impact_healthy_contact: 0.0000
Metrics/racket_target/impact_healthy_net_cross: 0.0000
Metrics/racket_target/impact_healthy_on_opponent: 0.0000
Metrics/racket_target/current_swing_impact_health_score: 0.0092
Metrics/racket_target/current_swing_healthy_contact: 0.0201
Metrics/racket_target/current_swing_healthy_net_cross: 0.0201
Metrics/racket_target/current_swing_healthy_on_opponent: 0.0045
Metrics/racket_target/current_swing_healthy_normal_ok: 0.0446
Metrics/racket_target/current_swing_contact: 0.0201
Metrics/racket_target/current_swing_net_cross: 0.0201
Metrics/racket_target/current_swing_on_opponent: 0.0045
Metrics/racket_target/current_swing_center_contact: 0.0000
Metrics/racket_target/current_swing_center_net_cross: 0.0000
Metrics/racket_target/current_swing_center_on_opponent: 0.0000
Metrics/racket_target/current_swing_rim_contact: 0.0052
Metrics/racket_target/current_swing_rim_net_cross: 0.0052
Metrics/racket_target/current_swing_rim_on_opponent: 0.0000
Metrics/racket_target/current_swing_analytic_outer_contact: 0.0149
Metrics/racket_target/current_swing_analytic_outer_net_cross: 0.0149
Metrics/racket_target/current_swing_analytic_outer_on_opponent: 0.0045
Metrics/racket_target/cycle_v2_outcome_tier: -1.0000
Metrics/racket_target/cycle_v2_streak: 0.0000
Metrics/racket_target/closed_loop_recovery_trigger_event: 0.0000
Metrics/racket_target/closed_loop_cycle_success_event: 0.0000
Metrics/racket_target/closed_loop_durable_cycle_success_event: 0.0000
Metrics/racket_target/closed_loop_phase_id: 1.0376
Metrics/racket_target/closed_loop_phase_ready_no_command: 0.0284
Metrics/racket_target/closed_loop_phase_command_acquire: 0.9181
Metrics/racket_target/closed_loop_phase_pre_strike: 0.0472
Metrics/racket_target/closed_loop_phase_strike: 0.0000
Metrics/racket_target/closed_loop_phase_follow_through: 0.0063
Metrics/racket_target/closed_loop_phase_recovery: 0.0000
Metrics/racket_target/closed_loop_phase_next_ready: 0.0000
Metrics/racket_target/post_contact_phase_impact_0_100ms_attempts: 1490.8750
Metrics/racket_target/post_contact_phase_impact_0_100ms_tilt_gt_0p1_rate: 1.0000
Metrics/racket_target/post_contact_phase_impact_0_100ms_pitch_gt_0p1_rate: 1.0000
Metrics/racket_target/post_contact_phase_impact_0_100ms_waist_overflow_gt_1p0_rate: 0.0000
Metrics/racket_target/post_contact_phase_impact_0_100ms_base_ang_vel_gt_0p8_rate: 0.9861
Metrics/racket_target/post_contact_phase_brake_100_300ms_attempts: 1463.8750
Metrics/racket_target/post_contact_phase_brake_100_300ms_tilt_gt_0p1_rate: 0.9986
Metrics/racket_target/post_contact_phase_brake_100_300ms_pitch_gt_0p1_rate: 0.9980
Metrics/racket_target/post_contact_phase_brake_100_300ms_waist_overflow_gt_1p0_rate: 0.0000
Metrics/racket_target/post_contact_phase_brake_100_300ms_base_ang_vel_gt_0p8_rate: 0.9972
Metrics/racket_target/post_contact_phase_settle_300_600ms_attempts: 1416.1875
Metrics/racket_target/post_contact_phase_settle_300_600ms_tilt_gt_0p1_rate: 0.7429
Metrics/racket_target/post_contact_phase_settle_300_600ms_pitch_gt_0p1_rate: 0.6773
Metrics/racket_target/post_contact_phase_settle_300_600ms_waist_overflow_gt_1p0_rate: 0.0000
Metrics/racket_target/post_contact_phase_settle_300_600ms_base_ang_vel_gt_0p8_rate: 0.9902
Metrics/racket_target/post_contact_phase_ready_after_600ms_attempts: 1327.0312
Metrics/racket_target/post_contact_phase_ready_after_600ms_tilt_gt_0p1_rate: 0.4578
Metrics/racket_target/post_contact_phase_ready_after_600ms_pitch_gt_0p1_rate: 0.3642
Metrics/racket_target/post_contact_phase_ready_after_600ms_waist_overflow_gt_1p0_rate: 0.0000
Metrics/racket_target/post_contact_phase_ready_after_600ms_base_ang_vel_gt_0p8_rate: 0.9391
Metrics/racket_target/base_pitch_like_signed: -0.0168
Metrics/racket_target/base_backward_velocity: 0.0749
Metrics/racket_target/waist_action_rms: 0.6401
Metrics/racket_target/right_arm_action_rms: 3.8526
Metrics/racket_target/leg_action_rms: 0.5374
Metrics/racket_target/action_abs_max: 7.5932
Metrics/racket_target/applied_action_abs_max: 7.5216
Metrics/racket_target/leg_action_abs_max: 1.0741
Metrics/racket_target/effective_action_abs_max: 7.5216
Metrics/racket_target/action_clamp_fraction: 0.0053
Metrics/racket_target/waist_action_clamp_fraction: 0.0056
Metrics/racket_target/right_arm_action_clamp_fraction: 0.0007
Metrics/racket_target/leg_action_clamp_fraction: 0.0114
Metrics/racket_target/waist_q_tracking_error_rms: 0.3545
Metrics/racket_target/right_arm_q_tracking_error_rms: 0.1808
Metrics/racket_target/leg_q_tracking_error_rms: 0.2010
Metrics/racket_target/waist_torque_clip_fraction: 0.0000
Metrics/racket_target/right_arm_torque_clip_fraction: 0.0009
Metrics/racket_target/leg_torque_clip_fraction: 0.0000
Metrics/racket_target/waist_action_delta_rms: 0.1478
Metrics/racket_target/right_arm_action_delta_rms: 0.9824
Metrics/racket_target/leg_action_delta_rms: 0.2811
Metrics/racket_target/waist_joint_vel_rms: 0.7146
Metrics/racket_target/right_arm_joint_vel_rms: 1.5927
Metrics/racket_target/leg_joint_vel_rms: 0.7605
Metrics/racket_target/recovery_leg_action_abs_max: 0.4537
Metrics/racket_target/recovery_leg_action_delta_rms: 0.1262
Metrics/racket_target/recovery_leg_joint_vel_rms: 0.3705
      Episode_Termination/time_out: 3.7500
  Episode_Termination/base_too_low: 0.0312
   Episode_Termination/base_tilted: 0.2188
   Episode_Termination/table_touch: 0.4062
Episode_Termination/persistent_action_overflow: 0.0000
--------------------------------------------------------------------------------
                   Total timesteps: 393216
                    Iteration time: 2.28s
                      Time elapsed: 00:00:13
                               ETA: 00:00:33

################################################################################
                     [1m Learning iteration 1806/1820 [0m                     

                       Computation: 28736 steps/s (collection: 2.265s, learning 0.016s)
             Mean action noise std: 0.45
          Mean value_function loss: 0.0591
               Mean surrogate loss: 0.0000
                 Mean entropy loss: 2.8121
      Mean critic_only_warmup loss: 1.0000
                       Mean reward: 6.07
               Mean episode length: 206.58
 Episode_Reward/undesired_contacts: 0.0000
  Episode_Reward/feet_contact_slip: -0.0013
     Episode_Reward/table_no_touch: -0.0008
              Episode_Reward/alive: 0.0040
            Episode_Reward/upright: -0.0034
          Episode_Reward/imitation: 0.1655
    Episode_Reward/racket_position: 0.0252
Episode_Reward/backhand_racket_position: 0.0112
    Episode_Reward/racket_velocity: 0.0166
Episode_Reward/planner_racket_task_space_crossfade: 0.1082
Episode_Reward/exact_impact_planner_task_space_alignment: 0.0025
    Episode_Reward/blade_direction: 0.0152
Episode_Reward/health_gated_soft_ball_contact: 0.0162
Episode_Reward/health_gated_backhand_soft_ball_contact: 0.0103
Episode_Reward/health_gated_ball_contact: 0.0028
Episode_Reward/healthy_trunk_support: 0.0290
Episode_Reward/targeted_strike_attempt: 0.0038
  Episode_Reward/strike_inactivity: 0.0000
 Episode_Reward/pre_strike_station: 0.0366
    Episode_Reward/recovery_health: 0.0213
Episode_Reward/no_command_ready_stability: 0.0009
Episode_Reward/post_strike_base_ang_vel: 0.0040
Episode_Reward/phase_action_overflow: -0.0001
     Episode_Reward/strike_balance: 0.0103
Episode_Reward/prestrike_station_progress: 0.0094
 Episode_Reward/lower_body_support: 0.0154
Episode_Reward/termination_penalty: -0.0142
Episode_Reward/phase_action_rate_waist: -0.0001
Episode_Reward/phase_action_rate_upper: -0.0026
Episode_Reward/phase_action_rate_legs: -0.0001
        Episode_Reward/joint_limit: -0.0155
Episode_Reward/prestrike_racket_progress: 0.1110
Episode_Reward/near_impact_planner_velocity_progress: 0.0152
Episode_Reward/operational_joint_margin: -0.0048
  Episode_Reward/joint_target_slew: -0.0137
Episode_Reward/actuator_waist_feasibility: -0.0000
Episode_Reward/actuator_right_arm_feasibility: -0.0000
Episode_Reward/actuator_leg_feasibility: -0.0000
Episode_Reward/terminal_quality_window: 0.0004
Episode_Reward/safe_terminal_quality: 0.0008
Episode_Reward/unsafe_terminal_recovery: -0.0000
Episode_Reward/capability_gated_safe_terminal_outcome: 0.0051
Episode_Reward/targeted_contact_miss: -0.0011
    Metrics/motion/error_joint_pos: 1.3851
    Metrics/motion/error_joint_vel: 5.4267
     Metrics/motion/error_body_pos: 0.1222
     Metrics/motion/error_body_rot: 0.5877
       Metrics/motion/motion_phase: 0.2603
            Metrics/motion/in_hold: 0.0234
Metrics/motion/motion_start_warmup_prob: 0.8000
Metrics/motion/motion_start_lifecycle_progress: 0.0000
Metrics/motion/motion_start_effective_prestrike_fraction: 1.0000
Metrics/motion/motion_start_effective_recovery_fraction: 0.0000
Metrics/motion/motion_start_effective_rsi_fraction: 0.0000
 Metrics/motion/motion_start_reset: 0.0104
Metrics/motion/motion_start_prestrike_reset: 0.0000
Metrics/motion/motion_start_recovery_reset: 0.0000
Metrics/motion/motion_start_rsi_reset: 0.0000
 Metrics/motion/single_cycle_reset: 0.0000
     Metrics/motion/motion_clip_id: 0.6564
Metrics/motion/motion_supplemental_clip: 0.0000
      Metrics/motion/stand_episode: 0.0234
Metrics/motion/default_stand_reset: 0.0784
Metrics/motion/error_body_pos_lower: 0.1418
Metrics/motion/error_body_rot_lower: 0.7046
Metrics/motion/error_body_lin_vel_lower: 0.1544
Metrics/motion/error_body_ang_vel_lower: 0.7606
Metrics/motion/reference_body_lin_speed_lower: 0.0178
Metrics/motion/robot_body_lin_speed_lower: 0.1498
Metrics/motion/error_body_pos_core: 0.0631
Metrics/motion/error_body_rot_core: 0.3383
Metrics/motion/error_body_lin_vel_core: 0.2638
Metrics/motion/error_body_ang_vel_core: 1.1816
Metrics/motion/reference_body_lin_speed_core: 0.0171
Metrics/motion/robot_body_lin_speed_core: 0.2616
Metrics/motion/error_body_pos_upper: 0.1222
Metrics/motion/error_body_rot_upper: 0.5540
Metrics/motion/error_body_lin_vel_upper: 0.8159
Metrics/motion/error_body_ang_vel_upper: 2.2462
Metrics/motion/reference_body_lin_speed_upper: 0.0662
Metrics/motion/robot_body_lin_speed_upper: 0.8388
Metrics/motion/error_joint_pos_waist: 0.4382
Metrics/motion/error_joint_vel_waist: 1.3505
Metrics/motion/reference_joint_speed_waist: 0.0271
Metrics/motion/error_joint_pos_arms: 1.1143
Metrics/motion/error_joint_vel_arms: 4.5041
Metrics/motion/reference_joint_speed_arms: 0.1682
Metrics/motion/error_joint_pos_legs: 0.6577
Metrics/motion/error_joint_vel_legs: 2.4106
Metrics/motion/reference_joint_speed_legs: 0.0068
Metrics/racket_target/racket_pos_error: 0.1059
Metrics/racket_target/racket_vel_error: 1.1281
Metrics/racket_target/time_to_strike: 0.3950
Metrics/racket_target/return_success: 0.0253
Metrics/racket_target/prev_return_success: 0.0253
Metrics/racket_target/prev_net_cross: 0.5510
Metrics/racket_target/current_net_cross: 0.0247
Metrics/racket_target/racket_pos_curriculum_scale: 1.0000
Metrics/racket_target/impact_inverse_command_blend: 0.0000
Metrics/racket_target/steps_since_target_resample: 58.9321
Metrics/racket_target/recovery_height_error: 0.0338
Metrics/racket_target/recovery_upright_error: 0.2337
Metrics/racket_target/recovery_base_lin_vel: 0.2102
Metrics/racket_target/recovery_base_ang_vel: 1.0282
Metrics/racket_target/recovery_station_error: 0.1037
Metrics/racket_target/recovery_feet_contact_frac: 0.9930
Metrics/racket_target/recovery_racket_speed: 1.4219
Metrics/racket_target/recovery_height_score: 0.8771
Metrics/racket_target/recovery_upright_score: 0.5236
Metrics/racket_target/recovery_lin_vel_score: 0.7367
Metrics/racket_target/recovery_ang_vel_score: 0.2932
Metrics/racket_target/recovery_station_score: 0.8239
Metrics/racket_target/recovery_racket_score: 0.0841
Metrics/racket_target/recovery_arm_score: 0.6066
Metrics/racket_target/recovery_ready_score: 0.6444
Metrics/racket_target/recovery_anchor_arm_score: 1.0000
Metrics/racket_target/recovery_core_ready_score: 0.5144
Metrics/racket_target/recovery_functional_ready_score: 0.4379
Metrics/racket_target/waist_action_overflow_rms: 0.0000
Metrics/racket_target/right_arm_action_overflow_rms: 0.0017
Metrics/racket_target/leg_action_overflow_rms: 0.0082
Metrics/racket_target/operational_margin_fraction: 0.0071
Metrics/racket_target/waist_operational_margin_fraction: 0.0000
Metrics/racket_target/right_arm_operational_margin_fraction: 0.0024
Metrics/racket_target/leg_operational_margin_fraction: 0.0168
Metrics/racket_target/waist_operational_excess_rms: 0.0000
Metrics/racket_target/right_arm_operational_excess_rms: 0.0004
Metrics/racket_target/leg_operational_excess_rms: 0.0060
Metrics/racket_target/q_des_velocity_violation_fraction: 0.0810
Metrics/racket_target/waist_q_des_velocity_violation_fraction: 0.0021
Metrics/racket_target/right_arm_q_des_velocity_violation_fraction: 0.0983
Metrics/racket_target/leg_q_des_velocity_violation_fraction: 0.1127
Metrics/racket_target/q_des_acceleration_violation_fraction: 0.7078
Metrics/racket_target/waist_q_des_acceleration_violation_fraction: 0.5726
Metrics/racket_target/right_arm_q_des_acceleration_violation_fraction: 0.8222
Metrics/racket_target/leg_q_des_acceleration_violation_fraction: 0.7687
Metrics/racket_target/waist_q_des_velocity_rms: 3.2040
Metrics/racket_target/right_arm_q_des_velocity_rms: 8.3777
Metrics/racket_target/leg_q_des_velocity_rms: 7.2815
Metrics/racket_target/waist_q_des_acceleration_rms: 273.2726
Metrics/racket_target/right_arm_q_des_acceleration_rms: 717.7952
Metrics/racket_target/leg_q_des_acceleration_rms: 613.3218
Metrics/racket_target/action_operational_feasibility_score: 0.9144
Metrics/racket_target/actuator_overflow_consecutive_steps: 0.0000
Metrics/racket_target/actuator_overflow_severe: 0.0000
Metrics/racket_target/recovery_phase_gate: 0.0732
Metrics/racket_target/recovery_phase_ready_score: 0.0212
Metrics/racket_target/recovery_contact_ready_score: 0.0016
Metrics/racket_target/recovery_net_ready_score: 0.0016
Metrics/racket_target/recovery_return_ready_score: 0.0000
Metrics/racket_target/cycle_success_ready_score: 0.0000
Metrics/racket_target/cycle_success_soft: 0.0000
Metrics/racket_target/cycle_success_binary: 0.0000
Metrics/racket_target/cycle_v2_pending: 0.0000
Metrics/racket_target/cycle_v2_attempt_latch: 0.0000
Metrics/racket_target/cycle_v2_ready_success_latch: 0.0000
Metrics/racket_target/cycle_v2_ready_fail_latch: 0.0000
Metrics/racket_target/cycle_v2_attempt_event: 0.0000
Metrics/racket_target/cycle_v2_ready_success_event: 0.0000
Metrics/racket_target/cycle_v2_ready_fail_event: 0.0000
Metrics/racket_target/cycle_v2_unresolved_resample_fail_event: 0.0000
Metrics/racket_target/cycle_v2_resolved_event: 0.0000
Metrics/racket_target/cycle_v2_command_visible_steps: 0.0000
Metrics/racket_target/cycle_v2_elapsed_steps: 0.0000
Metrics/racket_target/cycle_v2_ready_score: 0.0000
Metrics/racket_target/cycle_v2_ready_ok: 0.0000
Metrics/racket_target/cycle_v2_visible: 0.0000
Metrics/racket_target/cycle_v2_ready_score_ok: 0.0000
Metrics/racket_target/cycle_v2_height_ok: 0.0000
Metrics/racket_target/cycle_v2_upright_ok: 0.0000
Metrics/racket_target/cycle_v2_base_lin_vel_ok: 0.0000
Metrics/racket_target/cycle_v2_base_ang_vel_ok: 0.0000
Metrics/racket_target/cycle_v2_feet_ok: 0.0000
Metrics/racket_target/cycle_v2_core_ready_ok: 0.0000
Metrics/racket_target/cycle_v2_ready_consecutive_steps: 0.0000
Metrics/racket_target/single_cycle_bootstrap: 0.0000
Metrics/racket_target/single_cycle_swing_completed: 0.0000
Metrics/racket_target/single_cycle_recovery_active: 0.0000
Metrics/racket_target/single_cycle_recovery_elapsed_steps: 0.0000
Metrics/racket_target/single_cycle_ready_consecutive_steps: 0.0000
Metrics/racket_target/single_cycle_safe_timeout_event: 0.0000
Metrics/racket_target/single_cycle_deadline_timeout_event: 0.0000
Metrics/racket_target/single_cycle_timeout_latch: 0.0000
Metrics/racket_target/single_cycle_hard_failure_event: 0.0000
Metrics/racket_target/single_cycle_probability: 0.0000
Metrics/racket_target/single_cycle_curriculum_level: 0.0000
Metrics/racket_target/single_cycle_effective_deadline_steps: 100.0000
Metrics/racket_target/single_cycle_selected_events: 0.0000
Metrics/racket_target/single_cycle_completed_events: 0.0000
Metrics/racket_target/single_cycle_safe_timeout_events: 0.0000
Metrics/racket_target/single_cycle_deadline_timeout_events: 0.0000
Metrics/racket_target/single_cycle_hard_failure_events: 0.0000
Metrics/racket_target/active_ready_consecutive_steps: 0.0000
Metrics/racket_target/active_ready_success_event: 0.0000
Metrics/racket_target/active_ready_success_latch: 0.0000
Metrics/racket_target/active_ready_survival_steps: 0.0000
Metrics/racket_target/active_ready_survival_next_milestone: 0.0000
Metrics/racket_target/active_ready_survival_milestone_event: 0.0000
Metrics/racket_target/no_command_ready_active: 0.0234
Metrics/racket_target/no_command_from_stand_episode: 0.0234
Metrics/racket_target/no_command_from_default_stand_reset: 0.0234
Metrics/racket_target/no_command_ready_upright_ok: 0.0156
Metrics/racket_target/no_command_ready_motion_ok: 0.0000
Metrics/racket_target/no_command_ready_score: 0.0103
Metrics/racket_target/no_command_ready_progress: -0.0115
Metrics/racket_target/no_command_ready_station_error: 0.0056
Metrics/racket_target/no_command_ready_fixed_station_error: 0.0056
Metrics/racket_target/healthy_training_stage: 3.0000
Metrics/racket_target/healthy_stage_planted_rehearsal: 0.0000
Metrics/racket_target/healthy_stage_station_hold_seen: 0.0000
Metrics/racket_target/healthy_stage_station_arrived: 0.0000
Metrics/racket_target/healthy_stage_station_settled: 0.0000
Metrics/racket_target/healthy_stage_station_settle_steps: 0.0000
Metrics/racket_target/station_relocation_active: 0.0000
Metrics/racket_target/station_relocation_target_offset_y: 0.0000
Metrics/racket_target/station_relocation_error: 0.0000
Metrics/racket_target/station_relocation_arrival_event: 0.0000
Metrics/racket_target/station_relocation_settle_event: 0.0000
Metrics/racket_target/station_relocation_release_event: 0.0000
Metrics/racket_target/station_relocation_timeout_event: 0.0000
Metrics/racket_target/station_relocation_elapsed_steps: 0.0000
Metrics/racket_target/station_relocation_hold_deadline_steps: 0.0000
Metrics/racket_target/lifecycle_recovery_hold_active: 0.0000
Metrics/racket_target/lifecycle_recovery_release_success_event: 0.0000
Metrics/racket_target/lifecycle_recovery_release_fail_event: 0.0000
Metrics/racket_target/station_relocation_level: 0.0000
Metrics/racket_target/station_relocation_arrival_ema: 0.0000
Metrics/racket_target/station_relocation_settle_ema: 0.0000
Metrics/racket_target/station_relocation_contact_ema: 0.0000
Metrics/racket_target/station_relocation_safety_ema: 0.0000
Metrics/racket_target/station_relocation_resolved_events: 0.0000
Metrics/racket_target/station_relocation_terminal_reset_events: 0.0000
Metrics/racket_target/station_relocation_advance_streak: 0.0000
Metrics/racket_target/station_relocation_regress_streak: 0.0000
Metrics/racket_target/station_relocation_effective_max_lin_vel: 0.0000
Metrics/racket_target/station_relocation_effective_max_ang_vel: 0.0000
Metrics/racket_target/station_relocation_effective_min_settle_steps: 0.0000
Metrics/racket_target/ability_curriculum_level: 0.0000
Metrics/racket_target/ability_curriculum_scale: 1.0000
Metrics/racket_target/ability_curriculum_resolved_events: 1564.7812
Metrics/racket_target/ability_curriculum_total_resolved_events: 1564.7812
Metrics/racket_target/ability_curriculum_advance_streak: 0.0000
Metrics/racket_target/ability_curriculum_regress_streak: 0.0000
Metrics/racket_target/ability_contact_ema: 0.6762
Metrics/racket_target/ability_net_ema: 0.6689
Metrics/racket_target/ability_success_ema: 0.0165
Metrics/racket_target/ability_recovery_ema: 0.8093
Metrics/racket_target/ability_cycle_ema: 0.0165
Metrics/racket_target/ability_cycle_attempt_ema: 0.0165
Metrics/racket_target/ability_cycle_resolved_ema: 0.0163
Metrics/racket_target/ability_forehand_contact_ema: 0.7148
Metrics/racket_target/ability_forehand_net_ema: 0.7142
Metrics/racket_target/ability_forehand_success_ema: 0.0045
Metrics/racket_target/ability_backhand_contact_ema: 0.6365
Metrics/racket_target/ability_backhand_net_ema: 0.6225
Metrics/racket_target/ability_backhand_success_ema: 0.0237
Metrics/racket_target/ability_attempt_ema: 1.0000
Metrics/racket_target/ability_targeted_attempt_ema: 0.9992
Metrics/racket_target/impact_health_floor_progress: 0.0000
Metrics/racket_target/ability_safety_ema: 0.9476
Metrics/racket_target/ability_station_saturation_ema: 0.0000
Metrics/racket_target/ability_healthy_normal_ema: 0.9996
Metrics/racket_target/ability_station_arrival_ema: 0.0000
Metrics/racket_target/ability_station_settle_ema: 0.0000
Metrics/racket_target/safe_outcome_capability_gate: 0.5253
Metrics/racket_target/planner_hit_plane_blend: 1.0000
Metrics/racket_target/planner_hit_plane_x_delta: 0.0372
Metrics/racket_target/true_strike_table_x: 0.2000
Metrics/racket_target/planner_target_table_x: 0.2000
Metrics/racket_target/workspace_level: 0.0000
Metrics/racket_target/workspace_fringe_sample: 0.0000
Metrics/racket_target/workspace_target_lateral_norm: 0.2770
Metrics/racket_target/workspace_target_table_y: -0.2001
Metrics/racket_target/workspace_playable_y_min: -0.7225
Metrics/racket_target/workspace_playable_y_max: 0.7225
Metrics/racket_target/workspace_active_y_lo: -0.2609
Metrics/racket_target/workspace_active_y_hi: -0.1306
Metrics/racket_target/workspace_motion_seed_blend: 0.0000
Metrics/racket_target/planner_perturb_curriculum_scale: 1.0000
Metrics/racket_target/incoming_ball_horizontal_speed: 2.2647
Metrics/racket_target/incoming_ball_speed: 4.6112
Metrics/racket_target/incoming_ball_speed_curriculum_level: 0.0000
Metrics/racket_target/incoming_ball_speed_sample_low: 0.0000
Metrics/racket_target/incoming_ball_speed_sample_high: 0.0000
Metrics/racket_target/station_saturated: 0.0000
Metrics/racket_target/station_raw_clip_excess: 0.0000
Metrics/racket_target/station_saturated_x: 0.0000
Metrics/racket_target/station_saturated_y: 0.0000
Metrics/racket_target/station_raw_clip_excess_x: 0.0000
Metrics/racket_target/station_raw_clip_excess_y: 0.0000
Metrics/racket_target/current_swing_opportunity: 0.0640
Metrics/racket_target/current_swing_attempt: 0.0640
Metrics/racket_target/current_swing_targeted_attempt: 0.0640
Metrics/racket_target/prev_swing_targeted_attempt: 0.9112
Metrics/racket_target/current_swing_unsafe: 0.0602
Metrics/racket_target/current_swing_station_saturated: 0.0000
Metrics/racket_target/impact_health_score: 0.8482
Metrics/racket_target/impact_health_ok: 0.8611
Metrics/racket_target/impact_health_backlean_violation: 0.0113
Metrics/racket_target/impact_health_waist_backfold: 0.0000
Metrics/racket_target/impact_health_base_retreat: 0.0365
Metrics/racket_target/impact_health_torso_gravity_x: 0.2174
Metrics/racket_target/impact_health_torso_ang_vel: 0.5570
Metrics/racket_target/impact_health_com_x: 0.0710
Metrics/racket_target/impact_health_com_y: 0.0363
Metrics/racket_target/post_contact_ready_pending: 0.0143
Metrics/racket_target/post_contact_ready_elapsed_steps: 0.1250
Metrics/racket_target/post_contact_ready_consecutive_steps: 0.0104
Metrics/racket_target/post_contact_ready_diagnostic_pending: 0.0143
Metrics/racket_target/post_contact_ready_diagnostic_elapsed_steps: 0.4062
Metrics/racket_target/post_contact_ready_durable_pending: 0.0143
Metrics/racket_target/post_contact_ready_durable_consecutive_steps: 0.0000
Metrics/racket_target/post_contact_ready_durable_ready_now: 0.0000
Metrics/racket_target/post_contact_ready_durable_success_event: 0.0000
Metrics/racket_target/post_contact_ready_durable_fail_event: 0.0000
Metrics/racket_target/post_contact_ready_durable_resolution_success_rate: 0.1840
Metrics/racket_target/post_contact_ready_durable_resolution_fail_rate: 0.7460
Metrics/racket_target/post_contact_ready_durable_resolution_success_latency_steps: 35.0000
Metrics/racket_target/post_contact_ready_durable_resolution_fail_latency_steps: 33.5032
Metrics/racket_target/post_contact_ready_durable_fail_backlean_rate: 0.0505
Metrics/racket_target/post_contact_ready_durable_fail_forward_lean_rate: 0.9114
Metrics/racket_target/post_contact_ready_durable_fail_torso_ang_vel_rate: 0.0505
Metrics/racket_target/post_contact_ready_durable_fail_base_lin_vel_rate: 0.0518
Metrics/racket_target/post_contact_ready_durable_fail_base_ang_vel_rate: 0.3598
Metrics/racket_target/post_contact_ready_durable_fail_racket_speed_rate: 0.0505
Metrics/racket_target/post_contact_ready_durable_fail_height_rate: 0.0505
Metrics/racket_target/post_contact_ready_durable_fail_com_x_rate: 0.0535
Metrics/racket_target/post_contact_ready_durable_fail_com_y_rate: 0.0505
Metrics/racket_target/post_contact_ready_durable_fail_feet_rate: 0.0505
Metrics/racket_target/post_contact_ready_durable_fail_station_rate: 0.0518
Metrics/racket_target/post_contact_ready_durable_fail_arm_rate: 0.0505
Metrics/racket_target/post_contact_ready_terminal_window_active: 0.0000
Metrics/racket_target/post_contact_ready_terminal_quality: 0.0068
Metrics/racket_target/post_contact_ready_terminal_settlement_event: 0.0000
Metrics/racket_target/post_contact_ready_operational_ready_now: 0.0000
Metrics/racket_target/post_contact_ready_operational_consecutive_steps: 0.0000
Metrics/racket_target/post_contact_ready_safe_settlement_event: 0.0000
Metrics/racket_target/post_contact_ready_unsafe_settlement_event: 0.0000
Metrics/racket_target/post_contact_ready_incomplete_settlement_event: 0.0000
Metrics/racket_target/post_contact_ready_safe_net_cycle_event: 0.0000
Metrics/racket_target/post_contact_ready_terminal_quality_mean: 0.9162
Metrics/racket_target/post_contact_ready_safe_terminal_quality_mean: 0.9256
Metrics/racket_target/post_contact_ready_terminal_safe_rate: 0.7242
Metrics/racket_target/post_contact_ready_terminal_unsafe_rate: 0.0300
Metrics/racket_target/post_contact_ready_terminal_incomplete_rate: 0.2458
Metrics/racket_target/post_contact_ready_safe_net_cycle_rate: 0.7162
Metrics/racket_target/post_contact_ready_score: 0.7953
Metrics/racket_target/post_contact_ready_now: 0.0104
Metrics/racket_target/post_contact_ready_success_event: 0.0000
Metrics/racket_target/post_contact_ready_fail_event: 0.0000
Metrics/racket_target/post_contact_ready_outcome_tier: -0.9505
Metrics/racket_target/post_contact_ready_face_quality: 0.0247
Metrics/racket_target/post_contact_ready_safe_face_net_cycle_value: 0.0000
Metrics/racket_target/post_contact_ready_planner_speed_ratio: 0.0206
Metrics/racket_target/post_contact_ready_planner_direction_error_rad: 0.0108
Metrics/racket_target/post_contact_ready_planner_position_error: 0.0016
Metrics/racket_target/post_contact_ready_impact_health_score: 0.0231
Metrics/racket_target/post_contact_ready_peak_base_ang_vel: 0.0298
Metrics/racket_target/post_contact_ready_peak_ang_vel_excess_increment: 0.0000
Metrics/racket_target/post_contact_ready_envelope_violation_latch: 0.0104
Metrics/racket_target/post_contact_ready_envelope_violation_event: 0.0000
Metrics/racket_target/post_contact_ready_envelope_first_violation_step: -0.6146
Metrics/racket_target/post_contact_ready_envelope_attempts: 1596.5938
Metrics/racket_target/post_contact_ready_envelope_violation_rate: 0.0325
Metrics/racket_target/post_contact_ready_envelope_tilt_violation_rate: 0.0002
Metrics/racket_target/post_contact_ready_envelope_pitch_violation_rate: 0.0007
Metrics/racket_target/post_contact_ready_envelope_com_violation_rate: 0.0019
Metrics/racket_target/post_contact_ready_envelope_waist_violation_rate: 0.0000
Metrics/racket_target/post_contact_ready_envelope_leg_violation_rate: 0.0000
Metrics/racket_target/post_contact_ready_envelope_base_ang_vel_violation_rate: 0.0314
Metrics/racket_target/post_contact_ready_resolution_success_rate: 0.9708
Metrics/racket_target/post_contact_ready_resolution_fail_rate: 0.0132
Metrics/racket_target/post_contact_ready_resolution_success_latency_steps: 4.8733
Metrics/racket_target/post_contact_ready_resolution_fail_latency_steps: 14.1703
Metrics/racket_target/post_contact_ready_max_tilt: 0.0073
Metrics/racket_target/post_contact_ready_max_abs_pitch: 0.0072
Metrics/racket_target/post_contact_ready_max_com_x: 0.0028
Metrics/racket_target/post_contact_ready_max_com_y: 0.0009
Metrics/racket_target/post_contact_ready_max_waist_overflow: 0.0000
Metrics/racket_target/post_contact_ready_max_leg_overflow: 0.0000
Metrics/racket_target/post_contact_ready_settlement_velocity_score_ema: 0.6793
Metrics/racket_target/post_contact_ready_settlement_position_gate_ema: 0.7892
Metrics/racket_target/post_contact_ready_settlement_health_gate_ema: 0.9758
Metrics/racket_target/post_contact_ready_settlement_recovery_gate_ema: 0.4352
Metrics/racket_target/post_contact_ready_settlement_total_score_ema: 0.2307
Metrics/racket_target/post_contact_recovery_backlean_error: 0.0283
Metrics/racket_target/post_contact_recovery_directional_progress: 0.0000
Metrics/racket_target/post_contact_ready_torso_ok: 0.8757
Metrics/racket_target/post_contact_ready_motion_ok: 0.7304
Metrics/racket_target/post_contact_ready_support_ok: 0.8611
Metrics/racket_target/post_contact_ready_arm_ok: 1.0000
Metrics/racket_target/post_contact_ready_base_lin_vel_ok: 0.8838
Metrics/racket_target/post_contact_ready_base_ang_vel_ok: 0.7486
Metrics/racket_target/post_contact_ready_racket_speed_ok: 0.9789
Metrics/racket_target/post_contact_ready_height_ok: 0.9398
Metrics/racket_target/post_contact_ready_com_x_ok: 0.8611
Metrics/racket_target/post_contact_ready_com_y_ok: 0.9740
Metrics/racket_target/post_contact_ready_feet_ok: 1.0000
Metrics/racket_target/post_contact_ready_station_ok: 0.8760
Metrics/racket_target/post_contact_ready_fail_torso: 0.0000
Metrics/racket_target/post_contact_ready_fail_base_lin_vel: 0.0000
Metrics/racket_target/post_contact_ready_fail_base_ang_vel: 0.0000
Metrics/racket_target/post_contact_ready_fail_racket_speed: 0.0000
Metrics/racket_target/post_contact_ready_fail_support: 0.0000
Metrics/racket_target/post_contact_ready_fail_arm: 0.0000
Metrics/racket_target/post_contact_ready_shadow_now: 0.0000
Metrics/racket_target/post_contact_ready_shadow_consecutive_steps: 0.0000
Metrics/racket_target/post_contact_ready_shadow_success_latch: 0.0000
Metrics/racket_target/post_contact_ready_curriculum_level: 0.0000
Metrics/racket_target/post_contact_ready_curriculum_fraction: 1.0000
Metrics/racket_target/post_contact_ready_curriculum_success_ema: 0.0000
Metrics/racket_target/post_contact_ready_curriculum_shadow_success_ema: 0.0000
Metrics/racket_target/post_contact_ready_curriculum_resolved_events: 0.0000
Metrics/racket_target/post_contact_ready_curriculum_successful_events: 0.0000
Metrics/racket_target/post_contact_ready_curriculum_targeted_attempt_ema: 0.0000
Metrics/racket_target/post_contact_ready_curriculum_return_success_ema: 0.0000
Metrics/racket_target/post_contact_ready_curriculum_completed_swings: 0.0000
Metrics/racket_target/post_contact_ready_curriculum_advance_streak: 0.0000
Metrics/racket_target/post_contact_ready_curriculum_advance_guard_ok: 0.0000
Metrics/racket_target/post_contact_ready_effective_max_torso_ang_vel: 1.5000
Metrics/racket_target/post_contact_ready_effective_torso_x_min: -0.1200
Metrics/racket_target/post_contact_ready_effective_torso_x_max: 0.3200
Metrics/racket_target/post_contact_ready_effective_max_base_lin_vel: 0.4500
Metrics/racket_target/post_contact_ready_effective_max_base_ang_vel: 1.3000
Metrics/racket_target/post_contact_ready_effective_max_racket_speed: 3.0000
Metrics/racket_target/post_contact_ready_effective_min_feet_contact: 0.5000
Metrics/racket_target/post_contact_ready_effective_required_consecutive_steps: 3.0000
Metrics/racket_target/post_contact_ready_effective_deadline_steps: 40.0000
Metrics/racket_target/post_contact_ready_curriculum_advance_threshold: 1.0000
Metrics/racket_target/post_contact_ready_curriculum_advance_min_events: 0.0000
Metrics/racket_target/post_contact_ready_curriculum_shadow_threshold: 1.0000
Metrics/racket_target/post_contact_ready_curriculum_min_targeted_attempt_ema: 0.0000
Metrics/racket_target/post_contact_ready_curriculum_min_return_success_ema: 0.0000
Metrics/racket_target/post_contact_ready_curriculum_min_completed_swings: 1.0000
Metrics/racket_target/post_contact_ready_curriculum_required_advance_checks: 1.0000
Metrics/racket_target/racket_normal_error_deg: 28.4042
Metrics/racket_target/impact_normal_error_deg: 0.7389
Metrics/racket_target/impact_racket_vel_error_mps: 0.5123
Metrics/racket_target/impact_racket_speed_ratio: 0.9153
Metrics/racket_target/impact_racket_vel_angle_deg: 12.2073
Metrics/racket_target/impact_racket_actual_vel_x: 1.0042
Metrics/racket_target/impact_racket_actual_vel_y: 0.1174
Metrics/racket_target/impact_racket_actual_vel_z: 1.3449
Metrics/racket_target/impact_racket_target_vel_x: 1.2093
Metrics/racket_target/impact_racket_target_vel_y: -0.0246
Metrics/racket_target/impact_racket_target_vel_z: 1.3466
Metrics/racket_target/impact_ball_out_error_mps: 4.5570
Metrics/racket_target/impact_face_radial_error_m: 0.0504
Metrics/racket_target/impact_face_normal_gap_m: 0.0604
Metrics/racket_target/impact_face_quality: 0.7012
Metrics/racket_target/impact_center_contact: 0.0039
Metrics/racket_target/impact_center_net_cross: 0.0039
Metrics/racket_target/impact_center_on_opponent: 0.0000
Metrics/racket_target/impact_rim_contact: 0.0000
Metrics/racket_target/impact_rim_net_cross: 0.0000
Metrics/racket_target/impact_rim_on_opponent: 0.0000
Metrics/racket_target/impact_analytic_outer_contact: 0.0000
Metrics/racket_target/impact_analytic_outer_net_cross: 0.0000
Metrics/racket_target/impact_analytic_outer_on_opponent: 0.0000
Metrics/racket_target/impact_planner_pos_error_m: 0.0857
Metrics/racket_target/impact_planner_vel_error_mps: 0.5123
Metrics/racket_target/impact_planner_speed_ratio: 0.9153
Metrics/racket_target/impact_planner_vel_angle_deg: 12.2073
Metrics/racket_target/impact_healthy_normal_ok: 0.0039
Metrics/racket_target/impact_healthy_contact: 0.0039
Metrics/racket_target/impact_healthy_net_cross: 0.0039
Metrics/racket_target/impact_healthy_on_opponent: 0.0000
Metrics/racket_target/current_swing_impact_health_score: 0.0231
Metrics/racket_target/current_swing_healthy_contact: 0.0247
Metrics/racket_target/current_swing_healthy_net_cross: 0.0247
Metrics/racket_target/current_swing_healthy_on_opponent: 0.0000
Metrics/racket_target/current_swing_healthy_normal_ok: 0.0640
Metrics/racket_target/current_swing_contact: 0.0247
Metrics/racket_target/current_swing_net_cross: 0.0247
Metrics/racket_target/current_swing_on_opponent: 0.0000
Metrics/racket_target/current_swing_center_contact: 0.0143
Metrics/racket_target/current_swing_center_net_cross: 0.0143
Metrics/racket_target/current_swing_center_on_opponent: 0.0000
Metrics/racket_target/current_swing_rim_contact: 0.0104
Metrics/racket_target/current_swing_rim_net_cross: 0.0104
Metrics/racket_target/current_swing_rim_on_opponent: 0.0000
Metrics/racket_target/current_swing_analytic_outer_contact: 0.0000
Metrics/racket_target/current_swing_analytic_outer_net_cross: 0.0000
Metrics/racket_target/current_swing_analytic_outer_on_opponent: 0.0000
Metrics/racket_target/cycle_v2_outcome_tier: -1.0000
Metrics/racket_target/cycle_v2_streak: 0.0000
Metrics/racket_target/closed_loop_recovery_trigger_event: 0.0039
Metrics/racket_target/closed_loop_cycle_success_event: 0.0000
Metrics/racket_target/closed_loop_durable_cycle_success_event: 0.0000
Metrics/racket_target/closed_loop_phase_id: 1.4122
Metrics/racket_target/closed_loop_phase_ready_no_command: 0.0234
Metrics/racket_target/closed_loop_phase_command_acquire: 0.6281
Metrics/racket_target/closed_loop_phase_pre_strike: 0.2613
Metrics/racket_target/closed_loop_phase_strike: 0.0872
Metrics/racket_target/closed_loop_phase_follow_through: 0.0000
Metrics/racket_target/closed_loop_phase_recovery: 0.0000
Metrics/racket_target/closed_loop_phase_next_ready: 0.0000
Metrics/racket_target/post_contact_phase_impact_0_100ms_attempts: 1596.5938
Metrics/racket_target/post_contact_phase_impact_0_100ms_tilt_gt_0p1_rate: 1.0000
Metrics/racket_target/post_contact_phase_impact_0_100ms_pitch_gt_0p1_rate: 1.0000
Metrics/racket_target/post_contact_phase_impact_0_100ms_waist_overflow_gt_1p0_rate: 0.0000
Metrics/racket_target/post_contact_phase_impact_0_100ms_base_ang_vel_gt_0p8_rate: 0.9842
Metrics/racket_target/post_contact_phase_brake_100_300ms_attempts: 1554.3438
Metrics/racket_target/post_contact_phase_brake_100_300ms_tilt_gt_0p1_rate: 0.9987
Metrics/racket_target/post_contact_phase_brake_100_300ms_pitch_gt_0p1_rate: 0.9981
Metrics/racket_target/post_contact_phase_brake_100_300ms_waist_overflow_gt_1p0_rate: 0.0000
Metrics/racket_target/post_contact_phase_brake_100_300ms_base_ang_vel_gt_0p8_rate: 0.9969
Metrics/racket_target/post_contact_phase_settle_300_600ms_attempts: 1501.6250
Metrics/racket_target/post_contact_phase_settle_300_600ms_tilt_gt_0p1_rate: 0.7401
Metrics/racket_target/post_contact_phase_settle_300_600ms_pitch_gt_0p1_rate: 0.6740
Metrics/racket_target/post_contact_phase_settle_300_600ms_waist_overflow_gt_1p0_rate: 0.0000
Metrics/racket_target/post_contact_phase_settle_300_600ms_base_ang_vel_gt_0p8_rate: 0.9886
Metrics/racket_target/post_contact_phase_ready_after_600ms_attempts: 1406.8438
Metrics/racket_target/post_contact_phase_ready_after_600ms_tilt_gt_0p1_rate: 0.4567
Metrics/racket_target/post_contact_phase_ready_after_600ms_pitch_gt_0p1_rate: 0.3642
Metrics/racket_target/post_contact_phase_ready_after_600ms_waist_overflow_gt_1p0_rate: 0.0000
Metrics/racket_target/post_contact_phase_ready_after_600ms_base_ang_vel_gt_0p8_rate: 0.9389
Metrics/racket_target/base_pitch_like_signed: -0.1678
Metrics/racket_target/base_backward_velocity: 0.0787
Metrics/racket_target/waist_action_rms: 0.4604
Metrics/racket_target/right_arm_action_rms: 4.1099
Metrics/racket_target/leg_action_rms: 0.5119
Metrics/racket_target/action_abs_max: 7.2424
Metrics/racket_target/applied_action_abs_max: 7.0910
Metrics/racket_target/leg_action_abs_max: 0.9579
Metrics/racket_target/effective_action_abs_max: 7.0910
Metrics/racket_target/action_clamp_fraction: 0.0046
Metrics/racket_target/waist_action_clamp_fraction: 0.0000
Metrics/racket_target/right_arm_action_clamp_fraction: 0.0015
Metrics/racket_target/leg_action_clamp_fraction: 0.0111
Metrics/racket_target/waist_q_tracking_error_rms: 0.3893
Metrics/racket_target/right_arm_q_tracking_error_rms: 0.1670
Metrics/racket_target/leg_q_tracking_error_rms: 0.2055
Metrics/racket_target/waist_torque_clip_fraction: 0.0000
Metrics/racket_target/right_arm_torque_clip_fraction: 0.0000
Metrics/racket_target/leg_torque_clip_fraction: 0.0000
Metrics/racket_target/waist_action_delta_rms: 0.1409
Metrics/racket_target/right_arm_action_delta_rms: 0.9452
Metrics/racket_target/leg_action_delta_rms: 0.2776
Metrics/racket_target/waist_joint_vel_rms: 0.7879
Metrics/racket_target/right_arm_joint_vel_rms: 1.4249
Metrics/racket_target/leg_joint_vel_rms: 0.6965
Metrics/racket_target/recovery_leg_action_abs_max: 0.1066
Metrics/racket_target/recovery_leg_action_delta_rms: 0.0195
Metrics/racket_target/recovery_leg_joint_vel_rms: 0.0729
      Episode_Termination/time_out: 3.7500
  Episode_Termination/base_too_low: 0.0000
   Episode_Termination/base_tilted: 0.1875
   Episode_Termination/table_touch: 0.2500
Episode_Termination/persistent_action_overflow: 0.0000
--------------------------------------------------------------------------------
                   Total timesteps: 458752
                    Iteration time: 2.28s
                      Time elapsed: 00:00:15
                               ETA: 00:00:31

################################################################################
                     [1m Learning iteration 1807/1820 [0m                     

                       Computation: 28493 steps/s (collection: 2.285s, learning 0.015s)
             Mean action noise std: 0.45
          Mean value_function loss: 0.0781
               Mean surrogate loss: 0.0000
                 Mean entropy loss: 2.8121
      Mean critic_only_warmup loss: 1.0000
                       Mean reward: 8.72
               Mean episode length: 243.89
 Episode_Reward/undesired_contacts: 0.0000
  Episode_Reward/feet_contact_slip: -0.0014
     Episode_Reward/table_no_touch: -0.0004
              Episode_Reward/alive: 0.0046
            Episode_Reward/upright: -0.0047
          Episode_Reward/imitation: 0.1909
    Episode_Reward/racket_position: 0.0435
Episode_Reward/backhand_racket_position: 0.0181
    Episode_Reward/racket_velocity: 0.0281
Episode_Reward/planner_racket_task_space_crossfade: 0.1805
Episode_Reward/exact_impact_planner_task_space_alignment: 0.0045
    Episode_Reward/blade_direction: 0.0259
Episode_Reward/health_gated_soft_ball_contact: 0.0276
Episode_Reward/health_gated_backhand_soft_ball_contact: 0.0162
Episode_Reward/health_gated_ball_contact: 0.0054
Episode_Reward/healthy_trunk_support: 0.0427
Episode_Reward/targeted_strike_attempt: 0.0065
  Episode_Reward/strike_inactivity: -0.0000
 Episode_Reward/pre_strike_station: 0.0410
    Episode_Reward/recovery_health: 0.0225
Episode_Reward/no_command_ready_stability: 0.0008
Episode_Reward/post_strike_base_ang_vel: 0.0041
Episode_Reward/phase_action_overflow: -0.0001
     Episode_Reward/strike_balance: 0.0167
Episode_Reward/prestrike_station_progress: 0.0084
 Episode_Reward/lower_body_support: 0.0248
Episode_Reward/termination_penalty: -0.0151
Episode_Reward/phase_action_rate_waist: -0.0001
Episode_Reward/phase_action_rate_upper: -0.0028
Episode_Reward/phase_action_rate_legs: -0.0001
        Episode_Reward/joint_limit: -0.0172
Episode_Reward/prestrike_racket_progress: 0.1173
Episode_Reward/near_impact_planner_velocity_progress: 0.0262
Episode_Reward/operational_joint_margin: -0.0047
  Episode_Reward/joint_target_slew: -0.0150
Episode_Reward/actuator_waist_feasibility: -0.0000
Episode_Reward/actuator_right_arm_feasibility: -0.0000
Episode_Reward/actuator_leg_feasibility: -0.0000
Episode_Reward/terminal_quality_window: 0.0005
Episode_Reward/safe_terminal_quality: 0.0008
Episode_Reward/unsafe_terminal_recovery: -0.0000
Episode_Reward/capability_gated_safe_terminal_outcome: 0.0050
Episode_Reward/targeted_contact_miss: -0.0016
    Metrics/motion/error_joint_pos: 1.2261
    Metrics/motion/error_joint_vel: 5.2431
     Metrics/motion/error_body_pos: 0.1096
     Metrics/motion/error_body_rot: 0.3646
       Metrics/motion/motion_phase: 0.4524
            Metrics/motion/in_hold: 0.0366
Metrics/motion/motion_start_warmup_prob: 0.8000
Metrics/motion/motion_start_lifecycle_progress: 0.0000
Metrics/motion/motion_start_effective_prestrike_fraction: 1.0000
Metrics/motion/motion_start_effective_recovery_fraction: 0.0000
Metrics/motion/motion_start_effective_rsi_fraction: 0.0000
 Metrics/motion/motion_start_reset: 0.0104
Metrics/motion/motion_start_prestrike_reset: 0.0000
Metrics/motion/motion_start_recovery_reset: 0.0000
Metrics/motion/motion_start_rsi_reset: 0.0000
 Metrics/motion/single_cycle_reset: 0.0000
     Metrics/motion/motion_clip_id: 0.6263
Metrics/motion/motion_supplemental_clip: 0.0000
      Metrics/motion/stand_episode: 0.0217
Metrics/motion/default_stand_reset: 0.0602
Metrics/motion/error_body_pos_lower: 0.1177
Metrics/motion/error_body_rot_lower: 0.3521
Metrics/motion/error_body_lin_vel_lower: 0.1821
Metrics/motion/error_body_ang_vel_lower: 0.8232
Metrics/motion/reference_body_lin_speed_lower: 0.0219
Metrics/motion/robot_body_lin_speed_lower: 0.1794
Metrics/motion/error_body_pos_core: 0.0694
Metrics/motion/error_body_rot_core: 0.2312
Metrics/motion/error_body_lin_vel_core: 0.3060
Metrics/motion/error_body_ang_vel_core: 1.1821
Metrics/motion/reference_body_lin_speed_core: 0.0272
Metrics/motion/robot_body_lin_speed_core: 0.3046
Metrics/motion/error_body_pos_upper: 0.1148
Metrics/motion/error_body_rot_upper: 0.4214
Metrics/motion/error_body_lin_vel_upper: 0.8068
Metrics/motion/error_body_ang_vel_upper: 2.1310
Metrics/motion/reference_body_lin_speed_upper: 0.0983
Metrics/motion/robot_body_lin_speed_upper: 0.8158
Metrics/motion/error_joint_pos_waist: 0.2554
Metrics/motion/error_joint_vel_waist: 1.3513
Metrics/motion/reference_joint_speed_waist: 0.0259
Metrics/motion/error_joint_pos_arms: 1.0314
Metrics/motion/error_joint_vel_arms: 4.2751
Metrics/motion/reference_joint_speed_arms: 0.1918
Metrics/motion/error_joint_pos_legs: 0.5616
Metrics/motion/error_joint_vel_legs: 2.4599
Metrics/motion/reference_joint_speed_legs: 0.0082
Metrics/racket_target/racket_pos_error: 0.1405
Metrics/racket_target/racket_vel_error: 1.2390
Metrics/racket_target/time_to_strike: -0.1818
Metrics/racket_target/return_success: 0.0151
Metrics/racket_target/prev_return_success: 0.0201
Metrics/racket_target/prev_net_cross: 0.6253
Metrics/racket_target/current_net_cross: 0.4642
Metrics/racket_target/racket_pos_curriculum_scale: 1.0000
Metrics/racket_target/impact_inverse_command_blend: 0.0000
Metrics/racket_target/steps_since_target_resample: 86.9461
Metrics/racket_target/recovery_height_error: 0.0400
Metrics/racket_target/recovery_upright_error: 0.2221
Metrics/racket_target/recovery_base_lin_vel: 0.2605
Metrics/racket_target/recovery_base_ang_vel: 1.0161
Metrics/racket_target/recovery_station_error: 0.1093
Metrics/racket_target/recovery_feet_contact_frac: 0.9777
Metrics/racket_target/recovery_racket_speed: 1.4441
Metrics/racket_target/recovery_height_score: 0.8579
Metrics/racket_target/recovery_upright_score: 0.5872
Metrics/racket_target/recovery_lin_vel_score: 0.6286
Metrics/racket_target/recovery_ang_vel_score: 0.2829
Metrics/racket_target/recovery_station_score: 0.8170
Metrics/racket_target/recovery_racket_score: 0.1702
Metrics/racket_target/recovery_arm_score: 0.7672
Metrics/racket_target/recovery_ready_score: 0.6461
Metrics/racket_target/recovery_anchor_arm_score: 1.0000
Metrics/racket_target/recovery_core_ready_score: 0.5114
Metrics/racket_target/recovery_functional_ready_score: 0.4427
Metrics/racket_target/waist_action_overflow_rms: 0.0032
Metrics/racket_target/right_arm_action_overflow_rms: 0.0060
Metrics/racket_target/leg_action_overflow_rms: 0.0039
Metrics/racket_target/operational_margin_fraction: 0.0064
Metrics/racket_target/waist_operational_margin_fraction: 0.0052
Metrics/racket_target/right_arm_operational_margin_fraction: 0.0037
Metrics/racket_target/leg_operational_margin_fraction: 0.0131
Metrics/racket_target/waist_operational_excess_rms: 0.0020
Metrics/racket_target/right_arm_operational_excess_rms: 0.0008
Metrics/racket_target/leg_operational_excess_rms: 0.0035
Metrics/racket_target/q_des_velocity_violation_fraction: 0.0691
Metrics/racket_target/waist_q_des_velocity_violation_fraction: 0.0052
Metrics/racket_target/right_arm_q_des_velocity_violation_fraction: 0.0696
Metrics/racket_target/leg_q_des_velocity_violation_fraction: 0.1019
Metrics/racket_target/q_des_acceleration_violation_fraction: 0.6975
Metrics/racket_target/waist_q_des_acceleration_violation_fraction: 0.5645
Metrics/racket_target/right_arm_q_des_acceleration_violation_fraction: 0.7978
Metrics/racket_target/leg_q_des_acceleration_violation_fraction: 0.7712
Metrics/racket_target/waist_q_des_velocity_rms: 3.3292
Metrics/racket_target/right_arm_q_des_velocity_rms: 7.4135
Metrics/racket_target/leg_q_des_velocity_rms: 6.9446
Metrics/racket_target/waist_q_des_acceleration_rms: 273.6483
Metrics/racket_target/right_arm_q_des_acceleration_rms: 651.5553
Metrics/racket_target/leg_q_des_acceleration_rms: 592.8274
Metrics/racket_target/action_operational_feasibility_score: 0.9422
Metrics/racket_target/actuator_overflow_consecutive_steps: 0.0000
Metrics/racket_target/actuator_overflow_severe: 0.0000
Metrics/racket_target/recovery_phase_gate: 0.6535
Metrics/racket_target/recovery_phase_ready_score: 0.4316
Metrics/racket_target/recovery_contact_ready_score: 0.2780
Metrics/racket_target/recovery_net_ready_score: 0.2627
Metrics/racket_target/recovery_return_ready_score: 0.0072
Metrics/racket_target/cycle_success_ready_score: 0.0000
Metrics/racket_target/cycle_success_soft: 0.0000
Metrics/racket_target/cycle_success_binary: 0.0000
Metrics/racket_target/cycle_v2_pending: 0.0000
Metrics/racket_target/cycle_v2_attempt_latch: 0.0000
Metrics/racket_target/cycle_v2_ready_success_latch: 0.0000
Metrics/racket_target/cycle_v2_ready_fail_latch: 0.0000
Metrics/racket_target/cycle_v2_attempt_event: 0.0000
Metrics/racket_target/cycle_v2_ready_success_event: 0.0000
Metrics/racket_target/cycle_v2_ready_fail_event: 0.0000
Metrics/racket_target/cycle_v2_unresolved_resample_fail_event: 0.0000
Metrics/racket_target/cycle_v2_resolved_event: 0.0000
Metrics/racket_target/cycle_v2_command_visible_steps: 0.0000
Metrics/racket_target/cycle_v2_elapsed_steps: 0.0000
Metrics/racket_target/cycle_v2_ready_score: 0.0000
Metrics/racket_target/cycle_v2_ready_ok: 0.0000
Metrics/racket_target/cycle_v2_visible: 0.0000
Metrics/racket_target/cycle_v2_ready_score_ok: 0.0000
Metrics/racket_target/cycle_v2_height_ok: 0.0000
Metrics/racket_target/cycle_v2_upright_ok: 0.0000
Metrics/racket_target/cycle_v2_base_lin_vel_ok: 0.0000
Metrics/racket_target/cycle_v2_base_ang_vel_ok: 0.0000
Metrics/racket_target/cycle_v2_feet_ok: 0.0000
Metrics/racket_target/cycle_v2_core_ready_ok: 0.0000
Metrics/racket_target/cycle_v2_ready_consecutive_steps: 0.0000
Metrics/racket_target/single_cycle_bootstrap: 0.0000
Metrics/racket_target/single_cycle_swing_completed: 0.0000
Metrics/racket_target/single_cycle_recovery_active: 0.0000
Metrics/racket_target/single_cycle_recovery_elapsed_steps: 0.0000
Metrics/racket_target/single_cycle_ready_consecutive_steps: 0.0000
Metrics/racket_target/single_cycle_safe_timeout_event: 0.0000
Metrics/racket_target/single_cycle_deadline_timeout_event: 0.0000
Metrics/racket_target/single_cycle_timeout_latch: 0.0000
Metrics/racket_target/single_cycle_hard_failure_event: 0.0000
Metrics/racket_target/single_cycle_probability: 0.0000
Metrics/racket_target/single_cycle_curriculum_level: 0.0000
Metrics/racket_target/single_cycle_effective_deadline_steps: 100.0000
Metrics/racket_target/single_cycle_selected_events: 0.0000
Metrics/racket_target/single_cycle_completed_events: 0.0000
Metrics/racket_target/single_cycle_safe_timeout_events: 0.0000
Metrics/racket_target/single_cycle_deadline_timeout_events: 0.0000
Metrics/racket_target/single_cycle_hard_failure_events: 0.0000
Metrics/racket_target/active_ready_consecutive_steps: 0.0000
Metrics/racket_target/active_ready_success_event: 0.0000
Metrics/racket_target/active_ready_success_latch: 0.0000
Metrics/racket_target/active_ready_survival_steps: 0.0000
Metrics/racket_target/active_ready_survival_next_milestone: 0.0000
Metrics/racket_target/active_ready_survival_milestone_event: 0.0000
Metrics/racket_target/no_command_ready_active: 0.0262
Metrics/racket_target/no_command_from_stand_episode: 0.0217
Metrics/racket_target/no_command_from_default_stand_reset: 0.0217
Metrics/racket_target/no_command_ready_upright_ok: 0.0182
Metrics/racket_target/no_command_ready_motion_ok: 0.0000
Metrics/racket_target/no_command_ready_score: 0.0105
Metrics/racket_target/no_command_ready_progress: -0.0102
Metrics/racket_target/no_command_ready_station_error: 0.0050
Metrics/racket_target/no_command_ready_fixed_station_error: 0.0050
Metrics/racket_target/healthy_training_stage: 3.0000
Metrics/racket_target/healthy_stage_planted_rehearsal: 0.0000
Metrics/racket_target/healthy_stage_station_hold_seen: 0.0000
Metrics/racket_target/healthy_stage_station_arrived: 0.0000
Metrics/racket_target/healthy_stage_station_settled: 0.0000
Metrics/racket_target/healthy_stage_station_settle_steps: 0.0000
Metrics/racket_target/station_relocation_active: 0.0000
Metrics/racket_target/station_relocation_target_offset_y: 0.0000
Metrics/racket_target/station_relocation_error: 0.0000
Metrics/racket_target/station_relocation_arrival_event: 0.0000
Metrics/racket_target/station_relocation_settle_event: 0.0000
Metrics/racket_target/station_relocation_release_event: 0.0000
Metrics/racket_target/station_relocation_timeout_event: 0.0000
Metrics/racket_target/station_relocation_elapsed_steps: 0.0000
Metrics/racket_target/station_relocation_hold_deadline_steps: 0.0000
Metrics/racket_target/lifecycle_recovery_hold_active: 0.0000
Metrics/racket_target/lifecycle_recovery_release_success_event: 0.0000
Metrics/racket_target/lifecycle_recovery_release_fail_event: 0.0000
Metrics/racket_target/station_relocation_level: 0.0000
Metrics/racket_target/station_relocation_arrival_ema: 0.0000
Metrics/racket_target/station_relocation_settle_ema: 0.0000
Metrics/racket_target/station_relocation_contact_ema: 0.0000
Metrics/racket_target/station_relocation_safety_ema: 0.0000
Metrics/racket_target/station_relocation_resolved_events: 0.0000
Metrics/racket_target/station_relocation_terminal_reset_events: 0.0000
Metrics/racket_target/station_relocation_advance_streak: 0.0000
Metrics/racket_target/station_relocation_regress_streak: 0.0000
Metrics/racket_target/station_relocation_effective_max_lin_vel: 0.0000
Metrics/racket_target/station_relocation_effective_max_ang_vel: 0.0000
Metrics/racket_target/station_relocation_effective_min_settle_steps: 0.0000
Metrics/racket_target/ability_curriculum_level: 0.0000
Metrics/racket_target/ability_curriculum_scale: 1.0000
Metrics/racket_target/ability_curriculum_resolved_events: 1700.0312
Metrics/racket_target/ability_curriculum_total_resolved_events: 1700.0312
Metrics/racket_target/ability_curriculum_advance_streak: 0.0000
Metrics/racket_target/ability_curriculum_regress_streak: 0.0000
Metrics/racket_target/ability_contact_ema: 0.6478
Metrics/racket_target/ability_net_ema: 0.6442
Metrics/racket_target/ability_success_ema: 0.0036
Metrics/racket_target/ability_recovery_ema: 0.7972
Metrics/racket_target/ability_cycle_ema: 0.0036
Metrics/racket_target/ability_cycle_attempt_ema: 0.0036
Metrics/racket_target/ability_cycle_resolved_ema: 0.0036
Metrics/racket_target/ability_forehand_contact_ema: 0.6414
Metrics/racket_target/ability_forehand_net_ema: 0.6413
Metrics/racket_target/ability_forehand_success_ema: 0.0003
Metrics/racket_target/ability_backhand_contact_ema: 0.6471
Metrics/racket_target/ability_backhand_net_ema: 0.6399
Metrics/racket_target/ability_backhand_success_ema: 0.0044
Metrics/racket_target/ability_attempt_ema: 1.0000
Metrics/racket_target/ability_targeted_attempt_ema: 0.9999
Metrics/racket_target/impact_health_floor_progress: 0.0000
Metrics/racket_target/ability_safety_ema: 0.9272
Metrics/racket_target/ability_station_saturation_ema: 0.0000
Metrics/racket_target/ability_healthy_normal_ema: 1.0000
Metrics/racket_target/ability_station_arrival_ema: 0.0000
Metrics/racket_target/ability_station_settle_ema: 0.0000
Metrics/racket_target/safe_outcome_capability_gate: 0.0766
Metrics/racket_target/planner_hit_plane_blend: 1.0000
Metrics/racket_target/planner_hit_plane_x_delta: 0.0369
Metrics/racket_target/true_strike_table_x: 0.2000
Metrics/racket_target/planner_target_table_x: 0.2000
Metrics/racket_target/workspace_level: 0.0000
Metrics/racket_target/workspace_fringe_sample: 0.0000
Metrics/racket_target/workspace_target_lateral_norm: 0.2846
Metrics/racket_target/workspace_target_table_y: -0.2056
Metrics/racket_target/workspace_playable_y_min: -0.7225
Metrics/racket_target/workspace_playable_y_max: 0.7225
Metrics/racket_target/workspace_active_y_lo: -0.2732
Metrics/racket_target/workspace_active_y_hi: -0.1420
Metrics/racket_target/workspace_motion_seed_blend: 0.0000
Metrics/racket_target/planner_perturb_curriculum_scale: 1.0000
Metrics/racket_target/incoming_ball_horizontal_speed: 2.2452
Metrics/racket_target/incoming_ball_speed: 4.6500
Metrics/racket_target/incoming_ball_speed_curriculum_level: 0.0000
Metrics/racket_target/incoming_ball_speed_sample_low: 0.0000
Metrics/racket_target/incoming_ball_speed_sample_high: 0.0000
Metrics/racket_target/station_saturated: 0.0000
Metrics/racket_target/station_raw_clip_excess: 0.0000
Metrics/racket_target/station_saturated_x: 0.0000
Metrics/racket_target/station_saturated_y: 0.0000
Metrics/racket_target/station_raw_clip_excess_x: 0.0000
Metrics/racket_target/station_raw_clip_excess_y: 0.0000
Metrics/racket_target/current_swing_opportunity: 0.7752
Metrics/racket_target/current_swing_attempt: 0.7752
Metrics/racket_target/current_swing_targeted_attempt: 0.7481
Metrics/racket_target/prev_swing_targeted_attempt: 0.9241
Metrics/racket_target/current_swing_unsafe: 0.0951
Metrics/racket_target/current_swing_station_saturated: 0.0000
Metrics/racket_target/impact_health_score: 0.8409
Metrics/racket_target/impact_health_ok: 0.8775
Metrics/racket_target/impact_health_backlean_violation: 0.0315
Metrics/racket_target/impact_health_waist_backfold: 0.0025
Metrics/racket_target/impact_health_base_retreat: 0.0615
Metrics/racket_target/impact_health_torso_gravity_x: 0.1751
Metrics/racket_target/impact_health_torso_ang_vel: 0.5603
Metrics/racket_target/impact_health_com_x: 0.0611
Metrics/racket_target/impact_health_com_y: 0.0518
Metrics/racket_target/post_contact_ready_pending: 0.0745
Metrics/racket_target/post_contact_ready_elapsed_steps: 2.0608
Metrics/racket_target/post_contact_ready_consecutive_steps: 0.0569
Metrics/racket_target/post_contact_ready_diagnostic_pending: 0.4929
Metrics/racket_target/post_contact_ready_diagnostic_elapsed_steps: 7.4632
Metrics/racket_target/post_contact_ready_durable_pending: 0.4825
Metrics/racket_target/post_contact_ready_durable_consecutive_steps: 0.4013
Metrics/racket_target/post_contact_ready_durable_ready_now: 0.1160
Metrics/racket_target/post_contact_ready_durable_success_event: 0.0000
Metrics/racket_target/post_contact_ready_durable_fail_event: 0.0000
Metrics/racket_target/post_contact_ready_durable_resolution_success_rate: 0.1338
Metrics/racket_target/post_contact_ready_durable_resolution_fail_rate: 0.5530
Metrics/racket_target/post_contact_ready_durable_resolution_success_latency_steps: 35.0000
Metrics/racket_target/post_contact_ready_durable_resolution_fail_latency_steps: 33.0668
Metrics/racket_target/post_contact_ready_durable_fail_backlean_rate: 0.0666
Metrics/racket_target/post_contact_ready_durable_fail_forward_lean_rate: 0.9127
Metrics/racket_target/post_contact_ready_durable_fail_torso_ang_vel_rate: 0.0674
Metrics/racket_target/post_contact_ready_durable_fail_base_lin_vel_rate: 0.0689
Metrics/racket_target/post_contact_ready_durable_fail_base_ang_vel_rate: 0.3731
Metrics/racket_target/post_contact_ready_durable_fail_racket_speed_rate: 0.0666
Metrics/racket_target/post_contact_ready_durable_fail_height_rate: 0.0674
Metrics/racket_target/post_contact_ready_durable_fail_com_x_rate: 0.0705
Metrics/racket_target/post_contact_ready_durable_fail_com_y_rate: 0.0674
Metrics/racket_target/post_contact_ready_durable_fail_feet_rate: 0.0666
Metrics/racket_target/post_contact_ready_durable_fail_station_rate: 0.0689
Metrics/racket_target/post_contact_ready_durable_fail_arm_rate: 0.0666
Metrics/racket_target/post_contact_ready_terminal_window_active: 0.0130
Metrics/racket_target/post_contact_ready_terminal_quality: 0.0144
Metrics/racket_target/post_contact_ready_terminal_settlement_event: 0.0000
Metrics/racket_target/post_contact_ready_operational_ready_now: 0.0130
Metrics/racket_target/post_contact_ready_operational_consecutive_steps: 0.0260
Metrics/racket_target/post_contact_ready_safe_settlement_event: 0.0000
Metrics/racket_target/post_contact_ready_unsafe_settlement_event: 0.0000
Metrics/racket_target/post_contact_ready_incomplete_settlement_event: 0.0000
Metrics/racket_target/post_contact_ready_safe_net_cycle_event: 0.0000
Metrics/racket_target/post_contact_ready_terminal_quality_mean: 0.9154
Metrics/racket_target/post_contact_ready_safe_terminal_quality_mean: 0.9249
Metrics/racket_target/post_contact_ready_terminal_safe_rate: 0.7223
Metrics/racket_target/post_contact_ready_terminal_unsafe_rate: 0.0306
Metrics/racket_target/post_contact_ready_terminal_incomplete_rate: 0.2471
Metrics/racket_target/post_contact_ready_safe_net_cycle_rate: 0.7140
Metrics/racket_target/post_contact_ready_score: 0.7866
Metrics/racket_target/post_contact_ready_now: 0.0333
Metrics/racket_target/post_contact_ready_success_event: 0.0000
Metrics/racket_target/post_contact_ready_fail_event: 0.0000
Metrics/racket_target/post_contact_ready_outcome_tier: -0.0341
Metrics/racket_target/post_contact_ready_face_quality: 0.4132
Metrics/racket_target/post_contact_ready_safe_face_net_cycle_value: 0.0000
Metrics/racket_target/post_contact_ready_planner_speed_ratio: 0.4693
Metrics/racket_target/post_contact_ready_planner_direction_error_rad: 0.1241
Metrics/racket_target/post_contact_ready_planner_position_error: 0.0313
Metrics/racket_target/post_contact_ready_impact_health_score: 0.4787
Metrics/racket_target/post_contact_ready_peak_base_ang_vel: 0.6918
Metrics/racket_target/post_contact_ready_peak_ang_vel_excess_increment: 0.0039
Metrics/racket_target/post_contact_ready_envelope_violation_latch: 0.0104
Metrics/racket_target/post_contact_ready_envelope_violation_event: 0.0000
Metrics/racket_target/post_contact_ready_envelope_first_violation_step: -0.8333
Metrics/racket_target/post_contact_ready_envelope_attempts: 2343.9062
Metrics/racket_target/post_contact_ready_envelope_violation_rate: 0.0289
Metrics/racket_target/post_contact_ready_envelope_tilt_violation_rate: 0.0004
Metrics/racket_target/post_contact_ready_envelope_pitch_violation_rate: 0.0009
Metrics/racket_target/post_contact_ready_envelope_com_violation_rate: 0.0017
Metrics/racket_target/post_contact_ready_envelope_waist_violation_rate: 0.0000
Metrics/racket_target/post_contact_ready_envelope_leg_violation_rate: 0.0000
Metrics/racket_target/post_contact_ready_envelope_base_ang_vel_violation_rate: 0.0281
Metrics/racket_target/post_contact_ready_resolution_success_rate: 0.9353
Metrics/racket_target/post_contact_ready_resolution_fail_rate: 0.0130
Metrics/racket_target/post_contact_ready_resolution_success_latency_steps: 4.7480
Metrics/racket_target/post_contact_ready_resolution_fail_latency_steps: 10.4632
Metrics/racket_target/post_contact_ready_max_tilt: 0.1050
Metrics/racket_target/post_contact_ready_max_abs_pitch: 0.1024
Metrics/racket_target/post_contact_ready_max_com_x: 0.0137
Metrics/racket_target/post_contact_ready_max_com_y: 0.0172
Metrics/racket_target/post_contact_ready_max_waist_overflow: 0.0000
Metrics/racket_target/post_contact_ready_max_leg_overflow: 0.0018
Metrics/racket_target/post_contact_ready_settlement_velocity_score_ema: 0.6496
Metrics/racket_target/post_contact_ready_settlement_position_gate_ema: 0.7791
Metrics/racket_target/post_contact_ready_settlement_health_gate_ema: 0.9779
Metrics/racket_target/post_contact_ready_settlement_recovery_gate_ema: 0.4236
Metrics/racket_target/post_contact_ready_settlement_total_score_ema: 0.2101
Metrics/racket_target/post_contact_recovery_backlean_error: 0.0407
Metrics/racket_target/post_contact_recovery_directional_progress: 0.0000
Metrics/racket_target/post_contact_ready_torso_ok: 0.7920
Metrics/racket_target/post_contact_ready_motion_ok: 0.7714
Metrics/racket_target/post_contact_ready_support_ok: 0.8775
Metrics/racket_target/post_contact_ready_arm_ok: 1.0000
Metrics/racket_target/post_contact_ready_base_lin_vel_ok: 0.8775
Metrics/racket_target/post_contact_ready_base_ang_vel_ok: 0.7818
Metrics/racket_target/post_contact_ready_racket_speed_ok: 0.9627
Metrics/racket_target/post_contact_ready_height_ok: 0.9153
Metrics/racket_target/post_contact_ready_com_x_ok: 0.8775
Metrics/racket_target/post_contact_ready_com_y_ok: 0.9257
Metrics/racket_target/post_contact_ready_feet_ok: 1.0000
Metrics/racket_target/post_contact_ready_station_ok: 0.8775
Metrics/racket_target/post_contact_ready_fail_torso: 0.0000
Metrics/racket_target/post_contact_ready_fail_base_lin_vel: 0.0000
Metrics/racket_target/post_contact_ready_fail_base_ang_vel: 0.0000
Metrics/racket_target/post_contact_ready_fail_racket_speed: 0.0000
Metrics/racket_target/post_contact_ready_fail_support: 0.0000
Metrics/racket_target/post_contact_ready_fail_arm: 0.0000
Metrics/racket_target/post_contact_ready_shadow_now: 0.0000
Metrics/racket_target/post_contact_ready_shadow_consecutive_steps: 0.0000
Metrics/racket_target/post_contact_ready_shadow_success_latch: 0.0000
Metrics/racket_target/post_contact_ready_curriculum_level: 0.0000
Metrics/racket_target/post_contact_ready_curriculum_fraction: 1.0000
Metrics/racket_target/post_contact_ready_curriculum_success_ema: 0.0000
Metrics/racket_target/post_contact_ready_curriculum_shadow_success_ema: 0.0000
Metrics/racket_target/post_contact_ready_curriculum_resolved_events: 0.0000
Metrics/racket_target/post_contact_ready_curriculum_successful_events: 0.0000
Metrics/racket_target/post_contact_ready_curriculum_targeted_attempt_ema: 0.0000
Metrics/racket_target/post_contact_ready_curriculum_return_success_ema: 0.0000
Metrics/racket_target/post_contact_ready_curriculum_completed_swings: 0.0000
Metrics/racket_target/post_contact_ready_curriculum_advance_streak: 0.0000
Metrics/racket_target/post_contact_ready_curriculum_advance_guard_ok: 0.0000
Metrics/racket_target/post_contact_ready_effective_max_torso_ang_vel: 1.5000
Metrics/racket_target/post_contact_ready_effective_torso_x_min: -0.1200
Metrics/racket_target/post_contact_ready_effective_torso_x_max: 0.3200
Metrics/racket_target/post_contact_ready_effective_max_base_lin_vel: 0.4500
Metrics/racket_target/post_contact_ready_effective_max_base_ang_vel: 1.3000
Metrics/racket_target/post_contact_ready_effective_max_racket_speed: 3.0000
Metrics/racket_target/post_contact_ready_effective_min_feet_contact: 0.5000
Metrics/racket_target/post_contact_ready_effective_required_consecutive_steps: 3.0000
Metrics/racket_target/post_contact_ready_effective_deadline_steps: 40.0000
Metrics/racket_target/post_contact_ready_curriculum_advance_threshold: 1.0000
Metrics/racket_target/post_contact_ready_curriculum_advance_min_events: 0.0000
Metrics/racket_target/post_contact_ready_curriculum_shadow_threshold: 1.0000
Metrics/racket_target/post_contact_ready_curriculum_min_targeted_attempt_ema: 0.0000
Metrics/racket_target/post_contact_ready_curriculum_min_return_success_ema: 0.0000
Metrics/racket_target/post_contact_ready_curriculum_min_completed_swings: 1.0000
Metrics/racket_target/post_contact_ready_curriculum_required_advance_checks: 1.0000
Metrics/racket_target/racket_normal_error_deg: 30.6500
Metrics/racket_target/impact_normal_error_deg: 10.1353
Metrics/racket_target/impact_racket_vel_error_mps: 0.6496
Metrics/racket_target/impact_racket_speed_ratio: 0.8970
Metrics/racket_target/impact_racket_vel_angle_deg: 15.3261
Metrics/racket_target/impact_racket_actual_vel_x: 0.8462
Metrics/racket_target/impact_racket_actual_vel_y: 0.0869
Metrics/racket_target/impact_racket_actual_vel_z: 1.4152
Metrics/racket_target/impact_racket_target_vel_x: 1.2202
Metrics/racket_target/impact_racket_target_vel_y: -0.0439
Metrics/racket_target/impact_racket_target_vel_z: 1.3682
Metrics/racket_target/impact_ball_out_error_mps: 4.5590
Metrics/racket_target/impact_face_radial_error_m: 0.0610
Metrics/racket_target/impact_face_normal_gap_m: 0.0564
Metrics/racket_target/impact_face_quality: 0.6666
Metrics/racket_target/impact_center_contact: 0.0000
Metrics/racket_target/impact_center_net_cross: 0.0000
Metrics/racket_target/impact_center_on_opponent: 0.0000
Metrics/racket_target/impact_rim_contact: 0.0141
Metrics/racket_target/impact_rim_net_cross: 0.0141
Metrics/racket_target/impact_rim_on_opponent: 0.0000
Metrics/racket_target/impact_analytic_outer_contact: 0.0104
Metrics/racket_target/impact_analytic_outer_net_cross: 0.0104
Metrics/racket_target/impact_analytic_outer_on_opponent: 0.0000
Metrics/racket_target/impact_planner_pos_error_m: 0.0908
Metrics/racket_target/impact_planner_vel_error_mps: 0.6496
Metrics/racket_target/impact_planner_speed_ratio: 0.8970
Metrics/racket_target/impact_planner_vel_angle_deg: 15.3261
Metrics/racket_target/impact_healthy_normal_ok: 0.0323
Metrics/racket_target/impact_healthy_contact: 0.0245
Metrics/racket_target/impact_healthy_net_cross: 0.0245
Metrics/racket_target/impact_healthy_on_opponent: 0.0000
Metrics/racket_target/current_swing_impact_health_score: 0.4787
Metrics/racket_target/current_swing_healthy_contact: 0.4929
Metrics/racket_target/current_swing_healthy_net_cross: 0.4642
Metrics/racket_target/current_swing_healthy_on_opponent: 0.0089
Metrics/racket_target/current_swing_healthy_normal_ok: 0.7481
Metrics/racket_target/current_swing_contact: 0.4929
Metrics/racket_target/current_swing_net_cross: 0.4642
Metrics/racket_target/current_swing_on_opponent: 0.0089
Metrics/racket_target/current_swing_center_contact: 0.3512
Metrics/racket_target/current_swing_center_net_cross: 0.3225
Metrics/racket_target/current_swing_center_on_opponent: 0.0089
Metrics/racket_target/current_swing_rim_contact: 0.1075
Metrics/racket_target/current_swing_rim_net_cross: 0.1075
Metrics/racket_target/current_swing_rim_on_opponent: 0.0000
Metrics/racket_target/current_swing_analytic_outer_contact: 0.0342
Metrics/racket_target/current_swing_analytic_outer_net_cross: 0.0342
Metrics/racket_target/current_swing_analytic_outer_on_opponent: 0.0000
Metrics/racket_target/cycle_v2_outcome_tier: -1.0000
Metrics/racket_target/cycle_v2_streak: 0.0000
Metrics/racket_target/closed_loop_recovery_trigger_event: 0.0245
Metrics/racket_target/closed_loop_cycle_success_event: 0.0000
Metrics/racket_target/closed_loop_durable_cycle_success_event: 0.0000
Metrics/racket_target/closed_loop_phase_id: 2.5523
Metrics/racket_target/closed_loop_phase_ready_no_command: 0.0262
Metrics/racket_target/closed_loop_phase_command_acquire: 0.0339
Metrics/racket_target/closed_loop_phase_pre_strike: 0.4897
Metrics/racket_target/closed_loop_phase_strike: 0.2621
Metrics/racket_target/closed_loop_phase_follow_through: 0.1882
Metrics/racket_target/closed_loop_phase_recovery: 0.0000
Metrics/racket_target/closed_loop_phase_next_ready: 0.0000
Metrics/racket_target/post_contact_phase_impact_0_100ms_attempts: 2343.9062
Metrics/racket_target/post_contact_phase_impact_0_100ms_tilt_gt_0p1_rate: 1.0000
Metrics/racket_target/post_contact_phase_impact_0_100ms_pitch_gt_0p1_rate: 1.0000
Metrics/racket_target/post_contact_phase_impact_0_100ms_waist_overflow_gt_1p0_rate: 0.0000
Metrics/racket_target/post_contact_phase_impact_0_100ms_base_ang_vel_gt_0p8_rate: 0.9769
Metrics/racket_target/post_contact_phase_brake_100_300ms_attempts: 2196.9062
Metrics/racket_target/post_contact_phase_brake_100_300ms_tilt_gt_0p1_rate: 0.9969
Metrics/racket_target/post_contact_phase_brake_100_300ms_pitch_gt_0p1_rate: 0.9952
Metrics/racket_target/post_contact_phase_brake_100_300ms_waist_overflow_gt_1p0_rate: 0.0000
Metrics/racket_target/post_contact_phase_brake_100_300ms_base_ang_vel_gt_0p8_rate: 0.9871
Metrics/racket_target/post_contact_phase_settle_300_600ms_attempts: 1903.9375
Metrics/racket_target/post_contact_phase_settle_300_600ms_tilt_gt_0p1_rate: 0.7608
Metrics/racket_target/post_contact_phase_settle_300_600ms_pitch_gt_0p1_rate: 0.6991
Metrics/racket_target/post_contact_phase_settle_300_600ms_waist_overflow_gt_1p0_rate: 0.0000
Metrics/racket_target/post_contact_phase_settle_300_600ms_base_ang_vel_gt_0p8_rate: 0.9711
Metrics/racket_target/post_contact_phase_ready_after_600ms_attempts: 1528.5312
Metrics/racket_target/post_contact_phase_ready_after_600ms_tilt_gt_0p1_rate: 0.4563
Metrics/racket_target/post_contact_phase_ready_after_600ms_pitch_gt_0p1_rate: 0.3646
Metrics/racket_target/post_contact_phase_ready_after_600ms_waist_overflow_gt_1p0_rate: 0.0000
Metrics/racket_target/post_contact_phase_ready_after_600ms_base_ang_vel_gt_0p8_rate: 0.9303
Metrics/racket_target/base_pitch_like_signed: -0.1762
Metrics/racket_target/base_backward_velocity: 0.1803
Metrics/racket_target/waist_action_rms: 0.3635
Metrics/racket_target/right_arm_action_rms: 3.6520
Metrics/racket_target/leg_action_rms: 0.4177
Metrics/racket_target/action_abs_max: 6.5123
Metrics/racket_target/applied_action_abs_max: 6.3190
Metrics/racket_target/leg_action_abs_max: 0.8104
Metrics/racket_target/effective_action_abs_max: 6.3077
Metrics/racket_target/action_clamp_fraction: 0.0038
Metrics/racket_target/waist_action_clamp_fraction: 0.0052
Metrics/racket_target/right_arm_action_clamp_fraction: 0.0037
Metrics/racket_target/leg_action_clamp_fraction: 0.0063
Metrics/racket_target/waist_q_tracking_error_rms: 0.3668
Metrics/racket_target/right_arm_q_tracking_error_rms: 0.1603
Metrics/racket_target/leg_q_tracking_error_rms: 0.2003
Metrics/racket_target/waist_torque_clip_fraction: 0.0000
Metrics/racket_target/right_arm_torque_clip_fraction: 0.0000
Metrics/racket_target/leg_torque_clip_fraction: 0.0000
Metrics/racket_target/waist_action_delta_rms: 0.1450
Metrics/racket_target/right_arm_action_delta_rms: 0.8173
Metrics/racket_target/leg_action_delta_rms: 0.2631
Metrics/racket_target/waist_joint_vel_rms: 0.7811
Metrics/racket_target/right_arm_joint_vel_rms: 1.2493
Metrics/racket_target/leg_joint_vel_rms: 0.7099
Metrics/racket_target/recovery_leg_action_abs_max: 0.5175
Metrics/racket_target/recovery_leg_action_delta_rms: 0.1719
Metrics/racket_target/recovery_leg_joint_vel_rms: 0.4622
      Episode_Termination/time_out: 3.9688
  Episode_Termination/base_too_low: 0.0312
   Episode_Termination/base_tilted: 0.3438
   Episode_Termination/table_touch: 0.1250
Episode_Termination/persistent_action_overflow: 0.0000
--------------------------------------------------------------------------------
                   Total timesteps: 524288
                    Iteration time: 2.30s
                      Time elapsed: 00:00:18
                               ETA: 00:00:29

################################################################################
                     [1m Learning iteration 1808/1820 [0m                     

                       Computation: 28648 steps/s (collection: 2.273s, learning 0.015s)
             Mean action noise std: 0.45
          Mean value_function loss: 0.1054
               Mean surrogate loss: -0.0000
                 Mean entropy loss: 2.8121
      Mean critic_only_warmup loss: 1.0000
                       Mean reward: 8.99
               Mean episode length: 267.23
 Episode_Reward/undesired_contacts: 0.0000
  Episode_Reward/feet_contact_slip: -0.0015
     Episode_Reward/table_no_touch: -0.0004
              Episode_Reward/alive: 0.0053
            Episode_Reward/upright: -0.0046
          Episode_Reward/imitation: 0.2263
    Episode_Reward/racket_position: 0.0499
Episode_Reward/backhand_racket_position: 0.0215
    Episode_Reward/racket_velocity: 0.0320
Episode_Reward/planner_racket_task_space_crossfade: 0.2018
Episode_Reward/exact_impact_planner_task_space_alignment: 0.0056
    Episode_Reward/blade_direction: 0.0295
Episode_Reward/health_gated_soft_ball_contact: 0.0326
Episode_Reward/health_gated_backhand_soft_ball_contact: 0.0199
Episode_Reward/health_gated_ball_contact: 0.0065
Episode_Reward/healthy_trunk_support: 0.0477
Episode_Reward/targeted_strike_attempt: 0.0073
  Episode_Reward/strike_inactivity: -0.0000
 Episode_Reward/pre_strike_station: 0.0436
    Episode_Reward/recovery_health: 0.0290
Episode_Reward/no_command_ready_stability: 0.0010
Episode_Reward/post_strike_base_ang_vel: 0.0056
Episode_Reward/phase_action_overflow: -0.0001
     Episode_Reward/strike_balance: 0.0190
Episode_Reward/prestrike_station_progress: 0.0104
 Episode_Reward/lower_body_support: 0.0279
Episode_Reward/termination_penalty: -0.0103
Episode_Reward/phase_action_rate_waist: -0.0002
Episode_Reward/phase_action_rate_upper: -0.0034
Episode_Reward/phase_action_rate_legs: -0.0002
        Episode_Reward/joint_limit: -0.0199
Episode_Reward/prestrike_racket_progress: 0.1184
Episode_Reward/near_impact_planner_velocity_progress: 0.0294
Episode_Reward/operational_joint_margin: -0.0044
  Episode_Reward/joint_target_slew: -0.0175
Episode_Reward/actuator_waist_feasibility: -0.0000
Episode_Reward/actuator_right_arm_feasibility: -0.0000
Episode_Reward/actuator_leg_feasibility: -0.0000
Episode_Reward/terminal_quality_window: 0.0009
Episode_Reward/safe_terminal_quality: 0.0017
Episode_Reward/unsafe_terminal_recovery: -0.0000
Episode_Reward/capability_gated_safe_terminal_outcome: 0.0111
Episode_Reward/targeted_contact_miss: -0.0015
    Metrics/motion/error_joint_pos: 1.1521
    Metrics/motion/error_joint_vel: 4.3550
     Metrics/motion/error_body_pos: 0.0954
     Metrics/motion/error_body_rot: 0.3208
       Metrics/motion/motion_phase: 0.6558
            Metrics/motion/in_hold: 0.0232
Metrics/motion/motion_start_warmup_prob: 0.8000
Metrics/motion/motion_start_lifecycle_progress: 0.0000
Metrics/motion/motion_start_effective_prestrike_fraction: 1.0000
Metrics/motion/motion_start_effective_recovery_fraction: 0.0000
Metrics/motion/motion_start_effective_rsi_fraction: 0.0000
 Metrics/motion/motion_start_reset: 0.0104
Metrics/motion/motion_start_prestrike_reset: 0.0000
Metrics/motion/motion_start_recovery_reset: 0.0000
Metrics/motion/motion_start_rsi_reset: 0.0000
 Metrics/motion/single_cycle_reset: 0.0000
     Metrics/motion/motion_clip_id: 0.5148
Metrics/motion/motion_supplemental_clip: 0.0000
      Metrics/motion/stand_episode: 0.0193
Metrics/motion/default_stand_reset: 0.0394
Metrics/motion/error_body_pos_lower: 0.1030
Metrics/motion/error_body_rot_lower: 0.3386
Metrics/motion/error_body_lin_vel_lower: 0.1247
Metrics/motion/error_body_ang_vel_lower: 0.6380
Metrics/motion/reference_body_lin_speed_lower: 0.0164
Metrics/motion/robot_body_lin_speed_lower: 0.1216
Metrics/motion/error_body_pos_core: 0.0624
Metrics/motion/error_body_rot_core: 0.2303
Metrics/motion/error_body_lin_vel_core: 0.1951
Metrics/motion/error_body_ang_vel_core: 0.7412
Metrics/motion/reference_body_lin_speed_core: 0.0174
Metrics/motion/robot_body_lin_speed_core: 0.1946
Metrics/motion/error_body_pos_upper: 0.0989
Metrics/motion/error_body_rot_upper: 0.3332
Metrics/motion/error_body_lin_vel_upper: 0.4276
Metrics/motion/error_body_ang_vel_upper: 1.5879
Metrics/motion/reference_body_lin_speed_upper: 0.0501
Metrics/motion/robot_body_lin_speed_upper: 0.4279
Metrics/motion/error_joint_pos_waist: 0.2399
Metrics/motion/error_joint_vel_waist: 0.9302
Metrics/motion/reference_joint_speed_waist: 0.0207
Metrics/motion/error_joint_pos_arms: 0.9719
Metrics/motion/error_joint_vel_arms: 3.6352
Metrics/motion/reference_joint_speed_arms: 0.1040
Metrics/motion/error_joint_pos_legs: 0.5444
Metrics/motion/error_joint_vel_legs: 1.9621
Metrics/motion/reference_joint_speed_legs: 0.0057
Metrics/racket_target/racket_pos_error: 0.1200
Metrics/racket_target/racket_vel_error: 1.3157
Metrics/racket_target/time_to_strike: -0.7907
Metrics/racket_target/return_success: 0.0417
Metrics/racket_target/prev_return_success: 0.0104
Metrics/racket_target/prev_net_cross: 0.6682
Metrics/racket_target/current_net_cross: 0.6876
Metrics/racket_target/racket_pos_curriculum_scale: 1.0000
Metrics/racket_target/impact_inverse_command_blend: 0.0000
Metrics/racket_target/steps_since_target_resample: 118.0512
Metrics/racket_target/recovery_height_error: 0.0293
Metrics/racket_target/recovery_upright_error: 0.1249
Metrics/racket_target/recovery_base_lin_vel: 0.1606
Metrics/racket_target/recovery_base_ang_vel: 0.7602
Metrics/racket_target/recovery_station_error: 0.0726
Metrics/racket_target/recovery_feet_contact_frac: 0.9927
Metrics/racket_target/recovery_racket_speed: 0.7885
Metrics/racket_target/recovery_height_score: 0.9069
Metrics/racket_target/recovery_upright_score: 0.8157
Metrics/racket_target/recovery_lin_vel_score: 0.7953
Metrics/racket_target/recovery_ang_vel_score: 0.4535
Metrics/racket_target/recovery_station_score: 0.8902
Metrics/racket_target/recovery_racket_score: 0.4079
Metrics/racket_target/recovery_arm_score: 0.8621
Metrics/racket_target/recovery_ready_score: 0.7772
Metrics/racket_target/recovery_anchor_arm_score: 1.0000
Metrics/racket_target/recovery_core_ready_score: 0.6954
Metrics/racket_target/recovery_functional_ready_score: 0.6309
Metrics/racket_target/waist_action_overflow_rms: 0.0018
Metrics/racket_target/right_arm_action_overflow_rms: 0.0000
Metrics/racket_target/leg_action_overflow_rms: 0.0064
Metrics/racket_target/operational_margin_fraction: 0.0050
Metrics/racket_target/waist_operational_margin_fraction: 0.0050
Metrics/racket_target/right_arm_operational_margin_fraction: 0.0000
Metrics/racket_target/leg_operational_margin_fraction: 0.0116
Metrics/racket_target/waist_operational_excess_rms: 0.0014
Metrics/racket_target/right_arm_operational_excess_rms: 0.0000
Metrics/racket_target/leg_operational_excess_rms: 0.0044
Metrics/racket_target/q_des_velocity_violation_fraction: 0.0602
Metrics/racket_target/waist_q_des_velocity_violation_fraction: 0.0056
Metrics/racket_target/right_arm_q_des_velocity_violation_fraction: 0.0916
Metrics/racket_target/leg_q_des_velocity_violation_fraction: 0.0742
Metrics/racket_target/q_des_acceleration_violation_fraction: 0.6851
Metrics/racket_target/waist_q_des_acceleration_violation_fraction: 0.5592
Metrics/racket_target/right_arm_q_des_acceleration_violation_fraction: 0.7835
Metrics/racket_target/leg_q_des_acceleration_violation_fraction: 0.7686
Metrics/racket_target/waist_q_des_velocity_rms: 3.0668
Metrics/racket_target/right_arm_q_des_velocity_rms: 7.7894
Metrics/racket_target/leg_q_des_velocity_rms: 6.3569
Metrics/racket_target/waist_q_des_acceleration_rms: 254.1701
Metrics/racket_target/right_arm_q_des_acceleration_rms: 654.1882
Metrics/racket_target/leg_q_des_acceleration_rms: 543.4927
Metrics/racket_target/action_operational_feasibility_score: 0.9439
Metrics/racket_target/actuator_overflow_consecutive_steps: 0.0000
Metrics/racket_target/actuator_overflow_severe: 0.0000
Metrics/racket_target/recovery_phase_gate: 0.9825
Metrics/racket_target/recovery_phase_ready_score: 0.7722
Metrics/racket_target/recovery_contact_ready_score: 0.5637
Metrics/racket_target/recovery_net_ready_score: 0.5575
Metrics/racket_target/recovery_return_ready_score: 0.0262
Metrics/racket_target/cycle_success_ready_score: 0.0000
Metrics/racket_target/cycle_success_soft: 0.0000
Metrics/racket_target/cycle_success_binary: 0.0000
Metrics/racket_target/cycle_v2_pending: 0.0000
Metrics/racket_target/cycle_v2_attempt_latch: 0.0000
Metrics/racket_target/cycle_v2_ready_success_latch: 0.0000
Metrics/racket_target/cycle_v2_ready_fail_latch: 0.0000
Metrics/racket_target/cycle_v2_attempt_event: 0.0000
Metrics/racket_target/cycle_v2_ready_success_event: 0.0000
Metrics/racket_target/cycle_v2_ready_fail_event: 0.0000
Metrics/racket_target/cycle_v2_unresolved_resample_fail_event: 0.0000
Metrics/racket_target/cycle_v2_resolved_event: 0.0000
Metrics/racket_target/cycle_v2_command_visible_steps: 0.0000
Metrics/racket_target/cycle_v2_elapsed_steps: 0.0000
Metrics/racket_target/cycle_v2_ready_score: 0.0000
Metrics/racket_target/cycle_v2_ready_ok: 0.0000
Metrics/racket_target/cycle_v2_visible: 0.0000
Metrics/racket_target/cycle_v2_ready_score_ok: 0.0000
Metrics/racket_target/cycle_v2_height_ok: 0.0000
Metrics/racket_target/cycle_v2_upright_ok: 0.0000
Metrics/racket_target/cycle_v2_base_lin_vel_ok: 0.0000
Metrics/racket_target/cycle_v2_base_ang_vel_ok: 0.0000
Metrics/racket_target/cycle_v2_feet_ok: 0.0000
Metrics/racket_target/cycle_v2_core_ready_ok: 0.0000
Metrics/racket_target/cycle_v2_ready_consecutive_steps: 0.0000
Metrics/racket_target/single_cycle_bootstrap: 0.0000
Metrics/racket_target/single_cycle_swing_completed: 0.0000
Metrics/racket_target/single_cycle_recovery_active: 0.0000
Metrics/racket_target/single_cycle_recovery_elapsed_steps: 0.0000
Metrics/racket_target/single_cycle_ready_consecutive_steps: 0.0000
Metrics/racket_target/single_cycle_safe_timeout_event: 0.0000
Metrics/racket_target/single_cycle_deadline_timeout_event: 0.0000
Metrics/racket_target/single_cycle_timeout_latch: 0.0000
Metrics/racket_target/single_cycle_hard_failure_event: 0.0000
Metrics/racket_target/single_cycle_probability: 0.0000
Metrics/racket_target/single_cycle_curriculum_level: 0.0000
Metrics/racket_target/single_cycle_effective_deadline_steps: 100.0000
Metrics/racket_target/single_cycle_selected_events: 0.0000
Metrics/racket_target/single_cycle_completed_events: 0.0000
Metrics/racket_target/single_cycle_safe_timeout_events: 0.0000
Metrics/racket_target/single_cycle_deadline_timeout_events: 0.0000
Metrics/racket_target/single_cycle_hard_failure_events: 0.0000
Metrics/racket_target/active_ready_consecutive_steps: 0.0154
Metrics/racket_target/active_ready_success_event: 0.0000
Metrics/racket_target/active_ready_success_latch: 0.0000
Metrics/racket_target/active_ready_survival_steps: 0.0000
Metrics/racket_target/active_ready_survival_next_milestone: 0.0000
Metrics/racket_target/active_ready_survival_milestone_event: 0.0000
Metrics/racket_target/no_command_ready_active: 0.0193
Metrics/racket_target/no_command_from_stand_episode: 0.0193
Metrics/racket_target/no_command_from_default_stand_reset: 0.0193
Metrics/racket_target/no_command_ready_upright_ok: 0.0154
Metrics/racket_target/no_command_ready_motion_ok: 0.0154
Metrics/racket_target/no_command_ready_score: 0.0127
Metrics/racket_target/no_command_ready_progress: 0.0074
Metrics/racket_target/no_command_ready_station_error: 0.0041
Metrics/racket_target/no_command_ready_fixed_station_error: 0.0041
Metrics/racket_target/healthy_training_stage: 3.0000
Metrics/racket_target/healthy_stage_planted_rehearsal: 0.0000
Metrics/racket_target/healthy_stage_station_hold_seen: 0.0000
Metrics/racket_target/healthy_stage_station_arrived: 0.0000
Metrics/racket_target/healthy_stage_station_settled: 0.0000
Metrics/racket_target/healthy_stage_station_settle_steps: 0.0000
Metrics/racket_target/station_relocation_active: 0.0000
Metrics/racket_target/station_relocation_target_offset_y: 0.0000
Metrics/racket_target/station_relocation_error: 0.0000
Metrics/racket_target/station_relocation_arrival_event: 0.0000
Metrics/racket_target/station_relocation_settle_event: 0.0000
Metrics/racket_target/station_relocation_release_event: 0.0000
Metrics/racket_target/station_relocation_timeout_event: 0.0000
Metrics/racket_target/station_relocation_elapsed_steps: 0.0000
Metrics/racket_target/station_relocation_hold_deadline_steps: 0.0000
Metrics/racket_target/lifecycle_recovery_hold_active: 0.0000
Metrics/racket_target/lifecycle_recovery_release_success_event: 0.0000
Metrics/racket_target/lifecycle_recovery_release_fail_event: 0.0000
Metrics/racket_target/station_relocation_level: 0.0000
Metrics/racket_target/station_relocation_arrival_ema: 0.0000
Metrics/racket_target/station_relocation_settle_ema: 0.0000
Metrics/racket_target/station_relocation_contact_ema: 0.0000
Metrics/racket_target/station_relocation_safety_ema: 0.0000
Metrics/racket_target/station_relocation_resolved_events: 0.0000
Metrics/racket_target/station_relocation_terminal_reset_events: 0.0000
Metrics/racket_target/station_relocation_advance_streak: 0.0000
Metrics/racket_target/station_relocation_regress_streak: 0.0000
Metrics/racket_target/station_relocation_effective_max_lin_vel: 0.0000
Metrics/racket_target/station_relocation_effective_max_ang_vel: 0.0000
Metrics/racket_target/station_relocation_effective_min_settle_steps: 0.0000
Metrics/racket_target/ability_curriculum_level: 0.0000
Metrics/racket_target/ability_curriculum_scale: 1.0000
Metrics/racket_target/ability_curriculum_resolved_events: 1821.5312
Metrics/racket_target/ability_curriculum_total_resolved_events: 1821.5312
Metrics/racket_target/ability_curriculum_advance_streak: 0.0000
Metrics/racket_target/ability_curriculum_regress_streak: 0.0000
Metrics/racket_target/ability_contact_ema: 0.6090
Metrics/racket_target/ability_net_ema: 0.6087
Metrics/racket_target/ability_success_ema: 0.0114
Metrics/racket_target/ability_recovery_ema: 0.7947
Metrics/racket_target/ability_cycle_ema: 0.0114
Metrics/racket_target/ability_cycle_attempt_ema: 0.0114
Metrics/racket_target/ability_cycle_resolved_ema: 0.0114
Metrics/racket_target/ability_forehand_contact_ema: 0.5934
Metrics/racket_target/ability_forehand_net_ema: 0.5934
Metrics/racket_target/ability_forehand_success_ema: 0.0055
Metrics/racket_target/ability_backhand_contact_ema: 0.6391
Metrics/racket_target/ability_backhand_net_ema: 0.6386
Metrics/racket_target/ability_backhand_success_ema: 0.0124
Metrics/racket_target/ability_attempt_ema: 1.0000
Metrics/racket_target/ability_targeted_attempt_ema: 0.9946
Metrics/racket_target/impact_health_floor_progress: 0.0000
Metrics/racket_target/ability_safety_ema: 0.9532
Metrics/racket_target/ability_station_saturation_ema: 0.0000
Metrics/racket_target/ability_healthy_normal_ema: 1.0000
Metrics/racket_target/ability_station_arrival_ema: 0.0000
Metrics/racket_target/ability_station_settle_ema: 0.0000
Metrics/racket_target/safe_outcome_capability_gate: 0.0285
Metrics/racket_target/planner_hit_plane_blend: 1.0000
Metrics/racket_target/planner_hit_plane_x_delta: 0.0358
Metrics/racket_target/true_strike_table_x: 0.2000
Metrics/racket_target/planner_target_table_x: 0.2000
Metrics/racket_target/workspace_level: 0.0000
Metrics/racket_target/workspace_fringe_sample: 0.0000
Metrics/racket_target/workspace_target_lateral_norm: 0.3496
Metrics/racket_target/workspace_target_table_y: -0.2526
Metrics/racket_target/workspace_playable_y_min: -0.7225
Metrics/racket_target/workspace_playable_y_max: 0.7225
Metrics/racket_target/workspace_active_y_lo: -0.3189
Metrics/racket_target/workspace_active_y_hi: -0.1844
Metrics/racket_target/workspace_motion_seed_blend: 0.0000
Metrics/racket_target/planner_perturb_curriculum_scale: 1.0000
Metrics/racket_target/incoming_ball_horizontal_speed: 2.2200
Metrics/racket_target/incoming_ball_speed: 4.6201
Metrics/racket_target/incoming_ball_speed_curriculum_level: 0.0000
Metrics/racket_target/incoming_ball_speed_sample_low: 0.0000
Metrics/racket_target/incoming_ball_speed_sample_high: 0.0000
Metrics/racket_target/station_saturated: 0.0000
Metrics/racket_target/station_raw_clip_excess: 0.0000
Metrics/racket_target/station_saturated_x: 0.0000
Metrics/racket_target/station_saturated_y: 0.0000
Metrics/racket_target/station_raw_clip_excess_x: 0.0000
Metrics/racket_target/station_raw_clip_excess_y: 0.0000
Metrics/racket_target/current_swing_opportunity: 0.9632
Metrics/racket_target/current_swing_attempt: 0.9632
Metrics/racket_target/current_swing_targeted_attempt: 0.9349
Metrics/racket_target/prev_swing_targeted_attempt: 0.9463
Metrics/racket_target/current_swing_unsafe: 0.0420
Metrics/racket_target/current_swing_station_saturated: 0.0000
Metrics/racket_target/impact_health_score: 0.9167
Metrics/racket_target/impact_health_ok: 0.9268
Metrics/racket_target/impact_health_backlean_violation: 0.0044
Metrics/racket_target/impact_health_waist_backfold: 0.0001
Metrics/racket_target/impact_health_base_retreat: 0.0335
Metrics/racket_target/impact_health_torso_gravity_x: 0.3272
Metrics/racket_target/impact_health_torso_ang_vel: 0.4053
Metrics/racket_target/impact_health_com_x: 0.0411
Metrics/racket_target/impact_health_com_y: 0.0238
Metrics/racket_target/post_contact_ready_pending: 0.0000
Metrics/racket_target/post_contact_ready_elapsed_steps: 3.2831
Metrics/racket_target/post_contact_ready_consecutive_steps: 0.0000
Metrics/racket_target/post_contact_ready_diagnostic_pending: 0.1977
Metrics/racket_target/post_contact_ready_diagnostic_elapsed_steps: 24.4977
Metrics/racket_target/post_contact_ready_durable_pending: 0.1549
Metrics/racket_target/post_contact_ready_durable_consecutive_steps: 0.4833
Metrics/racket_target/post_contact_ready_durable_ready_now: 0.0948
Metrics/racket_target/post_contact_ready_durable_success_event: 0.0000
Metrics/racket_target/post_contact_ready_durable_fail_event: 0.0078
Metrics/racket_target/post_contact_ready_durable_resolution_success_rate: 0.2190
Metrics/racket_target/post_contact_ready_durable_resolution_fail_rate: 0.6690
Metrics/racket_target/post_contact_ready_durable_resolution_success_latency_steps: 35.0000
Metrics/racket_target/post_contact_ready_durable_resolution_fail_latency_steps: 33.0486
Metrics/racket_target/post_contact_ready_durable_fail_backlean_rate: 0.0671
Metrics/racket_target/post_contact_ready_durable_fail_forward_lean_rate: 0.8829
Metrics/racket_target/post_contact_ready_durable_fail_torso_ang_vel_rate: 0.0676
Metrics/racket_target/post_contact_ready_durable_fail_base_lin_vel_rate: 0.0691
Metrics/racket_target/post_contact_ready_durable_fail_base_ang_vel_rate: 0.3892
Metrics/racket_target/post_contact_ready_durable_fail_racket_speed_rate: 0.0671
Metrics/racket_target/post_contact_ready_durable_fail_height_rate: 0.0676
Metrics/racket_target/post_contact_ready_durable_fail_com_x_rate: 0.0703
Metrics/racket_target/post_contact_ready_durable_fail_com_y_rate: 0.0676
Metrics/racket_target/post_contact_ready_durable_fail_feet_rate: 0.0671
Metrics/racket_target/post_contact_ready_durable_fail_station_rate: 0.0688
Metrics/racket_target/post_contact_ready_durable_fail_arm_rate: 0.0671
Metrics/racket_target/post_contact_ready_terminal_window_active: 0.0440
Metrics/racket_target/post_contact_ready_terminal_quality: 0.5343
Metrics/racket_target/post_contact_ready_terminal_settlement_event: 0.0078
Metrics/racket_target/post_contact_ready_operational_ready_now: 0.0440
Metrics/racket_target/post_contact_ready_operational_consecutive_steps: 0.1060
Metrics/racket_target/post_contact_ready_safe_settlement_event: 0.0000
Metrics/racket_target/post_contact_ready_unsafe_settlement_event: 0.0000
Metrics/racket_target/post_contact_ready_incomplete_settlement_event: 0.0078
Metrics/racket_target/post_contact_ready_safe_net_cycle_event: 0.0000
Metrics/racket_target/post_contact_ready_terminal_quality_mean: 0.9214
Metrics/racket_target/post_contact_ready_safe_terminal_quality_mean: 0.9306
Metrics/racket_target/post_contact_ready_terminal_safe_rate: 0.7290
Metrics/racket_target/post_contact_ready_terminal_unsafe_rate: 0.0312
Metrics/racket_target/post_contact_ready_terminal_incomplete_rate: 0.2398
Metrics/racket_target/post_contact_ready_safe_net_cycle_rate: 0.7144
Metrics/racket_target/post_contact_ready_score: 0.8533
Metrics/racket_target/post_contact_ready_now: 0.0000
Metrics/racket_target/post_contact_ready_success_event: 0.0000
Metrics/racket_target/post_contact_ready_fail_event: 0.0000
Metrics/racket_target/post_contact_ready_outcome_tier: 0.4247
Metrics/racket_target/post_contact_ready_face_quality: 0.5930
Metrics/racket_target/post_contact_ready_safe_face_net_cycle_value: 0.0000
Metrics/racket_target/post_contact_ready_planner_speed_ratio: 0.6295
Metrics/racket_target/post_contact_ready_planner_direction_error_rad: 0.1756
Metrics/racket_target/post_contact_ready_planner_position_error: 0.0428
Metrics/racket_target/post_contact_ready_impact_health_score: 0.6774
Metrics/racket_target/post_contact_ready_peak_base_ang_vel: 1.0650
Metrics/racket_target/post_contact_ready_peak_ang_vel_excess_increment: 0.0000
Metrics/racket_target/post_contact_ready_envelope_violation_latch: 0.0208
Metrics/racket_target/post_contact_ready_envelope_violation_event: 0.0000
Metrics/racket_target/post_contact_ready_envelope_first_violation_step: -0.7839
Metrics/racket_target/post_contact_ready_envelope_attempts: 2578.2188
Metrics/racket_target/post_contact_ready_envelope_violation_rate: 0.0317
Metrics/racket_target/post_contact_ready_envelope_tilt_violation_rate: 0.0004
Metrics/racket_target/post_contact_ready_envelope_pitch_violation_rate: 0.0008
Metrics/racket_target/post_contact_ready_envelope_com_violation_rate: 0.0018
Metrics/racket_target/post_contact_ready_envelope_waist_violation_rate: 0.0000
Metrics/racket_target/post_contact_ready_envelope_leg_violation_rate: 0.0000
Metrics/racket_target/post_contact_ready_envelope_base_ang_vel_violation_rate: 0.0308
Metrics/racket_target/post_contact_ready_resolution_success_rate: 0.9775
Metrics/racket_target/post_contact_ready_resolution_fail_rate: 0.0132
Metrics/racket_target/post_contact_ready_resolution_success_latency_steps: 4.8048
Metrics/racket_target/post_contact_ready_resolution_fail_latency_steps: 9.5882
Metrics/racket_target/post_contact_ready_max_tilt: 0.1409
Metrics/racket_target/post_contact_ready_max_abs_pitch: 0.1401
Metrics/racket_target/post_contact_ready_max_com_x: 0.0205
Metrics/racket_target/post_contact_ready_max_com_y: 0.0216
Metrics/racket_target/post_contact_ready_max_waist_overflow: 0.0000
Metrics/racket_target/post_contact_ready_max_leg_overflow: 0.0022
Metrics/racket_target/post_contact_ready_settlement_velocity_score_ema: 0.6255
Metrics/racket_target/post_contact_ready_settlement_position_gate_ema: 0.7678
Metrics/racket_target/post_contact_ready_settlement_health_gate_ema: 0.9782
Metrics/racket_target/post_contact_ready_settlement_recovery_gate_ema: 0.4065
Metrics/racket_target/post_contact_ready_settlement_total_score_ema: 0.1906
Metrics/racket_target/post_contact_recovery_backlean_error: 0.0359
Metrics/racket_target/post_contact_recovery_directional_progress: 0.0000
Metrics/racket_target/post_contact_ready_torso_ok: 0.4079
Metrics/racket_target/post_contact_ready_motion_ok: 0.8849
Metrics/racket_target/post_contact_ready_support_ok: 0.9268
Metrics/racket_target/post_contact_ready_arm_ok: 1.0000
Metrics/racket_target/post_contact_ready_base_lin_vel_ok: 0.9268
Metrics/racket_target/post_contact_ready_base_ang_vel_ok: 0.9018
Metrics/racket_target/post_contact_ready_racket_speed_ok: 0.9805
Metrics/racket_target/post_contact_ready_height_ok: 0.9619
Metrics/racket_target/post_contact_ready_com_x_ok: 0.9268
Metrics/racket_target/post_contact_ready_com_y_ok: 0.9685
Metrics/racket_target/post_contact_ready_feet_ok: 1.0000
Metrics/racket_target/post_contact_ready_station_ok: 0.9307
Metrics/racket_target/post_contact_ready_fail_torso: 0.0000
Metrics/racket_target/post_contact_ready_fail_base_lin_vel: 0.0000
Metrics/racket_target/post_contact_ready_fail_base_ang_vel: 0.0000
Metrics/racket_target/post_contact_ready_fail_racket_speed: 0.0000
Metrics/racket_target/post_contact_ready_fail_support: 0.0000
Metrics/racket_target/post_contact_ready_fail_arm: 0.0000
Metrics/racket_target/post_contact_ready_shadow_now: 0.0000
Metrics/racket_target/post_contact_ready_shadow_consecutive_steps: 0.0000
Metrics/racket_target/post_contact_ready_shadow_success_latch: 0.0000
Metrics/racket_target/post_contact_ready_curriculum_level: 0.0000
Metrics/racket_target/post_contact_ready_curriculum_fraction: 1.0000
Metrics/racket_target/post_contact_ready_curriculum_success_ema: 0.0000
Metrics/racket_target/post_contact_ready_curriculum_shadow_success_ema: 0.0000
Metrics/racket_target/post_contact_ready_curriculum_resolved_events: 0.0000
Metrics/racket_target/post_contact_ready_curriculum_successful_events: 0.0000
Metrics/racket_target/post_contact_ready_curriculum_targeted_attempt_ema: 0.0000
Metrics/racket_target/post_contact_ready_curriculum_return_success_ema: 0.0000
Metrics/racket_target/post_contact_ready_curriculum_completed_swings: 0.0000
Metrics/racket_target/post_contact_ready_curriculum_advance_streak: 0.0000
Metrics/racket_target/post_contact_ready_curriculum_advance_guard_ok: 0.0000
Metrics/racket_target/post_contact_ready_effective_max_torso_ang_vel: 1.5000
Metrics/racket_target/post_contact_ready_effective_torso_x_min: -0.1200
Metrics/racket_target/post_contact_ready_effective_torso_x_max: 0.3200
Metrics/racket_target/post_contact_ready_effective_max_base_lin_vel: 0.4500
Metrics/racket_target/post_contact_ready_effective_max_base_ang_vel: 1.3000
Metrics/racket_target/post_contact_ready_effective_max_racket_speed: 3.0000
Metrics/racket_target/post_contact_ready_effective_min_feet_contact: 0.5000
Metrics/racket_target/post_contact_ready_effective_required_consecutive_steps: 3.0000
Metrics/racket_target/post_contact_ready_effective_deadline_steps: 40.0000
Metrics/racket_target/post_contact_ready_curriculum_advance_threshold: 1.0000
Metrics/racket_target/post_contact_ready_curriculum_advance_min_events: 0.0000
Metrics/racket_target/post_contact_ready_curriculum_shadow_threshold: 1.0000
Metrics/racket_target/post_contact_ready_curriculum_min_targeted_attempt_ema: 0.0000
Metrics/racket_target/post_contact_ready_curriculum_min_return_success_ema: 0.0000
Metrics/racket_target/post_contact_ready_curriculum_min_completed_swings: 1.0000
Metrics/racket_target/post_contact_ready_curriculum_required_advance_checks: 1.0000
Metrics/racket_target/racket_normal_error_deg: 47.5249
Metrics/racket_target/impact_normal_error_deg: 12.5217
Metrics/racket_target/impact_racket_vel_error_mps: 0.5789
Metrics/racket_target/impact_racket_speed_ratio: 0.8730
Metrics/racket_target/impact_racket_vel_angle_deg: 14.2945
Metrics/racket_target/impact_racket_actual_vel_x: 0.8458
Metrics/racket_target/impact_racket_actual_vel_y: 0.0616
Metrics/racket_target/impact_racket_actual_vel_z: 1.3011
Metrics/racket_target/impact_racket_target_vel_x: 1.1786
Metrics/racket_target/impact_racket_target_vel_y: 0.0028
Metrics/racket_target/impact_racket_target_vel_z: 1.3415
Metrics/racket_target/impact_ball_out_error_mps: 4.3968
Metrics/racket_target/impact_face_radial_error_m: 0.0590
Metrics/racket_target/impact_face_normal_gap_m: 0.0463
Metrics/racket_target/impact_face_quality: 0.6875
Metrics/racket_target/impact_center_contact: 0.0000
Metrics/racket_target/impact_center_net_cross: 0.0000
Metrics/racket_target/impact_center_on_opponent: 0.0000
Metrics/racket_target/impact_rim_contact: 0.0000
Metrics/racket_target/impact_rim_net_cross: 0.0000
Metrics/racket_target/impact_rim_on_opponent: 0.0000
Metrics/racket_target/impact_analytic_outer_contact: 0.0000
Metrics/racket_target/impact_analytic_outer_net_cross: 0.0000
Metrics/racket_target/impact_analytic_outer_on_opponent: 0.0000
Metrics/racket_target/impact_planner_pos_error_m: 0.0816
Metrics/racket_target/impact_planner_vel_error_mps: 0.5789
Metrics/racket_target/impact_planner_speed_ratio: 0.8730
Metrics/racket_target/impact_planner_vel_angle_deg: 14.2945
Metrics/racket_target/impact_healthy_normal_ok: 0.0000
Metrics/racket_target/impact_healthy_contact: 0.0000
Metrics/racket_target/impact_healthy_net_cross: 0.0000
Metrics/racket_target/impact_healthy_on_opponent: 0.0000
Metrics/racket_target/current_swing_impact_health_score: 0.6774
Metrics/racket_target/current_swing_healthy_contact: 0.6954
Metrics/racket_target/current_swing_healthy_net_cross: 0.6876
Metrics/racket_target/current_swing_healthy_on_opponent: 0.0417
Metrics/racket_target/current_swing_healthy_normal_ok: 0.9570
Metrics/racket_target/current_swing_contact: 0.6954
Metrics/racket_target/current_swing_net_cross: 0.6876
Metrics/racket_target/current_swing_on_opponent: 0.0417
Metrics/racket_target/current_swing_center_contact: 0.5097
Metrics/racket_target/current_swing_center_net_cross: 0.5019
Metrics/racket_target/current_swing_center_on_opponent: 0.0130
Metrics/racket_target/current_swing_rim_contact: 0.1383
Metrics/racket_target/current_swing_rim_net_cross: 0.1383
Metrics/racket_target/current_swing_rim_on_opponent: 0.0286
Metrics/racket_target/current_swing_analytic_outer_contact: 0.0474
Metrics/racket_target/current_swing_analytic_outer_net_cross: 0.0474
Metrics/racket_target/current_swing_analytic_outer_on_opponent: 0.0000
Metrics/racket_target/cycle_v2_outcome_tier: -1.0000
Metrics/racket_target/cycle_v2_streak: 0.0000
Metrics/racket_target/closed_loop_recovery_trigger_event: 0.0000
Metrics/racket_target/closed_loop_cycle_success_event: 0.0000
Metrics/racket_target/closed_loop_durable_cycle_success_event: 0.0000
Metrics/racket_target/closed_loop_phase_id: 1.9776
Metrics/racket_target/closed_loop_phase_ready_no_command: 0.0193
Metrics/racket_target/closed_loop_phase_command_acquire: 0.0175
Metrics/racket_target/closed_loop_phase_pre_strike: 0.9445
Metrics/racket_target/closed_loop_phase_strike: 0.0039
Metrics/racket_target/closed_loop_phase_follow_through: 0.0148
Metrics/racket_target/closed_loop_phase_recovery: 0.0000
Metrics/racket_target/closed_loop_phase_next_ready: 0.0000
Metrics/racket_target/post_contact_phase_impact_0_100ms_attempts: 2578.2188
Metrics/racket_target/post_contact_phase_impact_0_100ms_tilt_gt_0p1_rate: 1.0000
Metrics/racket_target/post_contact_phase_impact_0_100ms_pitch_gt_0p1_rate: 1.0000
Metrics/racket_target/post_contact_phase_impact_0_100ms_waist_overflow_gt_1p0_rate: 0.0000
Metrics/racket_target/post_contact_phase_impact_0_100ms_base_ang_vel_gt_0p8_rate: 0.9819
Metrics/racket_target/post_contact_phase_brake_100_300ms_attempts: 2528.6250
Metrics/racket_target/post_contact_phase_brake_100_300ms_tilt_gt_0p1_rate: 0.9964
Metrics/racket_target/post_contact_phase_brake_100_300ms_pitch_gt_0p1_rate: 0.9946
Metrics/racket_target/post_contact_phase_brake_100_300ms_waist_overflow_gt_1p0_rate: 0.0000
Metrics/racket_target/post_contact_phase_brake_100_300ms_base_ang_vel_gt_0p8_rate: 0.9961
Metrics/racket_target/post_contact_phase_settle_300_600ms_attempts: 2435.1562
Metrics/racket_target/post_contact_phase_settle_300_600ms_tilt_gt_0p1_rate: 0.7945
Metrics/racket_target/post_contact_phase_settle_300_600ms_pitch_gt_0p1_rate: 0.7413
Metrics/racket_target/post_contact_phase_settle_300_600ms_waist_overflow_gt_1p0_rate: 0.0000
Metrics/racket_target/post_contact_phase_settle_300_600ms_base_ang_vel_gt_0p8_rate: 0.9886
Metrics/racket_target/post_contact_phase_ready_after_600ms_attempts: 2219.8750
Metrics/racket_target/post_contact_phase_ready_after_600ms_tilt_gt_0p1_rate: 0.5140
Metrics/racket_target/post_contact_phase_ready_after_600ms_pitch_gt_0p1_rate: 0.4277
Metrics/racket_target/post_contact_phase_ready_after_600ms_waist_overflow_gt_1p0_rate: 0.0000
Metrics/racket_target/post_contact_phase_ready_after_600ms_base_ang_vel_gt_0p8_rate: 0.9201
Metrics/racket_target/base_pitch_like_signed: -0.0709
Metrics/racket_target/base_backward_velocity: 0.0410
Metrics/racket_target/waist_action_rms: 0.2989
Metrics/racket_target/right_arm_action_rms: 3.1720
Metrics/racket_target/leg_action_rms: 0.4052
Metrics/racket_target/action_abs_max: 5.9214
Metrics/racket_target/applied_action_abs_max: 5.8348
Metrics/racket_target/leg_action_abs_max: 0.7827
Metrics/racket_target/effective_action_abs_max: 5.8348
Metrics/racket_target/action_clamp_fraction: 0.0033
Metrics/racket_target/waist_action_clamp_fraction: 0.0015
Metrics/racket_target/right_arm_action_clamp_fraction: 0.0000
Metrics/racket_target/leg_action_clamp_fraction: 0.0082
Metrics/racket_target/waist_q_tracking_error_rms: 0.3660
Metrics/racket_target/right_arm_q_tracking_error_rms: 0.1545
Metrics/racket_target/leg_q_tracking_error_rms: 0.1877
Metrics/racket_target/waist_torque_clip_fraction: 0.0000
Metrics/racket_target/right_arm_torque_clip_fraction: 0.0000
Metrics/racket_target/leg_torque_clip_fraction: 0.0000
Metrics/racket_target/waist_action_delta_rms: 0.1393
Metrics/racket_target/right_arm_action_delta_rms: 0.8779
Metrics/racket_target/leg_action_delta_rms: 0.2478
Metrics/racket_target/waist_joint_vel_rms: 0.5342
Metrics/racket_target/right_arm_joint_vel_rms: 1.0712
Metrics/racket_target/leg_joint_vel_rms: 0.5663
Metrics/racket_target/recovery_leg_action_abs_max: 0.7614
Metrics/racket_target/recovery_leg_action_delta_rms: 0.2415
Metrics/racket_target/recovery_leg_joint_vel_rms: 0.5457
      Episode_Termination/time_out: 4.1562
  Episode_Termination/base_too_low: 0.0312
   Episode_Termination/base_tilted: 0.2188
   Episode_Termination/table_touch: 0.2500
Episode_Termination/persistent_action_overflow: 0.0000
--------------------------------------------------------------------------------
                   Total timesteps: 589824
                    Iteration time: 2.29s
                      Time elapsed: 00:00:20
                               ETA: 00:00:27

################################################################################
                     [1m Learning iteration 1809/1820 [0m                     

                       Computation: 28578 steps/s (collection: 2.278s, learning 0.015s)
             Mean action noise std: 0.45
          Mean value_function loss: 0.0932
               Mean surrogate loss: 0.0000
                 Mean entropy loss: 2.8121
      Mean critic_only_warmup loss: 1.0000
                       Mean reward: 8.77
               Mean episode length: 284.24
 Episode_Reward/undesired_contacts: 0.0000
  Episode_Reward/feet_contact_slip: -0.0016
     Episode_Reward/table_no_touch: -0.0006
              Episode_Reward/alive: 0.0058
            Episode_Reward/upright: -0.0048
          Episode_Reward/imitation: 0.2449
    Episode_Reward/racket_position: 0.0475
Episode_Reward/backhand_racket_position: 0.0213
    Episode_Reward/racket_velocity: 0.0309
Episode_Reward/planner_racket_task_space_crossfade: 0.1936
Episode_Reward/exact_impact_planner_task_space_alignment: 0.0042
    Episode_Reward/blade_direction: 0.0285
Episode_Reward/health_gated_soft_ball_contact: 0.0305
Episode_Reward/health_gated_backhand_soft_ball_contact: 0.0196
Episode_Reward/health_gated_ball_contact: 0.0050
Episode_Reward/healthy_trunk_support: 0.0490
Episode_Reward/targeted_strike_attempt: 0.0071
  Episode_Reward/strike_inactivity: -0.0000
 Episode_Reward/pre_strike_station: 0.0426
    Episode_Reward/recovery_health: 0.0347
Episode_Reward/no_command_ready_stability: 0.0013
Episode_Reward/post_strike_base_ang_vel: 0.0067
Episode_Reward/phase_action_overflow: -0.0001
     Episode_Reward/strike_balance: 0.0183
Episode_Reward/prestrike_station_progress: 0.0106
 Episode_Reward/lower_body_support: 0.0269
Episode_Reward/termination_penalty: -0.0127
Episode_Reward/phase_action_rate_waist: -0.0002
Episode_Reward/phase_action_rate_upper: -0.0039
Episode_Reward/phase_action_rate_legs: -0.0002
        Episode_Reward/joint_limit: -0.0223
Episode_Reward/prestrike_racket_progress: 0.1169
Episode_Reward/near_impact_planner_velocity_progress: 0.0281
Episode_Reward/operational_joint_margin: -0.0053
  Episode_Reward/joint_target_slew: -0.0197
Episode_Reward/actuator_waist_feasibility: -0.0000
Episode_Reward/actuator_right_arm_feasibility: -0.0000
Episode_Reward/actuator_leg_feasibility: -0.0000
Episode_Reward/terminal_quality_window: 0.0008
Episode_Reward/safe_terminal_quality: 0.0016
Episode_Reward/unsafe_terminal_recovery: -0.0000
Episode_Reward/capability_gated_safe_terminal_outcome: 0.0103
Episode_Reward/targeted_contact_miss: -0.0023
    Metrics/motion/error_joint_pos: 1.5287
    Metrics/motion/error_joint_vel: 6.9501
     Metrics/motion/error_body_pos: 0.1214
     Metrics/motion/error_body_rot: 0.4902
       Metrics/motion/motion_phase: 0.8028
            Metrics/motion/in_hold: 0.0625
Metrics/motion/motion_start_warmup_prob: 0.8000
Metrics/motion/motion_start_lifecycle_progress: 0.0000
Metrics/motion/motion_start_effective_prestrike_fraction: 1.0000
Metrics/motion/motion_start_effective_recovery_fraction: 0.0000
Metrics/motion/motion_start_effective_rsi_fraction: 0.0000
 Metrics/motion/motion_start_reset: 0.0229
Metrics/motion/motion_start_prestrike_reset: 0.0000
Metrics/motion/motion_start_recovery_reset: 0.0000
Metrics/motion/motion_start_rsi_reset: 0.0000
 Metrics/motion/single_cycle_reset: 0.0000
     Metrics/motion/motion_clip_id: 0.5974
Metrics/motion/motion_supplemental_clip: 0.0000
      Metrics/motion/stand_episode: 0.0281
Metrics/motion/default_stand_reset: 0.0675
Metrics/motion/error_body_pos_lower: 0.1140
Metrics/motion/error_body_rot_lower: 0.3738
Metrics/motion/error_body_lin_vel_lower: 0.1505
Metrics/motion/error_body_ang_vel_lower: 0.7650
Metrics/motion/reference_body_lin_speed_lower: 0.0152
Metrics/motion/robot_body_lin_speed_lower: 0.1467
Metrics/motion/error_body_pos_core: 0.0581
Metrics/motion/error_body_rot_core: 0.2982
Metrics/motion/error_body_lin_vel_core: 0.2426
Metrics/motion/error_body_ang_vel_core: 1.1176
Metrics/motion/reference_body_lin_speed_core: 0.0112
Metrics/motion/robot_body_lin_speed_core: 0.2404
Metrics/motion/error_body_pos_upper: 0.1500
Metrics/motion/error_body_rot_upper: 0.6705
Metrics/motion/error_body_lin_vel_upper: 0.9248
Metrics/motion/error_body_ang_vel_upper: 3.3038
Metrics/motion/reference_body_lin_speed_upper: 0.0226
Metrics/motion/robot_body_lin_speed_upper: 0.9250
Metrics/motion/error_joint_pos_waist: 0.2761
Metrics/motion/error_joint_vel_waist: 1.3220
Metrics/motion/reference_joint_speed_waist: 0.0141
Metrics/motion/error_joint_pos_arms: 1.3472
Metrics/motion/error_joint_vel_arms: 6.3256
Metrics/motion/reference_joint_speed_arms: 0.0496
Metrics/motion/error_joint_pos_legs: 0.6092
Metrics/motion/error_joint_vel_legs: 2.1914
Metrics/motion/reference_joint_speed_legs: 0.0038
Metrics/racket_target/racket_pos_error: 0.1225
Metrics/racket_target/racket_vel_error: 1.3448
Metrics/racket_target/time_to_strike: -1.0917
Metrics/racket_target/return_success: 0.0063
Metrics/racket_target/prev_return_success: 0.0078
Metrics/racket_target/prev_net_cross: 0.6272
Metrics/racket_target/current_net_cross: 0.3922
Metrics/racket_target/racket_pos_curriculum_scale: 1.0000
Metrics/racket_target/impact_inverse_command_blend: 0.0000
Metrics/racket_target/steps_since_target_resample: 142.1352
Metrics/racket_target/recovery_height_error: 0.0345
Metrics/racket_target/recovery_upright_error: 0.1012
Metrics/racket_target/recovery_base_lin_vel: 0.2012
Metrics/racket_target/recovery_base_ang_vel: 0.8685
Metrics/racket_target/recovery_station_error: 0.0894
Metrics/racket_target/recovery_feet_contact_frac: 0.9969
Metrics/racket_target/recovery_racket_speed: 2.6629
Metrics/racket_target/recovery_height_score: 0.8747
Metrics/racket_target/recovery_upright_score: 0.8594
Metrics/racket_target/recovery_lin_vel_score: 0.7312
Metrics/racket_target/recovery_ang_vel_score: 0.3934
Metrics/racket_target/recovery_station_score: 0.8477
Metrics/racket_target/recovery_racket_score: 0.1293
Metrics/racket_target/recovery_arm_score: 0.5852
Metrics/racket_target/recovery_ready_score: 0.7235
Metrics/racket_target/recovery_anchor_arm_score: 1.0000
Metrics/racket_target/recovery_core_ready_score: 0.6440
Metrics/racket_target/recovery_functional_ready_score: 0.5554
Metrics/racket_target/waist_action_overflow_rms: 0.0000
Metrics/racket_target/right_arm_action_overflow_rms: 0.0012
Metrics/racket_target/leg_action_overflow_rms: 0.0089
Metrics/racket_target/operational_margin_fraction: 0.0065
Metrics/racket_target/waist_operational_margin_fraction: 0.0000
Metrics/racket_target/right_arm_operational_margin_fraction: 0.0031
Metrics/racket_target/leg_operational_margin_fraction: 0.0150
Metrics/racket_target/waist_operational_excess_rms: 0.0000
Metrics/racket_target/right_arm_operational_excess_rms: 0.0003
Metrics/racket_target/leg_operational_excess_rms: 0.0058
Metrics/racket_target/q_des_velocity_violation_fraction: 0.0693
Metrics/racket_target/waist_q_des_velocity_violation_fraction: 0.0130
Metrics/racket_target/right_arm_q_des_velocity_violation_fraction: 0.1015
Metrics/racket_target/leg_q_des_velocity_violation_fraction: 0.0869
Metrics/racket_target/q_des_acceleration_violation_fraction: 0.6882
Metrics/racket_target/waist_q_des_acceleration_violation_fraction: 0.5439
Metrics/racket_target/right_arm_q_des_acceleration_violation_fraction: 0.8101
Metrics/racket_target/leg_q_des_acceleration_violation_fraction: 0.7578
Metrics/racket_target/waist_q_des_velocity_rms: 3.4937
Metrics/racket_target/right_arm_q_des_velocity_rms: 8.0175
Metrics/racket_target/leg_q_des_velocity_rms: 6.6680
Metrics/racket_target/waist_q_des_acceleration_rms: 270.4158
Metrics/racket_target/right_arm_q_des_acceleration_rms: 633.8672
Metrics/racket_target/leg_q_des_acceleration_rms: 562.7073
Metrics/racket_target/action_operational_feasibility_score: 0.9357
Metrics/racket_target/actuator_overflow_consecutive_steps: 0.0000
Metrics/racket_target/actuator_overflow_severe: 0.0000
Metrics/racket_target/recovery_phase_gate: 0.9805
Metrics/racket_target/recovery_phase_ready_score: 0.7205
Metrics/racket_target/recovery_contact_ready_score: 0.3260
Metrics/racket_target/recovery_net_ready_score: 0.2954
Metrics/racket_target/recovery_return_ready_score: 0.0014
Metrics/racket_target/cycle_success_ready_score: 0.0000
Metrics/racket_target/cycle_success_soft: 0.0000
Metrics/racket_target/cycle_success_binary: 0.0000
Metrics/racket_target/cycle_v2_pending: 0.0000
Metrics/racket_target/cycle_v2_attempt_latch: 0.0000
Metrics/racket_target/cycle_v2_ready_success_latch: 0.0000
Metrics/racket_target/cycle_v2_ready_fail_latch: 0.0000
Metrics/racket_target/cycle_v2_attempt_event: 0.0000
Metrics/racket_target/cycle_v2_ready_success_event: 0.0000
Metrics/racket_target/cycle_v2_ready_fail_event: 0.0000
Metrics/racket_target/cycle_v2_unresolved_resample_fail_event: 0.0000
Metrics/racket_target/cycle_v2_resolved_event: 0.0000
Metrics/racket_target/cycle_v2_command_visible_steps: 0.0000
Metrics/racket_target/cycle_v2_elapsed_steps: 0.0000
Metrics/racket_target/cycle_v2_ready_score: 0.0000
Metrics/racket_target/cycle_v2_ready_ok: 0.0000
Metrics/racket_target/cycle_v2_visible: 0.0000
Metrics/racket_target/cycle_v2_ready_score_ok: 0.0000
Metrics/racket_target/cycle_v2_height_ok: 0.0000
Metrics/racket_target/cycle_v2_upright_ok: 0.0000
Metrics/racket_target/cycle_v2_base_lin_vel_ok: 0.0000
Metrics/racket_target/cycle_v2_base_ang_vel_ok: 0.0000
Metrics/racket_target/cycle_v2_feet_ok: 0.0000
Metrics/racket_target/cycle_v2_core_ready_ok: 0.0000
Metrics/racket_target/cycle_v2_ready_consecutive_steps: 0.0000
Metrics/racket_target/single_cycle_bootstrap: 0.0000
Metrics/racket_target/single_cycle_swing_completed: 0.0000
Metrics/racket_target/single_cycle_recovery_active: 0.0000
Metrics/racket_target/single_cycle_recovery_elapsed_steps: 0.0000
Metrics/racket_target/single_cycle_ready_consecutive_steps: 0.0000
Metrics/racket_target/single_cycle_safe_timeout_event: 0.0000
Metrics/racket_target/single_cycle_deadline_timeout_event: 0.0000
Metrics/racket_target/single_cycle_timeout_latch: 0.0000
Metrics/racket_target/single_cycle_hard_failure_event: 0.0000
Metrics/racket_target/single_cycle_probability: 0.0000
Metrics/racket_target/single_cycle_curriculum_level: 0.0000
Metrics/racket_target/single_cycle_effective_deadline_steps: 100.0000
Metrics/racket_target/single_cycle_selected_events: 0.0000
Metrics/racket_target/single_cycle_completed_events: 0.0000
Metrics/racket_target/single_cycle_safe_timeout_events: 0.0000
Metrics/racket_target/single_cycle_deadline_timeout_events: 0.0000
Metrics/racket_target/single_cycle_hard_failure_events: 0.0000
Metrics/racket_target/active_ready_consecutive_steps: 0.0260
Metrics/racket_target/active_ready_success_event: 0.0000
Metrics/racket_target/active_ready_success_latch: 0.0000
Metrics/racket_target/active_ready_survival_steps: 0.0000
Metrics/racket_target/active_ready_survival_next_milestone: 0.0000
Metrics/racket_target/active_ready_survival_milestone_event: 0.0000
Metrics/racket_target/no_command_ready_active: 0.0464
Metrics/racket_target/no_command_from_stand_episode: 0.0281
Metrics/racket_target/no_command_from_default_stand_reset: 0.0281
Metrics/racket_target/no_command_ready_upright_ok: 0.0401
Metrics/racket_target/no_command_ready_motion_ok: 0.0182
Metrics/racket_target/no_command_ready_score: 0.0299
Metrics/racket_target/no_command_ready_progress: -0.0043
Metrics/racket_target/no_command_ready_station_error: 0.0030
Metrics/racket_target/no_command_ready_fixed_station_error: 0.0030
Metrics/racket_target/healthy_training_stage: 3.0000
Metrics/racket_target/healthy_stage_planted_rehearsal: 0.0000
Metrics/racket_target/healthy_stage_station_hold_seen: 0.0000
Metrics/racket_target/healthy_stage_station_arrived: 0.0000
Metrics/racket_target/healthy_stage_station_settled: 0.0000
Metrics/racket_target/healthy_stage_station_settle_steps: 0.0000
Metrics/racket_target/station_relocation_active: 0.0000
Metrics/racket_target/station_relocation_target_offset_y: 0.0000
Metrics/racket_target/station_relocation_error: 0.0000
Metrics/racket_target/station_relocation_arrival_event: 0.0000
Metrics/racket_target/station_relocation_settle_event: 0.0000
Metrics/racket_target/station_relocation_release_event: 0.0000
Metrics/racket_target/station_relocation_timeout_event: 0.0000
Metrics/racket_target/station_relocation_elapsed_steps: 0.0000
Metrics/racket_target/station_relocation_hold_deadline_steps: 0.0000
Metrics/racket_target/lifecycle_recovery_hold_active: 0.0000
Metrics/racket_target/lifecycle_recovery_release_success_event: 0.0000
Metrics/racket_target/lifecycle_recovery_release_fail_event: 0.0000
Metrics/racket_target/station_relocation_level: 0.0000
Metrics/racket_target/station_relocation_arrival_ema: 0.0000
Metrics/racket_target/station_relocation_settle_ema: 0.0000
Metrics/racket_target/station_relocation_contact_ema: 0.0000
Metrics/racket_target/station_relocation_safety_ema: 0.0000
Metrics/racket_target/station_relocation_resolved_events: 0.0000
Metrics/racket_target/station_relocation_terminal_reset_events: 0.0000
Metrics/racket_target/station_relocation_advance_streak: 0.0000
Metrics/racket_target/station_relocation_regress_streak: 0.0000
Metrics/racket_target/station_relocation_effective_max_lin_vel: 0.0000
Metrics/racket_target/station_relocation_effective_max_ang_vel: 0.0000
Metrics/racket_target/station_relocation_effective_min_settle_steps: 0.0000
Metrics/racket_target/ability_curriculum_level: 0.0000
Metrics/racket_target/ability_curriculum_scale: 1.0000
Metrics/racket_target/ability_curriculum_resolved_events: 2016.3750
Metrics/racket_target/ability_curriculum_total_resolved_events: 2016.3750
Metrics/racket_target/ability_curriculum_advance_streak: 0.0000
Metrics/racket_target/ability_curriculum_regress_streak: 0.0000
Metrics/racket_target/ability_contact_ema: 0.6390
Metrics/racket_target/ability_net_ema: 0.6289
Metrics/racket_target/ability_success_ema: 0.0118
Metrics/racket_target/ability_recovery_ema: 0.8111
Metrics/racket_target/ability_cycle_ema: 0.0118
Metrics/racket_target/ability_cycle_attempt_ema: 0.0118
Metrics/racket_target/ability_cycle_resolved_ema: 0.0118
Metrics/racket_target/ability_forehand_contact_ema: 0.6487
Metrics/racket_target/ability_forehand_net_ema: 0.6428
Metrics/racket_target/ability_forehand_success_ema: 0.0115
Metrics/racket_target/ability_backhand_contact_ema: 0.6325
Metrics/racket_target/ability_backhand_net_ema: 0.6181
Metrics/racket_target/ability_backhand_success_ema: 0.0066
Metrics/racket_target/ability_attempt_ema: 1.0000
Metrics/racket_target/ability_targeted_attempt_ema: 0.9722
Metrics/racket_target/impact_health_floor_progress: 0.0000
Metrics/racket_target/ability_safety_ema: 0.9591
Metrics/racket_target/ability_station_saturation_ema: 0.0000
Metrics/racket_target/ability_healthy_normal_ema: 1.0000
Metrics/racket_target/ability_station_arrival_ema: 0.0000
Metrics/racket_target/ability_station_settle_ema: 0.0000
Metrics/racket_target/safe_outcome_capability_gate: 0.2659
Metrics/racket_target/planner_hit_plane_blend: 1.0000
Metrics/racket_target/planner_hit_plane_x_delta: 0.0362
Metrics/racket_target/true_strike_table_x: 0.2000
Metrics/racket_target/planner_target_table_x: 0.2000
Metrics/racket_target/workspace_level: 0.0000
Metrics/racket_target/workspace_fringe_sample: 0.0000
Metrics/racket_target/workspace_target_lateral_norm: 0.3341
Metrics/racket_target/workspace_target_table_y: -0.2414
Metrics/racket_target/workspace_playable_y_min: -0.7225
Metrics/racket_target/workspace_playable_y_max: 0.7225
Metrics/racket_target/workspace_active_y_lo: -0.3015
Metrics/racket_target/workspace_active_y_hi: -0.1682
Metrics/racket_target/workspace_motion_seed_blend: 0.0000
Metrics/racket_target/planner_perturb_curriculum_scale: 1.0000
Metrics/racket_target/incoming_ball_horizontal_speed: 2.2378
Metrics/racket_target/incoming_ball_speed: 4.6020
Metrics/racket_target/incoming_ball_speed_curriculum_level: 0.0000
Metrics/racket_target/incoming_ball_speed_sample_low: 0.0000
Metrics/racket_target/incoming_ball_speed_sample_high: 0.0000
Metrics/racket_target/station_saturated: 0.0000
Metrics/racket_target/station_raw_clip_excess: 0.0000
Metrics/racket_target/station_saturated_x: 0.0000
Metrics/racket_target/station_saturated_y: 0.0000
Metrics/racket_target/station_raw_clip_excess_x: 0.0000
Metrics/racket_target/station_raw_clip_excess_y: 0.0000
Metrics/racket_target/current_swing_opportunity: 0.9180
Metrics/racket_target/current_swing_attempt: 0.9180
Metrics/racket_target/current_swing_targeted_attempt: 0.8977
Metrics/racket_target/prev_swing_targeted_attempt: 0.9096
Metrics/racket_target/current_swing_unsafe: 0.0398
Metrics/racket_target/current_swing_station_saturated: 0.0000
Metrics/racket_target/impact_health_score: 0.8795
Metrics/racket_target/impact_health_ok: 0.8861
Metrics/racket_target/impact_health_backlean_violation: 0.0063
Metrics/racket_target/impact_health_waist_backfold: 0.0000
Metrics/racket_target/impact_health_base_retreat: 0.0407
Metrics/racket_target/impact_health_torso_gravity_x: 0.3819
Metrics/racket_target/impact_health_torso_ang_vel: 0.5240
Metrics/racket_target/impact_health_com_x: 0.0543
Metrics/racket_target/impact_health_com_y: 0.0282
Metrics/racket_target/post_contact_ready_pending: 0.0000
Metrics/racket_target/post_contact_ready_elapsed_steps: 2.0549
Metrics/racket_target/post_contact_ready_consecutive_steps: 0.0000
Metrics/racket_target/post_contact_ready_diagnostic_pending: 0.0000
Metrics/racket_target/post_contact_ready_diagnostic_elapsed_steps: 16.3606
Metrics/racket_target/post_contact_ready_durable_pending: 0.0000
Metrics/racket_target/post_contact_ready_durable_consecutive_steps: 0.0000
Metrics/racket_target/post_contact_ready_durable_ready_now: 0.0000
Metrics/racket_target/post_contact_ready_durable_success_event: 0.0000
Metrics/racket_target/post_contact_ready_durable_fail_event: 0.0000
Metrics/racket_target/post_contact_ready_durable_resolution_success_rate: 0.2405
Metrics/racket_target/post_contact_ready_durable_resolution_fail_rate: 0.6920
Metrics/racket_target/post_contact_ready_durable_resolution_success_latency_steps: 35.0000
Metrics/racket_target/post_contact_ready_durable_resolution_fail_latency_steps: 33.2222
Metrics/racket_target/post_contact_ready_durable_fail_backlean_rate: 0.0610
Metrics/racket_target/post_contact_ready_durable_fail_forward_lean_rate: 0.8777
Metrics/racket_target/post_contact_ready_durable_fail_torso_ang_vel_rate: 0.0615
Metrics/racket_target/post_contact_ready_durable_fail_base_lin_vel_rate: 0.0631
Metrics/racket_target/post_contact_ready_durable_fail_base_ang_vel_rate: 0.3884
Metrics/racket_target/post_contact_ready_durable_fail_racket_speed_rate: 0.0610
Metrics/racket_target/post_contact_ready_durable_fail_height_rate: 0.0615
Metrics/racket_target/post_contact_ready_durable_fail_com_x_rate: 0.0646
Metrics/racket_target/post_contact_ready_durable_fail_com_y_rate: 0.0615
Metrics/racket_target/post_contact_ready_durable_fail_feet_rate: 0.0610
Metrics/racket_target/post_contact_ready_durable_fail_station_rate: 0.0626
Metrics/racket_target/post_contact_ready_durable_fail_arm_rate: 0.0610
Metrics/racket_target/post_contact_ready_terminal_window_active: 0.0000
Metrics/racket_target/post_contact_ready_terminal_quality: 0.3711
Metrics/racket_target/post_contact_ready_terminal_settlement_event: 0.0000
Metrics/racket_target/post_contact_ready_operational_ready_now: 0.0000
Metrics/racket_target/post_contact_ready_operational_consecutive_steps: 0.0000
Metrics/racket_target/post_contact_ready_safe_settlement_event: 0.0000
Metrics/racket_target/post_contact_ready_unsafe_settlement_event: 0.0000
Metrics/racket_target/post_contact_ready_incomplete_settlement_event: 0.0000
Metrics/racket_target/post_contact_ready_safe_net_cycle_event: 0.0000
Metrics/racket_target/post_contact_ready_terminal_quality_mean: 0.9222
Metrics/racket_target/post_contact_ready_safe_terminal_quality_mean: 0.9318
Metrics/racket_target/post_contact_ready_terminal_safe_rate: 0.7292
Metrics/racket_target/post_contact_ready_terminal_unsafe_rate: 0.0318
Metrics/racket_target/post_contact_ready_terminal_incomplete_rate: 0.2391
Metrics/racket_target/post_contact_ready_safe_net_cycle_rate: 0.7138
Metrics/racket_target/post_contact_ready_score: 0.6375
Metrics/racket_target/post_contact_ready_now: 0.0000
Metrics/racket_target/post_contact_ready_success_event: 0.0000
Metrics/racket_target/post_contact_ready_fail_event: 0.0000
Metrics/racket_target/post_contact_ready_outcome_tier: -0.1710
Metrics/racket_target/post_contact_ready_face_quality: 0.2937
Metrics/racket_target/post_contact_ready_safe_face_net_cycle_value: 0.0000
Metrics/racket_target/post_contact_ready_planner_speed_ratio: 0.3589
Metrics/racket_target/post_contact_ready_planner_direction_error_rad: 0.1004
Metrics/racket_target/post_contact_ready_planner_position_error: 0.0276
Metrics/racket_target/post_contact_ready_impact_health_score: 0.3883
Metrics/racket_target/post_contact_ready_peak_base_ang_vel: 0.6454
Metrics/racket_target/post_contact_ready_peak_ang_vel_excess_increment: 0.0000
Metrics/racket_target/post_contact_ready_envelope_violation_latch: 0.0078
Metrics/racket_target/post_contact_ready_envelope_violation_event: 0.0000
Metrics/racket_target/post_contact_ready_envelope_first_violation_step: -0.9609
Metrics/racket_target/post_contact_ready_envelope_attempts: 2750.0000
Metrics/racket_target/post_contact_ready_envelope_violation_rate: 0.0326
Metrics/racket_target/post_contact_ready_envelope_tilt_violation_rate: 0.0004
Metrics/racket_target/post_contact_ready_envelope_pitch_violation_rate: 0.0007
Metrics/racket_target/post_contact_ready_envelope_com_violation_rate: 0.0018
Metrics/racket_target/post_contact_ready_envelope_waist_violation_rate: 0.0000
Metrics/racket_target/post_contact_ready_envelope_leg_violation_rate: 0.0000
Metrics/racket_target/post_contact_ready_envelope_base_ang_vel_violation_rate: 0.0315
Metrics/racket_target/post_contact_ready_resolution_success_rate: 0.9777
Metrics/racket_target/post_contact_ready_resolution_fail_rate: 0.0124
Metrics/racket_target/post_contact_ready_resolution_success_latency_steps: 4.8011
Metrics/racket_target/post_contact_ready_resolution_fail_latency_steps: 9.5882
Metrics/racket_target/post_contact_ready_max_tilt: 0.0815
Metrics/racket_target/post_contact_ready_max_abs_pitch: 0.0812
Metrics/racket_target/post_contact_ready_max_com_x: 0.0125
Metrics/racket_target/post_contact_ready_max_com_y: 0.0130
Metrics/racket_target/post_contact_ready_max_waist_overflow: 0.0000
Metrics/racket_target/post_contact_ready_max_leg_overflow: 0.0016
Metrics/racket_target/post_contact_ready_settlement_velocity_score_ema: 0.6306
Metrics/racket_target/post_contact_ready_settlement_position_gate_ema: 0.7773
Metrics/racket_target/post_contact_ready_settlement_health_gate_ema: 0.9787
Metrics/racket_target/post_contact_ready_settlement_recovery_gate_ema: 0.4585
Metrics/racket_target/post_contact_ready_settlement_total_score_ema: 0.2198
Metrics/racket_target/post_contact_recovery_backlean_error: 0.0865
Metrics/racket_target/post_contact_recovery_directional_progress: 0.0000
Metrics/racket_target/post_contact_ready_torso_ok: 0.0437
Metrics/racket_target/post_contact_ready_motion_ok: 0.4761
Metrics/racket_target/post_contact_ready_support_ok: 0.8939
Metrics/racket_target/post_contact_ready_arm_ok: 1.0000
Metrics/racket_target/post_contact_ready_base_lin_vel_ok: 0.8939
Metrics/racket_target/post_contact_ready_base_ang_vel_ok: 0.8346
Metrics/racket_target/post_contact_ready_racket_speed_ok: 0.5691
Metrics/racket_target/post_contact_ready_height_ok: 0.9680
Metrics/racket_target/post_contact_ready_com_x_ok: 0.8939
Metrics/racket_target/post_contact_ready_com_y_ok: 0.9602
Metrics/racket_target/post_contact_ready_feet_ok: 1.0000
Metrics/racket_target/post_contact_ready_station_ok: 0.9064
Metrics/racket_target/post_contact_ready_fail_torso: 0.0000
Metrics/racket_target/post_contact_ready_fail_base_lin_vel: 0.0000
Metrics/racket_target/post_contact_ready_fail_base_ang_vel: 0.0000
Metrics/racket_target/post_contact_ready_fail_racket_speed: 0.0000
Metrics/racket_target/post_contact_ready_fail_support: 0.0000
Metrics/racket_target/post_contact_ready_fail_arm: 0.0000
Metrics/racket_target/post_contact_ready_shadow_now: 0.0000
Metrics/racket_target/post_contact_ready_shadow_consecutive_steps: 0.0000
Metrics/racket_target/post_contact_ready_shadow_success_latch: 0.0000
Metrics/racket_target/post_contact_ready_curriculum_level: 0.0000
Metrics/racket_target/post_contact_ready_curriculum_fraction: 1.0000
Metrics/racket_target/post_contact_ready_curriculum_success_ema: 0.0000
Metrics/racket_target/post_contact_ready_curriculum_shadow_success_ema: 0.0000
Metrics/racket_target/post_contact_ready_curriculum_resolved_events: 0.0000
Metrics/racket_target/post_contact_ready_curriculum_successful_events: 0.0000
Metrics/racket_target/post_contact_ready_curriculum_targeted_attempt_ema: 0.0000
Metrics/racket_target/post_contact_ready_curriculum_return_success_ema: 0.0000
Metrics/racket_target/post_contact_ready_curriculum_completed_swings: 0.0000
Metrics/racket_target/post_contact_ready_curriculum_advance_streak: 0.0000
Metrics/racket_target/post_contact_ready_curriculum_advance_guard_ok: 0.0000
Metrics/racket_target/post_contact_ready_effective_max_torso_ang_vel: 1.5000
Metrics/racket_target/post_contact_ready_effective_torso_x_min: -0.1200
Metrics/racket_target/post_contact_ready_effective_torso_x_max: 0.3200
Metrics/racket_target/post_contact_ready_effective_max_base_lin_vel: 0.4500
Metrics/racket_target/post_contact_ready_effective_max_base_ang_vel: 1.3000
Metrics/racket_target/post_contact_ready_effective_max_racket_speed: 3.0000
Metrics/racket_target/post_contact_ready_effective_min_feet_contact: 0.5000
Metrics/racket_target/post_contact_ready_effective_required_consecutive_steps: 3.0000
Metrics/racket_target/post_contact_ready_effective_deadline_steps: 40.0000
Metrics/racket_target/post_contact_ready_curriculum_advance_threshold: 1.0000
Metrics/racket_target/post_contact_ready_curriculum_advance_min_events: 0.0000
Metrics/racket_target/post_contact_ready_curriculum_shadow_threshold: 1.0000
Metrics/racket_target/post_contact_ready_curriculum_min_targeted_attempt_ema: 0.0000
Metrics/racket_target/post_contact_ready_curriculum_min_return_success_ema: 0.0000
Metrics/racket_target/post_contact_ready_curriculum_min_completed_swings: 1.0000
Metrics/racket_target/post_contact_ready_curriculum_required_advance_checks: 1.0000
Metrics/racket_target/racket_normal_error_deg: 63.9829
Metrics/racket_target/impact_normal_error_deg: 12.2187
Metrics/racket_target/impact_racket_vel_error_mps: 0.5877
Metrics/racket_target/impact_racket_speed_ratio: 0.8567
Metrics/racket_target/impact_racket_vel_angle_deg: 14.9955
Metrics/racket_target/impact_racket_actual_vel_x: 0.8117
Metrics/racket_target/impact_racket_actual_vel_y: 0.0461
Metrics/racket_target/impact_racket_actual_vel_z: 1.3359
Metrics/racket_target/impact_racket_target_vel_x: 1.1977
Metrics/racket_target/impact_racket_target_vel_y: -0.0395
Metrics/racket_target/impact_racket_target_vel_z: 1.3406
Metrics/racket_target/impact_ball_out_error_mps: 4.4209
Metrics/racket_target/impact_face_radial_error_m: 0.0648
Metrics/racket_target/impact_face_normal_gap_m: 0.0532
Metrics/racket_target/impact_face_quality: 0.5342
Metrics/racket_target/impact_center_contact: 0.0000
Metrics/racket_target/impact_center_net_cross: 0.0000
Metrics/racket_target/impact_center_on_opponent: 0.0000
Metrics/racket_target/impact_rim_contact: 0.0000
Metrics/racket_target/impact_rim_net_cross: 0.0000
Metrics/racket_target/impact_rim_on_opponent: 0.0000
Metrics/racket_target/impact_analytic_outer_contact: 0.0000
Metrics/racket_target/impact_analytic_outer_net_cross: 0.0000
Metrics/racket_target/impact_analytic_outer_on_opponent: 0.0000
Metrics/racket_target/impact_planner_pos_error_m: 0.0925
Metrics/racket_target/impact_planner_vel_error_mps: 0.5877
Metrics/racket_target/impact_planner_speed_ratio: 0.8567
Metrics/racket_target/impact_planner_vel_angle_deg: 14.9955
Metrics/racket_target/impact_healthy_normal_ok: 0.0000
Metrics/racket_target/impact_healthy_contact: 0.0000
Metrics/racket_target/impact_healthy_net_cross: 0.0000
Metrics/racket_target/impact_healthy_on_opponent: 0.0000
Metrics/racket_target/current_swing_impact_health_score: 0.3883
Metrics/racket_target/current_swing_healthy_contact: 0.4305
Metrics/racket_target/current_swing_healthy_net_cross: 0.3922
Metrics/racket_target/current_swing_healthy_on_opponent: 0.0063
Metrics/racket_target/current_swing_healthy_normal_ok: 0.9055
Metrics/racket_target/current_swing_contact: 0.4305
Metrics/racket_target/current_swing_net_cross: 0.3922
Metrics/racket_target/current_swing_on_opponent: 0.0063
Metrics/racket_target/current_swing_center_contact: 0.2667
Metrics/racket_target/current_swing_center_net_cross: 0.2284
Metrics/racket_target/current_swing_center_on_opponent: 0.0063
Metrics/racket_target/current_swing_rim_contact: 0.0927
Metrics/racket_target/current_swing_rim_net_cross: 0.0927
Metrics/racket_target/current_swing_rim_on_opponent: 0.0000
Metrics/racket_target/current_swing_analytic_outer_contact: 0.0711
Metrics/racket_target/current_swing_analytic_outer_net_cross: 0.0711
Metrics/racket_target/current_swing_analytic_outer_on_opponent: 0.0000
Metrics/racket_target/cycle_v2_outcome_tier: -1.0000
Metrics/racket_target/cycle_v2_streak: 0.0000
Metrics/racket_target/closed_loop_recovery_trigger_event: 0.0000
Metrics/racket_target/closed_loop_cycle_success_event: 0.0000
Metrics/racket_target/closed_loop_durable_cycle_success_event: 0.0000
Metrics/racket_target/closed_loop_phase_id: 1.8237
Metrics/racket_target/closed_loop_phase_ready_no_command: 0.0464
Metrics/racket_target/closed_loop_phase_command_acquire: 0.0836
Metrics/racket_target/closed_loop_phase_pre_strike: 0.8701
Metrics/racket_target/closed_loop_phase_strike: 0.0000
Metrics/racket_target/closed_loop_phase_follow_through: 0.0000
Metrics/racket_target/closed_loop_phase_recovery: 0.0000
Metrics/racket_target/closed_loop_phase_next_ready: 0.0000
Metrics/racket_target/post_contact_phase_impact_0_100ms_attempts: 2750.0000
Metrics/racket_target/post_contact_phase_impact_0_100ms_tilt_gt_0p1_rate: 1.0000
Metrics/racket_target/post_contact_phase_impact_0_100ms_pitch_gt_0p1_rate: 1.0000
Metrics/racket_target/post_contact_phase_impact_0_100ms_waist_overflow_gt_1p0_rate: 0.0000
Metrics/racket_target/post_contact_phase_impact_0_100ms_base_ang_vel_gt_0p8_rate: 0.9818
Metrics/racket_target/post_contact_phase_brake_100_300ms_attempts: 2696.0000
Metrics/racket_target/post_contact_phase_brake_100_300ms_tilt_gt_0p1_rate: 0.9966
Metrics/racket_target/post_contact_phase_brake_100_300ms_pitch_gt_0p1_rate: 0.9945
Metrics/racket_target/post_contact_phase_brake_100_300ms_waist_overflow_gt_1p0_rate: 0.0000
Metrics/racket_target/post_contact_phase_brake_100_300ms_base_ang_vel_gt_0p8_rate: 0.9959
Metrics/racket_target/post_contact_phase_settle_300_600ms_attempts: 2594.0938
Metrics/racket_target/post_contact_phase_settle_300_600ms_tilt_gt_0p1_rate: 0.7985
Metrics/racket_target/post_contact_phase_settle_300_600ms_pitch_gt_0p1_rate: 0.7440
Metrics/racket_target/post_contact_phase_settle_300_600ms_waist_overflow_gt_1p0_rate: 0.0000
Metrics/racket_target/post_contact_phase_settle_300_600ms_base_ang_vel_gt_0p8_rate: 0.9892
Metrics/racket_target/post_contact_phase_ready_after_600ms_attempts: 2416.8125
Metrics/racket_target/post_contact_phase_ready_after_600ms_tilt_gt_0p1_rate: 0.5253
Metrics/racket_target/post_contact_phase_ready_after_600ms_pitch_gt_0p1_rate: 0.4363
Metrics/racket_target/post_contact_phase_ready_after_600ms_waist_overflow_gt_1p0_rate: 0.0000
Metrics/racket_target/post_contact_phase_ready_after_600ms_base_ang_vel_gt_0p8_rate: 0.9351
Metrics/racket_target/base_pitch_like_signed: -0.0147
Metrics/racket_target/base_backward_velocity: 0.0482
Metrics/racket_target/waist_action_rms: 0.3739
Metrics/racket_target/right_arm_action_rms: 2.6476
Metrics/racket_target/leg_action_rms: 0.4596
Metrics/racket_target/action_abs_max: 5.0895
Metrics/racket_target/applied_action_abs_max: 4.8120
Metrics/racket_target/leg_action_abs_max: 0.9152
Metrics/racket_target/effective_action_abs_max: 4.8089
Metrics/racket_target/action_clamp_fraction: 0.0041
Metrics/racket_target/waist_action_clamp_fraction: 0.0000
Metrics/racket_target/right_arm_action_clamp_fraction: 0.0009
Metrics/racket_target/leg_action_clamp_fraction: 0.0100
Metrics/racket_target/waist_q_tracking_error_rms: 0.3439
Metrics/racket_target/right_arm_q_tracking_error_rms: 0.2160
Metrics/racket_target/leg_q_tracking_error_rms: 0.2002
Metrics/racket_target/waist_torque_clip_fraction: 0.0000
Metrics/racket_target/right_arm_torque_clip_fraction: 0.0000
Metrics/racket_target/leg_torque_clip_fraction: 0.0000
Metrics/racket_target/waist_action_delta_rms: 0.1462
Metrics/racket_target/right_arm_action_delta_rms: 0.9085
Metrics/racket_target/leg_action_delta_rms: 0.2513
Metrics/racket_target/waist_joint_vel_rms: 0.7633
Metrics/racket_target/right_arm_joint_vel_rms: 2.0417
Metrics/racket_target/leg_joint_vel_rms: 0.6328
Metrics/racket_target/recovery_leg_action_abs_max: 0.8859
Metrics/racket_target/recovery_leg_action_delta_rms: 0.2453
Metrics/racket_target/recovery_leg_joint_vel_rms: 0.6120
      Episode_Termination/time_out: 3.3125
  Episode_Termination/base_too_low: 0.0000
   Episode_Termination/base_tilted: 0.1562
   Episode_Termination/table_touch: 0.3125
Episode_Termination/persistent_action_overflow: 0.0000
--------------------------------------------------------------------------------
                   Total timesteps: 655360
                    Iteration time: 2.29s
                      Time elapsed: 00:00:22
                               ETA: 00:00:24

################################################################################
                     [1m Learning iteration 1810/1820 [0m                     

                       Computation: 28853 steps/s (collection: 2.256s, learning 0.015s)
             Mean action noise std: 0.45
          Mean value_function loss: 0.1375
               Mean surrogate loss: -0.0000
                 Mean entropy loss: 2.8121
      Mean critic_only_warmup loss: 1.0000
                       Mean reward: 9.60
               Mean episode length: 323.52
 Episode_Reward/undesired_contacts: 0.0000
  Episode_Reward/feet_contact_slip: -0.0018
     Episode_Reward/table_no_touch: -0.0008
              Episode_Reward/alive: 0.0061
            Episode_Reward/upright: -0.0053
          Episode_Reward/imitation: 0.2427
    Episode_Reward/racket_position: 0.0447
Episode_Reward/backhand_racket_position: 0.0206
    Episode_Reward/racket_velocity: 0.0286
Episode_Reward/planner_racket_task_space_crossfade: 0.1814
Episode_Reward/exact_impact_planner_task_space_alignment: 0.0044
    Episode_Reward/blade_direction: 0.0264
Episode_Reward/health_gated_soft_ball_contact: 0.0291
Episode_Reward/health_gated_backhand_soft_ball_contact: 0.0189
Episode_Reward/health_gated_ball_contact: 0.0054
Episode_Reward/healthy_trunk_support: 0.0484
Episode_Reward/targeted_strike_attempt: 0.0066
  Episode_Reward/strike_inactivity: -0.0000
 Episode_Reward/pre_strike_station: 0.0472
    Episode_Reward/recovery_health: 0.0377
Episode_Reward/no_command_ready_stability: 0.0017
Episode_Reward/post_strike_base_ang_vel: 0.0070
Episode_Reward/phase_action_overflow: -0.0001
     Episode_Reward/strike_balance: 0.0171
Episode_Reward/prestrike_station_progress: 0.0101
 Episode_Reward/lower_body_support: 0.0252
Episode_Reward/termination_penalty: -0.0204
Episode_Reward/phase_action_rate_waist: -0.0002
Episode_Reward/phase_action_rate_upper: -0.0044
Episode_Reward/phase_action_rate_legs: -0.0002
        Episode_Reward/joint_limit: -0.0240
Episode_Reward/prestrike_racket_progress: 0.1256
Episode_Reward/near_impact_planner_velocity_progress: 0.0262
Episode_Reward/operational_joint_margin: -0.0062
  Episode_Reward/joint_target_slew: -0.0217
Episode_Reward/actuator_waist_feasibility: -0.0000
Episode_Reward/actuator_right_arm_feasibility: -0.0000
Episode_Reward/actuator_leg_feasibility: -0.0000
Episode_Reward/terminal_quality_window: 0.0008
Episode_Reward/safe_terminal_quality: 0.0015
Episode_Reward/unsafe_terminal_recovery: -0.0000
Episode_Reward/capability_gated_safe_terminal_outcome: 0.0099
Episode_Reward/targeted_contact_miss: -0.0017
    Metrics/motion/error_joint_pos: 1.9755
    Metrics/motion/error_joint_vel: 6.6899
     Metrics/motion/error_body_pos: 0.1444
     Metrics/motion/error_body_rot: 0.7694
       Metrics/motion/motion_phase: 0.1671
            Metrics/motion/in_hold: 0.3437
Metrics/motion/motion_start_warmup_prob: 0.8000
Metrics/motion/motion_start_lifecycle_progress: 0.0000
Metrics/motion/motion_start_effective_prestrike_fraction: 1.0000
Metrics/motion/motion_start_effective_recovery_fraction: 0.0000
Metrics/motion/motion_start_effective_rsi_fraction: 0.0000
 Metrics/motion/motion_start_reset: 0.0149
Metrics/motion/motion_start_prestrike_reset: 0.0000
Metrics/motion/motion_start_recovery_reset: 0.0000
Metrics/motion/motion_start_rsi_reset: 0.0000
 Metrics/motion/single_cycle_reset: 0.0000
     Metrics/motion/motion_clip_id: 0.6263
Metrics/motion/motion_supplemental_clip: 0.0000
      Metrics/motion/stand_episode: 0.0368
Metrics/motion/default_stand_reset: 0.1440
Metrics/motion/error_body_pos_lower: 0.1686
Metrics/motion/error_body_rot_lower: 0.9188
Metrics/motion/error_body_lin_vel_lower: 0.2070
Metrics/motion/error_body_ang_vel_lower: 0.8970
Metrics/motion/reference_body_lin_speed_lower: 0.0231
Metrics/motion/robot_body_lin_speed_lower: 0.1964
Metrics/motion/error_body_pos_core: 0.0638
Metrics/motion/error_body_rot_core: 0.5133
Metrics/motion/error_body_lin_vel_core: 0.3488
Metrics/motion/error_body_ang_vel_core: 1.3701
Metrics/motion/reference_body_lin_speed_core: 0.0149
Metrics/motion/robot_body_lin_speed_core: 0.3465
Metrics/motion/error_body_pos_upper: 0.1470
Metrics/motion/error_body_rot_upper: 0.7054
Metrics/motion/error_body_lin_vel_upper: 0.9833
Metrics/motion/error_body_ang_vel_upper: 3.1396
Metrics/motion/reference_body_lin_speed_upper: 0.0284
Metrics/motion/robot_body_lin_speed_upper: 0.9843
Metrics/motion/error_joint_pos_waist: 0.7005
Metrics/motion/error_joint_vel_waist: 1.5756
Metrics/motion/reference_joint_speed_waist: 0.0292
Metrics/motion/error_joint_pos_arms: 1.6842
Metrics/motion/error_joint_vel_arms: 5.8173
Metrics/motion/reference_joint_speed_arms: 0.0804
Metrics/motion/error_joint_pos_legs: 0.6924
Metrics/motion/error_joint_vel_legs: 2.5001
Metrics/motion/reference_joint_speed_legs: 0.0060
Metrics/racket_target/racket_pos_error: 0.1135
Metrics/racket_target/racket_vel_error: 1.2478
Metrics/racket_target/time_to_strike: 0.7182
Metrics/racket_target/return_success: 0.0000
Metrics/racket_target/prev_return_success: 0.0000
Metrics/racket_target/prev_net_cross: 0.4930
Metrics/racket_target/current_net_cross: 0.0453
Metrics/racket_target/racket_pos_curriculum_scale: 1.0000
Metrics/racket_target/impact_inverse_command_blend: 0.0000
Metrics/racket_target/steps_since_target_resample: 48.3551
Metrics/racket_target/recovery_height_error: 0.0476
Metrics/racket_target/recovery_upright_error: 0.1585
Metrics/racket_target/recovery_base_lin_vel: 0.2819
Metrics/racket_target/recovery_base_ang_vel: 1.0825
Metrics/racket_target/recovery_station_error: 0.1140
Metrics/racket_target/recovery_feet_contact_frac: 0.9815
Metrics/racket_target/recovery_racket_speed: 1.9874
Metrics/racket_target/recovery_height_score: 0.8170
Metrics/racket_target/recovery_upright_score: 0.7736
Metrics/racket_target/recovery_lin_vel_score: 0.5798
Metrics/racket_target/recovery_ang_vel_score: 0.2959
Metrics/racket_target/recovery_station_score: 0.7958
Metrics/racket_target/recovery_racket_score: 0.0468
Metrics/racket_target/recovery_arm_score: 0.5333
Metrics/racket_target/recovery_ready_score: 0.6450
Metrics/racket_target/recovery_anchor_arm_score: 1.0000
Metrics/racket_target/recovery_core_ready_score: 0.5350
Metrics/racket_target/recovery_functional_ready_score: 0.4511
Metrics/racket_target/waist_action_overflow_rms: 0.0005
Metrics/racket_target/right_arm_action_overflow_rms: 0.0000
Metrics/racket_target/leg_action_overflow_rms: 0.0163
Metrics/racket_target/operational_margin_fraction: 0.0087
Metrics/racket_target/waist_operational_margin_fraction: 0.0017
Metrics/racket_target/right_arm_operational_margin_fraction: 0.0009
Metrics/racket_target/leg_operational_margin_fraction: 0.0216
Metrics/racket_target/waist_operational_excess_rms: 0.0005
Metrics/racket_target/right_arm_operational_excess_rms: 0.0000
Metrics/racket_target/leg_operational_excess_rms: 0.0091
Metrics/racket_target/q_des_velocity_violation_fraction: 0.0867
Metrics/racket_target/waist_q_des_velocity_violation_fraction: 0.0155
Metrics/racket_target/right_arm_q_des_velocity_violation_fraction: 0.1153
Metrics/racket_target/leg_q_des_velocity_violation_fraction: 0.1106
Metrics/racket_target/q_des_acceleration_violation_fraction: 0.6981
Metrics/racket_target/waist_q_des_acceleration_violation_fraction: 0.5627
Metrics/racket_target/right_arm_q_des_acceleration_violation_fraction: 0.8456
Metrics/racket_target/leg_q_des_acceleration_violation_fraction: 0.7537
Metrics/racket_target/waist_q_des_velocity_rms: 3.8082
Metrics/racket_target/right_arm_q_des_velocity_rms: 8.5775
Metrics/racket_target/leg_q_des_velocity_rms: 7.2708
Metrics/racket_target/waist_q_des_acceleration_rms: 298.6868
Metrics/racket_target/right_arm_q_des_acceleration_rms: 730.3018
Metrics/racket_target/leg_q_des_acceleration_rms: 631.1802
Metrics/racket_target/action_operational_feasibility_score: 0.8931
Metrics/racket_target/actuator_overflow_consecutive_steps: 0.0000
Metrics/racket_target/actuator_overflow_severe: 0.0000
Metrics/racket_target/recovery_phase_gate: 0.5987
Metrics/racket_target/recovery_phase_ready_score: 0.3962
Metrics/racket_target/recovery_contact_ready_score: 0.0284
Metrics/racket_target/recovery_net_ready_score: 0.0284
Metrics/racket_target/recovery_return_ready_score: 0.0000
Metrics/racket_target/cycle_success_ready_score: 0.0000
Metrics/racket_target/cycle_success_soft: 0.0000
Metrics/racket_target/cycle_success_binary: 0.0000
Metrics/racket_target/cycle_v2_pending: 0.0000
Metrics/racket_target/cycle_v2_attempt_latch: 0.0000
Metrics/racket_target/cycle_v2_ready_success_latch: 0.0000
Metrics/racket_target/cycle_v2_ready_fail_latch: 0.0000
Metrics/racket_target/cycle_v2_attempt_event: 0.0000
Metrics/racket_target/cycle_v2_ready_success_event: 0.0000
Metrics/racket_target/cycle_v2_ready_fail_event: 0.0000
Metrics/racket_target/cycle_v2_unresolved_resample_fail_event: 0.0000
Metrics/racket_target/cycle_v2_resolved_event: 0.0000
Metrics/racket_target/cycle_v2_command_visible_steps: 0.0000
Metrics/racket_target/cycle_v2_elapsed_steps: 0.0000
Metrics/racket_target/cycle_v2_ready_score: 0.0000
Metrics/racket_target/cycle_v2_ready_ok: 0.0000
Metrics/racket_target/cycle_v2_visible: 0.0000
Metrics/racket_target/cycle_v2_ready_score_ok: 0.0000
Metrics/racket_target/cycle_v2_height_ok: 0.0000
Metrics/racket_target/cycle_v2_upright_ok: 0.0000
Metrics/racket_target/cycle_v2_base_lin_vel_ok: 0.0000
Metrics/racket_target/cycle_v2_base_ang_vel_ok: 0.0000
Metrics/racket_target/cycle_v2_feet_ok: 0.0000
Metrics/racket_target/cycle_v2_core_ready_ok: 0.0000
Metrics/racket_target/cycle_v2_ready_consecutive_steps: 0.0000
Metrics/racket_target/single_cycle_bootstrap: 0.0000
Metrics/racket_target/single_cycle_swing_completed: 0.0000
Metrics/racket_target/single_cycle_recovery_active: 0.0000
Metrics/racket_target/single_cycle_recovery_elapsed_steps: 0.0000
Metrics/racket_target/single_cycle_ready_consecutive_steps: 0.0000
Metrics/racket_target/single_cycle_safe_timeout_event: 0.0000
Metrics/racket_target/single_cycle_deadline_timeout_event: 0.0000
Metrics/racket_target/single_cycle_timeout_latch: 0.0000
Metrics/racket_target/single_cycle_hard_failure_event: 0.0000
Metrics/racket_target/single_cycle_probability: 0.0000
Metrics/racket_target/single_cycle_curriculum_level: 0.0000
Metrics/racket_target/single_cycle_effective_deadline_steps: 100.0000
Metrics/racket_target/single_cycle_selected_events: 0.0000
Metrics/racket_target/single_cycle_completed_events: 0.0000
Metrics/racket_target/single_cycle_safe_timeout_events: 0.0000
Metrics/racket_target/single_cycle_deadline_timeout_events: 0.0000
Metrics/racket_target/single_cycle_hard_failure_events: 0.0000
Metrics/racket_target/active_ready_consecutive_steps: 0.0229
Metrics/racket_target/active_ready_success_event: 0.0000
Metrics/racket_target/active_ready_success_latch: 0.0000
Metrics/racket_target/active_ready_survival_steps: 0.0000
Metrics/racket_target/active_ready_survival_next_milestone: 0.0000
Metrics/racket_target/active_ready_survival_milestone_event: 0.0000
Metrics/racket_target/no_command_ready_active: 0.0493
Metrics/racket_target/no_command_from_stand_episode: 0.0368
Metrics/racket_target/no_command_from_default_stand_reset: 0.0368
Metrics/racket_target/no_command_ready_upright_ok: 0.0448
Metrics/racket_target/no_command_ready_motion_ok: 0.0229
Metrics/racket_target/no_command_ready_score: 0.0315
Metrics/racket_target/no_command_ready_progress: 0.0046
Metrics/racket_target/no_command_ready_station_error: 0.0049
Metrics/racket_target/no_command_ready_fixed_station_error: 0.0049
Metrics/racket_target/healthy_training_stage: 3.0000
Metrics/racket_target/healthy_stage_planted_rehearsal: 0.0000
Metrics/racket_target/healthy_stage_station_hold_seen: 0.0000
Metrics/racket_target/healthy_stage_station_arrived: 0.0000
Metrics/racket_target/healthy_stage_station_settled: 0.0000
Metrics/racket_target/healthy_stage_station_settle_steps: 0.0000
Metrics/racket_target/station_relocation_active: 0.0000
Metrics/racket_target/station_relocation_target_offset_y: 0.0000
Metrics/racket_target/station_relocation_error: 0.0000
Metrics/racket_target/station_relocation_arrival_event: 0.0000
Metrics/racket_target/station_relocation_settle_event: 0.0000
Metrics/racket_target/station_relocation_release_event: 0.0000
Metrics/racket_target/station_relocation_timeout_event: 0.0000
Metrics/racket_target/station_relocation_elapsed_steps: 0.0000
Metrics/racket_target/station_relocation_hold_deadline_steps: 0.0000
Metrics/racket_target/lifecycle_recovery_hold_active: 0.0000
Metrics/racket_target/lifecycle_recovery_release_success_event: 0.0000
Metrics/racket_target/lifecycle_recovery_release_fail_event: 0.0000
Metrics/racket_target/station_relocation_level: 0.0000
Metrics/racket_target/station_relocation_arrival_ema: 0.0000
Metrics/racket_target/station_relocation_settle_ema: 0.0000
Metrics/racket_target/station_relocation_contact_ema: 0.0000
Metrics/racket_target/station_relocation_safety_ema: 0.0000
Metrics/racket_target/station_relocation_resolved_events: 0.0000
Metrics/racket_target/station_relocation_terminal_reset_events: 0.0000
Metrics/racket_target/station_relocation_advance_streak: 0.0000
Metrics/racket_target/station_relocation_regress_streak: 0.0000
Metrics/racket_target/station_relocation_effective_max_lin_vel: 0.0000
Metrics/racket_target/station_relocation_effective_max_ang_vel: 0.0000
Metrics/racket_target/station_relocation_effective_min_settle_steps: 0.0000
Metrics/racket_target/ability_curriculum_level: 0.0000
Metrics/racket_target/ability_curriculum_scale: 1.0000
Metrics/racket_target/ability_curriculum_resolved_events: 2829.2500
Metrics/racket_target/ability_curriculum_total_resolved_events: 2829.2500
Metrics/racket_target/ability_curriculum_advance_streak: 0.0000
Metrics/racket_target/ability_curriculum_regress_streak: 0.0000
Metrics/racket_target/ability_contact_ema: 0.6238
Metrics/racket_target/ability_net_ema: 0.6115
Metrics/racket_target/ability_success_ema: 0.0164
Metrics/racket_target/ability_recovery_ema: 0.8077
Metrics/racket_target/ability_cycle_ema: 0.0164
Metrics/racket_target/ability_cycle_attempt_ema: 0.0164
Metrics/racket_target/ability_cycle_resolved_ema: 0.0164
Metrics/racket_target/ability_forehand_contact_ema: 0.7015
Metrics/racket_target/ability_forehand_net_ema: 0.6938
Metrics/racket_target/ability_forehand_success_ema: 0.0186
Metrics/racket_target/ability_backhand_contact_ema: 0.5691
Metrics/racket_target/ability_backhand_net_ema: 0.5504
Metrics/racket_target/ability_backhand_success_ema: 0.0119
Metrics/racket_target/ability_attempt_ema: 1.0000
Metrics/racket_target/ability_targeted_attempt_ema: 0.9923
Metrics/racket_target/impact_health_floor_progress: 0.0000
Metrics/racket_target/ability_safety_ema: 0.9470
Metrics/racket_target/ability_station_saturation_ema: 0.0000
Metrics/racket_target/ability_healthy_normal_ema: 0.9987
Metrics/racket_target/ability_station_arrival_ema: 0.0000
Metrics/racket_target/ability_station_settle_ema: 0.0000
Metrics/racket_target/safe_outcome_capability_gate: 0.3668
Metrics/racket_target/planner_hit_plane_blend: 1.0000
Metrics/racket_target/planner_hit_plane_x_delta: 0.0371
Metrics/racket_target/true_strike_table_x: 0.2000
Metrics/racket_target/planner_target_table_x: 0.2000
Metrics/racket_target/workspace_level: 0.0000
Metrics/racket_target/workspace_fringe_sample: 0.0000
Metrics/racket_target/workspace_target_lateral_norm: 0.2737
Metrics/racket_target/workspace_target_table_y: -0.1977
Metrics/racket_target/workspace_playable_y_min: -0.7225
Metrics/racket_target/workspace_playable_y_max: 0.7225
Metrics/racket_target/workspace_active_y_lo: -0.2674
Metrics/racket_target/workspace_active_y_hi: -0.1366
Metrics/racket_target/workspace_motion_seed_blend: 0.0000
Metrics/racket_target/planner_perturb_curriculum_scale: 1.0000
Metrics/racket_target/incoming_ball_horizontal_speed: 2.2560
Metrics/racket_target/incoming_ball_speed: 4.6208
Metrics/racket_target/incoming_ball_speed_curriculum_level: 0.0000
Metrics/racket_target/incoming_ball_speed_sample_low: 0.0000
Metrics/racket_target/incoming_ball_speed_sample_high: 0.0000
Metrics/racket_target/station_saturated: 0.0000
Metrics/racket_target/station_raw_clip_excess: 0.0000
Metrics/racket_target/station_saturated_x: 0.0000
Metrics/racket_target/station_saturated_y: 0.0000
Metrics/racket_target/station_raw_clip_excess_x: 0.0000
Metrics/racket_target/station_raw_clip_excess_y: 0.0000
Metrics/racket_target/current_swing_opportunity: 0.1326
Metrics/racket_target/current_swing_attempt: 0.1326
Metrics/racket_target/current_swing_targeted_attempt: 0.1274
Metrics/racket_target/prev_swing_targeted_attempt: 0.8411
Metrics/racket_target/current_swing_unsafe: 0.1048
Metrics/racket_target/current_swing_station_saturated: 0.0000
Metrics/racket_target/impact_health_score: 0.8050
Metrics/racket_target/impact_health_ok: 0.8043
Metrics/racket_target/impact_health_backlean_violation: 0.0243
Metrics/racket_target/impact_health_waist_backfold: 0.0000
Metrics/racket_target/impact_health_base_retreat: 0.0322
Metrics/racket_target/impact_health_torso_gravity_x: 0.3017
Metrics/racket_target/impact_health_torso_ang_vel: 0.7183
Metrics/racket_target/impact_health_com_x: 0.0750
Metrics/racket_target/impact_health_com_y: 0.0385
Metrics/racket_target/post_contact_ready_pending: 0.0000
Metrics/racket_target/post_contact_ready_elapsed_steps: 0.3083
Metrics/racket_target/post_contact_ready_consecutive_steps: 0.0000
Metrics/racket_target/post_contact_ready_diagnostic_pending: 0.0000
Metrics/racket_target/post_contact_ready_diagnostic_elapsed_steps: 1.7219
Metrics/racket_target/post_contact_ready_durable_pending: 0.0000
Metrics/racket_target/post_contact_ready_durable_consecutive_steps: 0.0000
Metrics/racket_target/post_contact_ready_durable_ready_now: 0.0000
Metrics/racket_target/post_contact_ready_durable_success_event: 0.0000
Metrics/racket_target/post_contact_ready_durable_fail_event: 0.0000
Metrics/racket_target/post_contact_ready_durable_resolution_success_rate: 0.2447
Metrics/racket_target/post_contact_ready_durable_resolution_fail_rate: 0.6862
Metrics/racket_target/post_contact_ready_durable_resolution_success_latency_steps: 35.0000
Metrics/racket_target/post_contact_ready_durable_resolution_fail_latency_steps: 33.3207
Metrics/racket_target/post_contact_ready_durable_fail_backlean_rate: 0.0576
Metrics/racket_target/post_contact_ready_durable_fail_forward_lean_rate: 0.8775
Metrics/racket_target/post_contact_ready_durable_fail_torso_ang_vel_rate: 0.0581
Metrics/racket_target/post_contact_ready_durable_fail_base_lin_vel_rate: 0.0596
Metrics/racket_target/post_contact_ready_durable_fail_base_ang_vel_rate: 0.3889
Metrics/racket_target/post_contact_ready_durable_fail_racket_speed_rate: 0.0576
Metrics/racket_target/post_contact_ready_durable_fail_height_rate: 0.0581
Metrics/racket_target/post_contact_ready_durable_fail_com_x_rate: 0.0611
Metrics/racket_target/post_contact_ready_durable_fail_com_y_rate: 0.0581
Metrics/racket_target/post_contact_ready_durable_fail_feet_rate: 0.0576
Metrics/racket_target/post_contact_ready_durable_fail_station_rate: 0.0591
Metrics/racket_target/post_contact_ready_durable_fail_arm_rate: 0.0576
Metrics/racket_target/post_contact_ready_terminal_window_active: 0.0000
Metrics/racket_target/post_contact_ready_terminal_quality: 0.0281
Metrics/racket_target/post_contact_ready_terminal_settlement_event: 0.0000
Metrics/racket_target/post_contact_ready_operational_ready_now: 0.0000
Metrics/racket_target/post_contact_ready_operational_consecutive_steps: 0.0000
Metrics/racket_target/post_contact_ready_safe_settlement_event: 0.0000
Metrics/racket_target/post_contact_ready_unsafe_settlement_event: 0.0000
Metrics/racket_target/post_contact_ready_incomplete_settlement_event: 0.0000
Metrics/racket_target/post_contact_ready_safe_net_cycle_event: 0.0000
Metrics/racket_target/post_contact_ready_terminal_quality_mean: 0.9224
Metrics/racket_target/post_contact_ready_safe_terminal_quality_mean: 0.9318
Metrics/racket_target/post_contact_ready_terminal_safe_rate: 0.7279
Metrics/racket_target/post_contact_ready_terminal_unsafe_rate: 0.0318
Metrics/racket_target/post_contact_ready_terminal_incomplete_rate: 0.2403
Metrics/racket_target/post_contact_ready_safe_net_cycle_rate: 0.7116
Metrics/racket_target/post_contact_ready_score: 0.6711
Metrics/racket_target/post_contact_ready_now: 0.0000
Metrics/racket_target/post_contact_ready_success_event: 0.0000
Metrics/racket_target/post_contact_ready_fail_event: 0.0000
Metrics/racket_target/post_contact_ready_outcome_tier: -0.9094
Metrics/racket_target/post_contact_ready_face_quality: 0.0219
Metrics/racket_target/post_contact_ready_safe_face_net_cycle_value: 0.0000
Metrics/racket_target/post_contact_ready_planner_speed_ratio: 0.0297
Metrics/racket_target/post_contact_ready_planner_direction_error_rad: 0.0142
Metrics/racket_target/post_contact_ready_planner_position_error: 0.0023
Metrics/racket_target/post_contact_ready_impact_health_score: 0.0352
Metrics/racket_target/post_contact_ready_peak_base_ang_vel: 0.0679
Metrics/racket_target/post_contact_ready_peak_ang_vel_excess_increment: 0.0000
Metrics/racket_target/post_contact_ready_envelope_violation_latch: 0.0000
Metrics/racket_target/post_contact_ready_envelope_violation_event: 0.0000
Metrics/racket_target/post_contact_ready_envelope_first_violation_step: -1.0000
Metrics/racket_target/post_contact_ready_envelope_attempts: 2935.8438
Metrics/racket_target/post_contact_ready_envelope_violation_rate: 0.0324
Metrics/racket_target/post_contact_ready_envelope_tilt_violation_rate: 0.0003
Metrics/racket_target/post_contact_ready_envelope_pitch_violation_rate: 0.0007
Metrics/racket_target/post_contact_ready_envelope_com_violation_rate: 0.0017
Metrics/racket_target/post_contact_ready_envelope_waist_violation_rate: 0.0000
Metrics/racket_target/post_contact_ready_envelope_leg_violation_rate: 0.0000
Metrics/racket_target/post_contact_ready_envelope_base_ang_vel_violation_rate: 0.0314
Metrics/racket_target/post_contact_ready_resolution_success_rate: 0.9783
Metrics/racket_target/post_contact_ready_resolution_fail_rate: 0.0116
Metrics/racket_target/post_contact_ready_resolution_success_latency_steps: 4.8145
Metrics/racket_target/post_contact_ready_resolution_fail_latency_steps: 9.5882
Metrics/racket_target/post_contact_ready_max_tilt: 0.0077
Metrics/racket_target/post_contact_ready_max_abs_pitch: 0.0076
Metrics/racket_target/post_contact_ready_max_com_x: 0.0028
Metrics/racket_target/post_contact_ready_max_com_y: 0.0022
Metrics/racket_target/post_contact_ready_max_waist_overflow: 0.0000
Metrics/racket_target/post_contact_ready_max_leg_overflow: 0.0018
Metrics/racket_target/post_contact_ready_settlement_velocity_score_ema: 0.6370
Metrics/racket_target/post_contact_ready_settlement_position_gate_ema: 0.7781
Metrics/racket_target/post_contact_ready_settlement_health_gate_ema: 0.9794
Metrics/racket_target/post_contact_ready_settlement_recovery_gate_ema: 0.4226
Metrics/racket_target/post_contact_ready_settlement_total_score_ema: 0.2065
Metrics/racket_target/post_contact_recovery_backlean_error: 0.0662
Metrics/racket_target/post_contact_recovery_directional_progress: 0.0000
Metrics/racket_target/post_contact_ready_torso_ok: 0.1342
Metrics/racket_target/post_contact_ready_motion_ok: 0.6212
Metrics/racket_target/post_contact_ready_support_ok: 0.8429
Metrics/racket_target/post_contact_ready_arm_ok: 1.0000
Metrics/racket_target/post_contact_ready_base_lin_vel_ok: 0.8588
Metrics/racket_target/post_contact_ready_base_ang_vel_ok: 0.7561
Metrics/racket_target/post_contact_ready_racket_speed_ok: 0.8492
Metrics/racket_target/post_contact_ready_height_ok: 0.8952
Metrics/racket_target/post_contact_ready_com_x_ok: 0.8481
Metrics/racket_target/post_contact_ready_com_y_ok: 0.9674
Metrics/racket_target/post_contact_ready_feet_ok: 0.9937
Metrics/racket_target/post_contact_ready_station_ok: 0.8598
Metrics/racket_target/post_contact_ready_fail_torso: 0.0000
Metrics/racket_target/post_contact_ready_fail_base_lin_vel: 0.0000
Metrics/racket_target/post_contact_ready_fail_base_ang_vel: 0.0000
Metrics/racket_target/post_contact_ready_fail_racket_speed: 0.0000
Metrics/racket_target/post_contact_ready_fail_support: 0.0000
Metrics/racket_target/post_contact_ready_fail_arm: 0.0000
Metrics/racket_target/post_contact_ready_shadow_now: 0.0000
Metrics/racket_target/post_contact_ready_shadow_consecutive_steps: 0.0000
Metrics/racket_target/post_contact_ready_shadow_success_latch: 0.0000
Metrics/racket_target/post_contact_ready_curriculum_level: 0.0000
Metrics/racket_target/post_contact_ready_curriculum_fraction: 1.0000
Metrics/racket_target/post_contact_ready_curriculum_success_ema: 0.0000
Metrics/racket_target/post_contact_ready_curriculum_shadow_success_ema: 0.0000
Metrics/racket_target/post_contact_ready_curriculum_resolved_events: 0.0000
Metrics/racket_target/post_contact_ready_curriculum_successful_events: 0.0000
Metrics/racket_target/post_contact_ready_curriculum_targeted_attempt_ema: 0.0000
Metrics/racket_target/post_contact_ready_curriculum_return_success_ema: 0.0000
Metrics/racket_target/post_contact_ready_curriculum_completed_swings: 0.0000
Metrics/racket_target/post_contact_ready_curriculum_advance_streak: 0.0000
Metrics/racket_target/post_contact_ready_curriculum_advance_guard_ok: 0.0000
Metrics/racket_target/post_contact_ready_effective_max_torso_ang_vel: 1.5000
Metrics/racket_target/post_contact_ready_effective_torso_x_min: -0.1200
Metrics/racket_target/post_contact_ready_effective_torso_x_max: 0.3200
Metrics/racket_target/post_contact_ready_effective_max_base_lin_vel: 0.4500
Metrics/racket_target/post_contact_ready_effective_max_base_ang_vel: 1.3000
Metrics/racket_target/post_contact_ready_effective_max_racket_speed: 3.0000
Metrics/racket_target/post_contact_ready_effective_min_feet_contact: 0.5000
Metrics/racket_target/post_contact_ready_effective_required_consecutive_steps: 3.0000
Metrics/racket_target/post_contact_ready_effective_deadline_steps: 40.0000
Metrics/racket_target/post_contact_ready_curriculum_advance_threshold: 1.0000
Metrics/racket_target/post_contact_ready_curriculum_advance_min_events: 0.0000
Metrics/racket_target/post_contact_ready_curriculum_shadow_threshold: 1.0000
Metrics/racket_target/post_contact_ready_curriculum_min_targeted_attempt_ema: 0.0000
Metrics/racket_target/post_contact_ready_curriculum_min_return_success_ema: 0.0000
Metrics/racket_target/post_contact_ready_curriculum_min_completed_swings: 1.0000
Metrics/racket_target/post_contact_ready_curriculum_required_advance_checks: 1.0000
Metrics/racket_target/racket_normal_error_deg: 59.7114
Metrics/racket_target/impact_normal_error_deg: 1.8520
Metrics/racket_target/impact_racket_vel_error_mps: 0.5954
Metrics/racket_target/impact_racket_speed_ratio: 0.8086
Metrics/racket_target/impact_racket_vel_angle_deg: 14.6829
Metrics/racket_target/impact_racket_actual_vel_x: 0.7501
Metrics/racket_target/impact_racket_actual_vel_y: 0.0472
Metrics/racket_target/impact_racket_actual_vel_z: 1.2686
Metrics/racket_target/impact_racket_target_vel_x: 1.1228
Metrics/racket_target/impact_racket_target_vel_y: -0.0205
Metrics/racket_target/impact_racket_target_vel_z: 1.2372
Metrics/racket_target/impact_ball_out_error_mps: 4.1174
Metrics/racket_target/impact_face_radial_error_m: 0.0553
Metrics/racket_target/impact_face_normal_gap_m: 0.0445
Metrics/racket_target/impact_face_quality: 0.5551
Metrics/racket_target/impact_center_contact: 0.0000
Metrics/racket_target/impact_center_net_cross: 0.0000
Metrics/racket_target/impact_center_on_opponent: 0.0000
Metrics/racket_target/impact_rim_contact: 0.0000
Metrics/racket_target/impact_rim_net_cross: 0.0000
Metrics/racket_target/impact_rim_on_opponent: 0.0000
Metrics/racket_target/impact_analytic_outer_contact: 0.0000
Metrics/racket_target/impact_analytic_outer_net_cross: 0.0000
Metrics/racket_target/impact_analytic_outer_on_opponent: 0.0000
Metrics/racket_target/impact_planner_pos_error_m: 0.0759
Metrics/racket_target/impact_planner_vel_error_mps: 0.5954
Metrics/racket_target/impact_planner_speed_ratio: 0.8086
Metrics/racket_target/impact_planner_vel_angle_deg: 14.6829
Metrics/racket_target/impact_healthy_normal_ok: 0.0000
Metrics/racket_target/impact_healthy_contact: 0.0000
Metrics/racket_target/impact_healthy_net_cross: 0.0000
Metrics/racket_target/impact_healthy_on_opponent: 0.0000
Metrics/racket_target/current_swing_impact_health_score: 0.0352
Metrics/racket_target/current_swing_healthy_contact: 0.0453
Metrics/racket_target/current_swing_healthy_net_cross: 0.0453
Metrics/racket_target/current_swing_healthy_on_opponent: 0.0000
Metrics/racket_target/current_swing_healthy_normal_ok: 0.1274
Metrics/racket_target/current_swing_contact: 0.0453
Metrics/racket_target/current_swing_net_cross: 0.0453
Metrics/racket_target/current_swing_on_opponent: 0.0000
Metrics/racket_target/current_swing_center_contact: 0.0297
Metrics/racket_target/current_swing_center_net_cross: 0.0297
Metrics/racket_target/current_swing_center_on_opponent: 0.0000
Metrics/racket_target/current_swing_rim_contact: 0.0000
Metrics/racket_target/current_swing_rim_net_cross: 0.0000
Metrics/racket_target/current_swing_rim_on_opponent: 0.0000
Metrics/racket_target/current_swing_analytic_outer_contact: 0.0156
Metrics/racket_target/current_swing_analytic_outer_net_cross: 0.0156
Metrics/racket_target/current_swing_analytic_outer_on_opponent: 0.0000
Metrics/racket_target/cycle_v2_outcome_tier: -1.0000
Metrics/racket_target/cycle_v2_streak: 0.0000
Metrics/racket_target/closed_loop_recovery_trigger_event: 0.0000
Metrics/racket_target/closed_loop_cycle_success_event: 0.0000
Metrics/racket_target/closed_loop_durable_cycle_success_event: 0.0000
Metrics/racket_target/closed_loop_phase_id: 1.1380
Metrics/racket_target/closed_loop_phase_ready_no_command: 0.0493
Metrics/racket_target/closed_loop_phase_command_acquire: 0.7635
Metrics/racket_target/closed_loop_phase_pre_strike: 0.1873
Metrics/racket_target/closed_loop_phase_strike: 0.0000
Metrics/racket_target/closed_loop_phase_follow_through: 0.0000
Metrics/racket_target/closed_loop_phase_recovery: 0.0000
Metrics/racket_target/closed_loop_phase_next_ready: 0.0000
Metrics/racket_target/post_contact_phase_impact_0_100ms_attempts: 2935.8438
Metrics/racket_target/post_contact_phase_impact_0_100ms_tilt_gt_0p1_rate: 1.0000
Metrics/racket_target/post_contact_phase_impact_0_100ms_pitch_gt_0p1_rate: 1.0000
Metrics/racket_target/post_contact_phase_impact_0_100ms_waist_overflow_gt_1p0_rate: 0.0000
Metrics/racket_target/post_contact_phase_impact_0_100ms_base_ang_vel_gt_0p8_rate: 0.9822
Metrics/racket_target/post_contact_phase_brake_100_300ms_attempts: 2880.4375
Metrics/racket_target/post_contact_phase_brake_100_300ms_tilt_gt_0p1_rate: 0.9969
Metrics/racket_target/post_contact_phase_brake_100_300ms_pitch_gt_0p1_rate: 0.9948
Metrics/racket_target/post_contact_phase_brake_100_300ms_waist_overflow_gt_1p0_rate: 0.0000
Metrics/racket_target/post_contact_phase_brake_100_300ms_base_ang_vel_gt_0p8_rate: 0.9961
Metrics/racket_target/post_contact_phase_settle_300_600ms_attempts: 2776.7500
Metrics/racket_target/post_contact_phase_settle_300_600ms_tilt_gt_0p1_rate: 0.8017
Metrics/racket_target/post_contact_phase_settle_300_600ms_pitch_gt_0p1_rate: 0.7475
Metrics/racket_target/post_contact_phase_settle_300_600ms_waist_overflow_gt_1p0_rate: 0.0000
Metrics/racket_target/post_contact_phase_settle_300_600ms_base_ang_vel_gt_0p8_rate: 0.9894
Metrics/racket_target/post_contact_phase_ready_after_600ms_attempts: 2590.3125
Metrics/racket_target/post_contact_phase_ready_after_600ms_tilt_gt_0p1_rate: 0.5297
Metrics/racket_target/post_contact_phase_ready_after_600ms_pitch_gt_0p1_rate: 0.4400
Metrics/racket_target/post_contact_phase_ready_after_600ms_waist_overflow_gt_1p0_rate: 0.0000
Metrics/racket_target/post_contact_phase_ready_after_600ms_base_ang_vel_gt_0p8_rate: 0.9351
Metrics/racket_target/base_pitch_like_signed: -0.0540
Metrics/racket_target/base_backward_velocity: 0.0917
Metrics/racket_target/waist_action_rms: 0.5741
Metrics/racket_target/right_arm_action_rms: 3.8328
Metrics/racket_target/leg_action_rms: 0.5020
Metrics/racket_target/action_abs_max: 7.3471
Metrics/racket_target/applied_action_abs_max: 7.2718
Metrics/racket_target/leg_action_abs_max: 0.9778
Metrics/racket_target/effective_action_abs_max: 7.2718
Metrics/racket_target/action_clamp_fraction: 0.0061
Metrics/racket_target/waist_action_clamp_fraction: 0.0017
Metrics/racket_target/right_arm_action_clamp_fraction: 0.0000
Metrics/racket_target/leg_action_clamp_fraction: 0.0153
Metrics/racket_target/waist_q_tracking_error_rms: 0.3492
Metrics/racket_target/right_arm_q_tracking_error_rms: 0.2005
Metrics/racket_target/leg_q_tracking_error_rms: 0.1922
Metrics/racket_target/waist_torque_clip_fraction: 0.0000
Metrics/racket_target/right_arm_torque_clip_fraction: 0.0000
Metrics/racket_target/leg_torque_clip_fraction: 0.0000
Metrics/racket_target/waist_action_delta_rms: 0.1601
Metrics/racket_target/right_arm_action_delta_rms: 0.9383
Metrics/racket_target/leg_action_delta_rms: 0.2780
Metrics/racket_target/waist_joint_vel_rms: 0.9098
Metrics/racket_target/right_arm_joint_vel_rms: 1.8404
Metrics/racket_target/leg_joint_vel_rms: 0.7211
Metrics/racket_target/recovery_leg_action_abs_max: 0.5651
Metrics/racket_target/recovery_leg_action_delta_rms: 0.1684
Metrics/racket_target/recovery_leg_joint_vel_rms: 0.4522
      Episode_Termination/time_out: 3.6562
  Episode_Termination/base_too_low: 0.0312
   Episode_Termination/base_tilted: 0.3125
   Episode_Termination/table_touch: 0.2500
Episode_Termination/persistent_action_overflow: 0.0000
--------------------------------------------------------------------------------
                   Total timesteps: 720896
                    Iteration time: 2.27s
                      Time elapsed: 00:00:24
                               ETA: 00:00:22

################################################################################
                     [1m Learning iteration 1811/1820 [0m                     

                       Computation: 28663 steps/s (collection: 2.270s, learning 0.016s)
             Mean action noise std: 0.45
          Mean value_function loss: 0.0526
               Mean surrogate loss: -0.0000
                 Mean entropy loss: 2.8121
      Mean critic_only_warmup loss: 1.0000
                       Mean reward: 11.17
               Mean episode length: 365.55
 Episode_Reward/undesired_contacts: -0.0000
  Episode_Reward/feet_contact_slip: -0.0019
     Episode_Reward/table_no_touch: -0.0001
              Episode_Reward/alive: 0.0072
            Episode_Reward/upright: -0.0056
          Episode_Reward/imitation: 0.2986
    Episode_Reward/racket_position: 0.0505
Episode_Reward/backhand_racket_position: 0.0242
    Episode_Reward/racket_velocity: 0.0326
Episode_Reward/planner_racket_task_space_crossfade: 0.2082
Episode_Reward/exact_impact_planner_task_space_alignment: 0.0052
    Episode_Reward/blade_direction: 0.0298
Episode_Reward/health_gated_soft_ball_contact: 0.0329
Episode_Reward/health_gated_backhand_soft_ball_contact: 0.0221
Episode_Reward/health_gated_ball_contact: 0.0062
Episode_Reward/healthy_trunk_support: 0.0499
Episode_Reward/targeted_strike_attempt: 0.0074
  Episode_Reward/strike_inactivity: -0.0000
 Episode_Reward/pre_strike_station: 0.0610
    Episode_Reward/recovery_health: 0.0419
Episode_Reward/no_command_ready_stability: 0.0011
Episode_Reward/post_strike_base_ang_vel: 0.0079
Episode_Reward/phase_action_overflow: -0.0001
     Episode_Reward/strike_balance: 0.0195
Episode_Reward/prestrike_station_progress: 0.0144
 Episode_Reward/lower_body_support: 0.0289
Episode_Reward/termination_penalty: -0.0105
Episode_Reward/phase_action_rate_waist: -0.0002
Episode_Reward/phase_action_rate_upper: -0.0049
Episode_Reward/phase_action_rate_legs: -0.0002
        Episode_Reward/joint_limit: -0.0283
Episode_Reward/prestrike_racket_progress: 0.1779
Episode_Reward/near_impact_planner_velocity_progress: 0.0301
Episode_Reward/operational_joint_margin: -0.0034
  Episode_Reward/joint_target_slew: -0.0245
Episode_Reward/actuator_waist_feasibility: -0.0000
Episode_Reward/actuator_right_arm_feasibility: -0.0000
Episode_Reward/actuator_leg_feasibility: -0.0000
Episode_Reward/terminal_quality_window: 0.0010
Episode_Reward/safe_terminal_quality: 0.0018
Episode_Reward/unsafe_terminal_recovery: -0.0001
Episode_Reward/capability_gated_safe_terminal_outcome: 0.0113
Episode_Reward/targeted_contact_miss: -0.0018
    Metrics/motion/error_joint_pos: 1.4314
    Metrics/motion/error_joint_vel: 5.8614
     Metrics/motion/error_body_pos: 0.1287
     Metrics/motion/error_body_rot: 0.6431
       Metrics/motion/motion_phase: 0.2174
            Metrics/motion/in_hold: 0.0335
Metrics/motion/motion_start_warmup_prob: 0.8000
Metrics/motion/motion_start_lifecycle_progress: 0.0000
Metrics/motion/motion_start_effective_prestrike_fraction: 1.0000
Metrics/motion/motion_start_effective_recovery_fraction: 0.0000
Metrics/motion/motion_start_effective_rsi_fraction: 0.0000
 Metrics/motion/motion_start_reset: 0.0000
Metrics/motion/motion_start_prestrike_reset: 0.0000
Metrics/motion/motion_start_recovery_reset: 0.0000
Metrics/motion/motion_start_rsi_reset: 0.0000
 Metrics/motion/single_cycle_reset: 0.0000
     Metrics/motion/motion_clip_id: 0.6655
Metrics/motion/motion_supplemental_clip: 0.0000
      Metrics/motion/stand_episode: 0.0188
Metrics/motion/default_stand_reset: 0.0402
Metrics/motion/error_body_pos_lower: 0.1495
Metrics/motion/error_body_rot_lower: 0.8019
Metrics/motion/error_body_lin_vel_lower: 0.1591
Metrics/motion/error_body_ang_vel_lower: 0.7831
Metrics/motion/reference_body_lin_speed_lower: 0.0195
Metrics/motion/robot_body_lin_speed_lower: 0.1561
Metrics/motion/error_body_pos_core: 0.0723
Metrics/motion/error_body_rot_core: 0.3841
Metrics/motion/error_body_lin_vel_core: 0.2189
Metrics/motion/error_body_ang_vel_core: 1.2029
Metrics/motion/reference_body_lin_speed_core: 0.0209
Metrics/motion/robot_body_lin_speed_core: 0.2182
Metrics/motion/error_body_pos_upper: 0.1268
Metrics/motion/error_body_rot_upper: 0.5706
Metrics/motion/error_body_lin_vel_upper: 0.7647
Metrics/motion/error_body_ang_vel_upper: 2.4243
Metrics/motion/reference_body_lin_speed_upper: 0.0681
Metrics/motion/robot_body_lin_speed_upper: 0.7863
Metrics/motion/error_joint_pos_waist: 0.5188
Metrics/motion/error_joint_vel_waist: 1.3835
Metrics/motion/reference_joint_speed_waist: 0.0267
Metrics/motion/error_joint_pos_arms: 1.1585
Metrics/motion/error_joint_vel_arms: 4.9658
Metrics/motion/reference_joint_speed_arms: 0.1747
Metrics/motion/error_joint_pos_legs: 0.6270
Metrics/motion/error_joint_vel_legs: 2.4699
Metrics/motion/reference_joint_speed_legs: 0.0067
Metrics/racket_target/racket_pos_error: 0.1124
Metrics/racket_target/racket_vel_error: 1.3080
Metrics/racket_target/time_to_strike: 0.5248
Metrics/racket_target/return_success: 0.0229
Metrics/racket_target/prev_return_success: 0.0229
Metrics/racket_target/prev_net_cross: 0.6725
Metrics/racket_target/current_net_cross: 0.0035
Metrics/racket_target/racket_pos_curriculum_scale: 1.0000
Metrics/racket_target/impact_inverse_command_blend: 0.0000
Metrics/racket_target/steps_since_target_resample: 54.4398
Metrics/racket_target/recovery_height_error: 0.0413
Metrics/racket_target/recovery_upright_error: 0.2101
Metrics/racket_target/recovery_base_lin_vel: 0.1685
Metrics/racket_target/recovery_base_ang_vel: 0.9545
Metrics/racket_target/recovery_station_error: 0.0747
Metrics/racket_target/recovery_feet_contact_frac: 0.9735
Metrics/racket_target/recovery_racket_speed: 1.3837
Metrics/racket_target/recovery_height_score: 0.8900
Metrics/racket_target/recovery_upright_score: 0.5981
Metrics/racket_target/recovery_lin_vel_score: 0.7766
Metrics/racket_target/recovery_ang_vel_score: 0.3086
Metrics/racket_target/recovery_station_score: 0.8946
Metrics/racket_target/recovery_racket_score: 0.1139
Metrics/racket_target/recovery_arm_score: 0.5817
Metrics/racket_target/recovery_ready_score: 0.6740
Metrics/racket_target/recovery_anchor_arm_score: 1.0000
Metrics/racket_target/recovery_core_ready_score: 0.5625
Metrics/racket_target/recovery_functional_ready_score: 0.4829
Metrics/racket_target/waist_action_overflow_rms: 0.0000
Metrics/racket_target/right_arm_action_overflow_rms: 0.0000
Metrics/racket_target/leg_action_overflow_rms: 0.0020
Metrics/racket_target/operational_margin_fraction: 0.0060
Metrics/racket_target/waist_operational_margin_fraction: 0.0000
Metrics/racket_target/right_arm_operational_margin_fraction: 0.0045
Metrics/racket_target/leg_operational_margin_fraction: 0.0128
Metrics/racket_target/waist_operational_excess_rms: 0.0000
Metrics/racket_target/right_arm_operational_excess_rms: 0.0001
Metrics/racket_target/leg_operational_excess_rms: 0.0022
Metrics/racket_target/q_des_velocity_violation_fraction: 0.0798
Metrics/racket_target/waist_q_des_velocity_violation_fraction: 0.0017
Metrics/racket_target/right_arm_q_des_velocity_violation_fraction: 0.1159
Metrics/racket_target/leg_q_des_velocity_violation_fraction: 0.1002
Metrics/racket_target/q_des_acceleration_violation_fraction: 0.7019
Metrics/racket_target/waist_q_des_acceleration_violation_fraction: 0.5996
Metrics/racket_target/right_arm_q_des_acceleration_violation_fraction: 0.8131
Metrics/racket_target/leg_q_des_acceleration_violation_fraction: 0.7579
Metrics/racket_target/waist_q_des_velocity_rms: 3.3576
Metrics/racket_target/right_arm_q_des_velocity_rms: 9.0300
Metrics/racket_target/leg_q_des_velocity_rms: 7.1774
Metrics/racket_target/waist_q_des_acceleration_rms: 274.4778
Metrics/racket_target/right_arm_q_des_acceleration_rms: 756.8335
Metrics/racket_target/leg_q_des_acceleration_rms: 614.2071
Metrics/racket_target/action_operational_feasibility_score: 0.9702
Metrics/racket_target/actuator_overflow_consecutive_steps: 0.0000
Metrics/racket_target/actuator_overflow_severe: 0.0000
Metrics/racket_target/recovery_phase_gate: 0.0486
Metrics/racket_target/recovery_phase_ready_score: 0.0210
Metrics/racket_target/recovery_contact_ready_score: 0.0002
Metrics/racket_target/recovery_net_ready_score: 0.0002
Metrics/racket_target/recovery_return_ready_score: 0.0000
Metrics/racket_target/cycle_success_ready_score: 0.0000
Metrics/racket_target/cycle_success_soft: 0.0000
Metrics/racket_target/cycle_success_binary: 0.0000
Metrics/racket_target/cycle_v2_pending: 0.0000
Metrics/racket_target/cycle_v2_attempt_latch: 0.0000
Metrics/racket_target/cycle_v2_ready_success_latch: 0.0000
Metrics/racket_target/cycle_v2_ready_fail_latch: 0.0000
Metrics/racket_target/cycle_v2_attempt_event: 0.0000
Metrics/racket_target/cycle_v2_ready_success_event: 0.0000
Metrics/racket_target/cycle_v2_ready_fail_event: 0.0000
Metrics/racket_target/cycle_v2_unresolved_resample_fail_event: 0.0000
Metrics/racket_target/cycle_v2_resolved_event: 0.0000
Metrics/racket_target/cycle_v2_command_visible_steps: 0.0000
Metrics/racket_target/cycle_v2_elapsed_steps: 0.0000
Metrics/racket_target/cycle_v2_ready_score: 0.0000
Metrics/racket_target/cycle_v2_ready_ok: 0.0000
Metrics/racket_target/cycle_v2_visible: 0.0000
Metrics/racket_target/cycle_v2_ready_score_ok: 0.0000
Metrics/racket_target/cycle_v2_height_ok: 0.0000
Metrics/racket_target/cycle_v2_upright_ok: 0.0000
Metrics/racket_target/cycle_v2_base_lin_vel_ok: 0.0000
Metrics/racket_target/cycle_v2_base_ang_vel_ok: 0.0000
Metrics/racket_target/cycle_v2_feet_ok: 0.0000
Metrics/racket_target/cycle_v2_core_ready_ok: 0.0000
Metrics/racket_target/cycle_v2_ready_consecutive_steps: 0.0000
Metrics/racket_target/single_cycle_bootstrap: 0.0000
Metrics/racket_target/single_cycle_swing_completed: 0.0000
Metrics/racket_target/single_cycle_recovery_active: 0.0000
Metrics/racket_target/single_cycle_recovery_elapsed_steps: 0.0000
Metrics/racket_target/single_cycle_ready_consecutive_steps: 0.0000
Metrics/racket_target/single_cycle_safe_timeout_event: 0.0000
Metrics/racket_target/single_cycle_deadline_timeout_event: 0.0000
Metrics/racket_target/single_cycle_timeout_latch: 0.0000
Metrics/racket_target/single_cycle_hard_failure_event: 0.0000
Metrics/racket_target/single_cycle_probability: 0.0000
Metrics/racket_target/single_cycle_curriculum_level: 0.0000
Metrics/racket_target/single_cycle_effective_deadline_steps: 100.0000
Metrics/racket_target/single_cycle_selected_events: 0.0000
Metrics/racket_target/single_cycle_completed_events: 0.0000
Metrics/racket_target/single_cycle_safe_timeout_events: 0.0000
Metrics/racket_target/single_cycle_deadline_timeout_events: 0.0000
Metrics/racket_target/single_cycle_hard_failure_events: 0.0000
Metrics/racket_target/active_ready_consecutive_steps: 0.0156
Metrics/racket_target/active_ready_success_event: 0.0000
Metrics/racket_target/active_ready_success_latch: 0.0000
Metrics/racket_target/active_ready_survival_steps: 0.0000
Metrics/racket_target/active_ready_survival_next_milestone: 0.0000
Metrics/racket_target/active_ready_survival_milestone_event: 0.0000
Metrics/racket_target/no_command_ready_active: 0.0188
Metrics/racket_target/no_command_from_stand_episode: 0.0188
Metrics/racket_target/no_command_from_default_stand_reset: 0.0188
Metrics/racket_target/no_command_ready_upright_ok: 0.0188
Metrics/racket_target/no_command_ready_motion_ok: 0.0039
Metrics/racket_target/no_command_ready_score: 0.0122
Metrics/racket_target/no_command_ready_progress: -0.0061
Metrics/racket_target/no_command_ready_station_error: 0.0011
Metrics/racket_target/no_command_ready_fixed_station_error: 0.0011
Metrics/racket_target/healthy_training_stage: 3.0000
Metrics/racket_target/healthy_stage_planted_rehearsal: 0.0000
Metrics/racket_target/healthy_stage_station_hold_seen: 0.0000
Metrics/racket_target/healthy_stage_station_arrived: 0.0000
Metrics/racket_target/healthy_stage_station_settled: 0.0000
Metrics/racket_target/healthy_stage_station_settle_steps: 0.0000
Metrics/racket_target/station_relocation_active: 0.0000
Metrics/racket_target/station_relocation_target_offset_y: 0.0000
Metrics/racket_target/station_relocation_error: 0.0000
Metrics/racket_target/station_relocation_arrival_event: 0.0000
Metrics/racket_target/station_relocation_settle_event: 0.0000
Metrics/racket_target/station_relocation_release_event: 0.0000
Metrics/racket_target/station_relocation_timeout_event: 0.0000
Metrics/racket_target/station_relocation_elapsed_steps: 0.0000
Metrics/racket_target/station_relocation_hold_deadline_steps: 0.0000
Metrics/racket_target/lifecycle_recovery_hold_active: 0.0000
Metrics/racket_target/lifecycle_recovery_release_success_event: 0.0000
Metrics/racket_target/lifecycle_recovery_release_fail_event: 0.0000
Metrics/racket_target/station_relocation_level: 0.0000
Metrics/racket_target/station_relocation_arrival_ema: 0.0000
Metrics/racket_target/station_relocation_settle_ema: 0.0000
Metrics/racket_target/station_relocation_contact_ema: 0.0000
Metrics/racket_target/station_relocation_safety_ema: 0.0000
Metrics/racket_target/station_relocation_resolved_events: 0.0000
Metrics/racket_target/station_relocation_terminal_reset_events: 0.0000
Metrics/racket_target/station_relocation_advance_streak: 0.0000
Metrics/racket_target/station_relocation_regress_streak: 0.0000
Metrics/racket_target/station_relocation_effective_max_lin_vel: 0.0000
Metrics/racket_target/station_relocation_effective_max_ang_vel: 0.0000
Metrics/racket_target/station_relocation_effective_min_settle_steps: 0.0000
Metrics/racket_target/ability_curriculum_level: 0.0000
Metrics/racket_target/ability_curriculum_scale: 1.0000
Metrics/racket_target/ability_curriculum_resolved_events: 3110.9688
Metrics/racket_target/ability_curriculum_total_resolved_events: 3110.9688
Metrics/racket_target/ability_curriculum_advance_streak: 0.0000
Metrics/racket_target/ability_curriculum_regress_streak: 0.0000
Metrics/racket_target/ability_contact_ema: 0.6493
Metrics/racket_target/ability_net_ema: 0.6295
Metrics/racket_target/ability_success_ema: 0.0167
Metrics/racket_target/ability_recovery_ema: 0.8043
Metrics/racket_target/ability_cycle_ema: 0.0167
Metrics/racket_target/ability_cycle_attempt_ema: 0.0167
Metrics/racket_target/ability_cycle_resolved_ema: 0.0167
Metrics/racket_target/ability_forehand_contact_ema: 0.6690
Metrics/racket_target/ability_forehand_net_ema: 0.6684
Metrics/racket_target/ability_forehand_success_ema: 0.0121
Metrics/racket_target/ability_backhand_contact_ema: 0.6138
Metrics/racket_target/ability_backhand_net_ema: 0.5615
Metrics/racket_target/ability_backhand_success_ema: 0.0209
Metrics/racket_target/ability_attempt_ema: 1.0000
Metrics/racket_target/ability_targeted_attempt_ema: 0.9866
Metrics/racket_target/impact_health_floor_progress: 0.0000
Metrics/racket_target/ability_safety_ema: 0.9449
Metrics/racket_target/ability_station_saturation_ema: 0.0000
Metrics/racket_target/ability_healthy_normal_ema: 0.9992
Metrics/racket_target/ability_station_arrival_ema: 0.0000
Metrics/racket_target/ability_station_settle_ema: 0.0000
Metrics/racket_target/safe_outcome_capability_gate: 0.3183
Metrics/racket_target/planner_hit_plane_blend: 1.0000
Metrics/racket_target/planner_hit_plane_x_delta: 0.0373
Metrics/racket_target/true_strike_table_x: 0.2000
Metrics/racket_target/planner_target_table_x: 0.2000
Metrics/racket_target/workspace_level: 0.0000
Metrics/racket_target/workspace_fringe_sample: 0.0000
Metrics/racket_target/workspace_target_lateral_norm: 0.2700
Metrics/racket_target/workspace_target_table_y: -0.1950
Metrics/racket_target/workspace_playable_y_min: -0.7225
Metrics/racket_target/workspace_playable_y_max: 0.7225
Metrics/racket_target/workspace_active_y_lo: -0.2571
Metrics/racket_target/workspace_active_y_hi: -0.1271
Metrics/racket_target/workspace_motion_seed_blend: 0.0000
Metrics/racket_target/planner_perturb_curriculum_scale: 1.0000
Metrics/racket_target/incoming_ball_horizontal_speed: 2.2058
Metrics/racket_target/incoming_ball_speed: 4.6206
Metrics/racket_target/incoming_ball_speed_curriculum_level: 0.0000
Metrics/racket_target/incoming_ball_speed_sample_low: 0.0000
Metrics/racket_target/incoming_ball_speed_sample_high: 0.0000
Metrics/racket_target/station_saturated: 0.0000
Metrics/racket_target/station_raw_clip_excess: 0.0000
Metrics/racket_target/station_saturated_x: 0.0000
Metrics/racket_target/station_saturated_y: 0.0000
Metrics/racket_target/station_raw_clip_excess_x: 0.0000
Metrics/racket_target/station_raw_clip_excess_y: 0.0000
Metrics/racket_target/current_swing_opportunity: 0.0113
Metrics/racket_target/current_swing_attempt: 0.0113
Metrics/racket_target/current_swing_targeted_attempt: 0.0113
Metrics/racket_target/prev_swing_targeted_attempt: 0.9598
Metrics/racket_target/current_swing_unsafe: 0.0632
Metrics/racket_target/current_swing_station_saturated: 0.0000
Metrics/racket_target/impact_health_score: 0.8856
Metrics/racket_target/impact_health_ok: 0.9255
Metrics/racket_target/impact_health_backlean_violation: 0.0163
Metrics/racket_target/impact_health_waist_backfold: 0.0000
Metrics/racket_target/impact_health_base_retreat: 0.0312
Metrics/racket_target/impact_health_torso_gravity_x: 0.2156
Metrics/racket_target/impact_health_torso_ang_vel: 0.6494
Metrics/racket_target/impact_health_com_x: 0.0501
Metrics/racket_target/impact_health_com_y: 0.0323
Metrics/racket_target/post_contact_ready_pending: 0.0000
Metrics/racket_target/post_contact_ready_elapsed_steps: 0.0312
Metrics/racket_target/post_contact_ready_consecutive_steps: 0.0000
Metrics/racket_target/post_contact_ready_diagnostic_pending: 0.0000
Metrics/racket_target/post_contact_ready_diagnostic_elapsed_steps: 0.1319
Metrics/racket_target/post_contact_ready_durable_pending: 0.0000
Metrics/racket_target/post_contact_ready_durable_consecutive_steps: 0.0000
Metrics/racket_target/post_contact_ready_durable_ready_now: 0.0000
Metrics/racket_target/post_contact_ready_durable_success_event: 0.0000
Metrics/racket_target/post_contact_ready_durable_fail_event: 0.0000
Metrics/racket_target/post_contact_ready_durable_resolution_success_rate: 0.2469
Metrics/racket_target/post_contact_ready_durable_resolution_fail_rate: 0.6918
Metrics/racket_target/post_contact_ready_durable_resolution_success_latency_steps: 35.0000
Metrics/racket_target/post_contact_ready_durable_resolution_fail_latency_steps: 33.4269
Metrics/racket_target/post_contact_ready_durable_fail_backlean_rate: 0.0540
Metrics/racket_target/post_contact_ready_durable_fail_forward_lean_rate: 0.8764
Metrics/racket_target/post_contact_ready_durable_fail_torso_ang_vel_rate: 0.0544
Metrics/racket_target/post_contact_ready_durable_fail_base_lin_vel_rate: 0.0558
Metrics/racket_target/post_contact_ready_durable_fail_base_ang_vel_rate: 0.3885
Metrics/racket_target/post_contact_ready_durable_fail_racket_speed_rate: 0.0540
Metrics/racket_target/post_contact_ready_durable_fail_height_rate: 0.0544
Metrics/racket_target/post_contact_ready_durable_fail_com_x_rate: 0.0572
Metrics/racket_target/post_contact_ready_durable_fail_com_y_rate: 0.0544
Metrics/racket_target/post_contact_ready_durable_fail_feet_rate: 0.0540
Metrics/racket_target/post_contact_ready_durable_fail_station_rate: 0.0554
Metrics/racket_target/post_contact_ready_durable_fail_arm_rate: 0.0540
Metrics/racket_target/post_contact_ready_terminal_window_active: 0.0000
Metrics/racket_target/post_contact_ready_terminal_quality: 0.0030
Metrics/racket_target/post_contact_ready_terminal_settlement_event: 0.0000
Metrics/racket_target/post_contact_ready_operational_ready_now: 0.0000
Metrics/racket_target/post_contact_ready_operational_consecutive_steps: 0.0000
Metrics/racket_target/post_contact_ready_safe_settlement_event: 0.0000
Metrics/racket_target/post_contact_ready_unsafe_settlement_event: 0.0000
Metrics/racket_target/post_contact_ready_incomplete_settlement_event: 0.0000
Metrics/racket_target/post_contact_ready_safe_net_cycle_event: 0.0000
Metrics/racket_target/post_contact_ready_terminal_quality_mean: 0.9227
Metrics/racket_target/post_contact_ready_safe_terminal_quality_mean: 0.9321
Metrics/racket_target/post_contact_ready_terminal_safe_rate: 0.7264
Metrics/racket_target/post_contact_ready_terminal_unsafe_rate: 0.0317
Metrics/racket_target/post_contact_ready_terminal_incomplete_rate: 0.2420
Metrics/racket_target/post_contact_ready_safe_net_cycle_rate: 0.7098
Metrics/racket_target/post_contact_ready_score: 0.8386
Metrics/racket_target/post_contact_ready_now: 0.0000
Metrics/racket_target/post_contact_ready_success_event: 0.0000
Metrics/racket_target/post_contact_ready_fail_event: 0.0000
Metrics/racket_target/post_contact_ready_outcome_tier: -0.9931
Metrics/racket_target/post_contact_ready_face_quality: 0.0027
Metrics/racket_target/post_contact_ready_safe_face_net_cycle_value: 0.0000
Metrics/racket_target/post_contact_ready_planner_speed_ratio: 0.0038
Metrics/racket_target/post_contact_ready_planner_direction_error_rad: 0.0010
Metrics/racket_target/post_contact_ready_planner_position_error: 0.0002
Metrics/racket_target/post_contact_ready_impact_health_score: 0.0034
Metrics/racket_target/post_contact_ready_peak_base_ang_vel: 0.0071
Metrics/racket_target/post_contact_ready_peak_ang_vel_excess_increment: 0.0000
Metrics/racket_target/post_contact_ready_envelope_violation_latch: 0.0000
Metrics/racket_target/post_contact_ready_envelope_violation_event: 0.0000
Metrics/racket_target/post_contact_ready_envelope_first_violation_step: -1.0000
Metrics/racket_target/post_contact_ready_envelope_attempts: 3108.4375
Metrics/racket_target/post_contact_ready_envelope_violation_rate: 0.0323
Metrics/racket_target/post_contact_ready_envelope_tilt_violation_rate: 0.0003
Metrics/racket_target/post_contact_ready_envelope_pitch_violation_rate: 0.0006
Metrics/racket_target/post_contact_ready_envelope_com_violation_rate: 0.0016
Metrics/racket_target/post_contact_ready_envelope_waist_violation_rate: 0.0000
Metrics/racket_target/post_contact_ready_envelope_leg_violation_rate: 0.0000
Metrics/racket_target/post_contact_ready_envelope_base_ang_vel_violation_rate: 0.0314
Metrics/racket_target/post_contact_ready_resolution_success_rate: 0.9809
Metrics/racket_target/post_contact_ready_resolution_fail_rate: 0.0113
Metrics/racket_target/post_contact_ready_resolution_success_latency_steps: 4.8178
Metrics/racket_target/post_contact_ready_resolution_fail_latency_steps: 10.4300
Metrics/racket_target/post_contact_ready_max_tilt: 0.0009
Metrics/racket_target/post_contact_ready_max_abs_pitch: 0.0009
Metrics/racket_target/post_contact_ready_max_com_x: 0.0004
Metrics/racket_target/post_contact_ready_max_com_y: 0.0001
Metrics/racket_target/post_contact_ready_max_waist_overflow: 0.0000
Metrics/racket_target/post_contact_ready_max_leg_overflow: 0.0000
Metrics/racket_target/post_contact_ready_settlement_velocity_score_ema: 0.6220
Metrics/racket_target/post_contact_ready_settlement_position_gate_ema: 0.7838
Metrics/racket_target/post_contact_ready_settlement_health_gate_ema: 0.9775
Metrics/racket_target/post_contact_ready_settlement_recovery_gate_ema: 0.4565
Metrics/racket_target/post_contact_ready_settlement_total_score_ema: 0.2201
Metrics/racket_target/post_contact_recovery_backlean_error: 0.0209
Metrics/racket_target/post_contact_recovery_directional_progress: 0.0000
Metrics/racket_target/post_contact_ready_torso_ok: 0.8257
Metrics/racket_target/post_contact_ready_motion_ok: 0.8000
Metrics/racket_target/post_contact_ready_support_ok: 0.9290
Metrics/racket_target/post_contact_ready_arm_ok: 1.0000
Metrics/racket_target/post_contact_ready_base_lin_vel_ok: 0.9290
Metrics/racket_target/post_contact_ready_base_ang_vel_ok: 0.8192
Metrics/racket_target/post_contact_ready_racket_speed_ok: 0.9655
Metrics/racket_target/post_contact_ready_height_ok: 0.9368
Metrics/racket_target/post_contact_ready_com_x_ok: 0.9425
Metrics/racket_target/post_contact_ready_com_y_ok: 0.9789
Metrics/racket_target/post_contact_ready_feet_ok: 0.9865
Metrics/racket_target/post_contact_ready_station_ok: 0.9321
Metrics/racket_target/post_contact_ready_fail_torso: 0.0000
Metrics/racket_target/post_contact_ready_fail_base_lin_vel: 0.0000
Metrics/racket_target/post_contact_ready_fail_base_ang_vel: 0.0000
Metrics/racket_target/post_contact_ready_fail_racket_speed: 0.0000
Metrics/racket_target/post_contact_ready_fail_support: 0.0000
Metrics/racket_target/post_contact_ready_fail_arm: 0.0000
Metrics/racket_target/post_contact_ready_shadow_now: 0.0000
Metrics/racket_target/post_contact_ready_shadow_consecutive_steps: 0.0000
Metrics/racket_target/post_contact_ready_shadow_success_latch: 0.0000
Metrics/racket_target/post_contact_ready_curriculum_level: 0.0000
Metrics/racket_target/post_contact_ready_curriculum_fraction: 1.0000
Metrics/racket_target/post_contact_ready_curriculum_success_ema: 0.0000
Metrics/racket_target/post_contact_ready_curriculum_shadow_success_ema: 0.0000
Metrics/racket_target/post_contact_ready_curriculum_resolved_events: 0.0000
Metrics/racket_target/post_contact_ready_curriculum_successful_events: 0.0000
Metrics/racket_target/post_contact_ready_curriculum_targeted_attempt_ema: 0.0000
Metrics/racket_target/post_contact_ready_curriculum_return_success_ema: 0.0000
Metrics/racket_target/post_contact_ready_curriculum_completed_swings: 0.0000
Metrics/racket_target/post_contact_ready_curriculum_advance_streak: 0.0000
Metrics/racket_target/post_contact_ready_curriculum_advance_guard_ok: 0.0000
Metrics/racket_target/post_contact_ready_effective_max_torso_ang_vel: 1.5000
Metrics/racket_target/post_contact_ready_effective_torso_x_min: -0.1200
Metrics/racket_target/post_contact_ready_effective_torso_x_max: 0.3200
Metrics/racket_target/post_contact_ready_effective_max_base_lin_vel: 0.4500
Metrics/racket_target/post_contact_ready_effective_max_base_ang_vel: 1.3000
Metrics/racket_target/post_contact_ready_effective_max_racket_speed: 3.0000
Metrics/racket_target/post_contact_ready_effective_min_feet_contact: 0.5000
Metrics/racket_target/post_contact_ready_effective_required_consecutive_steps: 3.0000
Metrics/racket_target/post_contact_ready_effective_deadline_steps: 40.0000
Metrics/racket_target/post_contact_ready_curriculum_advance_threshold: 1.0000
Metrics/racket_target/post_contact_ready_curriculum_advance_min_events: 0.0000
Metrics/racket_target/post_contact_ready_curriculum_shadow_threshold: 1.0000
Metrics/racket_target/post_contact_ready_curriculum_min_targeted_attempt_ema: 0.0000
Metrics/racket_target/post_contact_ready_curriculum_min_return_success_ema: 0.0000
Metrics/racket_target/post_contact_ready_curriculum_min_completed_swings: 1.0000
Metrics/racket_target/post_contact_ready_curriculum_required_advance_checks: 1.0000
Metrics/racket_target/racket_normal_error_deg: 32.0771
Metrics/racket_target/impact_normal_error_deg: 0.1144
Metrics/racket_target/impact_racket_vel_error_mps: 0.5893
Metrics/racket_target/impact_racket_speed_ratio: 0.8447
Metrics/racket_target/impact_racket_vel_angle_deg: 14.0937
Metrics/racket_target/impact_racket_actual_vel_x: 0.8311
Metrics/racket_target/impact_racket_actual_vel_y: -0.0012
Metrics/racket_target/impact_racket_actual_vel_z: 1.2781
Metrics/racket_target/impact_racket_target_vel_x: 1.2069
Metrics/racket_target/impact_racket_target_vel_y: -0.0194
Metrics/racket_target/impact_racket_target_vel_z: 1.3316
Metrics/racket_target/impact_ball_out_error_mps: 4.3837
Metrics/racket_target/impact_face_radial_error_m: 0.0556
Metrics/racket_target/impact_face_normal_gap_m: 0.0475
Metrics/racket_target/impact_face_quality: 0.7009
Metrics/racket_target/impact_center_contact: 0.0000
Metrics/racket_target/impact_center_net_cross: 0.0000
Metrics/racket_target/impact_center_on_opponent: 0.0000
Metrics/racket_target/impact_rim_contact: 0.0000
Metrics/racket_target/impact_rim_net_cross: 0.0000
Metrics/racket_target/impact_rim_on_opponent: 0.0000
Metrics/racket_target/impact_analytic_outer_contact: 0.0000
Metrics/racket_target/impact_analytic_outer_net_cross: 0.0000
Metrics/racket_target/impact_analytic_outer_on_opponent: 0.0000
Metrics/racket_target/impact_planner_pos_error_m: 0.0809
Metrics/racket_target/impact_planner_vel_error_mps: 0.5893
Metrics/racket_target/impact_planner_speed_ratio: 0.8447
Metrics/racket_target/impact_planner_vel_angle_deg: 14.0937
Metrics/racket_target/impact_healthy_normal_ok: 0.0000
Metrics/racket_target/impact_healthy_contact: 0.0000
Metrics/racket_target/impact_healthy_net_cross: 0.0000
Metrics/racket_target/impact_healthy_on_opponent: 0.0000
Metrics/racket_target/current_swing_impact_health_score: 0.0034
Metrics/racket_target/current_swing_healthy_contact: 0.0035
Metrics/racket_target/current_swing_healthy_net_cross: 0.0035
Metrics/racket_target/current_swing_healthy_on_opponent: 0.0000
Metrics/racket_target/current_swing_healthy_normal_ok: 0.0113
Metrics/racket_target/current_swing_contact: 0.0035
Metrics/racket_target/current_swing_net_cross: 0.0035
Metrics/racket_target/current_swing_on_opponent: 0.0000
Metrics/racket_target/current_swing_center_contact: 0.0000
Metrics/racket_target/current_swing_center_net_cross: 0.0000
Metrics/racket_target/current_swing_center_on_opponent: 0.0000
Metrics/racket_target/current_swing_rim_contact: 0.0035
Metrics/racket_target/current_swing_rim_net_cross: 0.0035
Metrics/racket_target/current_swing_rim_on_opponent: 0.0000
Metrics/racket_target/current_swing_analytic_outer_contact: 0.0000
Metrics/racket_target/current_swing_analytic_outer_net_cross: 0.0000
Metrics/racket_target/current_swing_analytic_outer_on_opponent: 0.0000
Metrics/racket_target/cycle_v2_outcome_tier: -1.0000
Metrics/racket_target/cycle_v2_streak: 0.0000
Metrics/racket_target/closed_loop_recovery_trigger_event: 0.0000
Metrics/racket_target/closed_loop_cycle_success_event: 0.0000
Metrics/racket_target/closed_loop_durable_cycle_success_event: 0.0000
Metrics/racket_target/closed_loop_phase_id: 1.2384
Metrics/racket_target/closed_loop_phase_ready_no_command: 0.0188
Metrics/racket_target/closed_loop_phase_command_acquire: 0.7560
Metrics/racket_target/closed_loop_phase_pre_strike: 0.1932
Metrics/racket_target/closed_loop_phase_strike: 0.0320
Metrics/racket_target/closed_loop_phase_follow_through: 0.0000
Metrics/racket_target/closed_loop_phase_recovery: 0.0000
Metrics/racket_target/closed_loop_phase_next_ready: 0.0000
Metrics/racket_target/post_contact_phase_impact_0_100ms_attempts: 3108.4375
Metrics/racket_target/post_contact_phase_impact_0_100ms_tilt_gt_0p1_rate: 1.0000
Metrics/racket_target/post_contact_phase_impact_0_100ms_pitch_gt_0p1_rate: 1.0000
Metrics/racket_target/post_contact_phase_impact_0_100ms_waist_overflow_gt_1p0_rate: 0.0000
Metrics/racket_target/post_contact_phase_impact_0_100ms_base_ang_vel_gt_0p8_rate: 0.9825
Metrics/racket_target/post_contact_phase_brake_100_300ms_attempts: 3057.7500
Metrics/racket_target/post_contact_phase_brake_100_300ms_tilt_gt_0p1_rate: 0.9971
Metrics/racket_target/post_contact_phase_brake_100_300ms_pitch_gt_0p1_rate: 0.9950
Metrics/racket_target/post_contact_phase_brake_100_300ms_waist_overflow_gt_1p0_rate: 0.0000
Metrics/racket_target/post_contact_phase_brake_100_300ms_base_ang_vel_gt_0p8_rate: 0.9959
Metrics/racket_target/post_contact_phase_settle_300_600ms_attempts: 2961.7500
Metrics/racket_target/post_contact_phase_settle_300_600ms_tilt_gt_0p1_rate: 0.8032
Metrics/racket_target/post_contact_phase_settle_300_600ms_pitch_gt_0p1_rate: 0.7502
Metrics/racket_target/post_contact_phase_settle_300_600ms_waist_overflow_gt_1p0_rate: 0.0000
Metrics/racket_target/post_contact_phase_settle_300_600ms_base_ang_vel_gt_0p8_rate: 0.9900
Metrics/racket_target/post_contact_phase_ready_after_600ms_attempts: 2776.7188
Metrics/racket_target/post_contact_phase_ready_after_600ms_tilt_gt_0p1_rate: 0.5300
Metrics/racket_target/post_contact_phase_ready_after_600ms_pitch_gt_0p1_rate: 0.4401
Metrics/racket_target/post_contact_phase_ready_after_600ms_waist_overflow_gt_1p0_rate: 0.0000
Metrics/racket_target/post_contact_phase_ready_after_600ms_base_ang_vel_gt_0p8_rate: 0.9351
Metrics/racket_target/base_pitch_like_signed: -0.1774
Metrics/racket_target/base_backward_velocity: 0.0676
Metrics/racket_target/waist_action_rms: 0.5102
Metrics/racket_target/right_arm_action_rms: 4.0735
Metrics/racket_target/leg_action_rms: 0.5063
Metrics/racket_target/action_abs_max: 7.1484
Metrics/racket_target/applied_action_abs_max: 7.1077
Metrics/racket_target/leg_action_abs_max: 0.9186
Metrics/racket_target/effective_action_abs_max: 7.1077
Metrics/racket_target/action_clamp_fraction: 0.0009
Metrics/racket_target/waist_action_clamp_fraction: 0.0000
Metrics/racket_target/right_arm_action_clamp_fraction: 0.0000
Metrics/racket_target/leg_action_clamp_fraction: 0.0024
Metrics/racket_target/waist_q_tracking_error_rms: 0.3900
Metrics/racket_target/right_arm_q_tracking_error_rms: 0.1781
Metrics/racket_target/leg_q_tracking_error_rms: 0.2061
Metrics/racket_target/waist_torque_clip_fraction: 0.0000
Metrics/racket_target/right_arm_torque_clip_fraction: 0.0000
Metrics/racket_target/leg_torque_clip_fraction: 0.0000
Metrics/racket_target/waist_action_delta_rms: 0.1415
Metrics/racket_target/right_arm_action_delta_rms: 0.9774
Metrics/racket_target/leg_action_delta_rms: 0.2687
Metrics/racket_target/waist_joint_vel_rms: 0.8064
Metrics/racket_target/right_arm_joint_vel_rms: 1.5686
Metrics/racket_target/leg_joint_vel_rms: 0.7133
Metrics/racket_target/recovery_leg_action_abs_max: 0.0605
Metrics/racket_target/recovery_leg_action_delta_rms: 0.0130
Metrics/racket_target/recovery_leg_joint_vel_rms: 0.0522
      Episode_Termination/time_out: 4.4688
  Episode_Termination/base_too_low: 0.0625
   Episode_Termination/base_tilted: 0.3438
   Episode_Termination/table_touch: 0.0625
Episode_Termination/persistent_action_overflow: 0.0000
--------------------------------------------------------------------------------
                   Total timesteps: 786432
                    Iteration time: 2.29s
                      Time elapsed: 00:00:27
                               ETA: 00:00:20

################################################################################
                     [1m Learning iteration 1812/1820 [0m                     

                       Computation: 28440 steps/s (collection: 2.289s, learning 0.015s)
             Mean action noise std: 0.45
          Mean value_function loss: 0.0649
               Mean surrogate loss: -0.0000
                 Mean entropy loss: 2.8121
      Mean critic_only_warmup loss: 1.0000
                       Mean reward: 13.05
               Mean episode length: 382.89
 Episode_Reward/undesired_contacts: 0.0000
  Episode_Reward/feet_contact_slip: -0.0020
     Episode_Reward/table_no_touch: -0.0005
              Episode_Reward/alive: 0.0076
            Episode_Reward/upright: -0.0062
          Episode_Reward/imitation: 0.3167
    Episode_Reward/racket_position: 0.0667
Episode_Reward/backhand_racket_position: 0.0282
    Episode_Reward/racket_velocity: 0.0426
Episode_Reward/planner_racket_task_space_crossfade: 0.2756
Episode_Reward/exact_impact_planner_task_space_alignment: 0.0073
    Episode_Reward/blade_direction: 0.0392
Episode_Reward/health_gated_soft_ball_contact: 0.0431
Episode_Reward/health_gated_backhand_soft_ball_contact: 0.0255
Episode_Reward/health_gated_ball_contact: 0.0086
Episode_Reward/healthy_trunk_support: 0.0624
Episode_Reward/targeted_strike_attempt: 0.0097
  Episode_Reward/strike_inactivity: -0.0000
 Episode_Reward/pre_strike_station: 0.0647
    Episode_Reward/recovery_health: 0.0416
Episode_Reward/no_command_ready_stability: 0.0009
Episode_Reward/post_strike_base_ang_vel: 0.0078
Episode_Reward/phase_action_overflow: -0.0001
     Episode_Reward/strike_balance: 0.0257
Episode_Reward/prestrike_station_progress: 0.0129
 Episode_Reward/lower_body_support: 0.0378
Episode_Reward/termination_penalty: -0.0102
Episode_Reward/phase_action_rate_waist: -0.0002
Episode_Reward/phase_action_rate_upper: -0.0050
Episode_Reward/phase_action_rate_legs: -0.0002
        Episode_Reward/joint_limit: -0.0293
Episode_Reward/prestrike_racket_progress: 0.1845
Episode_Reward/near_impact_planner_velocity_progress: 0.0401
Episode_Reward/operational_joint_margin: -0.0049
  Episode_Reward/joint_target_slew: -0.0251
Episode_Reward/actuator_waist_feasibility: -0.0000
Episode_Reward/actuator_right_arm_feasibility: -0.0000
Episode_Reward/actuator_leg_feasibility: -0.0000
Episode_Reward/terminal_quality_window: 0.0010
Episode_Reward/safe_terminal_quality: 0.0019
Episode_Reward/unsafe_terminal_recovery: -0.0001
Episode_Reward/capability_gated_safe_terminal_outcome: 0.0121
Episode_Reward/targeted_contact_miss: -0.0020
    Metrics/motion/error_joint_pos: 1.2724
    Metrics/motion/error_joint_vel: 5.2007
     Metrics/motion/error_body_pos: 0.1045
     Metrics/motion/error_body_rot: 0.3595
       Metrics/motion/motion_phase: 0.4384
            Metrics/motion/in_hold: 0.0306
Metrics/motion/motion_start_warmup_prob: 0.8000
Metrics/motion/motion_start_lifecycle_progress: 0.0000
Metrics/motion/motion_start_effective_prestrike_fraction: 1.0000
Metrics/motion/motion_start_effective_recovery_fraction: 0.0000
Metrics/motion/motion_start_effective_rsi_fraction: 0.0000
 Metrics/motion/motion_start_reset: 0.0266
Metrics/motion/motion_start_prestrike_reset: 0.0000
Metrics/motion/motion_start_recovery_reset: 0.0000
Metrics/motion/motion_start_rsi_reset: 0.0000
 Metrics/motion/single_cycle_reset: 0.0000
     Metrics/motion/motion_clip_id: 0.6193
Metrics/motion/motion_supplemental_clip: 0.0000
      Metrics/motion/stand_episode: 0.0184
Metrics/motion/default_stand_reset: 0.0349
Metrics/motion/error_body_pos_lower: 0.1147
Metrics/motion/error_body_rot_lower: 0.3424
Metrics/motion/error_body_lin_vel_lower: 0.1562
Metrics/motion/error_body_ang_vel_lower: 0.7576
Metrics/motion/reference_body_lin_speed_lower: 0.0213
Metrics/motion/robot_body_lin_speed_lower: 0.1528
Metrics/motion/error_body_pos_core: 0.0632
Metrics/motion/error_body_rot_core: 0.2150
Metrics/motion/error_body_lin_vel_core: 0.2436
Metrics/motion/error_body_ang_vel_core: 1.1621
Metrics/motion/reference_body_lin_speed_core: 0.0263
Metrics/motion/robot_body_lin_speed_core: 0.2389
Metrics/motion/error_body_pos_upper: 0.1080
Metrics/motion/error_body_rot_upper: 0.4248
Metrics/motion/error_body_lin_vel_upper: 0.7631
Metrics/motion/error_body_ang_vel_upper: 2.1666
Metrics/motion/reference_body_lin_speed_upper: 0.1008
Metrics/motion/robot_body_lin_speed_upper: 0.7682
Metrics/motion/error_joint_pos_waist: 0.2550
Metrics/motion/error_joint_vel_waist: 1.4722
Metrics/motion/reference_joint_speed_waist: 0.0262
Metrics/motion/error_joint_pos_arms: 1.0865
Metrics/motion/error_joint_vel_arms: 4.3007
Metrics/motion/reference_joint_speed_arms: 0.1877
Metrics/motion/error_joint_pos_legs: 0.5610
Metrics/motion/error_joint_vel_legs: 2.2794
Metrics/motion/reference_joint_speed_legs: 0.0080
Metrics/racket_target/racket_pos_error: 0.1259
Metrics/racket_target/racket_vel_error: 1.1332
Metrics/racket_target/time_to_strike: -0.1194
Metrics/racket_target/return_success: 0.0211
Metrics/racket_target/prev_return_success: 0.0130
Metrics/racket_target/prev_net_cross: 0.6407
Metrics/racket_target/current_net_cross: 0.4468
Metrics/racket_target/racket_pos_curriculum_scale: 1.0000
Metrics/racket_target/impact_inverse_command_blend: 0.0000
Metrics/racket_target/steps_since_target_resample: 85.8581
Metrics/racket_target/recovery_height_error: 0.0306
Metrics/racket_target/recovery_upright_error: 0.2102
Metrics/racket_target/recovery_base_lin_vel: 0.2141
Metrics/racket_target/recovery_base_ang_vel: 0.9488
Metrics/racket_target/recovery_station_error: 0.0879
Metrics/racket_target/recovery_feet_contact_frac: 0.9905
Metrics/racket_target/recovery_racket_speed: 1.4675
Metrics/racket_target/recovery_height_score: 0.9007
Metrics/racket_target/recovery_upright_score: 0.5747
Metrics/racket_target/recovery_lin_vel_score: 0.6709
Metrics/racket_target/recovery_ang_vel_score: 0.3193
Metrics/racket_target/recovery_station_score: 0.8585
Metrics/racket_target/recovery_racket_score: 0.1464
Metrics/racket_target/recovery_arm_score: 0.7717
Metrics/racket_target/recovery_ready_score: 0.6676
Metrics/racket_target/recovery_anchor_arm_score: 1.0000
Metrics/racket_target/recovery_core_ready_score: 0.5459
Metrics/racket_target/recovery_functional_ready_score: 0.4708
Metrics/racket_target/waist_action_overflow_rms: 0.0000
Metrics/racket_target/right_arm_action_overflow_rms: 0.0000
Metrics/racket_target/leg_action_overflow_rms: 0.0074
Metrics/racket_target/operational_margin_fraction: 0.0051
Metrics/racket_target/waist_operational_margin_fraction: 0.0000
Metrics/racket_target/right_arm_operational_margin_fraction: 0.0015
Metrics/racket_target/leg_operational_margin_fraction: 0.0123
Metrics/racket_target/waist_operational_excess_rms: 0.0000
Metrics/racket_target/right_arm_operational_excess_rms: 0.0000
Metrics/racket_target/leg_operational_excess_rms: 0.0050
Metrics/racket_target/q_des_velocity_violation_fraction: 0.0668
Metrics/racket_target/waist_q_des_velocity_violation_fraction: 0.0012
Metrics/racket_target/right_arm_q_des_velocity_violation_fraction: 0.0954
Metrics/racket_target/leg_q_des_velocity_violation_fraction: 0.0812
Metrics/racket_target/q_des_acceleration_violation_fraction: 0.6963
Metrics/racket_target/waist_q_des_acceleration_violation_fraction: 0.5489
Metrics/racket_target/right_arm_q_des_acceleration_violation_fraction: 0.8179
Metrics/racket_target/leg_q_des_acceleration_violation_fraction: 0.7583
Metrics/racket_target/waist_q_des_velocity_rms: 3.0108
Metrics/racket_target/right_arm_q_des_velocity_rms: 8.2508
Metrics/racket_target/leg_q_des_velocity_rms: 6.6253
Metrics/racket_target/waist_q_des_acceleration_rms: 239.9162
Metrics/racket_target/right_arm_q_des_acceleration_rms: 708.1317
Metrics/racket_target/leg_q_des_acceleration_rms: 551.3325
Metrics/racket_target/action_operational_feasibility_score: 0.9399
Metrics/racket_target/actuator_overflow_consecutive_steps: 0.0000
Metrics/racket_target/actuator_overflow_severe: 0.0000
Metrics/racket_target/recovery_phase_gate: 0.5341
Metrics/racket_target/recovery_phase_ready_score: 0.3551
Metrics/racket_target/recovery_contact_ready_score: 0.2464
Metrics/racket_target/recovery_net_ready_score: 0.2406
Metrics/racket_target/recovery_return_ready_score: 0.0174
Metrics/racket_target/cycle_success_ready_score: 0.0000
Metrics/racket_target/cycle_success_soft: 0.0000
Metrics/racket_target/cycle_success_binary: 0.0000
Metrics/racket_target/cycle_v2_pending: 0.0000
Metrics/racket_target/cycle_v2_attempt_latch: 0.0000
Metrics/racket_target/cycle_v2_ready_success_latch: 0.0000
Metrics/racket_target/cycle_v2_ready_fail_latch: 0.0000
Metrics/racket_target/cycle_v2_attempt_event: 0.0000
Metrics/racket_target/cycle_v2_ready_success_event: 0.0000
Metrics/racket_target/cycle_v2_ready_fail_event: 0.0000
Metrics/racket_target/cycle_v2_unresolved_resample_fail_event: 0.0000
Metrics/racket_target/cycle_v2_resolved_event: 0.0000
Metrics/racket_target/cycle_v2_command_visible_steps: 0.0000
Metrics/racket_target/cycle_v2_elapsed_steps: 0.0000
Metrics/racket_target/cycle_v2_ready_score: 0.0000
Metrics/racket_target/cycle_v2_ready_ok: 0.0000
Metrics/racket_target/cycle_v2_visible: 0.0000
Metrics/racket_target/cycle_v2_ready_score_ok: 0.0000
Metrics/racket_target/cycle_v2_height_ok: 0.0000
Metrics/racket_target/cycle_v2_upright_ok: 0.0000
Metrics/racket_target/cycle_v2_base_lin_vel_ok: 0.0000
Metrics/racket_target/cycle_v2_base_ang_vel_ok: 0.0000
Metrics/racket_target/cycle_v2_feet_ok: 0.0000
Metrics/racket_target/cycle_v2_core_ready_ok: 0.0000
Metrics/racket_target/cycle_v2_ready_consecutive_steps: 0.0000
Metrics/racket_target/single_cycle_bootstrap: 0.0000
Metrics/racket_target/single_cycle_swing_completed: 0.0000
Metrics/racket_target/single_cycle_recovery_active: 0.0000
Metrics/racket_target/single_cycle_recovery_elapsed_steps: 0.0000
Metrics/racket_target/single_cycle_ready_consecutive_steps: 0.0000
Metrics/racket_target/single_cycle_safe_timeout_event: 0.0000
Metrics/racket_target/single_cycle_deadline_timeout_event: 0.0000
Metrics/racket_target/single_cycle_timeout_latch: 0.0000
Metrics/racket_target/single_cycle_hard_failure_event: 0.0000
Metrics/racket_target/single_cycle_probability: 0.0000
Metrics/racket_target/single_cycle_curriculum_level: 0.0000
Metrics/racket_target/single_cycle_effective_deadline_steps: 100.0000
Metrics/racket_target/single_cycle_selected_events: 0.0000
Metrics/racket_target/single_cycle_completed_events: 0.0000
Metrics/racket_target/single_cycle_safe_timeout_events: 0.0000
Metrics/racket_target/single_cycle_deadline_timeout_events: 0.0000
Metrics/racket_target/single_cycle_hard_failure_events: 0.0000
Metrics/racket_target/active_ready_consecutive_steps: 0.0000
Metrics/racket_target/active_ready_success_event: 0.0000
Metrics/racket_target/active_ready_success_latch: 0.0000
Metrics/racket_target/active_ready_survival_steps: 0.0000
Metrics/racket_target/active_ready_survival_next_milestone: 0.0000
Metrics/racket_target/active_ready_survival_milestone_event: 0.0000
Metrics/racket_target/no_command_ready_active: 0.0184
Metrics/racket_target/no_command_from_stand_episode: 0.0184
Metrics/racket_target/no_command_from_default_stand_reset: 0.0184
Metrics/racket_target/no_command_ready_upright_ok: 0.0149
Metrics/racket_target/no_command_ready_motion_ok: 0.0000
Metrics/racket_target/no_command_ready_score: 0.0080
Metrics/racket_target/no_command_ready_progress: -0.0105
Metrics/racket_target/no_command_ready_station_error: 0.0040
Metrics/racket_target/no_command_ready_fixed_station_error: 0.0040
Metrics/racket_target/healthy_training_stage: 3.0000
Metrics/racket_target/healthy_stage_planted_rehearsal: 0.0000
Metrics/racket_target/healthy_stage_station_hold_seen: 0.0000
Metrics/racket_target/healthy_stage_station_arrived: 0.0000
Metrics/racket_target/healthy_stage_station_settled: 0.0000
Metrics/racket_target/healthy_stage_station_settle_steps: 0.0000
Metrics/racket_target/station_relocation_active: 0.0000
Metrics/racket_target/station_relocation_target_offset_y: 0.0000
Metrics/racket_target/station_relocation_error: 0.0000
Metrics/racket_target/station_relocation_arrival_event: 0.0000
Metrics/racket_target/station_relocation_settle_event: 0.0000
Metrics/racket_target/station_relocation_release_event: 0.0000
Metrics/racket_target/station_relocation_timeout_event: 0.0000
Metrics/racket_target/station_relocation_elapsed_steps: 0.0000
Metrics/racket_target/station_relocation_hold_deadline_steps: 0.0000
Metrics/racket_target/lifecycle_recovery_hold_active: 0.0000
Metrics/racket_target/lifecycle_recovery_release_success_event: 0.0000
Metrics/racket_target/lifecycle_recovery_release_fail_event: 0.0000
Metrics/racket_target/station_relocation_level: 0.0000
Metrics/racket_target/station_relocation_arrival_ema: 0.0000
Metrics/racket_target/station_relocation_settle_ema: 0.0000
Metrics/racket_target/station_relocation_contact_ema: 0.0000
Metrics/racket_target/station_relocation_safety_ema: 0.0000
Metrics/racket_target/station_relocation_resolved_events: 0.0000
Metrics/racket_target/station_relocation_terminal_reset_events: 0.0000
Metrics/racket_target/station_relocation_advance_streak: 0.0000
Metrics/racket_target/station_relocation_regress_streak: 0.0000
Metrics/racket_target/station_relocation_effective_max_lin_vel: 0.0000
Metrics/racket_target/station_relocation_effective_max_ang_vel: 0.0000
Metrics/racket_target/station_relocation_effective_min_settle_steps: 0.0000
Metrics/racket_target/ability_curriculum_level: 0.0000
Metrics/racket_target/ability_curriculum_scale: 1.0000
Metrics/racket_target/ability_curriculum_resolved_events: 3363.9688
Metrics/racket_target/ability_curriculum_total_resolved_events: 3363.9688
Metrics/racket_target/ability_curriculum_advance_streak: 0.0000
Metrics/racket_target/ability_curriculum_regress_streak: 0.0000
Metrics/racket_target/ability_contact_ema: 0.6956
Metrics/racket_target/ability_net_ema: 0.6683
Metrics/racket_target/ability_success_ema: 0.0152
Metrics/racket_target/ability_recovery_ema: 0.8023
Metrics/racket_target/ability_cycle_ema: 0.0152
Metrics/racket_target/ability_cycle_attempt_ema: 0.0152
Metrics/racket_target/ability_cycle_resolved_ema: 0.0152
Metrics/racket_target/ability_forehand_contact_ema: 0.7818
Metrics/racket_target/ability_forehand_net_ema: 0.7690
Metrics/racket_target/ability_forehand_success_ema: 0.0164
Metrics/racket_target/ability_backhand_contact_ema: 0.6445
Metrics/racket_target/ability_backhand_net_ema: 0.6107
Metrics/racket_target/ability_backhand_success_ema: 0.0115
Metrics/racket_target/ability_attempt_ema: 1.0000
Metrics/racket_target/ability_targeted_attempt_ema: 0.9939
Metrics/racket_target/impact_health_floor_progress: 0.0000
Metrics/racket_target/ability_safety_ema: 0.9671
Metrics/racket_target/ability_station_saturation_ema: 0.0000
Metrics/racket_target/ability_healthy_normal_ema: 0.9993
Metrics/racket_target/ability_station_arrival_ema: 0.0000
Metrics/racket_target/ability_station_settle_ema: 0.0000
Metrics/racket_target/safe_outcome_capability_gate: 0.5567
Metrics/racket_target/planner_hit_plane_blend: 1.0000
Metrics/racket_target/planner_hit_plane_x_delta: 0.0368
Metrics/racket_target/true_strike_table_x: 0.2000
Metrics/racket_target/planner_target_table_x: 0.2000
Metrics/racket_target/workspace_level: 0.0000
Metrics/racket_target/workspace_fringe_sample: 0.0000
Metrics/racket_target/workspace_target_lateral_norm: 0.2949
Metrics/racket_target/workspace_target_table_y: -0.2131
Metrics/racket_target/workspace_playable_y_min: -0.7225
Metrics/racket_target/workspace_playable_y_max: 0.7225
Metrics/racket_target/workspace_active_y_lo: -0.2787
Metrics/racket_target/workspace_active_y_hi: -0.1471
Metrics/racket_target/workspace_motion_seed_blend: 0.0000
Metrics/racket_target/planner_perturb_curriculum_scale: 1.0000
Metrics/racket_target/incoming_ball_horizontal_speed: 2.2305
Metrics/racket_target/incoming_ball_speed: 4.6494
Metrics/racket_target/incoming_ball_speed_curriculum_level: 0.0000
Metrics/racket_target/incoming_ball_speed_sample_low: 0.0000
Metrics/racket_target/incoming_ball_speed_sample_high: 0.0000
Metrics/racket_target/station_saturated: 0.0000
Metrics/racket_target/station_raw_clip_excess: 0.0000
Metrics/racket_target/station_saturated_x: 0.0000
Metrics/racket_target/station_saturated_y: 0.0000
Metrics/racket_target/station_raw_clip_excess_x: 0.0000
Metrics/racket_target/station_raw_clip_excess_y: 0.0000
Metrics/racket_target/current_swing_opportunity: 0.6859
Metrics/racket_target/current_swing_attempt: 0.6859
Metrics/racket_target/current_swing_targeted_attempt: 0.6773
Metrics/racket_target/prev_swing_targeted_attempt: 0.9385
Metrics/racket_target/current_swing_unsafe: 0.0391
Metrics/racket_target/current_swing_station_saturated: 0.0000
Metrics/racket_target/impact_health_score: 0.8818
Metrics/racket_target/impact_health_ok: 0.9146
Metrics/racket_target/impact_health_backlean_violation: 0.0077
Metrics/racket_target/impact_health_waist_backfold: 0.0000
Metrics/racket_target/impact_health_base_retreat: 0.0279
Metrics/racket_target/impact_health_torso_gravity_x: 0.2225
Metrics/racket_target/impact_health_torso_ang_vel: 0.5130
Metrics/racket_target/impact_health_com_x: 0.0490
Metrics/racket_target/impact_health_com_y: 0.0350
Metrics/racket_target/post_contact_ready_pending: 0.0739
Metrics/racket_target/post_contact_ready_elapsed_steps: 1.7259
Metrics/racket_target/post_contact_ready_consecutive_steps: 0.0717
Metrics/racket_target/post_contact_ready_diagnostic_pending: 0.4438
Metrics/racket_target/post_contact_ready_diagnostic_elapsed_steps: 6.1743
Metrics/racket_target/post_contact_ready_durable_pending: 0.4438
Metrics/racket_target/post_contact_ready_durable_consecutive_steps: 0.4567
Metrics/racket_target/post_contact_ready_durable_ready_now: 0.1008
Metrics/racket_target/post_contact_ready_durable_success_event: 0.0000
Metrics/racket_target/post_contact_ready_durable_fail_event: 0.0000
Metrics/racket_target/post_contact_ready_durable_resolution_success_rate: 0.2343
Metrics/racket_target/post_contact_ready_durable_resolution_fail_rate: 0.6574
Metrics/racket_target/post_contact_ready_durable_resolution_success_latency_steps: 35.0000
Metrics/racket_target/post_contact_ready_durable_resolution_fail_latency_steps: 33.2134
Metrics/racket_target/post_contact_ready_durable_fail_backlean_rate: 0.0620
Metrics/racket_target/post_contact_ready_durable_fail_forward_lean_rate: 0.8780
Metrics/racket_target/post_contact_ready_durable_fail_torso_ang_vel_rate: 0.0624
Metrics/racket_target/post_contact_ready_durable_fail_base_lin_vel_rate: 0.0637
Metrics/racket_target/post_contact_ready_durable_fail_base_ang_vel_rate: 0.3907
Metrics/racket_target/post_contact_ready_durable_fail_racket_speed_rate: 0.0620
Metrics/racket_target/post_contact_ready_durable_fail_height_rate: 0.0624
Metrics/racket_target/post_contact_ready_durable_fail_com_x_rate: 0.0650
Metrics/racket_target/post_contact_ready_durable_fail_com_y_rate: 0.0624
Metrics/racket_target/post_contact_ready_durable_fail_feet_rate: 0.0620
Metrics/racket_target/post_contact_ready_durable_fail_station_rate: 0.0633
Metrics/racket_target/post_contact_ready_durable_fail_arm_rate: 0.0620
Metrics/racket_target/post_contact_ready_terminal_window_active: 0.0078
Metrics/racket_target/post_contact_ready_terminal_quality: 0.0142
Metrics/racket_target/post_contact_ready_terminal_settlement_event: 0.0000
Metrics/racket_target/post_contact_ready_operational_ready_now: 0.0078
Metrics/racket_target/post_contact_ready_operational_consecutive_steps: 0.0156
Metrics/racket_target/post_contact_ready_safe_settlement_event: 0.0000
Metrics/racket_target/post_contact_ready_unsafe_settlement_event: 0.0000
Metrics/racket_target/post_contact_ready_incomplete_settlement_event: 0.0000
Metrics/racket_target/post_contact_ready_safe_net_cycle_event: 0.0000
Metrics/racket_target/post_contact_ready_terminal_quality_mean: 0.9227
Metrics/racket_target/post_contact_ready_safe_terminal_quality_mean: 0.9321
Metrics/racket_target/post_contact_ready_terminal_safe_rate: 0.7290
Metrics/racket_target/post_contact_ready_terminal_unsafe_rate: 0.0316
Metrics/racket_target/post_contact_ready_terminal_incomplete_rate: 0.2394
Metrics/racket_target/post_contact_ready_safe_net_cycle_rate: 0.7128
Metrics/racket_target/post_contact_ready_score: 0.8282
Metrics/racket_target/post_contact_ready_now: 0.0447
Metrics/racket_target/post_contact_ready_success_event: 0.0123
Metrics/racket_target/post_contact_ready_fail_event: 0.0000
Metrics/racket_target/post_contact_ready_outcome_tier: -0.0695
Metrics/racket_target/post_contact_ready_face_quality: 0.4094
Metrics/racket_target/post_contact_ready_safe_face_net_cycle_value: 0.0000
Metrics/racket_target/post_contact_ready_planner_speed_ratio: 0.4074
Metrics/racket_target/post_contact_ready_planner_direction_error_rad: 0.1080
Metrics/racket_target/post_contact_ready_planner_position_error: 0.0293
Metrics/racket_target/post_contact_ready_impact_health_score: 0.4491
Metrics/racket_target/post_contact_ready_peak_base_ang_vel: 0.6248
Metrics/racket_target/post_contact_ready_peak_ang_vel_excess_increment: 0.0004
Metrics/racket_target/post_contact_ready_envelope_violation_latch: 0.0000
Metrics/racket_target/post_contact_ready_envelope_violation_event: 0.0000
Metrics/racket_target/post_contact_ready_envelope_first_violation_step: -1.0000
Metrics/racket_target/post_contact_ready_envelope_attempts: 3504.6875
Metrics/racket_target/post_contact_ready_envelope_violation_rate: 0.0311
Metrics/racket_target/post_contact_ready_envelope_tilt_violation_rate: 0.0003
Metrics/racket_target/post_contact_ready_envelope_pitch_violation_rate: 0.0006
Metrics/racket_target/post_contact_ready_envelope_com_violation_rate: 0.0014
Metrics/racket_target/post_contact_ready_envelope_waist_violation_rate: 0.0000
Metrics/racket_target/post_contact_ready_envelope_leg_violation_rate: 0.0000
Metrics/racket_target/post_contact_ready_envelope_base_ang_vel_violation_rate: 0.0303
Metrics/racket_target/post_contact_ready_resolution_success_rate: 0.9669
Metrics/racket_target/post_contact_ready_resolution_fail_rate: 0.0122
Metrics/racket_target/post_contact_ready_resolution_success_latency_steps: 4.7815
Metrics/racket_target/post_contact_ready_resolution_fail_latency_steps: 9.3220
Metrics/racket_target/post_contact_ready_max_tilt: 0.0960
Metrics/racket_target/post_contact_ready_max_abs_pitch: 0.0958
Metrics/racket_target/post_contact_ready_max_com_x: 0.0116
Metrics/racket_target/post_contact_ready_max_com_y: 0.0127
Metrics/racket_target/post_contact_ready_max_waist_overflow: 0.0000
Metrics/racket_target/post_contact_ready_max_leg_overflow: 0.0034
Metrics/racket_target/post_contact_ready_settlement_velocity_score_ema: 0.6243
Metrics/racket_target/post_contact_ready_settlement_position_gate_ema: 0.7850
Metrics/racket_target/post_contact_ready_settlement_health_gate_ema: 0.9780
Metrics/racket_target/post_contact_ready_settlement_recovery_gate_ema: 0.4791
Metrics/racket_target/post_contact_ready_settlement_total_score_ema: 0.2298
Metrics/racket_target/post_contact_recovery_backlean_error: 0.0288
Metrics/racket_target/post_contact_recovery_directional_progress: 0.0000
Metrics/racket_target/post_contact_ready_torso_ok: 0.8615
Metrics/racket_target/post_contact_ready_motion_ok: 0.8117
Metrics/racket_target/post_contact_ready_support_ok: 0.9170
Metrics/racket_target/post_contact_ready_arm_ok: 1.0000
Metrics/racket_target/post_contact_ready_base_lin_vel_ok: 0.9170
Metrics/racket_target/post_contact_ready_base_ang_vel_ok: 0.8117
Metrics/racket_target/post_contact_ready_racket_speed_ok: 0.9516
Metrics/racket_target/post_contact_ready_height_ok: 0.9609
Metrics/racket_target/post_contact_ready_com_x_ok: 0.9170
Metrics/racket_target/post_contact_ready_com_y_ok: 0.9775
Metrics/racket_target/post_contact_ready_feet_ok: 0.9976
Metrics/racket_target/post_contact_ready_station_ok: 0.9170
Metrics/racket_target/post_contact_ready_fail_torso: 0.0000
Metrics/racket_target/post_contact_ready_fail_base_lin_vel: 0.0000
Metrics/racket_target/post_contact_ready_fail_base_ang_vel: 0.0000
Metrics/racket_target/post_contact_ready_fail_racket_speed: 0.0000
Metrics/racket_target/post_contact_ready_fail_support: 0.0000
Metrics/racket_target/post_contact_ready_fail_arm: 0.0000
Metrics/racket_target/post_contact_ready_shadow_now: 0.0000
Metrics/racket_target/post_contact_ready_shadow_consecutive_steps: 0.0000
Metrics/racket_target/post_contact_ready_shadow_success_latch: 0.0000
Metrics/racket_target/post_contact_ready_curriculum_level: 0.0000
Metrics/racket_target/post_contact_ready_curriculum_fraction: 1.0000
Metrics/racket_target/post_contact_ready_curriculum_success_ema: 0.0000
Metrics/racket_target/post_contact_ready_curriculum_shadow_success_ema: 0.0000
Metrics/racket_target/post_contact_ready_curriculum_resolved_events: 0.0000
Metrics/racket_target/post_contact_ready_curriculum_successful_events: 0.0000
Metrics/racket_target/post_contact_ready_curriculum_targeted_attempt_ema: 0.0000
Metrics/racket_target/post_contact_ready_curriculum_return_success_ema: 0.0000
Metrics/racket_target/post_contact_ready_curriculum_completed_swings: 0.0000
Metrics/racket_target/post_contact_ready_curriculum_advance_streak: 0.0000
Metrics/racket_target/post_contact_ready_curriculum_advance_guard_ok: 0.0000
Metrics/racket_target/post_contact_ready_effective_max_torso_ang_vel: 1.5000
Metrics/racket_target/post_contact_ready_effective_torso_x_min: -0.1200
Metrics/racket_target/post_contact_ready_effective_torso_x_max: 0.3200
Metrics/racket_target/post_contact_ready_effective_max_base_lin_vel: 0.4500
Metrics/racket_target/post_contact_ready_effective_max_base_ang_vel: 1.3000
Metrics/racket_target/post_contact_ready_effective_max_racket_speed: 3.0000
Metrics/racket_target/post_contact_ready_effective_min_feet_contact: 0.5000
Metrics/racket_target/post_contact_ready_effective_required_consecutive_steps: 3.0000
Metrics/racket_target/post_contact_ready_effective_deadline_steps: 40.0000
Metrics/racket_target/post_contact_ready_curriculum_advance_threshold: 1.0000
Metrics/racket_target/post_contact_ready_curriculum_advance_min_events: 0.0000
Metrics/racket_target/post_contact_ready_curriculum_shadow_threshold: 1.0000
Metrics/racket_target/post_contact_ready_curriculum_min_targeted_attempt_ema: 0.0000
Metrics/racket_target/post_contact_ready_curriculum_min_return_success_ema: 0.0000
Metrics/racket_target/post_contact_ready_curriculum_min_completed_swings: 1.0000
Metrics/racket_target/post_contact_ready_curriculum_required_advance_checks: 1.0000
Metrics/racket_target/racket_normal_error_deg: 28.0469
Metrics/racket_target/impact_normal_error_deg: 8.4542
Metrics/racket_target/impact_racket_vel_error_mps: 0.5726
Metrics/racket_target/impact_racket_speed_ratio: 0.8586
Metrics/racket_target/impact_racket_vel_angle_deg: 13.5205
Metrics/racket_target/impact_racket_actual_vel_x: 0.8689
Metrics/racket_target/impact_racket_actual_vel_y: 0.0049
Metrics/racket_target/impact_racket_actual_vel_z: 1.3066
Metrics/racket_target/impact_racket_target_vel_x: 1.2214
Metrics/racket_target/impact_racket_target_vel_y: -0.0186
Metrics/racket_target/impact_racket_target_vel_z: 1.3794
Metrics/racket_target/impact_ball_out_error_mps: 4.4526
Metrics/racket_target/impact_face_radial_error_m: 0.0556
Metrics/racket_target/impact_face_normal_gap_m: 0.0522
Metrics/racket_target/impact_face_quality: 0.7330
Metrics/racket_target/impact_center_contact: 0.0286
Metrics/racket_target/impact_center_net_cross: 0.0208
Metrics/racket_target/impact_center_on_opponent: 0.0000
Metrics/racket_target/impact_rim_contact: 0.0069
Metrics/racket_target/impact_rim_net_cross: 0.0069
Metrics/racket_target/impact_rim_on_opponent: 0.0000
Metrics/racket_target/impact_analytic_outer_contact: 0.0000
Metrics/racket_target/impact_analytic_outer_net_cross: 0.0000
Metrics/racket_target/impact_analytic_outer_on_opponent: 0.0000
Metrics/racket_target/impact_planner_pos_error_m: 0.0842
Metrics/racket_target/impact_planner_vel_error_mps: 0.5726
Metrics/racket_target/impact_planner_speed_ratio: 0.8586
Metrics/racket_target/impact_planner_vel_angle_deg: 13.5205
Metrics/racket_target/impact_healthy_normal_ok: 0.0463
Metrics/racket_target/impact_healthy_contact: 0.0356
Metrics/racket_target/impact_healthy_net_cross: 0.0278
Metrics/racket_target/impact_healthy_on_opponent: 0.0000
Metrics/racket_target/current_swing_impact_health_score: 0.4491
Metrics/racket_target/current_swing_healthy_contact: 0.4626
Metrics/racket_target/current_swing_healthy_net_cross: 0.4468
Metrics/racket_target/current_swing_healthy_on_opponent: 0.0211
Metrics/racket_target/current_swing_healthy_normal_ok: 0.6825
Metrics/racket_target/current_swing_contact: 0.4626
Metrics/racket_target/current_swing_net_cross: 0.4468
Metrics/racket_target/current_swing_on_opponent: 0.0211
Metrics/racket_target/current_swing_center_contact: 0.3648
Metrics/racket_target/current_swing_center_net_cross: 0.3525
Metrics/racket_target/current_swing_center_on_opponent: 0.0211
Metrics/racket_target/current_swing_rim_contact: 0.0742
Metrics/racket_target/current_swing_rim_net_cross: 0.0707
Metrics/racket_target/current_swing_rim_on_opponent: 0.0000
Metrics/racket_target/current_swing_analytic_outer_contact: 0.0236
Metrics/racket_target/current_swing_analytic_outer_net_cross: 0.0236
Metrics/racket_target/current_swing_analytic_outer_on_opponent: 0.0000
Metrics/racket_target/cycle_v2_outcome_tier: -1.0000
Metrics/racket_target/cycle_v2_streak: 0.0000
Metrics/racket_target/closed_loop_recovery_trigger_event: 0.0356
Metrics/racket_target/closed_loop_cycle_success_event: 0.0123
Metrics/racket_target/closed_loop_durable_cycle_success_event: 0.0000
Metrics/racket_target/closed_loop_phase_id: 2.6105
Metrics/racket_target/closed_loop_phase_ready_no_command: 0.0184
Metrics/racket_target/closed_loop_phase_command_acquire: 0.0545
Metrics/racket_target/closed_loop_phase_pre_strike: 0.3942
Metrics/racket_target/closed_loop_phase_strike: 0.3642
Metrics/racket_target/closed_loop_phase_follow_through: 0.1687
Metrics/racket_target/closed_loop_phase_recovery: 0.0000
Metrics/racket_target/closed_loop_phase_next_ready: 0.0000
Metrics/racket_target/post_contact_phase_impact_0_100ms_attempts: 3504.6875
Metrics/racket_target/post_contact_phase_impact_0_100ms_tilt_gt_0p1_rate: 1.0000
Metrics/racket_target/post_contact_phase_impact_0_100ms_pitch_gt_0p1_rate: 1.0000
Metrics/racket_target/post_contact_phase_impact_0_100ms_waist_overflow_gt_1p0_rate: 0.0000
Metrics/racket_target/post_contact_phase_impact_0_100ms_base_ang_vel_gt_0p8_rate: 0.9800
Metrics/racket_target/post_contact_phase_brake_100_300ms_attempts: 3390.3438
Metrics/racket_target/post_contact_phase_brake_100_300ms_tilt_gt_0p1_rate: 0.9971
Metrics/racket_target/post_contact_phase_brake_100_300ms_pitch_gt_0p1_rate: 0.9951
Metrics/racket_target/post_contact_phase_brake_100_300ms_waist_overflow_gt_1p0_rate: 0.0000
Metrics/racket_target/post_contact_phase_brake_100_300ms_base_ang_vel_gt_0p8_rate: 0.9933
Metrics/racket_target/post_contact_phase_settle_300_600ms_attempts: 3189.8438
Metrics/racket_target/post_contact_phase_settle_300_600ms_tilt_gt_0p1_rate: 0.8050
Metrics/racket_target/post_contact_phase_settle_300_600ms_pitch_gt_0p1_rate: 0.7527
Metrics/racket_target/post_contact_phase_settle_300_600ms_waist_overflow_gt_1p0_rate: 0.0000
Metrics/racket_target/post_contact_phase_settle_300_600ms_base_ang_vel_gt_0p8_rate: 0.9869
Metrics/racket_target/post_contact_phase_ready_after_600ms_attempts: 2947.5625
Metrics/racket_target/post_contact_phase_ready_after_600ms_tilt_gt_0p1_rate: 0.5319
Metrics/racket_target/post_contact_phase_ready_after_600ms_pitch_gt_0p1_rate: 0.4405
Metrics/racket_target/post_contact_phase_ready_after_600ms_waist_overflow_gt_1p0_rate: 0.0000
Metrics/racket_target/post_contact_phase_ready_after_600ms_base_ang_vel_gt_0p8_rate: 0.9349
Metrics/racket_target/base_pitch_like_signed: -0.1516
Metrics/racket_target/base_backward_velocity: 0.1257
Metrics/racket_target/waist_action_rms: 0.3633
Metrics/racket_target/right_arm_action_rms: 3.8257
Metrics/racket_target/leg_action_rms: 0.4296
Metrics/racket_target/action_abs_max: 6.7049
Metrics/racket_target/applied_action_abs_max: 6.6565
Metrics/racket_target/leg_action_abs_max: 0.8504
Metrics/racket_target/effective_action_abs_max: 6.6565
Metrics/racket_target/action_clamp_fraction: 0.0032
Metrics/racket_target/waist_action_clamp_fraction: 0.0000
Metrics/racket_target/right_arm_action_clamp_fraction: 0.0000
Metrics/racket_target/leg_action_clamp_fraction: 0.0084
Metrics/racket_target/waist_q_tracking_error_rms: 0.3706
Metrics/racket_target/right_arm_q_tracking_error_rms: 0.1589
Metrics/racket_target/leg_q_tracking_error_rms: 0.1965
Metrics/racket_target/waist_torque_clip_fraction: 0.0000
Metrics/racket_target/right_arm_torque_clip_fraction: 0.0000
Metrics/racket_target/leg_torque_clip_fraction: 0.0000
Metrics/racket_target/waist_action_delta_rms: 0.1377
Metrics/racket_target/right_arm_action_delta_rms: 0.9264
Metrics/racket_target/leg_action_delta_rms: 0.2527
Metrics/racket_target/waist_joint_vel_rms: 0.8487
Metrics/racket_target/right_arm_joint_vel_rms: 1.3291
Metrics/racket_target/leg_joint_vel_rms: 0.6580
Metrics/racket_target/recovery_leg_action_abs_max: 0.4624
Metrics/racket_target/recovery_leg_action_delta_rms: 0.1308
Metrics/racket_target/recovery_leg_joint_vel_rms: 0.3515
      Episode_Termination/time_out: 4.5625
  Episode_Termination/base_too_low: 0.0312
   Episode_Termination/base_tilted: 0.2500
   Episode_Termination/table_touch: 0.2188
Episode_Termination/persistent_action_overflow: 0.0000
--------------------------------------------------------------------------------
                   Total timesteps: 851968
                    Iteration time: 2.30s
                      Time elapsed: 00:00:29
                               ETA: 00:00:18

################################################################################
                     [1m Learning iteration 1813/1820 [0m                     

                       Computation: 28502 steps/s (collection: 2.281s, learning 0.019s)
             Mean action noise std: 0.45
          Mean value_function loss: 0.0965
               Mean surrogate loss: -0.0000
                 Mean entropy loss: 2.8121
      Mean critic_only_warmup loss: 1.0000
                       Mean reward: 13.54
               Mean episode length: 405.51
 Episode_Reward/undesired_contacts: 0.0000
  Episode_Reward/feet_contact_slip: -0.0019
     Episode_Reward/table_no_touch: -0.0006
              Episode_Reward/alive: 0.0079
            Episode_Reward/upright: -0.0066
          Episode_Reward/imitation: 0.3341
    Episode_Reward/racket_position: 0.0706
Episode_Reward/backhand_racket_position: 0.0322
    Episode_Reward/racket_velocity: 0.0457
Episode_Reward/planner_racket_task_space_crossfade: 0.2890
Episode_Reward/exact_impact_planner_task_space_alignment: 0.0070
    Episode_Reward/blade_direction: 0.0422
Episode_Reward/health_gated_soft_ball_contact: 0.0460
Episode_Reward/health_gated_backhand_soft_ball_contact: 0.0297
Episode_Reward/health_gated_ball_contact: 0.0083
Episode_Reward/healthy_trunk_support: 0.0631
Episode_Reward/targeted_strike_attempt: 0.0105
  Episode_Reward/strike_inactivity: -0.0000
 Episode_Reward/pre_strike_station: 0.0612
    Episode_Reward/recovery_health: 0.0446
Episode_Reward/no_command_ready_stability: 0.0007
Episode_Reward/post_strike_base_ang_vel: 0.0086
Episode_Reward/phase_action_overflow: -0.0001
     Episode_Reward/strike_balance: 0.0269
Episode_Reward/prestrike_station_progress: 0.0134
 Episode_Reward/lower_body_support: 0.0396
Episode_Reward/termination_penalty: -0.0165
Episode_Reward/phase_action_rate_waist: -0.0002
Episode_Reward/phase_action_rate_upper: -0.0052
Episode_Reward/phase_action_rate_legs: -0.0002
        Episode_Reward/joint_limit: -0.0304
Episode_Reward/prestrike_racket_progress: 0.1770
Episode_Reward/near_impact_planner_velocity_progress: 0.0418
Episode_Reward/operational_joint_margin: -0.0051
  Episode_Reward/joint_target_slew: -0.0261
Episode_Reward/actuator_waist_feasibility: -0.0000
Episode_Reward/actuator_right_arm_feasibility: -0.0000
Episode_Reward/actuator_leg_feasibility: -0.0000
Episode_Reward/terminal_quality_window: 0.0011
Episode_Reward/safe_terminal_quality: 0.0021
Episode_Reward/unsafe_terminal_recovery: -0.0000
Episode_Reward/capability_gated_safe_terminal_outcome: 0.0139
Episode_Reward/targeted_contact_miss: -0.0028
    Metrics/motion/error_joint_pos: 1.1454
    Metrics/motion/error_joint_vel: 4.6037
     Metrics/motion/error_body_pos: 0.1106
     Metrics/motion/error_body_rot: 0.3742
       Metrics/motion/motion_phase: 0.6221
            Metrics/motion/in_hold: 0.0045
Metrics/motion/motion_start_warmup_prob: 0.8000
Metrics/motion/motion_start_lifecycle_progress: 0.0000
Metrics/motion/motion_start_effective_prestrike_fraction: 1.0000
Metrics/motion/motion_start_effective_recovery_fraction: 0.0000
Metrics/motion/motion_start_effective_rsi_fraction: 0.0000
 Metrics/motion/motion_start_reset: 0.0052
Metrics/motion/motion_start_prestrike_reset: 0.0000
Metrics/motion/motion_start_recovery_reset: 0.0000
Metrics/motion/motion_start_rsi_reset: 0.0000
 Metrics/motion/single_cycle_reset: 0.0000
     Metrics/motion/motion_clip_id: 0.5982
Metrics/motion/motion_supplemental_clip: 0.0000
      Metrics/motion/stand_episode: 0.0045
Metrics/motion/default_stand_reset: 0.0957
Metrics/motion/error_body_pos_lower: 0.1222
Metrics/motion/error_body_rot_lower: 0.3827
Metrics/motion/error_body_lin_vel_lower: 0.1765
Metrics/motion/error_body_ang_vel_lower: 0.8208
Metrics/motion/reference_body_lin_speed_lower: 0.0177
Metrics/motion/robot_body_lin_speed_lower: 0.1724
Metrics/motion/error_body_pos_core: 0.0659
Metrics/motion/error_body_rot_core: 0.2730
Metrics/motion/error_body_lin_vel_core: 0.2846
Metrics/motion/error_body_ang_vel_core: 0.9258
Metrics/motion/reference_body_lin_speed_core: 0.0193
Metrics/motion/robot_body_lin_speed_core: 0.2848
Metrics/motion/error_body_pos_upper: 0.1139
Metrics/motion/error_body_rot_upper: 0.3995
Metrics/motion/error_body_lin_vel_upper: 0.5236
Metrics/motion/error_body_ang_vel_upper: 1.7220
Metrics/motion/reference_body_lin_speed_upper: 0.0555
Metrics/motion/robot_body_lin_speed_upper: 0.5259
Metrics/motion/error_joint_pos_waist: 0.2558
Metrics/motion/error_joint_vel_waist: 0.9420
Metrics/motion/reference_joint_speed_waist: 0.0206
Metrics/motion/error_joint_pos_arms: 0.9641
Metrics/motion/error_joint_vel_arms: 3.8000
Metrics/motion/reference_joint_speed_arms: 0.1240
Metrics/motion/error_joint_pos_legs: 0.5327
Metrics/motion/error_joint_vel_legs: 2.1841
Metrics/motion/reference_joint_speed_legs: 0.0061
Metrics/racket_target/racket_pos_error: 0.1086
Metrics/racket_target/racket_vel_error: 1.3115
Metrics/racket_target/time_to_strike: -0.6871
Metrics/racket_target/return_success: 0.0300
Metrics/racket_target/prev_return_success: 0.0180
Metrics/racket_target/prev_net_cross: 0.5235
Metrics/racket_target/current_net_cross: 0.5305
Metrics/racket_target/racket_pos_curriculum_scale: 1.0000
Metrics/racket_target/impact_inverse_command_blend: 0.0000
Metrics/racket_target/steps_since_target_resample: 109.0000
Metrics/racket_target/recovery_height_error: 0.0391
Metrics/racket_target/recovery_upright_error: 0.1620
Metrics/racket_target/recovery_base_lin_vel: 0.2022
Metrics/racket_target/recovery_base_ang_vel: 0.9492
Metrics/racket_target/recovery_station_error: 0.0904
Metrics/racket_target/recovery_feet_contact_frac: 0.9635
Metrics/racket_target/recovery_racket_speed: 0.7798
Metrics/racket_target/recovery_height_score: 0.8655
Metrics/racket_target/recovery_upright_score: 0.7665
Metrics/racket_target/recovery_lin_vel_score: 0.7541
Metrics/racket_target/recovery_ang_vel_score: 0.4045
Metrics/racket_target/recovery_station_score: 0.8456
Metrics/racket_target/recovery_racket_score: 0.4331
Metrics/racket_target/recovery_arm_score: 0.8285
Metrics/racket_target/recovery_ready_score: 0.7395
Metrics/racket_target/recovery_anchor_arm_score: 1.0000
Metrics/racket_target/recovery_core_ready_score: 0.6377
Metrics/racket_target/recovery_functional_ready_score: 0.5827
Metrics/racket_target/waist_action_overflow_rms: 0.0000
Metrics/racket_target/right_arm_action_overflow_rms: 0.0000
Metrics/racket_target/leg_action_overflow_rms: 0.0080
Metrics/racket_target/operational_margin_fraction: 0.0056
Metrics/racket_target/waist_operational_margin_fraction: 0.0069
Metrics/racket_target/right_arm_operational_margin_fraction: 0.0011
Metrics/racket_target/leg_operational_margin_fraction: 0.0120
Metrics/racket_target/waist_operational_excess_rms: 0.0009
Metrics/racket_target/right_arm_operational_excess_rms: 0.0001
Metrics/racket_target/leg_operational_excess_rms: 0.0050
Metrics/racket_target/q_des_velocity_violation_fraction: 0.0653
Metrics/racket_target/waist_q_des_velocity_violation_fraction: 0.0102
Metrics/racket_target/right_arm_q_des_velocity_violation_fraction: 0.0823
Metrics/racket_target/leg_q_des_velocity_violation_fraction: 0.0947
Metrics/racket_target/q_des_acceleration_violation_fraction: 0.6920
Metrics/racket_target/waist_q_des_acceleration_violation_fraction: 0.5932
Metrics/racket_target/right_arm_q_des_acceleration_violation_fraction: 0.7802
Metrics/racket_target/leg_q_des_acceleration_violation_fraction: 0.7730
Metrics/racket_target/waist_q_des_velocity_rms: 3.0651
Metrics/racket_target/right_arm_q_des_velocity_rms: 7.7268
Metrics/racket_target/leg_q_des_velocity_rms: 6.8656
Metrics/racket_target/waist_q_des_acceleration_rms: 256.2027
Metrics/racket_target/right_arm_q_des_acceleration_rms: 633.8347
Metrics/racket_target/leg_q_des_acceleration_rms: 575.9615
Metrics/racket_target/action_operational_feasibility_score: 0.9407
Metrics/racket_target/actuator_overflow_consecutive_steps: 0.0000
Metrics/racket_target/actuator_overflow_severe: 0.0000
Metrics/racket_target/recovery_phase_gate: 0.9414
Metrics/racket_target/recovery_phase_ready_score: 0.7328
Metrics/racket_target/recovery_contact_ready_score: 0.4428
Metrics/racket_target/recovery_net_ready_score: 0.4215
Metrics/racket_target/recovery_return_ready_score: 0.0217
Metrics/racket_target/cycle_success_ready_score: 0.0000
Metrics/racket_target/cycle_success_soft: 0.0000
Metrics/racket_target/cycle_success_binary: 0.0000
Metrics/racket_target/cycle_v2_pending: 0.0000
Metrics/racket_target/cycle_v2_attempt_latch: 0.0000
Metrics/racket_target/cycle_v2_ready_success_latch: 0.0000
Metrics/racket_target/cycle_v2_ready_fail_latch: 0.0000
Metrics/racket_target/cycle_v2_attempt_event: 0.0000
Metrics/racket_target/cycle_v2_ready_success_event: 0.0000
Metrics/racket_target/cycle_v2_ready_fail_event: 0.0000
Metrics/racket_target/cycle_v2_unresolved_resample_fail_event: 0.0000
Metrics/racket_target/cycle_v2_resolved_event: 0.0000
Metrics/racket_target/cycle_v2_command_visible_steps: 0.0000
Metrics/racket_target/cycle_v2_elapsed_steps: 0.0000
Metrics/racket_target/cycle_v2_ready_score: 0.0000
Metrics/racket_target/cycle_v2_ready_ok: 0.0000
Metrics/racket_target/cycle_v2_visible: 0.0000
Metrics/racket_target/cycle_v2_ready_score_ok: 0.0000
Metrics/racket_target/cycle_v2_height_ok: 0.0000
Metrics/racket_target/cycle_v2_upright_ok: 0.0000
Metrics/racket_target/cycle_v2_base_lin_vel_ok: 0.0000
Metrics/racket_target/cycle_v2_base_ang_vel_ok: 0.0000
Metrics/racket_target/cycle_v2_feet_ok: 0.0000
Metrics/racket_target/cycle_v2_core_ready_ok: 0.0000
Metrics/racket_target/cycle_v2_ready_consecutive_steps: 0.0000
Metrics/racket_target/single_cycle_bootstrap: 0.0000
Metrics/racket_target/single_cycle_swing_completed: 0.0000
Metrics/racket_target/single_cycle_recovery_active: 0.0000
Metrics/racket_target/single_cycle_recovery_elapsed_steps: 0.0000
Metrics/racket_target/single_cycle_ready_consecutive_steps: 0.0000
Metrics/racket_target/single_cycle_safe_timeout_event: 0.0000
Metrics/racket_target/single_cycle_deadline_timeout_event: 0.0000
Metrics/racket_target/single_cycle_timeout_latch: 0.0000
Metrics/racket_target/single_cycle_hard_failure_event: 0.0000
Metrics/racket_target/single_cycle_probability: 0.0000
Metrics/racket_target/single_cycle_curriculum_level: 0.0000
Metrics/racket_target/single_cycle_effective_deadline_steps: 100.0000
Metrics/racket_target/single_cycle_selected_events: 0.0000
Metrics/racket_target/single_cycle_completed_events: 0.0000
Metrics/racket_target/single_cycle_safe_timeout_events: 0.0000
Metrics/racket_target/single_cycle_deadline_timeout_events: 0.0000
Metrics/racket_target/single_cycle_hard_failure_events: 0.0000
Metrics/racket_target/active_ready_consecutive_steps: 0.0000
Metrics/racket_target/active_ready_success_event: 0.0000
Metrics/racket_target/active_ready_success_latch: 0.0000
Metrics/racket_target/active_ready_survival_steps: 0.0000
Metrics/racket_target/active_ready_survival_next_milestone: 0.0000
Metrics/racket_target/active_ready_survival_milestone_event: 0.0000
Metrics/racket_target/no_command_ready_active: 0.0045
Metrics/racket_target/no_command_from_stand_episode: 0.0045
Metrics/racket_target/no_command_from_default_stand_reset: 0.0045
Metrics/racket_target/no_command_ready_upright_ok: 0.0000
Metrics/racket_target/no_command_ready_motion_ok: 0.0000
Metrics/racket_target/no_command_ready_score: 0.0006
Metrics/racket_target/no_command_ready_progress: -0.0002
Metrics/racket_target/no_command_ready_station_error: 0.0033
Metrics/racket_target/no_command_ready_fixed_station_error: 0.0033
Metrics/racket_target/healthy_training_stage: 3.0000
Metrics/racket_target/healthy_stage_planted_rehearsal: 0.0000
Metrics/racket_target/healthy_stage_station_hold_seen: 0.0000
Metrics/racket_target/healthy_stage_station_arrived: 0.0000
Metrics/racket_target/healthy_stage_station_settled: 0.0000
Metrics/racket_target/healthy_stage_station_settle_steps: 0.0000
Metrics/racket_target/station_relocation_active: 0.0000
Metrics/racket_target/station_relocation_target_offset_y: 0.0000
Metrics/racket_target/station_relocation_error: 0.0000
Metrics/racket_target/station_relocation_arrival_event: 0.0000
Metrics/racket_target/station_relocation_settle_event: 0.0000
Metrics/racket_target/station_relocation_release_event: 0.0000
Metrics/racket_target/station_relocation_timeout_event: 0.0000
Metrics/racket_target/station_relocation_elapsed_steps: 0.0000
Metrics/racket_target/station_relocation_hold_deadline_steps: 0.0000
Metrics/racket_target/lifecycle_recovery_hold_active: 0.0000
Metrics/racket_target/lifecycle_recovery_release_success_event: 0.0000
Metrics/racket_target/lifecycle_recovery_release_fail_event: 0.0000
Metrics/racket_target/station_relocation_level: 0.0000
Metrics/racket_target/station_relocation_arrival_ema: 0.0000
Metrics/racket_target/station_relocation_settle_ema: 0.0000
Metrics/racket_target/station_relocation_contact_ema: 0.0000
Metrics/racket_target/station_relocation_safety_ema: 0.0000
Metrics/racket_target/station_relocation_resolved_events: 0.0000
Metrics/racket_target/station_relocation_terminal_reset_events: 0.0000
Metrics/racket_target/station_relocation_advance_streak: 0.0000
Metrics/racket_target/station_relocation_regress_streak: 0.0000
Metrics/racket_target/station_relocation_effective_max_lin_vel: 0.0000
Metrics/racket_target/station_relocation_effective_max_ang_vel: 0.0000
Metrics/racket_target/station_relocation_effective_min_settle_steps: 0.0000
Metrics/racket_target/ability_curriculum_level: 0.0000
Metrics/racket_target/ability_curriculum_scale: 1.0000
Metrics/racket_target/ability_curriculum_resolved_events: 3624.0000
Metrics/racket_target/ability_curriculum_total_resolved_events: 3624.0000
Metrics/racket_target/ability_curriculum_advance_streak: 0.0000
Metrics/racket_target/ability_curriculum_regress_streak: 0.0000
Metrics/racket_target/ability_contact_ema: 0.7203
Metrics/racket_target/ability_net_ema: 0.7037
Metrics/racket_target/ability_success_ema: 0.0152
Metrics/racket_target/ability_recovery_ema: 0.8065
Metrics/racket_target/ability_cycle_ema: 0.0152
Metrics/racket_target/ability_cycle_attempt_ema: 0.0152
Metrics/racket_target/ability_cycle_resolved_ema: 0.0152
Metrics/racket_target/ability_forehand_contact_ema: 0.8132
Metrics/racket_target/ability_forehand_net_ema: 0.8064
Metrics/racket_target/ability_forehand_success_ema: 0.0111
Metrics/racket_target/ability_backhand_contact_ema: 0.6565
Metrics/racket_target/ability_backhand_net_ema: 0.6347
Metrics/racket_target/ability_backhand_success_ema: 0.0176
Metrics/racket_target/ability_attempt_ema: 1.0000
Metrics/racket_target/ability_targeted_attempt_ema: 0.9905
Metrics/racket_target/impact_health_floor_progress: 0.0000
Metrics/racket_target/ability_safety_ema: 0.9461
Metrics/racket_target/ability_station_saturation_ema: 0.0000
Metrics/racket_target/ability_healthy_normal_ema: 0.9950
Metrics/racket_target/ability_station_arrival_ema: 0.0000
Metrics/racket_target/ability_station_settle_ema: 0.0000
Metrics/racket_target/safe_outcome_capability_gate: 0.4959
Metrics/racket_target/planner_hit_plane_blend: 1.0000
Metrics/racket_target/planner_hit_plane_x_delta: 0.0367
Metrics/racket_target/true_strike_table_x: 0.2000
Metrics/racket_target/planner_target_table_x: 0.2000
Metrics/racket_target/workspace_level: 0.0000
Metrics/racket_target/workspace_fringe_sample: 0.0000
Metrics/racket_target/workspace_target_lateral_norm: 0.3003
Metrics/racket_target/workspace_target_table_y: -0.2169
Metrics/racket_target/workspace_playable_y_min: -0.7225
Metrics/racket_target/workspace_playable_y_max: 0.7225
Metrics/racket_target/workspace_active_y_lo: -0.2847
Metrics/racket_target/workspace_active_y_hi: -0.1527
Metrics/racket_target/workspace_motion_seed_blend: 0.0000
Metrics/racket_target/planner_perturb_curriculum_scale: 1.0000
Metrics/racket_target/incoming_ball_horizontal_speed: 2.2150
Metrics/racket_target/incoming_ball_speed: 4.6384
Metrics/racket_target/incoming_ball_speed_curriculum_level: 0.0000
Metrics/racket_target/incoming_ball_speed_sample_low: 0.0000
Metrics/racket_target/incoming_ball_speed_sample_high: 0.0000
Metrics/racket_target/station_saturated: 0.0000
Metrics/racket_target/station_raw_clip_excess: 0.0000
Metrics/racket_target/station_saturated_x: 0.0000
Metrics/racket_target/station_saturated_y: 0.0000
Metrics/racket_target/station_raw_clip_excess_x: 0.0000
Metrics/racket_target/station_raw_clip_excess_y: 0.0000
Metrics/racket_target/current_swing_opportunity: 0.9369
Metrics/racket_target/current_swing_attempt: 0.9369
Metrics/racket_target/current_swing_targeted_attempt: 0.9291
Metrics/racket_target/prev_swing_targeted_attempt: 0.8952
Metrics/racket_target/current_swing_unsafe: 0.0839
Metrics/racket_target/current_swing_station_saturated: 0.0000
Metrics/racket_target/impact_health_score: 0.8701
Metrics/racket_target/impact_health_ok: 0.8783
Metrics/racket_target/impact_health_backlean_violation: 0.0087
Metrics/racket_target/impact_health_waist_backfold: 0.0000
Metrics/racket_target/impact_health_base_retreat: 0.0405
Metrics/racket_target/impact_health_torso_gravity_x: 0.3213
Metrics/racket_target/impact_health_torso_ang_vel: 0.5799
Metrics/racket_target/impact_health_com_x: 0.0526
Metrics/racket_target/impact_health_com_y: 0.0413
Metrics/racket_target/post_contact_ready_pending: 0.0000
Metrics/racket_target/post_contact_ready_elapsed_steps: 2.6112
Metrics/racket_target/post_contact_ready_consecutive_steps: 0.0000
Metrics/racket_target/post_contact_ready_diagnostic_pending: 0.2682
Metrics/racket_target/post_contact_ready_diagnostic_elapsed_steps: 18.2393
Metrics/racket_target/post_contact_ready_durable_pending: 0.2331
Metrics/racket_target/post_contact_ready_durable_consecutive_steps: 0.7136
Metrics/racket_target/post_contact_ready_durable_ready_now: 0.1444
Metrics/racket_target/post_contact_ready_durable_success_event: 0.0078
Metrics/racket_target/post_contact_ready_durable_fail_event: 0.0039
Metrics/racket_target/post_contact_ready_durable_resolution_success_rate: 0.2397
Metrics/racket_target/post_contact_ready_durable_resolution_fail_rate: 0.6733
Metrics/racket_target/post_contact_ready_durable_resolution_success_latency_steps: 35.0000
Metrics/racket_target/post_contact_ready_durable_resolution_fail_latency_steps: 32.9440
Metrics/racket_target/post_contact_ready_durable_fail_backlean_rate: 0.0720
Metrics/racket_target/post_contact_ready_durable_fail_forward_lean_rate: 0.8705
Metrics/racket_target/post_contact_ready_durable_fail_torso_ang_vel_rate: 0.0724
Metrics/racket_target/post_contact_ready_durable_fail_base_lin_vel_rate: 0.0735
Metrics/racket_target/post_contact_ready_durable_fail_base_ang_vel_rate: 0.4012
Metrics/racket_target/post_contact_ready_durable_fail_racket_speed_rate: 0.0720
Metrics/racket_target/post_contact_ready_durable_fail_height_rate: 0.0724
Metrics/racket_target/post_contact_ready_durable_fail_com_x_rate: 0.0750
Metrics/racket_target/post_contact_ready_durable_fail_com_y_rate: 0.0724
Metrics/racket_target/post_contact_ready_durable_fail_feet_rate: 0.0720
Metrics/racket_target/post_contact_ready_durable_fail_station_rate: 0.0732
Metrics/racket_target/post_contact_ready_durable_fail_arm_rate: 0.0720
Metrics/racket_target/post_contact_ready_terminal_window_active: 0.0689
Metrics/racket_target/post_contact_ready_terminal_quality: 0.3479
Metrics/racket_target/post_contact_ready_terminal_settlement_event: 0.0117
Metrics/racket_target/post_contact_ready_operational_ready_now: 0.0689
Metrics/racket_target/post_contact_ready_operational_consecutive_steps: 0.1788
Metrics/racket_target/post_contact_ready_safe_settlement_event: 0.0117
Metrics/racket_target/post_contact_ready_unsafe_settlement_event: 0.0000
Metrics/racket_target/post_contact_ready_incomplete_settlement_event: 0.0000
Metrics/racket_target/post_contact_ready_safe_net_cycle_event: 0.0117
Metrics/racket_target/post_contact_ready_terminal_quality_mean: 0.9234
Metrics/racket_target/post_contact_ready_safe_terminal_quality_mean: 0.9329
Metrics/racket_target/post_contact_ready_terminal_safe_rate: 0.7265
Metrics/racket_target/post_contact_ready_terminal_unsafe_rate: 0.0317
Metrics/racket_target/post_contact_ready_terminal_incomplete_rate: 0.2418
Metrics/racket_target/post_contact_ready_safe_net_cycle_rate: 0.7099
Metrics/racket_target/post_contact_ready_score: 0.8137
Metrics/racket_target/post_contact_ready_now: 0.0000
Metrics/racket_target/post_contact_ready_success_event: 0.0000
Metrics/racket_target/post_contact_ready_fail_event: 0.0000
Metrics/racket_target/post_contact_ready_outcome_tier: 0.1162
Metrics/racket_target/post_contact_ready_face_quality: 0.4505
Metrics/racket_target/post_contact_ready_safe_face_net_cycle_value: 0.0117
Metrics/racket_target/post_contact_ready_planner_speed_ratio: 0.4918
Metrics/racket_target/post_contact_ready_planner_direction_error_rad: 0.1287
Metrics/racket_target/post_contact_ready_planner_position_error: 0.0367
Metrics/racket_target/post_contact_ready_impact_health_score: 0.5387
Metrics/racket_target/post_contact_ready_peak_base_ang_vel: 0.8007
Metrics/racket_target/post_contact_ready_peak_ang_vel_excess_increment: 0.0000
Metrics/racket_target/post_contact_ready_envelope_violation_latch: 0.0115
Metrics/racket_target/post_contact_ready_envelope_violation_event: 0.0000
Metrics/racket_target/post_contact_ready_envelope_first_violation_step: -0.7521
Metrics/racket_target/post_contact_ready_envelope_attempts: 3817.0625
Metrics/racket_target/post_contact_ready_envelope_violation_rate: 0.0314
Metrics/racket_target/post_contact_ready_envelope_tilt_violation_rate: 0.0003
Metrics/racket_target/post_contact_ready_envelope_pitch_violation_rate: 0.0005
Metrics/racket_target/post_contact_ready_envelope_com_violation_rate: 0.0015
Metrics/racket_target/post_contact_ready_envelope_waist_violation_rate: 0.0000
Metrics/racket_target/post_contact_ready_envelope_leg_violation_rate: 0.0000
Metrics/racket_target/post_contact_ready_envelope_base_ang_vel_violation_rate: 0.0304
Metrics/racket_target/post_contact_ready_resolution_success_rate: 0.9787
Metrics/racket_target/post_contact_ready_resolution_fail_rate: 0.0128
Metrics/racket_target/post_contact_ready_resolution_success_latency_steps: 4.7732
Metrics/racket_target/post_contact_ready_resolution_fail_latency_steps: 8.7347
Metrics/racket_target/post_contact_ready_max_tilt: 0.1131
Metrics/racket_target/post_contact_ready_max_abs_pitch: 0.1124
Metrics/racket_target/post_contact_ready_max_com_x: 0.0170
Metrics/racket_target/post_contact_ready_max_com_y: 0.0166
Metrics/racket_target/post_contact_ready_max_waist_overflow: 0.0000
Metrics/racket_target/post_contact_ready_max_leg_overflow: 0.0039
Metrics/racket_target/post_contact_ready_settlement_velocity_score_ema: 0.6332
Metrics/racket_target/post_contact_ready_settlement_position_gate_ema: 0.7791
Metrics/racket_target/post_contact_ready_settlement_health_gate_ema: 0.9799
Metrics/racket_target/post_contact_ready_settlement_recovery_gate_ema: 0.4690
Metrics/racket_target/post_contact_ready_settlement_total_score_ema: 0.2250
Metrics/racket_target/post_contact_recovery_backlean_error: 0.0452
Metrics/racket_target/post_contact_recovery_directional_progress: 0.0000
Metrics/racket_target/post_contact_ready_torso_ok: 0.4326
Metrics/racket_target/post_contact_ready_motion_ok: 0.8184
Metrics/racket_target/post_contact_ready_support_ok: 0.8783
Metrics/racket_target/post_contact_ready_arm_ok: 1.0000
Metrics/racket_target/post_contact_ready_base_lin_vel_ok: 0.8783
Metrics/racket_target/post_contact_ready_base_ang_vel_ok: 0.8298
Metrics/racket_target/post_contact_ready_racket_speed_ok: 0.9792
Metrics/racket_target/post_contact_ready_height_ok: 0.9484
Metrics/racket_target/post_contact_ready_com_x_ok: 0.8991
Metrics/racket_target/post_contact_ready_com_y_ok: 0.9382
Metrics/racket_target/post_contact_ready_feet_ok: 0.9844
Metrics/racket_target/post_contact_ready_station_ok: 0.8939
Metrics/racket_target/post_contact_ready_fail_torso: 0.0000
Metrics/racket_target/post_contact_ready_fail_base_lin_vel: 0.0000
Metrics/racket_target/post_contact_ready_fail_base_ang_vel: 0.0000
Metrics/racket_target/post_contact_ready_fail_racket_speed: 0.0000
Metrics/racket_target/post_contact_ready_fail_support: 0.0000
Metrics/racket_target/post_contact_ready_fail_arm: 0.0000
Metrics/racket_target/post_contact_ready_shadow_now: 0.0000
Metrics/racket_target/post_contact_ready_shadow_consecutive_steps: 0.0000
Metrics/racket_target/post_contact_ready_shadow_success_latch: 0.0000
Metrics/racket_target/post_contact_ready_curriculum_level: 0.0000
Metrics/racket_target/post_contact_ready_curriculum_fraction: 1.0000
Metrics/racket_target/post_contact_ready_curriculum_success_ema: 0.0000
Metrics/racket_target/post_contact_ready_curriculum_shadow_success_ema: 0.0000
Metrics/racket_target/post_contact_ready_curriculum_resolved_events: 0.0000
Metrics/racket_target/post_contact_ready_curriculum_successful_events: 0.0000
Metrics/racket_target/post_contact_ready_curriculum_targeted_attempt_ema: 0.0000
Metrics/racket_target/post_contact_ready_curriculum_return_success_ema: 0.0000
Metrics/racket_target/post_contact_ready_curriculum_completed_swings: 0.0000
Metrics/racket_target/post_contact_ready_curriculum_advance_streak: 0.0000
Metrics/racket_target/post_contact_ready_curriculum_advance_guard_ok: 0.0000
Metrics/racket_target/post_contact_ready_effective_max_torso_ang_vel: 1.5000
Metrics/racket_target/post_contact_ready_effective_torso_x_min: -0.1200
Metrics/racket_target/post_contact_ready_effective_torso_x_max: 0.3200
Metrics/racket_target/post_contact_ready_effective_max_base_lin_vel: 0.4500
Metrics/racket_target/post_contact_ready_effective_max_base_ang_vel: 1.3000
Metrics/racket_target/post_contact_ready_effective_max_racket_speed: 3.0000
Metrics/racket_target/post_contact_ready_effective_min_feet_contact: 0.5000
Metrics/racket_target/post_contact_ready_effective_required_consecutive_steps: 3.0000
Metrics/racket_target/post_contact_ready_effective_deadline_steps: 40.0000
Metrics/racket_target/post_contact_ready_curriculum_advance_threshold: 1.0000
Metrics/racket_target/post_contact_ready_curriculum_advance_min_events: 0.0000
Metrics/racket_target/post_contact_ready_curriculum_shadow_threshold: 1.0000
Metrics/racket_target/post_contact_ready_curriculum_min_targeted_attempt_ema: 0.0000
Metrics/racket_target/post_contact_ready_curriculum_min_return_success_ema: 0.0000
Metrics/racket_target/post_contact_ready_curriculum_min_completed_swings: 1.0000
Metrics/racket_target/post_contact_ready_curriculum_required_advance_checks: 1.0000
Metrics/racket_target/racket_normal_error_deg: 45.8937
Metrics/racket_target/impact_normal_error_deg: 11.4798
Metrics/racket_target/impact_racket_vel_error_mps: 0.5446
Metrics/racket_target/impact_racket_speed_ratio: 0.8431
Metrics/racket_target/impact_racket_vel_angle_deg: 12.8038
Metrics/racket_target/impact_racket_actual_vel_x: 0.8749
Metrics/racket_target/impact_racket_actual_vel_y: -0.0005
Metrics/racket_target/impact_racket_actual_vel_z: 1.3199
Metrics/racket_target/impact_racket_target_vel_x: 1.2177
Metrics/racket_target/impact_racket_target_vel_y: -0.0281
Metrics/racket_target/impact_racket_target_vel_z: 1.3714
Metrics/racket_target/impact_ball_out_error_mps: 4.3527
Metrics/racket_target/impact_face_radial_error_m: 0.0605
Metrics/racket_target/impact_face_normal_gap_m: 0.0553
Metrics/racket_target/impact_face_quality: 0.5892
Metrics/racket_target/impact_center_contact: 0.0000
Metrics/racket_target/impact_center_net_cross: 0.0000
Metrics/racket_target/impact_center_on_opponent: 0.0000
Metrics/racket_target/impact_rim_contact: 0.0000
Metrics/racket_target/impact_rim_net_cross: 0.0000
Metrics/racket_target/impact_rim_on_opponent: 0.0000
Metrics/racket_target/impact_analytic_outer_contact: 0.0000
Metrics/racket_target/impact_analytic_outer_net_cross: 0.0000
Metrics/racket_target/impact_analytic_outer_on_opponent: 0.0000
Metrics/racket_target/impact_planner_pos_error_m: 0.0907
Metrics/racket_target/impact_planner_vel_error_mps: 0.5446
Metrics/racket_target/impact_planner_speed_ratio: 0.8431
Metrics/racket_target/impact_planner_vel_angle_deg: 12.8038
Metrics/racket_target/impact_healthy_normal_ok: 0.0000
Metrics/racket_target/impact_healthy_contact: 0.0000
Metrics/racket_target/impact_healthy_net_cross: 0.0000
Metrics/racket_target/impact_healthy_on_opponent: 0.0000
Metrics/racket_target/current_swing_impact_health_score: 0.5387
Metrics/racket_target/current_swing_healthy_contact: 0.5558
Metrics/racket_target/current_swing_healthy_net_cross: 0.5305
Metrics/racket_target/current_swing_healthy_on_opponent: 0.0300
Metrics/racket_target/current_swing_healthy_normal_ok: 0.9369
Metrics/racket_target/current_swing_contact: 0.5558
Metrics/racket_target/current_swing_net_cross: 0.5305
Metrics/racket_target/current_swing_on_opponent: 0.0300
Metrics/racket_target/current_swing_center_contact: 0.4000
Metrics/racket_target/current_swing_center_net_cross: 0.3851
Metrics/racket_target/current_swing_center_on_opponent: 0.0237
Metrics/racket_target/current_swing_rim_contact: 0.0956
Metrics/racket_target/current_swing_rim_net_cross: 0.0852
Metrics/racket_target/current_swing_rim_on_opponent: 0.0063
Metrics/racket_target/current_swing_analytic_outer_contact: 0.0602
Metrics/racket_target/current_swing_analytic_outer_net_cross: 0.0602
Metrics/racket_target/current_swing_analytic_outer_on_opponent: 0.0000
Metrics/racket_target/cycle_v2_outcome_tier: -1.0000
Metrics/racket_target/cycle_v2_streak: 0.0000
Metrics/racket_target/closed_loop_recovery_trigger_event: 0.0000
Metrics/racket_target/closed_loop_cycle_success_event: 0.0000
Metrics/racket_target/closed_loop_durable_cycle_success_event: 0.0078
Metrics/racket_target/closed_loop_phase_id: 1.9747
Metrics/racket_target/closed_loop_phase_ready_no_command: 0.0045
Metrics/racket_target/closed_loop_phase_command_acquire: 0.0534
Metrics/racket_target/closed_loop_phase_pre_strike: 0.9236
Metrics/racket_target/closed_loop_phase_strike: 0.0000
Metrics/racket_target/closed_loop_phase_follow_through: 0.0185
Metrics/racket_target/closed_loop_phase_recovery: 0.0000
Metrics/racket_target/closed_loop_phase_next_ready: 0.0000
Metrics/racket_target/post_contact_phase_impact_0_100ms_attempts: 3817.0625
Metrics/racket_target/post_contact_phase_impact_0_100ms_tilt_gt_0p1_rate: 1.0000
Metrics/racket_target/post_contact_phase_impact_0_100ms_pitch_gt_0p1_rate: 1.0000
Metrics/racket_target/post_contact_phase_impact_0_100ms_waist_overflow_gt_1p0_rate: 0.0000
Metrics/racket_target/post_contact_phase_impact_0_100ms_base_ang_vel_gt_0p8_rate: 0.9821
Metrics/racket_target/post_contact_phase_brake_100_300ms_attempts: 3742.3750
Metrics/racket_target/post_contact_phase_brake_100_300ms_tilt_gt_0p1_rate: 0.9970
Metrics/racket_target/post_contact_phase_brake_100_300ms_pitch_gt_0p1_rate: 0.9948
Metrics/racket_target/post_contact_phase_brake_100_300ms_waist_overflow_gt_1p0_rate: 0.0000
Metrics/racket_target/post_contact_phase_brake_100_300ms_base_ang_vel_gt_0p8_rate: 0.9947
Metrics/racket_target/post_contact_phase_settle_300_600ms_attempts: 3591.9062
Metrics/racket_target/post_contact_phase_settle_300_600ms_tilt_gt_0p1_rate: 0.8161
Metrics/racket_target/post_contact_phase_settle_300_600ms_pitch_gt_0p1_rate: 0.7642
Metrics/racket_target/post_contact_phase_settle_300_600ms_waist_overflow_gt_1p0_rate: 0.0000
Metrics/racket_target/post_contact_phase_settle_300_600ms_base_ang_vel_gt_0p8_rate: 0.9886
Metrics/racket_target/post_contact_phase_ready_after_600ms_attempts: 3293.4062
Metrics/racket_target/post_contact_phase_ready_after_600ms_tilt_gt_0p1_rate: 0.5358
Metrics/racket_target/post_contact_phase_ready_after_600ms_pitch_gt_0p1_rate: 0.4456
Metrics/racket_target/post_contact_phase_ready_after_600ms_waist_overflow_gt_1p0_rate: 0.0000
Metrics/racket_target/post_contact_phase_ready_after_600ms_base_ang_vel_gt_0p8_rate: 0.9290
Metrics/racket_target/base_pitch_like_signed: -0.0796
Metrics/racket_target/base_backward_velocity: 0.0703
Metrics/racket_target/waist_action_rms: 0.3134
Metrics/racket_target/right_arm_action_rms: 3.1160
Metrics/racket_target/leg_action_rms: 0.3978
Metrics/racket_target/action_abs_max: 5.8525
Metrics/racket_target/applied_action_abs_max: 5.7561
Metrics/racket_target/leg_action_abs_max: 0.7905
Metrics/racket_target/effective_action_abs_max: 5.7561
Metrics/racket_target/action_clamp_fraction: 0.0031
Metrics/racket_target/waist_action_clamp_fraction: 0.0000
Metrics/racket_target/right_arm_action_clamp_fraction: 0.0000
Metrics/racket_target/leg_action_clamp_fraction: 0.0080
Metrics/racket_target/waist_q_tracking_error_rms: 0.3608
Metrics/racket_target/right_arm_q_tracking_error_rms: 0.1610
Metrics/racket_target/leg_q_tracking_error_rms: 0.1831
Metrics/racket_target/waist_torque_clip_fraction: 0.0000
Metrics/racket_target/right_arm_torque_clip_fraction: 0.0011
Metrics/racket_target/leg_torque_clip_fraction: 0.0000
Metrics/racket_target/waist_action_delta_rms: 0.1428
Metrics/racket_target/right_arm_action_delta_rms: 0.8774
Metrics/racket_target/leg_action_delta_rms: 0.2636
Metrics/racket_target/waist_joint_vel_rms: 0.5432
Metrics/racket_target/right_arm_joint_vel_rms: 1.1410
Metrics/racket_target/leg_joint_vel_rms: 0.6303
Metrics/racket_target/recovery_leg_action_abs_max: 0.7093
Metrics/racket_target/recovery_leg_action_delta_rms: 0.2411
Metrics/racket_target/recovery_leg_joint_vel_rms: 0.5371
      Episode_Termination/time_out: 3.8438
  Episode_Termination/base_too_low: 0.0625
   Episode_Termination/base_tilted: 0.3438
   Episode_Termination/table_touch: 0.1562
Episode_Termination/persistent_action_overflow: 0.0000
--------------------------------------------------------------------------------
                   Total timesteps: 917504
                    Iteration time: 2.30s
                      Time elapsed: 00:00:31
                               ETA: 00:00:15

################################################################################
                     [1m Learning iteration 1814/1820 [0m                     

                       Computation: 28962 steps/s (collection: 2.248s, learning 0.015s)
             Mean action noise std: 0.45
          Mean value_function loss: 0.0554
               Mean surrogate loss: -0.0000
                 Mean entropy loss: 2.8121
      Mean critic_only_warmup loss: 1.0000
                       Mean reward: 13.49
               Mean episode length: 441.75
 Episode_Reward/undesired_contacts: -0.0000
  Episode_Reward/feet_contact_slip: -0.0022
     Episode_Reward/table_no_touch: -0.0002
              Episode_Reward/alive: 0.0088
            Episode_Reward/upright: -0.0072
          Episode_Reward/imitation: 0.3583
    Episode_Reward/racket_position: 0.0703
Episode_Reward/backhand_racket_position: 0.0335
    Episode_Reward/racket_velocity: 0.0451
Episode_Reward/planner_racket_task_space_crossfade: 0.2874
Episode_Reward/exact_impact_planner_task_space_alignment: 0.0072
    Episode_Reward/blade_direction: 0.0418
Episode_Reward/health_gated_soft_ball_contact: 0.0457
Episode_Reward/health_gated_backhand_soft_ball_contact: 0.0310
Episode_Reward/health_gated_ball_contact: 0.0088
Episode_Reward/healthy_trunk_support: 0.0776
Episode_Reward/targeted_strike_attempt: 0.0104
  Episode_Reward/strike_inactivity: -0.0000
 Episode_Reward/pre_strike_station: 0.0687
    Episode_Reward/recovery_health: 0.0546
Episode_Reward/no_command_ready_stability: 0.0028
Episode_Reward/post_strike_base_ang_vel: 0.0104
Episode_Reward/phase_action_overflow: -0.0001
     Episode_Reward/strike_balance: 0.0264
Episode_Reward/prestrike_station_progress: 0.0135
 Episode_Reward/lower_body_support: 0.0392
Episode_Reward/termination_penalty: -0.0077
Episode_Reward/phase_action_rate_waist: -0.0003
Episode_Reward/phase_action_rate_upper: -0.0063
Episode_Reward/phase_action_rate_legs: -0.0003
        Episode_Reward/joint_limit: -0.0348
Episode_Reward/prestrike_racket_progress: 0.1757
Episode_Reward/near_impact_planner_velocity_progress: 0.0413
Episode_Reward/operational_joint_margin: -0.0048
  Episode_Reward/joint_target_slew: -0.0307
Episode_Reward/actuator_waist_feasibility: -0.0000
Episode_Reward/actuator_right_arm_feasibility: -0.0000
Episode_Reward/actuator_leg_feasibility: -0.0000
Episode_Reward/terminal_quality_window: 0.0014
Episode_Reward/safe_terminal_quality: 0.0025
Episode_Reward/unsafe_terminal_recovery: -0.0001
Episode_Reward/capability_gated_safe_terminal_outcome: 0.0171
Episode_Reward/targeted_contact_miss: -0.0024
    Metrics/motion/error_joint_pos: 1.2970
    Metrics/motion/error_joint_vel: 5.7430
     Metrics/motion/error_body_pos: 0.1124
     Metrics/motion/error_body_rot: 0.4028
       Metrics/motion/motion_phase: 0.7648
            Metrics/motion/in_hold: 0.0596
Metrics/motion/motion_start_warmup_prob: 0.8000
Metrics/motion/motion_start_lifecycle_progress: 0.0000
Metrics/motion/motion_start_effective_prestrike_fraction: 1.0000
Metrics/motion/motion_start_effective_recovery_fraction: 0.0000
Metrics/motion/motion_start_effective_rsi_fraction: 0.0000
 Metrics/motion/motion_start_reset: 0.0063
Metrics/motion/motion_start_prestrike_reset: 0.0000
Metrics/motion/motion_start_recovery_reset: 0.0000
Metrics/motion/motion_start_rsi_reset: 0.0000
 Metrics/motion/single_cycle_reset: 0.0000
     Metrics/motion/motion_clip_id: 0.6998
Metrics/motion/motion_supplemental_clip: 0.0000
      Metrics/motion/stand_episode: 0.0596
Metrics/motion/default_stand_reset: 0.1003
Metrics/motion/error_body_pos_lower: 0.1085
Metrics/motion/error_body_rot_lower: 0.3512
Metrics/motion/error_body_lin_vel_lower: 0.1407
Metrics/motion/error_body_ang_vel_lower: 0.7506
Metrics/motion/reference_body_lin_speed_lower: 0.0124
Metrics/motion/robot_body_lin_speed_lower: 0.1384
Metrics/motion/error_body_pos_core: 0.0646
Metrics/motion/error_body_rot_core: 0.2825
Metrics/motion/error_body_lin_vel_core: 0.1826
Metrics/motion/error_body_ang_vel_core: 0.8677
Metrics/motion/reference_body_lin_speed_core: 0.0088
Metrics/motion/robot_body_lin_speed_core: 0.1812
Metrics/motion/error_body_pos_upper: 0.1322
Metrics/motion/error_body_rot_upper: 0.4945
Metrics/motion/error_body_lin_vel_upper: 0.6570
Metrics/motion/error_body_ang_vel_upper: 2.5100
Metrics/motion/reference_body_lin_speed_upper: 0.0187
Metrics/motion/robot_body_lin_speed_upper: 0.6587
Metrics/motion/error_joint_pos_waist: 0.2584
Metrics/motion/error_joint_vel_waist: 1.1591
Metrics/motion/reference_joint_speed_waist: 0.0132
Metrics/motion/error_joint_pos_arms: 1.1072
Metrics/motion/error_joint_vel_arms: 4.9678
Metrics/motion/reference_joint_speed_arms: 0.0446
Metrics/motion/error_joint_pos_legs: 0.5762
Metrics/motion/error_joint_vel_legs: 2.2191
Metrics/motion/reference_joint_speed_legs: 0.0035
Metrics/racket_target/racket_pos_error: 0.1099
Metrics/racket_target/racket_vel_error: 1.2841
Metrics/racket_target/time_to_strike: -1.0780
Metrics/racket_target/return_success: 0.0229
Metrics/racket_target/prev_return_success: 0.0078
Metrics/racket_target/prev_net_cross: 0.5814
Metrics/racket_target/current_net_cross: 0.6088
Metrics/racket_target/racket_pos_curriculum_scale: 1.0000
Metrics/racket_target/impact_inverse_command_blend: 0.0000
Metrics/racket_target/steps_since_target_resample: 152.8488
Metrics/racket_target/recovery_height_error: 0.0369
Metrics/racket_target/recovery_upright_error: 0.0985
Metrics/racket_target/recovery_base_lin_vel: 0.1487
Metrics/racket_target/recovery_base_ang_vel: 0.8058
Metrics/racket_target/recovery_station_error: 0.0637
Metrics/racket_target/recovery_feet_contact_frac: 0.9766
Metrics/racket_target/recovery_racket_speed: 1.8620
Metrics/racket_target/recovery_height_score: 0.8852
Metrics/racket_target/recovery_upright_score: 0.8733
Metrics/racket_target/recovery_lin_vel_score: 0.8021
Metrics/racket_target/recovery_ang_vel_score: 0.4046
Metrics/racket_target/recovery_station_score: 0.9046
Metrics/racket_target/recovery_racket_score: 0.2617
Metrics/racket_target/recovery_arm_score: 0.7255
Metrics/racket_target/recovery_ready_score: 0.7598
Metrics/racket_target/recovery_anchor_arm_score: 1.0000
Metrics/racket_target/recovery_core_ready_score: 0.6743
Metrics/racket_target/recovery_functional_ready_score: 0.5957
Metrics/racket_target/waist_action_overflow_rms: 0.0000
Metrics/racket_target/right_arm_action_overflow_rms: 0.0123
Metrics/racket_target/leg_action_overflow_rms: 0.0018
Metrics/racket_target/operational_margin_fraction: 0.0038
Metrics/racket_target/waist_operational_margin_fraction: 0.0028
Metrics/racket_target/right_arm_operational_margin_fraction: 0.0037
Metrics/racket_target/leg_operational_margin_fraction: 0.0069
Metrics/racket_target/waist_operational_excess_rms: 0.0002
Metrics/racket_target/right_arm_operational_excess_rms: 0.0013
Metrics/racket_target/leg_operational_excess_rms: 0.0018
Metrics/racket_target/q_des_velocity_violation_fraction: 0.0638
Metrics/racket_target/waist_q_des_velocity_violation_fraction: 0.0036
Metrics/racket_target/right_arm_q_des_velocity_violation_fraction: 0.1072
Metrics/racket_target/leg_q_des_velocity_violation_fraction: 0.0743
Metrics/racket_target/q_des_acceleration_violation_fraction: 0.6892
Metrics/racket_target/waist_q_des_acceleration_violation_fraction: 0.5528
Metrics/racket_target/right_arm_q_des_acceleration_violation_fraction: 0.7958
Metrics/racket_target/leg_q_des_acceleration_violation_fraction: 0.7481
Metrics/racket_target/waist_q_des_velocity_rms: 3.1726
Metrics/racket_target/right_arm_q_des_velocity_rms: 7.8910
Metrics/racket_target/leg_q_des_velocity_rms: 6.2583
Metrics/racket_target/waist_q_des_acceleration_rms: 255.1010
Metrics/racket_target/right_arm_q_des_acceleration_rms: 653.9931
Metrics/racket_target/leg_q_des_acceleration_rms: 538.3269
Metrics/racket_target/action_operational_feasibility_score: 0.9613
Metrics/racket_target/actuator_overflow_consecutive_steps: 0.0000
Metrics/racket_target/actuator_overflow_severe: 0.0000
Metrics/racket_target/recovery_phase_gate: 0.9638
Metrics/racket_target/recovery_phase_ready_score: 0.7537
Metrics/racket_target/recovery_contact_ready_score: 0.4943
Metrics/racket_target/recovery_net_ready_score: 0.4909
Metrics/racket_target/recovery_return_ready_score: 0.0185
Metrics/racket_target/cycle_success_ready_score: 0.0000
Metrics/racket_target/cycle_success_soft: 0.0000
Metrics/racket_target/cycle_success_binary: 0.0000
Metrics/racket_target/cycle_v2_pending: 0.0000
Metrics/racket_target/cycle_v2_attempt_latch: 0.0000
Metrics/racket_target/cycle_v2_ready_success_latch: 0.0000
Metrics/racket_target/cycle_v2_ready_fail_latch: 0.0000
Metrics/racket_target/cycle_v2_attempt_event: 0.0000
Metrics/racket_target/cycle_v2_ready_success_event: 0.0000
Metrics/racket_target/cycle_v2_ready_fail_event: 0.0000
Metrics/racket_target/cycle_v2_unresolved_resample_fail_event: 0.0000
Metrics/racket_target/cycle_v2_resolved_event: 0.0000
Metrics/racket_target/cycle_v2_command_visible_steps: 0.0000
Metrics/racket_target/cycle_v2_elapsed_steps: 0.0000
Metrics/racket_target/cycle_v2_ready_score: 0.0000
Metrics/racket_target/cycle_v2_ready_ok: 0.0000
Metrics/racket_target/cycle_v2_visible: 0.0000
Metrics/racket_target/cycle_v2_ready_score_ok: 0.0000
Metrics/racket_target/cycle_v2_height_ok: 0.0000
Metrics/racket_target/cycle_v2_upright_ok: 0.0000
Metrics/racket_target/cycle_v2_base_lin_vel_ok: 0.0000
Metrics/racket_target/cycle_v2_base_ang_vel_ok: 0.0000
Metrics/racket_target/cycle_v2_feet_ok: 0.0000
Metrics/racket_target/cycle_v2_core_ready_ok: 0.0000
Metrics/racket_target/cycle_v2_ready_consecutive_steps: 0.0000
Metrics/racket_target/single_cycle_bootstrap: 0.0000
Metrics/racket_target/single_cycle_swing_completed: 0.0000
Metrics/racket_target/single_cycle_recovery_active: 0.0000
Metrics/racket_target/single_cycle_recovery_elapsed_steps: 0.0000
Metrics/racket_target/single_cycle_ready_consecutive_steps: 0.0000
Metrics/racket_target/single_cycle_safe_timeout_event: 0.0000
Metrics/racket_target/single_cycle_deadline_timeout_event: 0.0000
Metrics/racket_target/single_cycle_timeout_latch: 0.0000
Metrics/racket_target/single_cycle_hard_failure_event: 0.0000
Metrics/racket_target/single_cycle_probability: 0.0000
Metrics/racket_target/single_cycle_curriculum_level: 0.0000
Metrics/racket_target/single_cycle_effective_deadline_steps: 100.0000
Metrics/racket_target/single_cycle_selected_events: 0.0000
Metrics/racket_target/single_cycle_completed_events: 0.0000
Metrics/racket_target/single_cycle_safe_timeout_events: 0.0000
Metrics/racket_target/single_cycle_deadline_timeout_events: 0.0000
Metrics/racket_target/single_cycle_hard_failure_events: 0.0000
Metrics/racket_target/active_ready_consecutive_steps: 0.0000
Metrics/racket_target/active_ready_success_event: 0.0000
Metrics/racket_target/active_ready_success_latch: 0.0156
Metrics/racket_target/active_ready_survival_steps: 0.0000
Metrics/racket_target/active_ready_survival_next_milestone: 0.0000
Metrics/racket_target/active_ready_survival_milestone_event: 0.0000
Metrics/racket_target/no_command_ready_active: 0.0596
Metrics/racket_target/no_command_from_stand_episode: 0.0596
Metrics/racket_target/no_command_from_default_stand_reset: 0.0596
Metrics/racket_target/no_command_ready_upright_ok: 0.0440
Metrics/racket_target/no_command_ready_motion_ok: 0.0039
Metrics/racket_target/no_command_ready_score: 0.0287
Metrics/racket_target/no_command_ready_progress: -0.0233
Metrics/racket_target/no_command_ready_station_error: 0.0129
Metrics/racket_target/no_command_ready_fixed_station_error: 0.0129
Metrics/racket_target/healthy_training_stage: 3.0000
Metrics/racket_target/healthy_stage_planted_rehearsal: 0.0000
Metrics/racket_target/healthy_stage_station_hold_seen: 0.0000
Metrics/racket_target/healthy_stage_station_arrived: 0.0000
Metrics/racket_target/healthy_stage_station_settled: 0.0000
Metrics/racket_target/healthy_stage_station_settle_steps: 0.0000
Metrics/racket_target/station_relocation_active: 0.0000
Metrics/racket_target/station_relocation_target_offset_y: 0.0000
Metrics/racket_target/station_relocation_error: 0.0000
Metrics/racket_target/station_relocation_arrival_event: 0.0000
Metrics/racket_target/station_relocation_settle_event: 0.0000
Metrics/racket_target/station_relocation_release_event: 0.0000
Metrics/racket_target/station_relocation_timeout_event: 0.0000
Metrics/racket_target/station_relocation_elapsed_steps: 0.0000
Metrics/racket_target/station_relocation_hold_deadline_steps: 0.0000
Metrics/racket_target/lifecycle_recovery_hold_active: 0.0000
Metrics/racket_target/lifecycle_recovery_release_success_event: 0.0000
Metrics/racket_target/lifecycle_recovery_release_fail_event: 0.0000
Metrics/racket_target/station_relocation_level: 0.0000
Metrics/racket_target/station_relocation_arrival_ema: 0.0000
Metrics/racket_target/station_relocation_settle_ema: 0.0000
Metrics/racket_target/station_relocation_contact_ema: 0.0000
Metrics/racket_target/station_relocation_safety_ema: 0.0000
Metrics/racket_target/station_relocation_resolved_events: 0.0000
Metrics/racket_target/station_relocation_terminal_reset_events: 0.0000
Metrics/racket_target/station_relocation_advance_streak: 0.0000
Metrics/racket_target/station_relocation_regress_streak: 0.0000
Metrics/racket_target/station_relocation_effective_max_lin_vel: 0.0000
Metrics/racket_target/station_relocation_effective_max_ang_vel: 0.0000
Metrics/racket_target/station_relocation_effective_min_settle_steps: 0.0000
Metrics/racket_target/ability_curriculum_level: 0.0000
Metrics/racket_target/ability_curriculum_scale: 1.0000
Metrics/racket_target/ability_curriculum_resolved_events: 3878.4688
Metrics/racket_target/ability_curriculum_total_resolved_events: 3878.4688
Metrics/racket_target/ability_curriculum_advance_streak: 0.0000
Metrics/racket_target/ability_curriculum_regress_streak: 0.0000
Metrics/racket_target/ability_contact_ema: 0.6388
Metrics/racket_target/ability_net_ema: 0.6151
Metrics/racket_target/ability_success_ema: 0.0160
Metrics/racket_target/ability_recovery_ema: 0.8095
Metrics/racket_target/ability_cycle_ema: 0.0160
Metrics/racket_target/ability_cycle_attempt_ema: 0.0160
Metrics/racket_target/ability_cycle_resolved_ema: 0.0160
Metrics/racket_target/ability_forehand_contact_ema: 0.6642
Metrics/racket_target/ability_forehand_net_ema: 0.6434
Metrics/racket_target/ability_forehand_success_ema: 0.0157
Metrics/racket_target/ability_backhand_contact_ema: 0.6191
Metrics/racket_target/ability_backhand_net_ema: 0.6009
Metrics/racket_target/ability_backhand_success_ema: 0.0206
Metrics/racket_target/ability_attempt_ema: 1.0000
Metrics/racket_target/ability_targeted_attempt_ema: 0.9967
Metrics/racket_target/impact_health_floor_progress: 0.0000
Metrics/racket_target/ability_safety_ema: 0.9539
Metrics/racket_target/ability_station_saturation_ema: 0.0000
Metrics/racket_target/ability_healthy_normal_ema: 0.9995
Metrics/racket_target/ability_station_arrival_ema: 0.0000
Metrics/racket_target/ability_station_settle_ema: 0.0000
Metrics/racket_target/safe_outcome_capability_gate: 0.3454
Metrics/racket_target/planner_hit_plane_blend: 1.0000
Metrics/racket_target/planner_hit_plane_x_delta: 0.0377
Metrics/racket_target/true_strike_table_x: 0.2000
Metrics/racket_target/planner_target_table_x: 0.2000
Metrics/racket_target/workspace_level: 0.0000
Metrics/racket_target/workspace_fringe_sample: 0.0000
Metrics/racket_target/workspace_target_lateral_norm: 0.2464
Metrics/racket_target/workspace_target_table_y: -0.1781
Metrics/racket_target/workspace_playable_y_min: -0.7225
Metrics/racket_target/workspace_playable_y_max: 0.7225
Metrics/racket_target/workspace_active_y_lo: -0.2410
Metrics/racket_target/workspace_active_y_hi: -0.1121
Metrics/racket_target/workspace_motion_seed_blend: 0.0000
Metrics/racket_target/planner_perturb_curriculum_scale: 1.0000
Metrics/racket_target/incoming_ball_horizontal_speed: 2.2967
Metrics/racket_target/incoming_ball_speed: 4.6187
Metrics/racket_target/incoming_ball_speed_curriculum_level: 0.0000
Metrics/racket_target/incoming_ball_speed_sample_low: 0.0000
Metrics/racket_target/incoming_ball_speed_sample_high: 0.0000
Metrics/racket_target/station_saturated: 0.0000
Metrics/racket_target/station_raw_clip_excess: 0.0000
Metrics/racket_target/station_saturated_x: 0.0000
Metrics/racket_target/station_saturated_y: 0.0000
Metrics/racket_target/station_raw_clip_excess_x: 0.0000
Metrics/racket_target/station_raw_clip_excess_y: 0.0000
Metrics/racket_target/current_swing_opportunity: 0.9120
Metrics/racket_target/current_swing_attempt: 0.9120
Metrics/racket_target/current_swing_targeted_attempt: 0.8833
Metrics/racket_target/prev_swing_targeted_attempt: 0.8882
Metrics/racket_target/current_swing_unsafe: 0.0531
Metrics/racket_target/current_swing_station_saturated: 0.0000
Metrics/racket_target/impact_health_score: 0.9129
Metrics/racket_target/impact_health_ok: 0.9283
Metrics/racket_target/impact_health_backlean_violation: 0.0213
Metrics/racket_target/impact_health_waist_backfold: 0.0079
Metrics/racket_target/impact_health_base_retreat: 0.0336
Metrics/racket_target/impact_health_torso_gravity_x: 0.3296
Metrics/racket_target/impact_health_torso_ang_vel: 0.4312
Metrics/racket_target/impact_health_com_x: 0.0362
Metrics/racket_target/impact_health_com_y: 0.0185
Metrics/racket_target/post_contact_ready_pending: 0.0000
Metrics/racket_target/post_contact_ready_elapsed_steps: 2.9919
Metrics/racket_target/post_contact_ready_consecutive_steps: 0.0000
Metrics/racket_target/post_contact_ready_diagnostic_pending: 0.0000
Metrics/racket_target/post_contact_ready_diagnostic_elapsed_steps: 23.2821
Metrics/racket_target/post_contact_ready_durable_pending: 0.0000
Metrics/racket_target/post_contact_ready_durable_consecutive_steps: 0.0000
Metrics/racket_target/post_contact_ready_durable_ready_now: 0.0000
Metrics/racket_target/post_contact_ready_durable_success_event: 0.0000
Metrics/racket_target/post_contact_ready_durable_fail_event: 0.0000
Metrics/racket_target/post_contact_ready_durable_resolution_success_rate: 0.2513
Metrics/racket_target/post_contact_ready_durable_resolution_fail_rate: 0.6884
Metrics/racket_target/post_contact_ready_durable_resolution_success_latency_steps: 35.0000
Metrics/racket_target/post_contact_ready_durable_resolution_fail_latency_steps: 33.0792
Metrics/racket_target/post_contact_ready_durable_fail_backlean_rate: 0.0669
Metrics/racket_target/post_contact_ready_durable_fail_forward_lean_rate: 0.8664
Metrics/racket_target/post_contact_ready_durable_fail_torso_ang_vel_rate: 0.0672
Metrics/racket_target/post_contact_ready_durable_fail_base_lin_vel_rate: 0.0683
Metrics/racket_target/post_contact_ready_durable_fail_base_ang_vel_rate: 0.4020
Metrics/racket_target/post_contact_ready_durable_fail_racket_speed_rate: 0.0669
Metrics/racket_target/post_contact_ready_durable_fail_height_rate: 0.0672
Metrics/racket_target/post_contact_ready_durable_fail_com_x_rate: 0.0698
Metrics/racket_target/post_contact_ready_durable_fail_com_y_rate: 0.0672
Metrics/racket_target/post_contact_ready_durable_fail_feet_rate: 0.0669
Metrics/racket_target/post_contact_ready_durable_fail_station_rate: 0.0680
Metrics/racket_target/post_contact_ready_durable_fail_arm_rate: 0.0669
Metrics/racket_target/post_contact_ready_terminal_window_active: 0.0000
Metrics/racket_target/post_contact_ready_terminal_quality: 0.5667
Metrics/racket_target/post_contact_ready_terminal_settlement_event: 0.0000
Metrics/racket_target/post_contact_ready_operational_ready_now: 0.0000
Metrics/racket_target/post_contact_ready_operational_consecutive_steps: 0.0000
Metrics/racket_target/post_contact_ready_safe_settlement_event: 0.0000
Metrics/racket_target/post_contact_ready_unsafe_settlement_event: 0.0000
Metrics/racket_target/post_contact_ready_incomplete_settlement_event: 0.0000
Metrics/racket_target/post_contact_ready_safe_net_cycle_event: 0.0000
Metrics/racket_target/post_contact_ready_terminal_quality_mean: 0.9240
Metrics/racket_target/post_contact_ready_safe_terminal_quality_mean: 0.9335
Metrics/racket_target/post_contact_ready_terminal_safe_rate: 0.7239
Metrics/racket_target/post_contact_ready_terminal_unsafe_rate: 0.0319
Metrics/racket_target/post_contact_ready_terminal_incomplete_rate: 0.2442
Metrics/racket_target/post_contact_ready_safe_net_cycle_rate: 0.7068
Metrics/racket_target/post_contact_ready_score: 0.7381
Metrics/racket_target/post_contact_ready_now: 0.0000
Metrics/racket_target/post_contact_ready_success_event: 0.0000
Metrics/racket_target/post_contact_ready_fail_event: 0.0000
Metrics/racket_target/post_contact_ready_outcome_tier: 0.2444
Metrics/racket_target/post_contact_ready_face_quality: 0.5055
Metrics/racket_target/post_contact_ready_safe_face_net_cycle_value: 0.0000
Metrics/racket_target/post_contact_ready_planner_speed_ratio: 0.5299
Metrics/racket_target/post_contact_ready_planner_direction_error_rad: 0.1583
Metrics/racket_target/post_contact_ready_planner_position_error: 0.0358
Metrics/racket_target/post_contact_ready_impact_health_score: 0.5860
Metrics/racket_target/post_contact_ready_peak_base_ang_vel: 0.8391
Metrics/racket_target/post_contact_ready_peak_ang_vel_excess_increment: 0.0000
Metrics/racket_target/post_contact_ready_envelope_violation_latch: 0.0352
Metrics/racket_target/post_contact_ready_envelope_violation_event: 0.0000
Metrics/racket_target/post_contact_ready_envelope_first_violation_step: -0.5195
Metrics/racket_target/post_contact_ready_envelope_attempts: 4041.3125
Metrics/racket_target/post_contact_ready_envelope_violation_rate: 0.0309
Metrics/racket_target/post_contact_ready_envelope_tilt_violation_rate: 0.0002
Metrics/racket_target/post_contact_ready_envelope_pitch_violation_rate: 0.0005
Metrics/racket_target/post_contact_ready_envelope_com_violation_rate: 0.0015
Metrics/racket_target/post_contact_ready_envelope_waist_violation_rate: 0.0000
Metrics/racket_target/post_contact_ready_envelope_leg_violation_rate: 0.0000
Metrics/racket_target/post_contact_ready_envelope_base_ang_vel_violation_rate: 0.0299
Metrics/racket_target/post_contact_ready_resolution_success_rate: 0.9791
Metrics/racket_target/post_contact_ready_resolution_fail_rate: 0.0121
Metrics/racket_target/post_contact_ready_resolution_success_latency_steps: 4.7698
Metrics/racket_target/post_contact_ready_resolution_fail_latency_steps: 8.7347
Metrics/racket_target/post_contact_ready_max_tilt: 0.1256
Metrics/racket_target/post_contact_ready_max_abs_pitch: 0.1253
Metrics/racket_target/post_contact_ready_max_com_x: 0.0132
Metrics/racket_target/post_contact_ready_max_com_y: 0.0169
Metrics/racket_target/post_contact_ready_max_waist_overflow: 0.0000
Metrics/racket_target/post_contact_ready_max_leg_overflow: 0.0000
Metrics/racket_target/post_contact_ready_settlement_velocity_score_ema: 0.6310
Metrics/racket_target/post_contact_ready_settlement_position_gate_ema: 0.7744
Metrics/racket_target/post_contact_ready_settlement_health_gate_ema: 0.9802
Metrics/racket_target/post_contact_ready_settlement_recovery_gate_ema: 0.4513
Metrics/racket_target/post_contact_ready_settlement_total_score_ema: 0.2151
Metrics/racket_target/post_contact_recovery_backlean_error: 0.0667
Metrics/racket_target/post_contact_recovery_directional_progress: 0.0000
Metrics/racket_target/post_contact_ready_torso_ok: 0.0461
Metrics/racket_target/post_contact_ready_motion_ok: 0.6485
Metrics/racket_target/post_contact_ready_support_ok: 0.9323
Metrics/racket_target/post_contact_ready_arm_ok: 1.0000
Metrics/racket_target/post_contact_ready_base_lin_vel_ok: 0.9505
Metrics/racket_target/post_contact_ready_base_ang_vel_ok: 0.8752
Metrics/racket_target/post_contact_ready_racket_speed_ok: 0.7352
Metrics/racket_target/post_contact_ready_height_ok: 0.9547
Metrics/racket_target/post_contact_ready_com_x_ok: 0.9323
Metrics/racket_target/post_contact_ready_com_y_ok: 0.9846
Metrics/racket_target/post_contact_ready_feet_ok: 0.9922
Metrics/racket_target/post_contact_ready_station_ok: 0.9505
Metrics/racket_target/post_contact_ready_fail_torso: 0.0000
Metrics/racket_target/post_contact_ready_fail_base_lin_vel: 0.0000
Metrics/racket_target/post_contact_ready_fail_base_ang_vel: 0.0000
Metrics/racket_target/post_contact_ready_fail_racket_speed: 0.0000
Metrics/racket_target/post_contact_ready_fail_support: 0.0000
Metrics/racket_target/post_contact_ready_fail_arm: 0.0000
Metrics/racket_target/post_contact_ready_shadow_now: 0.0000
Metrics/racket_target/post_contact_ready_shadow_consecutive_steps: 0.0000
Metrics/racket_target/post_contact_ready_shadow_success_latch: 0.0000
Metrics/racket_target/post_contact_ready_curriculum_level: 0.0000
Metrics/racket_target/post_contact_ready_curriculum_fraction: 1.0000
Metrics/racket_target/post_contact_ready_curriculum_success_ema: 0.0000
Metrics/racket_target/post_contact_ready_curriculum_shadow_success_ema: 0.0000
Metrics/racket_target/post_contact_ready_curriculum_resolved_events: 0.0000
Metrics/racket_target/post_contact_ready_curriculum_successful_events: 0.0000
Metrics/racket_target/post_contact_ready_curriculum_targeted_attempt_ema: 0.0000
Metrics/racket_target/post_contact_ready_curriculum_return_success_ema: 0.0000
Metrics/racket_target/post_contact_ready_curriculum_completed_swings: 0.0000
Metrics/racket_target/post_contact_ready_curriculum_advance_streak: 0.0000
Metrics/racket_target/post_contact_ready_curriculum_advance_guard_ok: 0.0000
Metrics/racket_target/post_contact_ready_effective_max_torso_ang_vel: 1.5000
Metrics/racket_target/post_contact_ready_effective_torso_x_min: -0.1200
Metrics/racket_target/post_contact_ready_effective_torso_x_max: 0.3200
Metrics/racket_target/post_contact_ready_effective_max_base_lin_vel: 0.4500
Metrics/racket_target/post_contact_ready_effective_max_base_ang_vel: 1.3000
Metrics/racket_target/post_contact_ready_effective_max_racket_speed: 3.0000
Metrics/racket_target/post_contact_ready_effective_min_feet_contact: 0.5000
Metrics/racket_target/post_contact_ready_effective_required_consecutive_steps: 3.0000
Metrics/racket_target/post_contact_ready_effective_deadline_steps: 40.0000
Metrics/racket_target/post_contact_ready_curriculum_advance_threshold: 1.0000
Metrics/racket_target/post_contact_ready_curriculum_advance_min_events: 0.0000
Metrics/racket_target/post_contact_ready_curriculum_shadow_threshold: 1.0000
Metrics/racket_target/post_contact_ready_curriculum_min_targeted_attempt_ema: 0.0000
Metrics/racket_target/post_contact_ready_curriculum_min_return_success_ema: 0.0000
Metrics/racket_target/post_contact_ready_curriculum_min_completed_swings: 1.0000
Metrics/racket_target/post_contact_ready_curriculum_required_advance_checks: 1.0000
Metrics/racket_target/racket_normal_error_deg: 60.9613
Metrics/racket_target/impact_normal_error_deg: 12.6774
Metrics/racket_target/impact_racket_vel_error_mps: 0.5610
Metrics/racket_target/impact_racket_speed_ratio: 0.7996
Metrics/racket_target/impact_racket_vel_angle_deg: 14.3150
Metrics/racket_target/impact_racket_actual_vel_x: 0.7812
Metrics/racket_target/impact_racket_actual_vel_y: 0.0006
Metrics/racket_target/impact_racket_actual_vel_z: 1.2008
Metrics/racket_target/impact_racket_target_vel_x: 1.1514
Metrics/racket_target/impact_racket_target_vel_y: -0.0541
Metrics/racket_target/impact_racket_target_vel_z: 1.2481
Metrics/racket_target/impact_ball_out_error_mps: 4.1214
Metrics/racket_target/impact_face_radial_error_m: 0.0560
Metrics/racket_target/impact_face_normal_gap_m: 0.0444
Metrics/racket_target/impact_face_quality: 0.6499
Metrics/racket_target/impact_center_contact: 0.0000
Metrics/racket_target/impact_center_net_cross: 0.0000
Metrics/racket_target/impact_center_on_opponent: 0.0000
Metrics/racket_target/impact_rim_contact: 0.0000
Metrics/racket_target/impact_rim_net_cross: 0.0000
Metrics/racket_target/impact_rim_on_opponent: 0.0000
Metrics/racket_target/impact_analytic_outer_contact: 0.0000
Metrics/racket_target/impact_analytic_outer_net_cross: 0.0000
Metrics/racket_target/impact_analytic_outer_on_opponent: 0.0000
Metrics/racket_target/impact_planner_pos_error_m: 0.0780
Metrics/racket_target/impact_planner_vel_error_mps: 0.5610
Metrics/racket_target/impact_planner_speed_ratio: 0.7996
Metrics/racket_target/impact_planner_vel_angle_deg: 14.3150
Metrics/racket_target/impact_healthy_normal_ok: 0.0000
Metrics/racket_target/impact_healthy_contact: 0.0000
Metrics/racket_target/impact_healthy_net_cross: 0.0000
Metrics/racket_target/impact_healthy_on_opponent: 0.0000
Metrics/racket_target/current_swing_impact_health_score: 0.5860
Metrics/racket_target/current_swing_healthy_contact: 0.6127
Metrics/racket_target/current_swing_healthy_net_cross: 0.6088
Metrics/racket_target/current_swing_healthy_on_opponent: 0.0229
Metrics/racket_target/current_swing_healthy_normal_ok: 0.8990
Metrics/racket_target/current_swing_contact: 0.6127
Metrics/racket_target/current_swing_net_cross: 0.6088
Metrics/racket_target/current_swing_on_opponent: 0.0229
Metrics/racket_target/current_swing_center_contact: 0.4702
Metrics/racket_target/current_swing_center_net_cross: 0.4663
Metrics/racket_target/current_swing_center_on_opponent: 0.0229
Metrics/racket_target/current_swing_rim_contact: 0.1013
Metrics/racket_target/current_swing_rim_net_cross: 0.1013
Metrics/racket_target/current_swing_rim_on_opponent: 0.0000
Metrics/racket_target/current_swing_analytic_outer_contact: 0.0411
Metrics/racket_target/current_swing_analytic_outer_net_cross: 0.0411
Metrics/racket_target/current_swing_analytic_outer_on_opponent: 0.0000
Metrics/racket_target/cycle_v2_outcome_tier: -1.0000
Metrics/racket_target/cycle_v2_streak: 0.0000
Metrics/racket_target/closed_loop_recovery_trigger_event: 0.0000
Metrics/racket_target/closed_loop_cycle_success_event: 0.0000
Metrics/racket_target/closed_loop_durable_cycle_success_event: 0.0000
Metrics/racket_target/closed_loop_phase_id: 1.8549
Metrics/racket_target/closed_loop_phase_ready_no_command: 0.0596
Metrics/racket_target/closed_loop_phase_command_acquire: 0.0440
Metrics/racket_target/closed_loop_phase_pre_strike: 0.8833
Metrics/racket_target/closed_loop_phase_strike: 0.0078
Metrics/racket_target/closed_loop_phase_follow_through: 0.0052
Metrics/racket_target/closed_loop_phase_recovery: 0.0000
Metrics/racket_target/closed_loop_phase_next_ready: 0.0000
Metrics/racket_target/post_contact_phase_impact_0_100ms_attempts: 4041.3125
Metrics/racket_target/post_contact_phase_impact_0_100ms_tilt_gt_0p1_rate: 1.0000
Metrics/racket_target/post_contact_phase_impact_0_100ms_pitch_gt_0p1_rate: 1.0000
Metrics/racket_target/post_contact_phase_impact_0_100ms_waist_overflow_gt_1p0_rate: 0.0000
Metrics/racket_target/post_contact_phase_impact_0_100ms_base_ang_vel_gt_0p8_rate: 0.9830
Metrics/racket_target/post_contact_phase_brake_100_300ms_attempts: 3961.0938
Metrics/racket_target/post_contact_phase_brake_100_300ms_tilt_gt_0p1_rate: 0.9970
Metrics/racket_target/post_contact_phase_brake_100_300ms_pitch_gt_0p1_rate: 0.9949
Metrics/racket_target/post_contact_phase_brake_100_300ms_waist_overflow_gt_1p0_rate: 0.0000
Metrics/racket_target/post_contact_phase_brake_100_300ms_base_ang_vel_gt_0p8_rate: 0.9946
Metrics/racket_target/post_contact_phase_settle_300_600ms_attempts: 3809.6562
Metrics/racket_target/post_contact_phase_settle_300_600ms_tilt_gt_0p1_rate: 0.8198
Metrics/racket_target/post_contact_phase_settle_300_600ms_pitch_gt_0p1_rate: 0.7681
Metrics/racket_target/post_contact_phase_settle_300_600ms_waist_overflow_gt_1p0_rate: 0.0000
Metrics/racket_target/post_contact_phase_settle_300_600ms_base_ang_vel_gt_0p8_rate: 0.9899
Metrics/racket_target/post_contact_phase_ready_after_600ms_attempts: 3565.1875
Metrics/racket_target/post_contact_phase_ready_after_600ms_tilt_gt_0p1_rate: 0.5392
Metrics/racket_target/post_contact_phase_ready_after_600ms_pitch_gt_0p1_rate: 0.4500
Metrics/racket_target/post_contact_phase_ready_after_600ms_waist_overflow_gt_1p0_rate: 0.0000
Metrics/racket_target/post_contact_phase_ready_after_600ms_base_ang_vel_gt_0p8_rate: 0.9339
Metrics/racket_target/base_pitch_like_signed: -0.0590
Metrics/racket_target/base_backward_velocity: 0.0559
Metrics/racket_target/waist_action_rms: 0.3239
Metrics/racket_target/right_arm_action_rms: 2.7040
Metrics/racket_target/leg_action_rms: 0.4140
Metrics/racket_target/action_abs_max: 5.3363
Metrics/racket_target/applied_action_abs_max: 4.9599
Metrics/racket_target/leg_action_abs_max: 0.8214
Metrics/racket_target/effective_action_abs_max: 4.9294
Metrics/racket_target/action_clamp_fraction: 0.0022
Metrics/racket_target/waist_action_clamp_fraction: 0.0000
Metrics/racket_target/right_arm_action_clamp_fraction: 0.0037
Metrics/racket_target/leg_action_clamp_fraction: 0.0035
Metrics/racket_target/waist_q_tracking_error_rms: 0.3482
Metrics/racket_target/right_arm_q_tracking_error_rms: 0.1810
Metrics/racket_target/leg_q_tracking_error_rms: 0.1866
Metrics/racket_target/waist_torque_clip_fraction: 0.0000
Metrics/racket_target/right_arm_torque_clip_fraction: 0.0000
Metrics/racket_target/leg_torque_clip_fraction: 0.0000
Metrics/racket_target/waist_action_delta_rms: 0.1379
Metrics/racket_target/right_arm_action_delta_rms: 0.9073
Metrics/racket_target/leg_action_delta_rms: 0.2385
Metrics/racket_target/waist_joint_vel_rms: 0.6684
Metrics/racket_target/right_arm_joint_vel_rms: 1.5339
Metrics/racket_target/leg_joint_vel_rms: 0.6406
Metrics/racket_target/recovery_leg_action_abs_max: 0.7606
Metrics/racket_target/recovery_leg_action_delta_rms: 0.2247
Metrics/racket_target/recovery_leg_joint_vel_rms: 0.5806
      Episode_Termination/time_out: 3.7188
  Episode_Termination/base_too_low: 0.0312
   Episode_Termination/base_tilted: 0.2188
   Episode_Termination/table_touch: 0.0625
Episode_Termination/persistent_action_overflow: 0.0000
--------------------------------------------------------------------------------
                   Total timesteps: 983040
                    Iteration time: 2.26s
                      Time elapsed: 00:00:34
                               ETA: 00:00:13

################################################################################
                     [1m Learning iteration 1815/1820 [0m                     

                       Computation: 28567 steps/s (collection: 2.279s, learning 0.015s)
             Mean action noise std: 0.45
          Mean value_function loss: 0.0448
               Mean surrogate loss: -0.0000
                 Mean entropy loss: 2.8121
      Mean critic_only_warmup loss: 1.0000
                       Mean reward: 14.61
               Mean episode length: 474.94
 Episode_Reward/undesired_contacts: 0.0000
  Episode_Reward/feet_contact_slip: -0.0023
     Episode_Reward/table_no_touch: -0.0006
              Episode_Reward/alive: 0.0094
            Episode_Reward/upright: -0.0069
          Episode_Reward/imitation: 0.3907
    Episode_Reward/racket_position: 0.0724
Episode_Reward/backhand_racket_position: 0.0360
    Episode_Reward/racket_velocity: 0.0470
Episode_Reward/planner_racket_task_space_crossfade: 0.2965
Episode_Reward/exact_impact_planner_task_space_alignment: 0.0067
    Episode_Reward/blade_direction: 0.0433
Episode_Reward/health_gated_soft_ball_contact: 0.0474
Episode_Reward/health_gated_backhand_soft_ball_contact: 0.0334
Episode_Reward/health_gated_ball_contact: 0.0083
Episode_Reward/healthy_trunk_support: 0.0694
Episode_Reward/targeted_strike_attempt: 0.0108
  Episode_Reward/strike_inactivity: -0.0000
 Episode_Reward/pre_strike_station: 0.0684
    Episode_Reward/recovery_health: 0.0593
Episode_Reward/no_command_ready_stability: 0.0013
Episode_Reward/post_strike_base_ang_vel: 0.0115
Episode_Reward/phase_action_overflow: -0.0001
     Episode_Reward/strike_balance: 0.0278
Episode_Reward/prestrike_station_progress: 0.0175
 Episode_Reward/lower_body_support: 0.0410
Episode_Reward/termination_penalty: -0.0106
Episode_Reward/phase_action_rate_waist: -0.0003
Episode_Reward/phase_action_rate_upper: -0.0067
Episode_Reward/phase_action_rate_legs: -0.0003
        Episode_Reward/joint_limit: -0.0375
Episode_Reward/prestrike_racket_progress: 0.1967
Episode_Reward/near_impact_planner_velocity_progress: 0.0428
Episode_Reward/operational_joint_margin: -0.0057
  Episode_Reward/joint_target_slew: -0.0326
Episode_Reward/actuator_waist_feasibility: -0.0000
Episode_Reward/actuator_right_arm_feasibility: -0.0000
Episode_Reward/actuator_leg_feasibility: -0.0000
Episode_Reward/terminal_quality_window: 0.0013
Episode_Reward/safe_terminal_quality: 0.0023
Episode_Reward/unsafe_terminal_recovery: -0.0001
Episode_Reward/capability_gated_safe_terminal_outcome: 0.0160
Episode_Reward/targeted_contact_miss: -0.0030
    Metrics/motion/error_joint_pos: 2.1928
    Metrics/motion/error_joint_vel: 7.0812
     Metrics/motion/error_body_pos: 0.1405
     Metrics/motion/error_body_rot: 0.7706
       Metrics/motion/motion_phase: 0.2791
            Metrics/motion/in_hold: 0.4467
Metrics/motion/motion_start_warmup_prob: 0.8000
Metrics/motion/motion_start_lifecycle_progress: 0.0000
Metrics/motion/motion_start_effective_prestrike_fraction: 1.0000
Metrics/motion/motion_start_effective_recovery_fraction: 0.0000
Metrics/motion/motion_start_effective_rsi_fraction: 0.0000
 Metrics/motion/motion_start_reset: 0.0165
Metrics/motion/motion_start_prestrike_reset: 0.0000
Metrics/motion/motion_start_recovery_reset: 0.0000
Metrics/motion/motion_start_rsi_reset: 0.0000
 Metrics/motion/single_cycle_reset: 0.0000
     Metrics/motion/motion_clip_id: 0.6547
Metrics/motion/motion_supplemental_clip: 0.0000
      Metrics/motion/stand_episode: 0.0234
Metrics/motion/default_stand_reset: 0.0286
Metrics/motion/error_body_pos_lower: 0.1523
Metrics/motion/error_body_rot_lower: 0.8236
Metrics/motion/error_body_lin_vel_lower: 0.1634
Metrics/motion/error_body_ang_vel_lower: 0.8677
Metrics/motion/reference_body_lin_speed_lower: 0.0198
Metrics/motion/robot_body_lin_speed_lower: 0.1533
Metrics/motion/error_body_pos_core: 0.0567
Metrics/motion/error_body_rot_core: 0.4772
Metrics/motion/error_body_lin_vel_core: 0.2456
Metrics/motion/error_body_ang_vel_core: 1.4036
Metrics/motion/reference_body_lin_speed_core: 0.0097
Metrics/motion/robot_body_lin_speed_core: 0.2434
Metrics/motion/error_body_pos_upper: 0.1567
Metrics/motion/error_body_rot_upper: 0.8156
Metrics/motion/error_body_lin_vel_upper: 1.0305
Metrics/motion/error_body_ang_vel_upper: 3.2986
Metrics/motion/reference_body_lin_speed_upper: 0.0162
Metrics/motion/robot_body_lin_speed_upper: 1.0293
Metrics/motion/error_joint_pos_waist: 0.6778
Metrics/motion/error_joint_vel_waist: 1.7857
Metrics/motion/reference_joint_speed_waist: 0.0248
Metrics/motion/error_joint_pos_arms: 1.9330
Metrics/motion/error_joint_vel_arms: 6.1766
Metrics/motion/reference_joint_speed_arms: 0.0439
Metrics/motion/error_joint_pos_legs: 0.7016
Metrics/motion/error_joint_vel_legs: 2.5460
Metrics/motion/reference_joint_speed_legs: 0.0051
Metrics/racket_target/racket_pos_error: 0.1107
Metrics/racket_target/racket_vel_error: 1.3668
Metrics/racket_target/time_to_strike: 0.4189
Metrics/racket_target/return_success: 0.0237
Metrics/racket_target/prev_return_success: 0.0300
Metrics/racket_target/prev_net_cross: 0.5820
Metrics/racket_target/current_net_cross: 0.1120
Metrics/racket_target/racket_pos_curriculum_scale: 1.0000
Metrics/racket_target/impact_inverse_command_blend: 0.0000
Metrics/racket_target/steps_since_target_resample: 61.5469
Metrics/racket_target/recovery_height_error: 0.0381
Metrics/racket_target/recovery_upright_error: 0.1076
Metrics/racket_target/recovery_base_lin_vel: 0.2198
Metrics/racket_target/recovery_base_ang_vel: 0.9712
Metrics/racket_target/recovery_station_error: 0.0852
Metrics/racket_target/recovery_feet_contact_frac: 0.9884
Metrics/racket_target/recovery_racket_speed: 2.2789
Metrics/racket_target/recovery_height_score: 0.8652
Metrics/racket_target/recovery_upright_score: 0.8461
Metrics/racket_target/recovery_lin_vel_score: 0.6384
Metrics/racket_target/recovery_ang_vel_score: 0.3033
Metrics/racket_target/recovery_station_score: 0.8612
Metrics/racket_target/recovery_racket_score: 0.0663
Metrics/racket_target/recovery_arm_score: 0.4570
Metrics/racket_target/recovery_ready_score: 0.6815
Metrics/racket_target/recovery_anchor_arm_score: 1.0000
Metrics/racket_target/recovery_core_ready_score: 0.5735
Metrics/racket_target/recovery_functional_ready_score: 0.4866
Metrics/racket_target/waist_action_overflow_rms: 0.0000
Metrics/racket_target/right_arm_action_overflow_rms: 0.0018
Metrics/racket_target/leg_action_overflow_rms: 0.0089
Metrics/racket_target/operational_margin_fraction: 0.0058
Metrics/racket_target/waist_operational_margin_fraction: 0.0021
Metrics/racket_target/right_arm_operational_margin_fraction: 0.0007
Metrics/racket_target/leg_operational_margin_fraction: 0.0141
Metrics/racket_target/waist_operational_excess_rms: 0.0002
Metrics/racket_target/right_arm_operational_excess_rms: 0.0002
Metrics/racket_target/leg_operational_excess_rms: 0.0056
Metrics/racket_target/q_des_velocity_violation_fraction: 0.0840
Metrics/racket_target/waist_q_des_velocity_violation_fraction: 0.0245
Metrics/racket_target/right_arm_q_des_velocity_violation_fraction: 0.1113
Metrics/racket_target/leg_q_des_velocity_violation_fraction: 0.1051
Metrics/racket_target/q_des_acceleration_violation_fraction: 0.7109
Metrics/racket_target/waist_q_des_acceleration_violation_fraction: 0.6076
Metrics/racket_target/right_arm_q_des_acceleration_violation_fraction: 0.8244
Metrics/racket_target/leg_q_des_acceleration_violation_fraction: 0.7659
Metrics/racket_target/waist_q_des_velocity_rms: 4.0967
Metrics/racket_target/right_arm_q_des_velocity_rms: 8.4558
Metrics/racket_target/leg_q_des_velocity_rms: 7.2858
Metrics/racket_target/waist_q_des_acceleration_rms: 305.1551
Metrics/racket_target/right_arm_q_des_acceleration_rms: 692.3452
Metrics/racket_target/leg_q_des_acceleration_rms: 606.2581
Metrics/racket_target/action_operational_feasibility_score: 0.9368
Metrics/racket_target/actuator_overflow_consecutive_steps: 0.0000
Metrics/racket_target/actuator_overflow_severe: 0.0000
Metrics/racket_target/recovery_phase_gate: 0.8973
Metrics/racket_target/recovery_phase_ready_score: 0.6142
Metrics/racket_target/recovery_contact_ready_score: 0.0870
Metrics/racket_target/recovery_net_ready_score: 0.0845
Metrics/racket_target/recovery_return_ready_score: 0.0000
Metrics/racket_target/cycle_success_ready_score: 0.0116
Metrics/racket_target/cycle_success_soft: 0.0076
Metrics/racket_target/cycle_success_binary: 0.0052
Metrics/racket_target/cycle_v2_pending: 0.0000
Metrics/racket_target/cycle_v2_attempt_latch: 0.0000
Metrics/racket_target/cycle_v2_ready_success_latch: 0.0000
Metrics/racket_target/cycle_v2_ready_fail_latch: 0.0000
Metrics/racket_target/cycle_v2_attempt_event: 0.0000
Metrics/racket_target/cycle_v2_ready_success_event: 0.0000
Metrics/racket_target/cycle_v2_ready_fail_event: 0.0000
Metrics/racket_target/cycle_v2_unresolved_resample_fail_event: 0.0000
Metrics/racket_target/cycle_v2_resolved_event: 0.0000
Metrics/racket_target/cycle_v2_command_visible_steps: 0.0000
Metrics/racket_target/cycle_v2_elapsed_steps: 0.0000
Metrics/racket_target/cycle_v2_ready_score: 0.0000
Metrics/racket_target/cycle_v2_ready_ok: 0.0000
Metrics/racket_target/cycle_v2_visible: 0.0000
Metrics/racket_target/cycle_v2_ready_score_ok: 0.0000
Metrics/racket_target/cycle_v2_height_ok: 0.0000
Metrics/racket_target/cycle_v2_upright_ok: 0.0000
Metrics/racket_target/cycle_v2_base_lin_vel_ok: 0.0000
Metrics/racket_target/cycle_v2_base_ang_vel_ok: 0.0000
Metrics/racket_target/cycle_v2_feet_ok: 0.0000
Metrics/racket_target/cycle_v2_core_ready_ok: 0.0000
Metrics/racket_target/cycle_v2_ready_consecutive_steps: 0.0000
Metrics/racket_target/single_cycle_bootstrap: 0.0000
Metrics/racket_target/single_cycle_swing_completed: 0.0000
Metrics/racket_target/single_cycle_recovery_active: 0.0000
Metrics/racket_target/single_cycle_recovery_elapsed_steps: 0.0000
Metrics/racket_target/single_cycle_ready_consecutive_steps: 0.0000
Metrics/racket_target/single_cycle_safe_timeout_event: 0.0000
Metrics/racket_target/single_cycle_deadline_timeout_event: 0.0000
Metrics/racket_target/single_cycle_timeout_latch: 0.0000
Metrics/racket_target/single_cycle_hard_failure_event: 0.0000
Metrics/racket_target/single_cycle_probability: 0.0000
Metrics/racket_target/single_cycle_curriculum_level: 0.0000
Metrics/racket_target/single_cycle_effective_deadline_steps: 100.0000
Metrics/racket_target/single_cycle_selected_events: 0.0000
Metrics/racket_target/single_cycle_completed_events: 0.0000
Metrics/racket_target/single_cycle_safe_timeout_events: 0.0000
Metrics/racket_target/single_cycle_deadline_timeout_events: 0.0000
Metrics/racket_target/single_cycle_hard_failure_events: 0.0000
Metrics/racket_target/active_ready_consecutive_steps: 0.0117
Metrics/racket_target/active_ready_success_event: 0.0000
Metrics/racket_target/active_ready_success_latch: 0.0000
Metrics/racket_target/active_ready_survival_steps: 0.0000
Metrics/racket_target/active_ready_survival_next_milestone: 0.0000
Metrics/racket_target/active_ready_survival_milestone_event: 0.0000
Metrics/racket_target/no_command_ready_active: 0.0466
Metrics/racket_target/no_command_from_stand_episode: 0.0234
Metrics/racket_target/no_command_from_default_stand_reset: 0.0234
Metrics/racket_target/no_command_ready_upright_ok: 0.0310
Metrics/racket_target/no_command_ready_motion_ok: 0.0039
Metrics/racket_target/no_command_ready_score: 0.0250
Metrics/racket_target/no_command_ready_progress: -0.0065
Metrics/racket_target/no_command_ready_station_error: 0.0085
Metrics/racket_target/no_command_ready_fixed_station_error: 0.0085
Metrics/racket_target/healthy_training_stage: 3.0000
Metrics/racket_target/healthy_stage_planted_rehearsal: 0.0000
Metrics/racket_target/healthy_stage_station_hold_seen: 0.0000
Metrics/racket_target/healthy_stage_station_arrived: 0.0000
Metrics/racket_target/healthy_stage_station_settled: 0.0000
Metrics/racket_target/healthy_stage_station_settle_steps: 0.0000
Metrics/racket_target/station_relocation_active: 0.0000
Metrics/racket_target/station_relocation_target_offset_y: 0.0000
Metrics/racket_target/station_relocation_error: 0.0000
Metrics/racket_target/station_relocation_arrival_event: 0.0000
Metrics/racket_target/station_relocation_settle_event: 0.0000
Metrics/racket_target/station_relocation_release_event: 0.0000
Metrics/racket_target/station_relocation_timeout_event: 0.0000
Metrics/racket_target/station_relocation_elapsed_steps: 0.0000
Metrics/racket_target/station_relocation_hold_deadline_steps: 0.0000
Metrics/racket_target/lifecycle_recovery_hold_active: 0.0000
Metrics/racket_target/lifecycle_recovery_release_success_event: 0.0000
Metrics/racket_target/lifecycle_recovery_release_fail_event: 0.0000
Metrics/racket_target/station_relocation_level: 0.0000
Metrics/racket_target/station_relocation_arrival_ema: 0.0000
Metrics/racket_target/station_relocation_settle_ema: 0.0000
Metrics/racket_target/station_relocation_contact_ema: 0.0000
Metrics/racket_target/station_relocation_safety_ema: 0.0000
Metrics/racket_target/station_relocation_resolved_events: 0.0000
Metrics/racket_target/station_relocation_terminal_reset_events: 0.0000
Metrics/racket_target/station_relocation_advance_streak: 0.0000
Metrics/racket_target/station_relocation_regress_streak: 0.0000
Metrics/racket_target/station_relocation_effective_max_lin_vel: 0.0000
Metrics/racket_target/station_relocation_effective_max_ang_vel: 0.0000
Metrics/racket_target/station_relocation_effective_min_settle_steps: 0.0000
Metrics/racket_target/ability_curriculum_level: 0.0000
Metrics/racket_target/ability_curriculum_scale: 1.0000
Metrics/racket_target/ability_curriculum_resolved_events: 646.9375
Metrics/racket_target/ability_curriculum_total_resolved_events: 4240.5625
Metrics/racket_target/ability_curriculum_advance_streak: 0.0000
Metrics/racket_target/ability_curriculum_regress_streak: 0.0000
Metrics/racket_target/ability_contact_ema: 0.6808
Metrics/racket_target/ability_net_ema: 0.6575
Metrics/racket_target/ability_success_ema: 0.0233
Metrics/racket_target/ability_recovery_ema: 0.8067
Metrics/racket_target/ability_cycle_ema: 0.0233
Metrics/racket_target/ability_cycle_attempt_ema: 0.0233
Metrics/racket_target/ability_cycle_resolved_ema: 0.0233
Metrics/racket_target/ability_forehand_contact_ema: 0.6879
Metrics/racket_target/ability_forehand_net_ema: 0.6445
Metrics/racket_target/ability_forehand_success_ema: 0.0245
Metrics/racket_target/ability_backhand_contact_ema: 0.6558
Metrics/racket_target/ability_backhand_net_ema: 0.6452
Metrics/racket_target/ability_backhand_success_ema: 0.0212
Metrics/racket_target/ability_attempt_ema: 1.0000
Metrics/racket_target/ability_targeted_attempt_ema: 0.9983
Metrics/racket_target/impact_health_floor_progress: 0.0000
Metrics/racket_target/ability_safety_ema: 0.9593
Metrics/racket_target/ability_station_saturation_ema: 0.0000
Metrics/racket_target/ability_healthy_normal_ema: 1.0000
Metrics/racket_target/ability_station_arrival_ema: 0.0000
Metrics/racket_target/ability_station_settle_ema: 0.0000
Metrics/racket_target/safe_outcome_capability_gate: 0.5364
Metrics/racket_target/planner_hit_plane_blend: 1.0000
Metrics/racket_target/planner_hit_plane_x_delta: 0.0370
Metrics/racket_target/true_strike_table_x: 0.2000
Metrics/racket_target/planner_target_table_x: 0.2000
Metrics/racket_target/workspace_level: 0.0000
Metrics/racket_target/workspace_fringe_sample: 0.0000
Metrics/racket_target/workspace_target_lateral_norm: 0.2817
Metrics/racket_target/workspace_target_table_y: -0.2036
Metrics/racket_target/workspace_playable_y_min: -0.7225
Metrics/racket_target/workspace_playable_y_max: 0.7225
Metrics/racket_target/workspace_active_y_lo: -0.2694
Metrics/racket_target/workspace_active_y_hi: -0.1385
Metrics/racket_target/workspace_motion_seed_blend: 0.0000
Metrics/racket_target/planner_perturb_curriculum_scale: 1.0000
Metrics/racket_target/incoming_ball_horizontal_speed: 2.2631
Metrics/racket_target/incoming_ball_speed: 4.6097
Metrics/racket_target/incoming_ball_speed_curriculum_level: 0.0000
Metrics/racket_target/incoming_ball_speed_sample_low: 0.0000
Metrics/racket_target/incoming_ball_speed_sample_high: 0.0000
Metrics/racket_target/station_saturated: 0.0000
Metrics/racket_target/station_raw_clip_excess: 0.0000
Metrics/racket_target/station_saturated_x: 0.0000
Metrics/racket_target/station_saturated_y: 0.0000
Metrics/racket_target/station_raw_clip_excess_x: 0.0000
Metrics/racket_target/station_raw_clip_excess_y: 0.0000
Metrics/racket_target/current_swing_opportunity: 0.2846
Metrics/racket_target/current_swing_attempt: 0.2846
Metrics/racket_target/current_swing_targeted_attempt: 0.2768
Metrics/racket_target/prev_swing_targeted_attempt: 0.9424
Metrics/racket_target/current_swing_unsafe: 0.0372
Metrics/racket_target/current_swing_station_saturated: 0.0000
Metrics/racket_target/impact_health_score: 0.8730
Metrics/racket_target/impact_health_ok: 0.8981
Metrics/racket_target/impact_health_backlean_violation: 0.0045
Metrics/racket_target/impact_health_waist_backfold: 0.0006
Metrics/racket_target/impact_health_base_retreat: 0.0264
Metrics/racket_target/impact_health_torso_gravity_x: 0.3716
Metrics/racket_target/impact_health_torso_ang_vel: 0.6053
Metrics/racket_target/impact_health_com_x: 0.0464
Metrics/racket_target/impact_health_com_y: 0.0251
Metrics/racket_target/post_contact_ready_pending: 0.0000
Metrics/racket_target/post_contact_ready_elapsed_steps: 0.6146
Metrics/racket_target/post_contact_ready_consecutive_steps: 0.0000
Metrics/racket_target/post_contact_ready_diagnostic_pending: 0.0000
Metrics/racket_target/post_contact_ready_diagnostic_elapsed_steps: 4.3872
Metrics/racket_target/post_contact_ready_durable_pending: 0.0000
Metrics/racket_target/post_contact_ready_durable_consecutive_steps: 0.0000
Metrics/racket_target/post_contact_ready_durable_ready_now: 0.0000
Metrics/racket_target/post_contact_ready_durable_success_event: 0.0000
Metrics/racket_target/post_contact_ready_durable_fail_event: 0.0000
Metrics/racket_target/post_contact_ready_durable_resolution_success_rate: 0.2513
Metrics/racket_target/post_contact_ready_durable_resolution_fail_rate: 0.6820
Metrics/racket_target/post_contact_ready_durable_resolution_success_latency_steps: 35.0000
Metrics/racket_target/post_contact_ready_durable_resolution_fail_latency_steps: 33.1800
Metrics/racket_target/post_contact_ready_durable_fail_backlean_rate: 0.0634
Metrics/racket_target/post_contact_ready_durable_fail_forward_lean_rate: 0.8659
Metrics/racket_target/post_contact_ready_durable_fail_torso_ang_vel_rate: 0.0637
Metrics/racket_target/post_contact_ready_durable_fail_base_lin_vel_rate: 0.0647
Metrics/racket_target/post_contact_ready_durable_fail_base_ang_vel_rate: 0.4008
Metrics/racket_target/post_contact_ready_durable_fail_racket_speed_rate: 0.0634
Metrics/racket_target/post_contact_ready_durable_fail_height_rate: 0.0637
Metrics/racket_target/post_contact_ready_durable_fail_com_x_rate: 0.0661
Metrics/racket_target/post_contact_ready_durable_fail_com_y_rate: 0.0637
Metrics/racket_target/post_contact_ready_durable_fail_feet_rate: 0.0634
Metrics/racket_target/post_contact_ready_durable_fail_station_rate: 0.0644
Metrics/racket_target/post_contact_ready_durable_fail_arm_rate: 0.0634
Metrics/racket_target/post_contact_ready_terminal_window_active: 0.0000
Metrics/racket_target/post_contact_ready_terminal_quality: 0.0956
Metrics/racket_target/post_contact_ready_terminal_settlement_event: 0.0000
Metrics/racket_target/post_contact_ready_operational_ready_now: 0.0000
Metrics/racket_target/post_contact_ready_operational_consecutive_steps: 0.0000
Metrics/racket_target/post_contact_ready_safe_settlement_event: 0.0000
Metrics/racket_target/post_contact_ready_unsafe_settlement_event: 0.0000
Metrics/racket_target/post_contact_ready_incomplete_settlement_event: 0.0000
Metrics/racket_target/post_contact_ready_safe_net_cycle_event: 0.0000
Metrics/racket_target/post_contact_ready_terminal_quality_mean: 0.9244
Metrics/racket_target/post_contact_ready_safe_terminal_quality_mean: 0.9338
Metrics/racket_target/post_contact_ready_terminal_safe_rate: 0.7236
Metrics/racket_target/post_contact_ready_terminal_unsafe_rate: 0.0311
Metrics/racket_target/post_contact_ready_terminal_incomplete_rate: 0.2453
Metrics/racket_target/post_contact_ready_safe_net_cycle_rate: 0.7064
Metrics/racket_target/post_contact_ready_score: 0.6517
Metrics/racket_target/post_contact_ready_now: 0.0000
Metrics/racket_target/post_contact_ready_success_event: 0.0000
Metrics/racket_target/post_contact_ready_fail_event: 0.0000
Metrics/racket_target/post_contact_ready_outcome_tier: -0.7726
Metrics/racket_target/post_contact_ready_face_quality: 0.0826
Metrics/racket_target/post_contact_ready_safe_face_net_cycle_value: 0.0000
Metrics/racket_target/post_contact_ready_planner_speed_ratio: 0.0766
Metrics/racket_target/post_contact_ready_planner_direction_error_rad: 0.0297
Metrics/racket_target/post_contact_ready_planner_position_error: 0.0071
Metrics/racket_target/post_contact_ready_impact_health_score: 0.0977
Metrics/racket_target/post_contact_ready_peak_base_ang_vel: 0.1495
Metrics/racket_target/post_contact_ready_peak_ang_vel_excess_increment: 0.0000
Metrics/racket_target/post_contact_ready_envelope_violation_latch: 0.0000
Metrics/racket_target/post_contact_ready_envelope_violation_event: 0.0000
Metrics/racket_target/post_contact_ready_envelope_first_violation_step: -1.0000
Metrics/racket_target/post_contact_ready_envelope_attempts: 4305.1562
Metrics/racket_target/post_contact_ready_envelope_violation_rate: 0.0311
Metrics/racket_target/post_contact_ready_envelope_tilt_violation_rate: 0.0002
Metrics/racket_target/post_contact_ready_envelope_pitch_violation_rate: 0.0005
Metrics/racket_target/post_contact_ready_envelope_com_violation_rate: 0.0014
Metrics/racket_target/post_contact_ready_envelope_waist_violation_rate: 0.0000
Metrics/racket_target/post_contact_ready_envelope_leg_violation_rate: 0.0000
Metrics/racket_target/post_contact_ready_envelope_base_ang_vel_violation_rate: 0.0302
Metrics/racket_target/post_contact_ready_resolution_success_rate: 0.9794
Metrics/racket_target/post_contact_ready_resolution_fail_rate: 0.0114
Metrics/racket_target/post_contact_ready_resolution_success_latency_steps: 4.7575
Metrics/racket_target/post_contact_ready_resolution_fail_latency_steps: 8.7347
Metrics/racket_target/post_contact_ready_max_tilt: 0.0219
Metrics/racket_target/post_contact_ready_max_abs_pitch: 0.0218
Metrics/racket_target/post_contact_ready_max_com_x: 0.0029
Metrics/racket_target/post_contact_ready_max_com_y: 0.0026
Metrics/racket_target/post_contact_ready_max_waist_overflow: 0.0000
Metrics/racket_target/post_contact_ready_max_leg_overflow: 0.0000
Metrics/racket_target/post_contact_ready_settlement_velocity_score_ema: 0.6384
Metrics/racket_target/post_contact_ready_settlement_position_gate_ema: 0.7784
Metrics/racket_target/post_contact_ready_settlement_health_gate_ema: 0.9789
Metrics/racket_target/post_contact_ready_settlement_recovery_gate_ema: 0.4353
Metrics/racket_target/post_contact_ready_settlement_total_score_ema: 0.2105
Metrics/racket_target/post_contact_recovery_backlean_error: 0.0721
Metrics/racket_target/post_contact_recovery_directional_progress: 0.0000
Metrics/racket_target/post_contact_ready_torso_ok: 0.0648
Metrics/racket_target/post_contact_ready_motion_ok: 0.5611
Metrics/racket_target/post_contact_ready_support_ok: 0.9120
Metrics/racket_target/post_contact_ready_arm_ok: 1.0000
Metrics/racket_target/post_contact_ready_base_lin_vel_ok: 0.9085
Metrics/racket_target/post_contact_ready_base_ang_vel_ok: 0.8068
Metrics/racket_target/post_contact_ready_racket_speed_ok: 0.7222
Metrics/racket_target/post_contact_ready_height_ok: 0.9628
Metrics/racket_target/post_contact_ready_com_x_ok: 0.9120
Metrics/racket_target/post_contact_ready_com_y_ok: 0.9710
Metrics/racket_target/post_contact_ready_feet_ok: 1.0000
Metrics/racket_target/post_contact_ready_station_ok: 0.9120
Metrics/racket_target/post_contact_ready_fail_torso: 0.0000
Metrics/racket_target/post_contact_ready_fail_base_lin_vel: 0.0000
Metrics/racket_target/post_contact_ready_fail_base_ang_vel: 0.0000
Metrics/racket_target/post_contact_ready_fail_racket_speed: 0.0000
Metrics/racket_target/post_contact_ready_fail_support: 0.0000
Metrics/racket_target/post_contact_ready_fail_arm: 0.0000
Metrics/racket_target/post_contact_ready_shadow_now: 0.0000
Metrics/racket_target/post_contact_ready_shadow_consecutive_steps: 0.0000
Metrics/racket_target/post_contact_ready_shadow_success_latch: 0.0000
Metrics/racket_target/post_contact_ready_curriculum_level: 0.0000
Metrics/racket_target/post_contact_ready_curriculum_fraction: 1.0000
Metrics/racket_target/post_contact_ready_curriculum_success_ema: 0.0000
Metrics/racket_target/post_contact_ready_curriculum_shadow_success_ema: 0.0000
Metrics/racket_target/post_contact_ready_curriculum_resolved_events: 0.0000
Metrics/racket_target/post_contact_ready_curriculum_successful_events: 0.0000
Metrics/racket_target/post_contact_ready_curriculum_targeted_attempt_ema: 0.0000
Metrics/racket_target/post_contact_ready_curriculum_return_success_ema: 0.0000
Metrics/racket_target/post_contact_ready_curriculum_completed_swings: 0.0000
Metrics/racket_target/post_contact_ready_curriculum_advance_streak: 0.0000
Metrics/racket_target/post_contact_ready_curriculum_advance_guard_ok: 0.0000
Metrics/racket_target/post_contact_ready_effective_max_torso_ang_vel: 1.5000
Metrics/racket_target/post_contact_ready_effective_torso_x_min: -0.1200
Metrics/racket_target/post_contact_ready_effective_torso_x_max: 0.3200
Metrics/racket_target/post_contact_ready_effective_max_base_lin_vel: 0.4500
Metrics/racket_target/post_contact_ready_effective_max_base_ang_vel: 1.3000
Metrics/racket_target/post_contact_ready_effective_max_racket_speed: 3.0000
Metrics/racket_target/post_contact_ready_effective_min_feet_contact: 0.5000
Metrics/racket_target/post_contact_ready_effective_required_consecutive_steps: 3.0000
Metrics/racket_target/post_contact_ready_effective_deadline_steps: 40.0000
Metrics/racket_target/post_contact_ready_curriculum_advance_threshold: 1.0000
Metrics/racket_target/post_contact_ready_curriculum_advance_min_events: 0.0000
Metrics/racket_target/post_contact_ready_curriculum_shadow_threshold: 1.0000
Metrics/racket_target/post_contact_ready_curriculum_min_targeted_attempt_ema: 0.0000
Metrics/racket_target/post_contact_ready_curriculum_min_return_success_ema: 0.0000
Metrics/racket_target/post_contact_ready_curriculum_min_completed_swings: 1.0000
Metrics/racket_target/post_contact_ready_curriculum_required_advance_checks: 1.0000
Metrics/racket_target/racket_normal_error_deg: 66.7399
Metrics/racket_target/impact_normal_error_deg: 3.9529
Metrics/racket_target/impact_racket_vel_error_mps: 0.6366
Metrics/racket_target/impact_racket_speed_ratio: 0.8303
Metrics/racket_target/impact_racket_vel_angle_deg: 14.4549
Metrics/racket_target/impact_racket_actual_vel_x: 0.8896
Metrics/racket_target/impact_racket_actual_vel_y: 0.0305
Metrics/racket_target/impact_racket_actual_vel_z: 1.2662
Metrics/racket_target/impact_racket_target_vel_x: 1.2575
Metrics/racket_target/impact_racket_target_vel_y: -0.0389
Metrics/racket_target/impact_racket_target_vel_z: 1.3815
Metrics/racket_target/impact_ball_out_error_mps: 4.3658
Metrics/racket_target/impact_face_radial_error_m: 0.0606
Metrics/racket_target/impact_face_normal_gap_m: 0.0539
Metrics/racket_target/impact_face_quality: 0.6335
Metrics/racket_target/impact_center_contact: 0.0000
Metrics/racket_target/impact_center_net_cross: 0.0000
Metrics/racket_target/impact_center_on_opponent: 0.0000
Metrics/racket_target/impact_rim_contact: 0.0000
Metrics/racket_target/impact_rim_net_cross: 0.0000
Metrics/racket_target/impact_rim_on_opponent: 0.0000
Metrics/racket_target/impact_analytic_outer_contact: 0.0000
Metrics/racket_target/impact_analytic_outer_net_cross: 0.0000
Metrics/racket_target/impact_analytic_outer_on_opponent: 0.0000
Metrics/racket_target/impact_planner_pos_error_m: 0.0893
Metrics/racket_target/impact_planner_vel_error_mps: 0.6366
Metrics/racket_target/impact_planner_speed_ratio: 0.8303
Metrics/racket_target/impact_planner_vel_angle_deg: 14.4549
Metrics/racket_target/impact_healthy_normal_ok: 0.0000
Metrics/racket_target/impact_healthy_contact: 0.0000
Metrics/racket_target/impact_healthy_net_cross: 0.0000
Metrics/racket_target/impact_healthy_on_opponent: 0.0000
Metrics/racket_target/current_swing_impact_health_score: 0.0977
Metrics/racket_target/current_swing_healthy_contact: 0.1155
Metrics/racket_target/current_swing_healthy_net_cross: 0.1120
Metrics/racket_target/current_swing_healthy_on_opponent: 0.0000
Metrics/racket_target/current_swing_healthy_normal_ok: 0.2846
Metrics/racket_target/current_swing_contact: 0.1155
Metrics/racket_target/current_swing_net_cross: 0.1120
Metrics/racket_target/current_swing_on_opponent: 0.0000
Metrics/racket_target/current_swing_center_contact: 0.0884
Metrics/racket_target/current_swing_center_net_cross: 0.0849
Metrics/racket_target/current_swing_center_on_opponent: 0.0000
Metrics/racket_target/current_swing_rim_contact: 0.0219
Metrics/racket_target/current_swing_rim_net_cross: 0.0219
Metrics/racket_target/current_swing_rim_on_opponent: 0.0000
Metrics/racket_target/current_swing_analytic_outer_contact: 0.0052
Metrics/racket_target/current_swing_analytic_outer_net_cross: 0.0052
Metrics/racket_target/current_swing_analytic_outer_on_opponent: 0.0000
Metrics/racket_target/cycle_v2_outcome_tier: -1.0000
Metrics/racket_target/cycle_v2_streak: 0.0000
Metrics/racket_target/closed_loop_recovery_trigger_event: 0.0000
Metrics/racket_target/closed_loop_cycle_success_event: 0.0000
Metrics/racket_target/closed_loop_durable_cycle_success_event: 0.0000
Metrics/racket_target/closed_loop_phase_id: 1.2126
Metrics/racket_target/closed_loop_phase_ready_no_command: 0.0466
Metrics/racket_target/closed_loop_phase_command_acquire: 0.6942
Metrics/racket_target/closed_loop_phase_pre_strike: 0.2592
Metrics/racket_target/closed_loop_phase_strike: 0.0000
Metrics/racket_target/closed_loop_phase_follow_through: 0.0000
Metrics/racket_target/closed_loop_phase_recovery: 0.0000
Metrics/racket_target/closed_loop_phase_next_ready: 0.0000
Metrics/racket_target/post_contact_phase_impact_0_100ms_attempts: 4305.1562
Metrics/racket_target/post_contact_phase_impact_0_100ms_tilt_gt_0p1_rate: 1.0000
Metrics/racket_target/post_contact_phase_impact_0_100ms_pitch_gt_0p1_rate: 1.0000
Metrics/racket_target/post_contact_phase_impact_0_100ms_waist_overflow_gt_1p0_rate: 0.0000
Metrics/racket_target/post_contact_phase_impact_0_100ms_base_ang_vel_gt_0p8_rate: 0.9828
Metrics/racket_target/post_contact_phase_brake_100_300ms_attempts: 4222.9375
Metrics/racket_target/post_contact_phase_brake_100_300ms_tilt_gt_0p1_rate: 0.9970
Metrics/racket_target/post_contact_phase_brake_100_300ms_pitch_gt_0p1_rate: 0.9949
Metrics/racket_target/post_contact_phase_brake_100_300ms_waist_overflow_gt_1p0_rate: 0.0000
Metrics/racket_target/post_contact_phase_brake_100_300ms_base_ang_vel_gt_0p8_rate: 0.9943
Metrics/racket_target/post_contact_phase_settle_300_600ms_attempts: 4064.4688
Metrics/racket_target/post_contact_phase_settle_300_600ms_tilt_gt_0p1_rate: 0.8210
Metrics/racket_target/post_contact_phase_settle_300_600ms_pitch_gt_0p1_rate: 0.7704
Metrics/racket_target/post_contact_phase_settle_300_600ms_waist_overflow_gt_1p0_rate: 0.0000
Metrics/racket_target/post_contact_phase_settle_300_600ms_base_ang_vel_gt_0p8_rate: 0.9901
Metrics/racket_target/post_contact_phase_ready_after_600ms_attempts: 3793.7812
Metrics/racket_target/post_contact_phase_ready_after_600ms_tilt_gt_0p1_rate: 0.5420
Metrics/racket_target/post_contact_phase_ready_after_600ms_pitch_gt_0p1_rate: 0.4512
Metrics/racket_target/post_contact_phase_ready_after_600ms_waist_overflow_gt_1p0_rate: 0.0000
Metrics/racket_target/post_contact_phase_ready_after_600ms_base_ang_vel_gt_0p8_rate: 0.9345
Metrics/racket_target/base_pitch_like_signed: 0.0109
Metrics/racket_target/base_backward_velocity: 0.0399
Metrics/racket_target/waist_action_rms: 0.5459
Metrics/racket_target/right_arm_action_rms: 3.5017
Metrics/racket_target/leg_action_rms: 0.4798
Metrics/racket_target/action_abs_max: 6.9069
Metrics/racket_target/applied_action_abs_max: 6.7241
Metrics/racket_target/leg_action_abs_max: 0.9563
Metrics/racket_target/effective_action_abs_max: 6.7241
Metrics/racket_target/action_clamp_fraction: 0.0038
Metrics/racket_target/waist_action_clamp_fraction: 0.0000
Metrics/racket_target/right_arm_action_clamp_fraction: 0.0007
Metrics/racket_target/leg_action_clamp_fraction: 0.0094
Metrics/racket_target/waist_q_tracking_error_rms: 0.3484
Metrics/racket_target/right_arm_q_tracking_error_rms: 0.2113
Metrics/racket_target/leg_q_tracking_error_rms: 0.1901
Metrics/racket_target/waist_torque_clip_fraction: 0.0000
Metrics/racket_target/right_arm_torque_clip_fraction: 0.0000
Metrics/racket_target/leg_torque_clip_fraction: 0.0000
Metrics/racket_target/waist_action_delta_rms: 0.1690
Metrics/racket_target/right_arm_action_delta_rms: 0.9502
Metrics/racket_target/leg_action_delta_rms: 0.2752
Metrics/racket_target/waist_joint_vel_rms: 1.0299
Metrics/racket_target/right_arm_joint_vel_rms: 1.9414
Metrics/racket_target/leg_joint_vel_rms: 0.7344
Metrics/racket_target/recovery_leg_action_abs_max: 0.8413
Metrics/racket_target/recovery_leg_action_delta_rms: 0.2476
Metrics/racket_target/recovery_leg_joint_vel_rms: 0.6674
      Episode_Termination/time_out: 4.8438
  Episode_Termination/base_too_low: 0.0000
   Episode_Termination/base_tilted: 0.2500
   Episode_Termination/table_touch: 0.2188
Episode_Termination/persistent_action_overflow: 0.0000
--------------------------------------------------------------------------------
                   Total timesteps: 1048576
                    Iteration time: 2.29s
                      Time elapsed: 00:00:36
                               ETA: 00:00:11

################################################################################
                     [1m Learning iteration 1816/1820 [0m                     

                       Computation: 28990 steps/s (collection: 2.245s, learning 0.016s)
             Mean action noise std: 0.45
          Mean value_function loss: 0.1189
               Mean surrogate loss: -0.0000
                 Mean entropy loss: 2.8121
      Mean critic_only_warmup loss: 1.0000
                       Mean reward: 14.27
               Mean episode length: 469.68
 Episode_Reward/undesired_contacts: 0.0000
  Episode_Reward/feet_contact_slip: -0.0023
     Episode_Reward/table_no_touch: -0.0007
              Episode_Reward/alive: 0.0094
            Episode_Reward/upright: -0.0072
          Episode_Reward/imitation: 0.3783
    Episode_Reward/racket_position: 0.0714
Episode_Reward/backhand_racket_position: 0.0302
    Episode_Reward/racket_velocity: 0.0463
Episode_Reward/planner_racket_task_space_crossfade: 0.2895
Episode_Reward/exact_impact_planner_task_space_alignment: 0.0073
    Episode_Reward/blade_direction: 0.0424
Episode_Reward/health_gated_soft_ball_contact: 0.0465
Episode_Reward/health_gated_backhand_soft_ball_contact: 0.0277
Episode_Reward/health_gated_ball_contact: 0.0088
Episode_Reward/healthy_trunk_support: 0.0699
Episode_Reward/targeted_strike_attempt: 0.0105
  Episode_Reward/strike_inactivity: -0.0000
 Episode_Reward/pre_strike_station: 0.0710
    Episode_Reward/recovery_health: 0.0595
Episode_Reward/no_command_ready_stability: 0.0016
Episode_Reward/post_strike_base_ang_vel: 0.0112
Episode_Reward/phase_action_overflow: -0.0001
     Episode_Reward/strike_balance: 0.0268
Episode_Reward/prestrike_station_progress: 0.0148
 Episode_Reward/lower_body_support: 0.0400
Episode_Reward/termination_penalty: -0.0112
Episode_Reward/phase_action_rate_waist: -0.0003
Episode_Reward/phase_action_rate_upper: -0.0068
Episode_Reward/phase_action_rate_legs: -0.0003
        Episode_Reward/joint_limit: -0.0366
Episode_Reward/prestrike_racket_progress: 0.2003
Episode_Reward/near_impact_planner_velocity_progress: 0.0422
Episode_Reward/operational_joint_margin: -0.0053
  Episode_Reward/joint_target_slew: -0.0331
Episode_Reward/actuator_waist_feasibility: -0.0000
Episode_Reward/actuator_right_arm_feasibility: -0.0000
Episode_Reward/actuator_leg_feasibility: -0.0000
Episode_Reward/terminal_quality_window: 0.0014
Episode_Reward/safe_terminal_quality: 0.0024
Episode_Reward/unsafe_terminal_recovery: -0.0001
Episode_Reward/capability_gated_safe_terminal_outcome: 0.0167
Episode_Reward/targeted_contact_miss: -0.0025
    Metrics/motion/error_joint_pos: 2.2086
    Metrics/motion/error_joint_vel: 5.9871
     Metrics/motion/error_body_pos: 0.1444
     Metrics/motion/error_body_rot: 0.8352
       Metrics/motion/motion_phase: 0.1061
            Metrics/motion/in_hold: 0.4018
Metrics/motion/motion_start_warmup_prob: 0.8000
Metrics/motion/motion_start_lifecycle_progress: 0.0000
Metrics/motion/motion_start_effective_prestrike_fraction: 1.0000
Metrics/motion/motion_start_effective_recovery_fraction: 0.0000
Metrics/motion/motion_start_effective_rsi_fraction: 0.0000
 Metrics/motion/motion_start_reset: 0.0000
Metrics/motion/motion_start_prestrike_reset: 0.0000
Metrics/motion/motion_start_recovery_reset: 0.0000
Metrics/motion/motion_start_rsi_reset: 0.0000
 Metrics/motion/single_cycle_reset: 0.0000
     Metrics/motion/motion_clip_id: 0.4875
Metrics/motion/motion_supplemental_clip: 0.0000
      Metrics/motion/stand_episode: 0.0508
Metrics/motion/default_stand_reset: 0.0714
Metrics/motion/error_body_pos_lower: 0.1764
Metrics/motion/error_body_rot_lower: 1.0660
Metrics/motion/error_body_lin_vel_lower: 0.1720
Metrics/motion/error_body_ang_vel_lower: 0.8539
Metrics/motion/reference_body_lin_speed_lower: 0.0311
Metrics/motion/robot_body_lin_speed_lower: 0.1572
Metrics/motion/error_body_pos_core: 0.0596
Metrics/motion/error_body_rot_core: 0.5603
Metrics/motion/error_body_lin_vel_core: 0.2613
Metrics/motion/error_body_ang_vel_core: 1.0254
Metrics/motion/reference_body_lin_speed_core: 0.0154
Metrics/motion/robot_body_lin_speed_core: 0.2625
Metrics/motion/error_body_pos_upper: 0.1408
Metrics/motion/error_body_rot_upper: 0.6961
Metrics/motion/error_body_lin_vel_upper: 0.7537
Metrics/motion/error_body_ang_vel_upper: 2.6451
Metrics/motion/reference_body_lin_speed_upper: 0.0266
Metrics/motion/robot_body_lin_speed_upper: 0.7506
Metrics/motion/error_joint_pos_waist: 0.8499
Metrics/motion/error_joint_vel_waist: 1.2318
Metrics/motion/reference_joint_speed_waist: 0.0416
Metrics/motion/error_joint_pos_arms: 1.8910
Metrics/motion/error_joint_vel_arms: 5.1707
Metrics/motion/reference_joint_speed_arms: 0.0711
Metrics/motion/error_joint_pos_legs: 0.7088
Metrics/motion/error_joint_vel_legs: 2.4429
Metrics/motion/reference_joint_speed_legs: 0.0081
Metrics/racket_target/racket_pos_error: 0.1313
Metrics/racket_target/racket_vel_error: 1.3394
Metrics/racket_target/time_to_strike: 0.8661
Metrics/racket_target/return_success: 0.0031
Metrics/racket_target/prev_return_success: 0.0031
Metrics/racket_target/prev_net_cross: 0.5766
Metrics/racket_target/current_net_cross: 0.0456
Metrics/racket_target/racket_pos_curriculum_scale: 1.0000
Metrics/racket_target/impact_inverse_command_blend: 0.0000
Metrics/racket_target/steps_since_target_resample: 42.5198
Metrics/racket_target/recovery_height_error: 0.0429
Metrics/racket_target/recovery_upright_error: 0.1318
Metrics/racket_target/recovery_base_lin_vel: 0.2218
Metrics/racket_target/recovery_base_ang_vel: 0.9278
Metrics/racket_target/recovery_station_error: 0.0903
Metrics/racket_target/recovery_feet_contact_frac: 0.9773
Metrics/racket_target/recovery_racket_speed: 1.8967
Metrics/racket_target/recovery_height_score: 0.8499
Metrics/racket_target/recovery_upright_score: 0.8118
Metrics/racket_target/recovery_lin_vel_score: 0.6496
Metrics/racket_target/recovery_ang_vel_score: 0.3454
Metrics/racket_target/recovery_station_score: 0.8652
Metrics/racket_target/recovery_racket_score: 0.0687
Metrics/racket_target/recovery_arm_score: 0.5295
Metrics/racket_target/recovery_ready_score: 0.6834
Metrics/racket_target/recovery_anchor_arm_score: 1.0000
Metrics/racket_target/recovery_core_ready_score: 0.5732
Metrics/racket_target/recovery_functional_ready_score: 0.4873
Metrics/racket_target/waist_action_overflow_rms: 0.0014
Metrics/racket_target/right_arm_action_overflow_rms: 0.0006
Metrics/racket_target/leg_action_overflow_rms: 0.0044
Metrics/racket_target/operational_margin_fraction: 0.0058
Metrics/racket_target/waist_operational_margin_fraction: 0.0021
Metrics/racket_target/right_arm_operational_margin_fraction: 0.0011
Metrics/racket_target/leg_operational_margin_fraction: 0.0139
Metrics/racket_target/waist_operational_excess_rms: 0.0008
Metrics/racket_target/right_arm_operational_excess_rms: 0.0001
Metrics/racket_target/leg_operational_excess_rms: 0.0034
Metrics/racket_target/q_des_velocity_violation_fraction: 0.0730
Metrics/racket_target/waist_q_des_velocity_violation_fraction: 0.0021
Metrics/racket_target/right_arm_q_des_velocity_violation_fraction: 0.0720
Metrics/racket_target/leg_q_des_velocity_violation_fraction: 0.1091
Metrics/racket_target/q_des_acceleration_violation_fraction: 0.7180
Metrics/racket_target/waist_q_des_acceleration_violation_fraction: 0.6068
Metrics/racket_target/right_arm_q_des_acceleration_violation_fraction: 0.8312
Metrics/racket_target/leg_q_des_acceleration_violation_fraction: 0.7669
Metrics/racket_target/waist_q_des_velocity_rms: 3.6007
Metrics/racket_target/right_arm_q_des_velocity_rms: 7.6551
Metrics/racket_target/leg_q_des_velocity_rms: 7.0178
Metrics/racket_target/waist_q_des_acceleration_rms: 307.9600
Metrics/racket_target/right_arm_q_des_acceleration_rms: 677.8209
Metrics/racket_target/leg_q_des_acceleration_rms: 594.5985
Metrics/racket_target/action_operational_feasibility_score: 0.9545
Metrics/racket_target/actuator_overflow_consecutive_steps: 0.0000
Metrics/racket_target/actuator_overflow_severe: 0.0000
Metrics/racket_target/recovery_phase_gate: 0.7693
Metrics/racket_target/recovery_phase_ready_score: 0.5368
Metrics/racket_target/recovery_contact_ready_score: 0.0290
Metrics/racket_target/recovery_net_ready_score: 0.0290
Metrics/racket_target/recovery_return_ready_score: 0.0000
Metrics/racket_target/cycle_success_ready_score: 0.0023
Metrics/racket_target/cycle_success_soft: 0.0016
Metrics/racket_target/cycle_success_binary: 0.0031
Metrics/racket_target/cycle_v2_pending: 0.0000
Metrics/racket_target/cycle_v2_attempt_latch: 0.0000
Metrics/racket_target/cycle_v2_ready_success_latch: 0.0000
Metrics/racket_target/cycle_v2_ready_fail_latch: 0.0000
Metrics/racket_target/cycle_v2_attempt_event: 0.0000
Metrics/racket_target/cycle_v2_ready_success_event: 0.0000
Metrics/racket_target/cycle_v2_ready_fail_event: 0.0000
Metrics/racket_target/cycle_v2_unresolved_resample_fail_event: 0.0000
Metrics/racket_target/cycle_v2_resolved_event: 0.0000
Metrics/racket_target/cycle_v2_command_visible_steps: 0.0000
Metrics/racket_target/cycle_v2_elapsed_steps: 0.0000
Metrics/racket_target/cycle_v2_ready_score: 0.0000
Metrics/racket_target/cycle_v2_ready_ok: 0.0000
Metrics/racket_target/cycle_v2_visible: 0.0000
Metrics/racket_target/cycle_v2_ready_score_ok: 0.0000
Metrics/racket_target/cycle_v2_height_ok: 0.0000
Metrics/racket_target/cycle_v2_upright_ok: 0.0000
Metrics/racket_target/cycle_v2_base_lin_vel_ok: 0.0000
Metrics/racket_target/cycle_v2_base_ang_vel_ok: 0.0000
Metrics/racket_target/cycle_v2_feet_ok: 0.0000
Metrics/racket_target/cycle_v2_core_ready_ok: 0.0000
Metrics/racket_target/cycle_v2_ready_consecutive_steps: 0.0000
Metrics/racket_target/single_cycle_bootstrap: 0.0000
Metrics/racket_target/single_cycle_swing_completed: 0.0000
Metrics/racket_target/single_cycle_recovery_active: 0.0000
Metrics/racket_target/single_cycle_recovery_elapsed_steps: 0.0000
Metrics/racket_target/single_cycle_ready_consecutive_steps: 0.0000
Metrics/racket_target/single_cycle_safe_timeout_event: 0.0000
Metrics/racket_target/single_cycle_deadline_timeout_event: 0.0000
Metrics/racket_target/single_cycle_timeout_latch: 0.0000
Metrics/racket_target/single_cycle_hard_failure_event: 0.0000
Metrics/racket_target/single_cycle_probability: 0.0000
Metrics/racket_target/single_cycle_curriculum_level: 0.0000
Metrics/racket_target/single_cycle_effective_deadline_steps: 100.0000
Metrics/racket_target/single_cycle_selected_events: 0.0000
Metrics/racket_target/single_cycle_completed_events: 0.0000
Metrics/racket_target/single_cycle_safe_timeout_events: 0.0000
Metrics/racket_target/single_cycle_deadline_timeout_events: 0.0000
Metrics/racket_target/single_cycle_hard_failure_events: 0.0000
Metrics/racket_target/active_ready_consecutive_steps: 0.0104
Metrics/racket_target/active_ready_success_event: 0.0000
Metrics/racket_target/active_ready_success_latch: 0.0000
Metrics/racket_target/active_ready_survival_steps: 0.0000
Metrics/racket_target/active_ready_survival_next_milestone: 0.0000
Metrics/racket_target/active_ready_survival_milestone_event: 0.0000
Metrics/racket_target/no_command_ready_active: 0.0651
Metrics/racket_target/no_command_from_stand_episode: 0.0508
Metrics/racket_target/no_command_from_default_stand_reset: 0.0508
Metrics/racket_target/no_command_ready_upright_ok: 0.0339
Metrics/racket_target/no_command_ready_motion_ok: 0.0143
Metrics/racket_target/no_command_ready_score: 0.0257
Metrics/racket_target/no_command_ready_progress: 0.0147
Metrics/racket_target/no_command_ready_station_error: 0.0273
Metrics/racket_target/no_command_ready_fixed_station_error: 0.0273
Metrics/racket_target/healthy_training_stage: 3.0000
Metrics/racket_target/healthy_stage_planted_rehearsal: 0.0000
Metrics/racket_target/healthy_stage_station_hold_seen: 0.0000
Metrics/racket_target/healthy_stage_station_arrived: 0.0000
Metrics/racket_target/healthy_stage_station_settled: 0.0000
Metrics/racket_target/healthy_stage_station_settle_steps: 0.0000
Metrics/racket_target/station_relocation_active: 0.0000
Metrics/racket_target/station_relocation_target_offset_y: 0.0000
Metrics/racket_target/station_relocation_error: 0.0000
Metrics/racket_target/station_relocation_arrival_event: 0.0000
Metrics/racket_target/station_relocation_settle_event: 0.0000
Metrics/racket_target/station_relocation_release_event: 0.0000
Metrics/racket_target/station_relocation_timeout_event: 0.0000
Metrics/racket_target/station_relocation_elapsed_steps: 0.0000
Metrics/racket_target/station_relocation_hold_deadline_steps: 0.0000
Metrics/racket_target/lifecycle_recovery_hold_active: 0.0000
Metrics/racket_target/lifecycle_recovery_release_success_event: 0.0000
Metrics/racket_target/lifecycle_recovery_release_fail_event: 0.0000
Metrics/racket_target/station_relocation_level: 0.0000
Metrics/racket_target/station_relocation_arrival_ema: 0.0000
Metrics/racket_target/station_relocation_settle_ema: 0.0000
Metrics/racket_target/station_relocation_contact_ema: 0.0000
Metrics/racket_target/station_relocation_safety_ema: 0.0000
Metrics/racket_target/station_relocation_resolved_events: 0.0000
Metrics/racket_target/station_relocation_terminal_reset_events: 0.0000
Metrics/racket_target/station_relocation_advance_streak: 0.0000
Metrics/racket_target/station_relocation_regress_streak: 0.0000
Metrics/racket_target/station_relocation_effective_max_lin_vel: 0.0000
Metrics/racket_target/station_relocation_effective_max_ang_vel: 0.0000
Metrics/racket_target/station_relocation_effective_min_settle_steps: 0.0000
Metrics/racket_target/ability_curriculum_level: 0.0000
Metrics/racket_target/ability_curriculum_scale: 1.0000
Metrics/racket_target/ability_curriculum_resolved_events: 493.9062
Metrics/racket_target/ability_curriculum_total_resolved_events: 4600.9062
Metrics/racket_target/ability_curriculum_advance_streak: 0.0000
Metrics/racket_target/ability_curriculum_regress_streak: 0.0000
Metrics/racket_target/ability_contact_ema: 0.6248
Metrics/racket_target/ability_net_ema: 0.6114
Metrics/racket_target/ability_success_ema: 0.0173
Metrics/racket_target/ability_recovery_ema: 0.8090
Metrics/racket_target/ability_cycle_ema: 0.0173
Metrics/racket_target/ability_cycle_attempt_ema: 0.0173
Metrics/racket_target/ability_cycle_resolved_ema: 0.0173
Metrics/racket_target/ability_forehand_contact_ema: 0.6585
Metrics/racket_target/ability_forehand_net_ema: 0.6359
Metrics/racket_target/ability_forehand_success_ema: 0.0159
Metrics/racket_target/ability_backhand_contact_ema: 0.5809
Metrics/racket_target/ability_backhand_net_ema: 0.5748
Metrics/racket_target/ability_backhand_success_ema: 0.0155
Metrics/racket_target/ability_attempt_ema: 1.0000
Metrics/racket_target/ability_targeted_attempt_ema: 0.9924
Metrics/racket_target/impact_health_floor_progress: 0.0000
Metrics/racket_target/ability_safety_ema: 0.9631
Metrics/racket_target/ability_station_saturation_ema: 0.0000
Metrics/racket_target/ability_healthy_normal_ema: 1.0000
Metrics/racket_target/ability_station_arrival_ema: 0.0000
Metrics/racket_target/ability_station_settle_ema: 0.0000
Metrics/racket_target/safe_outcome_capability_gate: 0.2619
Metrics/racket_target/planner_hit_plane_blend: 1.0000
Metrics/racket_target/planner_hit_plane_x_delta: 0.0355
Metrics/racket_target/true_strike_table_x: 0.2000
Metrics/racket_target/planner_target_table_x: 0.2000
Metrics/racket_target/workspace_level: 0.0000
Metrics/racket_target/workspace_fringe_sample: 0.0000
Metrics/racket_target/workspace_target_lateral_norm: 0.3670
Metrics/racket_target/workspace_target_table_y: -0.2652
Metrics/racket_target/workspace_playable_y_min: -0.7225
Metrics/racket_target/workspace_playable_y_max: 0.7225
Metrics/racket_target/workspace_active_y_lo: -0.3301
Metrics/racket_target/workspace_active_y_hi: -0.1947
Metrics/racket_target/workspace_motion_seed_blend: 0.0000
Metrics/racket_target/planner_perturb_curriculum_scale: 1.0000
Metrics/racket_target/incoming_ball_horizontal_speed: 2.2228
Metrics/racket_target/incoming_ball_speed: 4.5786
Metrics/racket_target/incoming_ball_speed_curriculum_level: 0.0000
Metrics/racket_target/incoming_ball_speed_sample_low: 0.0000
Metrics/racket_target/incoming_ball_speed_sample_high: 0.0000
Metrics/racket_target/station_saturated: 0.0000
Metrics/racket_target/station_raw_clip_excess: 0.0000
Metrics/racket_target/station_saturated_x: 0.0000
Metrics/racket_target/station_saturated_y: 0.0000
Metrics/racket_target/station_raw_clip_excess_x: 0.0000
Metrics/racket_target/station_raw_clip_excess_y: 0.0000
Metrics/racket_target/current_swing_opportunity: 0.0862
Metrics/racket_target/current_swing_attempt: 0.0862
Metrics/racket_target/current_swing_targeted_attempt: 0.0862
Metrics/racket_target/prev_swing_targeted_attempt: 0.9130
Metrics/racket_target/current_swing_unsafe: 0.0661
Metrics/racket_target/current_swing_station_saturated: 0.0000
Metrics/racket_target/impact_health_score: 0.8706
Metrics/racket_target/impact_health_ok: 0.8909
Metrics/racket_target/impact_health_backlean_violation: 0.0179
Metrics/racket_target/impact_health_waist_backfold: 0.0000
Metrics/racket_target/impact_health_base_retreat: 0.0448
Metrics/racket_target/impact_health_torso_gravity_x: 0.3123
Metrics/racket_target/impact_health_torso_ang_vel: 0.5218
Metrics/racket_target/impact_health_com_x: 0.0500
Metrics/racket_target/impact_health_com_y: 0.0289
Metrics/racket_target/post_contact_ready_pending: 0.0000
Metrics/racket_target/post_contact_ready_elapsed_steps: 0.3451
Metrics/racket_target/post_contact_ready_consecutive_steps: 0.0000
Metrics/racket_target/post_contact_ready_diagnostic_pending: 0.0000
Metrics/racket_target/post_contact_ready_diagnostic_elapsed_steps: 1.7318
Metrics/racket_target/post_contact_ready_durable_pending: 0.0000
Metrics/racket_target/post_contact_ready_durable_consecutive_steps: 0.0000
Metrics/racket_target/post_contact_ready_durable_ready_now: 0.0000
Metrics/racket_target/post_contact_ready_durable_success_event: 0.0000
Metrics/racket_target/post_contact_ready_durable_fail_event: 0.0000
Metrics/racket_target/post_contact_ready_durable_resolution_success_rate: 0.2533
Metrics/racket_target/post_contact_ready_durable_resolution_fail_rate: 0.6826
Metrics/racket_target/post_contact_ready_durable_resolution_success_latency_steps: 35.0000
Metrics/racket_target/post_contact_ready_durable_resolution_fail_latency_steps: 33.2884
Metrics/racket_target/post_contact_ready_durable_fail_backlean_rate: 0.0596
Metrics/racket_target/post_contact_ready_durable_fail_forward_lean_rate: 0.8655
Metrics/racket_target/post_contact_ready_durable_fail_torso_ang_vel_rate: 0.0599
Metrics/racket_target/post_contact_ready_durable_fail_base_lin_vel_rate: 0.0609
Metrics/racket_target/post_contact_ready_durable_fail_base_ang_vel_rate: 0.4006
Metrics/racket_target/post_contact_ready_durable_fail_racket_speed_rate: 0.0596
Metrics/racket_target/post_contact_ready_durable_fail_height_rate: 0.0599
Metrics/racket_target/post_contact_ready_durable_fail_com_x_rate: 0.0622
Metrics/racket_target/post_contact_ready_durable_fail_com_y_rate: 0.0599
Metrics/racket_target/post_contact_ready_durable_fail_feet_rate: 0.0596
Metrics/racket_target/post_contact_ready_durable_fail_station_rate: 0.0606
Metrics/racket_target/post_contact_ready_durable_fail_arm_rate: 0.0596
Metrics/racket_target/post_contact_ready_terminal_window_active: 0.0000
Metrics/racket_target/post_contact_ready_terminal_quality: 0.0377
Metrics/racket_target/post_contact_ready_terminal_settlement_event: 0.0000
Metrics/racket_target/post_contact_ready_operational_ready_now: 0.0000
Metrics/racket_target/post_contact_ready_operational_consecutive_steps: 0.0000
Metrics/racket_target/post_contact_ready_safe_settlement_event: 0.0000
Metrics/racket_target/post_contact_ready_unsafe_settlement_event: 0.0000
Metrics/racket_target/post_contact_ready_incomplete_settlement_event: 0.0000
Metrics/racket_target/post_contact_ready_safe_net_cycle_event: 0.0000
Metrics/racket_target/post_contact_ready_terminal_quality_mean: 0.9245
Metrics/racket_target/post_contact_ready_safe_terminal_quality_mean: 0.9339
Metrics/racket_target/post_contact_ready_terminal_safe_rate: 0.7218
Metrics/racket_target/post_contact_ready_terminal_unsafe_rate: 0.0310
Metrics/racket_target/post_contact_ready_terminal_incomplete_rate: 0.2473
Metrics/racket_target/post_contact_ready_safe_net_cycle_rate: 0.7047
Metrics/racket_target/post_contact_ready_score: 0.7410
Metrics/racket_target/post_contact_ready_now: 0.0000
Metrics/racket_target/post_contact_ready_success_event: 0.0000
Metrics/racket_target/post_contact_ready_fail_event: 0.0000
Metrics/racket_target/post_contact_ready_outcome_tier: -0.9089
Metrics/racket_target/post_contact_ready_face_quality: 0.0453
Metrics/racket_target/post_contact_ready_safe_face_net_cycle_value: 0.0000
Metrics/racket_target/post_contact_ready_planner_speed_ratio: 0.0451
Metrics/racket_target/post_contact_ready_planner_direction_error_rad: 0.0111
Metrics/racket_target/post_contact_ready_planner_position_error: 0.0027
Metrics/racket_target/post_contact_ready_impact_health_score: 0.0428
Metrics/racket_target/post_contact_ready_peak_base_ang_vel: 0.0814
Metrics/racket_target/post_contact_ready_peak_ang_vel_excess_increment: 0.0000
Metrics/racket_target/post_contact_ready_envelope_violation_latch: 0.0052
Metrics/racket_target/post_contact_ready_envelope_violation_event: 0.0000
Metrics/racket_target/post_contact_ready_envelope_first_violation_step: -0.9792
Metrics/racket_target/post_contact_ready_envelope_attempts: 4573.2812
Metrics/racket_target/post_contact_ready_envelope_violation_rate: 0.0309
Metrics/racket_target/post_contact_ready_envelope_tilt_violation_rate: 0.0002
Metrics/racket_target/post_contact_ready_envelope_pitch_violation_rate: 0.0004
Metrics/racket_target/post_contact_ready_envelope_com_violation_rate: 0.0013
Metrics/racket_target/post_contact_ready_envelope_waist_violation_rate: 0.0000
Metrics/racket_target/post_contact_ready_envelope_leg_violation_rate: 0.0000
Metrics/racket_target/post_contact_ready_envelope_base_ang_vel_violation_rate: 0.0300
Metrics/racket_target/post_contact_ready_resolution_success_rate: 0.9802
Metrics/racket_target/post_contact_ready_resolution_fail_rate: 0.0109
Metrics/racket_target/post_contact_ready_resolution_success_latency_steps: 4.7589
Metrics/racket_target/post_contact_ready_resolution_fail_latency_steps: 9.3209
Metrics/racket_target/post_contact_ready_max_tilt: 0.0080
Metrics/racket_target/post_contact_ready_max_abs_pitch: 0.0080
Metrics/racket_target/post_contact_ready_max_com_x: 0.0034
Metrics/racket_target/post_contact_ready_max_com_y: 0.0018
Metrics/racket_target/post_contact_ready_max_waist_overflow: 0.0000
Metrics/racket_target/post_contact_ready_max_leg_overflow: 0.0024
Metrics/racket_target/post_contact_ready_settlement_velocity_score_ema: 0.6452
Metrics/racket_target/post_contact_ready_settlement_position_gate_ema: 0.7731
Metrics/racket_target/post_contact_ready_settlement_health_gate_ema: 0.9805
Metrics/racket_target/post_contact_ready_settlement_recovery_gate_ema: 0.4433
Metrics/racket_target/post_contact_ready_settlement_total_score_ema: 0.2132
Metrics/racket_target/post_contact_recovery_backlean_error: 0.0526
Metrics/racket_target/post_contact_recovery_directional_progress: 0.0000
Metrics/racket_target/post_contact_ready_torso_ok: 0.0755
Metrics/racket_target/post_contact_ready_motion_ok: 0.7398
Metrics/racket_target/post_contact_ready_support_ok: 0.9065
Metrics/racket_target/post_contact_ready_arm_ok: 1.0000
Metrics/racket_target/post_contact_ready_base_lin_vel_ok: 0.9023
Metrics/racket_target/post_contact_ready_base_ang_vel_ok: 0.8016
Metrics/racket_target/post_contact_ready_racket_speed_ok: 0.9174
Metrics/racket_target/post_contact_ready_height_ok: 0.9417
Metrics/racket_target/post_contact_ready_com_x_ok: 0.9065
Metrics/racket_target/post_contact_ready_com_y_ok: 0.9937
Metrics/racket_target/post_contact_ready_feet_ok: 1.0000
Metrics/racket_target/post_contact_ready_station_ok: 0.9128
Metrics/racket_target/post_contact_ready_fail_torso: 0.0000
Metrics/racket_target/post_contact_ready_fail_base_lin_vel: 0.0000
Metrics/racket_target/post_contact_ready_fail_base_ang_vel: 0.0000
Metrics/racket_target/post_contact_ready_fail_racket_speed: 0.0000
Metrics/racket_target/post_contact_ready_fail_support: 0.0000
Metrics/racket_target/post_contact_ready_fail_arm: 0.0000
Metrics/racket_target/post_contact_ready_shadow_now: 0.0000
Metrics/racket_target/post_contact_ready_shadow_consecutive_steps: 0.0000
Metrics/racket_target/post_contact_ready_shadow_success_latch: 0.0000
Metrics/racket_target/post_contact_ready_curriculum_level: 0.0000
Metrics/racket_target/post_contact_ready_curriculum_fraction: 1.0000
Metrics/racket_target/post_contact_ready_curriculum_success_ema: 0.0000
Metrics/racket_target/post_contact_ready_curriculum_shadow_success_ema: 0.0000
Metrics/racket_target/post_contact_ready_curriculum_resolved_events: 0.0000
Metrics/racket_target/post_contact_ready_curriculum_successful_events: 0.0000
Metrics/racket_target/post_contact_ready_curriculum_targeted_attempt_ema: 0.0000
Metrics/racket_target/post_contact_ready_curriculum_return_success_ema: 0.0000
Metrics/racket_target/post_contact_ready_curriculum_completed_swings: 0.0000
Metrics/racket_target/post_contact_ready_curriculum_advance_streak: 0.0000
Metrics/racket_target/post_contact_ready_curriculum_advance_guard_ok: 0.0000
Metrics/racket_target/post_contact_ready_effective_max_torso_ang_vel: 1.5000
Metrics/racket_target/post_contact_ready_effective_torso_x_min: -0.1200
Metrics/racket_target/post_contact_ready_effective_torso_x_max: 0.3200
Metrics/racket_target/post_contact_ready_effective_max_base_lin_vel: 0.4500
Metrics/racket_target/post_contact_ready_effective_max_base_ang_vel: 1.3000
Metrics/racket_target/post_contact_ready_effective_max_racket_speed: 3.0000
Metrics/racket_target/post_contact_ready_effective_min_feet_contact: 0.5000
Metrics/racket_target/post_contact_ready_effective_required_consecutive_steps: 3.0000
Metrics/racket_target/post_contact_ready_effective_deadline_steps: 40.0000
Metrics/racket_target/post_contact_ready_curriculum_advance_threshold: 1.0000
Metrics/racket_target/post_contact_ready_curriculum_advance_min_events: 0.0000
Metrics/racket_target/post_contact_ready_curriculum_shadow_threshold: 1.0000
Metrics/racket_target/post_contact_ready_curriculum_min_targeted_attempt_ema: 0.0000
Metrics/racket_target/post_contact_ready_curriculum_min_return_success_ema: 0.0000
Metrics/racket_target/post_contact_ready_curriculum_min_completed_swings: 1.0000
Metrics/racket_target/post_contact_ready_curriculum_required_advance_checks: 1.0000
Metrics/racket_target/racket_normal_error_deg: 69.5988
Metrics/racket_target/impact_normal_error_deg: 1.2072
Metrics/racket_target/impact_racket_vel_error_mps: 0.5719
Metrics/racket_target/impact_racket_speed_ratio: 0.8853
Metrics/racket_target/impact_racket_vel_angle_deg: 13.8249
Metrics/racket_target/impact_racket_actual_vel_x: 0.8505
Metrics/racket_target/impact_racket_actual_vel_y: 0.1371
Metrics/racket_target/impact_racket_actual_vel_z: 1.4318
Metrics/racket_target/impact_racket_target_vel_x: 1.2128
Metrics/racket_target/impact_racket_target_vel_y: 0.0197
Metrics/racket_target/impact_racket_target_vel_z: 1.3427
Metrics/racket_target/impact_ball_out_error_mps: 4.5248
Metrics/racket_target/impact_face_radial_error_m: 0.0500
Metrics/racket_target/impact_face_normal_gap_m: 0.0487
Metrics/racket_target/impact_face_quality: 0.7019
Metrics/racket_target/impact_center_contact: 0.0000
Metrics/racket_target/impact_center_net_cross: 0.0000
Metrics/racket_target/impact_center_on_opponent: 0.0000
Metrics/racket_target/impact_rim_contact: 0.0000
Metrics/racket_target/impact_rim_net_cross: 0.0000
Metrics/racket_target/impact_rim_on_opponent: 0.0000
Metrics/racket_target/impact_analytic_outer_contact: 0.0000
Metrics/racket_target/impact_analytic_outer_net_cross: 0.0000
Metrics/racket_target/impact_analytic_outer_on_opponent: 0.0000
Metrics/racket_target/impact_planner_pos_error_m: 0.0752
Metrics/racket_target/impact_planner_vel_error_mps: 0.5719
Metrics/racket_target/impact_planner_speed_ratio: 0.8853
Metrics/racket_target/impact_planner_vel_angle_deg: 13.8249
Metrics/racket_target/impact_healthy_normal_ok: 0.0000
Metrics/racket_target/impact_healthy_contact: 0.0000
Metrics/racket_target/impact_healthy_net_cross: 0.0000
Metrics/racket_target/impact_healthy_on_opponent: 0.0000
Metrics/racket_target/current_swing_impact_health_score: 0.0428
Metrics/racket_target/current_swing_healthy_contact: 0.0456
Metrics/racket_target/current_swing_healthy_net_cross: 0.0456
Metrics/racket_target/current_swing_healthy_on_opponent: 0.0000
Metrics/racket_target/current_swing_healthy_normal_ok: 0.0862
Metrics/racket_target/current_swing_contact: 0.0456
Metrics/racket_target/current_swing_net_cross: 0.0456
Metrics/racket_target/current_swing_on_opponent: 0.0000
Metrics/racket_target/current_swing_center_contact: 0.0365
Metrics/racket_target/current_swing_center_net_cross: 0.0365
Metrics/racket_target/current_swing_center_on_opponent: 0.0000
Metrics/racket_target/current_swing_rim_contact: 0.0091
Metrics/racket_target/current_swing_rim_net_cross: 0.0091
Metrics/racket_target/current_swing_rim_on_opponent: 0.0000
Metrics/racket_target/current_swing_analytic_outer_contact: 0.0000
Metrics/racket_target/current_swing_analytic_outer_net_cross: 0.0000
Metrics/racket_target/current_swing_analytic_outer_on_opponent: 0.0000
Metrics/racket_target/cycle_v2_outcome_tier: -1.0000
Metrics/racket_target/cycle_v2_streak: 0.0000
Metrics/racket_target/closed_loop_recovery_trigger_event: 0.0000
Metrics/racket_target/closed_loop_cycle_success_event: 0.0000
Metrics/racket_target/closed_loop_durable_cycle_success_event: 0.0000
Metrics/racket_target/closed_loop_phase_id: 1.0492
Metrics/racket_target/closed_loop_phase_ready_no_command: 0.0651
Metrics/racket_target/closed_loop_phase_command_acquire: 0.8362
Metrics/racket_target/closed_loop_phase_pre_strike: 0.0831
Metrics/racket_target/closed_loop_phase_strike: 0.0156
Metrics/racket_target/closed_loop_phase_follow_through: 0.0000
Metrics/racket_target/closed_loop_phase_recovery: 0.0000
Metrics/racket_target/closed_loop_phase_next_ready: 0.0000
Metrics/racket_target/post_contact_phase_impact_0_100ms_attempts: 4573.2812
Metrics/racket_target/post_contact_phase_impact_0_100ms_tilt_gt_0p1_rate: 1.0000
Metrics/racket_target/post_contact_phase_impact_0_100ms_pitch_gt_0p1_rate: 1.0000
Metrics/racket_target/post_contact_phase_impact_0_100ms_waist_overflow_gt_1p0_rate: 0.0000
Metrics/racket_target/post_contact_phase_impact_0_100ms_base_ang_vel_gt_0p8_rate: 0.9829
Metrics/racket_target/post_contact_phase_brake_100_300ms_attempts: 4491.1562
Metrics/racket_target/post_contact_phase_brake_100_300ms_tilt_gt_0p1_rate: 0.9969
Metrics/racket_target/post_contact_phase_brake_100_300ms_pitch_gt_0p1_rate: 0.9949
Metrics/racket_target/post_contact_phase_brake_100_300ms_waist_overflow_gt_1p0_rate: 0.0000
Metrics/racket_target/post_contact_phase_brake_100_300ms_base_ang_vel_gt_0p8_rate: 0.9949
Metrics/racket_target/post_contact_phase_settle_300_600ms_attempts: 4328.8750
Metrics/racket_target/post_contact_phase_settle_300_600ms_tilt_gt_0p1_rate: 0.8245
Metrics/racket_target/post_contact_phase_settle_300_600ms_pitch_gt_0p1_rate: 0.7753
Metrics/racket_target/post_contact_phase_settle_300_600ms_waist_overflow_gt_1p0_rate: 0.0000
Metrics/racket_target/post_contact_phase_settle_300_600ms_base_ang_vel_gt_0p8_rate: 0.9905
Metrics/racket_target/post_contact_phase_ready_after_600ms_attempts: 4057.3125
Metrics/racket_target/post_contact_phase_ready_after_600ms_tilt_gt_0p1_rate: 0.5438
Metrics/racket_target/post_contact_phase_ready_after_600ms_pitch_gt_0p1_rate: 0.4538
Metrics/racket_target/post_contact_phase_ready_after_600ms_waist_overflow_gt_1p0_rate: 0.0000
Metrics/racket_target/post_contact_phase_ready_after_600ms_base_ang_vel_gt_0p8_rate: 0.9358
Metrics/racket_target/base_pitch_like_signed: -0.0313
Metrics/racket_target/base_backward_velocity: 0.0858
Metrics/racket_target/waist_action_rms: 0.6163
Metrics/racket_target/right_arm_action_rms: 3.9093
Metrics/racket_target/leg_action_rms: 0.4800
Metrics/racket_target/action_abs_max: 7.8106
Metrics/racket_target/applied_action_abs_max: 7.7412
Metrics/racket_target/leg_action_abs_max: 0.9429
Metrics/racket_target/effective_action_abs_max: 7.7412
Metrics/racket_target/action_clamp_fraction: 0.0028
Metrics/racket_target/waist_action_clamp_fraction: 0.0021
Metrics/racket_target/right_arm_action_clamp_fraction: 0.0006
Metrics/racket_target/leg_action_clamp_fraction: 0.0063
Metrics/racket_target/waist_q_tracking_error_rms: 0.3481
Metrics/racket_target/right_arm_q_tracking_error_rms: 0.1959
Metrics/racket_target/leg_q_tracking_error_rms: 0.1747
Metrics/racket_target/waist_torque_clip_fraction: 0.0000
Metrics/racket_target/right_arm_torque_clip_fraction: 0.0000
Metrics/racket_target/leg_torque_clip_fraction: 0.0000
Metrics/racket_target/waist_action_delta_rms: 0.1607
Metrics/racket_target/right_arm_action_delta_rms: 0.9208
Metrics/racket_target/leg_action_delta_rms: 0.2711
Metrics/racket_target/waist_joint_vel_rms: 0.7069
Metrics/racket_target/right_arm_joint_vel_rms: 1.6801
Metrics/racket_target/leg_joint_vel_rms: 0.7035
Metrics/racket_target/recovery_leg_action_abs_max: 0.6916
Metrics/racket_target/recovery_leg_action_delta_rms: 0.2039
Metrics/racket_target/recovery_leg_joint_vel_rms: 0.5298
      Episode_Termination/time_out: 3.0312
  Episode_Termination/base_too_low: 0.0000
   Episode_Termination/base_tilted: 0.1562
   Episode_Termination/table_touch: 0.1250
Episode_Termination/persistent_action_overflow: 0.0000
--------------------------------------------------------------------------------
                   Total timesteps: 1114112
                    Iteration time: 2.26s
                      Time elapsed: 00:00:38
                               ETA: 00:00:09

################################################################################
                     [1m Learning iteration 1817/1820 [0m                     

                       Computation: 28677 steps/s (collection: 2.270s, learning 0.015s)
             Mean action noise std: 0.45
          Mean value_function loss: 0.0803
               Mean surrogate loss: 0.0000
                 Mean entropy loss: 2.8121
      Mean critic_only_warmup loss: 1.0000
                       Mean reward: 13.80
               Mean episode length: 463.93
 Episode_Reward/undesired_contacts: -0.0000
  Episode_Reward/feet_contact_slip: -0.0024
     Episode_Reward/table_no_touch: -0.0007
              Episode_Reward/alive: 0.0092
            Episode_Reward/upright: -0.0070
          Episode_Reward/imitation: 0.3652
    Episode_Reward/racket_position: 0.0687
Episode_Reward/backhand_racket_position: 0.0318
    Episode_Reward/racket_velocity: 0.0444
Episode_Reward/planner_racket_task_space_crossfade: 0.2791
Episode_Reward/exact_impact_planner_task_space_alignment: 0.0072
    Episode_Reward/blade_direction: 0.0410
Episode_Reward/health_gated_soft_ball_contact: 0.0447
Episode_Reward/health_gated_backhand_soft_ball_contact: 0.0293
Episode_Reward/health_gated_ball_contact: 0.0083
Episode_Reward/healthy_trunk_support: 0.0767
Episode_Reward/targeted_strike_attempt: 0.0102
  Episode_Reward/strike_inactivity: -0.0000
 Episode_Reward/pre_strike_station: 0.0706
    Episode_Reward/recovery_health: 0.0594
Episode_Reward/no_command_ready_stability: 0.0029
Episode_Reward/post_strike_base_ang_vel: 0.0112
Episode_Reward/phase_action_overflow: -0.0001
     Episode_Reward/strike_balance: 0.0261
Episode_Reward/prestrike_station_progress: 0.0178
 Episode_Reward/lower_body_support: 0.0385
Episode_Reward/termination_penalty: -0.0141
Episode_Reward/phase_action_rate_waist: -0.0003
Episode_Reward/phase_action_rate_upper: -0.0069
Episode_Reward/phase_action_rate_legs: -0.0003
        Episode_Reward/joint_limit: -0.0374
Episode_Reward/prestrike_racket_progress: 0.1904
Episode_Reward/near_impact_planner_velocity_progress: 0.0406
Episode_Reward/operational_joint_margin: -0.0069
  Episode_Reward/joint_target_slew: -0.0331
Episode_Reward/actuator_waist_feasibility: -0.0000
Episode_Reward/actuator_right_arm_feasibility: -0.0000
Episode_Reward/actuator_leg_feasibility: -0.0000
Episode_Reward/terminal_quality_window: 0.0013
Episode_Reward/safe_terminal_quality: 0.0023
Episode_Reward/unsafe_terminal_recovery: -0.0001
Episode_Reward/capability_gated_safe_terminal_outcome: 0.0174
Episode_Reward/targeted_contact_miss: -0.0026
    Metrics/motion/error_joint_pos: 2.1766
    Metrics/motion/error_joint_vel: 6.5290
     Metrics/motion/error_body_pos: 0.1516
     Metrics/motion/error_body_rot: 0.8468
       Metrics/motion/motion_phase: 0.1192
            Metrics/motion/in_hold: 0.4362
Metrics/motion/motion_start_warmup_prob: 0.8000
Metrics/motion/motion_start_lifecycle_progress: 0.0000
Metrics/motion/motion_start_effective_prestrike_fraction: 1.0000
Metrics/motion/motion_start_effective_recovery_fraction: 0.0000
Metrics/motion/motion_start_effective_rsi_fraction: 0.0000
 Metrics/motion/motion_start_reset: 0.0193
Metrics/motion/motion_start_prestrike_reset: 0.0000
Metrics/motion/motion_start_recovery_reset: 0.0000
Metrics/motion/motion_start_rsi_reset: 0.0000
 Metrics/motion/single_cycle_reset: 0.0000
     Metrics/motion/motion_clip_id: 0.6755
Metrics/motion/motion_supplemental_clip: 0.0000
      Metrics/motion/stand_episode: 0.0577
Metrics/motion/default_stand_reset: 0.0900
Metrics/motion/error_body_pos_lower: 0.1827
Metrics/motion/error_body_rot_lower: 1.0439
Metrics/motion/error_body_lin_vel_lower: 0.2147
Metrics/motion/error_body_ang_vel_lower: 0.9081
Metrics/motion/reference_body_lin_speed_lower: 0.0339
Metrics/motion/robot_body_lin_speed_lower: 0.1976
Metrics/motion/error_body_pos_core: 0.0598
Metrics/motion/error_body_rot_core: 0.5750
Metrics/motion/error_body_lin_vel_core: 0.2899
Metrics/motion/error_body_ang_vel_core: 1.1757
Metrics/motion/reference_body_lin_speed_core: 0.0138
Metrics/motion/robot_body_lin_speed_core: 0.2890
Metrics/motion/error_body_pos_upper: 0.1512
Metrics/motion/error_body_rot_upper: 0.7402
Metrics/motion/error_body_lin_vel_upper: 0.8776
Metrics/motion/error_body_ang_vel_upper: 2.9626
Metrics/motion/reference_body_lin_speed_upper: 0.0214
Metrics/motion/robot_body_lin_speed_upper: 0.8758
Metrics/motion/error_joint_pos_waist: 0.8097
Metrics/motion/error_joint_vel_waist: 1.4355
Metrics/motion/reference_joint_speed_waist: 0.0428
Metrics/motion/error_joint_pos_arms: 1.8643
Metrics/motion/error_joint_vel_arms: 5.6660
Metrics/motion/reference_joint_speed_arms: 0.0587
Metrics/motion/error_joint_pos_legs: 0.7234
Metrics/motion/error_joint_vel_legs: 2.5709
Metrics/motion/reference_joint_speed_legs: 0.0087
Metrics/racket_target/racket_pos_error: 0.1200
Metrics/racket_target/racket_vel_error: 1.2475
Metrics/racket_target/time_to_strike: 0.8639
Metrics/racket_target/return_success: 0.0078
Metrics/racket_target/prev_return_success: 0.0078
Metrics/racket_target/prev_net_cross: 0.5795
Metrics/racket_target/current_net_cross: 0.0576
Metrics/racket_target/racket_pos_curriculum_scale: 1.0000
Metrics/racket_target/impact_inverse_command_blend: 0.0000
Metrics/racket_target/steps_since_target_resample: 54.4142
Metrics/racket_target/recovery_height_error: 0.0459
Metrics/racket_target/recovery_upright_error: 0.1363
Metrics/racket_target/recovery_base_lin_vel: 0.2547
Metrics/racket_target/recovery_base_ang_vel: 1.0087
Metrics/racket_target/recovery_station_error: 0.1034
Metrics/racket_target/recovery_feet_contact_frac: 0.9703
Metrics/racket_target/recovery_racket_speed: 2.2496
Metrics/racket_target/recovery_height_score: 0.8338
Metrics/racket_target/recovery_upright_score: 0.7951
Metrics/racket_target/recovery_lin_vel_score: 0.6395
Metrics/racket_target/recovery_ang_vel_score: 0.3379
Metrics/racket_target/recovery_station_score: 0.8327
Metrics/racket_target/recovery_racket_score: 0.0606
Metrics/racket_target/recovery_arm_score: 0.5077
Metrics/racket_target/recovery_ready_score: 0.6691
Metrics/racket_target/recovery_anchor_arm_score: 1.0000
Metrics/racket_target/recovery_core_ready_score: 0.5641
Metrics/racket_target/recovery_functional_ready_score: 0.4777
Metrics/racket_target/waist_action_overflow_rms: 0.0000
Metrics/racket_target/right_arm_action_overflow_rms: 0.0010
Metrics/racket_target/leg_action_overflow_rms: 0.0086
Metrics/racket_target/operational_margin_fraction: 0.0067
Metrics/racket_target/waist_operational_margin_fraction: 0.0000
Metrics/racket_target/right_arm_operational_margin_fraction: 0.0022
Metrics/racket_target/leg_operational_margin_fraction: 0.0159
Metrics/racket_target/waist_operational_excess_rms: 0.0000
Metrics/racket_target/right_arm_operational_excess_rms: 0.0002
Metrics/racket_target/leg_operational_excess_rms: 0.0056
Metrics/racket_target/q_des_velocity_violation_fraction: 0.0800
Metrics/racket_target/waist_q_des_velocity_violation_fraction: 0.0207
Metrics/racket_target/right_arm_q_des_velocity_violation_fraction: 0.1149
Metrics/racket_target/leg_q_des_velocity_violation_fraction: 0.1031
Metrics/racket_target/q_des_acceleration_violation_fraction: 0.7123
Metrics/racket_target/waist_q_des_acceleration_violation_fraction: 0.6115
Metrics/racket_target/right_arm_q_des_acceleration_violation_fraction: 0.8167
Metrics/racket_target/leg_q_des_acceleration_violation_fraction: 0.7707
Metrics/racket_target/waist_q_des_velocity_rms: 3.6849
Metrics/racket_target/right_arm_q_des_velocity_rms: 8.7087
Metrics/racket_target/leg_q_des_velocity_rms: 7.1209
Metrics/racket_target/waist_q_des_acceleration_rms: 318.0886
Metrics/racket_target/right_arm_q_des_acceleration_rms: 753.5350
Metrics/racket_target/leg_q_des_acceleration_rms: 628.8524
Metrics/racket_target/action_operational_feasibility_score: 0.9390
Metrics/racket_target/actuator_overflow_consecutive_steps: 0.0000
Metrics/racket_target/actuator_overflow_severe: 0.0000
Metrics/racket_target/recovery_phase_gate: 0.8069
Metrics/racket_target/recovery_phase_ready_score: 0.5400
Metrics/racket_target/recovery_contact_ready_score: 0.0340
Metrics/racket_target/recovery_net_ready_score: 0.0340
Metrics/racket_target/recovery_return_ready_score: 0.0000
Metrics/racket_target/cycle_success_ready_score: 0.0058
Metrics/racket_target/cycle_success_soft: 0.0048
Metrics/racket_target/cycle_success_binary: 0.0078
Metrics/racket_target/cycle_v2_pending: 0.0000
Metrics/racket_target/cycle_v2_attempt_latch: 0.0000
Metrics/racket_target/cycle_v2_ready_success_latch: 0.0000
Metrics/racket_target/cycle_v2_ready_fail_latch: 0.0000
Metrics/racket_target/cycle_v2_attempt_event: 0.0000
Metrics/racket_target/cycle_v2_ready_success_event: 0.0000
Metrics/racket_target/cycle_v2_ready_fail_event: 0.0000
Metrics/racket_target/cycle_v2_unresolved_resample_fail_event: 0.0000
Metrics/racket_target/cycle_v2_resolved_event: 0.0000
Metrics/racket_target/cycle_v2_command_visible_steps: 0.0000
Metrics/racket_target/cycle_v2_elapsed_steps: 0.0000
Metrics/racket_target/cycle_v2_ready_score: 0.0000
Metrics/racket_target/cycle_v2_ready_ok: 0.0000
Metrics/racket_target/cycle_v2_visible: 0.0000
Metrics/racket_target/cycle_v2_ready_score_ok: 0.0000
Metrics/racket_target/cycle_v2_height_ok: 0.0000
Metrics/racket_target/cycle_v2_upright_ok: 0.0000
Metrics/racket_target/cycle_v2_base_lin_vel_ok: 0.0000
Metrics/racket_target/cycle_v2_base_ang_vel_ok: 0.0000
Metrics/racket_target/cycle_v2_feet_ok: 0.0000
Metrics/racket_target/cycle_v2_core_ready_ok: 0.0000
Metrics/racket_target/cycle_v2_ready_consecutive_steps: 0.0000
Metrics/racket_target/single_cycle_bootstrap: 0.0000
Metrics/racket_target/single_cycle_swing_completed: 0.0000
Metrics/racket_target/single_cycle_recovery_active: 0.0000
Metrics/racket_target/single_cycle_recovery_elapsed_steps: 0.0000
Metrics/racket_target/single_cycle_ready_consecutive_steps: 0.0000
Metrics/racket_target/single_cycle_safe_timeout_event: 0.0000
Metrics/racket_target/single_cycle_deadline_timeout_event: 0.0000
Metrics/racket_target/single_cycle_timeout_latch: 0.0000
Metrics/racket_target/single_cycle_hard_failure_event: 0.0000
Metrics/racket_target/single_cycle_probability: 0.0000
Metrics/racket_target/single_cycle_curriculum_level: 0.0000
Metrics/racket_target/single_cycle_effective_deadline_steps: 100.0000
Metrics/racket_target/single_cycle_selected_events: 0.0000
Metrics/racket_target/single_cycle_completed_events: 0.0000
Metrics/racket_target/single_cycle_safe_timeout_events: 0.0000
Metrics/racket_target/single_cycle_deadline_timeout_events: 0.0000
Metrics/racket_target/single_cycle_hard_failure_events: 0.0000
Metrics/racket_target/active_ready_consecutive_steps: 0.0298
Metrics/racket_target/active_ready_success_event: 0.0000
Metrics/racket_target/active_ready_success_latch: 0.0000
Metrics/racket_target/active_ready_survival_steps: 0.0000
Metrics/racket_target/active_ready_survival_next_milestone: 0.0000
Metrics/racket_target/active_ready_survival_milestone_event: 0.0000
Metrics/racket_target/no_command_ready_active: 0.0725
Metrics/racket_target/no_command_from_stand_episode: 0.0577
Metrics/racket_target/no_command_from_default_stand_reset: 0.0577
Metrics/racket_target/no_command_ready_upright_ok: 0.0480
Metrics/racket_target/no_command_ready_motion_ok: 0.0149
Metrics/racket_target/no_command_ready_score: 0.0364
Metrics/racket_target/no_command_ready_progress: 0.0003
Metrics/racket_target/no_command_ready_station_error: 0.0169
Metrics/racket_target/no_command_ready_fixed_station_error: 0.0169
Metrics/racket_target/healthy_training_stage: 3.0000
Metrics/racket_target/healthy_stage_planted_rehearsal: 0.0000
Metrics/racket_target/healthy_stage_station_hold_seen: 0.0000
Metrics/racket_target/healthy_stage_station_arrived: 0.0000
Metrics/racket_target/healthy_stage_station_settled: 0.0000
Metrics/racket_target/healthy_stage_station_settle_steps: 0.0000
Metrics/racket_target/station_relocation_active: 0.0000
Metrics/racket_target/station_relocation_target_offset_y: 0.0000
Metrics/racket_target/station_relocation_error: 0.0000
Metrics/racket_target/station_relocation_arrival_event: 0.0000
Metrics/racket_target/station_relocation_settle_event: 0.0000
Metrics/racket_target/station_relocation_release_event: 0.0000
Metrics/racket_target/station_relocation_timeout_event: 0.0000
Metrics/racket_target/station_relocation_elapsed_steps: 0.0000
Metrics/racket_target/station_relocation_hold_deadline_steps: 0.0000
Metrics/racket_target/lifecycle_recovery_hold_active: 0.0000
Metrics/racket_target/lifecycle_recovery_release_success_event: 0.0000
Metrics/racket_target/lifecycle_recovery_release_fail_event: 0.0000
Metrics/racket_target/station_relocation_level: 0.0000
Metrics/racket_target/station_relocation_arrival_ema: 0.0000
Metrics/racket_target/station_relocation_settle_ema: 0.0000
Metrics/racket_target/station_relocation_contact_ema: 0.0000
Metrics/racket_target/station_relocation_safety_ema: 0.0000
Metrics/racket_target/station_relocation_resolved_events: 0.0000
Metrics/racket_target/station_relocation_terminal_reset_events: 0.0000
Metrics/racket_target/station_relocation_advance_streak: 0.0000
Metrics/racket_target/station_relocation_regress_streak: 0.0000
Metrics/racket_target/station_relocation_effective_max_lin_vel: 0.0000
Metrics/racket_target/station_relocation_effective_max_ang_vel: 0.0000
Metrics/racket_target/station_relocation_effective_min_settle_steps: 0.0000
Metrics/racket_target/ability_curriculum_level: 0.0000
Metrics/racket_target/ability_curriculum_scale: 1.0000
Metrics/racket_target/ability_curriculum_resolved_events: 864.9375
Metrics/racket_target/ability_curriculum_total_resolved_events: 4971.9375
Metrics/racket_target/ability_curriculum_advance_streak: 0.0000
Metrics/racket_target/ability_curriculum_regress_streak: 0.0000
Metrics/racket_target/ability_contact_ema: 0.6113
Metrics/racket_target/ability_net_ema: 0.5985
Metrics/racket_target/ability_success_ema: 0.0116
Metrics/racket_target/ability_recovery_ema: 0.8021
Metrics/racket_target/ability_cycle_ema: 0.0116
Metrics/racket_target/ability_cycle_attempt_ema: 0.0116
Metrics/racket_target/ability_cycle_resolved_ema: 0.0116
Metrics/racket_target/ability_forehand_contact_ema: 0.6806
Metrics/racket_target/ability_forehand_net_ema: 0.6612
Metrics/racket_target/ability_forehand_success_ema: 0.0118
Metrics/racket_target/ability_backhand_contact_ema: 0.5821
Metrics/racket_target/ability_backhand_net_ema: 0.5730
Metrics/racket_target/ability_backhand_success_ema: 0.0107
Metrics/racket_target/ability_attempt_ema: 1.0000
Metrics/racket_target/ability_targeted_attempt_ema: 0.9907
Metrics/racket_target/impact_health_floor_progress: 0.0000
Metrics/racket_target/ability_safety_ema: 0.9465
Metrics/racket_target/ability_station_saturation_ema: 0.0000
Metrics/racket_target/ability_healthy_normal_ema: 0.9988
Metrics/racket_target/ability_station_arrival_ema: 0.0000
Metrics/racket_target/ability_station_settle_ema: 0.0000
Metrics/racket_target/safe_outcome_capability_gate: 0.3166
Metrics/racket_target/planner_hit_plane_blend: 1.0000
Metrics/racket_target/planner_hit_plane_x_delta: 0.0376
Metrics/racket_target/true_strike_table_x: 0.2000
Metrics/racket_target/planner_target_table_x: 0.2000
Metrics/racket_target/workspace_level: 0.0000
Metrics/racket_target/workspace_fringe_sample: 0.0000
Metrics/racket_target/workspace_target_lateral_norm: 0.2445
Metrics/racket_target/workspace_target_table_y: -0.1766
Metrics/racket_target/workspace_playable_y_min: -0.7225
Metrics/racket_target/workspace_playable_y_max: 0.7225
Metrics/racket_target/workspace_active_y_lo: -0.2467
Metrics/racket_target/workspace_active_y_hi: -0.1174
Metrics/racket_target/workspace_motion_seed_blend: 0.0000
Metrics/racket_target/planner_perturb_curriculum_scale: 1.0000
Metrics/racket_target/incoming_ball_horizontal_speed: 2.2639
Metrics/racket_target/incoming_ball_speed: 4.5836
Metrics/racket_target/incoming_ball_speed_curriculum_level: 0.0000
Metrics/racket_target/incoming_ball_speed_sample_low: 0.0000
Metrics/racket_target/incoming_ball_speed_sample_high: 0.0000
Metrics/racket_target/station_saturated: 0.0000
Metrics/racket_target/station_raw_clip_excess: 0.0000
Metrics/racket_target/station_saturated_x: 0.0000
Metrics/racket_target/station_saturated_y: 0.0000
Metrics/racket_target/station_raw_clip_excess_x: 0.0000
Metrics/racket_target/station_raw_clip_excess_y: 0.0000
Metrics/racket_target/current_swing_opportunity: 0.1163
Metrics/racket_target/current_swing_attempt: 0.1163
Metrics/racket_target/current_swing_targeted_attempt: 0.1163
Metrics/racket_target/prev_swing_targeted_attempt: 0.8705
Metrics/racket_target/current_swing_unsafe: 0.0483
Metrics/racket_target/current_swing_station_saturated: 0.0000
Metrics/racket_target/impact_health_score: 0.8560
Metrics/racket_target/impact_health_ok: 0.8677
Metrics/racket_target/impact_health_backlean_violation: 0.0070
Metrics/racket_target/impact_health_waist_backfold: 0.0018
Metrics/racket_target/impact_health_base_retreat: 0.0264
Metrics/racket_target/impact_health_torso_gravity_x: 0.3585
Metrics/racket_target/impact_health_torso_ang_vel: 0.5694
Metrics/racket_target/impact_health_com_x: 0.0542
Metrics/racket_target/impact_health_com_y: 0.0314
Metrics/racket_target/post_contact_ready_pending: 0.0000
Metrics/racket_target/post_contact_ready_elapsed_steps: 0.5067
Metrics/racket_target/post_contact_ready_consecutive_steps: 0.0000
Metrics/racket_target/post_contact_ready_diagnostic_pending: 0.0000
Metrics/racket_target/post_contact_ready_diagnostic_elapsed_steps: 2.1884
Metrics/racket_target/post_contact_ready_durable_pending: 0.0000
Metrics/racket_target/post_contact_ready_durable_consecutive_steps: 0.0000
Metrics/racket_target/post_contact_ready_durable_ready_now: 0.0000
Metrics/racket_target/post_contact_ready_durable_success_event: 0.0000
Metrics/racket_target/post_contact_ready_durable_fail_event: 0.0000
Metrics/racket_target/post_contact_ready_durable_resolution_success_rate: 0.2559
Metrics/racket_target/post_contact_ready_durable_resolution_fail_rate: 0.6843
Metrics/racket_target/post_contact_ready_durable_resolution_success_latency_steps: 35.0000
Metrics/racket_target/post_contact_ready_durable_resolution_fail_latency_steps: 33.3860
Metrics/racket_target/post_contact_ready_durable_fail_backlean_rate: 0.0562
Metrics/racket_target/post_contact_ready_durable_fail_forward_lean_rate: 0.8606
Metrics/racket_target/post_contact_ready_durable_fail_torso_ang_vel_rate: 0.0565
Metrics/racket_target/post_contact_ready_durable_fail_base_lin_vel_rate: 0.0574
Metrics/racket_target/post_contact_ready_durable_fail_base_ang_vel_rate: 0.4030
Metrics/racket_target/post_contact_ready_durable_fail_racket_speed_rate: 0.0562
Metrics/racket_target/post_contact_ready_durable_fail_height_rate: 0.0565
Metrics/racket_target/post_contact_ready_durable_fail_com_x_rate: 0.0589
Metrics/racket_target/post_contact_ready_durable_fail_com_y_rate: 0.0565
Metrics/racket_target/post_contact_ready_durable_fail_feet_rate: 0.0562
Metrics/racket_target/post_contact_ready_durable_fail_station_rate: 0.0571
Metrics/racket_target/post_contact_ready_durable_fail_arm_rate: 0.0562
Metrics/racket_target/post_contact_ready_terminal_window_active: 0.0000
Metrics/racket_target/post_contact_ready_terminal_quality: 0.0314
Metrics/racket_target/post_contact_ready_terminal_settlement_event: 0.0000
Metrics/racket_target/post_contact_ready_operational_ready_now: 0.0000
Metrics/racket_target/post_contact_ready_operational_consecutive_steps: 0.0000
Metrics/racket_target/post_contact_ready_safe_settlement_event: 0.0000
Metrics/racket_target/post_contact_ready_unsafe_settlement_event: 0.0000
Metrics/racket_target/post_contact_ready_incomplete_settlement_event: 0.0000
Metrics/racket_target/post_contact_ready_safe_net_cycle_event: 0.0000
Metrics/racket_target/post_contact_ready_terminal_quality_mean: 0.9248
Metrics/racket_target/post_contact_ready_safe_terminal_quality_mean: 0.9344
Metrics/racket_target/post_contact_ready_terminal_safe_rate: 0.7177
Metrics/racket_target/post_contact_ready_terminal_unsafe_rate: 0.0312
Metrics/racket_target/post_contact_ready_terminal_incomplete_rate: 0.2511
Metrics/racket_target/post_contact_ready_safe_net_cycle_rate: 0.7008
Metrics/racket_target/post_contact_ready_score: 0.7124
Metrics/racket_target/post_contact_ready_now: 0.0000
Metrics/racket_target/post_contact_ready_success_event: 0.0000
Metrics/racket_target/post_contact_ready_fail_event: 0.0000
Metrics/racket_target/post_contact_ready_outcome_tier: -0.8848
Metrics/racket_target/post_contact_ready_face_quality: 0.0279
Metrics/racket_target/post_contact_ready_safe_face_net_cycle_value: 0.0000
Metrics/racket_target/post_contact_ready_planner_speed_ratio: 0.0422
Metrics/racket_target/post_contact_ready_planner_direction_error_rad: 0.0082
Metrics/racket_target/post_contact_ready_planner_position_error: 0.0027
Metrics/racket_target/post_contact_ready_impact_health_score: 0.0401
Metrics/racket_target/post_contact_ready_peak_base_ang_vel: 0.0768
Metrics/racket_target/post_contact_ready_peak_ang_vel_excess_increment: 0.0000
Metrics/racket_target/post_contact_ready_envelope_violation_latch: 0.0000
Metrics/racket_target/post_contact_ready_envelope_violation_event: 0.0000
Metrics/racket_target/post_contact_ready_envelope_first_violation_step: -1.0000
Metrics/racket_target/post_contact_ready_envelope_attempts: 4838.3125
Metrics/racket_target/post_contact_ready_envelope_violation_rate: 0.0311
Metrics/racket_target/post_contact_ready_envelope_tilt_violation_rate: 0.0002
Metrics/racket_target/post_contact_ready_envelope_pitch_violation_rate: 0.0004
Metrics/racket_target/post_contact_ready_envelope_com_violation_rate: 0.0012
Metrics/racket_target/post_contact_ready_envelope_waist_violation_rate: 0.0000
Metrics/racket_target/post_contact_ready_envelope_leg_violation_rate: 0.0000
Metrics/racket_target/post_contact_ready_envelope_base_ang_vel_violation_rate: 0.0302
Metrics/racket_target/post_contact_ready_resolution_success_rate: 0.9815
Metrics/racket_target/post_contact_ready_resolution_fail_rate: 0.0105
Metrics/racket_target/post_contact_ready_resolution_success_latency_steps: 4.7508
Metrics/racket_target/post_contact_ready_resolution_fail_latency_steps: 9.8857
Metrics/racket_target/post_contact_ready_max_tilt: 0.0084
Metrics/racket_target/post_contact_ready_max_abs_pitch: 0.0083
Metrics/racket_target/post_contact_ready_max_com_x: 0.0027
Metrics/racket_target/post_contact_ready_max_com_y: 0.0016
Metrics/racket_target/post_contact_ready_max_waist_overflow: 0.0000
Metrics/racket_target/post_contact_ready_max_leg_overflow: 0.0025
Metrics/racket_target/post_contact_ready_settlement_velocity_score_ema: 0.6564
Metrics/racket_target/post_contact_ready_settlement_position_gate_ema: 0.7766
Metrics/racket_target/post_contact_ready_settlement_health_gate_ema: 0.9806
Metrics/racket_target/post_contact_ready_settlement_recovery_gate_ema: 0.4717
Metrics/racket_target/post_contact_ready_settlement_total_score_ema: 0.2336
Metrics/racket_target/post_contact_recovery_backlean_error: 0.0666
Metrics/racket_target/post_contact_recovery_directional_progress: 0.0000
Metrics/racket_target/post_contact_ready_torso_ok: 0.0936
Metrics/racket_target/post_contact_ready_motion_ok: 0.6319
Metrics/racket_target/post_contact_ready_support_ok: 0.8878
Metrics/racket_target/post_contact_ready_arm_ok: 1.0000
Metrics/racket_target/post_contact_ready_base_lin_vel_ok: 0.8826
Metrics/racket_target/post_contact_ready_base_ang_vel_ok: 0.7462
Metrics/racket_target/post_contact_ready_racket_speed_ok: 0.8209
Metrics/racket_target/post_contact_ready_height_ok: 0.9517
Metrics/racket_target/post_contact_ready_com_x_ok: 0.8982
Metrics/racket_target/post_contact_ready_com_y_ok: 0.9745
Metrics/racket_target/post_contact_ready_feet_ok: 0.9896
Metrics/racket_target/post_contact_ready_station_ok: 0.8956
Metrics/racket_target/post_contact_ready_fail_torso: 0.0000
Metrics/racket_target/post_contact_ready_fail_base_lin_vel: 0.0000
Metrics/racket_target/post_contact_ready_fail_base_ang_vel: 0.0000
Metrics/racket_target/post_contact_ready_fail_racket_speed: 0.0000
Metrics/racket_target/post_contact_ready_fail_support: 0.0000
Metrics/racket_target/post_contact_ready_fail_arm: 0.0000
Metrics/racket_target/post_contact_ready_shadow_now: 0.0000
Metrics/racket_target/post_contact_ready_shadow_consecutive_steps: 0.0000
Metrics/racket_target/post_contact_ready_shadow_success_latch: 0.0000
Metrics/racket_target/post_contact_ready_curriculum_level: 0.0000
Metrics/racket_target/post_contact_ready_curriculum_fraction: 1.0000
Metrics/racket_target/post_contact_ready_curriculum_success_ema: 0.0000
Metrics/racket_target/post_contact_ready_curriculum_shadow_success_ema: 0.0000
Metrics/racket_target/post_contact_ready_curriculum_resolved_events: 0.0000
Metrics/racket_target/post_contact_ready_curriculum_successful_events: 0.0000
Metrics/racket_target/post_contact_ready_curriculum_targeted_attempt_ema: 0.0000
Metrics/racket_target/post_contact_ready_curriculum_return_success_ema: 0.0000
Metrics/racket_target/post_contact_ready_curriculum_completed_swings: 0.0000
Metrics/racket_target/post_contact_ready_curriculum_advance_streak: 0.0000
Metrics/racket_target/post_contact_ready_curriculum_advance_guard_ok: 0.0000
Metrics/racket_target/post_contact_ready_effective_max_torso_ang_vel: 1.5000
Metrics/racket_target/post_contact_ready_effective_torso_x_min: -0.1200
Metrics/racket_target/post_contact_ready_effective_torso_x_max: 0.3200
Metrics/racket_target/post_contact_ready_effective_max_base_lin_vel: 0.4500
Metrics/racket_target/post_contact_ready_effective_max_base_ang_vel: 1.3000
Metrics/racket_target/post_contact_ready_effective_max_racket_speed: 3.0000
Metrics/racket_target/post_contact_ready_effective_min_feet_contact: 0.5000
Metrics/racket_target/post_contact_ready_effective_required_consecutive_steps: 3.0000
Metrics/racket_target/post_contact_ready_effective_deadline_steps: 40.0000
Metrics/racket_target/post_contact_ready_curriculum_advance_threshold: 1.0000
Metrics/racket_target/post_contact_ready_curriculum_advance_min_events: 0.0000
Metrics/racket_target/post_contact_ready_curriculum_shadow_threshold: 1.0000
Metrics/racket_target/post_contact_ready_curriculum_min_targeted_attempt_ema: 0.0000
Metrics/racket_target/post_contact_ready_curriculum_min_return_success_ema: 0.0000
Metrics/racket_target/post_contact_ready_curriculum_min_completed_swings: 1.0000
Metrics/racket_target/post_contact_ready_curriculum_required_advance_checks: 1.0000
Metrics/racket_target/racket_normal_error_deg: 59.9041
Metrics/racket_target/impact_normal_error_deg: 1.4893
Metrics/racket_target/impact_racket_vel_error_mps: 0.5389
Metrics/racket_target/impact_racket_speed_ratio: 0.8609
Metrics/racket_target/impact_racket_vel_angle_deg: 13.0832
Metrics/racket_target/impact_racket_actual_vel_x: 0.8613
Metrics/racket_target/impact_racket_actual_vel_y: -0.0205
Metrics/racket_target/impact_racket_actual_vel_z: 1.2792
Metrics/racket_target/impact_racket_target_vel_x: 1.1333
Metrics/racket_target/impact_racket_target_vel_y: -0.0227
Metrics/racket_target/impact_racket_target_vel_z: 1.2910
Metrics/racket_target/impact_ball_out_error_mps: 4.2946
Metrics/racket_target/impact_face_radial_error_m: 0.0586
Metrics/racket_target/impact_face_normal_gap_m: 0.0421
Metrics/racket_target/impact_face_quality: 0.5835
Metrics/racket_target/impact_center_contact: 0.0000
Metrics/racket_target/impact_center_net_cross: 0.0000
Metrics/racket_target/impact_center_on_opponent: 0.0000
Metrics/racket_target/impact_rim_contact: 0.0000
Metrics/racket_target/impact_rim_net_cross: 0.0000
Metrics/racket_target/impact_rim_on_opponent: 0.0000
Metrics/racket_target/impact_analytic_outer_contact: 0.0000
Metrics/racket_target/impact_analytic_outer_net_cross: 0.0000
Metrics/racket_target/impact_analytic_outer_on_opponent: 0.0000
Metrics/racket_target/impact_planner_pos_error_m: 0.0782
Metrics/racket_target/impact_planner_vel_error_mps: 0.5389
Metrics/racket_target/impact_planner_speed_ratio: 0.8609
Metrics/racket_target/impact_planner_vel_angle_deg: 13.0832
Metrics/racket_target/impact_healthy_normal_ok: 0.0000
Metrics/racket_target/impact_healthy_contact: 0.0000
Metrics/racket_target/impact_healthy_net_cross: 0.0000
Metrics/racket_target/impact_healthy_on_opponent: 0.0000
Metrics/racket_target/current_swing_impact_health_score: 0.0401
Metrics/racket_target/current_swing_healthy_contact: 0.0576
Metrics/racket_target/current_swing_healthy_net_cross: 0.0576
Metrics/racket_target/current_swing_healthy_on_opponent: 0.0000
Metrics/racket_target/current_swing_healthy_normal_ok: 0.1163
Metrics/racket_target/current_swing_contact: 0.0576
Metrics/racket_target/current_swing_net_cross: 0.0576
Metrics/racket_target/current_swing_on_opponent: 0.0000
Metrics/racket_target/current_swing_center_contact: 0.0279
Metrics/racket_target/current_swing_center_net_cross: 0.0279
Metrics/racket_target/current_swing_center_on_opponent: 0.0000
Metrics/racket_target/current_swing_rim_contact: 0.0156
Metrics/racket_target/current_swing_rim_net_cross: 0.0156
Metrics/racket_target/current_swing_rim_on_opponent: 0.0000
Metrics/racket_target/current_swing_analytic_outer_contact: 0.0141
Metrics/racket_target/current_swing_analytic_outer_net_cross: 0.0141
Metrics/racket_target/current_swing_analytic_outer_on_opponent: 0.0000
Metrics/racket_target/cycle_v2_outcome_tier: -1.0000
Metrics/racket_target/cycle_v2_streak: 0.0000
Metrics/racket_target/closed_loop_recovery_trigger_event: 0.0000
Metrics/racket_target/closed_loop_cycle_success_event: 0.0000
Metrics/racket_target/closed_loop_durable_cycle_success_event: 0.0000
Metrics/racket_target/closed_loop_phase_id: 1.0406
Metrics/racket_target/closed_loop_phase_ready_no_command: 0.0725
Metrics/racket_target/closed_loop_phase_command_acquire: 0.8206
Metrics/racket_target/closed_loop_phase_pre_strike: 0.1006
Metrics/racket_target/closed_loop_phase_strike: 0.0063
Metrics/racket_target/closed_loop_phase_follow_through: 0.0000
Metrics/racket_target/closed_loop_phase_recovery: 0.0000
Metrics/racket_target/closed_loop_phase_next_ready: 0.0000
Metrics/racket_target/post_contact_phase_impact_0_100ms_attempts: 4838.3125
Metrics/racket_target/post_contact_phase_impact_0_100ms_tilt_gt_0p1_rate: 1.0000
Metrics/racket_target/post_contact_phase_impact_0_100ms_pitch_gt_0p1_rate: 1.0000
Metrics/racket_target/post_contact_phase_impact_0_100ms_waist_overflow_gt_1p0_rate: 0.0000
Metrics/racket_target/post_contact_phase_impact_0_100ms_base_ang_vel_gt_0p8_rate: 0.9832
Metrics/racket_target/post_contact_phase_brake_100_300ms_attempts: 4754.9062
Metrics/racket_target/post_contact_phase_brake_100_300ms_tilt_gt_0p1_rate: 0.9970
Metrics/racket_target/post_contact_phase_brake_100_300ms_pitch_gt_0p1_rate: 0.9951
Metrics/racket_target/post_contact_phase_brake_100_300ms_waist_overflow_gt_1p0_rate: 0.0000
Metrics/racket_target/post_contact_phase_brake_100_300ms_base_ang_vel_gt_0p8_rate: 0.9944
Metrics/racket_target/post_contact_phase_settle_300_600ms_attempts: 4594.2812
Metrics/racket_target/post_contact_phase_settle_300_600ms_tilt_gt_0p1_rate: 0.8266
Metrics/racket_target/post_contact_phase_settle_300_600ms_pitch_gt_0p1_rate: 0.7782
Metrics/racket_target/post_contact_phase_settle_300_600ms_waist_overflow_gt_1p0_rate: 0.0000
Metrics/racket_target/post_contact_phase_settle_300_600ms_base_ang_vel_gt_0p8_rate: 0.9906
Metrics/racket_target/post_contact_phase_ready_after_600ms_attempts: 4326.0000
Metrics/racket_target/post_contact_phase_ready_after_600ms_tilt_gt_0p1_rate: 0.5472
Metrics/racket_target/post_contact_phase_ready_after_600ms_pitch_gt_0p1_rate: 0.4593
Metrics/racket_target/post_contact_phase_ready_after_600ms_waist_overflow_gt_1p0_rate: 0.0000
Metrics/racket_target/post_contact_phase_ready_after_600ms_base_ang_vel_gt_0p8_rate: 0.9369
Metrics/racket_target/base_pitch_like_signed: 0.0127
Metrics/racket_target/base_backward_velocity: 0.0495
Metrics/racket_target/waist_action_rms: 0.6120
Metrics/racket_target/right_arm_action_rms: 3.8901
Metrics/racket_target/leg_action_rms: 0.5046
Metrics/racket_target/action_abs_max: 7.8087
Metrics/racket_target/applied_action_abs_max: 7.6617
Metrics/racket_target/leg_action_abs_max: 1.0157
Metrics/racket_target/effective_action_abs_max: 7.6617
Metrics/racket_target/action_clamp_fraction: 0.0036
Metrics/racket_target/waist_action_clamp_fraction: 0.0000
Metrics/racket_target/right_arm_action_clamp_fraction: 0.0007
Metrics/racket_target/leg_action_clamp_fraction: 0.0089
Metrics/racket_target/waist_q_tracking_error_rms: 0.3386
Metrics/racket_target/right_arm_q_tracking_error_rms: 0.1997
Metrics/racket_target/leg_q_tracking_error_rms: 0.1894
Metrics/racket_target/waist_torque_clip_fraction: 0.0000
Metrics/racket_target/right_arm_torque_clip_fraction: 0.0015
Metrics/racket_target/leg_torque_clip_fraction: 0.0000
Metrics/racket_target/waist_action_delta_rms: 0.1632
Metrics/racket_target/right_arm_action_delta_rms: 0.9720
Metrics/racket_target/leg_action_delta_rms: 0.2707
Metrics/racket_target/waist_joint_vel_rms: 0.8212
Metrics/racket_target/right_arm_joint_vel_rms: 1.8224
Metrics/racket_target/leg_joint_vel_rms: 0.7407
Metrics/racket_target/recovery_leg_action_abs_max: 0.8196
Metrics/racket_target/recovery_leg_action_delta_rms: 0.2196
Metrics/racket_target/recovery_leg_joint_vel_rms: 0.5971
      Episode_Termination/time_out: 3.8438
  Episode_Termination/base_too_low: 0.0312
   Episode_Termination/base_tilted: 0.2188
   Episode_Termination/table_touch: 0.3125
Episode_Termination/persistent_action_overflow: 0.0000
--------------------------------------------------------------------------------
                   Total timesteps: 1179648
                    Iteration time: 2.29s
                      Time elapsed: 00:00:40
                               ETA: 00:00:06

################################################################################
                     [1m Learning iteration 1818/1820 [0m                     

                       Computation: 28673 steps/s (collection: 2.271s, learning 0.015s)
             Mean action noise std: 0.45
          Mean value_function loss: 0.0915
               Mean surrogate loss: 0.0000
                 Mean entropy loss: 2.8121
      Mean critic_only_warmup loss: 1.0000
                       Mean reward: 14.50
               Mean episode length: 466.77
 Episode_Reward/undesired_contacts: -0.0000
  Episode_Reward/feet_contact_slip: -0.0023
     Episode_Reward/table_no_touch: -0.0004
              Episode_Reward/alive: 0.0095
            Episode_Reward/upright: -0.0071
          Episode_Reward/imitation: 0.3925
    Episode_Reward/racket_position: 0.0732
Episode_Reward/backhand_racket_position: 0.0339
    Episode_Reward/racket_velocity: 0.0472
Episode_Reward/planner_racket_task_space_crossfade: 0.2984
Episode_Reward/exact_impact_planner_task_space_alignment: 0.0078
    Episode_Reward/blade_direction: 0.0434
Episode_Reward/health_gated_soft_ball_contact: 0.0477
Episode_Reward/health_gated_backhand_soft_ball_contact: 0.0314
Episode_Reward/health_gated_ball_contact: 0.0092
Episode_Reward/healthy_trunk_support: 0.0679
Episode_Reward/targeted_strike_attempt: 0.0108
  Episode_Reward/strike_inactivity: -0.0000
 Episode_Reward/pre_strike_station: 0.0707
    Episode_Reward/recovery_health: 0.0599
Episode_Reward/no_command_ready_stability: 0.0011
Episode_Reward/post_strike_base_ang_vel: 0.0114
Episode_Reward/phase_action_overflow: -0.0001
     Episode_Reward/strike_balance: 0.0278
Episode_Reward/prestrike_station_progress: 0.0175
 Episode_Reward/lower_body_support: 0.0410
Episode_Reward/termination_penalty: -0.0097
Episode_Reward/phase_action_rate_waist: -0.0003
Episode_Reward/phase_action_rate_upper: -0.0068
Episode_Reward/phase_action_rate_legs: -0.0003
        Episode_Reward/joint_limit: -0.0376
Episode_Reward/prestrike_racket_progress: 0.2050
Episode_Reward/near_impact_planner_velocity_progress: 0.0431
Episode_Reward/operational_joint_margin: -0.0043
  Episode_Reward/joint_target_slew: -0.0330
Episode_Reward/actuator_waist_feasibility: -0.0000
Episode_Reward/actuator_right_arm_feasibility: -0.0000
Episode_Reward/actuator_leg_feasibility: -0.0000
Episode_Reward/terminal_quality_window: 0.0014
Episode_Reward/safe_terminal_quality: 0.0025
Episode_Reward/unsafe_terminal_recovery: -0.0000
Episode_Reward/capability_gated_safe_terminal_outcome: 0.0182
Episode_Reward/targeted_contact_miss: -0.0025
    Metrics/motion/error_joint_pos: 2.1539
    Metrics/motion/error_joint_vel: 6.5684
     Metrics/motion/error_body_pos: 0.1505
     Metrics/motion/error_body_rot: 0.8551
       Metrics/motion/motion_phase: 0.0694
            Metrics/motion/in_hold: 0.3994
Metrics/motion/motion_start_warmup_prob: 0.8000
Metrics/motion/motion_start_lifecycle_progress: 0.0000
Metrics/motion/motion_start_effective_prestrike_fraction: 1.0000
Metrics/motion/motion_start_effective_recovery_fraction: 0.0000
Metrics/motion/motion_start_effective_rsi_fraction: 0.0000
 Metrics/motion/motion_start_reset: 0.0063
Metrics/motion/motion_start_prestrike_reset: 0.0000
Metrics/motion/motion_start_recovery_reset: 0.0000
Metrics/motion/motion_start_rsi_reset: 0.0000
 Metrics/motion/single_cycle_reset: 0.0000
     Metrics/motion/motion_clip_id: 0.5985
Metrics/motion/motion_supplemental_clip: 0.0000
      Metrics/motion/stand_episode: 0.0208
Metrics/motion/default_stand_reset: 0.0462
Metrics/motion/error_body_pos_lower: 0.1818
Metrics/motion/error_body_rot_lower: 1.0893
Metrics/motion/error_body_lin_vel_lower: 0.2076
Metrics/motion/error_body_ang_vel_lower: 0.9868
Metrics/motion/reference_body_lin_speed_lower: 0.0252
Metrics/motion/robot_body_lin_speed_lower: 0.1975
Metrics/motion/error_body_pos_core: 0.0637
Metrics/motion/error_body_rot_core: 0.5920
Metrics/motion/error_body_lin_vel_core: 0.2715
Metrics/motion/error_body_ang_vel_core: 1.1505
Metrics/motion/reference_body_lin_speed_core: 0.0155
Metrics/motion/robot_body_lin_speed_core: 0.2692
Metrics/motion/error_body_pos_upper: 0.1480
Metrics/motion/error_body_rot_upper: 0.7085
Metrics/motion/error_body_lin_vel_upper: 0.8395
Metrics/motion/error_body_ang_vel_upper: 2.8695
Metrics/motion/reference_body_lin_speed_upper: 0.0262
Metrics/motion/robot_body_lin_speed_upper: 0.8346
Metrics/motion/error_joint_pos_waist: 0.8380
Metrics/motion/error_joint_vel_waist: 1.4484
Metrics/motion/reference_joint_speed_waist: 0.0328
Metrics/motion/error_joint_pos_arms: 1.8362
Metrics/motion/error_joint_vel_arms: 5.5919
Metrics/motion/reference_joint_speed_arms: 0.0791
Metrics/motion/error_joint_pos_legs: 0.7103
Metrics/motion/error_joint_vel_legs: 2.4842
Metrics/motion/reference_joint_speed_legs: 0.0065
Metrics/racket_target/racket_pos_error: 0.1178
Metrics/racket_target/racket_vel_error: 1.3403
Metrics/racket_target/time_to_strike: 0.9716
Metrics/racket_target/return_success: 0.0000
Metrics/racket_target/prev_return_success: 0.0000
Metrics/racket_target/prev_net_cross: 0.6340
Metrics/racket_target/current_net_cross: 0.0122
Metrics/racket_target/racket_pos_curriculum_scale: 1.0000
Metrics/racket_target/impact_inverse_command_blend: 0.0000
Metrics/racket_target/steps_since_target_resample: 29.7513
Metrics/racket_target/recovery_height_error: 0.0458
Metrics/racket_target/recovery_upright_error: 0.1240
Metrics/racket_target/recovery_base_lin_vel: 0.2104
Metrics/racket_target/recovery_base_ang_vel: 1.0567
Metrics/racket_target/recovery_station_error: 0.0846
Metrics/racket_target/recovery_feet_contact_frac: 0.9612
Metrics/racket_target/recovery_racket_speed: 1.8532
Metrics/racket_target/recovery_height_score: 0.8496
Metrics/racket_target/recovery_upright_score: 0.8246
Metrics/racket_target/recovery_lin_vel_score: 0.6901
Metrics/racket_target/recovery_ang_vel_score: 0.3226
Metrics/racket_target/recovery_station_score: 0.8722
Metrics/racket_target/recovery_racket_score: 0.0724
Metrics/racket_target/recovery_arm_score: 0.5336
Metrics/racket_target/recovery_ready_score: 0.6876
Metrics/racket_target/recovery_anchor_arm_score: 1.0000
Metrics/racket_target/recovery_core_ready_score: 0.5850
Metrics/racket_target/recovery_functional_ready_score: 0.4974
Metrics/racket_target/waist_action_overflow_rms: 0.0000
Metrics/racket_target/right_arm_action_overflow_rms: 0.0000
Metrics/racket_target/leg_action_overflow_rms: 0.0039
Metrics/racket_target/operational_margin_fraction: 0.0032
Metrics/racket_target/waist_operational_margin_fraction: 0.0000
Metrics/racket_target/right_arm_operational_margin_fraction: 0.0000
Metrics/racket_target/leg_operational_margin_fraction: 0.0082
Metrics/racket_target/waist_operational_excess_rms: 0.0000
Metrics/racket_target/right_arm_operational_excess_rms: 0.0000
Metrics/racket_target/leg_operational_excess_rms: 0.0028
Metrics/racket_target/q_des_velocity_violation_fraction: 0.0992
Metrics/racket_target/waist_q_des_velocity_violation_fraction: 0.0173
Metrics/racket_target/right_arm_q_des_velocity_violation_fraction: 0.1253
Metrics/racket_target/leg_q_des_velocity_violation_fraction: 0.1370
Metrics/racket_target/q_des_acceleration_violation_fraction: 0.7066
Metrics/racket_target/waist_q_des_acceleration_violation_fraction: 0.6067
Metrics/racket_target/right_arm_q_des_acceleration_violation_fraction: 0.8137
Metrics/racket_target/leg_q_des_acceleration_violation_fraction: 0.7653
Metrics/racket_target/waist_q_des_velocity_rms: 3.7967
Metrics/racket_target/right_arm_q_des_velocity_rms: 8.9394
Metrics/racket_target/leg_q_des_velocity_rms: 7.5276
Metrics/racket_target/waist_q_des_acceleration_rms: 313.0742
Metrics/racket_target/right_arm_q_des_acceleration_rms: 768.0972
Metrics/racket_target/leg_q_des_acceleration_rms: 644.4257
Metrics/racket_target/action_operational_feasibility_score: 0.9663
Metrics/racket_target/actuator_overflow_consecutive_steps: 0.0000
Metrics/racket_target/actuator_overflow_severe: 0.0000
Metrics/racket_target/recovery_phase_gate: 0.6765
Metrics/racket_target/recovery_phase_ready_score: 0.4742
Metrics/racket_target/recovery_contact_ready_score: 0.0084
Metrics/racket_target/recovery_net_ready_score: 0.0084
Metrics/racket_target/recovery_return_ready_score: 0.0000
Metrics/racket_target/cycle_success_ready_score: 0.0000
Metrics/racket_target/cycle_success_soft: 0.0000
Metrics/racket_target/cycle_success_binary: 0.0000
Metrics/racket_target/cycle_v2_pending: 0.0000
Metrics/racket_target/cycle_v2_attempt_latch: 0.0000
Metrics/racket_target/cycle_v2_ready_success_latch: 0.0000
Metrics/racket_target/cycle_v2_ready_fail_latch: 0.0000
Metrics/racket_target/cycle_v2_attempt_event: 0.0000
Metrics/racket_target/cycle_v2_ready_success_event: 0.0000
Metrics/racket_target/cycle_v2_ready_fail_event: 0.0000
Metrics/racket_target/cycle_v2_unresolved_resample_fail_event: 0.0000
Metrics/racket_target/cycle_v2_resolved_event: 0.0000
Metrics/racket_target/cycle_v2_command_visible_steps: 0.0000
Metrics/racket_target/cycle_v2_elapsed_steps: 0.0000
Metrics/racket_target/cycle_v2_ready_score: 0.0000
Metrics/racket_target/cycle_v2_ready_ok: 0.0000
Metrics/racket_target/cycle_v2_visible: 0.0000
Metrics/racket_target/cycle_v2_ready_score_ok: 0.0000
Metrics/racket_target/cycle_v2_height_ok: 0.0000
Metrics/racket_target/cycle_v2_upright_ok: 0.0000
Metrics/racket_target/cycle_v2_base_lin_vel_ok: 0.0000
Metrics/racket_target/cycle_v2_base_ang_vel_ok: 0.0000
Metrics/racket_target/cycle_v2_feet_ok: 0.0000
Metrics/racket_target/cycle_v2_core_ready_ok: 0.0000
Metrics/racket_target/cycle_v2_ready_consecutive_steps: 0.0000
Metrics/racket_target/single_cycle_bootstrap: 0.0000
Metrics/racket_target/single_cycle_swing_completed: 0.0000
Metrics/racket_target/single_cycle_recovery_active: 0.0000
Metrics/racket_target/single_cycle_recovery_elapsed_steps: 0.0000
Metrics/racket_target/single_cycle_ready_consecutive_steps: 0.0000
Metrics/racket_target/single_cycle_safe_timeout_event: 0.0000
Metrics/racket_target/single_cycle_deadline_timeout_event: 0.0000
Metrics/racket_target/single_cycle_timeout_latch: 0.0000
Metrics/racket_target/single_cycle_hard_failure_event: 0.0000
Metrics/racket_target/single_cycle_probability: 0.0000
Metrics/racket_target/single_cycle_curriculum_level: 0.0000
Metrics/racket_target/single_cycle_effective_deadline_steps: 100.0000
Metrics/racket_target/single_cycle_selected_events: 0.0000
Metrics/racket_target/single_cycle_completed_events: 0.0000
Metrics/racket_target/single_cycle_safe_timeout_events: 0.0000
Metrics/racket_target/single_cycle_deadline_timeout_events: 0.0000
Metrics/racket_target/single_cycle_hard_failure_events: 0.0000
Metrics/racket_target/active_ready_consecutive_steps: 0.0312
Metrics/racket_target/active_ready_success_event: 0.0000
Metrics/racket_target/active_ready_success_latch: 0.0000
Metrics/racket_target/active_ready_survival_steps: 0.0000
Metrics/racket_target/active_ready_survival_next_milestone: 0.0000
Metrics/racket_target/active_ready_survival_milestone_event: 0.0000
Metrics/racket_target/no_command_ready_active: 0.0417
Metrics/racket_target/no_command_from_stand_episode: 0.0208
Metrics/racket_target/no_command_from_default_stand_reset: 0.0208
Metrics/racket_target/no_command_ready_upright_ok: 0.0339
Metrics/racket_target/no_command_ready_motion_ok: 0.0208
Metrics/racket_target/no_command_ready_score: 0.0243
Metrics/racket_target/no_command_ready_progress: 0.0232
Metrics/racket_target/no_command_ready_station_error: 0.0066
Metrics/racket_target/no_command_ready_fixed_station_error: 0.0066
Metrics/racket_target/healthy_training_stage: 3.0000
Metrics/racket_target/healthy_stage_planted_rehearsal: 0.0000
Metrics/racket_target/healthy_stage_station_hold_seen: 0.0000
Metrics/racket_target/healthy_stage_station_arrived: 0.0000
Metrics/racket_target/healthy_stage_station_settled: 0.0000
Metrics/racket_target/healthy_stage_station_settle_steps: 0.0000
Metrics/racket_target/station_relocation_active: 0.0000
Metrics/racket_target/station_relocation_target_offset_y: 0.0000
Metrics/racket_target/station_relocation_error: 0.0000
Metrics/racket_target/station_relocation_arrival_event: 0.0000
Metrics/racket_target/station_relocation_settle_event: 0.0000
Metrics/racket_target/station_relocation_release_event: 0.0000
Metrics/racket_target/station_relocation_timeout_event: 0.0000
Metrics/racket_target/station_relocation_elapsed_steps: 0.0000
Metrics/racket_target/station_relocation_hold_deadline_steps: 0.0000
Metrics/racket_target/lifecycle_recovery_hold_active: 0.0000
Metrics/racket_target/lifecycle_recovery_release_success_event: 0.0000
Metrics/racket_target/lifecycle_recovery_release_fail_event: 0.0000
Metrics/racket_target/station_relocation_level: 0.0000
Metrics/racket_target/station_relocation_arrival_ema: 0.0000
Metrics/racket_target/station_relocation_settle_ema: 0.0000
Metrics/racket_target/station_relocation_contact_ema: 0.0000
Metrics/racket_target/station_relocation_safety_ema: 0.0000
Metrics/racket_target/station_relocation_resolved_events: 0.0000
Metrics/racket_target/station_relocation_terminal_reset_events: 0.0000
Metrics/racket_target/station_relocation_advance_streak: 0.0000
Metrics/racket_target/station_relocation_regress_streak: 0.0000
Metrics/racket_target/station_relocation_effective_max_lin_vel: 0.0000
Metrics/racket_target/station_relocation_effective_max_ang_vel: 0.0000
Metrics/racket_target/station_relocation_effective_min_settle_steps: 0.0000
Metrics/racket_target/ability_curriculum_level: 0.0000
Metrics/racket_target/ability_curriculum_scale: 1.0000
Metrics/racket_target/ability_curriculum_resolved_events: 1252.6250
Metrics/racket_target/ability_curriculum_total_resolved_events: 5359.6250
Metrics/racket_target/ability_curriculum_advance_streak: 0.0000
Metrics/racket_target/ability_curriculum_regress_streak: 0.0000
Metrics/racket_target/ability_contact_ema: 0.6787
Metrics/racket_target/ability_net_ema: 0.6717
Metrics/racket_target/ability_success_ema: 0.0173
Metrics/racket_target/ability_recovery_ema: 0.8032
Metrics/racket_target/ability_cycle_ema: 0.0173
Metrics/racket_target/ability_cycle_attempt_ema: 0.0173
Metrics/racket_target/ability_cycle_resolved_ema: 0.0173
Metrics/racket_target/ability_forehand_contact_ema: 0.7607
Metrics/racket_target/ability_forehand_net_ema: 0.7532
Metrics/racket_target/ability_forehand_success_ema: 0.0158
Metrics/racket_target/ability_backhand_contact_ema: 0.6325
Metrics/racket_target/ability_backhand_net_ema: 0.6259
Metrics/racket_target/ability_backhand_success_ema: 0.0193
Metrics/racket_target/ability_attempt_ema: 1.0000
Metrics/racket_target/ability_targeted_attempt_ema: 0.9952
Metrics/racket_target/impact_health_floor_progress: 0.0000
Metrics/racket_target/ability_safety_ema: 0.9487
Metrics/racket_target/ability_station_saturation_ema: 0.0000
Metrics/racket_target/ability_healthy_normal_ema: 0.9993
Metrics/racket_target/ability_station_arrival_ema: 0.0000
Metrics/racket_target/ability_station_settle_ema: 0.0000
Metrics/racket_target/safe_outcome_capability_gate: 0.5314
Metrics/racket_target/planner_hit_plane_blend: 1.0000
Metrics/racket_target/planner_hit_plane_x_delta: 0.0367
Metrics/racket_target/true_strike_table_x: 0.2000
Metrics/racket_target/planner_target_table_x: 0.2000
Metrics/racket_target/workspace_level: 0.0000
Metrics/racket_target/workspace_fringe_sample: 0.0000
Metrics/racket_target/workspace_target_lateral_norm: 0.3020
Metrics/racket_target/workspace_target_table_y: -0.2182
Metrics/racket_target/workspace_playable_y_min: -0.7225
Metrics/racket_target/workspace_playable_y_max: 0.7225
Metrics/racket_target/workspace_active_y_lo: -0.2846
Metrics/racket_target/workspace_active_y_hi: -0.1526
Metrics/racket_target/workspace_motion_seed_blend: 0.0000
Metrics/racket_target/planner_perturb_curriculum_scale: 1.0000
Metrics/racket_target/incoming_ball_horizontal_speed: 2.2304
Metrics/racket_target/incoming_ball_speed: 4.6267
Metrics/racket_target/incoming_ball_speed_curriculum_level: 0.0000
Metrics/racket_target/incoming_ball_speed_sample_low: 0.0000
Metrics/racket_target/incoming_ball_speed_sample_high: 0.0000
Metrics/racket_target/station_saturated: 0.0000
Metrics/racket_target/station_raw_clip_excess: 0.0000
Metrics/racket_target/station_saturated_x: 0.0000
Metrics/racket_target/station_saturated_y: 0.0000
Metrics/racket_target/station_raw_clip_excess_x: 0.0000
Metrics/racket_target/station_raw_clip_excess_y: 0.0000
Metrics/racket_target/current_swing_opportunity: 0.0505
Metrics/racket_target/current_swing_attempt: 0.0505
Metrics/racket_target/current_swing_targeted_attempt: 0.0505
Metrics/racket_target/prev_swing_targeted_attempt: 0.9413
Metrics/racket_target/current_swing_unsafe: 0.0648
Metrics/racket_target/current_swing_station_saturated: 0.0000
Metrics/racket_target/impact_health_score: 0.8771
Metrics/racket_target/impact_health_ok: 0.8922
Metrics/racket_target/impact_health_backlean_violation: 0.0115
Metrics/racket_target/impact_health_waist_backfold: 0.0000
Metrics/racket_target/impact_health_base_retreat: 0.0314
Metrics/racket_target/impact_health_torso_gravity_x: 0.3274
Metrics/racket_target/impact_health_torso_ang_vel: 0.5414
Metrics/racket_target/impact_health_com_x: 0.0461
Metrics/racket_target/impact_health_com_y: 0.0246
Metrics/racket_target/post_contact_ready_pending: 0.0000
Metrics/racket_target/post_contact_ready_elapsed_steps: 0.0538
Metrics/racket_target/post_contact_ready_consecutive_steps: 0.0000
Metrics/racket_target/post_contact_ready_diagnostic_pending: 0.0000
Metrics/racket_target/post_contact_ready_diagnostic_elapsed_steps: 0.4618
Metrics/racket_target/post_contact_ready_durable_pending: 0.0000
Metrics/racket_target/post_contact_ready_durable_consecutive_steps: 0.0000
Metrics/racket_target/post_contact_ready_durable_ready_now: 0.0000
Metrics/racket_target/post_contact_ready_durable_success_event: 0.0000
Metrics/racket_target/post_contact_ready_durable_fail_event: 0.0000
Metrics/racket_target/post_contact_ready_durable_resolution_success_rate: 0.2579
Metrics/racket_target/post_contact_ready_durable_resolution_fail_rate: 0.6864
Metrics/racket_target/post_contact_ready_durable_resolution_success_latency_steps: 35.0000
Metrics/racket_target/post_contact_ready_durable_resolution_fail_latency_steps: 33.4727
Metrics/racket_target/post_contact_ready_durable_fail_backlean_rate: 0.0532
Metrics/racket_target/post_contact_ready_durable_fail_forward_lean_rate: 0.8578
Metrics/racket_target/post_contact_ready_durable_fail_torso_ang_vel_rate: 0.0535
Metrics/racket_target/post_contact_ready_durable_fail_base_lin_vel_rate: 0.0543
Metrics/racket_target/post_contact_ready_durable_fail_base_ang_vel_rate: 0.4027
Metrics/racket_target/post_contact_ready_durable_fail_racket_speed_rate: 0.0532
Metrics/racket_target/post_contact_ready_durable_fail_height_rate: 0.0535
Metrics/racket_target/post_contact_ready_durable_fail_com_x_rate: 0.0558
Metrics/racket_target/post_contact_ready_durable_fail_com_y_rate: 0.0535
Metrics/racket_target/post_contact_ready_durable_fail_feet_rate: 0.0532
Metrics/racket_target/post_contact_ready_durable_fail_station_rate: 0.0540
Metrics/racket_target/post_contact_ready_durable_fail_arm_rate: 0.0532
Metrics/racket_target/post_contact_ready_terminal_window_active: 0.0000
Metrics/racket_target/post_contact_ready_terminal_quality: 0.0113
Metrics/racket_target/post_contact_ready_terminal_settlement_event: 0.0000
Metrics/racket_target/post_contact_ready_operational_ready_now: 0.0000
Metrics/racket_target/post_contact_ready_operational_consecutive_steps: 0.0000
Metrics/racket_target/post_contact_ready_safe_settlement_event: 0.0000
Metrics/racket_target/post_contact_ready_unsafe_settlement_event: 0.0000
Metrics/racket_target/post_contact_ready_incomplete_settlement_event: 0.0000
Metrics/racket_target/post_contact_ready_safe_net_cycle_event: 0.0000
Metrics/racket_target/post_contact_ready_terminal_quality_mean: 0.9252
Metrics/racket_target/post_contact_ready_safe_terminal_quality_mean: 0.9345
Metrics/racket_target/post_contact_ready_terminal_safe_rate: 0.7166
Metrics/racket_target/post_contact_ready_terminal_unsafe_rate: 0.0309
Metrics/racket_target/post_contact_ready_terminal_incomplete_rate: 0.2525
Metrics/racket_target/post_contact_ready_safe_net_cycle_rate: 0.6995
Metrics/racket_target/post_contact_ready_score: 0.7568
Metrics/racket_target/post_contact_ready_now: 0.0000
Metrics/racket_target/post_contact_ready_success_event: 0.0000
Metrics/racket_target/post_contact_ready_fail_event: 0.0000
Metrics/racket_target/post_contact_ready_outcome_tier: -0.9757
Metrics/racket_target/post_contact_ready_face_quality: 0.0051
Metrics/racket_target/post_contact_ready_safe_face_net_cycle_value: 0.0000
Metrics/racket_target/post_contact_ready_planner_speed_ratio: 0.0102
Metrics/racket_target/post_contact_ready_planner_direction_error_rad: 0.0025
Metrics/racket_target/post_contact_ready_planner_position_error: 0.0010
Metrics/racket_target/post_contact_ready_impact_health_score: 0.0120
Metrics/racket_target/post_contact_ready_peak_base_ang_vel: 0.0176
Metrics/racket_target/post_contact_ready_peak_ang_vel_excess_increment: 0.0000
Metrics/racket_target/post_contact_ready_envelope_violation_latch: 0.0000
Metrics/racket_target/post_contact_ready_envelope_violation_event: 0.0000
Metrics/racket_target/post_contact_ready_envelope_first_violation_step: -1.0000
Metrics/racket_target/post_contact_ready_envelope_attempts: 5096.5938
Metrics/racket_target/post_contact_ready_envelope_violation_rate: 0.0306
Metrics/racket_target/post_contact_ready_envelope_tilt_violation_rate: 0.0002
Metrics/racket_target/post_contact_ready_envelope_pitch_violation_rate: 0.0004
Metrics/racket_target/post_contact_ready_envelope_com_violation_rate: 0.0012
Metrics/racket_target/post_contact_ready_envelope_waist_violation_rate: 0.0000
Metrics/racket_target/post_contact_ready_envelope_leg_violation_rate: 0.0000
Metrics/racket_target/post_contact_ready_envelope_base_ang_vel_violation_rate: 0.0299
Metrics/racket_target/post_contact_ready_resolution_success_rate: 0.9833
Metrics/racket_target/post_contact_ready_resolution_fail_rate: 0.0100
Metrics/racket_target/post_contact_ready_resolution_success_latency_steps: 4.7322
Metrics/racket_target/post_contact_ready_resolution_fail_latency_steps: 9.9608
Metrics/racket_target/post_contact_ready_max_tilt: 0.0026
Metrics/racket_target/post_contact_ready_max_abs_pitch: 0.0026
Metrics/racket_target/post_contact_ready_max_com_x: 0.0003
Metrics/racket_target/post_contact_ready_max_com_y: 0.0003
Metrics/racket_target/post_contact_ready_max_waist_overflow: 0.0000
Metrics/racket_target/post_contact_ready_max_leg_overflow: 0.0000
Metrics/racket_target/post_contact_ready_settlement_velocity_score_ema: 0.6590
Metrics/racket_target/post_contact_ready_settlement_position_gate_ema: 0.7770
Metrics/racket_target/post_contact_ready_settlement_health_gate_ema: 0.9795
Metrics/racket_target/post_contact_ready_settlement_recovery_gate_ema: 0.4849
Metrics/racket_target/post_contact_ready_settlement_total_score_ema: 0.2390
Metrics/racket_target/post_contact_recovery_backlean_error: 0.0478
Metrics/racket_target/post_contact_recovery_directional_progress: 0.0000
Metrics/racket_target/post_contact_ready_torso_ok: 0.0650
Metrics/racket_target/post_contact_ready_motion_ok: 0.7150
Metrics/racket_target/post_contact_ready_support_ok: 0.9193
Metrics/racket_target/post_contact_ready_arm_ok: 1.0000
Metrics/racket_target/post_contact_ready_base_lin_vel_ok: 0.9130
Metrics/racket_target/post_contact_ready_base_ang_vel_ok: 0.8039
Metrics/racket_target/post_contact_ready_racket_speed_ok: 0.8849
Metrics/racket_target/post_contact_ready_height_ok: 0.9352
Metrics/racket_target/post_contact_ready_com_x_ok: 0.9193
Metrics/racket_target/post_contact_ready_com_y_ok: 0.9937
Metrics/racket_target/post_contact_ready_feet_ok: 0.9844
Metrics/racket_target/post_contact_ready_station_ok: 0.9193
Metrics/racket_target/post_contact_ready_fail_torso: 0.0000
Metrics/racket_target/post_contact_ready_fail_base_lin_vel: 0.0000
Metrics/racket_target/post_contact_ready_fail_base_ang_vel: 0.0000
Metrics/racket_target/post_contact_ready_fail_racket_speed: 0.0000
Metrics/racket_target/post_contact_ready_fail_support: 0.0000
Metrics/racket_target/post_contact_ready_fail_arm: 0.0000
Metrics/racket_target/post_contact_ready_shadow_now: 0.0000
Metrics/racket_target/post_contact_ready_shadow_consecutive_steps: 0.0000
Metrics/racket_target/post_contact_ready_shadow_success_latch: 0.0000
Metrics/racket_target/post_contact_ready_curriculum_level: 0.0000
Metrics/racket_target/post_contact_ready_curriculum_fraction: 1.0000
Metrics/racket_target/post_contact_ready_curriculum_success_ema: 0.0000
Metrics/racket_target/post_contact_ready_curriculum_shadow_success_ema: 0.0000
Metrics/racket_target/post_contact_ready_curriculum_resolved_events: 0.0000
Metrics/racket_target/post_contact_ready_curriculum_successful_events: 0.0000
Metrics/racket_target/post_contact_ready_curriculum_targeted_attempt_ema: 0.0000
Metrics/racket_target/post_contact_ready_curriculum_return_success_ema: 0.0000
Metrics/racket_target/post_contact_ready_curriculum_completed_swings: 0.0000
Metrics/racket_target/post_contact_ready_curriculum_advance_streak: 0.0000
Metrics/racket_target/post_contact_ready_curriculum_advance_guard_ok: 0.0000
Metrics/racket_target/post_contact_ready_effective_max_torso_ang_vel: 1.5000
Metrics/racket_target/post_contact_ready_effective_torso_x_min: -0.1200
Metrics/racket_target/post_contact_ready_effective_torso_x_max: 0.3200
Metrics/racket_target/post_contact_ready_effective_max_base_lin_vel: 0.4500
Metrics/racket_target/post_contact_ready_effective_max_base_ang_vel: 1.3000
Metrics/racket_target/post_contact_ready_effective_max_racket_speed: 3.0000
Metrics/racket_target/post_contact_ready_effective_min_feet_contact: 0.5000
Metrics/racket_target/post_contact_ready_effective_required_consecutive_steps: 3.0000
Metrics/racket_target/post_contact_ready_effective_deadline_steps: 40.0000
Metrics/racket_target/post_contact_ready_curriculum_advance_threshold: 1.0000
Metrics/racket_target/post_contact_ready_curriculum_advance_min_events: 0.0000
Metrics/racket_target/post_contact_ready_curriculum_shadow_threshold: 1.0000
Metrics/racket_target/post_contact_ready_curriculum_min_targeted_attempt_ema: 0.0000
Metrics/racket_target/post_contact_ready_curriculum_min_return_success_ema: 0.0000
Metrics/racket_target/post_contact_ready_curriculum_min_completed_swings: 1.0000
Metrics/racket_target/post_contact_ready_curriculum_required_advance_checks: 1.0000
Metrics/racket_target/racket_normal_error_deg: 64.8109
Metrics/racket_target/impact_normal_error_deg: 0.6653
Metrics/racket_target/impact_racket_vel_error_mps: 0.5810
Metrics/racket_target/impact_racket_speed_ratio: 0.8814
Metrics/racket_target/impact_racket_vel_angle_deg: 13.9518
Metrics/racket_target/impact_racket_actual_vel_x: 0.8460
Metrics/racket_target/impact_racket_actual_vel_y: 0.0848
Metrics/racket_target/impact_racket_actual_vel_z: 1.3731
Metrics/racket_target/impact_racket_target_vel_x: 1.1950
Metrics/racket_target/impact_racket_target_vel_y: -0.0168
Metrics/racket_target/impact_racket_target_vel_z: 1.3327
Metrics/racket_target/impact_ball_out_error_mps: 4.4836
Metrics/racket_target/impact_face_radial_error_m: 0.0581
Metrics/racket_target/impact_face_normal_gap_m: 0.0483
Metrics/racket_target/impact_face_quality: 0.6770
Metrics/racket_target/impact_center_contact: 0.0000
Metrics/racket_target/impact_center_net_cross: 0.0000
Metrics/racket_target/impact_center_on_opponent: 0.0000
Metrics/racket_target/impact_rim_contact: 0.0000
Metrics/racket_target/impact_rim_net_cross: 0.0000
Metrics/racket_target/impact_rim_on_opponent: 0.0000
Metrics/racket_target/impact_analytic_outer_contact: 0.0000
Metrics/racket_target/impact_analytic_outer_net_cross: 0.0000
Metrics/racket_target/impact_analytic_outer_on_opponent: 0.0000
Metrics/racket_target/impact_planner_pos_error_m: 0.0821
Metrics/racket_target/impact_planner_vel_error_mps: 0.5810
Metrics/racket_target/impact_planner_speed_ratio: 0.8814
Metrics/racket_target/impact_planner_vel_angle_deg: 13.9518
Metrics/racket_target/impact_healthy_normal_ok: 0.0000
Metrics/racket_target/impact_healthy_contact: 0.0000
Metrics/racket_target/impact_healthy_net_cross: 0.0000
Metrics/racket_target/impact_healthy_on_opponent: 0.0000
Metrics/racket_target/current_swing_impact_health_score: 0.0120
Metrics/racket_target/current_swing_healthy_contact: 0.0122
Metrics/racket_target/current_swing_healthy_net_cross: 0.0122
Metrics/racket_target/current_swing_healthy_on_opponent: 0.0000
Metrics/racket_target/current_swing_healthy_normal_ok: 0.0505
Metrics/racket_target/current_swing_contact: 0.0122
Metrics/racket_target/current_swing_net_cross: 0.0122
Metrics/racket_target/current_swing_on_opponent: 0.0000
Metrics/racket_target/current_swing_center_contact: 0.0000
Metrics/racket_target/current_swing_center_net_cross: 0.0000
Metrics/racket_target/current_swing_center_on_opponent: 0.0000
Metrics/racket_target/current_swing_rim_contact: 0.0069
Metrics/racket_target/current_swing_rim_net_cross: 0.0069
Metrics/racket_target/current_swing_rim_on_opponent: 0.0000
Metrics/racket_target/current_swing_analytic_outer_contact: 0.0052
Metrics/racket_target/current_swing_analytic_outer_net_cross: 0.0052
Metrics/racket_target/current_swing_analytic_outer_on_opponent: 0.0000
Metrics/racket_target/cycle_v2_outcome_tier: -1.0000
Metrics/racket_target/cycle_v2_streak: 0.0000
Metrics/racket_target/closed_loop_recovery_trigger_event: 0.0000
Metrics/racket_target/closed_loop_cycle_success_event: 0.0000
Metrics/racket_target/closed_loop_durable_cycle_success_event: 0.0000
Metrics/racket_target/closed_loop_phase_id: 1.0248
Metrics/racket_target/closed_loop_phase_ready_no_command: 0.0417
Metrics/racket_target/closed_loop_phase_command_acquire: 0.8981
Metrics/racket_target/closed_loop_phase_pre_strike: 0.0540
Metrics/racket_target/closed_loop_phase_strike: 0.0063
Metrics/racket_target/closed_loop_phase_follow_through: 0.0000
Metrics/racket_target/closed_loop_phase_recovery: 0.0000
Metrics/racket_target/closed_loop_phase_next_ready: 0.0000
Metrics/racket_target/post_contact_phase_impact_0_100ms_attempts: 5096.5938
Metrics/racket_target/post_contact_phase_impact_0_100ms_tilt_gt_0p1_rate: 1.0000
Metrics/racket_target/post_contact_phase_impact_0_100ms_pitch_gt_0p1_rate: 1.0000
Metrics/racket_target/post_contact_phase_impact_0_100ms_waist_overflow_gt_1p0_rate: 0.0000
Metrics/racket_target/post_contact_phase_impact_0_100ms_base_ang_vel_gt_0p8_rate: 0.9832
Metrics/racket_target/post_contact_phase_brake_100_300ms_attempts: 5016.8750
Metrics/racket_target/post_contact_phase_brake_100_300ms_tilt_gt_0p1_rate: 0.9972
Metrics/racket_target/post_contact_phase_brake_100_300ms_pitch_gt_0p1_rate: 0.9951
Metrics/racket_target/post_contact_phase_brake_100_300ms_waist_overflow_gt_1p0_rate: 0.0000
Metrics/racket_target/post_contact_phase_brake_100_300ms_base_ang_vel_gt_0p8_rate: 0.9950
Metrics/racket_target/post_contact_phase_settle_300_600ms_attempts: 4861.5625
Metrics/racket_target/post_contact_phase_settle_300_600ms_tilt_gt_0p1_rate: 0.8271
Metrics/racket_target/post_contact_phase_settle_300_600ms_pitch_gt_0p1_rate: 0.7795
Metrics/racket_target/post_contact_phase_settle_300_600ms_waist_overflow_gt_1p0_rate: 0.0000
Metrics/racket_target/post_contact_phase_settle_300_600ms_base_ang_vel_gt_0p8_rate: 0.9916
Metrics/racket_target/post_contact_phase_ready_after_600ms_attempts: 4591.1250
Metrics/racket_target/post_contact_phase_ready_after_600ms_tilt_gt_0p1_rate: 0.5488
Metrics/racket_target/post_contact_phase_ready_after_600ms_pitch_gt_0p1_rate: 0.4624
Metrics/racket_target/post_contact_phase_ready_after_600ms_waist_overflow_gt_1p0_rate: 0.0000
Metrics/racket_target/post_contact_phase_ready_after_600ms_base_ang_vel_gt_0p8_rate: 0.9374
Metrics/racket_target/base_pitch_like_signed: -0.0129
Metrics/racket_target/base_backward_velocity: 0.0642
Metrics/racket_target/waist_action_rms: 0.6042
Metrics/racket_target/right_arm_action_rms: 3.8843
Metrics/racket_target/leg_action_rms: 0.4810
Metrics/racket_target/action_abs_max: 7.6923
Metrics/racket_target/applied_action_abs_max: 7.6366
Metrics/racket_target/leg_action_abs_max: 0.9506
Metrics/racket_target/effective_action_abs_max: 7.6366
Metrics/racket_target/action_clamp_fraction: 0.0013
Metrics/racket_target/waist_action_clamp_fraction: 0.0000
Metrics/racket_target/right_arm_action_clamp_fraction: 0.0000
Metrics/racket_target/leg_action_clamp_fraction: 0.0034
Metrics/racket_target/waist_q_tracking_error_rms: 0.3405
Metrics/racket_target/right_arm_q_tracking_error_rms: 0.2054
Metrics/racket_target/leg_q_tracking_error_rms: 0.1832
Metrics/racket_target/waist_torque_clip_fraction: 0.0000
Metrics/racket_target/right_arm_torque_clip_fraction: 0.0022
Metrics/racket_target/leg_torque_clip_fraction: 0.0000
Metrics/racket_target/waist_action_delta_rms: 0.1635
Metrics/racket_target/right_arm_action_delta_rms: 1.0000
Metrics/racket_target/leg_action_delta_rms: 0.2768
Metrics/racket_target/waist_joint_vel_rms: 0.8335
Metrics/racket_target/right_arm_joint_vel_rms: 1.7403
Metrics/racket_target/leg_joint_vel_rms: 0.7163
Metrics/racket_target/recovery_leg_action_abs_max: 0.6223
Metrics/racket_target/recovery_leg_action_delta_rms: 0.1920
Metrics/racket_target/recovery_leg_joint_vel_rms: 0.4777
      Episode_Termination/time_out: 3.7812
  Episode_Termination/base_too_low: 0.0312
   Episode_Termination/base_tilted: 0.2500
   Episode_Termination/table_touch: 0.0938
Episode_Termination/persistent_action_overflow: 0.0000
--------------------------------------------------------------------------------
                   Total timesteps: 1245184
                    Iteration time: 2.29s
                      Time elapsed: 00:00:43
                               ETA: 00:00:04

################################################################################
                     [1m Learning iteration 1819/1820 [0m                     

                       Computation: 28206 steps/s (collection: 2.308s, learning 0.015s)
             Mean action noise std: 0.45
          Mean value_function loss: 0.0685
               Mean surrogate loss: -0.0000
                 Mean entropy loss: 2.8121
      Mean critic_only_warmup loss: 1.0000
                       Mean reward: 14.61
               Mean episode length: 469.11
 Episode_Reward/undesired_contacts: 0.0000
  Episode_Reward/feet_contact_slip: -0.0023
     Episode_Reward/table_no_touch: -0.0004
              Episode_Reward/alive: 0.0095
            Episode_Reward/upright: -0.0073
          Episode_Reward/imitation: 0.3950
    Episode_Reward/racket_position: 0.0729
Episode_Reward/backhand_racket_position: 0.0327
    Episode_Reward/racket_velocity: 0.0478
Episode_Reward/planner_racket_task_space_crossfade: 0.3013
Episode_Reward/exact_impact_planner_task_space_alignment: 0.0068
    Episode_Reward/blade_direction: 0.0439
Episode_Reward/health_gated_soft_ball_contact: 0.0468
Episode_Reward/health_gated_backhand_soft_ball_contact: 0.0299
Episode_Reward/health_gated_ball_contact: 0.0083
Episode_Reward/healthy_trunk_support: 0.0669
Episode_Reward/targeted_strike_attempt: 0.0108
  Episode_Reward/strike_inactivity: -0.0001
 Episode_Reward/pre_strike_station: 0.0688
    Episode_Reward/recovery_health: 0.0596
Episode_Reward/no_command_ready_stability: 0.0008
Episode_Reward/post_strike_base_ang_vel: 0.0115
Episode_Reward/phase_action_overflow: -0.0001
     Episode_Reward/strike_balance: 0.0278
Episode_Reward/prestrike_station_progress: 0.0175
 Episode_Reward/lower_body_support: 0.0414
Episode_Reward/termination_penalty: -0.0106
Episode_Reward/phase_action_rate_waist: -0.0003
Episode_Reward/phase_action_rate_upper: -0.0067
Episode_Reward/phase_action_rate_legs: -0.0003
        Episode_Reward/joint_limit: -0.0370
Episode_Reward/prestrike_racket_progress: 0.2064
Episode_Reward/near_impact_planner_velocity_progress: 0.0435
Episode_Reward/operational_joint_margin: -0.0045
  Episode_Reward/joint_target_slew: -0.0328
Episode_Reward/actuator_waist_feasibility: -0.0000
Episode_Reward/actuator_right_arm_feasibility: -0.0000
Episode_Reward/actuator_leg_feasibility: -0.0000
Episode_Reward/terminal_quality_window: 0.0013
Episode_Reward/safe_terminal_quality: 0.0024
Episode_Reward/unsafe_terminal_recovery: -0.0000
Episode_Reward/capability_gated_safe_terminal_outcome: 0.0173
Episode_Reward/targeted_contact_miss: -0.0030
    Metrics/motion/error_joint_pos: 2.1449
    Metrics/motion/error_joint_vel: 6.0812
     Metrics/motion/error_body_pos: 0.1391
     Metrics/motion/error_body_rot: 0.8006
       Metrics/motion/motion_phase: 0.1834
            Metrics/motion/in_hold: 0.3515
Metrics/motion/motion_start_warmup_prob: 0.8000
Metrics/motion/motion_start_lifecycle_progress: 0.0000
Metrics/motion/motion_start_effective_prestrike_fraction: 1.0000
Metrics/motion/motion_start_effective_recovery_fraction: 0.0000
Metrics/motion/motion_start_effective_rsi_fraction: 0.0000
 Metrics/motion/motion_start_reset: 0.0000
Metrics/motion/motion_start_prestrike_reset: 0.0000
Metrics/motion/motion_start_recovery_reset: 0.0000
Metrics/motion/motion_start_rsi_reset: 0.0000
 Metrics/motion/single_cycle_reset: 0.0000
     Metrics/motion/motion_clip_id: 0.6134
Metrics/motion/motion_supplemental_clip: 0.0000
      Metrics/motion/stand_episode: 0.0045
Metrics/motion/default_stand_reset: 0.0428
Metrics/motion/error_body_pos_lower: 0.1667
Metrics/motion/error_body_rot_lower: 0.9956
Metrics/motion/error_body_lin_vel_lower: 0.1527
Metrics/motion/error_body_ang_vel_lower: 0.8727
Metrics/motion/reference_body_lin_speed_lower: 0.0249
Metrics/motion/robot_body_lin_speed_lower: 0.1450
Metrics/motion/error_body_pos_core: 0.0580
Metrics/motion/error_body_rot_core: 0.5298
Metrics/motion/error_body_lin_vel_core: 0.2162
Metrics/motion/error_body_ang_vel_core: 1.0641
Metrics/motion/reference_body_lin_speed_core: 0.0133
Metrics/motion/robot_body_lin_speed_core: 0.2168
Metrics/motion/error_body_pos_upper: 0.1386
Metrics/motion/error_body_rot_upper: 0.6958
Metrics/motion/error_body_lin_vel_upper: 0.8070
Metrics/motion/error_body_ang_vel_upper: 2.6960
Metrics/motion/reference_body_lin_speed_upper: 0.0263
Metrics/motion/robot_body_lin_speed_upper: 0.8056
Metrics/motion/error_joint_pos_waist: 0.7766
Metrics/motion/error_joint_vel_waist: 1.3703
Metrics/motion/reference_joint_speed_waist: 0.0329
Metrics/motion/error_joint_pos_arms: 1.8525
Metrics/motion/error_joint_vel_arms: 5.2207
Metrics/motion/reference_joint_speed_arms: 0.0721
Metrics/motion/error_joint_pos_legs: 0.6880
Metrics/motion/error_joint_vel_legs: 2.5198
Metrics/motion/reference_joint_speed_legs: 0.0065
Metrics/racket_target/racket_pos_error: 0.1398
Metrics/racket_target/racket_vel_error: 1.3891
Metrics/racket_target/time_to_strike: 0.6324
Metrics/racket_target/return_success: 0.0182
Metrics/racket_target/prev_return_success: 0.0130
Metrics/racket_target/prev_net_cross: 0.6198
Metrics/racket_target/current_net_cross: 0.0371
Metrics/racket_target/racket_pos_curriculum_scale: 1.0000
Metrics/racket_target/impact_inverse_command_blend: 0.0000
Metrics/racket_target/steps_since_target_resample: 43.2893
Metrics/racket_target/recovery_height_error: 0.0390
Metrics/racket_target/recovery_upright_error: 0.1190
Metrics/racket_target/recovery_base_lin_vel: 0.1804
Metrics/racket_target/recovery_base_ang_vel: 0.9873
Metrics/racket_target/recovery_station_error: 0.0817
Metrics/racket_target/recovery_feet_contact_frac: 0.9847
Metrics/racket_target/recovery_racket_speed: 2.1352
Metrics/racket_target/recovery_height_score: 0.8662
Metrics/racket_target/recovery_upright_score: 0.8332
Metrics/racket_target/recovery_lin_vel_score: 0.7289
Metrics/racket_target/recovery_ang_vel_score: 0.3007
Metrics/racket_target/recovery_station_score: 0.8674
Metrics/racket_target/recovery_racket_score: 0.0713
Metrics/racket_target/recovery_arm_score: 0.5233
Metrics/racket_target/recovery_ready_score: 0.6964
Metrics/racket_target/recovery_anchor_arm_score: 1.0000
Metrics/racket_target/recovery_core_ready_score: 0.5830
Metrics/racket_target/recovery_functional_ready_score: 0.4956
Metrics/racket_target/waist_action_overflow_rms: 0.0000
Metrics/racket_target/right_arm_action_overflow_rms: 0.0006
Metrics/racket_target/leg_action_overflow_rms: 0.0072
Metrics/racket_target/operational_margin_fraction: 0.0045
Metrics/racket_target/waist_operational_margin_fraction: 0.0030
Metrics/racket_target/right_arm_operational_margin_fraction: 0.0006
Metrics/racket_target/leg_operational_margin_fraction: 0.0105
Metrics/racket_target/waist_operational_excess_rms: 0.0003
Metrics/racket_target/right_arm_operational_excess_rms: 0.0002
Metrics/racket_target/leg_operational_excess_rms: 0.0047
Metrics/racket_target/q_des_velocity_violation_fraction: 0.0755
Metrics/racket_target/waist_q_des_velocity_violation_fraction: 0.0041
Metrics/racket_target/right_arm_q_des_velocity_violation_fraction: 0.0876
Metrics/racket_target/leg_q_des_velocity_violation_fraction: 0.1054
Metrics/racket_target/q_des_acceleration_violation_fraction: 0.6990
Metrics/racket_target/waist_q_des_acceleration_violation_fraction: 0.5766
Metrics/racket_target/right_arm_q_des_acceleration_violation_fraction: 0.8365
Metrics/racket_target/leg_q_des_acceleration_violation_fraction: 0.7601
Metrics/racket_target/waist_q_des_velocity_rms: 3.3403
Metrics/racket_target/right_arm_q_des_velocity_rms: 7.9727
Metrics/racket_target/leg_q_des_velocity_rms: 7.4767
Metrics/racket_target/waist_q_des_acceleration_rms: 269.6447
Metrics/racket_target/right_arm_q_des_acceleration_rms: 676.5469
Metrics/racket_target/leg_q_des_acceleration_rms: 622.9210
Metrics/racket_target/action_operational_feasibility_score: 0.9447
Metrics/racket_target/actuator_overflow_consecutive_steps: 0.0000
Metrics/racket_target/actuator_overflow_severe: 0.0000
Metrics/racket_target/recovery_phase_gate: 0.7377
Metrics/racket_target/recovery_phase_ready_score: 0.5154
Metrics/racket_target/recovery_contact_ready_score: 0.0178
Metrics/racket_target/recovery_net_ready_score: 0.0166
Metrics/racket_target/recovery_return_ready_score: 0.0040
Metrics/racket_target/cycle_success_ready_score: 0.0093
Metrics/racket_target/cycle_success_soft: 0.0065
Metrics/racket_target/cycle_success_binary: 0.0078
Metrics/racket_target/cycle_v2_pending: 0.0000
Metrics/racket_target/cycle_v2_attempt_latch: 0.0000
Metrics/racket_target/cycle_v2_ready_success_latch: 0.0000
Metrics/racket_target/cycle_v2_ready_fail_latch: 0.0000
Metrics/racket_target/cycle_v2_attempt_event: 0.0000
Metrics/racket_target/cycle_v2_ready_success_event: 0.0000
Metrics/racket_target/cycle_v2_ready_fail_event: 0.0000
Metrics/racket_target/cycle_v2_unresolved_resample_fail_event: 0.0000
Metrics/racket_target/cycle_v2_resolved_event: 0.0000
Metrics/racket_target/cycle_v2_command_visible_steps: 0.0000
Metrics/racket_target/cycle_v2_elapsed_steps: 0.0000
Metrics/racket_target/cycle_v2_ready_score: 0.0000
Metrics/racket_target/cycle_v2_ready_ok: 0.0000
Metrics/racket_target/cycle_v2_visible: 0.0000
Metrics/racket_target/cycle_v2_ready_score_ok: 0.0000
Metrics/racket_target/cycle_v2_height_ok: 0.0000
Metrics/racket_target/cycle_v2_upright_ok: 0.0000
Metrics/racket_target/cycle_v2_base_lin_vel_ok: 0.0000
Metrics/racket_target/cycle_v2_base_ang_vel_ok: 0.0000
Metrics/racket_target/cycle_v2_feet_ok: 0.0000
Metrics/racket_target/cycle_v2_core_ready_ok: 0.0000
Metrics/racket_target/cycle_v2_ready_consecutive_steps: 0.0000
Metrics/racket_target/single_cycle_bootstrap: 0.0000
Metrics/racket_target/single_cycle_swing_completed: 0.0000
Metrics/racket_target/single_cycle_recovery_active: 0.0000
Metrics/racket_target/single_cycle_recovery_elapsed_steps: 0.0000
Metrics/racket_target/single_cycle_ready_consecutive_steps: 0.0000
Metrics/racket_target/single_cycle_safe_timeout_event: 0.0000
Metrics/racket_target/single_cycle_deadline_timeout_event: 0.0000
Metrics/racket_target/single_cycle_timeout_latch: 0.0000
Metrics/racket_target/single_cycle_hard_failure_event: 0.0000
Metrics/racket_target/single_cycle_probability: 0.0000
Metrics/racket_target/single_cycle_curriculum_level: 0.0000
Metrics/racket_target/single_cycle_effective_deadline_steps: 100.0000
Metrics/racket_target/single_cycle_selected_events: 0.0000
Metrics/racket_target/single_cycle_completed_events: 0.0000
Metrics/racket_target/single_cycle_safe_timeout_events: 0.0000
Metrics/racket_target/single_cycle_deadline_timeout_events: 0.0000
Metrics/racket_target/single_cycle_hard_failure_events: 0.0000
Metrics/racket_target/active_ready_consecutive_steps: 0.0078
Metrics/racket_target/active_ready_success_event: 0.0000
Metrics/racket_target/active_ready_success_latch: 0.0000
Metrics/racket_target/active_ready_survival_steps: 0.0000
Metrics/racket_target/active_ready_survival_next_milestone: 0.0000
Metrics/racket_target/active_ready_survival_milestone_event: 0.0000
Metrics/racket_target/no_command_ready_active: 0.0227
Metrics/racket_target/no_command_from_stand_episode: 0.0045
Metrics/racket_target/no_command_from_default_stand_reset: 0.0045
Metrics/racket_target/no_command_ready_upright_ok: 0.0227
Metrics/racket_target/no_command_ready_motion_ok: 0.0078
Metrics/racket_target/no_command_ready_score: 0.0155
Metrics/racket_target/no_command_ready_progress: -0.0006
Metrics/racket_target/no_command_ready_station_error: 0.0016
Metrics/racket_target/no_command_ready_fixed_station_error: 0.0016
Metrics/racket_target/healthy_training_stage: 3.0000
Metrics/racket_target/healthy_stage_planted_rehearsal: 0.0000
Metrics/racket_target/healthy_stage_station_hold_seen: 0.0000
Metrics/racket_target/healthy_stage_station_arrived: 0.0000
Metrics/racket_target/healthy_stage_station_settled: 0.0000
Metrics/racket_target/healthy_stage_station_settle_steps: 0.0000
Metrics/racket_target/station_relocation_active: 0.0000
Metrics/racket_target/station_relocation_target_offset_y: 0.0000
Metrics/racket_target/station_relocation_error: 0.0000
Metrics/racket_target/station_relocation_arrival_event: 0.0000
Metrics/racket_target/station_relocation_settle_event: 0.0000
Metrics/racket_target/station_relocation_release_event: 0.0000
Metrics/racket_target/station_relocation_timeout_event: 0.0000
Metrics/racket_target/station_relocation_elapsed_steps: 0.0000
Metrics/racket_target/station_relocation_hold_deadline_steps: 0.0000
Metrics/racket_target/lifecycle_recovery_hold_active: 0.0000
Metrics/racket_target/lifecycle_recovery_release_success_event: 0.0000
Metrics/racket_target/lifecycle_recovery_release_fail_event: 0.0000
Metrics/racket_target/station_relocation_level: 0.0000
Metrics/racket_target/station_relocation_arrival_ema: 0.0000
Metrics/racket_target/station_relocation_settle_ema: 0.0000
Metrics/racket_target/station_relocation_contact_ema: 0.0000
Metrics/racket_target/station_relocation_safety_ema: 0.0000
Metrics/racket_target/station_relocation_resolved_events: 0.0000
Metrics/racket_target/station_relocation_terminal_reset_events: 0.0000
Metrics/racket_target/station_relocation_advance_streak: 0.0000
Metrics/racket_target/station_relocation_regress_streak: 0.0000
Metrics/racket_target/station_relocation_effective_max_lin_vel: 0.0000
Metrics/racket_target/station_relocation_effective_max_ang_vel: 0.0000
Metrics/racket_target/station_relocation_effective_min_settle_steps: 0.0000
Metrics/racket_target/ability_curriculum_level: 0.0000
Metrics/racket_target/ability_curriculum_scale: 1.0000
Metrics/racket_target/ability_curriculum_resolved_events: 1619.4688
Metrics/racket_target/ability_curriculum_total_resolved_events: 5726.4688
Metrics/racket_target/ability_curriculum_advance_streak: 0.0000
Metrics/racket_target/ability_curriculum_regress_streak: 0.0000
Metrics/racket_target/ability_contact_ema: 0.7139
Metrics/racket_target/ability_net_ema: 0.6994
Metrics/racket_target/ability_success_ema: 0.0250
Metrics/racket_target/ability_recovery_ema: 0.8092
Metrics/racket_target/ability_cycle_ema: 0.0250
Metrics/racket_target/ability_cycle_attempt_ema: 0.0250
Metrics/racket_target/ability_cycle_resolved_ema: 0.0250
Metrics/racket_target/ability_forehand_contact_ema: 0.7705
Metrics/racket_target/ability_forehand_net_ema: 0.7529
Metrics/racket_target/ability_forehand_success_ema: 0.0107
Metrics/racket_target/ability_backhand_contact_ema: 0.6689
Metrics/racket_target/ability_backhand_net_ema: 0.6564
Metrics/racket_target/ability_backhand_success_ema: 0.0327
Metrics/racket_target/ability_attempt_ema: 1.0000
Metrics/racket_target/ability_targeted_attempt_ema: 0.9977
Metrics/racket_target/impact_health_floor_progress: 0.0000
Metrics/racket_target/ability_safety_ema: 0.9529
Metrics/racket_target/ability_station_saturation_ema: 0.0000
Metrics/racket_target/ability_healthy_normal_ema: 0.9999
Metrics/racket_target/ability_station_arrival_ema: 0.0000
Metrics/racket_target/ability_station_settle_ema: 0.0000
Metrics/racket_target/safe_outcome_capability_gate: 0.6571
Metrics/racket_target/planner_hit_plane_blend: 1.0000
Metrics/racket_target/planner_hit_plane_x_delta: 0.0368
Metrics/racket_target/true_strike_table_x: 0.2000
Metrics/racket_target/planner_target_table_x: 0.2000
Metrics/racket_target/workspace_level: 0.0000
Metrics/racket_target/workspace_fringe_sample: 0.0000
Metrics/racket_target/workspace_target_lateral_norm: 0.3013
Metrics/racket_target/workspace_target_table_y: -0.2177
Metrics/racket_target/workspace_playable_y_min: -0.7225
Metrics/racket_target/workspace_playable_y_max: 0.7225
Metrics/racket_target/workspace_active_y_lo: -0.2785
Metrics/racket_target/workspace_active_y_hi: -0.1469
Metrics/racket_target/workspace_motion_seed_blend: 0.0000
Metrics/racket_target/planner_perturb_curriculum_scale: 1.0000
Metrics/racket_target/incoming_ball_horizontal_speed: 2.2232
Metrics/racket_target/incoming_ball_speed: 4.6376
Metrics/racket_target/incoming_ball_speed_curriculum_level: 0.0000
Metrics/racket_target/incoming_ball_speed_sample_low: 0.0000
Metrics/racket_target/incoming_ball_speed_sample_high: 0.0000
Metrics/racket_target/station_saturated: 0.0000
Metrics/racket_target/station_raw_clip_excess: 0.0000
Metrics/racket_target/station_saturated_x: 0.0000
Metrics/racket_target/station_saturated_y: 0.0000
Metrics/racket_target/station_raw_clip_excess_x: 0.0000
Metrics/racket_target/station_raw_clip_excess_y: 0.0000
Metrics/racket_target/current_swing_opportunity: 0.1852
Metrics/racket_target/current_swing_attempt: 0.1852
Metrics/racket_target/current_swing_targeted_attempt: 0.1738
Metrics/racket_target/prev_swing_targeted_attempt: 0.9572
Metrics/racket_target/current_swing_unsafe: 0.0435
Metrics/racket_target/current_swing_station_saturated: 0.0000
Metrics/racket_target/impact_health_score: 0.8889
Metrics/racket_target/impact_health_ok: 0.8997
Metrics/racket_target/impact_health_backlean_violation: 0.0105
Metrics/racket_target/impact_health_waist_backfold: 0.0000
Metrics/racket_target/impact_health_base_retreat: 0.0322
Metrics/racket_target/impact_health_torso_gravity_x: 0.3456
Metrics/racket_target/impact_health_torso_ang_vel: 0.4951
Metrics/racket_target/impact_health_com_x: 0.0441
Metrics/racket_target/impact_health_com_y: 0.0326
Metrics/racket_target/post_contact_ready_pending: 0.0000
Metrics/racket_target/post_contact_ready_elapsed_steps: 0.1665
Metrics/racket_target/post_contact_ready_consecutive_steps: 0.0000
Metrics/racket_target/post_contact_ready_diagnostic_pending: 0.0000
Metrics/racket_target/post_contact_ready_diagnostic_elapsed_steps: 1.5598
Metrics/racket_target/post_contact_ready_durable_pending: 0.0000
Metrics/racket_target/post_contact_ready_durable_consecutive_steps: 0.0000
Metrics/racket_target/post_contact_ready_durable_ready_now: 0.0000
Metrics/racket_target/post_contact_ready_durable_success_event: 0.0000
Metrics/racket_target/post_contact_ready_durable_fail_event: 0.0000
Metrics/racket_target/post_contact_ready_durable_resolution_success_rate: 0.2626
Metrics/racket_target/post_contact_ready_durable_resolution_fail_rate: 0.6864
Metrics/racket_target/post_contact_ready_durable_resolution_success_latency_steps: 35.0000
Metrics/racket_target/post_contact_ready_durable_resolution_fail_latency_steps: 33.5438
Metrics/racket_target/post_contact_ready_durable_fail_backlean_rate: 0.0507
Metrics/racket_target/post_contact_ready_durable_fail_forward_lean_rate: 0.8552
Metrics/racket_target/post_contact_ready_durable_fail_torso_ang_vel_rate: 0.0510
Metrics/racket_target/post_contact_ready_durable_fail_base_lin_vel_rate: 0.0518
Metrics/racket_target/post_contact_ready_durable_fail_base_ang_vel_rate: 0.4035
Metrics/racket_target/post_contact_ready_durable_fail_racket_speed_rate: 0.0507
Metrics/racket_target/post_contact_ready_durable_fail_height_rate: 0.0510
Metrics/racket_target/post_contact_ready_durable_fail_com_x_rate: 0.0534
Metrics/racket_target/post_contact_ready_durable_fail_com_y_rate: 0.0510
Metrics/racket_target/post_contact_ready_durable_fail_feet_rate: 0.0507
Metrics/racket_target/post_contact_ready_durable_fail_station_rate: 0.0516
Metrics/racket_target/post_contact_ready_durable_fail_arm_rate: 0.0507
Metrics/racket_target/post_contact_ready_terminal_window_active: 0.0000
Metrics/racket_target/post_contact_ready_terminal_quality: 0.0330
Metrics/racket_target/post_contact_ready_terminal_settlement_event: 0.0000
Metrics/racket_target/post_contact_ready_operational_ready_now: 0.0000
Metrics/racket_target/post_contact_ready_operational_consecutive_steps: 0.0000
Metrics/racket_target/post_contact_ready_safe_settlement_event: 0.0000
Metrics/racket_target/post_contact_ready_unsafe_settlement_event: 0.0000
Metrics/racket_target/post_contact_ready_incomplete_settlement_event: 0.0000
Metrics/racket_target/post_contact_ready_safe_net_cycle_event: 0.0000
Metrics/racket_target/post_contact_ready_terminal_quality_mean: 0.9252
Metrics/racket_target/post_contact_ready_safe_terminal_quality_mean: 0.9346
Metrics/racket_target/post_contact_ready_terminal_safe_rate: 0.7162
Metrics/racket_target/post_contact_ready_terminal_unsafe_rate: 0.0303
Metrics/racket_target/post_contact_ready_terminal_incomplete_rate: 0.2535
Metrics/racket_target/post_contact_ready_safe_net_cycle_rate: 0.6979
Metrics/racket_target/post_contact_ready_score: 0.7279
Metrics/racket_target/post_contact_ready_now: 0.0000
Metrics/racket_target/post_contact_ready_success_event: 0.0000
Metrics/racket_target/post_contact_ready_fail_event: 0.0000
Metrics/racket_target/post_contact_ready_outcome_tier: -0.9166
Metrics/racket_target/post_contact_ready_face_quality: 0.0256
Metrics/racket_target/post_contact_ready_safe_face_net_cycle_value: 0.0000
Metrics/racket_target/post_contact_ready_planner_speed_ratio: 0.0383
Metrics/racket_target/post_contact_ready_planner_direction_error_rad: 0.0126
Metrics/racket_target/post_contact_ready_planner_position_error: 0.0028
Metrics/racket_target/post_contact_ready_impact_health_score: 0.0391
Metrics/racket_target/post_contact_ready_peak_base_ang_vel: 0.0535
Metrics/racket_target/post_contact_ready_peak_ang_vel_excess_increment: 0.0000
Metrics/racket_target/post_contact_ready_envelope_violation_latch: 0.0045
Metrics/racket_target/post_contact_ready_envelope_violation_event: 0.0000
Metrics/racket_target/post_contact_ready_envelope_first_violation_step: -0.9554
Metrics/racket_target/post_contact_ready_envelope_attempts: 5345.5000
Metrics/racket_target/post_contact_ready_envelope_violation_rate: 0.0305
Metrics/racket_target/post_contact_ready_envelope_tilt_violation_rate: 0.0002
Metrics/racket_target/post_contact_ready_envelope_pitch_violation_rate: 0.0004
Metrics/racket_target/post_contact_ready_envelope_com_violation_rate: 0.0012
Metrics/racket_target/post_contact_ready_envelope_waist_violation_rate: 0.0000
Metrics/racket_target/post_contact_ready_envelope_leg_violation_rate: 0.0000
Metrics/racket_target/post_contact_ready_envelope_base_ang_vel_violation_rate: 0.0296
Metrics/racket_target/post_contact_ready_resolution_success_rate: 0.9830
Metrics/racket_target/post_contact_ready_resolution_fail_rate: 0.0095
Metrics/racket_target/post_contact_ready_resolution_success_latency_steps: 4.7261
Metrics/racket_target/post_contact_ready_resolution_fail_latency_steps: 9.9608
Metrics/racket_target/post_contact_ready_max_tilt: 0.0085
Metrics/racket_target/post_contact_ready_max_abs_pitch: 0.0083
Metrics/racket_target/post_contact_ready_max_com_x: 0.0038
Metrics/racket_target/post_contact_ready_max_com_y: 0.0021
Metrics/racket_target/post_contact_ready_max_waist_overflow: 0.0000
Metrics/racket_target/post_contact_ready_max_leg_overflow: 0.0006
Metrics/racket_target/post_contact_ready_settlement_velocity_score_ema: 0.6251
Metrics/racket_target/post_contact_ready_settlement_position_gate_ema: 0.7830
Metrics/racket_target/post_contact_ready_settlement_health_gate_ema: 0.9798
Metrics/racket_target/post_contact_ready_settlement_recovery_gate_ema: 0.4857
Metrics/racket_target/post_contact_ready_settlement_total_score_ema: 0.2293
Metrics/racket_target/post_contact_recovery_backlean_error: 0.0596
Metrics/racket_target/post_contact_recovery_directional_progress: 0.0000
Metrics/racket_target/post_contact_ready_torso_ok: 0.0339
Metrics/racket_target/post_contact_ready_motion_ok: 0.6435
Metrics/racket_target/post_contact_ready_support_ok: 0.9120
Metrics/racket_target/post_contact_ready_arm_ok: 1.0000
Metrics/racket_target/post_contact_ready_base_lin_vel_ok: 0.9120
Metrics/racket_target/post_contact_ready_base_ang_vel_ok: 0.7934
Metrics/racket_target/post_contact_ready_racket_speed_ok: 0.8117
Metrics/racket_target/post_contact_ready_height_ok: 0.9600
Metrics/racket_target/post_contact_ready_com_x_ok: 0.9120
Metrics/racket_target/post_contact_ready_com_y_ok: 0.9686
Metrics/racket_target/post_contact_ready_feet_ok: 1.0000
Metrics/racket_target/post_contact_ready_station_ok: 0.9300
Metrics/racket_target/post_contact_ready_fail_torso: 0.0000
Metrics/racket_target/post_contact_ready_fail_base_lin_vel: 0.0000
Metrics/racket_target/post_contact_ready_fail_base_ang_vel: 0.0000
Metrics/racket_target/post_contact_ready_fail_racket_speed: 0.0000
Metrics/racket_target/post_contact_ready_fail_support: 0.0000
Metrics/racket_target/post_contact_ready_fail_arm: 0.0000
Metrics/racket_target/post_contact_ready_shadow_now: 0.0000
Metrics/racket_target/post_contact_ready_shadow_consecutive_steps: 0.0000
Metrics/racket_target/post_contact_ready_shadow_success_latch: 0.0000
Metrics/racket_target/post_contact_ready_curriculum_level: 0.0000
Metrics/racket_target/post_contact_ready_curriculum_fraction: 1.0000
Metrics/racket_target/post_contact_ready_curriculum_success_ema: 0.0000
Metrics/racket_target/post_contact_ready_curriculum_shadow_success_ema: 0.0000
Metrics/racket_target/post_contact_ready_curriculum_resolved_events: 0.0000
Metrics/racket_target/post_contact_ready_curriculum_successful_events: 0.0000
Metrics/racket_target/post_contact_ready_curriculum_targeted_attempt_ema: 0.0000
Metrics/racket_target/post_contact_ready_curriculum_return_success_ema: 0.0000
Metrics/racket_target/post_contact_ready_curriculum_completed_swings: 0.0000
Metrics/racket_target/post_contact_ready_curriculum_advance_streak: 0.0000
Metrics/racket_target/post_contact_ready_curriculum_advance_guard_ok: 0.0000
Metrics/racket_target/post_contact_ready_effective_max_torso_ang_vel: 1.5000
Metrics/racket_target/post_contact_ready_effective_torso_x_min: -0.1200
Metrics/racket_target/post_contact_ready_effective_torso_x_max: 0.3200
Metrics/racket_target/post_contact_ready_effective_max_base_lin_vel: 0.4500
Metrics/racket_target/post_contact_ready_effective_max_base_ang_vel: 1.3000
Metrics/racket_target/post_contact_ready_effective_max_racket_speed: 3.0000
Metrics/racket_target/post_contact_ready_effective_min_feet_contact: 0.5000
Metrics/racket_target/post_contact_ready_effective_required_consecutive_steps: 3.0000
Metrics/racket_target/post_contact_ready_effective_deadline_steps: 40.0000
Metrics/racket_target/post_contact_ready_curriculum_advance_threshold: 1.0000
Metrics/racket_target/post_contact_ready_curriculum_advance_min_events: 0.0000
Metrics/racket_target/post_contact_ready_curriculum_shadow_threshold: 1.0000
Metrics/racket_target/post_contact_ready_curriculum_min_targeted_attempt_ema: 0.0000
Metrics/racket_target/post_contact_ready_curriculum_min_return_success_ema: 0.0000
Metrics/racket_target/post_contact_ready_curriculum_min_completed_swings: 1.0000
Metrics/racket_target/post_contact_ready_curriculum_required_advance_checks: 1.0000
Metrics/racket_target/racket_normal_error_deg: 59.6611
Metrics/racket_target/impact_normal_error_deg: 3.0380
Metrics/racket_target/impact_racket_vel_error_mps: 0.5842
Metrics/racket_target/impact_racket_speed_ratio: 0.8566
Metrics/racket_target/impact_racket_vel_angle_deg: 14.3236
Metrics/racket_target/impact_racket_actual_vel_x: 0.8278
Metrics/racket_target/impact_racket_actual_vel_y: -0.0429
Metrics/racket_target/impact_racket_actual_vel_z: 1.2973
Metrics/racket_target/impact_racket_target_vel_x: 1.1872
Metrics/racket_target/impact_racket_target_vel_y: 0.0011
Metrics/racket_target/impact_racket_target_vel_z: 1.3618
Metrics/racket_target/impact_ball_out_error_mps: 4.4669
Metrics/racket_target/impact_face_radial_error_m: 0.0686
Metrics/racket_target/impact_face_normal_gap_m: 0.0437
Metrics/racket_target/impact_face_quality: 0.6308
Metrics/racket_target/impact_center_contact: 0.0000
Metrics/racket_target/impact_center_net_cross: 0.0000
Metrics/racket_target/impact_center_on_opponent: 0.0000
Metrics/racket_target/impact_rim_contact: 0.0000
Metrics/racket_target/impact_rim_net_cross: 0.0000
Metrics/racket_target/impact_rim_on_opponent: 0.0000
Metrics/racket_target/impact_analytic_outer_contact: 0.0000
Metrics/racket_target/impact_analytic_outer_net_cross: 0.0000
Metrics/racket_target/impact_analytic_outer_on_opponent: 0.0000
Metrics/racket_target/impact_planner_pos_error_m: 0.0914
Metrics/racket_target/impact_planner_vel_error_mps: 0.5842
Metrics/racket_target/impact_planner_speed_ratio: 0.8566
Metrics/racket_target/impact_planner_vel_angle_deg: 14.3236
Metrics/racket_target/impact_healthy_normal_ok: 0.0000
Metrics/racket_target/impact_healthy_contact: 0.0000
Metrics/racket_target/impact_healthy_net_cross: 0.0000
Metrics/racket_target/impact_healthy_on_opponent: 0.0000
Metrics/racket_target/current_swing_impact_health_score: 0.0391
Metrics/racket_target/current_swing_healthy_contact: 0.0410
Metrics/racket_target/current_swing_healthy_net_cross: 0.0371
Metrics/racket_target/current_swing_healthy_on_opponent: 0.0052
Metrics/racket_target/current_swing_healthy_normal_ok: 0.1800
Metrics/racket_target/current_swing_contact: 0.0410
Metrics/racket_target/current_swing_net_cross: 0.0371
Metrics/racket_target/current_swing_on_opponent: 0.0052
Metrics/racket_target/current_swing_center_contact: 0.0175
Metrics/racket_target/current_swing_center_net_cross: 0.0136
Metrics/racket_target/current_swing_center_on_opponent: 0.0052
Metrics/racket_target/current_swing_rim_contact: 0.0201
Metrics/racket_target/current_swing_rim_net_cross: 0.0201
Metrics/racket_target/current_swing_rim_on_opponent: 0.0000
Metrics/racket_target/current_swing_analytic_outer_contact: 0.0035
Metrics/racket_target/current_swing_analytic_outer_net_cross: 0.0035
Metrics/racket_target/current_swing_analytic_outer_on_opponent: 0.0000
Metrics/racket_target/cycle_v2_outcome_tier: -1.0000
Metrics/racket_target/cycle_v2_streak: 0.0000
Metrics/racket_target/closed_loop_recovery_trigger_event: 0.0000
Metrics/racket_target/closed_loop_cycle_success_event: 0.0000
Metrics/racket_target/closed_loop_durable_cycle_success_event: 0.0000
Metrics/racket_target/closed_loop_phase_id: 1.1834
Metrics/racket_target/closed_loop_phase_ready_no_command: 0.0227
Metrics/racket_target/closed_loop_phase_command_acquire: 0.7843
Metrics/racket_target/closed_loop_phase_pre_strike: 0.1800
Metrics/racket_target/closed_loop_phase_strike: 0.0130
Metrics/racket_target/closed_loop_phase_follow_through: 0.0000
Metrics/racket_target/closed_loop_phase_recovery: 0.0000
Metrics/racket_target/closed_loop_phase_next_ready: 0.0000
Metrics/racket_target/post_contact_phase_impact_0_100ms_attempts: 5345.5000
Metrics/racket_target/post_contact_phase_impact_0_100ms_tilt_gt_0p1_rate: 1.0000
Metrics/racket_target/post_contact_phase_impact_0_100ms_pitch_gt_0p1_rate: 1.0000
Metrics/racket_target/post_contact_phase_impact_0_100ms_waist_overflow_gt_1p0_rate: 0.0000
Metrics/racket_target/post_contact_phase_impact_0_100ms_base_ang_vel_gt_0p8_rate: 0.9832
Metrics/racket_target/post_contact_phase_brake_100_300ms_attempts: 5263.7500
Metrics/racket_target/post_contact_phase_brake_100_300ms_tilt_gt_0p1_rate: 0.9973
Metrics/racket_target/post_contact_phase_brake_100_300ms_pitch_gt_0p1_rate: 0.9952
Metrics/racket_target/post_contact_phase_brake_100_300ms_waist_overflow_gt_1p0_rate: 0.0000
Metrics/racket_target/post_contact_phase_brake_100_300ms_base_ang_vel_gt_0p8_rate: 0.9954
Metrics/racket_target/post_contact_phase_settle_300_600ms_attempts: 5107.3750
Metrics/racket_target/post_contact_phase_settle_300_600ms_tilt_gt_0p1_rate: 0.8293
Metrics/racket_target/post_contact_phase_settle_300_600ms_pitch_gt_0p1_rate: 0.7820
Metrics/racket_target/post_contact_phase_settle_300_600ms_waist_overflow_gt_1p0_rate: 0.0000
Metrics/racket_target/post_contact_phase_settle_300_600ms_base_ang_vel_gt_0p8_rate: 0.9920
Metrics/racket_target/post_contact_phase_ready_after_600ms_attempts: 4847.9688
Metrics/racket_target/post_contact_phase_ready_after_600ms_tilt_gt_0p1_rate: 0.5507
Metrics/racket_target/post_contact_phase_ready_after_600ms_pitch_gt_0p1_rate: 0.4655
Metrics/racket_target/post_contact_phase_ready_after_600ms_waist_overflow_gt_1p0_rate: 0.0000
Metrics/racket_target/post_contact_phase_ready_after_600ms_base_ang_vel_gt_0p8_rate: 0.9386
Metrics/racket_target/base_pitch_like_signed: -0.0038
Metrics/racket_target/base_backward_velocity: 0.0567
Metrics/racket_target/waist_action_rms: 0.5994
Metrics/racket_target/right_arm_action_rms: 3.7647
Metrics/racket_target/leg_action_rms: 0.4908
Metrics/racket_target/action_abs_max: 7.9144
Metrics/racket_target/applied_action_abs_max: 7.4820
Metrics/racket_target/leg_action_abs_max: 0.9776
Metrics/racket_target/effective_action_abs_max: 7.4820
Metrics/racket_target/action_clamp_fraction: 0.0025
Metrics/racket_target/waist_action_clamp_fraction: 0.0000
Metrics/racket_target/right_arm_action_clamp_fraction: 0.0006
Metrics/racket_target/leg_action_clamp_fraction: 0.0061
Metrics/racket_target/waist_q_tracking_error_rms: 0.3426
Metrics/racket_target/right_arm_q_tracking_error_rms: 0.1829
Metrics/racket_target/leg_q_tracking_error_rms: 0.1840
Metrics/racket_target/waist_torque_clip_fraction: 0.0000
Metrics/racket_target/right_arm_torque_clip_fraction: 0.0000
Metrics/racket_target/leg_torque_clip_fraction: 0.0000
Metrics/racket_target/waist_action_delta_rms: 0.1457
Metrics/racket_target/right_arm_action_delta_rms: 0.9148
Metrics/racket_target/leg_action_delta_rms: 0.2795
Metrics/racket_target/waist_joint_vel_rms: 0.7902
Metrics/racket_target/right_arm_joint_vel_rms: 1.6581
Metrics/racket_target/leg_joint_vel_rms: 0.7269
Metrics/racket_target/recovery_leg_action_abs_max: 0.7162
Metrics/racket_target/recovery_leg_action_delta_rms: 0.2022
Metrics/racket_target/recovery_leg_joint_vel_rms: 0.5498
      Episode_Termination/time_out: 4.4062
  Episode_Termination/base_too_low: 0.0000
   Episode_Termination/base_tilted: 0.2188
   Episode_Termination/table_touch: 0.2188
Episode_Termination/persistent_action_overflow: 0.0000
--------------------------------------------------------------------------------
                   Total timesteps: 1310720
                    Iteration time: 2.32s
                      Time elapsed: 00:00:45
                               ETA: 00:00:02
