[INFO][AppLauncher]: Using device: cuda:0
[INFO][AppLauncher]: Loading experience file: /mnt/ssd/zxl/IsaacLab/apps/isaaclab.python.headless.kit
[2026-08-02 12:43:26,862][asyncio][DEBUG] - Using selector: EpollSelector
[2026-08-02 12:43:28,569][trimesh.util][DEBUG] - falling back to hashlib hashing: `pip install xxhash`for 50x faster cache checks
[2026-08-02 12:43:28,794][h5py._conv][DEBUG] - Creating converter from 7 to 5
[2026-08-02 12:43:28,794][h5py._conv][DEBUG] - Creating converter from 5 to 7
[2026-08-02 12:43:28,794][h5py._conv][DEBUG] - Creating converter from 7 to 5
[2026-08-02 12:43:28,794][h5py._conv][DEBUG] - Creating converter from 5 to 7
[2026-08-02 12:43:28,832][matplotlib][DEBUG] - matplotlib data path: /home/zxl/miniconda3/envs/zxl-pace/lib/python3.10/site-packages/matplotlib/mpl-data
[2026-08-02 12:43:28,835][matplotlib][DEBUG] - CONFIGDIR=/home/zxl/.config/matplotlib
[2026-08-02 12:43:28,836][matplotlib][DEBUG] - interactive is False
[2026-08-02 12:43:28,836][matplotlib][DEBUG] - platform is linux
[2026-08-02 12:43:28,874][matplotlib][DEBUG] - CACHEDIR=/home/zxl/.cache/matplotlib
[2026-08-02 12:43:28,875][matplotlib.font_manager][DEBUG] - Using fontManager instance from /home/zxl/.cache/matplotlib/fontlist-v390.json
[Warning] [simulation_app.simulation_app] Modules: ['omni.kit_app'] were loaded before SimulationApp was started and might not be loaded correctly.
[Warning] [simulation_app.simulation_app] Please check to make sure no extra omniverse or pxr modules are imported before the call to SimulationApp(...)
Loading user config located at: '/home/zxl/miniconda3/envs/zxl-pace/lib/python3.10/site-packages/omni/data/Kit/Isaac-Sim/4.5/user.config.json'
[Info] [carb] Logging to file: /home/zxl/miniconda3/envs/zxl-pace/lib/python3.10/site-packages/omni/logs/Kit/Isaac-Sim/4.5/kit_20260802_124326.log
2026-08-02 04:43:26 [0ms] [Warning] [omni.kit.app.plugin] No crash reporter present, dumps uploading isn't available.
2026-08-02 04:43:26 [1ms] [Warning] [omni.ext.plugin] [ext: rendering_modes] Extensions config 'extension.toml' doesn't exist '/mnt/ssd/zxl/IsaacLab/apps/rendering_modes' or '/mnt/ssd/zxl/IsaacLab/apps/rendering_modes/config'
2026-08-02 04:43:26 [71ms] [Warning] [omni.usd_config.extension] Enable omni.materialx.libs extension to use MaterialX
2026-08-02 04:43:26 [118ms] [Warning] [omni.platforminfo.plugin] failed to open the default display.  Can't verify X Server version.
2026-08-02 04:43:27 [262ms] [Warning] [omni.datastore] OmniHub is inaccessible
2026-08-02 04:43:27 [318ms] [Warning] [omni.isaac.dynamic_control] omni.isaac.dynamic_control is deprecated as of Isaac Sim 4.5. No action is needed from end-users.
2026-08-02 04:43:29 [2,989ms] [Warning] [carb.cudainterop.plugin] CUDA_VISIBLE_DEVICES environment variable is set.
2026-08-02 04:43:29 [2,989ms] [Warning] [carb.cudainterop.plugin] Note CUDA device enumeration and Omniverse device enumeration are different.
2026-08-02 04:43:29 [2,989ms] [Warning] [carb.cudainterop.plugin] Setting CUDA_VISIBLE_DEVICES can lead to undesired behavior or crashes.
2026-08-02 04:43:29 [2,992ms] [Warning] [gpu.foundation.plugin] Skipping NVIDIA GPU due CUDA being in bad state: NVIDIA GeForce RTX 5090
2026-08-02 04:43:29 [2,992ms] [Warning] [gpu.foundation.plugin] Please restart your system if CUDA is known to work in your system.
2026-08-02 04:43:29 [2,993ms] [Warning] [gpu.foundation.plugin] Skipping NVIDIA GPU due CUDA being in bad state: NVIDIA GeForce RTX 5090
2026-08-02 04:43:29 [2,993ms] [Warning] [gpu.foundation.plugin] Please restart your system if CUDA is known to work in your system.

|---------------------------------------------------------------------------------------------|
| Driver Version: 580.105.08    | Graphics API: Vulkan
|=============================================================================================|
| GPU | Name                             | Active | LDA | GPU Memory | Vendor-ID | LUID       |
|     |                                  |        |     |            | Device-ID | UUID       |
|     |                                  |        |     |            | Bus-ID    |            |
|---------------------------------------------------------------------------------------------|
| 0   | NVIDIA GeForce RTX 5090          | Yes: 0 |     | 32607   MB | 10de      | 0          |
|     |                                  |        |     |            | 2b85      | c2a01bc3.. |
|     |                                  |        |     |            | 1         |            |
|---------------------------------------------------------------------------------------------|
| 1   | NVIDIA GeForce RTX 5090          |        |     | 32607   MB | 10de      | 0          |
|     |                                  |        |     |            | 2b85      | 837a84cc.. |
|     |                                  |        |     |            | 7         |            |
|=============================================================================================|
| OS: 24.04.2 LTS (Noble Numbat) ubuntu, Version: 24.04.2, Kernel: 6.17.0-35-generic
| Processor: Intel(R) Core(TM) i9-14900K
| Bare Metal Cores: 24 | Bare Metal Logical Cores: 48
| Available Cores:  32 
|---------------------------------------------------------------------------------------------|
| Total Memory (MB): 128491 | [2026-08-02 12:43:30,619][git.cmd][DEBUG] - Popen(['git', 'version'], cwd=/mnt/ssd/zxl/HOPE_latest_20260721/hope_training/whole_body_tracking, stdin=None, shell=False, universal_newlines=False)
[2026-08-02 12:43:30,621][git.cmd][DEBUG] - Popen(['git', 'version'], cwd=/mnt/ssd/zxl/HOPE_latest_20260721/hope_training/whole_body_tracking, stdin=None, shell=False, universal_newlines=False)
[INFO]: Parsing configuration from: <class 'whole_body_tracking.tasks.tracking.config.agibot_a3.hope_stage2_reward_v11_env_cfg.HOPEStage2RewardV11EnvCfg'>
[train.py] motion clip 0: /mnt/ssd/zxl/HOPE_latest_20260721/hope_training/motions/user_four_motion_manual_hits_a3fk_yaw_leg_stabilized_20260724/user_forehand_raised_30fps_contact075_50hz_a3fk_aligned.npz
[train.py] motion clip 1: /mnt/ssd/zxl/HOPE_latest_20260721/hope_training/motions/user_four_motion_manual_hits_a3fk_yaw_leg_stabilized_20260724/user_backhand_raised_30fps_contact040_50hz_a3fk_aligned.npz
[train.py] runtime reward pruning: removed 83 stateless zero-weight term(s); kept 0 stateful zero-weight term(s).
[train.py]     pruned rewards: ['action_rate', 'active_ready_survival_milestone_bonus', 'active_ready_sustained_bonus', 'backhand_racket_position', 'backhand_soft_ball_contact', 'balanced_ball_contact', 'balanced_net_cross', 'balanced_opponent_bounce', 'balanced_soft_ball_contact', 'ball_contact', 'blade_direction', 'contact_net_margin', 'cycle_contact_ready', 'cycle_net_ready', 'cycle_return_ready', 'cycle_success_bonus', 'cycle_v2_ready_fail', 'cycle_v2_ready_success_bonus', 'cycle_v2_streak_bonus', 'deferred_recovery_outcome_bonus', 'exact_impact_outgoing_velocity_alignment', 'exact_impact_planner_task_space_alignment', 'exact_impact_racket_velocity_alignment', 'follow_through_recovery', 'functional_no_command_ready', 'health_gated_backhand_soft_ball_contact', 'health_gated_ball_contact', 'health_gated_net_cross', 'health_gated_opponent_bounce', 'health_gated_soft_ball_contact', 'impact_forward_lift', 'impact_outgoing_velocity', 'motion_anchor_height', 'motion_body_ang_vel', 'motion_body_lin_vel', 'motion_body_ori', 'motion_body_pos', 'motion_global_anchor_ori', 'motion_global_anchor_pos', 'near_impact_planner_velocity_progress', 'net_cross', 'next_ball_readiness', 'next_prestrike_reachable', 'next_swing_ready_bonus', 'no_command_forehand_joint_anchor', 'no_command_ready_balance', 'no_command_ready_progress', 'no_command_ready_stability', 'one_sided_trunk_waist_recovery', 'one_sided_trunk_waist_strike', 'opponent_bounce', 'phase_action_rate', 'phase_lower_body_motion_prior', 'post_contact_arm_racket_ready', 'post_contact_directional_recovery', 'post_contact_ready_fail', 'post_contact_ready_region', 'post_contact_ready_success_bonus', 'post_contact_recovery_ready', 'post_net_arm_racket_ready', 'post_net_recovery_ready', 'post_return_arm_racket_ready', 'post_return_recovery_ready', 'post_strike_base_ang_vel', 'post_strike_lower_body_action_rate', 'pre_strike_station', 'prestrike_blade_direction', 'racket_position', 'racket_velocity', 'racket_velocity_projection', 'racket_wrist_motion_ori', 'racket_wrist_motion_pos', 'recovery_health', 'robust_contact_net_margin', 'soft_ball_contact', 'station_relocation_arrival_bonus', 'station_relocation_settle_bonus', 'strike_balance', 'strike_inactivity', 'targeted_strike_attempt', 'torso_com_balance', 'torso_com_recovery_balance', 'upright']
[train.py] task=HOPE-PingPong-Stage2-RewardV11-AgibotA3-v0 num_envs=256 — applied 10 task override(s):
[train.py]     episode_length_s = 14.0
[train.py]     commands.motion.wrap_teleport = False
[train.py]     events.link_mass = (0.97, 1.03)
[train.py]     events.pd_gains = (0.97, 1.03)
[train.py]     observations.policy.racket_target_normal_w = enabled
[train.py]     commands.racket_target.strike_phase_per_clip = (0.4, 0.4)
[train.py]     commands.motion.motion_start_warmup_phase_per_clip = (0.4, 0.4)
[train.py]     commands.racket_target.swing_side_per_clip = (1.0, -1.0)
[train.py]     commands.racket_target.mount_normal_sign_per_clip = (1.0, -1.0)
[train.py]     commands.racket_target.racket_pos_range_per_clip = from motion metadata
[train.py] experiment=hope_pingpong_stage2_reward_v11 | log_dir=/mnt/ssd/zxl/HOPE_latest_20260721/hope_training/whole_body_tracking/logs/rsl_rl/hope_pingpong_stage2_reward_v11/2026-08-02_12-43-30_v11_v7b200_controlled_256x50_s1301
Free Memory: 118839
| Total Page/Swap (MB): 8191 | Free Page/Swap: 7149
|---------------------------------------------------------------------------------------------|
2026-08-02 04:43:30 [3,356ms] [Warning] [gpu.foundation.plugin] IOMMU is enabled.
2026-08-02 04:43:30 [3,356ms] [Warning] [gpu.foundation.plugin] Detected IOMMU is enabled. Running CUDA peer-to-peer bandwidth and latency validation.
Unidirectional P2P=Enabled Bandwidth (P2P Writes) Matrix (GB/s)
   D\D     0 
     0 1522.90 
P2P=Enabled Latency (P2P Writes) Matrix (us)
   GPU     0 
     0   2.08 

   CPU     0 
     0   1.28 
2026-08-02 04:43:32 [5,618ms] [Warning] [omni.usd] Warning: in GetNodeDiscoveryResults at line 136 of /builds/omniverse/usd-ci/USD/pxr/usd/usdShade/shaderDefUtils.cpp -- Unable to resolve info:sourceAsset </UsdPreviewSurface.info:mdl:sourceAsset> with value @UsdPreviewSurface.mdl@.

2026-08-02 04:43:32 [5,618ms] [Warning] [omni.usd] Warning: in GetNodeDiscoveryResults at line 136 of /builds/omniverse/usd-ci/USD/pxr/usd/usdShade/shaderDefUtils.cpp -- Unable to resolve info:sourceAsset </UsdUVTexture.info:mdl:sourceAsset> with value @UsdPreviewSurface.mdl@.

2026-08-02 04:43:32 [5,618ms] [Warning] [omni.usd] Warning: in GetNodeDiscoveryResults at line 136 of /builds/omniverse/usd-ci/USD/pxr/usd/usdShade/shaderDefUtils.cpp -- Unable to resolve info:sourceAsset </UsdPrimvarReader_float.info:mdl:sourceAsset> with value @UsdPreviewSurface.mdl@.

2026-08-02 04:43:32 [5,619ms] [Warning] [omni.usd] Warning: in GetNodeDiscoveryResults at line 136 of /builds/omniverse/usd-ci/USD/pxr/usd/usdShade/shaderDefUtils.cpp -- Unable to resolve info:sourceAsset </UsdPrimvarReader_float2.info:mdl:sourceAsset> with value @UsdPreviewSurface.mdl@.

2026-08-02 04:43:32 [5,619ms] [Warning] [omni.usd] Warning: in GetNodeDiscoveryResults at line 136 of /builds/omniverse/usd-ci/USD/pxr/usd/usdShade/shaderDefUtils.cpp -- Unable to resolve info:sourceAsset </UsdPrimvarReader_float3.info:mdl:sourceAsset> with value @UsdPreviewSurface.mdl@.

2026-08-02 04:43:32 [5,619ms] [Warning] [omni.usd] Warning: in GetNodeDiscoveryResults at line 136 of /builds/omniverse/usd-ci/USD/pxr/usd/usdShade/shaderDefUtils.cpp -- Unable to resolve info:sourceAsset </UsdPrimvarReader_float4.info:mdl:sourceAsset> with value @UsdPreviewSurface.mdl@.

2026-08-02 04:43:32 [5,619ms] [Warning] [omni.usd] Warning: in GetNodeDiscoveryResults at line 136 of /builds/omniverse/usd-ci/USD/pxr/usd/usdShade/shaderDefUtils.cpp -- Unable to resolve info:sourceAsset </UsdPrimvarReader_int.info:mdl:sourceAsset> with value @UsdPreviewSurface.mdl@.

2026-08-02 04:43:32 [5,619ms] [Warning] [omni.usd] Warning: in GetNodeDiscoveryResults at line 136 of /builds/omniverse/usd-ci/USD/pxr/usd/usdShade/shaderDefUtils.cpp -- Unable to resolve info:sourceAsset </UsdPrimvarReader_string.info:mdl:sourceAsset> with value @UsdPreviewSurface.mdl@.

2026-08-02 04:43:32 [5,619ms] [Warning] [omni.usd] Warning: in GetNodeDiscoveryResults at line 136 of /builds/omniverse/usd-ci/USD/pxr/usd/usdShade/shaderDefUtils.cpp -- Unable to resolve info:sourceAsset </UsdPrimvarReader_normal.info:mdl:sourceAsset> with value @UsdPreviewSurface.mdl@.

2026-08-02 04:43:32 [5,619ms] [Warning] [omni.usd] Warning: in GetNodeDiscoveryResults at line 136 of /builds/omniverse/usd-ci/USD/pxr/usd/usdShade/shaderDefUtils.cpp -- Unable to resolve info:sourceAsset </UsdPrimvarReader_point.info:mdl:sourceAsset> with value @UsdPreviewSurface.mdl@.

2026-08-02 04:43:32 [5,619ms] [Warning] [omni.usd] Warning: in GetNodeDiscoveryResults at line 136 of /builds/omniverse/usd-ci/USD/pxr/usd/usdShade/shaderDefUtils.cpp -- Unable to resolve info:sourceAsset </UsdPrimvarReader_vector.info:mdl:sourceAsset> with value @UsdPreviewSurface.mdl@.

2026-08-02 04:43:32 [5,619ms] [Warning] [omni.usd] Warning: in GetNodeDiscoveryResults at line 136 of /builds/omniverse/usd-ci/USD/pxr/usd/usdShade/shaderDefUtils.cpp -- Unable to resolve info:sourceAsset </UsdPrimvarReader_matrix.info:mdl:sourceAsset> with value @UsdPreviewSurface.mdl@.

2026-08-02 04:43:32 [5,619ms] [Warning]Setting seed: 1301
[INFO]: Base environment:
	Environment device    : cuda:0
	Environment seed      : 1301
	Physics step-size     : 0.0025
	Rendering step-size   : 0.02
	Environment step-size : 0.02
[INFO]: Time taken for scene creation : 1.857701 seconds
[INFO]: Scene manager:  <class InteractiveScene>
	Number of environments: 256
	Environment spacing   : 6.0
	Source prim name      : /World/envs/env_0
	Global prim paths     : ['/World/ground']
	Replicate physics     : True
[INFO]: Starting the simulation. This may take a few seconds. Please wait...
[INFO]: Time taken for simulation start : 0.767989 seconds
[INFO] Command Manager:  <CommandManager> contains 3 active terms.
+-----------------------------------------------------+
|                 Active Command Terms                |
+-------+-----------------+---------------------------+
| Index | Name            |            Type           |
+-------+-----------------+---------------------------+
|   0   | motion          |       MotionCommand       |
|   1   | racket_target   |    RacketTargetCommand    |
|   2   | physical_shadow | PhysicalBallShadowCommand |
+-------+-----------------+---------------------------+

[INFO] Event Manager:  <EventManager> contains 2 active terms.
+---------------------------------------+
| Active Event Terms in Mode: 'startup' |
+---------+-----------------------------+
|  Index  | Name                        |
+---------+-----------------------------+
|    0    | physics_material            |
|    1    | base_com                    |
|    2    | link_mass                   |
|    3    | joint_default_pos           |
|    4    | racket_material             |
+---------+-----------------------------+
+-------------------------------------+
| Active Event Terms in Mode: 'reset' |
+--------------+----------------------+
|    Index     | Name                 |
+--------------+----------------------+
|      0       | pd_gains             |
+--------------+----------------------+

[INFO] Recorder Manager:  <RecorderManager> contains 0 active terms.
+-----------------------+
| Active Recorder Terms |
+------------+----------+
|   Index    | Name     |
+------------+----------+
+------------+----------+

[INFO] Action Manager:  <ActionManager> contains 1 active terms.
+---------------------------------+
| Active Action Terms (shape: 31) |
+-------+-----------+-------------+
| Index | Name      |   Dimension |
+-------+-----------+-------------+
|   0   | joint_pos |          31 |
+-------+-----------+-------------+

[INFO] Observation Manager: <ObservationManager> contains 2 groups.
+-------------------------------------------------------------+
| Active Observation Terms in Group: 'policy' (shape: (114,)) |
+----------+--------------------------------------+-----------+
|  Index   | Name                                 |   Shape   |
+----------+--------------------------------------+-----------+
|    0     | base_ang_vel                         |    (3,)   |
|    1     | joint_pos                            |   (31,)   |
|    2     | joint_vel                            |   (31,)   |
|    3     | last_action                          |   (31,)   |
|    4     | projected_gravity                    |    (3,)   |
|    5     | base_forward_xy                      |    (2,)   |
|    6     | fixed_station_error_xy               |    (2,)   |
|    7     | racket_target_rel_base               |    (3,)   |
|    8     | racket_target_vel_w                  |    (3,)   |
|    9     | time_to_strike                       |    (1,)   |
|    10    | swing_side                           |    (1,)   |
|    11    | racket_target_normal_w               |    (3,)   |
+----------+--------------------------------------+-----------+
+-------------------------------------------------------------+
| Active Observation Terms in Group: 'critic' (shape: (324,)) |
+----------+--------------------------------------+-----------+
|  Index   | Name                                 |   Shape   |
+----------+--------------------------------------+-----------+
|    0     | base_ang_vel                         |    (3,)   |
|    1     | joint_pos                            |   (31,)   |
|    2     | joint_vel                            |   (31,)   |
|    3     | last_action                          |   (31,)   |
|    4     | projected_gravity                    |    (3,)   |
|    5     | base_forward_xy                      |    (2,)   |
|    6     | fixed_station_error_xy               |    (2,)   |
|    7     | racket_target_rel_base               |    (3,)   |
|    8     | racket_target_vel_w                  |    (3,)   |
|    9     | time_to_strike                       |    (1,)   |
|    10    | swing_side                           |    (1,)   |
|    11    | base_lin_vel                         |    (3,)   |
|    12    | motion_command                       |   (62,)   |
|    13    | motion_anchor_pos_b                  |    (3,)   |
|    14    | motion_anchor_ori_b                  |    (6,)   |
|    15    | robot_body_pos_b                     |   (42,)   |
|    16    | robot_body_ori_b                     |   (84,)   |
|    17    | racket_pos_b                         |    (3,)   |
|    18    | racket_lin_vel_w                     |    (3,)   |
|    19    | racket_normal_w                      |    (3,)   |
|    20    | racket_target_normal_w               |    (3,)   |
|    21    | episode_time_left                    |    (1,)   |
+----------+--------------------------------------+-----------+

[INFO] Termination Manager:  <TerminationManager> contains 5 active terms.
+-----------------------------------------------+
|            Active Termination Terms           |
+-------+----------------------------+----------+
| Index | Name                       | Time Out |
+-------+----------------------------+----------+
|   0   | time_out                   |   True   |
|   1   | base_too_low               |  False   |
|   2   | base_tilted                |  False   |
|   3   | table_touch                |  False   |
|   4   | persistent_action_overflow |  False   |
+-------+----------------------------+----------+

[INFO] Reward Manager:  <RewardManager> contains 30 active terms.
+------------------------------------------------------+
|                 Active Reward Terms                  |
+-------+-------------------------------------+--------+
| Index | Name                                | Weight |
+-------+-------------------------------------+--------+
|   0   | undesired_contacts                  |   -0.1 |
|   1   | feet_contact_slip                   |  -0.05 |
|   2   | table_no_touch                      |  -0.75 |
|   3   | alive                               |   0.01 |
|   4   | imitation                           |   0.55 |
|   5   | planner_racket_task_space_crossfade |    2.5 |
|   6   | healthy_trunk_support               |    0.3 |
|   7   | phase_action_overflow               |   -0.2 |
|   8   | prestrike_station_progress          |   0.25 |
|   9   | lower_body_support                  |   0.25 |
|   10  | termination_penalty                 | -250.0 |
|   11  | phase_action_rate_waist             |  -0.03 |
|   12  | phase_action_rate_upper             | -0.002 |
|   13  | phase_action_rate_legs              | -0.006 |
|   14  | joint_limit                         |   -1.0 |
|   15  | prestrike_racket_progress           |    0.7 |
|   16  | operational_joint_margin            |   -0.6 |
|   17  | joint_target_slew                   |   -0.1 |
|   18  | actuator_waist_feasibility          | -0.025 |
|   19  | actuator_right_arm_feasibility      | -0.008 |
|   20  | actuator_leg_feasibility            |  -0.02 |
|   21  | physical_outcome_events             |    1.5 |
|   22  | physical_contact_planner_alignment  |    3.0 |
|   23  | physical_recovery_settlement        |    1.0 |
|   24  | physical_capability_curriculum      |    1.0 |
|   25  | durable_recovery_progress           |   0.35 |
|   26  | durable_recovery_success            |   0.75 |
|   27  | durable_recovery_failure            |  -1.25 |
|   28  | no_command_instability              |   -0.3 |
|   29  | safe_strike_inactivity              |   -0.4 |
+-------+-------------------------------------+--------+

[INFO] Curriculum Manager:  <CurriculumManager> contains 0 active terms.
+-------------------------+
| Active Curriculum Terms |
+-------------+-----------+
|    Index    | Name      |
+-------------+-----------+
+-------------+-----------+

[INFO]: Completed setting up the environment...
[train.py] joint-order gate: using canonical->articulation permutation [2, 5, 8, 11, 16, 12, 17, 21, 23, 25, 27, 29, 13, 18, 22, 24, 26, 28, 30, 0, 3, 6, 9, 14, 19, 1, 4, 7, 10, 15, 20]
[train.py] actor observation contract validated: hope_pingpong_normal114 (114D)
/mnt/ssd/zxl/IsaacLab/source/isaaclab/isaaclab/envs/mdp/events.py:501: UserWarning: To copy construct from a tensor, it is recommended to use sourceTensor.detach().clone() or sourceTensor.detach().clone().requires_grad_(True), rather than torch.tensor(sourceTensor).
  actuator_joint_indices = torch.tensor(actuator.joint_indices, device=asset.device)
Actor MLP: Sequential(
  (0): Linear(in_features=114, out_features=512, bias=True)
  (1): ELU(alpha=1.0)
  (2): Linear(in_features=512, out_features=256, bias=True)
  (3): ELU(alpha=1.0)
  (4): Linear(in_features=256, out_features=128, bias=True)
  (5): ELU(alpha=1.0)
  (6): Linear(in_features=128, out_features=31, bias=True)
)
Critic MLP: Sequential(
  (0): Linear(in_features=324, out_features=512, bias=True)
  (1): ELU(alpha=1.0)
  (2): Linear(in_features=512, out_features=256, bias=True)
  (3): ELU(alpha=1.0)
  (4): Linear(in_features=256, out_features=128, bias=True)
  (5): ELU(alpha=1.0)
  (6): Linear(in_features=128, out_features=1, bias=True)
)
[train.py] resumed from checkpoint: /mnt/ssd/zxl/HOPE_latest_20260721/hope_training/whole_body_tracking/logs/rsl_rl/hope_pingpong_stage2_command_precision114_v7/2026-08-02_06-07-16_stage2_v7b_precision_outcome_from_v6a200_256x300_s8862/model_200.pt (load_optimizer=False)
[train.py] action-noise std overrides applied: 0:0.0800167->0.08, 1:0.0800257->0.08, 2:0.0800109->0.08, 3:0.0800474->0.08, 4:0.0800652->0.08, 5:0.0800641->0.08, 6:0.0801346->0.08, 7:0.0800721->0.08, 8:0.0801046->0.08, 9:0.0799932->0.08, 10:0.0799938->0.08, 11:0.080008->0.08, 12:0.0801202->0.08, 13:0.0800115->0.08, 14:0.0800328->0.08, 15:0.080028->0.08, 16:0.0800302->0.08, 17:0.0800394->0.08, 18:0.0800481->0.08, 19:0.0799568->0.08, 20:0.0799015->0.08, 21:0.0800163->0.08, 22:0.0800004->0.08, 23:0.0799825->0.08, 24:0.0799534->0.08, 25:0.0800019->0.08, 26:0.0800714->0.08, 27:0.0800554->0.08, 28:0.0799876->0.08, 29:0.0800323->0.08, 30:0.0799903->0.08
[train.py] global action-noise std applied: 0.08
[train.py] critic-only task adaptation enabled for 3 update(s); actor mean and action std are frozen
[train.py] random initial episode age: False
/mnt/ssd/zxl/IsaacLab/source/isaaclab/isaaclab/envs/mdp/events.py:501: UserWarning: To copy construct from a tensor, it is recommended to use sourceTensor.detach().clone() or sourceTensor.detach().clone().requires_grad_(True), rather than torch.tensor(sourceTensor).
  actuator_joint_indices = torch.tensor(actuator.joint_indices, device=asset.device)
################################################################################
                      [1m Learning iteration 200/250 [0m                      

                       Computation: 2576 steps/s (collection: 12.620s, learning 0.099s)
             Mean action noise std: 0.08
          Mean value_function loss: 0.7633
               Mean surrogate loss: -0.0000
                 Mean entropy loss: -34.3105
      Mean critic_only_warmup loss: 1.0000
                       Mean reward: -4.54
               Mean episode length: 110.64
 Episode_Reward/undesired_contacts: -0.0000
  Episode_Reward/feet_contact_slip: -0.0010
     Episode_Reward/table_no_touch: -0.0000
              Episode_Reward/alive: 0.0006
          Episode_Reward/imitation: 0.0074
Episode_Reward/planner_racket_task_space_crossfade: 0.0063
Episode_Reward/healthy_trunk_support: 0.0044
Episode_Reward/phase_action_overflow: -0.0001
Episode_Reward/prestrike_station_progress: -0.0001
 Episode_Reward/lower_body_support: 0.0019
Episode_Reward/termination_penalty: -0.2093
Episode_Reward/phase_action_rate_waist: -0.0000
Episode_Reward/phase_action_rate_upper: -0.0000
Episode_Reward/phase_action_rate_legs: -0.0001
        Episode_Reward/joint_limit: -0.0021
Episode_Reward/prestrike_racket_progress: 0.0054
Episode_Reward/operational_joint_margin: -0.0121
  Episode_Reward/joint_target_slew: -0.0093
Episode_Reward/actuator_waist_feasibility: -0.0001
Episode_Reward/actuator_right_arm_feasibility: -0.0000
Episode_Reward/actuator_leg_feasibility: -0.0000
Episode_Reward/physical_outcome_events: 0.0000
Episode_Reward/physical_contact_planner_alignment: 0.0000
Episode_Reward/physical_recovery_settlement: 0.0000
Episode_Reward/physical_capability_curriculum: 0.0000
Episode_Reward/durable_recovery_progress: -0.0003
Episode_Reward/durable_recovery_success: 0.0000
Episode_Reward/durable_recovery_failure: -0.0035
Episode_Reward/no_command_instability: -0.0086
Episode_Reward/safe_strike_inactivity: -0.0025
    Metrics/motion/error_joint_pos: 1.2215
    Metrics/motion/error_joint_vel: 3.3282
     Metrics/motion/error_body_pos: 0.2351
     Metrics/motion/error_body_rot: 0.5969
       Metrics/motion/motion_phase: 0.1513
            Metrics/motion/in_hold: 0.3828
Metrics/motion/motion_start_warmup_prob: 0.4395
Metrics/motion/motion_start_lifecycle_progress: 0.0000
Metrics/motion/motion_start_effective_prestrike_fraction: 0.5859
Metrics/motion/motion_start_effective_recovery_fraction: 0.0000
Metrics/motion/motion_start_effective_rsi_fraction: 0.0000
 Metrics/motion/motion_start_reset: 0.2031
Metrics/motion/motion_start_prestrike_reset: 0.0000
Metrics/motion/motion_start_recovery_reset: 0.0000
Metrics/motion/motion_start_rsi_reset: 0.0000
 Metrics/motion/single_cycle_reset: 0.0000
     Metrics/motion/motion_clip_id: 0.2031
Metrics/motion/motion_supplemental_clip: 0.0000
      Metrics/motion/stand_episode: 0.3828
Metrics/motion/default_stand_reset: 0.3828
Metrics/motion/error_body_pos_lower: 0.2681
Metrics/motion/error_body_rot_lower: 0.6492
Metrics/motion/error_body_lin_vel_lower: 0.5705
Metrics/motion/error_body_ang_vel_lower: 1.9484
Metrics/motion/reference_body_lin_speed_lower: 0.0018
Metrics/motion/robot_body_lin_speed_lower: 0.5703
Metrics/motion/error_body_pos_core: 0.1597
Metrics/motion/error_body_rot_core: 0.4328
Metrics/motion/error_body_lin_vel_core: 1.3190
Metrics/motion/error_body_ang_vel_core: 1.7640
Metrics/motion/reference_body_lin_speed_core: 0.0014
Metrics/motion/robot_body_lin_speed_core: 1.3183
Metrics/motion/error_body_pos_upper: 0.2272
Metrics/motion/error_body_rot_upper: 0.5992
Metrics/motion/error_body_lin_vel_upper: 1.6408
Metrics/motion/error_body_ang_vel_upper: 1.9846
Metrics/motion/reference_body_lin_speed_upper: 0.0029
Metrics/motion/robot_body_lin_speed_upper: 1.6404
Metrics/motion/error_joint_pos_waist: 0.4144
Metrics/motion/error_joint_vel_waist: 0.4603
Metrics/motion/reference_joint_speed_waist: 0.0017
Metrics/motion/error_joint_pos_arms: 0.9915
Metrics/motion/error_joint_vel_arms: 2.6996
Metrics/motion/reference_joint_speed_arms: 0.0077
Metrics/motion/error_joint_pos_legs: 0.5609
Metrics/motion/error_joint_vel_legs: 1.6367
Metrics/motion/reference_joint_speed_legs: 0.0005
Metrics/racket_target/racket_pos_error: 0.0570
Metrics/racket_target/racket_vel_error: 0.2968
Metrics/racket_target/time_to_strike: 0.2337
Metrics/racket_target/return_success: 0.0000
Metrics/racket_target/prev_return_success: 0.0000
Metrics/racket_target/prev_net_cross: 0.0000
Metrics/racket_target/current_net_cross: 0.0000
Metrics/racket_target/racket_pos_curriculum_scale: 0.5859
Metrics/racket_target/impact_inverse_command_blend: 0.5859
Metrics/racket_target/steps_since_target_resample: 43.9922
Metrics/racket_target/recovery_height_error: 0.2241
Metrics/racket_target/recovery_upright_error: 0.4127
Metrics/racket_target/recovery_base_lin_vel: 0.7404
Metrics/racket_target/recovery_base_ang_vel: 1.8430
Metrics/racket_target/recovery_station_error: 0.4568
Metrics/racket_target/recovery_feet_contact_frac: 0.5625
Metrics/racket_target/recovery_racket_speed: 1.9644
Metrics/racket_target/recovery_height_score: 0.0001
Metrics/racket_target/recovery_upright_score: 0.0004
Metrics/racket_target/recovery_lin_vel_score: 0.0000
Metrics/racket_target/recovery_ang_vel_score: 0.0001
Metrics/racket_target/recovery_station_score: 0.0000
Metrics/racket_target/recovery_racket_score: 0.0000
Metrics/racket_target/recovery_arm_score: 0.1084
Metrics/racket_target/recovery_ready_score: 0.0730
Metrics/racket_target/recovery_anchor_arm_score: 0.5859
Metrics/racket_target/recovery_core_ready_score: 0.0001
Metrics/racket_target/recovery_functional_ready_score: 0.0001
Metrics/racket_target/waist_action_overflow_rms: 0.0000
Metrics/racket_target/right_arm_action_overflow_rms: 0.0000
Metrics/racket_target/leg_action_overflow_rms: 0.0264
Metrics/racket_target/operational_margin_fraction: 0.0276
Metrics/racket_target/waist_operational_margin_fraction: 0.0000
Metrics/racket_target/right_arm_operational_margin_fraction: 0.0000
Metrics/racket_target/leg_operational_margin_fraction: 0.0713
Metrics/racket_target/waist_operational_excess_rms: 0.0000
Metrics/racket_target/right_arm_operational_excess_rms: 0.0000
Metrics/racket_target/leg_operational_excess_rms: 0.0232
Metrics/racket_target/q_des_velocity_violation_fraction: 0.0651
Metrics/racket_target/waist_q_des_velocity_violation_fraction: 0.1224
Metrics/racket_target/right_arm_q_des_velocity_violation_fraction: 0.0558
Metrics/racket_target/leg_q_des_velocity_violation_fraction: 0.1051
Metrics/racket_target/q_des_acceleration_violation_fraction: 0.3959
Metrics/racket_target/waist_q_des_acceleration_violation_fraction: 0.3854
Metrics/racket_target/right_arm_q_des_acceleration_violation_fraction: 0.4252
Metrics/racket_target/leg_q_des_acceleration_violation_fraction: 0.4821
Metrics/racket_target/waist_q_des_velocity_rms: 2.7236
Metrics/racket_target/right_arm_q_des_velocity_rms: 4.0248
Metrics/racket_target/leg_q_des_velocity_rms: 5.2175
Metrics/racket_target/waist_q_des_acceleration_rms: 270.4660
Metrics/racket_target/right_arm_q_des_acceleration_rms: 465.5880
Metrics/racket_target/leg_q_des_acceleration_rms: 427.6195
Metrics/racket_target/action_operational_feasibility_score: 0.2226
Metrics/racket_target/actuator_overflow_consecutive_steps: 0.0000
Metrics/racket_target/actuator_overflow_severe: 0.0000
Metrics/racket_target/recovery_phase_gate: 0.5508
Metrics/racket_target/recovery_phase_ready_score: 0.0708
Metrics/racket_target/recovery_contact_ready_score: 0.0000
Metrics/racket_target/recovery_net_ready_score: 0.0000
Metrics/racket_target/recovery_return_ready_score: 0.0000
Metrics/racket_target/cycle_success_ready_score: 0.0000
Metrics/racket_target/cycle_success_soft: 0.0000
Metrics/racket_target/cycle_success_binary: 0.0000
Metrics/racket_target/cycle_v2_pending: 0.0000
Metrics/racket_target/cycle_v2_attempt_latch: 0.0000
Metrics/racket_target/cycle_v2_ready_success_latch: 0.0000
Metrics/racket_target/cycle_v2_ready_fail_latch: 0.0000
Metrics/racket_target/cycle_v2_attempt_event: 0.0000
Metrics/racket_target/cycle_v2_ready_success_event: 0.0000
Metrics/racket_target/cycle_v2_ready_fail_event: 0.0000
Metrics/racket_target/cycle_v2_unresolved_resample_fail_event: 0.0000
Metrics/racket_target/cycle_v2_resolved_event: 0.0000
Metrics/racket_target/cycle_v2_command_visible_steps: 0.0000
Metrics/racket_target/cycle_v2_elapsed_steps: 0.0000
Metrics/racket_target/cycle_v2_ready_score: 0.0000
Metrics/racket_target/cycle_v2_ready_ok: 0.0000
Metrics/racket_target/cycle_v2_visible: 0.0000
Metrics/racket_target/cycle_v2_ready_score_ok: 0.0000
Metrics/racket_target/cycle_v2_height_ok: 0.0000
Metrics/racket_target/cycle_v2_upright_ok: 0.0000
Metrics/racket_target/cycle_v2_base_lin_vel_ok: 0.0000
Metrics/racket_target/cycle_v2_base_ang_vel_ok: 0.0000
Metrics/racket_target/cycle_v2_feet_ok: 0.0000
Metrics/racket_target/cycle_v2_core_ready_ok: 0.0000
Metrics/racket_target/cycle_v2_ready_consecutive_steps: 0.0000
Metrics/racket_target/single_cycle_bootstrap: 0.0000
Metrics/racket_target/single_cycle_swing_completed: 0.0000
Metrics/racket_target/single_cycle_recovery_active: 0.0000
Metrics/racket_target/single_cycle_recovery_elapsed_steps: 0.0000
Metrics/racket_target/single_cycle_ready_consecutive_steps: 0.0000
Metrics/racket_target/single_cycle_safe_timeout_event: 0.0000
Metrics/racket_target/single_cycle_deadline_timeout_event: 0.0000
Metrics/racket_target/single_cycle_timeout_latch: 0.0000
Metrics/racket_target/single_cycle_hard_failure_event: 0.0000
Metrics/racket_target/single_cycle_probability: 0.0000
Metrics/racket_target/single_cycle_curriculum_level: 0.0000
Metrics/racket_target/single_cycle_effective_deadline_steps: 58.5938
Metrics/racket_target/single_cycle_selected_events: 0.0000
Metrics/racket_target/single_cycle_completed_events: 0.0000
Metrics/racket_target/single_cycle_safe_timeout_events: 0.0000
Metrics/racket_target/single_cycle_deadline_timeout_events: 0.0000
Metrics/racket_target/single_cycle_hard_failure_events: 0.0000
Metrics/racket_target/active_ready_consecutive_steps: 0.0000
Metrics/racket_target/active_ready_success_event: 0.0000
Metrics/racket_target/active_ready_success_latch: 0.0000
Metrics/racket_target/active_ready_survival_steps: 0.0000
Metrics/racket_target/active_ready_survival_next_milestone: 0.0000
Metrics/racket_target/active_ready_survival_milestone_event: 0.0000
Metrics/racket_target/no_command_ready_active: 0.3828
Metrics/racket_target/no_command_from_stand_episode: 0.3828
Metrics/racket_target/no_command_from_default_stand_reset: 0.3828
Metrics/racket_target/no_command_ready_upright_ok: 0.0000
Metrics/racket_target/no_command_ready_motion_ok: 0.0000
Metrics/racket_target/no_command_ready_score: 0.0464
Metrics/racket_target/no_command_ready_progress: -0.0038
Metrics/racket_target/no_command_ready_station_error: 0.3146
Metrics/racket_target/no_command_ready_fixed_station_error: 0.3146
Metrics/racket_target/healthy_training_stage: 1.7578
Metrics/racket_target/healthy_stage_planted_rehearsal: 0.0000
Metrics/racket_target/healthy_stage_station_hold_seen: 0.0000
Metrics/racket_target/healthy_stage_station_arrived: 0.0000
Metrics/racket_target/healthy_stage_station_settled: 0.0000
Metrics/racket_target/healthy_stage_station_settle_steps: 0.0000
Metrics/racket_target/station_relocation_active: 0.0000
Metrics/racket_target/station_relocation_target_offset_y: 0.0000
Metrics/racket_target/station_relocation_error: 0.0000
Metrics/racket_target/station_relocation_arrival_event: 0.0000
Metrics/racket_target/station_relocation_settle_event: 0.0000
Metrics/racket_target/station_relocation_release_event: 0.0000
Metrics/racket_target/station_relocation_timeout_event: 0.0000
Metrics/racket_target/station_relocation_elapsed_steps: 0.0000
Metrics/racket_target/station_relocation_hold_deadline_steps: 0.0000
Metrics/racket_target/lifecycle_recovery_hold_active: 0.0000
Metrics/racket_target/lifecycle_recovery_release_success_event: 0.0000
Metrics/racket_target/lifecycle_recovery_release_fail_event: 0.0000
Metrics/racket_target/station_relocation_level: 0.0000
Metrics/racket_target/station_relocation_arrival_ema: 0.0000
Metrics/racket_target/station_relocation_settle_ema: 0.0000
Metrics/racket_target/station_relocation_contact_ema: 0.0000
Metrics/racket_target/station_relocation_safety_ema: 0.0000
Metrics/racket_target/station_relocation_resolved_events: 0.0000
Metrics/racket_target/station_relocation_terminal_reset_events: 0.0000
Metrics/racket_target/station_relocation_advance_streak: 0.0000
Metrics/racket_target/station_relocation_regress_streak: 0.0000
Metrics/racket_target/station_relocation_effective_max_lin_vel: 0.0000
Metrics/racket_target/station_relocation_effective_max_ang_vel: 0.0000
Metrics/racket_target/station_relocation_effective_min_settle_steps: 0.0000
Metrics/racket_target/ability_curriculum_level: 0.0000
Metrics/racket_target/ability_curriculum_scale: 0.5859
Metrics/racket_target/ability_curriculum_resolved_events: 0.0000
Metrics/racket_target/ability_curriculum_total_resolved_events: 0.0000
Metrics/racket_target/ability_curriculum_advance_streak: 0.0000
Metrics/racket_target/ability_curriculum_regress_streak: 0.0000
Metrics/racket_target/ability_contact_ema: 0.0000
Metrics/racket_target/ability_net_ema: 0.0000
Metrics/racket_target/ability_success_ema: 0.0000
Metrics/racket_target/ability_recovery_ema: 0.0000
Metrics/racket_target/ability_cycle_ema: 0.0000
Metrics/racket_target/ability_cycle_attempt_ema: 0.0000
Metrics/racket_target/ability_cycle_resolved_ema: 0.0000
Metrics/racket_target/ability_forehand_contact_ema: 0.0000
Metrics/racket_target/ability_forehand_net_ema: 0.0000
Metrics/racket_target/ability_forehand_success_ema: 0.0000
Metrics/racket_target/ability_backhand_contact_ema: 0.0000
Metrics/racket_target/ability_backhand_net_ema: 0.0000
Metrics/racket_target/ability_backhand_success_ema: 0.0000
Metrics/racket_target/ability_attempt_ema: 0.0000
Metrics/racket_target/ability_targeted_attempt_ema: 0.0000
Metrics/racket_target/impact_health_floor_progress: 0.0000
Metrics/racket_target/ability_safety_ema: 0.5859
Metrics/racket_target/ability_station_saturation_ema: 0.0000
Metrics/racket_target/ability_healthy_normal_ema: 0.0000
Metrics/racket_target/ability_station_arrival_ema: 0.0000
Metrics/racket_target/ability_station_settle_ema: 0.0000
Metrics/racket_target/planner_hit_plane_blend: 0.5859
Metrics/racket_target/planner_hit_plane_x_delta: 0.0178
Metrics/racket_target/true_strike_table_x: 0.1150
Metrics/racket_target/planner_target_table_x: 0.1150
Metrics/racket_target/workspace_level: 0.0000
Metrics/racket_target/workspace_fringe_sample: 0.0000
Metrics/racket_target/workspace_target_lateral_norm: 0.1841
Metrics/racket_target/workspace_target_table_y: -0.1146
Metrics/racket_target/workspace_playable_y_min: -0.4233
Metrics/racket_target/workspace_playable_y_max: 0.4233
Metrics/racket_target/workspace_active_y_lo: -0.1648
Metrics/racket_target/workspace_active_y_hi: -0.0945
Metrics/racket_target/workspace_motion_seed_blend: 0.0000
Metrics/racket_target/planner_perturb_curriculum_scale: 0.0000
Metrics/racket_target/incoming_ball_horizontal_speed: 0.7136
Metrics/racket_target/incoming_ball_speed: 1.1126
Metrics/racket_target/incoming_ball_speed_curriculum_level: 0.0000
Metrics/racket_target/incoming_ball_speed_sample_low: 0.5273
Metrics/racket_target/incoming_ball_speed_sample_high: 0.7324
Metrics/racket_target/station_saturated: 0.5859
Metrics/racket_target/station_raw_clip_excess: 0.0902
Metrics/racket_target/station_saturated_x: 0.5859
Metrics/racket_target/station_saturated_y: 0.5859
Metrics/racket_target/station_raw_clip_excess_x: 0.0027
Metrics/racket_target/station_raw_clip_excess_y: 0.0900
Metrics/racket_target/current_swing_opportunity: 0.2031
Metrics/racket_target/current_swing_attempt: 0.2031
Metrics/racket_target/current_swing_targeted_attempt: 0.1172
Metrics/racket_target/prev_swing_targeted_attempt: 0.0000
Metrics/racket_target/current_swing_unsafe: 0.5859
Metrics/racket_target/current_swing_station_saturated: 0.5859
Metrics/racket_target/impact_health_score: 0.0019
Metrics/racket_target/impact_health_ok: 0.0000
Metrics/racket_target/impact_health_backlean_violation: 0.1174
Metrics/racket_target/impact_health_waist_backfold: 0.0510
Metrics/racket_target/impact_health_base_retreat: 0.4457
Metrics/racket_target/impact_health_torso_gravity_x: -0.1459
Metrics/racket_target/impact_health_torso_ang_vel: 1.6871
Metrics/racket_target/impact_health_com_x: 0.2942
Metrics/racket_target/impact_health_com_y: 0.1849
Metrics/racket_target/post_contact_ready_pending: 0.0898
Metrics/racket_target/post_contact_ready_elapsed_steps: 4.4062
Metrics/racket_target/post_contact_ready_consecutive_steps: 0.0000
Metrics/racket_target/post_contact_ready_diagnostic_pending: 0.1172
Metrics/racket_target/post_contact_ready_diagnostic_elapsed_steps: 5.8398
Metrics/racket_target/post_contact_ready_durable_pending: 0.0781
Metrics/racket_target/post_contact_ready_durable_consecutive_steps: 0.0000
Metrics/racket_target/post_contact_ready_durable_ready_now: 0.0000
Metrics/racket_target/post_contact_ready_durable_success_event: 0.0000
Metrics/racket_target/post_contact_ready_durable_fail_event: 0.0000
Metrics/racket_target/post_contact_ready_durable_resolution_success_rate: 0.0517
Metrics/racket_target/post_contact_ready_durable_resolution_fail_rate: 0.0269
Metrics/racket_target/post_contact_ready_durable_resolution_success_latency_steps: 5.6875
Metrics/racket_target/post_contact_ready_durable_resolution_fail_latency_steps: 9.9740
Metrics/racket_target/post_contact_ready_durable_fail_backlean_rate: 0.0607
Metrics/racket_target/post_contact_ready_durable_fail_forward_lean_rate: 0.0377
Metrics/racket_target/post_contact_ready_durable_fail_torso_ang_vel_rate: 0.1634
Metrics/racket_target/post_contact_ready_durable_fail_base_lin_vel_rate: 0.1722
Metrics/racket_target/post_contact_ready_durable_fail_base_ang_vel_rate: 0.1870
Metrics/racket_target/post_contact_ready_durable_fail_racket_speed_rate: 0.1722
Metrics/racket_target/post_contact_ready_durable_fail_height_rate: 0.0636
Metrics/racket_target/post_contact_ready_durable_fail_com_x_rate: 0.0784
Metrics/racket_target/post_contact_ready_durable_fail_com_y_rate: 0.0030
Metrics/racket_target/post_contact_ready_durable_fail_feet_rate: 0.0075
Metrics/racket_target/post_contact_ready_durable_fail_station_rate: 0.0754
Metrics/racket_target/post_contact_ready_durable_fail_arm_rate: 0.0000
Metrics/racket_target/post_contact_ready_terminal_window_active: 0.0000
Metrics/racket_target/post_contact_ready_terminal_quality: 0.0014
Metrics/racket_target/post_contact_ready_terminal_settlement_event: 0.0000
Metrics/racket_target/post_contact_ready_operational_ready_now: 0.0000
Metrics/racket_target/post_contact_ready_operational_consecutive_steps: 0.0000
Metrics/racket_target/post_contact_ready_safe_settlement_event: 0.0000
Metrics/racket_target/post_contact_ready_unsafe_settlement_event: 0.0000
Metrics/racket_target/post_contact_ready_incomplete_settlement_event: 0.0000
Metrics/racket_target/post_contact_ready_safe_net_cycle_event: 0.0000
Metrics/racket_target/post_contact_ready_terminal_quality_mean: 0.0870
Metrics/racket_target/post_contact_ready_safe_terminal_quality_mean: 0.1026
Metrics/racket_target/post_contact_ready_terminal_safe_rate: 0.0868
Metrics/racket_target/post_contact_ready_terminal_unsafe_rate: 0.0195
Metrics/racket_target/post_contact_ready_terminal_incomplete_rate: 0.0030
Metrics/racket_target/post_contact_ready_safe_net_cycle_rate: 0.0000
Metrics/racket_target/post_contact_ready_score: 0.0002
Metrics/racket_target/post_contact_ready_now: 0.0000
Metrics/racket_target/post_contact_ready_success_event: 0.0000
Metrics/racket_target/post_contact_ready_fail_event: 0.0000
Metrics/racket_target/post_contact_ready_outcome_tier: -0.5859
Metrics/racket_target/post_contact_ready_face_quality: 0.0000
Metrics/racket_target/post_contact_ready_safe_face_net_cycle_value: 0.0000
Metrics/racket_target/post_contact_ready_planner_speed_ratio: 0.1353
Metrics/racket_target/post_contact_ready_planner_direction_error_rad: 0.0617
Metrics/racket_target/post_contact_ready_planner_position_error: 0.0207
Metrics/racket_target/post_contact_ready_impact_health_score: 0.1044
Metrics/racket_target/post_contact_ready_peak_base_ang_vel: 0.2216
Metrics/racket_target/post_contact_ready_peak_ang_vel_excess_increment: 0.1069
Metrics/racket_target/post_contact_ready_envelope_violation_latch: 0.1172
Metrics/racket_target/post_contact_ready_envelope_violation_event: 0.0000
Metrics/racket_target/post_contact_ready_envelope_first_violation_step: 0.8203
Metrics/racket_target/post_contact_ready_envelope_attempts: 33.2656
Metrics/racket_target/post_contact_ready_envelope_violation_rate: 0.0466
Metrics/racket_target/post_contact_ready_envelope_tilt_violation_rate: 0.0177
Metrics/racket_target/post_contact_ready_envelope_pitch_violation_rate: 0.0314
Metrics/racket_target/post_contact_ready_envelope_com_violation_rate: 0.0188
Metrics/racket_target/post_contact_ready_envelope_waist_violation_rate: 0.0000
Metrics/racket_target/post_contact_ready_envelope_leg_violation_rate: 0.0000
Metrics/racket_target/post_contact_ready_envelope_base_ang_vel_violation_rate: 0.0210
Metrics/racket_target/post_contact_ready_resolution_success_rate: 0.1980
Metrics/racket_target/post_contact_ready_resolution_fail_rate: 0.0025
Metrics/racket_target/post_contact_ready_resolution_success_latency_steps: 1.4922
Metrics/racket_target/post_contact_ready_resolution_fail_latency_steps: 8.5651
Metrics/racket_target/post_contact_ready_max_tilt: 0.0832
Metrics/racket_target/post_contact_ready_max_abs_pitch: 0.0825
Metrics/racket_target/post_contact_ready_max_com_x: 0.0634
Metrics/racket_target/post_contact_ready_max_com_y: 0.0118
Metrics/racket_target/post_contact_ready_max_waist_overflow: 0.0000
Metrics/racket_target/post_contact_ready_max_leg_overflow: 0.0001
Metrics/racket_target/post_contact_ready_settlement_velocity_score_ema: 0.0764
Metrics/racket_target/post_contact_ready_settlement_position_gate_ema: 0.0907
Metrics/racket_target/post_contact_ready_settlement_health_gate_ema: 0.2112
Metrics/racket_target/post_contact_ready_settlement_recovery_gate_ema: 0.1534
Metrics/racket_target/post_contact_ready_settlement_total_score_ema: 0.0232
Metrics/racket_target/post_contact_recovery_backlean_error: 0.0889
Metrics/racket_target/post_contact_recovery_directional_progress: -0.0856
Metrics/racket_target/post_contact_ready_torso_ok: 0.0000
Metrics/racket_target/post_contact_ready_motion_ok: 0.0000
Metrics/racket_target/post_contact_ready_support_ok: 0.0000
Metrics/racket_target/post_contact_ready_arm_ok: 0.5859
Metrics/racket_target/post_contact_ready_base_lin_vel_ok: 0.0000
Metrics/racket_target/post_contact_ready_base_ang_vel_ok: 0.0000
Metrics/racket_target/post_contact_ready_racket_speed_ok: 0.0000
Metrics/racket_target/post_contact_ready_height_ok: 0.0000
Metrics/racket_target/post_contact_ready_com_x_ok: 0.0000
Metrics/racket_target/post_contact_ready_com_y_ok: 0.1914
Metrics/racket_target/post_contact_ready_feet_ok: 0.5391
Metrics/racket_target/post_contact_ready_station_ok: 0.0000
Metrics/racket_target/post_contact_ready_fail_torso: 0.0000
Metrics/racket_target/post_contact_ready_fail_base_lin_vel: 0.0000
Metrics/racket_target/post_contact_ready_fail_base_ang_vel: 0.0000
Metrics/racket_target/post_contact_ready_fail_racket_speed: 0.0000
Metrics/racket_target/post_contact_ready_fail_support: 0.0000
Metrics/racket_target/post_contact_ready_fail_arm: 0.0000
Metrics/racket_target/post_contact_ready_shadow_now: 0.0000
Metrics/racket_target/post_contact_ready_shadow_consecutive_steps: 0.0000
Metrics/racket_target/post_contact_ready_shadow_success_latch: 0.0078
Metrics/racket_target/post_contact_ready_curriculum_level: 0.0000
Metrics/racket_target/post_contact_ready_curriculum_fraction: 0.0000
Metrics/racket_target/post_contact_ready_curriculum_success_ema: 0.1656
Metrics/racket_target/post_contact_ready_curriculum_shadow_success_ema: 0.0515
Metrics/racket_target/post_contact_ready_curriculum_resolved_events: 30.3359
Metrics/racket_target/post_contact_ready_curriculum_successful_events: 29.9453
Metrics/racket_target/post_contact_ready_curriculum_targeted_attempt_ema: 0.0883
Metrics/racket_target/post_contact_ready_curriculum_return_success_ema: 0.0000
Metrics/racket_target/post_contact_ready_curriculum_completed_swings: 52.0625
Metrics/racket_target/post_contact_ready_curriculum_advance_streak: 0.0000
Metrics/racket_target/post_contact_ready_curriculum_advance_guard_ok: 0.0000
Metrics/racket_target/post_contact_ready_effective_max_torso_ang_vel: 0.5273
Metrics/racket_target/post_contact_ready_effective_torso_x_min: -0.0586
Metrics/racket_target/post_contact_ready_effective_torso_x_max: 0.2227
Metrics/racket_target/post_contact_ready_effective_max_base_lin_vel: 0.1289
Metrics/racket_target/post_contact_ready_effective_max_base_ang_vel: 0.5859
Metrics/racket_target/post_contact_ready_effective_max_racket_speed: 0.7031
Metrics/racket_target/post_contact_ready_effective_min_feet_contact: 0.5273
Metrics/racket_target/post_contact_ready_effective_required_consecutive_steps: 1.7578
Metrics/racket_target/post_contact_ready_effective_deadline_steps: 52.7344
Metrics/racket_target/post_contact_ready_curriculum_advance_threshold: 0.1172
Metrics/racket_target/post_contact_ready_curriculum_advance_min_events: 300.0000
Metrics/racket_target/post_contact_ready_curriculum_shadow_threshold: 0.0469
Metrics/racket_target/post_contact_ready_curriculum_min_targeted_attempt_ema: 0.0703
Metrics/racket_target/post_contact_ready_curriculum_min_return_success_ema: 0.0029
Metrics/racket_target/post_contact_ready_curriculum_min_completed_swings: 300.0000
Metrics/racket_target/post_contact_ready_curriculum_required_advance_checks: 1.1719
Metrics/racket_target/racket_normal_error_deg: 32.9121
Metrics/racket_target/impact_normal_error_deg: 6.0257
Metrics/racket_target/impact_racket_vel_error_mps: 0.2109
Metrics/racket_target/impact_racket_speed_ratio: 0.2253
Metrics/racket_target/impact_racket_vel_angle_deg: 6.4214
Metrics/racket_target/impact_racket_actual_vel_x: 0.1408
Metrics/racket_target/impact_racket_actual_vel_y: -0.0558
Metrics/racket_target/impact_racket_actual_vel_z: 0.3489
Metrics/racket_target/impact_racket_target_vel_x: 0.2643
Metrics/racket_target/impact_racket_target_vel_y: 0.0042
Metrics/racket_target/impact_racket_target_vel_z: 0.2242
Metrics/racket_target/impact_ball_out_error_mps: 0.5513
Metrics/racket_target/impact_face_radial_error_m: 0.0394
Metrics/racket_target/impact_face_normal_gap_m: 0.0158
Metrics/racket_target/impact_face_quality: 0.0000
Metrics/racket_target/impact_center_contact: 0.0000
Metrics/racket_target/impact_center_net_cross: 0.0000
Metrics/racket_target/impact_center_on_opponent: 0.0000
Metrics/racket_target/impact_rim_contact: 0.0000
Metrics/racket_target/impact_rim_net_cross: 0.0000
Metrics/racket_target/impact_rim_on_opponent: 0.0000
Metrics/racket_target/impact_analytic_outer_contact: 0.0000
Metrics/racket_target/impact_analytic_outer_net_cross: 0.0000
Metrics/racket_target/impact_analytic_outer_on_opponent: 0.0000
Metrics/racket_target/impact_planner_pos_error_m: 0.0441
Metrics/racket_target/impact_planner_vel_error_mps: 0.2109
Metrics/racket_target/impact_planner_speed_ratio: 0.2253
Metrics/racket_target/impact_planner_vel_angle_deg: 6.4214
Metrics/racket_target/impact_healthy_normal_ok: 0.0000
Metrics/racket_target/impact_healthy_contact: 0.0000
Metrics/racket_target/impact_healthy_net_cross: 0.0000
Metrics/racket_target/impact_healthy_on_opponent: 0.0000
Metrics/racket_target/current_swing_impact_health_score: 0.0000
Metrics/racket_target/current_swing_healthy_contact: 0.0000
Metrics/racket_target/current_swing_healthy_net_cross: 0.0000
Metrics/racket_target/current_swing_healthy_on_opponent: 0.0000
Metrics/racket_target/current_swing_healthy_normal_ok: 0.1055
Metrics/racket_target/current_swing_contact: 0.0000
Metrics/racket_target/current_swing_net_cross: 0.0000
Metrics/racket_target/current_swing_on_opponent: 0.0000
Metrics/racket_target/current_swing_center_contact: 0.0000
Metrics/racket_target/current_swing_center_net_cross: 0.0000
Metrics/racket_target/current_swing_center_on_opponent: 0.0000
Metrics/racket_target/current_swing_rim_contact: 0.0000
Metrics/racket_target/current_swing_rim_net_cross: 0.0000
Metrics/racket_target/current_swing_rim_on_opponent: 0.0000
Metrics/racket_target/current_swing_analytic_outer_contact: 0.0000
Metrics/racket_target/current_swing_analytic_outer_net_cross: 0.0000
Metrics/racket_target/current_swing_analytic_outer_on_opponent: 0.0000
Metrics/racket_target/cycle_v2_outcome_tier: -0.5859
Metrics/racket_target/cycle_v2_streak: 0.0000
Metrics/racket_target/closed_loop_recovery_trigger_event: 0.0000
Metrics/racket_target/closed_loop_cycle_success_event: 0.0000
Metrics/racket_target/closed_loop_durable_cycle_success_event: 0.0000
Metrics/racket_target/closed_loop_phase_id: 0.6406
Metrics/racket_target/closed_loop_phase_ready_no_command: 0.3828
Metrics/racket_target/closed_loop_phase_command_acquire: 0.0352
Metrics/racket_target/closed_loop_phase_pre_strike: 0.0781
Metrics/racket_target/closed_loop_phase_strike: 0.0000
Metrics/racket_target/closed_loop_phase_follow_through: 0.0000
Metrics/racket_target/closed_loop_phase_recovery: 0.0898
Metrics/racket_target/closed_loop_phase_next_ready: 0.0000
Metrics/racket_target/post_contact_phase_impact_0_100ms_attempts: 33.2656
Metrics/racket_target/post_contact_phase_impact_0_100ms_tilt_gt_0p1_rate: 0.2176
Metrics/racket_target/post_contact_phase_impact_0_100ms_pitch_gt_0p1_rate: 0.2176
Metrics/racket_target/post_contact_phase_impact_0_100ms_waist_overflow_gt_1p0_rate: 0.0000
Metrics/racket_target/post_contact_phase_impact_0_100ms_base_ang_vel_gt_0p8_rate: 0.2061
Metrics/racket_target/post_contact_phase_brake_100_300ms_attempts: 32.0625
Metrics/racket_target/post_contact_phase_brake_100_300ms_tilt_gt_0p1_rate: 0.1889
Metrics/racket_target/post_contact_phase_brake_100_300ms_pitch_gt_0p1_rate: 0.1665
Metrics/racket_target/post_contact_phase_brake_100_300ms_waist_overflow_gt_1p0_rate: 0.0000
Metrics/racket_target/post_contact_phase_brake_100_300ms_base_ang_vel_gt_0p8_rate: 0.1883
Metrics/racket_target/post_contact_phase_settle_300_600ms_attempts: 28.4531
Metrics/racket_target/post_contact_phase_settle_300_600ms_tilt_gt_0p1_rate: 0.1095
Metrics/racket_target/post_contact_phase_settle_300_600ms_pitch_gt_0p1_rate: 0.1042
Metrics/racket_target/post_contact_phase_settle_300_600ms_waist_overflow_gt_1p0_rate: 0.0000
Metrics/racket_target/post_contact_phase_settle_300_600ms_base_ang_vel_gt_0p8_rate: 0.1649
Metrics/racket_target/post_contact_phase_ready_after_600ms_attempts: 25.5156
Metrics/racket_target/post_contact_phase_ready_after_600ms_tilt_gt_0p1_rate: 0.0683
Metrics/racket_target/post_contact_phase_ready_after_600ms_pitch_gt_0p1_rate: 0.0588
Metrics/racket_target/post_contact_phase_ready_after_600ms_waist_overflow_gt_1p0_rate: 0.0000
Metrics/racket_target/post_contact_phase_ready_after_600ms_base_ang_vel_gt_0p8_rate: 0.1547
     Metrics/physical_shadow/phase: 0.4062
Metrics/physical_shadow/route_valid: 0.5859
Metrics/physical_shadow/route_curriculum_level: 1.0000
Metrics/physical_shadow/serve_event: 0.0000
Metrics/physical_shadow/incoming_bounce_event: 0.0000
Metrics/physical_shadow/contact_event: 0.0000
Metrics/physical_shadow/net_cross_event: 0.0000
Metrics/physical_shadow/outgoing_landing_event: 0.0000
Metrics/physical_shadow/opponent_bounce_event: 0.0000
Metrics/physical_shadow/landing_short_event: 0.0000
Metrics/physical_shadow/landing_long_event: 0.0000
Metrics/physical_shadow/landing_side_event: 0.0000
Metrics/physical_shadow/landing_no_net_event: 0.0000
Metrics/physical_shadow/abort_event: 0.0000
Metrics/physical_shadow/timeout_event: 0.0000
Metrics/physical_shadow/route_unalignable_event: 0.0000
Metrics/physical_shadow/route_invalid_event: 0.0000
Metrics/physical_shadow/incoming_net_collision_event: 0.0000
Metrics/physical_shadow/reset_abort_event: 0.0000
Metrics/physical_shadow/command_refresh_event: 0.0352
Metrics/physical_shadow/incoming_bounce_latch: 0.2031
Metrics/physical_shadow/contact_latch: 0.0000
Metrics/physical_shadow/net_cross_latch: 0.0000
Metrics/physical_shadow/opponent_bounce_latch: 0.0000
Metrics/physical_shadow/launch_timing_error_s: 0.0005
Metrics/physical_shadow/contact_true_target_error: 0.0000
Metrics/physical_shadow/contact_planner_position_error: 0.0000
Metrics/physical_shadow/contact_planner_velocity_error: 0.0000
Metrics/physical_shadow/contact_planner_velocity_direction_error_deg: 0.0000
Metrics/physical_shadow/contact_planner_normal_error_deg: 0.0000
Metrics/physical_shadow/contact_outgoing_velocity_error: 0.0000
Metrics/physical_shadow/contact_outgoing_speed: 0.0000
Metrics/physical_shadow/contact_target_outgoing_speed: 0.0000
Metrics/physical_shadow/contact_outgoing_speed_ratio: 0.0000
Metrics/physical_shadow/contact_outgoing_direction_error_deg: 0.0000
Metrics/physical_shadow/contact_outgoing_velocity_x: 0.0000
Metrics/physical_shadow/contact_outgoing_velocity_y: 0.0000
Metrics/physical_shadow/contact_outgoing_velocity_z: 0.0000
Metrics/physical_shadow/contact_target_outgoing_velocity_x: 0.0000
Metrics/physical_shadow/contact_target_outgoing_velocity_y: 0.0000
Metrics/physical_shadow/contact_target_outgoing_velocity_z: 0.0000
Metrics/physical_shadow/contact_incoming_velocity_error: 0.0000
Metrics/physical_shadow/contact_incoming_velocity_direction_error_deg: 0.0000
Metrics/physical_shadow/contact_route_incoming_velocity_error: 0.0000
Metrics/physical_shadow/contact_route_incoming_velocity_direction_error_deg: 0.0000
Metrics/physical_shadow/contact_actual_route_incoming_velocity_error: 0.0000
Metrics/physical_shadow/contact_command_normal_only_error: 0.0000
Metrics/physical_shadow/contact_command_training_model_error: 0.0000
Metrics/physical_shadow/contact_command_physics_model_error: 0.0000
Metrics/physical_shadow/contact_actual_training_model_residual: 0.0000
Metrics/physical_shadow/contact_actual_physics_model_residual: 0.0000
Metrics/physical_shadow/contact_actual_normal_only_model_residual: 0.0000
Metrics/physical_shadow/contact_actual_training_predicted_target_error: 0.0000
Metrics/physical_shadow/contact_actual_physics_predicted_target_error: 0.0000
Metrics/physical_shadow/contact_actual_normal_only_predicted_target_error: 0.0000
Metrics/physical_shadow/contact_force_direction_valid: 0.0000
Metrics/physical_shadow/contact_force_vs_racket_normal_angle_deg: 0.0000
Metrics/physical_shadow/contact_actual_force_direction_model_residual: 0.0000
Metrics/physical_shadow/contact_actual_force_direction_predicted_target_error: 0.0000
Metrics/physical_shadow/contact_physx_data_valid: 0.0000
Metrics/physical_shadow/contact_physx_force: 0.0000
Metrics/physical_shadow/contact_physx_separation: 0.0000
Metrics/physical_shadow/contact_physx_normal_error_deg: 0.0000
Metrics/physical_shadow/contact_physx_point_radial_error: 0.0000
Metrics/physical_shadow/contact_actual_physx_normal_model_residual: 0.0000
Metrics/physical_shadow/contact_actual_physx_normal_predicted_target_error: 0.0000
Metrics/physical_shadow/contact_physx_substep_valid: 0.0000
Metrics/physical_shadow/contact_physx_substep_normal_error_deg: 0.0000
Metrics/physical_shadow/contact_physx_substep_point_radial_error: 0.0000
Metrics/physical_shadow/contact_physx_substep_point_normal_offset: 0.0000
Metrics/physical_shadow/contact_physx_patch_substeps: 0.0000
Metrics/physical_shadow/contact_physx_normal_impulse: 0.0000
Metrics/physical_shadow/contact_physx_capture_lag_s: 0.0000
Metrics/physical_shadow/contact_physx_contact_point_speed_delta: 0.0000
Metrics/physical_shadow/contact_physx_substep_link_model_residual: 0.0000
Metrics/physical_shadow/contact_physx_substep_point_model_residual: 0.0000
Metrics/physical_shadow/contact_physx_substep_outgoing_target_error: 0.0000
Metrics/physical_shadow/contact_physx_measured_restitution: 0.0000
Metrics/physical_shadow/contact_physx_pre_ball_speed: 0.0000
Metrics/physical_shadow/contact_physx_post_ball_speed: 0.0000
Metrics/physical_shadow/contact_physx_point_x: 0.0000
Metrics/physical_shadow/contact_physx_point_y: 0.0000
Metrics/physical_shadow/contact_physx_point_z: 0.0000
Metrics/physical_shadow/contact_physx_normal_x: 0.0000
Metrics/physical_shadow/contact_physx_normal_y: 0.0000
Metrics/physical_shadow/contact_physx_normal_z: 0.0000
Metrics/physical_shadow/contact_physx_pre_ball_velocity_x: 0.0000
Metrics/physical_shadow/contact_physx_pre_ball_velocity_y: 0.0000
Metrics/physical_shadow/contact_physx_pre_ball_velocity_z: 0.0000
Metrics/physical_shadow/contact_physx_post_ball_velocity_x: 0.0000
Metrics/physical_shadow/contact_physx_post_ball_velocity_y: 0.0000
Metrics/physical_shadow/contact_physx_post_ball_velocity_z: 0.0000
Metrics/physical_shadow/contact_physx_pre_racket_point_velocity_x: 0.0000
Metrics/physical_shadow/contact_physx_pre_racket_point_velocity_y: 0.0000
Metrics/physical_shadow/contact_physx_pre_racket_point_velocity_z: 0.0000
Metrics/physical_shadow/contact_physx_post_racket_point_velocity_x: 0.0000
Metrics/physical_shadow/contact_physx_post_racket_point_velocity_y: 0.0000
Metrics/physical_shadow/contact_physx_post_racket_point_velocity_z: 0.0000
Metrics/physical_shadow/contact_physx_pre_ball_angular_velocity_x: 0.0000
Metrics/physical_shadow/contact_physx_pre_ball_angular_velocity_y: 0.0000
Metrics/physical_shadow/contact_physx_pre_ball_angular_velocity_z: 0.0000
Metrics/physical_shadow/contact_physx_post_ball_angular_velocity_x: 0.0000
Metrics/physical_shadow/contact_physx_post_ball_angular_velocity_y: 0.0000
Metrics/physical_shadow/contact_physx_post_ball_angular_velocity_z: 0.0000
Metrics/physical_shadow/contact_physx_pre_ball_surface_tangent_speed: 0.0000
Metrics/physical_shadow/contact_physx_post_ball_spin_speed: 0.0000
Metrics/physical_shadow/contact_impact_normal_error_deg: 0.0000
Metrics/physical_shadow/contact_wire_impact_normal_gap_deg: 0.0000
Metrics/physical_shadow/contact_face_radial_error: 0.0000
Metrics/physical_shadow/contact_time_to_strike: 0.0000
Metrics/physical_shadow/landing_target_error: 0.0000
Metrics/physical_shadow/landing_target_x_error: 0.0000
Metrics/physical_shadow/landing_target_y_error: 0.0000
Metrics/physical_shadow/landing_position_x: 0.0000
Metrics/physical_shadow/landing_position_y: 0.0000
Metrics/physical_shadow/command_refresh_valid: 0.2031
Metrics/physical_shadow/command_refresh_count: 3.1445
Metrics/physical_shadow/command_refresh_tts_s: 0.0578
Metrics/physical_shadow/command_refresh_position_delta: 0.0019
Metrics/physical_shadow/command_refresh_incoming_velocity_delta: 0.0021
Metrics/physical_shadow/command_refresh_timing_delta_s: 0.0009
Metrics/physical_shadow/command_refresh_racket_velocity_delta: 0.0003
Metrics/physical_shadow/command_refresh_normal_delta_deg: 0.0039
Metrics/physical_shadow/minimum_ball_racket_distance: 0.0399
      Episode_Termination/time_out: 0.0000
  Episode_Termination/base_too_low: 0.3672
   Episode_Termination/base_tilted: 0.2500
   Episode_Termination/table_touch: 0.0000
Episode_Termination/persistent_action_overflow: 0.0000
--------------------------------------------------------------------------------
                   Total timesteps: 32768
                    Iteration time: 12.72s
                      Time elapsed: 00:00:12
                               ETA: 00:10:35

[2026-08-02 12:43:47,817][git.util][DEBUG] - sys.platform='linux', git_executable='git'
[2026-08-02 12:43:47,818][git.cmd][DEBUG] - Popen(['git', 'cat-file', '--batch-check'], cwd=/mnt/ssd/zxl/PACE-ICRA2026, stdin=<valid stream>, shell=False, universal_newlines=False)
[2026-08-02 12:43:47,819][git.cmd][DEBUG] - Popen(['git', 'cat-file', '--batch'], cwd=/mnt/ssd/zxl/PACE-ICRA2026, stdin=<valid stream>, shell=False, universal_newlines=False)
Storing git diff for 'PACE-ICRA2026' in: /mnt/ssd/zxl/HOPE_latest_20260721/hope_training/whole_body_tracking/logs/rsl_rl/hope_pingpong_stage2_reward_v11/2026-08-02_12-43-30_v11_v7b200_controlled_256x50_s1301/git/PACE-ICRA2026.diff
[2026-08-02 12:43:47,820][git.cmd][DEBUG] - Popen(['git', 'status'], cwd=/mnt/ssd/zxl/PACE-ICRA2026, stdin=None, shell=False, universal_newlines=False)
[2026-08-02 12:43:47,823][git.cmd][DEBUG] - Popen(['git', 'diff', 'f680833fa6dd25066f6d1bff1a8f66c566269348'], cwd=/mnt/ssd/zxl/PACE-ICRA2026, stdin=None, shell=False, universal_newlines=False)
[2026-08-02 12:43:47,829][git.util][DEBUG] - sys.platform='linux', git_executable='git'
[2026-08-02 12:43:47,830][git.cmd][DEBUG] - Popen(['git', 'cat-file', '--batch-check'], cwd=/mnt/ssd/zxl/HOPE_latest_20260721, stdin=<valid stream>, shell=False, universal_newlines=False)
[2026-08-02 12:43:47,832][git.cmd][DEBUG] - Popen(['git', 'cat-file', '--batch'], cwd=/mnt/ssd/zxl/HOPE_latest_20260721, stdin=<valid stream>, shell=False, universal_newlines=False)
Storing git diff for 'HOPE_latest_20260721' in: /mnt/ssd/zxl/HOPE_latest_20260721/hope_training/whole_body_tracking/logs/rsl_rl/hope_pingpong_stage2_reward_v11/2026-08-02_12-43-30_v11_v7b200_controlled_256x50_s1301/git/HOPE_latest_20260721.diff
[2026-08-02 12:43:47,833][git.cmd][DEBUG] - Popen(['git', 'status'], cwd=/mnt/ssd/zxl/HOPE_latest_20260721, stdin=None, shell=False, universal_newlines=False)
[2026-08-02 12:43:47,840][git.cmd][DEBUG] - Popen(['git', 'diff', 'b99de9c8263d8acc9cebf93db6b7631b921597ed'], cwd=/mnt/ssd/zxl/HOPE_latest_20260721, stdin=None, shell=False, universal_newlines=False)
/mnt/ssd/zxl/IsaacLab/source/isaaclab/isaaclab/envs/mdp/events.py:501: UserWarning: To copy construct from a tensor, it is recommended to use sourceTensor.detach().clone() or sourceTensor.detach().clone().requires_grad_(True), rather than torch.tensor(sourceTensor).
  actuator_joint_indices = torch.tensor(actuator.joint_indices, device=asset.device)
################################################################################
                      [1m Learning iteration 201/250 [0m                      

                       Computation: 1635 steps/s (collection: 20.014s, learning 0.023s)
             Mean action noise std: 0.08
          Mean value_function loss: 2.2707
               Mean surrogate loss: 0.0000
                 Mean entropy loss: -34.3105
      Mean critic_only_warmup loss: 1.0000
                       Mean reward: -4.56
               Mean episode length: 168.32
 Episode_Reward/undesired_contacts: -0.0013
  Episode_Reward/feet_contact_slip: -0.0017
     Episode_Reward/table_no_touch: -0.0057
              Episode_Reward/alive: 0.0026
          Episode_Reward/imitation: 0.0411
Episode_Reward/planner_racket_task_space_crossfade: 0.0336
Episode_Reward/healthy_trunk_support: 0.0231
Episode_Reward/phase_action_overflow: -0.0002
Episode_Reward/prestrike_station_progress: -0.0015
 Episode_Reward/lower_body_support: 0.0127
Episode_Reward/termination_penalty: -0.3571
Episode_Reward/phase_action_rate_waist: -0.0001
Episode_Reward/phase_action_rate_upper: -0.0000
Episode_Reward/phase_action_rate_legs: -0.0000
        Episode_Reward/joint_limit: -0.0103
Episode_Reward/prestrike_racket_progress: 0.0346
Episode_Reward/operational_joint_margin: -0.0160
  Episode_Reward/joint_target_slew: -0.0202
Episode_Reward/actuator_waist_feasibility: -0.0000
Episode_Reward/actuator_right_arm_feasibility: -0.0000
Episode_Reward/actuator_leg_feasibility: -0.0000
Episode_Reward/physical_outcome_events: 0.0020
Episode_Reward/physical_contact_planner_alignment: 0.0062
Episode_Reward/physical_recovery_settlement: -0.0048
Episode_Reward/physical_capability_curriculum: 0.0000
Episode_Reward/durable_recovery_progress: -0.0003
Episode_Reward/durable_recovery_success: 0.0013
Episode_Reward/durable_recovery_failure: -0.0362
Episode_Reward/no_command_instability: -0.0052
Episode_Reward/safe_strike_inactivity: -0.0146
    Metrics/motion/error_joint_pos: 2.1720
    Metrics/motion/error_joint_vel: 6.2968
     Metrics/motion/error_body_pos: 0.2967
     Metrics/motion/error_body_rot: 0.9841
       Metrics/motion/motion_phase: 0.3757
            Metrics/motion/in_hold: 0.4568
Metrics/motion/motion_start_warmup_prob: 0.7500
Metrics/motion/motion_start_lifecycle_progress: 0.0000
Metrics/motion/motion_start_effective_prestrike_fraction: 1.0000
Metrics/motion/motion_start_effective_recovery_fraction: 0.0000
Metrics/motion/motion_start_effective_rsi_fraction: 0.0000
 Metrics/motion/motion_start_reset: 0.2461
Metrics/motion/motion_start_prestrike_reset: 0.0000
Metrics/motion/motion_start_recovery_reset: 0.0000
Metrics/motion/motion_start_rsi_reset: 0.0000
 Metrics/motion/single_cycle_reset: 0.0000
     Metrics/motion/motion_clip_id: 0.5945
Metrics/motion/motion_supplemental_clip: 0.0000
      Metrics/motion/stand_episode: 0.0000
Metrics/motion/default_stand_reset: 0.1604
Metrics/motion/error_body_pos_lower: 0.3385
Metrics/motion/error_body_rot_lower: 1.0534
Metrics/motion/error_body_lin_vel_lower: 0.7556
Metrics/motion/error_body_ang_vel_lower: 2.7106
Metrics/motion/reference_body_lin_speed_lower: 0.0111
Metrics/motion/robot_body_lin_speed_lower: 0.7563
Metrics/motion/error_body_pos_core: 0.1254
Metrics/motion/error_body_rot_core: 0.7582
Metrics/motion/error_body_lin_vel_core: 1.4977
Metrics/motion/error_body_ang_vel_core: 2.3993
Metrics/motion/reference_body_lin_speed_core: 0.0100
Metrics/motion/robot_body_lin_speed_core: 1.4958
Metrics/motion/error_body_pos_upper: 0.3121
Metrics/motion/error_body_rot_upper: 0.9902
Metrics/motion/error_body_lin_vel_upper: 2.0694
Metrics/motion/error_body_ang_vel_upper: 3.0625
Metrics/motion/reference_body_lin_speed_upper: 0.0155
Metrics/motion/robot_body_lin_speed_upper: 2.0705
Metrics/motion/error_joint_pos_waist: 0.5182
Metrics/motion/error_joint_vel_waist: 1.8979
Metrics/motion/reference_joint_speed_waist: 0.0109
Metrics/motion/error_joint_pos_arms: 1.8468
Metrics/motion/error_joint_vel_arms: 4.3395
Metrics/motion/reference_joint_speed_arms: 0.0440
Metrics/motion/error_joint_pos_legs: 0.9476
Metrics/motion/error_joint_vel_legs: 3.7494
Metrics/motion/reference_joint_speed_legs: 0.0027
Metrics/racket_target/racket_pos_error: 0.8148
Metrics/racket_target/racket_vel_error: 2.1071
Metrics/racket_target/time_to_strike: 0.3993
Metrics/racket_target/return_success: 0.0000
Metrics/racket_target/prev_return_success: 0.0000
Metrics/racket_target/prev_net_cross: 0.0000
Metrics/racket_target/current_net_cross: 0.0000
Metrics/racket_target/racket_pos_curriculum_scale: 1.0000
Metrics/racket_target/impact_inverse_command_blend: 1.0000
Metrics/racket_target/steps_since_target_resample: 75.1917
Metrics/racket_target/recovery_height_error: 0.2117
Metrics/racket_target/recovery_upright_error: 0.6826
Metrics/racket_target/recovery_base_lin_vel: 0.9974
Metrics/racket_target/recovery_base_ang_vel: 2.4748
Metrics/racket_target/recovery_station_error: 0.6441
Metrics/racket_target/recovery_feet_contact_frac: 0.8221
Metrics/racket_target/recovery_racket_speed: 2.8937
Metrics/racket_target/recovery_height_score: 0.1132
Metrics/racket_target/recovery_upright_score: 0.0047
Metrics/racket_target/recovery_lin_vel_score: 0.1210
Metrics/racket_target/recovery_ang_vel_score: 0.0458
Metrics/racket_target/recovery_station_score: 0.0013
Metrics/racket_target/recovery_racket_score: 0.0213
Metrics/racket_target/recovery_arm_score: 0.3011
Metrics/racket_target/recovery_ready_score: 0.1616
Metrics/racket_target/recovery_anchor_arm_score: 1.0000
Metrics/racket_target/recovery_core_ready_score: 0.0117
Metrics/racket_target/recovery_functional_ready_score: 0.0078
Metrics/racket_target/waist_action_overflow_rms: 0.0001
Metrics/racket_target/right_arm_action_overflow_rms: 0.0095
Metrics/racket_target/leg_action_overflow_rms: 0.0606
Metrics/racket_target/operational_margin_fraction: 0.0470
Metrics/racket_target/waist_operational_margin_fraction: 0.0276
Metrics/racket_target/right_arm_operational_margin_fraction: 0.0084
Metrics/racket_target/leg_operational_margin_fraction: 0.1096
Metrics/racket_target/waist_operational_excess_rms: 0.0017
Metrics/racket_target/right_arm_operational_excess_rms: 0.0016
Metrics/racket_target/leg_operational_excess_rms: 0.0404
Metrics/racket_target/q_des_velocity_violation_fraction: 0.0345
Metrics/racket_target/waist_q_des_velocity_violation_fraction: 0.0156
Metrics/racket_target/right_arm_q_des_velocity_violation_fraction: 0.0201
Metrics/racket_target/leg_q_des_velocity_violation_fraction: 0.0706
Metrics/racket_target/q_des_acceleration_violation_fraction: 0.5273
Metrics/racket_target/waist_q_des_acceleration_violation_fraction: 0.5850
Metrics/racket_target/right_arm_q_des_acceleration_violation_fraction: 0.5199
Metrics/racket_target/leg_q_des_acceleration_violation_fraction: 0.6497
Metrics/racket_target/waist_q_des_velocity_rms: 3.3248
Metrics/racket_target/right_arm_q_des_velocity_rms: 3.9266
Metrics/racket_target/leg_q_des_velocity_rms: 5.9536
Metrics/racket_target/waist_q_des_acceleration_rms: 292.5540
Metrics/racket_target/right_arm_q_des_acceleration_rms: 283.2973
Metrics/racket_target/leg_q_des_acceleration_rms: 450.6495
Metrics/racket_target/action_operational_feasibility_score: 0.4897
Metrics/racket_target/actuator_overflow_consecutive_steps: 0.0000
Metrics/racket_target/actuator_overflow_severe: 0.0000
Metrics/racket_target/recovery_phase_gate: 0.7617
Metrics/racket_target/recovery_phase_ready_score: 0.1336
Metrics/racket_target/recovery_contact_ready_score: 0.0014
Metrics/racket_target/recovery_net_ready_score: 0.0000
Metrics/racket_target/recovery_return_ready_score: 0.0000
Metrics/racket_target/cycle_success_ready_score: 0.0000
Metrics/racket_target/cycle_success_soft: 0.0000
Metrics/racket_target/cycle_success_binary: 0.0000
Metrics/racket_target/cycle_v2_pending: 0.0000
Metrics/racket_target/cycle_v2_attempt_latch: 0.0000
Metrics/racket_target/cycle_v2_ready_success_latch: 0.0000
Metrics/racket_target/cycle_v2_ready_fail_latch: 0.0000
Metrics/racket_target/cycle_v2_attempt_event: 0.0000
Metrics/racket_target/cycle_v2_ready_success_event: 0.0000
Metrics/racket_target/cycle_v2_ready_fail_event: 0.0000
Metrics/racket_target/cycle_v2_unresolved_resample_fail_event: 0.0000
Metrics/racket_target/cycle_v2_resolved_event: 0.0000
Metrics/racket_target/cycle_v2_command_visible_steps: 0.0000
Metrics/racket_target/cycle_v2_elapsed_steps: 0.0000
Metrics/racket_target/cycle_v2_ready_score: 0.0000
Metrics/racket_target/cycle_v2_ready_ok: 0.0000
Metrics/racket_target/cycle_v2_visible: 0.0000
Metrics/racket_target/cycle_v2_ready_score_ok: 0.0000
Metrics/racket_target/cycle_v2_height_ok: 0.0000
Metrics/racket_target/cycle_v2_upright_ok: 0.0000
Metrics/racket_target/cycle_v2_base_lin_vel_ok: 0.0000
Metrics/racket_target/cycle_v2_base_ang_vel_ok: 0.0000
Metrics/racket_target/cycle_v2_feet_ok: 0.0000
Metrics/racket_target/cycle_v2_core_ready_ok: 0.0000
Metrics/racket_target/cycle_v2_ready_consecutive_steps: 0.0000
Metrics/racket_target/single_cycle_bootstrap: 0.0000
Metrics/racket_target/single_cycle_swing_completed: 0.0000
Metrics/racket_target/single_cycle_recovery_active: 0.0000
Metrics/racket_target/single_cycle_recovery_elapsed_steps: 0.0000
Metrics/racket_target/single_cycle_ready_consecutive_steps: 0.0000
Metrics/racket_target/single_cycle_safe_timeout_event: 0.0000
Metrics/racket_target/single_cycle_deadline_timeout_event: 0.0000
Metrics/racket_target/single_cycle_timeout_latch: 0.0000
Metrics/racket_target/single_cycle_hard_failure_event: 0.0000
Metrics/racket_target/single_cycle_probability: 0.0000
Metrics/racket_target/single_cycle_curriculum_level: 0.0000
Metrics/racket_target/single_cycle_effective_deadline_steps: 100.0000
Metrics/racket_target/single_cycle_selected_events: 0.0000
Metrics/racket_target/single_cycle_completed_events: 0.0000
Metrics/racket_target/single_cycle_safe_timeout_events: 0.0000
Metrics/racket_target/single_cycle_deadline_timeout_events: 0.0000
Metrics/racket_target/single_cycle_hard_failure_events: 0.0000
Metrics/racket_target/active_ready_consecutive_steps: 0.0000
Metrics/racket_target/active_ready_success_event: 0.0000
Metrics/racket_target/active_ready_success_latch: 0.0000
Metrics/racket_target/active_ready_survival_steps: 0.0000
Metrics/racket_target/active_ready_survival_next_milestone: 0.0000
Metrics/racket_target/active_ready_survival_milestone_event: 0.0000
Metrics/racket_target/no_command_ready_active: 0.0938
Metrics/racket_target/no_command_from_stand_episode: 0.0000
Metrics/racket_target/no_command_from_default_stand_reset: 0.0000
Metrics/racket_target/no_command_ready_upright_ok: 0.0000
Metrics/racket_target/no_command_ready_motion_ok: 0.0000
Metrics/racket_target/no_command_ready_score: 0.0135
Metrics/racket_target/no_command_ready_progress: -0.0055
Metrics/racket_target/no_command_ready_station_error: 0.0708
Metrics/racket_target/no_command_ready_fixed_station_error: 0.0708
Metrics/racket_target/healthy_training_stage: 3.0000
Metrics/racket_target/healthy_stage_planted_rehearsal: 0.0000
Metrics/racket_target/healthy_stage_station_hold_seen: 0.0000
Metrics/racket_target/healthy_stage_station_arrived: 0.0000
Metrics/racket_target/healthy_stage_station_settled: 0.0000
Metrics/racket_target/healthy_stage_station_settle_steps: 0.0000
Metrics/racket_target/station_relocation_active: 0.0000
Metrics/racket_target/station_relocation_target_offset_y: 0.0000
Metrics/racket_target/station_relocation_error: 0.0000
Metrics/racket_target/station_relocation_arrival_event: 0.0000
Metrics/racket_target/station_relocation_settle_event: 0.0000
Metrics/racket_target/station_relocation_release_event: 0.0000
Metrics/racket_target/station_relocation_timeout_event: 0.0000
Metrics/racket_target/station_relocation_elapsed_steps: 0.0000
Metrics/racket_target/station_relocation_hold_deadline_steps: 0.0000
Metrics/racket_target/lifecycle_recovery_hold_active: 0.0000
Metrics/racket_target/lifecycle_recovery_release_success_event: 0.0000
Metrics/racket_target/lifecycle_recovery_release_fail_event: 0.0000
Metrics/racket_target/station_relocation_level: 0.0000
Metrics/racket_target/station_relocation_arrival_ema: 0.0000
Metrics/racket_target/station_relocation_settle_ema: 0.0000
Metrics/racket_target/station_relocation_contact_ema: 0.0000
Metrics/racket_target/station_relocation_safety_ema: 0.0000
Metrics/racket_target/station_relocation_resolved_events: 0.0000
Metrics/racket_target/station_relocation_terminal_reset_events: 0.0000
Metrics/racket_target/station_relocation_advance_streak: 0.0000
Metrics/racket_target/station_relocation_regress_streak: 0.0000
Metrics/racket_target/station_relocation_effective_max_lin_vel: 0.0000
Metrics/racket_target/station_relocation_effective_max_ang_vel: 0.0000
Metrics/racket_target/station_relocation_effective_min_settle_steps: 0.0000
Metrics/racket_target/ability_curriculum_level: 0.0000
Metrics/racket_target/ability_curriculum_scale: 1.0000
Metrics/racket_target/ability_curriculum_resolved_events: 0.0000
Metrics/racket_target/ability_curriculum_total_resolved_events: 0.0000
Metrics/racket_target/ability_curriculum_advance_streak: 0.0000
Metrics/racket_target/ability_curriculum_regress_streak: 0.0000
Metrics/racket_target/ability_contact_ema: 0.0000
Metrics/racket_target/ability_net_ema: 0.0000
Metrics/racket_target/ability_success_ema: 0.0000
Metrics/racket_target/ability_recovery_ema: 0.0000
Metrics/racket_target/ability_cycle_ema: 0.0000
Metrics/racket_target/ability_cycle_attempt_ema: 0.0000
Metrics/racket_target/ability_cycle_resolved_ema: 0.0000
Metrics/racket_target/ability_forehand_contact_ema: 0.0000
Metrics/racket_target/ability_forehand_net_ema: 0.0000
Metrics/racket_target/ability_forehand_success_ema: 0.0000
Metrics/racket_target/ability_backhand_contact_ema: 0.0000
Metrics/racket_target/ability_backhand_net_ema: 0.0000
Metrics/racket_target/ability_backhand_success_ema: 0.0000
Metrics/racket_target/ability_attempt_ema: 0.0000
Metrics/racket_target/ability_targeted_attempt_ema: 0.0000
Metrics/racket_target/impact_health_floor_progress: 0.0000
Metrics/racket_target/ability_safety_ema: 1.0000
Metrics/racket_target/ability_station_saturation_ema: 0.0000
Metrics/racket_target/ability_healthy_normal_ema: 0.0000
Metrics/racket_target/ability_station_arrival_ema: 0.0000
Metrics/racket_target/ability_station_settle_ema: 0.0000
Metrics/racket_target/planner_hit_plane_blend: 1.0000
Metrics/racket_target/planner_hit_plane_x_delta: 0.0345
Metrics/racket_target/true_strike_table_x: 0.1982
Metrics/racket_target/planner_target_table_x: 0.1982
Metrics/racket_target/workspace_level: 0.0000
Metrics/racket_target/workspace_fringe_sample: 0.0000
Metrics/racket_target/workspace_target_lateral_norm: 0.2328
Metrics/racket_target/workspace_target_table_y: -0.1340
Metrics/racket_target/workspace_playable_y_min: -0.7225
Metrics/racket_target/workspace_playable_y_max: 0.7225
Metrics/racket_target/workspace_active_y_lo: -0.1916
Metrics/racket_target/workspace_active_y_hi: -0.0716
Metrics/racket_target/workspace_motion_seed_blend: 0.0000
Metrics/racket_target/planner_perturb_curriculum_scale: 0.0000
Metrics/racket_target/incoming_ball_horizontal_speed: 1.0588
Metrics/racket_target/incoming_ball_speed: 1.9945
Metrics/racket_target/incoming_ball_speed_curriculum_level: 0.0000
Metrics/racket_target/incoming_ball_speed_sample_low: 0.9000
Metrics/racket_target/incoming_ball_speed_sample_high: 1.2500
Metrics/racket_target/station_saturated: 1.0000
Metrics/racket_target/station_raw_clip_excess: 0.1311
Metrics/racket_target/station_saturated_x: 0.9648
Metrics/racket_target/station_saturated_y: 0.9732
Metrics/racket_target/station_raw_clip_excess_x: 0.0073
Metrics/racket_target/station_raw_clip_excess_y: 0.1301
Metrics/racket_target/current_swing_opportunity: 0.3831
Metrics/racket_target/current_swing_attempt: 0.3674
Metrics/racket_target/current_swing_targeted_attempt: 0.1831
Metrics/racket_target/prev_swing_targeted_attempt: 0.2932
Metrics/racket_target/current_swing_unsafe: 0.8404
Metrics/racket_target/current_swing_station_saturated: 1.0000
Metrics/racket_target/impact_health_score: 0.0323
Metrics/racket_target/impact_health_ok: 0.0000
Metrics/racket_target/impact_health_backlean_violation: 0.2346
Metrics/racket_target/impact_health_waist_backfold: 0.0183
Metrics/racket_target/impact_health_base_retreat: 0.4262
Metrics/racket_target/impact_health_torso_gravity_x: -0.0113
Metrics/racket_target/impact_health_torso_ang_vel: 2.2742
Metrics/racket_target/impact_health_com_x: 0.4908
Metrics/racket_target/impact_health_com_y: 0.1847
Metrics/racket_target/post_contact_ready_pending: 0.0846
Metrics/racket_target/post_contact_ready_elapsed_steps: 3.8841
Metrics/racket_target/post_contact_ready_consecutive_steps: 0.0000
Metrics/racket_target/post_contact_ready_diagnostic_pending: 0.1753
Metrics/racket_target/post_contact_ready_diagnostic_elapsed_steps: 10.8693
Metrics/racket_target/post_contact_ready_durable_pending: 0.0703
Metrics/racket_target/post_contact_ready_durable_consecutive_steps: 0.0000
Metrics/racket_target/post_contact_ready_durable_ready_now: 0.0000
Metrics/racket_target/post_contact_ready_durable_success_event: 0.0000
Metrics/racket_target/post_contact_ready_durable_fail_event: 0.0000
Metrics/racket_target/post_contact_ready_durable_resolution_success_rate: 0.5405
Metrics/racket_target/post_contact_ready_durable_resolution_fail_rate: 0.3435
Metrics/racket_target/post_contact_ready_durable_resolution_success_latency_steps: 52.0000
Metrics/racket_target/post_contact_ready_durable_resolution_fail_latency_steps: 47.5004
Metrics/racket_target/post_contact_ready_durable_fail_backlean_rate: 0.2056
Metrics/racket_target/post_contact_ready_durable_fail_forward_lean_rate: 0.4657
Metrics/racket_target/post_contact_ready_durable_fail_torso_ang_vel_rate: 0.5473
Metrics/racket_target/post_contact_ready_durable_fail_base_lin_vel_rate: 0.6531
Metrics/racket_target/post_contact_ready_durable_fail_base_ang_vel_rate: 0.7140
Metrics/racket_target/post_contact_ready_durable_fail_racket_speed_rate: 0.6062
Metrics/racket_target/post_contact_ready_durable_fail_height_rate: 0.2589
Metrics/racket_target/post_contact_ready_durable_fail_com_x_rate: 0.4679
Metrics/racket_target/post_contact_ready_durable_fail_com_y_rate: 0.1560
Metrics/racket_target/post_contact_ready_durable_fail_feet_rate: 0.2217
Metrics/racket_target/post_contact_ready_durable_fail_station_rate: 0.3521
Metrics/racket_target/post_contact_ready_durable_fail_arm_rate: 0.0780
Metrics/racket_target/post_contact_ready_terminal_window_active: 0.0000
Metrics/racket_target/post_contact_ready_terminal_quality: 0.0354
Metrics/racket_target/post_contact_ready_terminal_settlement_event: 0.0000
Metrics/racket_target/post_contact_ready_operational_ready_now: 0.0000
Metrics/racket_target/post_contact_ready_operational_consecutive_steps: 0.0000
Metrics/racket_target/post_contact_ready_safe_settlement_event: 0.0000
Metrics/racket_target/post_contact_ready_unsafe_settlement_event: 0.0000
Metrics/racket_target/post_contact_ready_incomplete_settlement_event: 0.0000
Metrics/racket_target/post_contact_ready_safe_net_cycle_event: 0.0000
Metrics/racket_target/post_contact_ready_terminal_quality_mean: 0.7674
Metrics/racket_target/post_contact_ready_safe_terminal_quality_mean: 0.9324
Metrics/racket_target/post_contact_ready_terminal_safe_rate: 0.7346
Metrics/racket_target/post_contact_ready_terminal_unsafe_rate: 0.2434
Metrics/racket_target/post_contact_ready_terminal_incomplete_rate: 0.0220
Metrics/racket_target/post_contact_ready_safe_net_cycle_rate: 0.0000
Metrics/racket_target/post_contact_ready_score: 0.0018
Metrics/racket_target/post_contact_ready_now: 0.0000
Metrics/racket_target/post_contact_ready_success_event: 0.0000
Metrics/racket_target/post_contact_ready_fail_event: 0.0000
Metrics/racket_target/post_contact_ready_outcome_tier: -0.9896
Metrics/racket_target/post_contact_ready_face_quality: 0.0346
Metrics/racket_target/post_contact_ready_safe_face_net_cycle_value: 0.0000
Metrics/racket_target/post_contact_ready_planner_speed_ratio: 0.1851
Metrics/racket_target/post_contact_ready_planner_direction_error_rad: 0.1469
Metrics/racket_target/post_contact_ready_planner_position_error: 0.1178
Metrics/racket_target/post_contact_ready_impact_health_score: 0.1378
Metrics/racket_target/post_contact_ready_peak_base_ang_vel: 0.3943
Metrics/racket_target/post_contact_ready_peak_ang_vel_excess_increment: 0.0000
Metrics/racket_target/post_contact_ready_envelope_violation_latch: 0.1831
Metrics/racket_target/post_contact_ready_envelope_violation_event: 0.0000
Metrics/racket_target/post_contact_ready_envelope_first_violation_step: 3.4070
Metrics/racket_target/post_contact_ready_envelope_attempts: 178.5078
Metrics/racket_target/post_contact_ready_envelope_violation_rate: 0.3264
Metrics/racket_target/post_contact_ready_envelope_tilt_violation_rate: 0.1993
Metrics/racket_target/post_contact_ready_envelope_pitch_violation_rate: 0.2451
Metrics/racket_target/post_contact_ready_envelope_com_violation_rate: 0.1964
Metrics/racket_target/post_contact_ready_envelope_waist_violation_rate: 0.0000
Metrics/racket_target/post_contact_ready_envelope_leg_violation_rate: 0.0000
Metrics/racket_target/post_contact_ready_envelope_base_ang_vel_violation_rate: 0.2400
Metrics/racket_target/post_contact_ready_resolution_success_rate: 0.8850
Metrics/racket_target/post_contact_ready_resolution_fail_rate: 0.0785
Metrics/racket_target/post_contact_ready_resolution_success_latency_steps: 6.7803
Metrics/racket_target/post_contact_ready_resolution_fail_latency_steps: 34.9738
Metrics/racket_target/post_contact_ready_max_tilt: 0.1281
Metrics/racket_target/post_contact_ready_max_abs_pitch: 0.1222
Metrics/racket_target/post_contact_ready_max_com_x: 0.0985
Metrics/racket_target/post_contact_ready_max_com_y: 0.0366
Metrics/racket_target/post_contact_ready_max_waist_overflow: 0.0031
Metrics/racket_target/post_contact_ready_max_leg_overflow: 0.0256
Metrics/racket_target/post_contact_ready_settlement_velocity_score_ema: 0.3445
Metrics/racket_target/post_contact_ready_settlement_position_gate_ema: 0.3750
Metrics/racket_target/post_contact_ready_settlement_health_gate_ema: 0.9642
Metrics/racket_target/post_contact_ready_settlement_recovery_gate_ema: 0.6996
Metrics/racket_target/post_contact_ready_settlement_total_score_ema: 0.0880
Metrics/racket_target/post_contact_recovery_backlean_error: 0.3417
Metrics/racket_target/post_contact_recovery_directional_progress: -0.0668
Metrics/racket_target/post_contact_ready_torso_ok: 0.0000
Metrics/racket_target/post_contact_ready_motion_ok: 0.0547
Metrics/racket_target/post_contact_ready_support_ok: 0.0000
Metrics/racket_target/post_contact_ready_arm_ok: 1.0000
Metrics/racket_target/post_contact_ready_base_lin_vel_ok: 0.1383
Metrics/racket_target/post_contact_ready_base_ang_vel_ok: 0.0703
Metrics/racket_target/post_contact_ready_racket_speed_ok: 0.1094
Metrics/racket_target/post_contact_ready_height_ok: 0.0906
Metrics/racket_target/post_contact_ready_com_x_ok: 0.0000
Metrics/racket_target/post_contact_ready_com_y_ok: 0.4924
Metrics/racket_target/post_contact_ready_feet_ok: 0.6521
Metrics/racket_target/post_contact_ready_station_ok: 0.0000
Metrics/racket_target/post_contact_ready_fail_torso: 0.0000
Metrics/racket_target/post_contact_ready_fail_base_lin_vel: 0.0000
Metrics/racket_target/post_contact_ready_fail_base_ang_vel: 0.0000
Metrics/racket_target/post_contact_ready_fail_racket_speed: 0.0000
Metrics/racket_target/post_contact_ready_fail_support: 0.0000
Metrics/racket_target/post_contact_ready_fail_arm: 0.0000
Metrics/racket_target/post_contact_ready_shadow_now: 0.0000
Metrics/racket_target/post_contact_ready_shadow_consecutive_steps: 0.0000
Metrics/racket_target/post_contact_ready_shadow_success_latch: 0.0195
Metrics/racket_target/post_contact_ready_curriculum_level: 0.0000
Metrics/racket_target/post_contact_ready_curriculum_fraction: 0.0000
Metrics/racket_target/post_contact_ready_curriculum_success_ema: 0.6750
Metrics/racket_target/post_contact_ready_curriculum_shadow_success_ema: 0.2110
Metrics/racket_target/post_contact_ready_curriculum_resolved_events: 171.3516
Metrics/racket_target/post_contact_ready_curriculum_successful_events: 157.1484
Metrics/racket_target/post_contact_ready_curriculum_targeted_attempt_ema: 0.3896
Metrics/racket_target/post_contact_ready_curriculum_return_success_ema: 0.0000
Metrics/racket_target/post_contact_ready_curriculum_completed_swings: 285.5391
Metrics/racket_target/post_contact_ready_curriculum_advance_streak: 0.0000
Metrics/racket_target/post_contact_ready_curriculum_advance_guard_ok: 0.0000
Metrics/racket_target/post_contact_ready_effective_max_torso_ang_vel: 0.9000
Metrics/racket_target/post_contact_ready_effective_torso_x_min: -0.1000
Metrics/racket_target/post_contact_ready_effective_torso_x_max: 0.3800
Metrics/racket_target/post_contact_ready_effective_max_base_lin_vel: 0.2200
Metrics/racket_target/post_contact_ready_effective_max_base_ang_vel: 1.0000
Metrics/racket_target/post_contact_ready_effective_max_racket_speed: 1.2000
Metrics/racket_target/post_contact_ready_effective_min_feet_contact: 0.9000
Metrics/racket_target/post_contact_ready_effective_required_consecutive_steps: 3.0000
Metrics/racket_target/post_contact_ready_effective_deadline_steps: 90.0000
Metrics/racket_target/post_contact_ready_curriculum_advance_threshold: 0.2000
Metrics/racket_target/post_contact_ready_curriculum_advance_min_events: 512.0000
Metrics/racket_target/post_contact_ready_curriculum_shadow_threshold: 0.0800
Metrics/racket_target/post_contact_ready_curriculum_min_targeted_attempt_ema: 0.1200
Metrics/racket_target/post_contact_ready_curriculum_min_return_success_ema: 0.0050
Metrics/racket_target/post_contact_ready_curriculum_min_completed_swings: 512.0000
Metrics/racket_target/post_contact_ready_curriculum_required_advance_checks: 2.0000
Metrics/racket_target/racket_normal_error_deg: 75.2739
Metrics/racket_target/impact_normal_error_deg: 12.8871
Metrics/racket_target/impact_racket_vel_error_mps: 2.1163
Metrics/racket_target/impact_racket_speed_ratio: 1.1440
Metrics/racket_target/impact_racket_vel_angle_deg: 47.3715
Metrics/racket_target/impact_racket_actual_vel_x: 1.3451
Metrics/racket_target/impact_racket_actual_vel_y: -0.4969
Metrics/racket_target/impact_racket_actual_vel_z: 0.4741
Metrics/racket_target/impact_racket_target_vel_x: 1.1689
Metrics/racket_target/impact_racket_target_vel_y: 0.0147
Metrics/racket_target/impact_racket_target_vel_z: 1.3991
Metrics/racket_target/impact_ball_out_error_mps: 3.6007
Metrics/racket_target/impact_face_radial_error_m: 0.6022
Metrics/racket_target/impact_face_normal_gap_m: 0.4680
Metrics/racket_target/impact_face_quality: 0.0428
Metrics/racket_target/impact_center_contact: 0.0000
Metrics/racket_target/impact_center_net_cross: 0.0000
Metrics/racket_target/impact_center_on_opponent: 0.0000
Metrics/racket_target/impact_rim_contact: 0.0000
Metrics/racket_target/impact_rim_net_cross: 0.0000
Metrics/racket_target/impact_rim_on_opponent: 0.0000
Metrics/racket_target/impact_analytic_outer_contact: 0.0000
Metrics/racket_target/impact_analytic_outer_net_cross: 0.0000
Metrics/racket_target/impact_analytic_outer_on_opponent: 0.0000
Metrics/racket_target/impact_planner_pos_error_m: 0.7950
Metrics/racket_target/impact_planner_vel_error_mps: 2.1163
Metrics/racket_target/impact_planner_speed_ratio: 1.1440
Metrics/racket_target/impact_planner_vel_angle_deg: 47.3715
Metrics/racket_target/impact_healthy_normal_ok: 0.0000
Metrics/racket_target/impact_healthy_contact: 0.0000
Metrics/racket_target/impact_healthy_net_cross: 0.0000
Metrics/racket_target/impact_healthy_on_opponent: 0.0000
Metrics/racket_target/current_swing_impact_health_score: 0.0093
Metrics/racket_target/current_swing_healthy_contact: 0.0104
Metrics/racket_target/current_swing_healthy_net_cross: 0.0000
Metrics/racket_target/current_swing_healthy_on_opponent: 0.0000
Metrics/racket_target/current_swing_healthy_normal_ok: 0.2086
Metrics/racket_target/current_swing_contact: 0.0104
Metrics/racket_target/current_swing_net_cross: 0.0000
Metrics/racket_target/current_swing_on_opponent: 0.0000
Metrics/racket_target/current_swing_center_contact: 0.0026
Metrics/racket_target/current_swing_center_net_cross: 0.0000
Metrics/racket_target/current_swing_center_on_opponent: 0.0000
Metrics/racket_target/current_swing_rim_contact: 0.0000
Metrics/racket_target/current_swing_rim_net_cross: 0.0000
Metrics/racket_target/current_swing_rim_on_opponent: 0.0000
Metrics/racket_target/current_swing_analytic_outer_contact: 0.0078
Metrics/racket_target/current_swing_analytic_outer_net_cross: 0.0000
Metrics/racket_target/current_swing_analytic_outer_on_opponent: 0.0000
Metrics/racket_target/cycle_v2_outcome_tier: -1.0000
Metrics/racket_target/cycle_v2_streak: 0.0000
Metrics/racket_target/closed_loop_recovery_trigger_event: 0.0000
Metrics/racket_target/closed_loop_cycle_success_event: 0.0000
Metrics/racket_target/closed_loop_durable_cycle_success_event: 0.0000
Metrics/racket_target/closed_loop_phase_id: 1.4807
Metrics/racket_target/closed_loop_phase_ready_no_command: 0.0938
Metrics/racket_target/closed_loop_phase_command_acquire: 0.6052
Metrics/racket_target/closed_loop_phase_pre_strike: 0.1969
Metrics/racket_target/closed_loop_phase_strike: 0.0195
Metrics/racket_target/closed_loop_phase_follow_through: 0.0000
Metrics/racket_target/closed_loop_phase_recovery: 0.0846
Metrics/racket_target/closed_loop_phase_next_ready: 0.0000
Metrics/racket_target/post_contact_phase_impact_0_100ms_attempts: 178.5078
Metrics/racket_target/post_contact_phase_impact_0_100ms_tilt_gt_0p1_rate: 0.9944
Metrics/racket_target/post_contact_phase_impact_0_100ms_pitch_gt_0p1_rate: 0.9939
Metrics/racket_target/post_contact_phase_impact_0_100ms_waist_overflow_gt_1p0_rate: 0.0000
Metrics/racket_target/post_contact_phase_impact_0_100ms_base_ang_vel_gt_0p8_rate: 0.9358
Metrics/racket_target/post_contact_phase_brake_100_300ms_attempts: 174.6797
Metrics/racket_target/post_contact_phase_brake_100_300ms_tilt_gt_0p1_rate: 0.8767
Metrics/racket_target/post_contact_phase_brake_100_300ms_pitch_gt_0p1_rate: 0.7786
Metrics/racket_target/post_contact_phase_brake_100_300ms_waist_overflow_gt_1p0_rate: 0.0000
Metrics/racket_target/post_contact_phase_brake_100_300ms_base_ang_vel_gt_0p8_rate: 0.8800
Metrics/racket_target/post_contact_phase_settle_300_600ms_attempts: 168.1797
Metrics/racket_target/post_contact_phase_settle_300_600ms_tilt_gt_0p1_rate: 0.5629
Metrics/racket_target/post_contact_phase_settle_300_600ms_pitch_gt_0p1_rate: 0.5271
Metrics/racket_target/post_contact_phase_settle_300_600ms_waist_overflow_gt_1p0_rate: 0.0000
Metrics/racket_target/post_contact_phase_settle_300_600ms_base_ang_vel_gt_0p8_rate: 0.7362
Metrics/racket_target/post_contact_phase_ready_after_600ms_attempts: 160.7578
Metrics/racket_target/post_contact_phase_ready_after_600ms_tilt_gt_0p1_rate: 0.4783
Metrics/racket_target/post_contact_phase_ready_after_600ms_pitch_gt_0p1_rate: 0.4232
Metrics/racket_target/post_contact_phase_ready_after_600ms_waist_overflow_gt_1p0_rate: 0.0000
Metrics/racket_target/post_contact_phase_ready_after_600ms_base_ang_vel_gt_0p8_rate: 0.9532
Metrics/racket_target/base_pitch_like_signed: -0.2553
Metrics/racket_target/base_backward_velocity: 0.8202
Metrics/racket_target/waist_action_rms: 0.5706
Metrics/racket_target/right_arm_action_rms: 3.1666
Metrics/racket_target/leg_action_rms: 0.7180
Metrics/racket_target/action_abs_max: 5.6936
Metrics/racket_target/applied_action_abs_max: 5.6936
Metrics/racket_target/leg_action_abs_max: 1.5108
Metrics/racket_target/effective_action_abs_max: 5.6684
Metrics/racket_target/action_clamp_fraction: 0.0282
Metrics/racket_target/waist_action_clamp_fraction: 0.0039
Metrics/racket_target/right_arm_action_clamp_fraction: 0.0084
Metrics/racket_target/leg_action_clamp_fraction: 0.0669
Metrics/racket_target/waist_q_tracking_error_rms: 0.3326
Metrics/racket_target/right_arm_q_tracking_error_rms: 0.1367
Metrics/racket_target/leg_q_tracking_error_rms: 0.2655
Metrics/racket_target/waist_torque_clip_fraction: 0.0000
Metrics/racket_target/right_arm_torque_clip_fraction: 0.0123
Metrics/racket_target/leg_torque_clip_fraction: 0.0000
Metrics/racket_target/waist_action_delta_rms: 0.1387
Metrics/racket_target/right_arm_action_delta_rms: 0.3469
Metrics/racket_target/leg_action_delta_rms: 0.2225
Metrics/racket_target/waist_joint_vel_rms: 1.0684
Metrics/racket_target/right_arm_joint_vel_rms: 1.2627
Metrics/racket_target/leg_joint_vel_rms: 1.1489
Metrics/racket_target/recovery_leg_action_abs_max: 1.1814
Metrics/racket_target/recovery_leg_action_delta_rms: 0.1559
Metrics/racket_target/recovery_leg_joint_vel_rms: 0.8966
Metrics/racket_target/physical_contact_health_score: 0.0000
Metrics/racket_target/physical_contact_face_quality: 0.0000
Metrics/racket_target/physical_contact_outcome_quality: 0.0000
Metrics/racket_target/physical_contact_quality_command_scale: 1.0000
Metrics/racket_target/physical_contact_planner_alignment: 0.0000
Metrics/racket_target/physical_contact_planner_alignment_raw: 0.0000
Metrics/racket_target/physical_recovery_pending: 0.0359
Metrics/racket_target/physical_recovery_tier: 0.0359
Metrics/racket_target/physical_recovery_success_event: 0.0000
Metrics/racket_target/physical_recovery_failure_event: 0.0359
Metrics/racket_target/physical_recovery_nonterminal_failure_event: 0.0000
Metrics/racket_target/physical_recovery_terminal_failure_event: 0.0359
Metrics/racket_target/physical_center_contact_event: 0.0000
Metrics/racket_target/physical_aligned_contact_event: 0.0000
Metrics/racket_target/physical_ability_level: 0.0000
Metrics/racket_target/physical_ability_batch_events: 183.8828
Metrics/racket_target/physical_ability_raw_contact_ema: 0.0000
Metrics/racket_target/physical_ability_contact_ema: 0.0000
Metrics/racket_target/physical_ability_aligned_contact_ema: 0.0000
Metrics/racket_target/physical_ability_net_ema: 0.0000
Metrics/racket_target/physical_ability_bounce_ema: 0.0000
Metrics/racket_target/physical_ability_recovery_ema: 0.0000
Metrics/racket_target/physical_ability_safety_ema: 0.0000
     Metrics/physical_shadow/phase: 1.1807
Metrics/physical_shadow/route_valid: 1.0000
Metrics/physical_shadow/route_curriculum_level: 1.0000
Metrics/physical_shadow/serve_event: 0.0000
Metrics/physical_shadow/incoming_bounce_event: 0.0000
Metrics/physical_shadow/contact_event: 0.0000
Metrics/physical_shadow/net_cross_event: 0.0000
Metrics/physical_shadow/outgoing_landing_event: 0.0000
Metrics/physical_shadow/opponent_bounce_event: 0.0000
Metrics/physical_shadow/landing_short_event: 0.0000
Metrics/physical_shadow/landing_long_event: 0.0000
Metrics/physical_shadow/landing_side_event: 0.0000
Metrics/physical_shadow/landing_no_net_event: 0.0000
Metrics/physical_shadow/abort_event: 0.0000
Metrics/physical_shadow/timeout_event: 0.0000
Metrics/physical_shadow/route_unalignable_event: 0.0000
Metrics/physical_shadow/route_invalid_event: 0.0000
Metrics/physical_shadow/incoming_net_collision_event: 0.0000
Metrics/physical_shadow/reset_abort_event: 0.0000
Metrics/physical_shadow/command_refresh_event: 0.0742
Metrics/physical_shadow/incoming_bounce_latch: 0.3831
Metrics/physical_shadow/contact_latch: 0.0979
Metrics/physical_shadow/net_cross_latch: 0.0000
Metrics/physical_shadow/opponent_bounce_latch: 0.0000
Metrics/physical_shadow/launch_timing_error_s: 0.0004
Metrics/physical_shadow/contact_true_target_error: 0.0136
Metrics/physical_shadow/contact_planner_position_error: 0.0155
Metrics/physical_shadow/contact_planner_velocity_error: 0.1062
Metrics/physical_shadow/contact_planner_velocity_direction_error_deg: 3.2776
Metrics/physical_shadow/contact_planner_normal_error_deg: 2.2530
Metrics/physical_shadow/contact_outgoing_velocity_error: 0.2865
Metrics/physical_shadow/contact_outgoing_speed: 0.1992
Metrics/physical_shadow/contact_target_outgoing_speed: 0.3662
Metrics/physical_shadow/contact_outgoing_speed_ratio: 0.0533
Metrics/physical_shadow/contact_outgoing_direction_error_deg: 5.4333
Metrics/physical_shadow/contact_outgoing_velocity_x: 0.0310
Metrics/physical_shadow/contact_outgoing_velocity_y: 0.0838
Metrics/physical_shadow/contact_outgoing_velocity_z: 0.1390
Metrics/physical_shadow/contact_target_outgoing_velocity_x: 0.2705
Metrics/physical_shadow/contact_target_outgoing_velocity_y: 0.0586
Metrics/physical_shadow/contact_target_outgoing_velocity_z: 0.2289
Metrics/physical_shadow/contact_incoming_velocity_error: 0.0833
Metrics/physical_shadow/contact_incoming_velocity_direction_error_deg: 2.5920
Metrics/physical_shadow/contact_route_incoming_velocity_error: 0.0900
Metrics/physical_shadow/contact_route_incoming_velocity_direction_error_deg: 2.9077
Metrics/physical_shadow/contact_actual_route_incoming_velocity_error: 0.0357
Metrics/physical_shadow/contact_command_normal_only_error: 0.0222
Metrics/physical_shadow/contact_command_training_model_error: 0.0242
Metrics/physical_shadow/contact_command_physics_model_error: 0.0383
Metrics/physical_shadow/contact_actual_training_model_residual: 0.0831
Metrics/physical_shadow/contact_actual_physics_model_residual: 0.1006
Metrics/physical_shadow/contact_actual_normal_only_model_residual: 0.0788
Metrics/physical_shadow/contact_actual_training_predicted_target_error: 0.2463
Metrics/physical_shadow/contact_actual_physics_predicted_target_error: 0.2280
Metrics/physical_shadow/contact_actual_normal_only_predicted_target_error: 0.2542
Metrics/physical_shadow/contact_force_direction_valid: 0.0312
Metrics/physical_shadow/contact_force_vs_racket_normal_angle_deg: 0.0645
Metrics/physical_shadow/contact_actual_force_direction_model_residual: 0.0988
Metrics/physical_shadow/contact_actual_force_direction_predicted_target_error: 0.2300
Metrics/physical_shadow/contact_physx_data_valid: 0.0979
Metrics/physical_shadow/contact_physx_force: 0.3198
Metrics/physical_shadow/contact_physx_separation: -0.0001
Metrics/physical_shadow/contact_physx_normal_error_deg: 1.3834
Metrics/physical_shadow/contact_physx_point_radial_error: 0.0068
Metrics/physical_shadow/contact_actual_physx_normal_model_residual: 0.0519
Metrics/physical_shadow/contact_actual_physx_normal_predicted_target_error: 0.2534
Metrics/physical_shadow/contact_physx_substep_valid: 0.0979
Metrics/physical_shadow/contact_physx_substep_normal_error_deg: 1.3329
Metrics/physical_shadow/contact_physx_substep_point_radial_error: 0.0068
Metrics/physical_shadow/contact_physx_substep_point_normal_offset: -0.0005
Metrics/physical_shadow/contact_physx_patch_substeps: 0.0979
Metrics/physical_shadow/contact_physx_normal_impulse: 0.0008
Metrics/physical_shadow/contact_physx_capture_lag_s: 0.0011
Metrics/physical_shadow/contact_physx_contact_point_speed_delta: 0.0127
Metrics/physical_shadow/contact_physx_substep_link_model_residual: 0.0593
Metrics/physical_shadow/contact_physx_substep_point_model_residual: 0.0557
Metrics/physical_shadow/contact_physx_substep_outgoing_target_error: 0.2831
Metrics/physical_shadow/contact_physx_measured_restitution: 0.0608
Metrics/physical_shadow/contact_physx_pre_ball_speed: 0.1393
Metrics/physical_shadow/contact_physx_post_ball_speed: 0.2045
Metrics/physical_shadow/contact_physx_point_x: 0.3981
Metrics/physical_shadow/contact_physx_point_y: 0.3842
Metrics/physical_shadow/contact_physx_point_z: 0.1196
Metrics/physical_shadow/contact_physx_normal_x: 0.0537
Metrics/physical_shadow/contact_physx_normal_y: 0.0290
Metrics/physical_shadow/contact_physx_normal_z: 0.0674
Metrics/physical_shadow/contact_physx_pre_ball_velocity_x: -0.1029
Metrics/physical_shadow/contact_physx_pre_ball_velocity_y: 0.0004
Metrics/physical_shadow/contact_physx_pre_ball_velocity_z: -0.0810
Metrics/physical_shadow/contact_physx_post_ball_velocity_x: 0.0311
Metrics/physical_shadow/contact_physx_post_ball_velocity_y: 0.0839
Metrics/physical_shadow/contact_physx_post_ball_velocity_z: 0.1477
Metrics/physical_shadow/contact_physx_pre_racket_point_velocity_x: 0.0452
Metrics/physical_shadow/contact_physx_pre_racket_point_velocity_y: 0.0319
Metrics/physical_shadow/contact_physx_pre_racket_point_velocity_z: 0.0550
Metrics/physical_shadow/contact_physx_post_racket_point_velocity_x: 0.0434
Metrics/physical_shadow/contact_physx_post_racket_point_velocity_y: 0.0311
Metrics/physical_shadow/contact_physx_post_racket_point_velocity_z: 0.0516
Metrics/physical_shadow/contact_physx_pre_ball_angular_velocity_x: -0.0123
Metrics/physical_shadow/contact_physx_pre_ball_angular_velocity_y: -16.1150
Metrics/physical_shadow/contact_physx_pre_ball_angular_velocity_z: 0.0000
Metrics/physical_shadow/contact_physx_post_ball_angular_velocity_x: -3.4655
Metrics/physical_shadow/contact_physx_post_ball_angular_velocity_y: -7.1913
Metrics/physical_shadow/contact_physx_post_ball_angular_velocity_z: 0.2294
Metrics/physical_shadow/contact_physx_pre_ball_surface_tangent_speed: 0.3458
Metrics/physical_shadow/contact_physx_post_ball_spin_speed: 10.3618
Metrics/physical_shadow/contact_impact_normal_error_deg: 2.2530
Metrics/physical_shadow/contact_wire_impact_normal_gap_deg: 0.0003
Metrics/physical_shadow/contact_face_radial_error: 0.0076
Metrics/physical_shadow/contact_time_to_strike: 0.0064
Metrics/physical_shadow/landing_target_error: 0.1551
Metrics/physical_shadow/landing_target_x_error: -0.1529
Metrics/physical_shadow/landing_target_y_error: 0.0050
Metrics/physical_shadow/landing_position_x: 0.4142
Metrics/physical_shadow/landing_position_y: 0.4280
Metrics/physical_shadow/command_refresh_valid: 0.3831
Metrics/physical_shadow/command_refresh_count: 8.6154
Metrics/physical_shadow/command_refresh_tts_s: 0.1221
Metrics/physical_shadow/command_refresh_position_delta: 0.0191
Metrics/physical_shadow/command_refresh_incoming_velocity_delta: 0.0684
Metrics/physical_shadow/command_refresh_timing_delta_s: 0.0059
Metrics/physical_shadow/command_refresh_racket_velocity_delta: 0.0177
Metrics/physical_shadow/command_refresh_normal_delta_deg: 0.4399
Metrics/physical_shadow/minimum_ball_racket_distance: 0.0811
      Episode_Termination/time_out: 0.0000
  Episode_Termination/base_too_low: 0.0000
   Episode_Termination/base_tilted: 1.1562
   Episode_Termination/table_touch: 0.3438
Episode_Termination/persistent_action_overflow: 0.0000
--------------------------------------------------------------------------------
                   Total timesteps: 65536
                    Iteration time: 20.04s
                      Time elapsed: 00:00:32
                               ETA: 00:13:22

################################################################################
                      [1m Learning iteration 202/250 [0m                      

                       Computation: 1468 steps/s (collection: 22.294s, learning 0.022s)
             Mean action noise std: 0.08
          Mean value_function loss: 1.1927
               Mean surrogate loss: 0.0000
                 Mean entropy loss: -34.3105
      Mean critic_only_warmup loss: 1.0000
                       Mean reward: -4.31
               Mean episode length: 204.41
 Episode_Reward/undesired_contacts: -0.0001
  Episode_Reward/feet_contact_slip: -0.0016
     Episode_Reward/table_no_touch: -0.0012
              Episode_Reward/alive: 0.0029
          Episode_Reward/imitation: 0.0543
Episode_Reward/planner_racket_task_space_crossfade: 0.0443
Episode_Reward/healthy_trunk_support: 0.0183
Episode_Reward/phase_action_overflow: -0.0001
Episode_Reward/prestrike_station_progress: -0.0016
 Episode_Reward/lower_body_support: 0.0143
Episode_Reward/termination_penalty: -0.3571
Episode_Reward/phase_action_rate_waist: -0.0001
Episode_Reward/phase_action_rate_upper: -0.0000
Episode_Reward/phase_action_rate_legs: -0.0000
        Episode_Reward/joint_limit: -0.0110
Episode_Reward/prestrike_racket_progress: 0.0407
Episode_Reward/operational_joint_margin: -0.0076
  Episode_Reward/joint_target_slew: -0.0208
Episode_Reward/actuator_waist_feasibility: -0.0000
Episode_Reward/actuator_right_arm_feasibility: -0.0000
Episode_Reward/actuator_leg_feasibility: -0.0000
Episode_Reward/physical_outcome_events: 0.0006
Episode_Reward/physical_contact_planner_alignment: 0.0014
Episode_Reward/physical_recovery_settlement: 0.0036
Episode_Reward/physical_capability_curriculum: 0.0000
Episode_Reward/durable_recovery_progress: -0.0005
Episode_Reward/durable_recovery_success: 0.0098
Episode_Reward/durable_recovery_failure: -0.0324
Episode_Reward/no_command_instability: -0.0034
Episode_Reward/safe_strike_inactivity: -0.0166
    Metrics/motion/error_joint_pos: 2.0604
    Metrics/motion/error_joint_vel: 4.7712
     Metrics/motion/error_body_pos: 0.2690
     Metrics/motion/error_body_rot: 0.8033
       Metrics/motion/motion_phase: 0.3290
            Metrics/motion/in_hold: 0.5977
Metrics/motion/motion_start_warmup_prob: 0.7500
Metrics/motion/motion_start_lifecycle_progress: 0.0000
Metrics/motion/motion_start_effective_prestrike_fraction: 1.0000
Metrics/motion/motion_start_effective_recovery_fraction: 0.0000
Metrics/motion/motion_start_effective_rsi_fraction: 0.0000
 Metrics/motion/motion_start_reset: 0.3125
Metrics/motion/motion_start_prestrike_reset: 0.0000
Metrics/motion/motion_start_recovery_reset: 0.0000
Metrics/motion/motion_start_rsi_reset: 0.0000
 Metrics/motion/single_cycle_reset: 0.0000
     Metrics/motion/motion_clip_id: 0.8242
Metrics/motion/motion_supplemental_clip: 0.0000
      Metrics/motion/stand_episode: 0.0078
Metrics/motion/default_stand_reset: 0.0273
Metrics/motion/error_body_pos_lower: 0.3110
Metrics/motion/error_body_rot_lower: 0.8780
Metrics/motion/error_body_lin_vel_lower: 0.8552
Metrics/motion/error_body_ang_vel_lower: 2.4273
Metrics/motion/reference_body_lin_speed_lower: 0.0042
Metrics/motion/robot_body_lin_speed_lower: 0.8569
Metrics/motion/error_body_pos_core: 0.1569
Metrics/motion/error_body_rot_core: 0.6227
Metrics/motion/error_body_lin_vel_core: 1.8241
Metrics/motion/error_body_ang_vel_core: 2.3022
Metrics/motion/reference_body_lin_speed_core: 0.0036
Metrics/motion/robot_body_lin_speed_core: 1.8245
Metrics/motion/error_body_pos_upper: 0.2644
Metrics/motion/error_body_rot_upper: 0.7887
Metrics/motion/error_body_lin_vel_upper: 2.3025
Metrics/motion/error_body_ang_vel_upper: 2.6802
Metrics/motion/reference_body_lin_speed_upper: 0.0081
Metrics/motion/robot_body_lin_speed_upper: 2.3015
Metrics/motion/error_joint_pos_waist: 0.4405
Metrics/motion/error_joint_vel_waist: 1.1750
Metrics/motion/reference_joint_speed_waist: 0.0055
Metrics/motion/error_joint_pos_arms: 1.8345
Metrics/motion/error_joint_vel_arms: 2.8940
Metrics/motion/reference_joint_speed_arms: 0.0189
Metrics/motion/error_joint_pos_legs: 0.7529
Metrics/motion/error_joint_vel_legs: 3.3429
Metrics/motion/reference_joint_speed_legs: 0.0014
Metrics/racket_target/racket_pos_error: 0.8095
Metrics/racket_target/racket_vel_error: 1.6368
Metrics/racket_target/time_to_strike: 0.3044
Metrics/racket_target/return_success: 0.0000
Metrics/racket_target/prev_return_success: 0.0000
Metrics/racket_target/prev_net_cross: 0.0000
Metrics/racket_target/current_net_cross: 0.0000
Metrics/racket_target/racket_pos_curriculum_scale: 1.0000
Metrics/racket_target/impact_inverse_command_blend: 1.0000
Metrics/racket_target/steps_since_target_resample: 67.2109
Metrics/racket_target/recovery_height_error: 0.2511
Metrics/racket_target/recovery_upright_error: 0.7057
Metrics/racket_target/recovery_base_lin_vel: 1.2395
Metrics/racket_target/recovery_base_ang_vel: 2.3290
Metrics/racket_target/recovery_station_error: 0.6769
Metrics/racket_target/recovery_feet_contact_frac: 0.7969
Metrics/racket_target/recovery_racket_speed: 2.6618
Metrics/racket_target/recovery_height_score: 0.0254
Metrics/racket_target/recovery_upright_score: 0.0017
Metrics/racket_target/recovery_lin_vel_score: 0.0102
Metrics/racket_target/recovery_ang_vel_score: 0.0020
Metrics/racket_target/recovery_station_score: 0.0004
Metrics/racket_target/recovery_racket_score: 0.0058
Metrics/racket_target/recovery_arm_score: 0.4329
Metrics/racket_target/recovery_ready_score: 0.1244
Metrics/racket_target/recovery_anchor_arm_score: 1.0000
Metrics/racket_target/recovery_core_ready_score: 0.0015
Metrics/racket_target/recovery_functional_ready_score: 0.0010
Metrics/racket_target/waist_action_overflow_rms: 0.0010
Metrics/racket_target/right_arm_action_overflow_rms: 0.0111
Metrics/racket_target/leg_action_overflow_rms: 0.0171
Metrics/racket_target/operational_margin_fraction: 0.0215
Metrics/racket_target/waist_operational_margin_fraction: 0.0078
Metrics/racket_target/right_arm_operational_margin_fraction: 0.0056
Metrics/racket_target/leg_operational_margin_fraction: 0.0505
Metrics/racket_target/waist_operational_excess_rms: 0.0012
Metrics/racket_target/right_arm_operational_excess_rms: 0.0012
Metrics/racket_target/leg_operational_excess_rms: 0.0130
Metrics/racket_target/q_des_velocity_violation_fraction: 0.0454
Metrics/racket_target/waist_q_des_velocity_violation_fraction: 0.0195
Metrics/racket_target/right_arm_q_des_velocity_violation_fraction: 0.0045
Metrics/racket_target/leg_q_des_velocity_violation_fraction: 0.1087
Metrics/racket_target/q_des_acceleration_violation_fraction: 0.5808
Metrics/racket_target/waist_q_des_acceleration_violation_fraction: 0.6211
Metrics/racket_target/right_arm_q_des_acceleration_violation_fraction: 0.5731
Metrics/racket_target/leg_q_des_acceleration_violation_fraction: 0.7809
Metrics/racket_target/waist_q_des_velocity_rms: 2.9137
Metrics/racket_target/right_arm_q_des_velocity_rms: 3.9429
Metrics/racket_target/leg_q_des_velocity_rms: 7.0566
Metrics/racket_target/waist_q_des_acceleration_rms: 279.6060
Metrics/racket_target/right_arm_q_des_acceleration_rms: 335.2067
Metrics/racket_target/leg_q_des_acceleration_rms: 531.8302
Metrics/racket_target/action_operational_feasibility_score: 0.7820
Metrics/racket_target/actuator_overflow_consecutive_steps: 0.0000
Metrics/racket_target/actuator_overflow_severe: 0.0000
Metrics/racket_target/recovery_phase_gate: 0.9219
Metrics/racket_target/recovery_phase_ready_score: 0.1145
Metrics/racket_target/recovery_contact_ready_score: 0.0000
Metrics/racket_target/recovery_net_ready_score: 0.0000
Metrics/racket_target/recovery_return_ready_score: 0.0000
Metrics/racket_target/cycle_success_ready_score: 0.0000
Metrics/racket_target/cycle_success_soft: 0.0000
Metrics/racket_target/cycle_success_binary: 0.0000
Metrics/racket_target/cycle_v2_pending: 0.0000
Metrics/racket_target/cycle_v2_attempt_latch: 0.0000
Metrics/racket_target/cycle_v2_ready_success_latch: 0.0000
Metrics/racket_target/cycle_v2_ready_fail_latch: 0.0000
Metrics/racket_target/cycle_v2_attempt_event: 0.0000
Metrics/racket_target/cycle_v2_ready_success_event: 0.0000
Metrics/racket_target/cycle_v2_ready_fail_event: 0.0000
Metrics/racket_target/cycle_v2_unresolved_resample_fail_event: 0.0000
Metrics/racket_target/cycle_v2_resolved_event: 0.0000
Metrics/racket_target/cycle_v2_command_visible_steps: 0.0000
Metrics/racket_target/cycle_v2_elapsed_steps: 0.0000
Metrics/racket_target/cycle_v2_ready_score: 0.0000
Metrics/racket_target/cycle_v2_ready_ok: 0.0000
Metrics/racket_target/cycle_v2_visible: 0.0000
Metrics/racket_target/cycle_v2_ready_score_ok: 0.0000
Metrics/racket_target/cycle_v2_height_ok: 0.0000
Metrics/racket_target/cycle_v2_upright_ok: 0.0000
Metrics/racket_target/cycle_v2_base_lin_vel_ok: 0.0000
Metrics/racket_target/cycle_v2_base_ang_vel_ok: 0.0000
Metrics/racket_target/cycle_v2_feet_ok: 0.0000
Metrics/racket_target/cycle_v2_core_ready_ok: 0.0000
Metrics/racket_target/cycle_v2_ready_consecutive_steps: 0.0000
Metrics/racket_target/single_cycle_bootstrap: 0.0000
Metrics/racket_target/single_cycle_swing_completed: 0.0000
Metrics/racket_target/single_cycle_recovery_active: 0.0000
Metrics/racket_target/single_cycle_recovery_elapsed_steps: 0.0000
Metrics/racket_target/single_cycle_ready_consecutive_steps: 0.0000
Metrics/racket_target/single_cycle_safe_timeout_event: 0.0000
Metrics/racket_target/single_cycle_deadline_timeout_event: 0.0000
Metrics/racket_target/single_cycle_timeout_latch: 0.0000
Metrics/racket_target/single_cycle_hard_failure_event: 0.0000
Metrics/racket_target/single_cycle_probability: 0.0000
Metrics/racket_target/single_cycle_curriculum_level: 0.0000
Metrics/racket_target/single_cycle_effective_deadline_steps: 100.0000
Metrics/racket_target/single_cycle_selected_events: 0.0000
Metrics/racket_target/single_cycle_completed_events: 0.0000
Metrics/racket_target/single_cycle_safe_timeout_events: 0.0000
Metrics/racket_target/single_cycle_deadline_timeout_events: 0.0000
Metrics/racket_target/single_cycle_hard_failure_events: 0.0000
Metrics/racket_target/active_ready_consecutive_steps: 0.0000
Metrics/racket_target/active_ready_success_event: 0.0000
Metrics/racket_target/active_ready_success_latch: 0.0078
Metrics/racket_target/active_ready_survival_steps: 0.0000
Metrics/racket_target/active_ready_survival_next_milestone: 0.0000
Metrics/racket_target/active_ready_survival_milestone_event: 0.0000
Metrics/racket_target/no_command_ready_active: 0.1953
Metrics/racket_target/no_command_from_stand_episode: 0.0078
Metrics/racket_target/no_command_from_default_stand_reset: 0.0078
Metrics/racket_target/no_command_ready_upright_ok: 0.0000
Metrics/racket_target/no_command_ready_motion_ok: 0.0000
Metrics/racket_target/no_command_ready_score: 0.0200
Metrics/racket_target/no_command_ready_progress: -0.0289
Metrics/racket_target/no_command_ready_station_error: 0.1385
Metrics/racket_target/no_command_ready_fixed_station_error: 0.1385
Metrics/racket_target/healthy_training_stage: 3.0000
Metrics/racket_target/healthy_stage_planted_rehearsal: 0.0000
Metrics/racket_target/healthy_stage_station_hold_seen: 0.0000
Metrics/racket_target/healthy_stage_station_arrived: 0.0000
Metrics/racket_target/healthy_stage_station_settled: 0.0000
Metrics/racket_target/healthy_stage_station_settle_steps: 0.0000
Metrics/racket_target/station_relocation_active: 0.0000
Metrics/racket_target/station_relocation_target_offset_y: 0.0000
Metrics/racket_target/station_relocation_error: 0.0000
Metrics/racket_target/station_relocation_arrival_event: 0.0000
Metrics/racket_target/station_relocation_settle_event: 0.0000
Metrics/racket_target/station_relocation_release_event: 0.0000
Metrics/racket_target/station_relocation_timeout_event: 0.0000
Metrics/racket_target/station_relocation_elapsed_steps: 0.0000
Metrics/racket_target/station_relocation_hold_deadline_steps: 0.0000
Metrics/racket_target/lifecycle_recovery_hold_active: 0.0000
Metrics/racket_target/lifecycle_recovery_release_success_event: 0.0000
Metrics/racket_target/lifecycle_recovery_release_fail_event: 0.0000
Metrics/racket_target/station_relocation_level: 0.0000
Metrics/racket_target/station_relocation_arrival_ema: 0.0000
Metrics/racket_target/station_relocation_settle_ema: 0.0000
Metrics/racket_target/station_relocation_contact_ema: 0.0000
Metrics/racket_target/station_relocation_safety_ema: 0.0000
Metrics/racket_target/station_relocation_resolved_events: 0.0000
Metrics/racket_target/station_relocation_terminal_reset_events: 0.0000
Metrics/racket_target/station_relocation_advance_streak: 0.0000
Metrics/racket_target/station_relocation_regress_streak: 0.0000
Metrics/racket_target/station_relocation_effective_max_lin_vel: 0.0000
Metrics/racket_target/station_relocation_effective_max_ang_vel: 0.0000
Metrics/racket_target/station_relocation_effective_min_settle_steps: 0.0000
Metrics/racket_target/ability_curriculum_level: 0.0000
Metrics/racket_target/ability_curriculum_scale: 1.0000
Metrics/racket_target/ability_curriculum_resolved_events: 0.0000
Metrics/racket_target/ability_curriculum_total_resolved_events: 0.0000
Metrics/racket_target/ability_curriculum_advance_streak: 0.0000
Metrics/racket_target/ability_curriculum_regress_streak: 0.0000
Metrics/racket_target/ability_contact_ema: 0.0000
Metrics/racket_target/ability_net_ema: 0.0000
Metrics/racket_target/ability_success_ema: 0.0000
Metrics/racket_target/ability_recovery_ema: 0.0000
Metrics/racket_target/ability_cycle_ema: 0.0000
Metrics/racket_target/ability_cycle_attempt_ema: 0.0000
Metrics/racket_target/ability_cycle_resolved_ema: 0.0000
Metrics/racket_target/ability_forehand_contact_ema: 0.0000
Metrics/racket_target/ability_forehand_net_ema: 0.0000
Metrics/racket_target/ability_forehand_success_ema: 0.0000
Metrics/racket_target/ability_backhand_contact_ema: 0.0000
Metrics/racket_target/ability_backhand_net_ema: 0.0000
Metrics/racket_target/ability_backhand_success_ema: 0.0000
Metrics/racket_target/ability_attempt_ema: 0.0000
Metrics/racket_target/ability_targeted_attempt_ema: 0.0000
Metrics/racket_target/impact_health_floor_progress: 0.0000
Metrics/racket_target/ability_safety_ema: 1.0000
Metrics/racket_target/ability_station_saturation_ema: 0.0000
Metrics/racket_target/ability_healthy_normal_ema: 0.0000
Metrics/racket_target/ability_station_arrival_ema: 0.0000
Metrics/racket_target/ability_station_settle_ema: 0.0000
Metrics/racket_target/planner_hit_plane_blend: 1.0000
Metrics/racket_target/planner_hit_plane_x_delta: 0.0380
Metrics/racket_target/true_strike_table_x: 0.1991
Metrics/racket_target/planner_target_table_x: 0.1991
Metrics/racket_target/workspace_level: 0.0000
Metrics/racket_target/workspace_fringe_sample: 0.0000
Metrics/racket_target/workspace_target_lateral_norm: 0.1566
Metrics/racket_target/workspace_target_table_y: -0.0116
Metrics/racket_target/workspace_playable_y_min: -0.7225
Metrics/racket_target/workspace_playable_y_max: 0.7225
Metrics/racket_target/workspace_active_y_lo: -0.0903
Metrics/racket_target/workspace_active_y_hi: 0.0297
Metrics/racket_target/workspace_motion_seed_blend: 0.0000
Metrics/racket_target/planner_perturb_curriculum_scale: 0.0000
Metrics/racket_target/incoming_ball_horizontal_speed: 0.9769
Metrics/racket_target/incoming_ball_speed: 1.7526
Metrics/racket_target/incoming_ball_speed_curriculum_level: 0.0000
Metrics/racket_target/incoming_ball_speed_sample_low: 0.9000
Metrics/racket_target/incoming_ball_speed_sample_high: 1.2500
Metrics/racket_target/station_saturated: 1.0000
Metrics/racket_target/station_raw_clip_excess: 0.0972
Metrics/racket_target/station_saturated_x: 1.0000
Metrics/racket_target/station_saturated_y: 1.0000
Metrics/racket_target/station_raw_clip_excess_x: 0.0089
Metrics/racket_target/station_raw_clip_excess_y: 0.0964
Metrics/racket_target/current_swing_opportunity: 0.3867
Metrics/racket_target/current_swing_attempt: 0.3867
Metrics/racket_target/current_swing_targeted_attempt: 0.2305
Metrics/racket_target/prev_swing_targeted_attempt: 0.2969
Metrics/racket_target/current_swing_unsafe: 0.9570
Metrics/racket_target/current_swing_station_saturated: 1.0000
Metrics/racket_target/impact_health_score: 0.0092
Metrics/racket_target/impact_health_ok: 0.0000
Metrics/racket_target/impact_health_backlean_violation: 0.3078
Metrics/racket_target/impact_health_waist_backfold: 0.0031
Metrics/racket_target/impact_health_base_retreat: 0.5880
Metrics/racket_target/impact_health_torso_gravity_x: -0.3077
Metrics/racket_target/impact_health_torso_ang_vel: 2.4036
Metrics/racket_target/impact_health_com_x: 0.5236
Metrics/racket_target/impact_health_com_y: 0.1497
Metrics/racket_target/post_contact_ready_pending: 0.1445
Metrics/racket_target/post_contact_ready_elapsed_steps: 6.5430
Metrics/racket_target/post_contact_ready_consecutive_steps: 0.0000
Metrics/racket_target/post_contact_ready_diagnostic_pending: 0.2305
Metrics/racket_target/post_contact_ready_diagnostic_elapsed_steps: 12.9336
Metrics/racket_target/post_contact_ready_durable_pending: 0.1250
Metrics/racket_target/post_contact_ready_durable_consecutive_steps: 0.0000
Metrics/racket_target/post_contact_ready_durable_ready_now: 0.0000
Metrics/racket_target/post_contact_ready_durable_success_event: 0.0000
Metrics/racket_target/post_contact_ready_durable_fail_event: 0.0000
Metrics/racket_target/post_contact_ready_durable_resolution_success_rate: 0.5244
Metrics/racket_target/post_contact_ready_durable_resolution_fail_rate: 0.2835
Metrics/racket_target/post_contact_ready_durable_resolution_success_latency_steps: 52.0000
Metrics/racket_target/post_contact_ready_durable_resolution_fail_latency_steps: 45.1898
Metrics/racket_target/post_contact_ready_durable_fail_backlean_rate: 0.2219
Metrics/racket_target/post_contact_ready_durable_fail_forward_lean_rate: 0.4761
Metrics/racket_target/post_contact_ready_durable_fail_torso_ang_vel_rate: 0.5600
Metrics/racket_target/post_contact_ready_durable_fail_base_lin_vel_rate: 0.6601
Metrics/racket_target/post_contact_ready_durable_fail_base_ang_vel_rate: 0.7108
Metrics/racket_target/post_contact_ready_durable_fail_racket_speed_rate: 0.6135
Metrics/racket_target/post_contact_ready_durable_fail_height_rate: 0.2673
Metrics/racket_target/post_contact_ready_durable_fail_com_x_rate: 0.4938
Metrics/racket_target/post_contact_ready_durable_fail_com_y_rate: 0.2091
Metrics/racket_target/post_contact_ready_durable_fail_feet_rate: 0.2595
Metrics/racket_target/post_contact_ready_durable_fail_station_rate: 0.3566
Metrics/racket_target/post_contact_ready_durable_fail_arm_rate: 0.1243
Metrics/racket_target/post_contact_ready_terminal_window_active: 0.0000
Metrics/racket_target/post_contact_ready_terminal_quality: 0.0431
Metrics/racket_target/post_contact_ready_terminal_settlement_event: 0.0000
Metrics/racket_target/post_contact_ready_operational_ready_now: 0.0000
Metrics/racket_target/post_contact_ready_operational_consecutive_steps: 0.0000
Metrics/racket_target/post_contact_ready_safe_settlement_event: 0.0000
Metrics/racket_target/post_contact_ready_unsafe_settlement_event: 0.0000
Metrics/racket_target/post_contact_ready_incomplete_settlement_event: 0.0000
Metrics/racket_target/post_contact_ready_safe_net_cycle_event: 0.0000
Metrics/racket_target/post_contact_ready_terminal_quality_mean: 0.7902
Metrics/racket_target/post_contact_ready_safe_terminal_quality_mean: 0.9326
Metrics/racket_target/post_contact_ready_terminal_safe_rate: 0.7583
Metrics/racket_target/post_contact_ready_terminal_unsafe_rate: 0.2226
Metrics/racket_target/post_contact_ready_terminal_incomplete_rate: 0.0191
Metrics/racket_target/post_contact_ready_safe_net_cycle_rate: 0.0027
Metrics/racket_target/post_contact_ready_score: 0.0008
Metrics/racket_target/post_contact_ready_now: 0.0000
Metrics/racket_target/post_contact_ready_success_event: 0.0000
Metrics/racket_target/post_contact_ready_fail_event: 0.0000
Metrics/racket_target/post_contact_ready_outcome_tier: -1.0000
Metrics/racket_target/post_contact_ready_face_quality: 0.0078
Metrics/racket_target/post_contact_ready_safe_face_net_cycle_value: 0.0000
Metrics/racket_target/post_contact_ready_planner_speed_ratio: 0.2301
Metrics/racket_target/post_contact_ready_planner_direction_error_rad: 0.1192
Metrics/racket_target/post_contact_ready_planner_position_error: 0.1091
Metrics/racket_target/post_contact_ready_impact_health_score: 0.1851
Metrics/racket_target/post_contact_ready_peak_base_ang_vel: 0.5270
Metrics/racket_target/post_contact_ready_peak_ang_vel_excess_increment: 0.0189
Metrics/racket_target/post_contact_ready_envelope_violation_latch: 0.2305
Metrics/racket_target/post_contact_ready_envelope_violation_event: 0.0000
Metrics/racket_target/post_contact_ready_envelope_first_violation_step: 4.0469
Metrics/racket_target/post_contact_ready_envelope_attempts: 329.7734
Metrics/racket_target/post_contact_ready_envelope_violation_rate: 0.2695
Metrics/racket_target/post_contact_ready_envelope_tilt_violation_rate: 0.1578
Metrics/racket_target/post_contact_ready_envelope_pitch_violation_rate: 0.2023
Metrics/racket_target/post_contact_ready_envelope_com_violation_rate: 0.1566
Metrics/racket_target/post_contact_ready_envelope_waist_violation_rate: 0.0000
Metrics/racket_target/post_contact_ready_envelope_leg_violation_rate: 0.0000
Metrics/racket_target/post_contact_ready_envelope_base_ang_vel_violation_rate: 0.2006
Metrics/racket_target/post_contact_ready_resolution_success_rate: 0.9018
Metrics/racket_target/post_contact_ready_resolution_fail_rate: 0.0672
Metrics/racket_target/post_contact_ready_resolution_success_latency_steps: 6.9824
Metrics/racket_target/post_contact_ready_resolution_fail_latency_steps: 32.2693
Metrics/racket_target/post_contact_ready_max_tilt: 0.1627
Metrics/racket_target/post_contact_ready_max_abs_pitch: 0.1555
Metrics/racket_target/post_contact_ready_max_com_x: 0.1272
Metrics/racket_target/post_contact_ready_max_com_y: 0.0426
Metrics/racket_target/post_contact_ready_max_waist_overflow: 0.0049
Metrics/racket_target/post_contact_ready_max_leg_overflow: 0.0160
Metrics/racket_target/post_contact_ready_settlement_velocity_score_ema: 0.3201
Metrics/racket_target/post_contact_ready_settlement_position_gate_ema: 0.3721
Metrics/racket_target/post_contact_ready_settlement_health_gate_ema: 0.9640
Metrics/racket_target/post_contact_ready_settlement_recovery_gate_ema: 0.6897
Metrics/racket_target/post_contact_ready_settlement_total_score_ema: 0.0741
Metrics/racket_target/post_contact_recovery_backlean_error: 0.2862
Metrics/racket_target/post_contact_recovery_directional_progress: -0.1384
Metrics/racket_target/post_contact_ready_torso_ok: 0.0000
Metrics/racket_target/post_contact_ready_motion_ok: 0.0000
Metrics/racket_target/post_contact_ready_support_ok: 0.0000
Metrics/racket_target/post_contact_ready_arm_ok: 1.0000
Metrics/racket_target/post_contact_ready_base_lin_vel_ok: 0.0156
Metrics/racket_target/post_contact_ready_base_ang_vel_ok: 0.0000
Metrics/racket_target/post_contact_ready_racket_speed_ok: 0.0547
Metrics/racket_target/post_contact_ready_height_ok: 0.0234
Metrics/racket_target/post_contact_ready_com_x_ok: 0.0000
Metrics/racket_target/post_contact_ready_com_y_ok: 0.5430
Metrics/racket_target/post_contact_ready_feet_ok: 0.5938
Metrics/racket_target/post_contact_ready_station_ok: 0.0000
Metrics/racket_target/post_contact_ready_fail_torso: 0.0000
Metrics/racket_target/post_contact_ready_fail_base_lin_vel: 0.0000
Metrics/racket_target/post_contact_ready_fail_base_ang_vel: 0.0000
Metrics/racket_target/post_contact_ready_fail_racket_speed: 0.0000
Metrics/racket_target/post_contact_ready_fail_support: 0.0000
Metrics/racket_target/post_contact_ready_fail_arm: 0.0000
Metrics/racket_target/post_contact_ready_shadow_now: 0.0000
Metrics/racket_target/post_contact_ready_shadow_consecutive_steps: 0.0000
Metrics/racket_target/post_contact_ready_shadow_success_latch: 0.0547
Metrics/racket_target/post_contact_ready_curriculum_level: 0.0000
Metrics/racket_target/post_contact_ready_curriculum_fraction: 0.0000
Metrics/racket_target/post_contact_ready_curriculum_success_ema: 0.8606
Metrics/racket_target/post_contact_ready_curriculum_shadow_success_ema: 0.2963
Metrics/racket_target/post_contact_ready_curriculum_resolved_events: 319.5781
Metrics/racket_target/post_contact_ready_curriculum_successful_events: 297.3359
Metrics/racket_target/post_contact_ready_curriculum_targeted_attempt_ema: 0.5409
Metrics/racket_target/post_contact_ready_curriculum_return_success_ema: 0.0137
Metrics/racket_target/post_contact_ready_curriculum_completed_swings: 503.9219
Metrics/racket_target/post_contact_ready_curriculum_advance_streak: 0.0000
Metrics/racket_target/post_contact_ready_curriculum_advance_guard_ok: 0.0000
Metrics/racket_target/post_contact_ready_effective_max_torso_ang_vel: 0.9000
Metrics/racket_target/post_contact_ready_effective_torso_x_min: -0.1000
Metrics/racket_target/post_contact_ready_effective_torso_x_max: 0.3800
Metrics/racket_target/post_contact_ready_effective_max_base_lin_vel: 0.2200
Metrics/racket_target/post_contact_ready_effective_max_base_ang_vel: 1.0000
Metrics/racket_target/post_contact_ready_effective_max_racket_speed: 1.2000
Metrics/racket_target/post_contact_ready_effective_min_feet_contact: 0.9000
Metrics/racket_target/post_contact_ready_effective_required_consecutive_steps: 3.0000
Metrics/racket_target/post_contact_ready_effective_deadline_steps: 90.0000
Metrics/racket_target/post_contact_ready_curriculum_advance_threshold: 0.2000
Metrics/racket_target/post_contact_ready_curriculum_advance_min_events: 512.0000
Metrics/racket_target/post_contact_ready_curriculum_shadow_threshold: 0.0800
Metrics/racket_target/post_contact_ready_curriculum_min_targeted_attempt_ema: 0.1200
Metrics/racket_target/post_contact_ready_curriculum_min_return_success_ema: 0.0050
Metrics/racket_target/post_contact_ready_curriculum_min_completed_swings: 512.0000
Metrics/racket_target/post_contact_ready_curriculum_required_advance_checks: 2.0000
Metrics/racket_target/racket_normal_error_deg: 72.7593
Metrics/racket_target/impact_normal_error_deg: 8.9348
Metrics/racket_target/impact_racket_vel_error_mps: 1.2245
Metrics/racket_target/impact_racket_speed_ratio: 0.9864
Metrics/racket_target/impact_racket_vel_angle_deg: 30.1940
Metrics/racket_target/impact_racket_actual_vel_x: 1.0466
Metrics/racket_target/impact_racket_actual_vel_y: -0.1189
Metrics/racket_target/impact_racket_actual_vel_z: 1.1993
Metrics/racket_target/impact_racket_target_vel_x: 1.2243
Metrics/racket_target/impact_racket_target_vel_y: -0.0724
Metrics/racket_target/impact_racket_target_vel_z: 1.3926
Metrics/racket_target/impact_ball_out_error_mps: 2.5856
Metrics/racket_target/impact_face_radial_error_m: 0.5668
Metrics/racket_target/impact_face_normal_gap_m: 0.4162
Metrics/racket_target/impact_face_quality: 0.0078
Metrics/racket_target/impact_center_contact: 0.0000
Metrics/racket_target/impact_center_net_cross: 0.0000
Metrics/racket_target/impact_center_on_opponent: 0.0000
Metrics/racket_target/impact_rim_contact: 0.0000
Metrics/racket_target/impact_rim_net_cross: 0.0000
Metrics/racket_target/impact_rim_on_opponent: 0.0000
Metrics/racket_target/impact_analytic_outer_contact: 0.0000
Metrics/racket_target/impact_analytic_outer_net_cross: 0.0000
Metrics/racket_target/impact_analytic_outer_on_opponent: 0.0000
Metrics/racket_target/impact_planner_pos_error_m: 0.7284
Metrics/racket_target/impact_planner_vel_error_mps: 1.2245
Metrics/racket_target/impact_planner_speed_ratio: 0.9864
Metrics/racket_target/impact_planner_vel_angle_deg: 30.1940
Metrics/racket_target/impact_healthy_normal_ok: 0.0000
Metrics/racket_target/impact_healthy_contact: 0.0000
Metrics/racket_target/impact_healthy_net_cross: 0.0000
Metrics/racket_target/impact_healthy_on_opponent: 0.0000
Metrics/racket_target/current_swing_impact_health_score: 0.0000
Metrics/racket_target/current_swing_healthy_contact: 0.0000
Metrics/racket_target/current_swing_healthy_net_cross: 0.0000
Metrics/racket_target/current_swing_healthy_on_opponent: 0.0000
Metrics/racket_target/current_swing_healthy_normal_ok: 0.3008
Metrics/racket_target/current_swing_contact: 0.0000
Metrics/racket_target/current_swing_net_cross: 0.0000
Metrics/racket_target/current_swing_on_opponent: 0.0000
Metrics/racket_target/current_swing_center_contact: 0.0000
Metrics/racket_target/current_swing_center_net_cross: 0.0000
Metrics/racket_target/current_swing_center_on_opponent: 0.0000
Metrics/racket_target/current_swing_rim_contact: 0.0000
Metrics/racket_target/current_swing_rim_net_cross: 0.0000
Metrics/racket_target/current_swing_rim_on_opponent: 0.0000
Metrics/racket_target/current_swing_analytic_outer_contact: 0.0000
Metrics/racket_target/current_swing_analytic_outer_net_cross: 0.0000
Metrics/racket_target/current_swing_analytic_outer_on_opponent: 0.0000
Metrics/racket_target/cycle_v2_outcome_tier: -1.0000
Metrics/racket_target/cycle_v2_streak: 0.0000
Metrics/racket_target/closed_loop_recovery_trigger_event: 0.0000
Metrics/racket_target/closed_loop_cycle_success_event: 0.0000
Metrics/racket_target/closed_loop_durable_cycle_success_event: 0.0000
Metrics/racket_target/closed_loop_phase_id: 1.6797
Metrics/racket_target/closed_loop_phase_ready_no_command: 0.1953
Metrics/racket_target/closed_loop_phase_command_acquire: 0.4023
Metrics/racket_target/closed_loop_phase_pre_strike: 0.2188
Metrics/racket_target/closed_loop_phase_strike: 0.0391
Metrics/racket_target/closed_loop_phase_follow_through: 0.0000
Metrics/racket_target/closed_loop_phase_recovery: 0.1445
Metrics/racket_target/closed_loop_phase_next_ready: 0.0000
Metrics/racket_target/post_contact_phase_impact_0_100ms_attempts: 329.7734
Metrics/racket_target/post_contact_phase_impact_0_100ms_tilt_gt_0p1_rate: 0.9950
Metrics/racket_target/post_contact_phase_impact_0_100ms_pitch_gt_0p1_rate: 0.9781
Metrics/racket_target/post_contact_phase_impact_0_100ms_waist_overflow_gt_1p0_rate: 0.0000
Metrics/racket_target/post_contact_phase_impact_0_100ms_base_ang_vel_gt_0p8_rate: 0.9200
Metrics/racket_target/post_contact_phase_brake_100_300ms_attempts: 324.2891
Metrics/racket_target/post_contact_phase_brake_100_300ms_tilt_gt_0p1_rate: 0.8972
Metrics/racket_target/post_contact_phase_brake_100_300ms_pitch_gt_0p1_rate: 0.7734
Metrics/racket_target/post_contact_phase_brake_100_300ms_waist_overflow_gt_1p0_rate: 0.0000
Metrics/racket_target/post_contact_phase_brake_100_300ms_base_ang_vel_gt_0p8_rate: 0.8662
Metrics/racket_target/post_contact_phase_settle_300_600ms_attempts: 305.7266
Metrics/racket_target/post_contact_phase_settle_300_600ms_tilt_gt_0p1_rate: 0.5685
Metrics/racket_target/post_contact_phase_settle_300_600ms_pitch_gt_0p1_rate: 0.5206
Metrics/racket_target/post_contact_phase_settle_300_600ms_waist_overflow_gt_1p0_rate: 0.0000
Metrics/racket_target/post_contact_phase_settle_300_600ms_base_ang_vel_gt_0p8_rate: 0.7301
Metrics/racket_target/post_contact_phase_ready_after_600ms_attempts: 282.8516
Metrics/racket_target/post_contact_phase_ready_after_600ms_tilt_gt_0p1_rate: 0.4500
Metrics/racket_target/post_contact_phase_ready_after_600ms_pitch_gt_0p1_rate: 0.4081
Metrics/racket_target/post_contact_phase_ready_after_600ms_waist_overflow_gt_1p0_rate: 0.0000
Metrics/racket_target/post_contact_phase_ready_after_600ms_base_ang_vel_gt_0p8_rate: 0.9279
Metrics/racket_target/base_pitch_like_signed: -0.6186
Metrics/racket_target/base_backward_velocity: 1.1393
Metrics/racket_target/waist_action_rms: 0.3529
Metrics/racket_target/right_arm_action_rms: 3.1926
Metrics/racket_target/leg_action_rms: 0.5520
Metrics/racket_target/action_abs_max: 5.6291
Metrics/racket_target/applied_action_abs_max: 5.6291
Metrics/racket_target/leg_action_abs_max: 1.1859
Metrics/racket_target/effective_action_abs_max: 5.5999
Metrics/racket_target/action_clamp_fraction: 0.0093
Metrics/racket_target/waist_action_clamp_fraction: 0.0026
Metrics/racket_target/right_arm_action_clamp_fraction: 0.0056
Metrics/racket_target/leg_action_clamp_fraction: 0.0202
Metrics/racket_target/waist_q_tracking_error_rms: 0.3248
Metrics/racket_target/right_arm_q_tracking_error_rms: 0.1145
Metrics/racket_target/leg_q_tracking_error_rms: 0.2041
Metrics/racket_target/waist_torque_clip_fraction: 0.0000
Metrics/racket_target/right_arm_torque_clip_fraction: 0.0011
Metrics/racket_target/leg_torque_clip_fraction: 0.0000
Metrics/racket_target/waist_action_delta_rms: 0.1326
Metrics/racket_target/right_arm_action_delta_rms: 0.3494
Metrics/racket_target/leg_action_delta_rms: 0.2598
Metrics/racket_target/waist_joint_vel_rms: 0.6923
Metrics/racket_target/right_arm_joint_vel_rms: 0.9329
Metrics/racket_target/leg_joint_vel_rms: 1.0641
Metrics/racket_target/recovery_leg_action_abs_max: 1.0893
Metrics/racket_target/recovery_leg_action_delta_rms: 0.2378
Metrics/racket_target/recovery_leg_joint_vel_rms: 0.9706
Metrics/racket_target/physical_contact_health_score: 0.0000
Metrics/racket_target/physical_contact_face_quality: 0.0000
Metrics/racket_target/physical_contact_outcome_quality: 0.0000
Metrics/racket_target/physical_contact_quality_command_scale: 1.0000
Metrics/racket_target/physical_contact_planner_alignment: 0.0000
Metrics/racket_target/physical_contact_planner_alignment_raw: 0.0000
Metrics/racket_target/physical_recovery_pending: 0.0000
Metrics/racket_target/physical_recovery_tier: 0.0000
Metrics/racket_target/physical_recovery_success_event: 0.0000
Metrics/racket_target/physical_recovery_failure_event: 0.0000
Metrics/racket_target/physical_recovery_nonterminal_failure_event: 0.0000
Metrics/racket_target/physical_recovery_terminal_failure_event: 0.0000
Metrics/racket_target/physical_center_contact_event: 0.0000
Metrics/racket_target/physical_aligned_contact_event: 0.0000
Metrics/racket_target/physical_ability_level: 0.0000
Metrics/racket_target/physical_ability_batch_events: 322.3438
Metrics/racket_target/physical_ability_raw_contact_ema: 0.0000
Metrics/racket_target/physical_ability_contact_ema: 0.0000
Metrics/racket_target/physical_ability_aligned_contact_ema: 0.0000
Metrics/racket_target/physical_ability_net_ema: 0.0000
Metrics/racket_target/physical_ability_bounce_ema: 0.0000
Metrics/racket_target/physical_ability_recovery_ema: 0.0000
Metrics/racket_target/physical_ability_safety_ema: 0.0000
     Metrics/physical_shadow/phase: 0.9922
Metrics/physical_shadow/route_valid: 1.0000
Metrics/physical_shadow/route_curriculum_level: 1.0000
Metrics/physical_shadow/serve_event: 0.0000
Metrics/physical_shadow/incoming_bounce_event: 0.0000
Metrics/physical_shadow/contact_event: 0.0000
Metrics/physical_shadow/net_cross_event: 0.0000
Metrics/physical_shadow/outgoing_landing_event: 0.0000
Metrics/physical_shadow/opponent_bounce_event: 0.0000
Metrics/physical_shadow/landing_short_event: 0.0000
Metrics/physical_shadow/landing_long_event: 0.0000
Metrics/physical_shadow/landing_side_event: 0.0000
Metrics/physical_shadow/landing_no_net_event: 0.0000
Metrics/physical_shadow/abort_event: 0.0000
Metrics/physical_shadow/timeout_event: 0.0000
Metrics/physical_shadow/route_unalignable_event: 0.0000
Metrics/physical_shadow/route_invalid_event: 0.0000
Metrics/physical_shadow/incoming_net_collision_event: 0.0000
Metrics/physical_shadow/reset_abort_event: 0.0000
Metrics/physical_shadow/command_refresh_event: 0.0156
Metrics/physical_shadow/incoming_bounce_latch: 0.4023
Metrics/physical_shadow/contact_latch: 0.0078
Metrics/physical_shadow/net_cross_latch: 0.0000
Metrics/physical_shadow/opponent_bounce_latch: 0.0000
Metrics/physical_shadow/launch_timing_error_s: -0.0002
Metrics/physical_shadow/contact_true_target_error: 0.0011
Metrics/physical_shadow/contact_planner_position_error: 0.0009
Metrics/physical_shadow/contact_planner_velocity_error: 0.0154
Metrics/physical_shadow/contact_planner_velocity_direction_error_deg: 0.4778
Metrics/physical_shadow/contact_planner_normal_error_deg: 0.2047
Metrics/physical_shadow/contact_outgoing_velocity_error: 0.0293
Metrics/physical_shadow/contact_outgoing_speed: 0.0137
Metrics/physical_shadow/contact_target_outgoing_speed: 0.0349
Metrics/physical_shadow/contact_outgoing_speed_ratio: 0.0031
Metrics/physical_shadow/contact_outgoing_direction_error_deg: 0.4291
Metrics/physical_shadow/contact_outgoing_velocity_x: 0.0036
Metrics/physical_shadow/contact_outgoing_velocity_y: 0.0096
Metrics/physical_shadow/contact_outgoing_velocity_z: 0.0090
Metrics/physical_shadow/contact_target_outgoing_velocity_x: 0.0323
Metrics/physical_shadow/contact_target_outgoing_velocity_y: 0.0048
Metrics/physical_shadow/contact_target_outgoing_velocity_z: 0.0124
Metrics/physical_shadow/contact_incoming_velocity_error: 0.0050
Metrics/physical_shadow/contact_incoming_velocity_direction_error_deg: 0.0737
Metrics/physical_shadow/contact_route_incoming_velocity_error: 0.0116
Metrics/physical_shadow/contact_route_incoming_velocity_direction_error_deg: 0.3342
Metrics/physical_shadow/contact_actual_route_incoming_velocity_error: 0.0068
Metrics/physical_shadow/contact_command_normal_only_error: 0.0041
Metrics/physical_shadow/contact_command_training_model_error: 0.0043
Metrics/physical_shadow/contact_command_physics_model_error: 0.0061
Metrics/physical_shadow/contact_actual_training_model_residual: 0.0035
Metrics/physical_shadow/contact_actual_physics_model_residual: 0.0038
Metrics/physical_shadow/contact_actual_normal_only_model_residual: 0.0034
Metrics/physical_shadow/contact_actual_training_predicted_target_error: 0.0266
Metrics/physical_shadow/contact_actual_physics_predicted_target_error: 0.0262
Metrics/physical_shadow/contact_actual_normal_only_predicted_target_error: 0.0268
Metrics/physical_shadow/contact_force_direction_valid: 0.0000
Metrics/physical_shadow/contact_force_vs_racket_normal_angle_deg: 0.0000
Metrics/physical_shadow/contact_actual_force_direction_model_residual: 0.0038
Metrics/physical_shadow/contact_actual_force_direction_predicted_target_error: 0.0262
Metrics/physical_shadow/contact_physx_data_valid: 0.0078
Metrics/physical_shadow/contact_physx_force: 0.0271
Metrics/physical_shadow/contact_physx_separation: -0.0000
Metrics/physical_shadow/contact_physx_normal_error_deg: 0.0117
Metrics/physical_shadow/contact_physx_point_radial_error: 0.0002
Metrics/physical_shadow/contact_actual_physx_normal_model_residual: 0.0036
Metrics/physical_shadow/contact_actual_physx_normal_predicted_target_error: 0.0262
Metrics/physical_shadow/contact_physx_substep_valid: 0.0078
Metrics/physical_shadow/contact_physx_substep_normal_error_deg: 0.0087
Metrics/physical_shadow/contact_physx_substep_point_radial_error: 0.0002
Metrics/physical_shadow/contact_physx_substep_point_normal_offset: -0.0000
Metrics/physical_shadow/contact_physx_patch_substeps: 0.0078
Metrics/physical_shadow/contact_physx_normal_impulse: 0.0001
Metrics/physical_shadow/contact_physx_capture_lag_s: 0.0001
Metrics/physical_shadow/contact_physx_contact_point_speed_delta: 0.0006
Metrics/physical_shadow/contact_physx_substep_link_model_residual: 0.0043
Metrics/physical_shadow/contact_physx_substep_point_model_residual: 0.0042
Metrics/physical_shadow/contact_physx_substep_outgoing_target_error: 0.0292
Metrics/physical_shadow/contact_physx_measured_restitution: 0.0051
Metrics/physical_shadow/contact_physx_pre_ball_speed: 0.0126
Metrics/physical_shadow/contact_physx_post_ball_speed: 0.0145
Metrics/physical_shadow/contact_physx_point_x: -0.0176
Metrics/physical_shadow/contact_physx_point_y: -0.3077
Metrics/physical_shadow/contact_physx_point_z: 0.0093
Metrics/physical_shadow/contact_physx_normal_x: 0.0041
Metrics/physical_shadow/contact_physx_normal_y: 0.0032
Metrics/physical_shadow/contact_physx_normal_z: 0.0058
Metrics/physical_shadow/contact_physx_pre_ball_velocity_x: -0.0066
Metrics/physical_shadow/contact_physx_pre_ball_velocity_y: -0.0001
Metrics/physical_shadow/contact_physx_pre_ball_velocity_z: -0.0107
Metrics/physical_shadow/contact_physx_post_ball_velocity_x: 0.0036
Metrics/physical_shadow/contact_physx_post_ball_velocity_y: 0.0096
Metrics/physical_shadow/contact_physx_post_ball_velocity_z: 0.0102
Metrics/physical_shadow/contact_physx_pre_racket_point_velocity_x: 0.0026
Metrics/physical_shadow/contact_physx_pre_racket_point_velocity_y: 0.0047
Metrics/physical_shadow/contact_physx_pre_racket_point_velocity_z: 0.0006
Metrics/physical_shadow/contact_physx_post_racket_point_velocity_x: 0.0025
Metrics/physical_shadow/contact_physx_post_racket_point_velocity_y: 0.0046
Metrics/physical_shadow/contact_physx_post_racket_point_velocity_z: 0.0004
Metrics/physical_shadow/contact_physx_pre_ball_angular_velocity_x: -0.5093
Metrics/physical_shadow/contact_physx_pre_ball_angular_velocity_y: -10.3245
Metrics/physical_shadow/contact_physx_pre_ball_angular_velocity_z: 0.0000
Metrics/physical_shadow/contact_physx_post_ball_angular_velocity_x: -2.9870
Metrics/physical_shadow/contact_physx_post_ball_angular_velocity_y: -5.4564
Metrics/physical_shadow/contact_physx_post_ball_angular_velocity_z: -0.2212
Metrics/physical_shadow/contact_physx_pre_ball_surface_tangent_speed: 0.1642
Metrics/physical_shadow/contact_physx_post_ball_spin_speed: 7.4987
Metrics/physical_shadow/contact_impact_normal_error_deg: 0.2047
Metrics/physical_shadow/contact_wire_impact_normal_gap_deg: 0.0000
Metrics/physical_shadow/contact_face_radial_error: 0.0003
Metrics/physical_shadow/contact_time_to_strike: 0.0004
Metrics/physical_shadow/landing_target_error: 0.0152
Metrics/physical_shadow/landing_target_x_error: -0.0151
Metrics/physical_shadow/landing_target_y_error: 0.0018
Metrics/physical_shadow/landing_position_x: -0.0160
Metrics/physical_shadow/landing_position_y: -0.3033
Metrics/physical_shadow/command_refresh_valid: 0.4023
Metrics/physical_shadow/command_refresh_count: 7.8516
Metrics/physical_shadow/command_refresh_tts_s: 0.1016
Metrics/physical_shadow/command_refresh_position_delta: 0.0070
Metrics/physical_shadow/command_refresh_incoming_velocity_delta: 0.0128
Metrics/physical_shadow/command_refresh_timing_delta_s: 0.0008
Metrics/physical_shadow/command_refresh_racket_velocity_delta: 0.0036
Metrics/physical_shadow/command_refresh_normal_delta_deg: 0.0732
Metrics/physical_shadow/minimum_ball_racket_distance: 0.0875
      Episode_Termination/time_out: 0.0000
  Episode_Termination/base_too_low: 0.0000
   Episode_Termination/base_tilted: 1.1406
   Episode_Termination/table_touch: 0.0625
Episode_Termination/persistent_action_overflow: 0.0000
--------------------------------------------------------------------------------
                   Total timesteps: 98304
                    Iteration time: 22.32s
                      Time elapsed: 00:00:55
                               ETA: 00:14:41

################################################################################
                      [1m Learning iteration 203/250 [0m                      

                       Computation: 1885 steps/s (collection: 17.347s, learning 0.032s)
             Mean action noise std: 0.08
          Mean value_function loss: 1.0134
               Mean surrogate loss: 0.0388
                 Mean entropy loss: -34.3106
      Mean critic_only_warmup loss: 0.0000
                       Mean reward: -4.04
               Mean episode length: 227.48
 Episode_Reward/undesired_contacts: -0.0003
  Episode_Reward/feet_contact_slip: -0.0023
     Episode_Reward/table_no_touch: -0.0035
              Episode_Reward/alive: 0.0042
          Episode_Reward/imitation: 0.0434
Episode_Reward/planner_racket_task_space_crossfade: 0.0352
Episode_Reward/healthy_trunk_support: 0.0545
Episode_Reward/phase_action_overflow: -0.0004
Episode_Reward/prestrike_station_progress: -0.0026
 Episode_Reward/lower_body_support: 0.0119
Episode_Reward/termination_penalty: -0.3571
Episode_Reward/phase_action_rate_waist: -0.0002
Episode_Reward/phase_action_rate_upper: -0.0001
Episode_Reward/phase_action_rate_legs: -0.0001
        Episode_Reward/joint_limit: -0.0185
Episode_Reward/prestrike_racket_progress: 0.0414
Episode_Reward/operational_joint_margin: -0.0186
  Episode_Reward/joint_target_slew: -0.0400
Episode_Reward/actuator_waist_feasibility: -0.0001
Episode_Reward/actuator_right_arm_feasibility: -0.0000
Episode_Reward/actuator_leg_feasibility: -0.0000
Episode_Reward/physical_outcome_events: 0.0012
Episode_Reward/physical_contact_planner_alignment: 0.0032
Episode_Reward/physical_recovery_settlement: 0.0062
Episode_Reward/physical_capability_curriculum: 0.0000
Episode_Reward/durable_recovery_progress: -0.0001
Episode_Reward/durable_recovery_success: 0.0103
Episode_Reward/durable_recovery_failure: -0.0242
Episode_Reward/no_command_instability: -0.0310
Episode_Reward/safe_strike_inactivity: -0.0154
    Metrics/motion/error_joint_pos: 2.3738
    Metrics/motion/error_joint_vel: 5.6947
     Metrics/motion/error_body_pos: 0.2940
     Metrics/motion/error_body_rot: 0.9959
       Metrics/motion/motion_phase: 0.1677
            Metrics/motion/in_hold: 0.6328
Metrics/motion/motion_start_warmup_prob: 0.7500
Metrics/motion/motion_start_lifecycle_progress: 0.0000
Metrics/motion/motion_start_effective_prestrike_fraction: 1.0000
Metrics/motion/motion_start_effective_recovery_fraction: 0.0000
Metrics/motion/motion_start_effective_rsi_fraction: 0.0000
 Metrics/motion/motion_start_reset: 0.1432
Metrics/motion/motion_start_prestrike_reset: 0.0000
Metrics/motion/motion_start_recovery_reset: 0.0000
Metrics/motion/motion_start_rsi_reset: 0.0000
 Metrics/motion/single_cycle_reset: 0.0000
     Metrics/motion/motion_clip_id: 0.5651
Metrics/motion/motion_supplemental_clip: 0.0000
      Metrics/motion/stand_episode: 0.2188
Metrics/motion/default_stand_reset: 0.2344
Metrics/motion/error_body_pos_lower: 0.3387
Metrics/motion/error_body_rot_lower: 1.1243
Metrics/motion/error_body_lin_vel_lower: 0.7380
Metrics/motion/error_body_ang_vel_lower: 2.5409
Metrics/motion/reference_body_lin_speed_lower: 0.0039
Metrics/motion/robot_body_lin_speed_lower: 0.7375
Metrics/motion/error_body_pos_core: 0.1191
Metrics/motion/error_body_rot_core: 0.7626
Metrics/motion/error_body_lin_vel_core: 1.4228
Metrics/motion/error_body_ang_vel_core: 2.2901
Metrics/motion/reference_body_lin_speed_core: 0.0041
Metrics/motion/robot_body_lin_speed_core: 1.4216
Metrics/motion/error_body_pos_upper: 0.3077
Metrics/motion/error_body_rot_upper: 0.9452
Metrics/motion/error_body_lin_vel_upper: 1.7987
Metrics/motion/error_body_ang_vel_upper: 2.4791
Metrics/motion/reference_body_lin_speed_upper: 0.0138
Metrics/motion/robot_body_lin_speed_upper: 1.7986
Metrics/motion/error_joint_pos_waist: 0.5652
Metrics/motion/error_joint_vel_waist: 1.5511
Metrics/motion/reference_joint_speed_waist: 0.0084
Metrics/motion/error_joint_pos_arms: 2.0467
Metrics/motion/error_joint_vel_arms: 4.0011
Metrics/motion/reference_joint_speed_arms: 0.0333
Metrics/motion/error_joint_pos_legs: 1.0082
Metrics/motion/error_joint_vel_legs: 3.2899
Metrics/motion/reference_joint_speed_legs: 0.0016
Metrics/racket_target/racket_pos_error: 0.8373
Metrics/racket_target/racket_vel_error: 1.6290
Metrics/racket_target/time_to_strike: 0.7795
Metrics/racket_target/return_success: 0.0391
Metrics/racket_target/prev_return_success: 0.0391
Metrics/racket_target/prev_net_cross: 0.0391
Metrics/racket_target/current_net_cross: 0.0000
Metrics/racket_target/racket_pos_curriculum_scale: 1.0000
Metrics/racket_target/impact_inverse_command_blend: 1.0000
Metrics/racket_target/steps_since_target_resample: 140.9635
Metrics/racket_target/recovery_height_error: 0.1877
Metrics/racket_target/recovery_upright_error: 0.6401
Metrics/racket_target/recovery_base_lin_vel: 1.0324
Metrics/racket_target/recovery_base_ang_vel: 2.5165
Metrics/racket_target/recovery_station_error: 0.6014
Metrics/racket_target/recovery_feet_contact_frac: 0.8529
Metrics/racket_target/recovery_racket_speed: 2.0354
Metrics/racket_target/recovery_height_score: 0.2451
Metrics/racket_target/recovery_upright_score: 0.0146
Metrics/racket_target/recovery_lin_vel_score: 0.0118
Metrics/racket_target/recovery_ang_vel_score: 0.0148
Metrics/racket_target/recovery_station_score: 0.0030
Metrics/racket_target/recovery_racket_score: 0.0253
Metrics/racket_target/recovery_arm_score: 0.3009
Metrics/racket_target/recovery_ready_score: 0.1702
Metrics/racket_target/recovery_anchor_arm_score: 1.0000
Metrics/racket_target/recovery_core_ready_score: 0.0142
Metrics/racket_target/recovery_functional_ready_score: 0.0094
Metrics/racket_target/waist_action_overflow_rms: 0.0000
Metrics/racket_target/right_arm_action_overflow_rms: 0.0415
Metrics/racket_target/leg_action_overflow_rms: 0.0928
Metrics/racket_target/operational_margin_fraction: 0.0626
Metrics/racket_target/waist_operational_margin_fraction: 0.0078
Metrics/racket_target/right_arm_operational_margin_fraction: 0.0268
Metrics/racket_target/leg_operational_margin_fraction: 0.1441
Metrics/racket_target/waist_operational_excess_rms: 0.0000
Metrics/racket_target/right_arm_operational_excess_rms: 0.0049
Metrics/racket_target/leg_operational_excess_rms: 0.0567
Metrics/racket_target/q_des_velocity_violation_fraction: 0.0239
Metrics/racket_target/waist_q_des_velocity_violation_fraction: 0.0000
Metrics/racket_target/right_arm_q_des_velocity_violation_fraction: 0.0030
Metrics/racket_target/leg_q_des_velocity_violation_fraction: 0.0547
Metrics/racket_target/q_des_acceleration_violation_fraction: 0.5538
Metrics/racket_target/waist_q_des_acceleration_violation_fraction: 0.6215
Metrics/racket_target/right_arm_q_des_acceleration_violation_fraction: 0.5525
Metrics/racket_target/leg_q_des_acceleration_violation_fraction: 0.6547
Metrics/racket_target/waist_q_des_velocity_rms: 3.8808
Metrics/racket_target/right_arm_q_des_velocity_rms: 4.0591
Metrics/racket_target/leg_q_des_velocity_rms: 5.3903
Metrics/racket_target/waist_q_des_acceleration_rms: 279.2586
Metrics/racket_target/right_arm_q_des_acceleration_rms: 331.3628
Metrics/racket_target/leg_q_des_acceleration_rms: 450.8508
Metrics/racket_target/action_operational_feasibility_score: 0.4725
Metrics/racket_target/actuator_overflow_consecutive_steps: 0.0000
Metrics/racket_target/actuator_overflow_severe: 0.0000
Metrics/racket_target/recovery_phase_gate: 0.7812
Metrics/racket_target/recovery_phase_ready_score: 0.1287
Metrics/racket_target/recovery_contact_ready_score: 0.0000
Metrics/racket_target/recovery_net_ready_score: 0.0000
Metrics/racket_target/recovery_return_ready_score: 0.0000
Metrics/racket_target/cycle_success_ready_score: 0.0000
Metrics/racket_target/cycle_success_soft: 0.0000
Metrics/racket_target/cycle_success_binary: 0.0000
Metrics/racket_target/cycle_v2_pending: 0.0000
Metrics/racket_target/cycle_v2_attempt_latch: 0.0000
Metrics/racket_target/cycle_v2_ready_success_latch: 0.0000
Metrics/racket_target/cycle_v2_ready_fail_latch: 0.0000
Metrics/racket_target/cycle_v2_attempt_event: 0.0000
Metrics/racket_target/cycle_v2_ready_success_event: 0.0000
Metrics/racket_target/cycle_v2_ready_fail_event: 0.0000
Metrics/racket_target/cycle_v2_unresolved_resample_fail_event: 0.0000
Metrics/racket_target/cycle_v2_resolved_event: 0.0000
Metrics/racket_target/cycle_v2_command_visible_steps: 0.0000
Metrics/racket_target/cycle_v2_elapsed_steps: 0.0000
Metrics/racket_target/cycle_v2_ready_score: 0.0000
Metrics/racket_target/cycle_v2_ready_ok: 0.0000
Metrics/racket_target/cycle_v2_visible: 0.0000
Metrics/racket_target/cycle_v2_ready_score_ok: 0.0000
Metrics/racket_target/cycle_v2_height_ok: 0.0000
Metrics/racket_target/cycle_v2_upright_ok: 0.0000
Metrics/racket_target/cycle_v2_base_lin_vel_ok: 0.0000
Metrics/racket_target/cycle_v2_base_ang_vel_ok: 0.0000
Metrics/racket_target/cycle_v2_feet_ok: 0.0000
Metrics/racket_target/cycle_v2_core_ready_ok: 0.0000
Metrics/racket_target/cycle_v2_ready_consecutive_steps: 0.0000
Metrics/racket_target/single_cycle_bootstrap: 0.0000
Metrics/racket_target/single_cycle_swing_completed: 0.0000
Metrics/racket_target/single_cycle_recovery_active: 0.0000
Metrics/racket_target/single_cycle_recovery_elapsed_steps: 0.0000
Metrics/racket_target/single_cycle_ready_consecutive_steps: 0.0000
Metrics/racket_target/single_cycle_safe_timeout_event: 0.0000
Metrics/racket_target/single_cycle_deadline_timeout_event: 0.0000
Metrics/racket_target/single_cycle_timeout_latch: 0.0000
Metrics/racket_target/single_cycle_hard_failure_event: 0.0000
Metrics/racket_target/single_cycle_probability: 0.0000
Metrics/racket_target/single_cycle_curriculum_level: 0.0000
Metrics/racket_target/single_cycle_effective_deadline_steps: 100.0000
Metrics/racket_target/single_cycle_selected_events: 0.0000
Metrics/racket_target/single_cycle_completed_events: 0.0000
Metrics/racket_target/single_cycle_safe_timeout_events: 0.0000
Metrics/racket_target/single_cycle_deadline_timeout_events: 0.0000
Metrics/racket_target/single_cycle_hard_failure_events: 0.0000
Metrics/racket_target/active_ready_consecutive_steps: 0.0000
Metrics/racket_target/active_ready_success_event: 0.0000
Metrics/racket_target/active_ready_success_latch: 0.2188
Metrics/racket_target/active_ready_survival_steps: 0.0000
Metrics/racket_target/active_ready_survival_next_milestone: 0.0000
Metrics/racket_target/active_ready_survival_milestone_event: 0.0000
Metrics/racket_target/no_command_ready_active: 0.2500
Metrics/racket_target/no_command_from_stand_episode: 0.2188
Metrics/racket_target/no_command_from_default_stand_reset: 0.2188
Metrics/racket_target/no_command_ready_upright_ok: 0.0000
Metrics/racket_target/no_command_ready_motion_ok: 0.0000
Metrics/racket_target/no_command_ready_score: 0.0341
Metrics/racket_target/no_command_ready_progress: -0.0013
Metrics/racket_target/no_command_ready_station_error: 0.1782
Metrics/racket_target/no_command_ready_fixed_station_error: 0.1782
Metrics/racket_target/healthy_training_stage: 3.0000
Metrics/racket_target/healthy_stage_planted_rehearsal: 0.0000
Metrics/racket_target/healthy_stage_station_hold_seen: 0.0000
Metrics/racket_target/healthy_stage_station_arrived: 0.0000
Metrics/racket_target/healthy_stage_station_settled: 0.0000
Metrics/racket_target/healthy_stage_station_settle_steps: 0.0000
Metrics/racket_target/station_relocation_active: 0.0000
Metrics/racket_target/station_relocation_target_offset_y: 0.0000
Metrics/racket_target/station_relocation_error: 0.0000
Metrics/racket_target/station_relocation_arrival_event: 0.0000
Metrics/racket_target/station_relocation_settle_event: 0.0000
Metrics/racket_target/station_relocation_release_event: 0.0000
Metrics/racket_target/station_relocation_timeout_event: 0.0000
Metrics/racket_target/station_relocation_elapsed_steps: 0.0000
Metrics/racket_target/station_relocation_hold_deadline_steps: 0.0000
Metrics/racket_target/lifecycle_recovery_hold_active: 0.0000
Metrics/racket_target/lifecycle_recovery_release_success_event: 0.0000
Metrics/racket_target/lifecycle_recovery_release_fail_event: 0.0000
Metrics/racket_target/station_relocation_level: 0.0000
Metrics/racket_target/station_relocation_arrival_ema: 0.0000
Metrics/racket_target/station_relocation_settle_ema: 0.0000
Metrics/racket_target/station_relocation_contact_ema: 0.0000
Metrics/racket_target/station_relocation_safety_ema: 0.0000
Metrics/racket_target/station_relocation_resolved_events: 0.0000
Metrics/racket_target/station_relocation_terminal_reset_events: 0.0000
Metrics/racket_target/station_relocation_advance_streak: 0.0000
Metrics/racket_target/station_relocation_regress_streak: 0.0000
Metrics/racket_target/station_relocation_effective_max_lin_vel: 0.0000
Metrics/racket_target/station_relocation_effective_max_ang_vel: 0.0000
Metrics/racket_target/station_relocation_effective_min_settle_steps: 0.0000
Metrics/racket_target/ability_curriculum_level: 0.0000
Metrics/racket_target/ability_curriculum_scale: 1.0000
Metrics/racket_target/ability_curriculum_resolved_events: 0.0000
Metrics/racket_target/ability_curriculum_total_resolved_events: 0.0000
Metrics/racket_target/ability_curriculum_advance_streak: 0.0000
Metrics/racket_target/ability_curriculum_regress_streak: 0.0000
Metrics/racket_target/ability_contact_ema: 0.0000
Metrics/racket_target/ability_net_ema: 0.0000
Metrics/racket_target/ability_success_ema: 0.0000
Metrics/racket_target/ability_recovery_ema: 0.0000
Metrics/racket_target/ability_cycle_ema: 0.0000
Metrics/racket_target/ability_cycle_attempt_ema: 0.0000
Metrics/racket_target/ability_cycle_resolved_ema: 0.0000
Metrics/racket_target/ability_forehand_contact_ema: 0.0000
Metrics/racket_target/ability_forehand_net_ema: 0.0000
Metrics/racket_target/ability_forehand_success_ema: 0.0000
Metrics/racket_target/ability_backhand_contact_ema: 0.0000
Metrics/racket_target/ability_backhand_net_ema: 0.0000
Metrics/racket_target/ability_backhand_success_ema: 0.0000
Metrics/racket_target/ability_attempt_ema: 0.0000
Metrics/racket_target/ability_targeted_attempt_ema: 0.0000
Metrics/racket_target/impact_health_floor_progress: 0.0000
Metrics/racket_target/ability_safety_ema: 1.0000
Metrics/racket_target/ability_station_saturation_ema: 0.0000
Metrics/racket_target/ability_healthy_normal_ema: 0.0000
Metrics/racket_target/ability_station_arrival_ema: 0.0000
Metrics/racket_target/ability_station_settle_ema: 0.0000
Metrics/racket_target/planner_hit_plane_blend: 1.0000
Metrics/racket_target/planner_hit_plane_x_delta: 0.0371
Metrics/racket_target/true_strike_table_x: 0.2008
Metrics/racket_target/planner_target_table_x: 0.2008
Metrics/racket_target/workspace_level: 0.0000
Metrics/racket_target/workspace_fringe_sample: 0.0000
Metrics/racket_target/workspace_target_lateral_norm: 0.2413
Metrics/racket_target/workspace_target_table_y: -0.1319
Metrics/racket_target/workspace_playable_y_min: -0.7225
Metrics/racket_target/workspace_playable_y_max: 0.7225
Metrics/racket_target/workspace_active_y_lo: -0.1940
Metrics/racket_target/workspace_active_y_hi: -0.0740
Metrics/racket_target/workspace_motion_seed_blend: 0.0000
Metrics/racket_target/planner_perturb_curriculum_scale: 0.0000
Metrics/racket_target/incoming_ball_horizontal_speed: 1.0026
Metrics/racket_target/incoming_ball_speed: 2.0733
Metrics/racket_target/incoming_ball_speed_curriculum_level: 0.0000
Metrics/racket_target/incoming_ball_speed_sample_low: 0.9000
Metrics/racket_target/incoming_ball_speed_sample_high: 1.2500
Metrics/racket_target/station_saturated: 1.0000
Metrics/racket_target/station_raw_clip_excess: 0.0632
Metrics/racket_target/station_saturated_x: 1.0000
Metrics/racket_target/station_saturated_y: 0.8984
Metrics/racket_target/station_raw_clip_excess_x: 0.0099
Metrics/racket_target/station_raw_clip_excess_y: 0.0606
Metrics/racket_target/current_swing_opportunity: 0.1589
Metrics/racket_target/current_swing_attempt: 0.1589
Metrics/racket_target/current_swing_targeted_attempt: 0.0651
Metrics/racket_target/prev_swing_targeted_attempt: 0.2474
Metrics/racket_target/current_swing_unsafe: 0.6953
Metrics/racket_target/current_swing_station_saturated: 1.0000
Metrics/racket_target/impact_health_score: 0.0742
Metrics/racket_target/impact_health_ok: 0.0000
Metrics/racket_target/impact_health_backlean_violation: 0.2002
Metrics/racket_target/impact_health_waist_backfold: 0.0031
Metrics/racket_target/impact_health_base_retreat: 0.3760
Metrics/racket_target/impact_health_torso_gravity_x: 0.0745
Metrics/racket_target/impact_health_torso_ang_vel: 1.9680
Metrics/racket_target/impact_health_com_x: 0.4656
Metrics/racket_target/impact_health_com_y: 0.1774
Metrics/racket_target/post_contact_ready_pending: 0.0156
Metrics/racket_target/post_contact_ready_elapsed_steps: 0.5573
Metrics/racket_target/post_contact_ready_consecutive_steps: 0.0000
Metrics/racket_target/post_contact_ready_diagnostic_pending: 0.0573
Metrics/racket_target/post_contact_ready_diagnostic_elapsed_steps: 3.7526
Metrics/racket_target/post_contact_ready_durable_pending: 0.0156
Metrics/racket_target/post_contact_ready_durable_consecutive_steps: 0.0000
Metrics/racket_target/post_contact_ready_durable_ready_now: 0.0000
Metrics/racket_target/post_contact_ready_durable_success_event: 0.0000
Metrics/racket_target/post_contact_ready_durable_fail_event: 0.0000
Metrics/racket_target/post_contact_ready_durable_resolution_success_rate: 0.5898
Metrics/racket_target/post_contact_ready_durable_resolution_fail_rate: 0.2873
Metrics/racket_target/post_contact_ready_durable_resolution_success_latency_steps: 52.0000
Metrics/racket_target/post_contact_ready_durable_resolution_fail_latency_steps: 43.4819
Metrics/racket_target/post_contact_ready_durable_fail_backlean_rate: 0.2385
Metrics/racket_target/post_contact_ready_durable_fail_forward_lean_rate: 0.4988
Metrics/racket_target/post_contact_ready_durable_fail_torso_ang_vel_rate: 0.5807
Metrics/racket_target/post_contact_ready_durable_fail_base_lin_vel_rate: 0.6484
Metrics/racket_target/post_contact_ready_durable_fail_base_ang_vel_rate: 0.7135
Metrics/racket_target/post_contact_ready_durable_fail_racket_speed_rate: 0.6321
Metrics/racket_target/post_contact_ready_durable_fail_height_rate: 0.2832
Metrics/racket_target/post_contact_ready_durable_fail_com_x_rate: 0.4861
Metrics/racket_target/post_contact_ready_durable_fail_com_y_rate: 0.2481
Metrics/racket_target/post_contact_ready_durable_fail_feet_rate: 0.2913
Metrics/racket_target/post_contact_ready_durable_fail_station_rate: 0.3648
Metrics/racket_target/post_contact_ready_durable_fail_arm_rate: 0.1657
Metrics/racket_target/post_contact_ready_terminal_window_active: 0.0000
Metrics/racket_target/post_contact_ready_terminal_quality: 0.0113
Metrics/racket_target/post_contact_ready_terminal_settlement_event: 0.0000
Metrics/racket_target/post_contact_ready_operational_ready_now: 0.0000
Metrics/racket_target/post_contact_ready_operational_consecutive_steps: 0.0000
Metrics/racket_target/post_contact_ready_safe_settlement_event: 0.0000
Metrics/racket_target/post_contact_ready_unsafe_settlement_event: 0.0000
Metrics/racket_target/post_contact_ready_incomplete_settlement_event: 0.0000
Metrics/racket_target/post_contact_ready_safe_net_cycle_event: 0.0000
Metrics/racket_target/post_contact_ready_terminal_quality_mean: 0.8085
Metrics/racket_target/post_contact_ready_safe_terminal_quality_mean: 0.9314
Metrics/racket_target/post_contact_ready_terminal_safe_rate: 0.7761
Metrics/racket_target/post_contact_ready_terminal_unsafe_rate: 0.2086
Metrics/racket_target/post_contact_ready_terminal_incomplete_rate: 0.0153
Metrics/racket_target/post_contact_ready_safe_net_cycle_rate: 0.0061
Metrics/racket_target/post_contact_ready_score: 0.0023
Metrics/racket_target/post_contact_ready_now: 0.0000
Metrics/racket_target/post_contact_ready_success_event: 0.0000
Metrics/racket_target/post_contact_ready_fail_event: 0.0000
Metrics/racket_target/post_contact_ready_outcome_tier: -1.0000
Metrics/racket_target/post_contact_ready_face_quality: 0.0000
Metrics/racket_target/post_contact_ready_safe_face_net_cycle_value: 0.0000
Metrics/racket_target/post_contact_ready_planner_speed_ratio: 0.0480
Metrics/racket_target/post_contact_ready_planner_direction_error_rad: 0.0532
Metrics/racket_target/post_contact_ready_planner_position_error: 0.0743
Metrics/racket_target/post_contact_ready_impact_health_score: 0.0492
Metrics/racket_target/post_contact_ready_peak_base_ang_vel: 0.1223
Metrics/racket_target/post_contact_ready_peak_ang_vel_excess_increment: 0.0000
Metrics/racket_target/post_contact_ready_envelope_violation_latch: 0.0651
Metrics/racket_target/post_contact_ready_envelope_violation_event: 0.0000
Metrics/racket_target/post_contact_ready_envelope_first_violation_step: 1.0755
Metrics/racket_target/post_contact_ready_envelope_attempts: 436.9922
Metrics/racket_target/post_contact_ready_envelope_violation_rate: 0.2754
Metrics/racket_target/post_contact_ready_envelope_tilt_violation_rate: 0.1485
Metrics/racket_target/post_contact_ready_envelope_pitch_violation_rate: 0.2059
Metrics/racket_target/post_contact_ready_envelope_com_violation_rate: 0.1542
Metrics/racket_target/post_contact_ready_envelope_waist_violation_rate: 0.0000
Metrics/racket_target/post_contact_ready_envelope_leg_violation_rate: 0.0000
Metrics/racket_target/post_contact_ready_envelope_base_ang_vel_violation_rate: 0.1970
Metrics/racket_target/post_contact_ready_resolution_success_rate: 0.9009
Metrics/racket_target/post_contact_ready_resolution_fail_rate: 0.0683
Metrics/racket_target/post_contact_ready_resolution_success_latency_steps: 6.9292
Metrics/racket_target/post_contact_ready_resolution_fail_latency_steps: 30.6023
Metrics/racket_target/post_contact_ready_max_tilt: 0.0453
Metrics/racket_target/post_contact_ready_max_abs_pitch: 0.0395
Metrics/racket_target/post_contact_ready_max_com_x: 0.0336
Metrics/racket_target/post_contact_ready_max_com_y: 0.0154
Metrics/racket_target/post_contact_ready_max_waist_overflow: 0.0000
Metrics/racket_target/post_contact_ready_max_leg_overflow: 0.0045
Metrics/racket_target/post_contact_ready_settlement_velocity_score_ema: 0.3457
Metrics/racket_target/post_contact_ready_settlement_position_gate_ema: 0.3619
Metrics/racket_target/post_contact_ready_settlement_health_gate_ema: 0.9692
Metrics/racket_target/post_contact_ready_settlement_recovery_gate_ema: 0.7034
Metrics/racket_target/post_contact_ready_settlement_total_score_ema: 0.0812
Metrics/racket_target/post_contact_recovery_backlean_error: 0.3243
Metrics/racket_target/post_contact_recovery_directional_progress: -0.0156
Metrics/racket_target/post_contact_ready_torso_ok: 0.0000
Metrics/racket_target/post_contact_ready_motion_ok: 0.0000
Metrics/racket_target/post_contact_ready_support_ok: 0.0000
Metrics/racket_target/post_contact_ready_arm_ok: 1.0000
Metrics/racket_target/post_contact_ready_base_lin_vel_ok: 0.0156
Metrics/racket_target/post_contact_ready_base_ang_vel_ok: 0.0391
Metrics/racket_target/post_contact_ready_racket_speed_ok: 0.1120
Metrics/racket_target/post_contact_ready_height_ok: 0.2969
Metrics/racket_target/post_contact_ready_com_x_ok: 0.0000
Metrics/racket_target/post_contact_ready_com_y_ok: 0.4401
Metrics/racket_target/post_contact_ready_feet_ok: 0.7057
Metrics/racket_target/post_contact_ready_station_ok: 0.0000
Metrics/racket_target/post_contact_ready_fail_torso: 0.0000
Metrics/racket_target/post_contact_ready_fail_base_lin_vel: 0.0000
Metrics/racket_target/post_contact_ready_fail_base_ang_vel: 0.0000
Metrics/racket_target/post_contact_ready_fail_racket_speed: 0.0000
Metrics/racket_target/post_contact_ready_fail_support: 0.0000
Metrics/racket_target/post_contact_ready_fail_arm: 0.0000
Metrics/racket_target/post_contact_ready_shadow_now: 0.0000
Metrics/racket_target/post_contact_ready_shadow_consecutive_steps: 0.0000
Metrics/racket_target/post_contact_ready_shadow_success_latch: 0.0417
Metrics/racket_target/post_contact_ready_curriculum_level: 0.0000
Metrics/racket_target/post_contact_ready_curriculum_fraction: 0.0000
Metrics/racket_target/post_contact_ready_curriculum_success_ema: 0.9073
Metrics/racket_target/post_contact_ready_curriculum_shadow_success_ema: 0.3402
Metrics/racket_target/post_contact_ready_curriculum_resolved_events: 422.3125
Metrics/racket_target/post_contact_ready_curriculum_successful_events: 392.9453
Metrics/racket_target/post_contact_ready_curriculum_targeted_attempt_ema: 0.6623
Metrics/racket_target/post_contact_ready_curriculum_return_success_ema: 0.0043
Metrics/racket_target/post_contact_ready_curriculum_completed_swings: 653.5625
Metrics/racket_target/post_contact_ready_curriculum_advance_streak: 0.0000
Metrics/racket_target/post_contact_ready_curriculum_advance_guard_ok: 0.0000
Metrics/racket_target/post_contact_ready_effective_max_torso_ang_vel: 0.9000
Metrics/racket_target/post_contact_ready_effective_torso_x_min: -0.1000
Metrics/racket_target/post_contact_ready_effective_torso_x_max: 0.3800
Metrics/racket_target/post_contact_ready_effective_max_base_lin_vel: 0.2200
Metrics/racket_target/post_contact_ready_effective_max_base_ang_vel: 1.0000
Metrics/racket_target/post_contact_ready_effective_max_racket_speed: 1.2000
Metrics/racket_target/post_contact_ready_effective_min_feet_contact: 0.9000
Metrics/racket_target/post_contact_ready_effective_required_consecutive_steps: 3.0000
Metrics/racket_target/post_contact_ready_effective_deadline_steps: 90.0000
Metrics/racket_target/post_contact_ready_curriculum_advance_threshold: 0.2000
Metrics/racket_target/post_contact_ready_curriculum_advance_min_events: 512.0000
Metrics/racket_target/post_contact_ready_curriculum_shadow_threshold: 0.0800
Metrics/racket_target/post_contact_ready_curriculum_min_targeted_attempt_ema: 0.1200
Metrics/racket_target/post_contact_ready_curriculum_min_return_success_ema: 0.0050
Metrics/racket_target/post_contact_ready_curriculum_min_completed_swings: 512.0000
Metrics/racket_target/post_contact_ready_curriculum_required_advance_checks: 2.0000
Metrics/racket_target/racket_normal_error_deg: 76.5019
Metrics/racket_target/impact_normal_error_deg: 4.9418
Metrics/racket_target/impact_racket_vel_error_mps: 1.2042
Metrics/racket_target/impact_racket_speed_ratio: 0.7054
Metrics/racket_target/impact_racket_vel_angle_deg: 39.7508
Metrics/racket_target/impact_racket_actual_vel_x: 0.7313
Metrics/racket_target/impact_racket_actual_vel_y: -0.1482
Metrics/racket_target/impact_racket_actual_vel_z: 0.4742
Metrics/racket_target/impact_racket_target_vel_x: 0.8665
Metrics/racket_target/impact_racket_target_vel_y: 0.0786
Metrics/racket_target/impact_racket_target_vel_z: 1.0243
Metrics/racket_target/impact_ball_out_error_mps: 2.3444
Metrics/racket_target/impact_face_radial_error_m: 0.3796
Metrics/racket_target/impact_face_normal_gap_m: 0.6980
Metrics/racket_target/impact_face_quality: 0.0194
Metrics/racket_target/impact_center_contact: 0.0000
Metrics/racket_target/impact_center_net_cross: 0.0000
Metrics/racket_target/impact_center_on_opponent: 0.0000
Metrics/racket_target/impact_rim_contact: 0.0000
Metrics/racket_target/impact_rim_net_cross: 0.0000
Metrics/racket_target/impact_rim_on_opponent: 0.0000
Metrics/racket_target/impact_analytic_outer_contact: 0.0000
Metrics/racket_target/impact_analytic_outer_net_cross: 0.0000
Metrics/racket_target/impact_analytic_outer_on_opponent: 0.0000
Metrics/racket_target/impact_planner_pos_error_m: 0.8471
Metrics/racket_target/impact_planner_vel_error_mps: 1.2042
Metrics/racket_target/impact_planner_speed_ratio: 0.7054
Metrics/racket_target/impact_planner_vel_angle_deg: 39.7508
Metrics/racket_target/impact_healthy_normal_ok: 0.0000
Metrics/racket_target/impact_healthy_contact: 0.0000
Metrics/racket_target/impact_healthy_net_cross: 0.0000
Metrics/racket_target/impact_healthy_on_opponent: 0.0000
Metrics/racket_target/current_swing_impact_health_score: 0.0000
Metrics/racket_target/current_swing_healthy_contact: 0.0000
Metrics/racket_target/current_swing_healthy_net_cross: 0.0000
Metrics/racket_target/current_swing_healthy_on_opponent: 0.0000
Metrics/racket_target/current_swing_healthy_normal_ok: 0.0964
Metrics/racket_target/current_swing_contact: 0.0000
Metrics/racket_target/current_swing_net_cross: 0.0000
Metrics/racket_target/current_swing_on_opponent: 0.0000
Metrics/racket_target/current_swing_center_contact: 0.0000
Metrics/racket_target/current_swing_center_net_cross: 0.0000
Metrics/racket_target/current_swing_center_on_opponent: 0.0000
Metrics/racket_target/current_swing_rim_contact: 0.0000
Metrics/racket_target/current_swing_rim_net_cross: 0.0000
Metrics/racket_target/current_swing_rim_on_opponent: 0.0000
Metrics/racket_target/current_swing_analytic_outer_contact: 0.0000
Metrics/racket_target/current_swing_analytic_outer_net_cross: 0.0000
Metrics/racket_target/current_swing_analytic_outer_on_opponent: 0.0000
Metrics/racket_target/cycle_v2_outcome_tier: -1.0000
Metrics/racket_target/cycle_v2_streak: 0.0000
Metrics/racket_target/closed_loop_recovery_trigger_event: 0.0000
Metrics/racket_target/closed_loop_cycle_success_event: 0.0000
Metrics/racket_target/closed_loop_durable_cycle_success_event: 0.0000
Metrics/racket_target/closed_loop_phase_id: 0.9557
Metrics/racket_target/closed_loop_phase_ready_no_command: 0.2500
Metrics/racket_target/closed_loop_phase_command_acquire: 0.5911
Metrics/racket_target/closed_loop_phase_pre_strike: 0.1432
Metrics/racket_target/closed_loop_phase_strike: 0.0000
Metrics/racket_target/closed_loop_phase_follow_through: 0.0000
Metrics/racket_target/closed_loop_phase_recovery: 0.0156
Metrics/racket_target/closed_loop_phase_next_ready: 0.0000
Metrics/racket_target/post_contact_phase_impact_0_100ms_attempts: 436.9922
Metrics/racket_target/post_contact_phase_impact_0_100ms_tilt_gt_0p1_rate: 0.9934
Metrics/racket_target/post_contact_phase_impact_0_100ms_pitch_gt_0p1_rate: 0.9678
Metrics/racket_target/post_contact_phase_impact_0_100ms_waist_overflow_gt_1p0_rate: 0.0000
Metrics/racket_target/post_contact_phase_impact_0_100ms_base_ang_vel_gt_0p8_rate: 0.9190
Metrics/racket_target/post_contact_phase_brake_100_300ms_attempts: 425.8594
Metrics/racket_target/post_contact_phase_brake_100_300ms_tilt_gt_0p1_rate: 0.9072
Metrics/racket_target/post_contact_phase_brake_100_300ms_pitch_gt_0p1_rate: 0.7871
Metrics/racket_target/post_contact_phase_brake_100_300ms_waist_overflow_gt_1p0_rate: 0.0000
Metrics/racket_target/post_contact_phase_brake_100_300ms_base_ang_vel_gt_0p8_rate: 0.8622
Metrics/racket_target/post_contact_phase_settle_300_600ms_attempts: 400.2422
Metrics/racket_target/post_contact_phase_settle_300_600ms_tilt_gt_0p1_rate: 0.5901
Metrics/racket_target/post_contact_phase_settle_300_600ms_pitch_gt_0p1_rate: 0.5309
Metrics/racket_target/post_contact_phase_settle_300_600ms_waist_overflow_gt_1p0_rate: 0.0000
Metrics/racket_target/post_contact_phase_settle_300_600ms_base_ang_vel_gt_0p8_rate: 0.7300
Metrics/racket_target/post_contact_phase_ready_after_600ms_attempts: 378.5234
Metrics/racket_target/post_contact_phase_ready_after_600ms_tilt_gt_0p1_rate: 0.4597
Metrics/racket_target/post_contact_phase_ready_after_600ms_pitch_gt_0p1_rate: 0.4041
Metrics/racket_target/post_contact_phase_ready_after_600ms_waist_overflow_gt_1p0_rate: 0.0000
Metrics/racket_target/post_contact_phase_ready_after_600ms_base_ang_vel_gt_0p8_rate: 0.9562
Metrics/racket_target/base_pitch_like_signed: -0.1948
Metrics/racket_target/base_backward_velocity: 0.7461
Metrics/racket_target/waist_action_rms: 0.4956
Metrics/racket_target/right_arm_action_rms: 3.3669
Metrics/racket_target/leg_action_rms: 0.7646
Metrics/racket_target/action_abs_max: 5.9682
Metrics/racket_target/applied_action_abs_max: 5.9682
Metrics/racket_target/leg_action_abs_max: 1.5443
Metrics/racket_target/effective_action_abs_max: 5.9216
Metrics/racket_target/action_clamp_fraction: 0.0401
Metrics/racket_target/waist_action_clamp_fraction: 0.0000
Metrics/racket_target/right_arm_action_clamp_fraction: 0.0268
Metrics/racket_target/leg_action_clamp_fraction: 0.0879
Metrics/racket_target/waist_q_tracking_error_rms: 0.3238
Metrics/racket_target/right_arm_q_tracking_error_rms: 0.1199
Metrics/racket_target/leg_q_tracking_error_rms: 0.2654
Metrics/racket_target/waist_torque_clip_fraction: 0.0000
Metrics/racket_target/right_arm_torque_clip_fraction: 0.0011
Metrics/racket_target/leg_torque_clip_fraction: 0.0000
Metrics/racket_target/waist_action_delta_rms: 0.1869
Metrics/racket_target/right_arm_action_delta_rms: 0.3917
Metrics/racket_target/leg_action_delta_rms: 0.2165
Metrics/racket_target/waist_joint_vel_rms: 0.8495
Metrics/racket_target/right_arm_joint_vel_rms: 1.0119
Metrics/racket_target/leg_joint_vel_rms: 1.0506
Metrics/racket_target/recovery_leg_action_abs_max: 1.1991
Metrics/racket_target/recovery_leg_action_delta_rms: 0.1684
Metrics/racket_target/recovery_leg_joint_vel_rms: 0.8751
Metrics/racket_target/physical_contact_health_score: 0.0000
Metrics/racket_target/physical_contact_face_quality: 0.0000
Metrics/racket_target/physical_contact_outcome_quality: 0.0000
Metrics/racket_target/physical_contact_quality_command_scale: 1.0000
Metrics/racket_target/physical_contact_planner_alignment: 0.0000
Metrics/racket_target/physical_contact_planner_alignment_raw: 0.0000
Metrics/racket_target/physical_recovery_pending: 0.0000
Metrics/racket_target/physical_recovery_tier: 0.0000
Metrics/racket_target/physical_recovery_success_event: 0.0000
Metrics/racket_target/physical_recovery_failure_event: 0.0000
Metrics/racket_target/physical_recovery_nonterminal_failure_event: 0.0000
Metrics/racket_target/physical_recovery_terminal_failure_event: 0.0000
Metrics/racket_target/physical_center_contact_event: 0.0000
Metrics/racket_target/physical_aligned_contact_event: 0.0000
Metrics/racket_target/physical_ability_level: 0.0000
Metrics/racket_target/physical_ability_batch_events: 348.2188
Metrics/racket_target/physical_ability_raw_contact_ema: 0.1211
Metrics/racket_target/physical_ability_contact_ema: 0.0265
Metrics/racket_target/physical_ability_aligned_contact_ema: 0.0152
Metrics/racket_target/physical_ability_net_ema: 0.0000
Metrics/racket_target/physical_ability_bounce_ema: 0.0000
Metrics/racket_target/physical_ability_recovery_ema: 0.1954
Metrics/racket_target/physical_ability_safety_ema: 0.2530
     Metrics/physical_shadow/phase: 0.5573
Metrics/physical_shadow/route_valid: 1.0000
Metrics/physical_shadow/route_curriculum_level: 1.0000
Metrics/physical_shadow/serve_event: 0.0000
Metrics/physical_shadow/incoming_bounce_event: 0.0000
Metrics/physical_shadow/contact_event: 0.0000
Metrics/physical_shadow/net_cross_event: 0.0000
Metrics/physical_shadow/outgoing_landing_event: 0.0000
Metrics/physical_shadow/opponent_bounce_event: 0.0000
Metrics/physical_shadow/landing_short_event: 0.0000
Metrics/physical_shadow/landing_long_event: 0.0000
Metrics/physical_shadow/landing_side_event: 0.0000
Metrics/physical_shadow/landing_no_net_event: 0.0000
Metrics/physical_shadow/abort_event: 0.0000
Metrics/physical_shadow/timeout_event: 0.0000
Metrics/physical_shadow/route_unalignable_event: 0.0000
Metrics/physical_shadow/route_invalid_event: 0.0000
Metrics/physical_shadow/incoming_net_collision_event: 0.0000
Metrics/physical_shadow/reset_abort_event: 0.0000
Metrics/physical_shadow/command_refresh_event: 0.0026
Metrics/physical_shadow/incoming_bounce_latch: 0.1589
Metrics/physical_shadow/contact_latch: 0.0000
Metrics/physical_shadow/net_cross_latch: 0.0000
Metrics/physical_shadow/opponent_bounce_latch: 0.0000
Metrics/physical_shadow/launch_timing_error_s: 0.0018
Metrics/physical_shadow/contact_true_target_error: 0.0000
Metrics/physical_shadow/contact_planner_position_error: 0.0000
Metrics/physical_shadow/contact_planner_velocity_error: 0.0000
Metrics/physical_shadow/contact_planner_velocity_direction_error_deg: 0.0000
Metrics/physical_shadow/contact_planner_normal_error_deg: 0.0000
Metrics/physical_shadow/contact_outgoing_velocity_error: 0.0000
Metrics/physical_shadow/contact_outgoing_speed: 0.0000
Metrics/physical_shadow/contact_target_outgoing_speed: 0.0000
Metrics/physical_shadow/contact_outgoing_speed_ratio: 0.0000
Metrics/physical_shadow/contact_outgoing_direction_error_deg: 0.0000
Metrics/physical_shadow/contact_outgoing_velocity_x: 0.0000
Metrics/physical_shadow/contact_outgoing_velocity_y: 0.0000
Metrics/physical_shadow/contact_outgoing_velocity_z: 0.0000
Metrics/physical_shadow/contact_target_outgoing_velocity_x: 0.0000
Metrics/physical_shadow/contact_target_outgoing_velocity_y: 0.0000
Metrics/physical_shadow/contact_target_outgoing_velocity_z: 0.0000
Metrics/physical_shadow/contact_incoming_velocity_error: 0.0000
Metrics/physical_shadow/contact_incoming_velocity_direction_error_deg: 0.0000
Metrics/physical_shadow/contact_route_incoming_velocity_error: 0.0000
Metrics/physical_shadow/contact_route_incoming_velocity_direction_error_deg: 0.0000
Metrics/physical_shadow/contact_actual_route_incoming_velocity_error: 0.0000
Metrics/physical_shadow/contact_command_normal_only_error: 0.0000
Metrics/physical_shadow/contact_command_training_model_error: 0.0000
Metrics/physical_shadow/contact_command_physics_model_error: 0.0000
Metrics/physical_shadow/contact_actual_training_model_residual: 0.0000
Metrics/physical_shadow/contact_actual_physics_model_residual: 0.0000
Metrics/physical_shadow/contact_actual_normal_only_model_residual: 0.0000
Metrics/physical_shadow/contact_actual_training_predicted_target_error: 0.0000
Metrics/physical_shadow/contact_actual_physics_predicted_target_error: 0.0000
Metrics/physical_shadow/contact_actual_normal_only_predicted_target_error: 0.0000
Metrics/physical_shadow/contact_force_direction_valid: 0.0000
Metrics/physical_shadow/contact_force_vs_racket_normal_angle_deg: 0.0000
Metrics/physical_shadow/contact_actual_force_direction_model_residual: 0.0000
Metrics/physical_shadow/contact_actual_force_direction_predicted_target_error: 0.0000
Metrics/physical_shadow/contact_physx_data_valid: 0.0000
Metrics/physical_shadow/contact_physx_force: 0.0000
Metrics/physical_shadow/contact_physx_separation: 0.0000
Metrics/physical_shadow/contact_physx_normal_error_deg: 0.0000
Metrics/physical_shadow/contact_physx_point_radial_error: 0.0000
Metrics/physical_shadow/contact_actual_physx_normal_model_residual: 0.0000
Metrics/physical_shadow/contact_actual_physx_normal_predicted_target_error: 0.0000
Metrics/physical_shadow/contact_physx_substep_valid: 0.0000
Metrics/physical_shadow/contact_physx_substep_normal_error_deg: 0.0000
Metrics/physical_shadow/contact_physx_substep_point_radial_error: 0.0000
Metrics/physical_shadow/contact_physx_substep_point_normal_offset: 0.0000
Metrics/physical_shadow/contact_physx_patch_substeps: 0.0000
Metrics/physical_shadow/contact_physx_normal_impulse: 0.0000
Metrics/physical_shadow/contact_physx_capture_lag_s: 0.0000
Metrics/physical_shadow/contact_physx_contact_point_speed_delta: 0.0000
Metrics/physical_shadow/contact_physx_substep_link_model_residual: 0.0000
Metrics/physical_shadow/contact_physx_substep_point_model_residual: 0.0000
Metrics/physical_shadow/contact_physx_substep_outgoing_target_error: 0.0000
Metrics/physical_shadow/contact_physx_measured_restitution: 0.0000
Metrics/physical_shadow/contact_physx_pre_ball_speed: 0.0000
Metrics/physical_shadow/contact_physx_post_ball_speed: 0.0000
Metrics/physical_shadow/contact_physx_point_x: 0.0000
Metrics/physical_shadow/contact_physx_point_y: 0.0000
Metrics/physical_shadow/contact_physx_point_z: 0.0000
Metrics/physical_shadow/contact_physx_normal_x: 0.0000
Metrics/physical_shadow/contact_physx_normal_y: 0.0000
Metrics/physical_shadow/contact_physx_normal_z: 0.0000
Metrics/physical_shadow/contact_physx_pre_ball_velocity_x: 0.0000
Metrics/physical_shadow/contact_physx_pre_ball_velocity_y: 0.0000
Metrics/physical_shadow/contact_physx_pre_ball_velocity_z: 0.0000
Metrics/physical_shadow/contact_physx_post_ball_velocity_x: 0.0000
Metrics/physical_shadow/contact_physx_post_ball_velocity_y: 0.0000
Metrics/physical_shadow/contact_physx_post_ball_velocity_z: 0.0000
Metrics/physical_shadow/contact_physx_pre_racket_point_velocity_x: 0.0000
Metrics/physical_shadow/contact_physx_pre_racket_point_velocity_y: 0.0000
Metrics/physical_shadow/contact_physx_pre_racket_point_velocity_z: 0.0000
Metrics/physical_shadow/contact_physx_post_racket_point_velocity_x: 0.0000
Metrics/physical_shadow/contact_physx_post_racket_point_velocity_y: 0.0000
Metrics/physical_shadow/contact_physx_post_racket_point_velocity_z: 0.0000
Metrics/physical_shadow/contact_physx_pre_ball_angular_velocity_x: -0.6406
Metrics/physical_shadow/contact_physx_pre_ball_angular_velocity_y: -7.4907
Metrics/physical_shadow/contact_physx_pre_ball_angular_velocity_z: -0.0000
Metrics/physical_shadow/contact_physx_post_ball_angular_velocity_x: -2.6471
Metrics/physical_shadow/contact_physx_post_ball_angular_velocity_y: -1.5792
Metrics/physical_shadow/contact_physx_post_ball_angular_velocity_z: 0.6300
Metrics/physical_shadow/contact_physx_pre_ball_surface_tangent_speed: 0.1644
Metrics/physical_shadow/contact_physx_post_ball_spin_speed: 4.3617
Metrics/physical_shadow/contact_impact_normal_error_deg: 0.0000
Metrics/physical_shadow/contact_wire_impact_normal_gap_deg: 0.0000
Metrics/physical_shadow/contact_face_radial_error: 0.0000
Metrics/physical_shadow/contact_time_to_strike: 0.0000
Metrics/physical_shadow/landing_target_error: 0.0000
Metrics/physical_shadow/landing_target_x_error: 0.0000
Metrics/physical_shadow/landing_target_y_error: 0.0000
Metrics/physical_shadow/landing_position_x: 0.0000
Metrics/physical_shadow/landing_position_y: 0.0000
Metrics/physical_shadow/command_refresh_valid: 0.1589
Metrics/physical_shadow/command_refresh_count: 3.4870
Metrics/physical_shadow/command_refresh_tts_s: 0.0751
Metrics/physical_shadow/command_refresh_position_delta: 0.0034
Metrics/physical_shadow/command_refresh_incoming_velocity_delta: 0.0034
Metrics/physical_shadow/command_refresh_timing_delta_s: 0.0002
Metrics/physical_shadow/command_refresh_racket_velocity_delta: 0.0009
Metrics/physical_shadow/command_refresh_normal_delta_deg: 0.0139
Metrics/physical_shadow/minimum_ball_racket_distance: 0.3753
      Episode_Termination/time_out: 0.0000
  Episode_Termination/base_too_low: 0.0000
   Episode_Termination/base_tilted: 0.7188
   Episode_Termination/table_touch: 0.3438
Episode_Termination/persistent_action_overflow: 0.0000
--------------------------------------------------------------------------------
                   Total timesteps: 131072
                    Iteration time: 17.38s
                      Time elapsed: 00:01:12
                               ETA: 00:14:11

################################################################################
                      [1m Learning iteration 204/250 [0m                      

                       Computation: 1378 steps/s (collection: 23.741s, learning 0.030s)
             Mean action noise std: 0.08
          Mean value_function loss: 1.1421
               Mean surrogate loss: 0.0085
                 Mean entropy loss: -34.3101
      Mean critic_only_warmup loss: 0.0000
                       Mean reward: -2.45
               Mean episode length: 344.33
 Episode_Reward/undesired_contacts: -0.0001
  Episode_Reward/feet_contact_slip: -0.0026
     Episode_Reward/table_no_touch: -0.0016
              Episode_Reward/alive: 0.0057
          Episode_Reward/imitation: 0.0745
Episode_Reward/planner_racket_task_space_crossfade: 0.0610
Episode_Reward/healthy_trunk_support: 0.0570
Episode_Reward/phase_action_overflow: -0.0003
Episode_Reward/prestrike_station_progress: -0.0017
 Episode_Reward/lower_body_support: 0.0201
Episode_Reward/termination_penalty: -0.3599
Episode_Reward/phase_action_rate_waist: -0.0002
Episode_Reward/phase_action_rate_upper: -0.0001
Episode_Reward/phase_action_rate_legs: -0.0001
        Episode_Reward/joint_limit: -0.0233
Episode_Reward/prestrike_racket_progress: 0.0646
Episode_Reward/operational_joint_margin: -0.0129
  Episode_Reward/joint_target_slew: -0.0489
Episode_Reward/actuator_waist_feasibility: -0.0001
Episode_Reward/actuator_right_arm_feasibility: -0.0000
Episode_Reward/actuator_leg_feasibility: -0.0000
Episode_Reward/physical_outcome_events: 0.0048
Episode_Reward/physical_contact_planner_alignment: 0.0148
Episode_Reward/physical_recovery_settlement: 0.0265
Episode_Reward/physical_capability_curriculum: 0.0000
Episode_Reward/durable_recovery_progress: -0.0001
Episode_Reward/durable_recovery_success: 0.0296
Episode_Reward/durable_recovery_failure: -0.0501
Episode_Reward/no_command_instability: -0.0271
Episode_Reward/safe_strike_inactivity: -0.0161
    Metrics/motion/error_joint_pos: 2.3205
    Metrics/motion/error_joint_vel: 5.5468
     Metrics/motion/error_body_pos: 0.2967
     Metrics/motion/error_body_rot: 0.9722
       Metrics/motion/motion_phase: 0.0699
            Metrics/motion/in_hold: 0.6784
Metrics/motion/motion_start_warmup_prob: 0.7500
Metrics/motion/motion_start_lifecycle_progress: 0.0000
Metrics/motion/motion_start_effective_prestrike_fraction: 1.0000
Metrics/motion/motion_start_effective_recovery_fraction: 0.0000
Metrics/motion/motion_start_effective_rsi_fraction: 0.0000
 Metrics/motion/motion_start_reset: 0.0195
Metrics/motion/motion_start_prestrike_reset: 0.0000
Metrics/motion/motion_start_recovery_reset: 0.0000
Metrics/motion/motion_start_rsi_reset: 0.0000
 Metrics/motion/single_cycle_reset: 0.0000
     Metrics/motion/motion_clip_id: 0.4831
Metrics/motion/motion_supplemental_clip: 0.0000
      Metrics/motion/stand_episode: 0.2109
Metrics/motion/default_stand_reset: 0.2188
Metrics/motion/error_body_pos_lower: 0.3410
Metrics/motion/error_body_rot_lower: 1.1020
Metrics/motion/error_body_lin_vel_lower: 0.7981
Metrics/motion/error_body_ang_vel_lower: 2.6479
Metrics/motion/reference_body_lin_speed_lower: 0.0078
Metrics/motion/robot_body_lin_speed_lower: 0.7997
Metrics/motion/error_body_pos_core: 0.1464
Metrics/motion/error_body_rot_core: 0.7310
Metrics/motion/error_body_lin_vel_core: 1.7266
Metrics/motion/error_body_ang_vel_core: 2.3879
Metrics/motion/reference_body_lin_speed_core: 0.0044
Metrics/motion/robot_body_lin_speed_core: 1.7268
Metrics/motion/error_body_pos_upper: 0.3025
Metrics/motion/error_body_rot_upper: 0.9228
Metrics/motion/error_body_lin_vel_upper: 2.1457
Metrics/motion/error_body_ang_vel_upper: 3.0014
Metrics/motion/reference_body_lin_speed_upper: 0.0128
Metrics/motion/robot_body_lin_speed_upper: 2.1458
Metrics/motion/error_joint_pos_waist: 0.6475
Metrics/motion/error_joint_vel_waist: 1.4013
Metrics/motion/reference_joint_speed_waist: 0.0133
Metrics/motion/error_joint_pos_arms: 2.0040
Metrics/motion/error_joint_vel_arms: 3.5045
Metrics/motion/reference_joint_speed_arms: 0.0311
Metrics/motion/error_joint_pos_legs: 0.9209
Metrics/motion/error_joint_vel_legs: 3.8666
Metrics/motion/reference_joint_speed_legs: 0.0023
Metrics/racket_target/racket_pos_error: 0.8422
Metrics/racket_target/racket_vel_error: 1.6005
Metrics/racket_target/time_to_strike: 1.0051
Metrics/racket_target/return_success: 0.0000
Metrics/racket_target/prev_return_success: 0.0000
Metrics/racket_target/prev_net_cross: 0.0000
Metrics/racket_target/current_net_cross: 0.0000
Metrics/racket_target/racket_pos_curriculum_scale: 1.0000
Metrics/racket_target/impact_inverse_command_blend: 1.0000
Metrics/racket_target/steps_since_target_resample: 118.9883
Metrics/racket_target/recovery_height_error: 0.2391
Metrics/racket_target/recovery_upright_error: 0.7053
Metrics/racket_target/recovery_base_lin_vel: 1.1755
Metrics/racket_target/recovery_base_ang_vel: 2.4147
Metrics/racket_target/recovery_station_error: 0.6583
Metrics/racket_target/recovery_feet_contact_frac: 0.8490
Metrics/racket_target/recovery_racket_speed: 1.8694
Metrics/racket_target/recovery_height_score: 0.0364
Metrics/racket_target/recovery_upright_score: 0.0010
Metrics/racket_target/recovery_lin_vel_score: 0.0111
Metrics/racket_target/recovery_ang_vel_score: 0.0044
Metrics/racket_target/recovery_station_score: 0.0009
Metrics/racket_target/recovery_racket_score: 0.0611
Metrics/racket_target/recovery_arm_score: 0.2991
Metrics/racket_target/recovery_ready_score: 0.1303
Metrics/racket_target/recovery_anchor_arm_score: 1.0000
Metrics/racket_target/recovery_core_ready_score: 0.0033
Metrics/racket_target/recovery_functional_ready_score: 0.0021
Metrics/racket_target/waist_action_overflow_rms: 0.0004
Metrics/racket_target/right_arm_action_overflow_rms: 0.0099
Metrics/racket_target/leg_action_overflow_rms: 0.0274
Metrics/racket_target/operational_margin_fraction: 0.0302
Metrics/racket_target/waist_operational_margin_fraction: 0.0156
Metrics/racket_target/right_arm_operational_margin_fraction: 0.0050
Metrics/racket_target/leg_operational_margin_fraction: 0.0712
Metrics/racket_target/waist_operational_excess_rms: 0.0008
Metrics/racket_target/right_arm_operational_excess_rms: 0.0011
Metrics/racket_target/leg_operational_excess_rms: 0.0198
Metrics/racket_target/q_des_velocity_violation_fraction: 0.0337
Metrics/racket_target/waist_q_des_velocity_violation_fraction: 0.0017
Metrics/racket_target/right_arm_q_des_velocity_violation_fraction: 0.0130
Metrics/racket_target/leg_q_des_velocity_violation_fraction: 0.0748
Metrics/racket_target/q_des_acceleration_violation_fraction: 0.5623
Metrics/racket_target/waist_q_des_acceleration_violation_fraction: 0.5603
Metrics/racket_target/right_arm_q_des_acceleration_violation_fraction: 0.5424
Metrics/racket_target/leg_q_des_acceleration_violation_fraction: 0.7346
Metrics/racket_target/waist_q_des_velocity_rms: 3.3861
Metrics/racket_target/right_arm_q_des_velocity_rms: 4.6023
Metrics/racket_target/leg_q_des_velocity_rms: 6.3494
Metrics/racket_target/waist_q_des_acceleration_rms: 232.9302
Metrics/racket_target/right_arm_q_des_acceleration_rms: 354.5311
Metrics/racket_target/leg_q_des_acceleration_rms: 525.3049
Metrics/racket_target/action_operational_feasibility_score: 0.7317
Metrics/racket_target/actuator_overflow_consecutive_steps: 0.0000
Metrics/racket_target/actuator_overflow_severe: 0.0000
Metrics/racket_target/recovery_phase_gate: 0.7135
Metrics/racket_target/recovery_phase_ready_score: 0.0927
Metrics/racket_target/recovery_contact_ready_score: 0.0000
Metrics/racket_target/recovery_net_ready_score: 0.0000
Metrics/racket_target/recovery_return_ready_score: 0.0000
Metrics/racket_target/cycle_success_ready_score: 0.0000
Metrics/racket_target/cycle_success_soft: 0.0000
Metrics/racket_target/cycle_success_binary: 0.0000
Metrics/racket_target/cycle_v2_pending: 0.0000
Metrics/racket_target/cycle_v2_attempt_latch: 0.0000
Metrics/racket_target/cycle_v2_ready_success_latch: 0.0000
Metrics/racket_target/cycle_v2_ready_fail_latch: 0.0000
Metrics/racket_target/cycle_v2_attempt_event: 0.0000
Metrics/racket_target/cycle_v2_ready_success_event: 0.0000
Metrics/racket_target/cycle_v2_ready_fail_event: 0.0000
Metrics/racket_target/cycle_v2_unresolved_resample_fail_event: 0.0000
Metrics/racket_target/cycle_v2_resolved_event: 0.0000
Metrics/racket_target/cycle_v2_command_visible_steps: 0.0000
Metrics/racket_target/cycle_v2_elapsed_steps: 0.0000
Metrics/racket_target/cycle_v2_ready_score: 0.0000
Metrics/racket_target/cycle_v2_ready_ok: 0.0000
Metrics/racket_target/cycle_v2_visible: 0.0000
Metrics/racket_target/cycle_v2_ready_score_ok: 0.0000
Metrics/racket_target/cycle_v2_height_ok: 0.0000
Metrics/racket_target/cycle_v2_upright_ok: 0.0000
Metrics/racket_target/cycle_v2_base_lin_vel_ok: 0.0000
Metrics/racket_target/cycle_v2_base_ang_vel_ok: 0.0000
Metrics/racket_target/cycle_v2_feet_ok: 0.0000
Metrics/racket_target/cycle_v2_core_ready_ok: 0.0000
Metrics/racket_target/cycle_v2_ready_consecutive_steps: 0.0000
Metrics/racket_target/single_cycle_bootstrap: 0.0000
Metrics/racket_target/single_cycle_swing_completed: 0.0000
Metrics/racket_target/single_cycle_recovery_active: 0.0000
Metrics/racket_target/single_cycle_recovery_elapsed_steps: 0.0000
Metrics/racket_target/single_cycle_ready_consecutive_steps: 0.0000
Metrics/racket_target/single_cycle_safe_timeout_event: 0.0000
Metrics/racket_target/single_cycle_deadline_timeout_event: 0.0000
Metrics/racket_target/single_cycle_timeout_latch: 0.0000
Metrics/racket_target/single_cycle_hard_failure_event: 0.0000
Metrics/racket_target/single_cycle_probability: 0.0000
Metrics/racket_target/single_cycle_curriculum_level: 0.0000
Metrics/racket_target/single_cycle_effective_deadline_steps: 100.0000
Metrics/racket_target/single_cycle_selected_events: 0.0000
Metrics/racket_target/single_cycle_completed_events: 0.0000
Metrics/racket_target/single_cycle_safe_timeout_events: 0.0000
Metrics/racket_target/single_cycle_deadline_timeout_events: 0.0000
Metrics/racket_target/single_cycle_hard_failure_events: 0.0000
Metrics/racket_target/active_ready_consecutive_steps: 0.0000
Metrics/racket_target/active_ready_success_event: 0.0000
Metrics/racket_target/active_ready_success_latch: 0.0234
Metrics/racket_target/active_ready_survival_steps: 0.0000
Metrics/racket_target/active_ready_survival_next_milestone: 0.0000
Metrics/racket_target/active_ready_survival_milestone_event: 0.0000
Metrics/racket_target/no_command_ready_active: 0.2826
Metrics/racket_target/no_command_from_stand_episode: 0.2109
Metrics/racket_target/no_command_from_default_stand_reset: 0.2109
Metrics/racket_target/no_command_ready_upright_ok: 0.0000
Metrics/racket_target/no_command_ready_motion_ok: 0.0000
Metrics/racket_target/no_command_ready_score: 0.0395
Metrics/racket_target/no_command_ready_progress: 0.0307
Metrics/racket_target/no_command_ready_station_error: 0.2023
Metrics/racket_target/no_command_ready_fixed_station_error: 0.2023
Metrics/racket_target/healthy_training_stage: 3.0000
Metrics/racket_target/healthy_stage_planted_rehearsal: 0.0000
Metrics/racket_target/healthy_stage_station_hold_seen: 0.0000
Metrics/racket_target/healthy_stage_station_arrived: 0.0000
Metrics/racket_target/healthy_stage_station_settled: 0.0000
Metrics/racket_target/healthy_stage_station_settle_steps: 0.0000
Metrics/racket_target/station_relocation_active: 0.0000
Metrics/racket_target/station_relocation_target_offset_y: 0.0000
Metrics/racket_target/station_relocation_error: 0.0000
Metrics/racket_target/station_relocation_arrival_event: 0.0000
Metrics/racket_target/station_relocation_settle_event: 0.0000
Metrics/racket_target/station_relocation_release_event: 0.0000
Metrics/racket_target/station_relocation_timeout_event: 0.0000
Metrics/racket_target/station_relocation_elapsed_steps: 0.0000
Metrics/racket_target/station_relocation_hold_deadline_steps: 0.0000
Metrics/racket_target/lifecycle_recovery_hold_active: 0.0000
Metrics/racket_target/lifecycle_recovery_release_success_event: 0.0000
Metrics/racket_target/lifecycle_recovery_release_fail_event: 0.0000
Metrics/racket_target/station_relocation_level: 0.0000
Metrics/racket_target/station_relocation_arrival_ema: 0.0000
Metrics/racket_target/station_relocation_settle_ema: 0.0000
Metrics/racket_target/station_relocation_contact_ema: 0.0000
Metrics/racket_target/station_relocation_safety_ema: 0.0000
Metrics/racket_target/station_relocation_resolved_events: 0.0000
Metrics/racket_target/station_relocation_terminal_reset_events: 0.0000
Metrics/racket_target/station_relocation_advance_streak: 0.0000
Metrics/racket_target/station_relocation_regress_streak: 0.0000
Metrics/racket_target/station_relocation_effective_max_lin_vel: 0.0000
Metrics/racket_target/station_relocation_effective_max_ang_vel: 0.0000
Metrics/racket_target/station_relocation_effective_min_settle_steps: 0.0000
Metrics/racket_target/ability_curriculum_level: 0.0000
Metrics/racket_target/ability_curriculum_scale: 1.0000
Metrics/racket_target/ability_curriculum_resolved_events: 0.0000
Metrics/racket_target/ability_curriculum_total_resolved_events: 0.0000
Metrics/racket_target/ability_curriculum_advance_streak: 0.0000
Metrics/racket_target/ability_curriculum_regress_streak: 0.0000
Metrics/racket_target/ability_contact_ema: 0.0000
Metrics/racket_target/ability_net_ema: 0.0000
Metrics/racket_target/ability_success_ema: 0.0000
Metrics/racket_target/ability_recovery_ema: 0.0000
Metrics/racket_target/ability_cycle_ema: 0.0000
Metrics/racket_target/ability_cycle_attempt_ema: 0.0000
Metrics/racket_target/ability_cycle_resolved_ema: 0.0000
Metrics/racket_target/ability_forehand_contact_ema: 0.0000
Metrics/racket_target/ability_forehand_net_ema: 0.0000
Metrics/racket_target/ability_forehand_success_ema: 0.0000
Metrics/racket_target/ability_backhand_contact_ema: 0.0000
Metrics/racket_target/ability_backhand_net_ema: 0.0000
Metrics/racket_target/ability_backhand_success_ema: 0.0000
Metrics/racket_target/ability_attempt_ema: 0.0000
Metrics/racket_target/ability_targeted_attempt_ema: 0.0000
Metrics/racket_target/impact_health_floor_progress: 0.0000
Metrics/racket_target/ability_safety_ema: 1.0000
Metrics/racket_target/ability_station_saturation_ema: 0.0000
Metrics/racket_target/ability_healthy_normal_ema: 0.0000
Metrics/racket_target/ability_station_arrival_ema: 0.0000
Metrics/racket_target/ability_station_settle_ema: 0.0000
Metrics/racket_target/planner_hit_plane_blend: 1.0000
Metrics/racket_target/planner_hit_plane_x_delta: 0.0334
Metrics/racket_target/true_strike_table_x: 0.1980
Metrics/racket_target/planner_target_table_x: 0.1980
Metrics/racket_target/workspace_level: 0.0000
Metrics/racket_target/workspace_fringe_sample: 0.0000
Metrics/racket_target/workspace_target_lateral_norm: 0.2906
Metrics/racket_target/workspace_target_table_y: -0.1766
Metrics/racket_target/workspace_playable_y_min: -0.7225
Metrics/racket_target/workspace_playable_y_max: 0.7225
Metrics/racket_target/workspace_active_y_lo: -0.2268
Metrics/racket_target/workspace_active_y_hi: -0.1068
Metrics/racket_target/workspace_motion_seed_blend: 0.0000
Metrics/racket_target/planner_perturb_curriculum_scale: 0.0000
Metrics/racket_target/incoming_ball_horizontal_speed: 1.0774
Metrics/racket_target/incoming_ball_speed: 1.6815
Metrics/racket_target/incoming_ball_speed_curriculum_level: 0.0000
Metrics/racket_target/incoming_ball_speed_sample_low: 0.9000
Metrics/racket_target/incoming_ball_speed_sample_high: 1.2500
Metrics/racket_target/station_saturated: 1.0000
Metrics/racket_target/station_raw_clip_excess: 0.0576
Metrics/racket_target/station_saturated_x: 1.0000
Metrics/racket_target/station_saturated_y: 0.9648
Metrics/racket_target/station_raw_clip_excess_x: 0.0068
Metrics/racket_target/station_raw_clip_excess_y: 0.0567
Metrics/racket_target/current_swing_opportunity: 0.0586
Metrics/racket_target/current_swing_attempt: 0.0586
Metrics/racket_target/current_swing_targeted_attempt: 0.0508
Metrics/racket_target/prev_swing_targeted_attempt: 0.4661
Metrics/racket_target/current_swing_unsafe: 0.9492
Metrics/racket_target/current_swing_station_saturated: 1.0000
Metrics/racket_target/impact_health_score: 0.0154
Metrics/racket_target/impact_health_ok: 0.0000
Metrics/racket_target/impact_health_backlean_violation: 0.2324
Metrics/racket_target/impact_health_waist_backfold: 0.0000
Metrics/racket_target/impact_health_base_retreat: 0.5461
Metrics/racket_target/impact_health_torso_gravity_x: -0.1962
Metrics/racket_target/impact_health_torso_ang_vel: 2.5642
Metrics/racket_target/impact_health_com_x: 0.4958
Metrics/racket_target/impact_health_com_y: 0.1700
Metrics/racket_target/post_contact_ready_pending: 0.0195
Metrics/racket_target/post_contact_ready_elapsed_steps: 0.5117
Metrics/racket_target/post_contact_ready_consecutive_steps: 0.0000
Metrics/racket_target/post_contact_ready_diagnostic_pending: 0.0508
Metrics/racket_target/post_contact_ready_diagnostic_elapsed_steps: 2.7852
Metrics/racket_target/post_contact_ready_durable_pending: 0.0195
Metrics/racket_target/post_contact_ready_durable_consecutive_steps: 0.0000
Metrics/racket_target/post_contact_ready_durable_ready_now: 0.0000
Metrics/racket_target/post_contact_ready_durable_success_event: 0.0000
Metrics/racket_target/post_contact_ready_durable_fail_event: 0.0000
Metrics/racket_target/post_contact_ready_durable_resolution_success_rate: 0.6550
Metrics/racket_target/post_contact_ready_durable_resolution_fail_rate: 0.3027
Metrics/racket_target/post_contact_ready_durable_resolution_success_latency_steps: 52.0000
Metrics/racket_target/post_contact_ready_durable_resolution_fail_latency_steps: 42.8520
Metrics/racket_target/post_contact_ready_durable_fail_backlean_rate: 0.2445
Metrics/racket_target/post_contact_ready_durable_fail_forward_lean_rate: 0.5234
Metrics/racket_target/post_contact_ready_durable_fail_torso_ang_vel_rate: 0.5882
Metrics/racket_target/post_contact_ready_durable_fail_base_lin_vel_rate: 0.6339
Metrics/racket_target/post_contact_ready_durable_fail_base_ang_vel_rate: 0.6972
Metrics/racket_target/post_contact_ready_durable_fail_racket_speed_rate: 0.6433
Metrics/racket_target/post_contact_ready_durable_fail_height_rate: 0.2804
Metrics/racket_target/post_contact_ready_durable_fail_com_x_rate: 0.4518
Metrics/racket_target/post_contact_ready_durable_fail_com_y_rate: 0.2564
Metrics/racket_target/post_contact_ready_durable_fail_feet_rate: 0.2931
Metrics/racket_target/post_contact_ready_durable_fail_station_rate: 0.3573
Metrics/racket_target/post_contact_ready_durable_fail_arm_rate: 0.1906
Metrics/racket_target/post_contact_ready_terminal_window_active: 0.0000
Metrics/racket_target/post_contact_ready_terminal_quality: 0.0077
Metrics/racket_target/post_contact_ready_terminal_settlement_event: 0.0000
Metrics/racket_target/post_contact_ready_operational_ready_now: 0.0000
Metrics/racket_target/post_contact_ready_operational_consecutive_steps: 0.0000
Metrics/racket_target/post_contact_ready_safe_settlement_event: 0.0000
Metrics/racket_target/post_contact_ready_unsafe_settlement_event: 0.0000
Metrics/racket_target/post_contact_ready_incomplete_settlement_event: 0.0000
Metrics/racket_target/post_contact_ready_safe_net_cycle_event: 0.0000
Metrics/racket_target/post_contact_ready_terminal_quality_mean: 0.8158
Metrics/racket_target/post_contact_ready_safe_terminal_quality_mean: 0.9299
Metrics/racket_target/post_contact_ready_terminal_safe_rate: 0.7775
Metrics/racket_target/post_contact_ready_terminal_unsafe_rate: 0.2100
Metrics/racket_target/post_contact_ready_terminal_incomplete_rate: 0.0124
Metrics/racket_target/post_contact_ready_safe_net_cycle_rate: 0.0083
Metrics/racket_target/post_contact_ready_score: 0.0016
Metrics/racket_target/post_contact_ready_now: 0.0000
Metrics/racket_target/post_contact_ready_success_event: 0.0000
Metrics/racket_target/post_contact_ready_fail_event: 0.0000
Metrics/racket_target/post_contact_ready_outcome_tier: -1.0000
Metrics/racket_target/post_contact_ready_face_quality: 0.0078
Metrics/racket_target/post_contact_ready_safe_face_net_cycle_value: 0.0000
Metrics/racket_target/post_contact_ready_planner_speed_ratio: 0.0273
Metrics/racket_target/post_contact_ready_planner_direction_error_rad: 0.0535
Metrics/racket_target/post_contact_ready_planner_position_error: 0.0866
Metrics/racket_target/post_contact_ready_impact_health_score: 0.0341
Metrics/racket_target/post_contact_ready_peak_base_ang_vel: 0.1215
Metrics/racket_target/post_contact_ready_peak_ang_vel_excess_increment: 0.0000
Metrics/racket_target/post_contact_ready_envelope_violation_latch: 0.0508
Metrics/racket_target/post_contact_ready_envelope_violation_event: 0.0000
Metrics/racket_target/post_contact_ready_envelope_first_violation_step: 0.2852
Metrics/racket_target/post_contact_ready_envelope_attempts: 553.0859
Metrics/racket_target/post_contact_ready_envelope_violation_rate: 0.2920
Metrics/racket_target/post_contact_ready_envelope_tilt_violation_rate: 0.1351
Metrics/racket_target/post_contact_ready_envelope_pitch_violation_rate: 0.2054
Metrics/racket_target/post_contact_ready_envelope_com_violation_rate: 0.1481
Metrics/racket_target/post_contact_ready_envelope_waist_violation_rate: 0.0000
Metrics/racket_target/post_contact_ready_envelope_leg_violation_rate: 0.0000
Metrics/racket_target/post_contact_ready_envelope_base_ang_vel_violation_rate: 0.2036
Metrics/racket_target/post_contact_ready_resolution_success_rate: 0.9089
Metrics/racket_target/post_contact_ready_resolution_fail_rate: 0.0673
Metrics/racket_target/post_contact_ready_resolution_success_latency_steps: 6.9769
Metrics/racket_target/post_contact_ready_resolution_fail_latency_steps: 27.1534
Metrics/racket_target/post_contact_ready_max_tilt: 0.0359
Metrics/racket_target/post_contact_ready_max_abs_pitch: 0.0239
Metrics/racket_target/post_contact_ready_max_com_x: 0.0218
Metrics/racket_target/post_contact_ready_max_com_y: 0.0171
Metrics/racket_target/post_contact_ready_max_waist_overflow: 0.0019
Metrics/racket_target/post_contact_ready_max_leg_overflow: 0.0048
Metrics/racket_target/post_contact_ready_settlement_velocity_score_ema: 0.3519
Metrics/racket_target/post_contact_ready_settlement_position_gate_ema: 0.3608
Metrics/racket_target/post_contact_ready_settlement_health_gate_ema: 0.9617
Metrics/racket_target/post_contact_ready_settlement_recovery_gate_ema: 0.6142
Metrics/racket_target/post_contact_ready_settlement_total_score_ema: 0.0707
Metrics/racket_target/post_contact_recovery_backlean_error: 0.2329
Metrics/racket_target/post_contact_recovery_directional_progress: -0.0195
Metrics/racket_target/post_contact_ready_torso_ok: 0.0000
Metrics/racket_target/post_contact_ready_motion_ok: 0.0000
Metrics/racket_target/post_contact_ready_support_ok: 0.0000
Metrics/racket_target/post_contact_ready_arm_ok: 1.0000
Metrics/racket_target/post_contact_ready_base_lin_vel_ok: 0.0000
Metrics/racket_target/post_contact_ready_base_ang_vel_ok: 0.0117
Metrics/racket_target/post_contact_ready_racket_speed_ok: 0.3438
Metrics/racket_target/post_contact_ready_height_ok: 0.0391
Metrics/racket_target/post_contact_ready_com_x_ok: 0.0000
Metrics/racket_target/post_contact_ready_com_y_ok: 0.4674
Metrics/racket_target/post_contact_ready_feet_ok: 0.6979
Metrics/racket_target/post_contact_ready_station_ok: 0.0000
Metrics/racket_target/post_contact_ready_fail_torso: 0.0000
Metrics/racket_target/post_contact_ready_fail_base_lin_vel: 0.0000
Metrics/racket_target/post_contact_ready_fail_base_ang_vel: 0.0000
Metrics/racket_target/post_contact_ready_fail_racket_speed: 0.0000
Metrics/racket_target/post_contact_ready_fail_support: 0.0000
Metrics/racket_target/post_contact_ready_fail_arm: 0.0000
Metrics/racket_target/post_contact_ready_shadow_now: 0.0000
Metrics/racket_target/post_contact_ready_shadow_consecutive_steps: 0.0000
Metrics/racket_target/post_contact_ready_shadow_success_latch: 0.0000
Metrics/racket_target/post_contact_ready_curriculum_level: 0.0000
Metrics/racket_target/post_contact_ready_curriculum_fraction: 0.0000
Metrics/racket_target/post_contact_ready_curriculum_success_ema: 0.8375
Metrics/racket_target/post_contact_ready_curriculum_shadow_success_ema: 0.2199
Metrics/racket_target/post_contact_ready_curriculum_resolved_events: 539.4062
Metrics/racket_target/post_contact_ready_curriculum_successful_events: 502.1875
Metrics/racket_target/post_contact_ready_curriculum_targeted_attempt_ema: 0.4775
Metrics/racket_target/post_contact_ready_curriculum_return_success_ema: 0.0006
Metrics/racket_target/post_contact_ready_curriculum_completed_swings: 828.3125
Metrics/racket_target/post_contact_ready_curriculum_advance_streak: 0.0000
Metrics/racket_target/post_contact_ready_curriculum_advance_guard_ok: 0.0000
Metrics/racket_target/post_contact_ready_effective_max_torso_ang_vel: 0.9000
Metrics/racket_target/post_contact_ready_effective_torso_x_min: -0.1000
Metrics/racket_target/post_contact_ready_effective_torso_x_max: 0.3800
Metrics/racket_target/post_contact_ready_effective_max_base_lin_vel: 0.2200
Metrics/racket_target/post_contact_ready_effective_max_base_ang_vel: 1.0000
Metrics/racket_target/post_contact_ready_effective_max_racket_speed: 1.2000
Metrics/racket_target/post_contact_ready_effective_min_feet_contact: 0.9000
Metrics/racket_target/post_contact_ready_effective_required_consecutive_steps: 3.0000
Metrics/racket_target/post_contact_ready_effective_deadline_steps: 90.0000
Metrics/racket_target/post_contact_ready_curriculum_advance_threshold: 0.2000
Metrics/racket_target/post_contact_ready_curriculum_advance_min_events: 512.0000
Metrics/racket_target/post_contact_ready_curriculum_shadow_threshold: 0.0800
Metrics/racket_target/post_contact_ready_curriculum_min_targeted_attempt_ema: 0.1200
Metrics/racket_target/post_contact_ready_curriculum_min_return_success_ema: 0.0050
Metrics/racket_target/post_contact_ready_curriculum_min_completed_swings: 512.0000
Metrics/racket_target/post_contact_ready_curriculum_required_advance_checks: 2.0000
Metrics/racket_target/racket_normal_error_deg: 67.4270
Metrics/racket_target/impact_normal_error_deg: 2.0692
Metrics/racket_target/impact_racket_vel_error_mps: 1.5872
Metrics/racket_target/impact_racket_speed_ratio: 0.9151
Metrics/racket_target/impact_racket_vel_angle_deg: 35.3899
Metrics/racket_target/impact_racket_actual_vel_x: 1.3159
Metrics/racket_target/impact_racket_actual_vel_y: -0.0324
Metrics/racket_target/impact_racket_actual_vel_z: 0.5709
Metrics/racket_target/impact_racket_target_vel_x: 0.9465
Metrics/racket_target/impact_racket_target_vel_y: -0.0263
Metrics/racket_target/impact_racket_target_vel_z: 1.2473
Metrics/racket_target/impact_ball_out_error_mps: 2.6065
Metrics/racket_target/impact_face_radial_error_m: 0.5185
Metrics/racket_target/impact_face_normal_gap_m: 0.5333
Metrics/racket_target/impact_face_quality: 0.0234
Metrics/racket_target/impact_center_contact: 0.0000
Metrics/racket_target/impact_center_net_cross: 0.0000
Metrics/racket_target/impact_center_on_opponent: 0.0000
Metrics/racket_target/impact_rim_contact: 0.0000
Metrics/racket_target/impact_rim_net_cross: 0.0000
Metrics/racket_target/impact_rim_on_opponent: 0.0000
Metrics/racket_target/impact_analytic_outer_contact: 0.0000
Metrics/racket_target/impact_analytic_outer_net_cross: 0.0000
Metrics/racket_target/impact_analytic_outer_on_opponent: 0.0000
Metrics/racket_target/impact_planner_pos_error_m: 0.7697
Metrics/racket_target/impact_planner_vel_error_mps: 1.5872
Metrics/racket_target/impact_planner_speed_ratio: 0.9151
Metrics/racket_target/impact_planner_vel_angle_deg: 35.3899
Metrics/racket_target/impact_healthy_normal_ok: 0.0000
Metrics/racket_target/impact_healthy_contact: 0.0000
Metrics/racket_target/impact_healthy_net_cross: 0.0000
Metrics/racket_target/impact_healthy_on_opponent: 0.0000
Metrics/racket_target/current_swing_impact_health_score: 0.0000
Metrics/racket_target/current_swing_healthy_contact: 0.0000
Metrics/racket_target/current_swing_healthy_net_cross: 0.0000
Metrics/racket_target/current_swing_healthy_on_opponent: 0.0000
Metrics/racket_target/current_swing_healthy_normal_ok: 0.0234
Metrics/racket_target/current_swing_contact: 0.0000
Metrics/racket_target/current_swing_net_cross: 0.0000
Metrics/racket_target/current_swing_on_opponent: 0.0000
Metrics/racket_target/current_swing_center_contact: 0.0000
Metrics/racket_target/current_swing_center_net_cross: 0.0000
Metrics/racket_target/current_swing_center_on_opponent: 0.0000
Metrics/racket_target/current_swing_rim_contact: 0.0000
Metrics/racket_target/current_swing_rim_net_cross: 0.0000
Metrics/racket_target/current_swing_rim_on_opponent: 0.0000
Metrics/racket_target/current_swing_analytic_outer_contact: 0.0000
Metrics/racket_target/current_swing_analytic_outer_net_cross: 0.0000
Metrics/racket_target/current_swing_analytic_outer_on_opponent: 0.0000
Metrics/racket_target/cycle_v2_outcome_tier: -1.0000
Metrics/racket_target/cycle_v2_streak: 0.0000
Metrics/racket_target/closed_loop_recovery_trigger_event: 0.0000
Metrics/racket_target/closed_loop_cycle_success_event: 0.0000
Metrics/racket_target/closed_loop_durable_cycle_success_event: 0.0000
Metrics/racket_target/closed_loop_phase_id: 0.8112
Metrics/racket_target/closed_loop_phase_ready_no_command: 0.2826
Metrics/racket_target/closed_loop_phase_command_acquire: 0.6823
Metrics/racket_target/closed_loop_phase_pre_strike: 0.0156
Metrics/racket_target/closed_loop_phase_strike: 0.0000
Metrics/racket_target/closed_loop_phase_follow_through: 0.0000
Metrics/racket_target/closed_loop_phase_recovery: 0.0195
Metrics/racket_target/closed_loop_phase_next_ready: 0.0000
Metrics/racket_target/post_contact_phase_impact_0_100ms_attempts: 553.0859
Metrics/racket_target/post_contact_phase_impact_0_100ms_tilt_gt_0p1_rate: 0.9945
Metrics/racket_target/post_contact_phase_impact_0_100ms_pitch_gt_0p1_rate: 0.9608
Metrics/racket_target/post_contact_phase_impact_0_100ms_waist_overflow_gt_1p0_rate: 0.0000
Metrics/racket_target/post_contact_phase_impact_0_100ms_base_ang_vel_gt_0p8_rate: 0.9295
Metrics/racket_target/post_contact_phase_brake_100_300ms_attempts: 542.9062
Metrics/racket_target/post_contact_phase_brake_100_300ms_tilt_gt_0p1_rate: 0.9196
Metrics/racket_target/post_contact_phase_brake_100_300ms_pitch_gt_0p1_rate: 0.8009
Metrics/racket_target/post_contact_phase_brake_100_300ms_waist_overflow_gt_1p0_rate: 0.0000
Metrics/racket_target/post_contact_phase_brake_100_300ms_base_ang_vel_gt_0p8_rate: 0.8751
Metrics/racket_target/post_contact_phase_settle_300_600ms_attempts: 522.7422
Metrics/racket_target/post_contact_phase_settle_300_600ms_tilt_gt_0p1_rate: 0.6087
Metrics/racket_target/post_contact_phase_settle_300_600ms_pitch_gt_0p1_rate: 0.5475
Metrics/racket_target/post_contact_phase_settle_300_600ms_waist_overflow_gt_1p0_rate: 0.0000
Metrics/racket_target/post_contact_phase_settle_300_600ms_base_ang_vel_gt_0p8_rate: 0.7420
Metrics/racket_target/post_contact_phase_ready_after_600ms_attempts: 501.6797
Metrics/racket_target/post_contact_phase_ready_after_600ms_tilt_gt_0p1_rate: 0.4837
Metrics/racket_target/post_contact_phase_ready_after_600ms_pitch_gt_0p1_rate: 0.4093
Metrics/racket_target/post_contact_phase_ready_after_600ms_waist_overflow_gt_1p0_rate: 0.0000
Metrics/racket_target/post_contact_phase_ready_after_600ms_base_ang_vel_gt_0p8_rate: 0.9836
Metrics/racket_target/base_pitch_like_signed: -0.5506
Metrics/racket_target/base_backward_velocity: 1.0571
Metrics/racket_target/waist_action_rms: 0.5782
Metrics/racket_target/right_arm_action_rms: 3.2457
Metrics/racket_target/leg_action_rms: 0.6202
Metrics/racket_target/action_abs_max: 5.6192
Metrics/racket_target/applied_action_abs_max: 5.6192
Metrics/racket_target/leg_action_abs_max: 1.2477
Metrics/racket_target/effective_action_abs_max: 5.5928
Metrics/racket_target/action_clamp_fraction: 0.0108
Metrics/racket_target/waist_action_clamp_fraction: 0.0013
Metrics/racket_target/right_arm_action_clamp_fraction: 0.0028
Metrics/racket_target/leg_action_clamp_fraction: 0.0260
Metrics/racket_target/waist_q_tracking_error_rms: 0.3659
Metrics/racket_target/right_arm_q_tracking_error_rms: 0.1092
Metrics/racket_target/leg_q_tracking_error_rms: 0.2127
Metrics/racket_target/waist_torque_clip_fraction: 0.0000
Metrics/racket_target/right_arm_torque_clip_fraction: 0.0000
Metrics/racket_target/leg_torque_clip_fraction: 0.0000
Metrics/racket_target/waist_action_delta_rms: 0.1449
Metrics/racket_target/right_arm_action_delta_rms: 0.4170
Metrics/racket_target/leg_action_delta_rms: 0.2311
Metrics/racket_target/waist_joint_vel_rms: 0.8358
Metrics/racket_target/right_arm_joint_vel_rms: 1.0414
Metrics/racket_target/leg_joint_vel_rms: 1.0214
Metrics/racket_target/recovery_leg_action_abs_max: 0.9298
Metrics/racket_target/recovery_leg_action_delta_rms: 0.1686
Metrics/racket_target/recovery_leg_joint_vel_rms: 0.8320
Metrics/racket_target/physical_contact_health_score: 0.0000
Metrics/racket_target/physical_contact_face_quality: 0.0000
Metrics/racket_target/physical_contact_outcome_quality: 0.0000
Metrics/racket_target/physical_contact_quality_command_scale: 1.0000
Metrics/racket_target/physical_contact_planner_alignment: 0.0000
Metrics/racket_target/physical_contact_planner_alignment_raw: 0.0000
Metrics/racket_target/physical_recovery_pending: 0.0000
Metrics/racket_target/physical_recovery_tier: 0.0000
Metrics/racket_target/physical_recovery_success_event: 0.0000
Metrics/racket_target/physical_recovery_failure_event: 0.0000
Metrics/racket_target/physical_recovery_nonterminal_failure_event: 0.0000
Metrics/racket_target/physical_recovery_terminal_failure_event: 0.0000
Metrics/racket_target/physical_center_contact_event: 0.0000
Metrics/racket_target/physical_aligned_contact_event: 0.0000
Metrics/racket_target/physical_ability_level: 0.0000
Metrics/racket_target/physical_ability_batch_events: 169.0781
Metrics/racket_target/physical_ability_raw_contact_ema: 0.4191
Metrics/racket_target/physical_ability_contact_ema: 0.0916
Metrics/racket_target/physical_ability_aligned_contact_ema: 0.0526
Metrics/racket_target/physical_ability_net_ema: 0.0000
Metrics/racket_target/physical_ability_bounce_ema: 0.0000
Metrics/racket_target/physical_ability_recovery_ema: 0.6759
Metrics/racket_target/physical_ability_safety_ema: 0.8752
Metrics/racket_target/physical_ability_recovery_threshold: 0.3000
Metrics/racket_target/physical_ability_contact_threshold: 0.2800
Metrics/racket_target/physical_ability_aligned_contact_threshold: 0.0000
Metrics/racket_target/physical_ability_net_threshold: 0.0000
Metrics/racket_target/physical_ability_bounce_threshold: 0.0000
     Metrics/physical_shadow/phase: 0.2656
Metrics/physical_shadow/route_valid: 1.0000
Metrics/physical_shadow/route_curriculum_level: 1.0000
Metrics/physical_shadow/serve_event: 0.0156
Metrics/physical_shadow/incoming_bounce_event: 0.0000
Metrics/physical_shadow/contact_event: 0.0000
Metrics/physical_shadow/net_cross_event: 0.0000
Metrics/physical_shadow/outgoing_landing_event: 0.0000
Metrics/physical_shadow/opponent_bounce_event: 0.0000
Metrics/physical_shadow/landing_short_event: 0.0000
Metrics/physical_shadow/landing_long_event: 0.0000
Metrics/physical_shadow/landing_side_event: 0.0000
Metrics/physical_shadow/landing_no_net_event: 0.0000
Metrics/physical_shadow/abort_event: 0.0000
Metrics/physical_shadow/timeout_event: 0.0000
Metrics/physical_shadow/route_unalignable_event: 0.0000
Metrics/physical_shadow/route_invalid_event: 0.0000
Metrics/physical_shadow/incoming_net_collision_event: 0.0000
Metrics/physical_shadow/reset_abort_event: 0.0000
Metrics/physical_shadow/command_refresh_event: 0.0000
Metrics/physical_shadow/incoming_bounce_latch: 0.0586
Metrics/physical_shadow/contact_latch: 0.0078
Metrics/physical_shadow/net_cross_latch: 0.0000
Metrics/physical_shadow/opponent_bounce_latch: 0.0000
Metrics/physical_shadow/launch_timing_error_s: 0.0001
Metrics/physical_shadow/contact_true_target_error: 0.0002
Metrics/physical_shadow/contact_planner_position_error: 0.0005
Metrics/physical_shadow/contact_planner_velocity_error: 0.0135
Metrics/physical_shadow/contact_planner_velocity_direction_error_deg: 0.5513
Metrics/physical_shadow/contact_planner_normal_error_deg: 0.2605
Metrics/physical_shadow/contact_outgoing_velocity_error: 0.0310
Metrics/physical_shadow/contact_outgoing_speed: 0.0102
Metrics/physical_shadow/contact_target_outgoing_speed: 0.0312
Metrics/physical_shadow/contact_outgoing_speed_ratio: 0.0026
Metrics/physical_shadow/contact_outgoing_direction_error_deg: 0.6197
Metrics/physical_shadow/contact_outgoing_velocity_x: -0.0027
Metrics/physical_shadow/contact_outgoing_velocity_y: 0.0054
Metrics/physical_shadow/contact_outgoing_velocity_z: 0.0083
Metrics/physical_shadow/contact_target_outgoing_velocity_x: 0.0281
Metrics/physical_shadow/contact_target_outgoing_velocity_y: 0.0077
Metrics/physical_shadow/contact_target_outgoing_velocity_z: 0.0112
Metrics/physical_shadow/contact_incoming_velocity_error: 0.0007
Metrics/physical_shadow/contact_incoming_velocity_direction_error_deg: 0.0226
Metrics/physical_shadow/contact_route_incoming_velocity_error: 0.0021
Metrics/physical_shadow/contact_route_incoming_velocity_direction_error_deg: 0.0793
Metrics/physical_shadow/contact_actual_route_incoming_velocity_error: 0.0027
Metrics/physical_shadow/contact_command_normal_only_error: 0.0001
Metrics/physical_shadow/contact_command_training_model_error: 0.0002
Metrics/physical_shadow/contact_command_physics_model_error: 0.0007
Metrics/physical_shadow/contact_actual_training_model_residual: 0.0027
Metrics/physical_shadow/contact_actual_physics_model_residual: 0.0057
Metrics/physical_shadow/contact_actual_normal_only_model_residual: 0.0016
Metrics/physical_shadow/contact_actual_training_predicted_target_error: 0.0287
Metrics/physical_shadow/contact_actual_physics_predicted_target_error: 0.0266
Metrics/physical_shadow/contact_actual_normal_only_predicted_target_error: 0.0296
Metrics/physical_shadow/contact_force_direction_valid: 0.0000
Metrics/physical_shadow/contact_force_vs_racket_normal_angle_deg: 0.0000
Metrics/physical_shadow/contact_actual_force_direction_model_residual: 0.0057
Metrics/physical_shadow/contact_actual_force_direction_predicted_target_error: 0.0266
Metrics/physical_shadow/contact_physx_data_valid: 0.0078
Metrics/physical_shadow/contact_physx_force: 0.0202
Metrics/physical_shadow/contact_physx_separation: -0.0000
Metrics/physical_shadow/contact_physx_normal_error_deg: 0.0118
Metrics/physical_shadow/contact_physx_point_radial_error: 0.0005
Metrics/physical_shadow/contact_actual_physx_normal_model_residual: 0.0054
Metrics/physical_shadow/contact_actual_physx_normal_predicted_target_error: 0.0269
Metrics/physical_shadow/contact_physx_substep_valid: 0.0078
Metrics/physical_shadow/contact_physx_substep_normal_error_deg: 0.0092
Metrics/physical_shadow/contact_physx_substep_point_radial_error: 0.0005
Metrics/physical_shadow/contact_physx_substep_point_normal_offset: -0.0000
Metrics/physical_shadow/contact_physx_patch_substeps: 0.0078
Metrics/physical_shadow/contact_physx_normal_impulse: 0.0001
Metrics/physical_shadow/contact_physx_capture_lag_s: 0.0001
Metrics/physical_shadow/contact_physx_contact_point_speed_delta: 0.0001
Metrics/physical_shadow/contact_physx_substep_link_model_residual: 0.0060
Metrics/physical_shadow/contact_physx_substep_point_model_residual: 0.0060
Metrics/physical_shadow/contact_physx_substep_outgoing_target_error: 0.0309
Metrics/physical_shadow/contact_physx_measured_restitution: 0.0051
Metrics/physical_shadow/contact_physx_pre_ball_speed: 0.0123
Metrics/physical_shadow/contact_physx_post_ball_speed: 0.0109
Metrics/physical_shadow/contact_physx_point_x: 0.0755
Metrics/physical_shadow/contact_physx_point_y: -0.1674
Metrics/physical_shadow/contact_physx_point_z: 0.0095
Metrics/physical_shadow/contact_physx_normal_x: 0.0039
Metrics/physical_shadow/contact_physx_normal_y: 0.0030
Metrics/physical_shadow/contact_physx_normal_z: 0.0061
Metrics/physical_shadow/contact_physx_pre_ball_velocity_x: -0.0104
Metrics/physical_shadow/contact_physx_pre_ball_velocity_y: -0.0014
Metrics/physical_shadow/contact_physx_pre_ball_velocity_z: -0.0066
Metrics/physical_shadow/contact_physx_post_ball_velocity_x: -0.0027
Metrics/physical_shadow/contact_physx_post_ball_velocity_y: 0.0054
Metrics/physical_shadow/contact_physx_post_ball_velocity_z: 0.0090
Metrics/physical_shadow/contact_physx_pre_racket_point_velocity_x: 0.0019
Metrics/physical_shadow/contact_physx_pre_racket_point_velocity_y: 0.0031
Metrics/physical_shadow/contact_physx_pre_racket_point_velocity_z: -0.0020
Metrics/physical_shadow/contact_physx_post_racket_point_velocity_x: 0.0018
Metrics/physical_shadow/contact_physx_post_racket_point_velocity_y: 0.0031
Metrics/physical_shadow/contact_physx_post_racket_point_velocity_z: -0.0022
Metrics/physical_shadow/contact_physx_pre_ball_angular_velocity_x: 0.5994
Metrics/physical_shadow/contact_physx_pre_ball_angular_velocity_y: -33.3975
Metrics/physical_shadow/contact_physx_pre_ball_angular_velocity_z: -0.0000
Metrics/physical_shadow/contact_physx_post_ball_angular_velocity_x: -3.5673
Metrics/physical_shadow/contact_physx_post_ball_angular_velocity_y: -24.9645
Metrics/physical_shadow/contact_physx_post_ball_angular_velocity_z: 1.0957
Metrics/physical_shadow/contact_physx_pre_ball_surface_tangent_speed: 0.4206
Metrics/physical_shadow/contact_physx_post_ball_spin_speed: 26.3373
Metrics/physical_shadow/contact_impact_normal_error_deg: 0.2605
Metrics/physical_shadow/contact_wire_impact_normal_gap_deg: 0.0000
Metrics/physical_shadow/contact_face_radial_error: 0.0006
Metrics/physical_shadow/contact_time_to_strike: -0.0002
Metrics/physical_shadow/landing_target_error: 0.0154
Metrics/physical_shadow/landing_target_x_error: -0.0153
Metrics/physical_shadow/landing_target_y_error: -0.0015
Metrics/physical_shadow/landing_position_x: 0.0744
Metrics/physical_shadow/landing_position_y: -0.1650
Metrics/physical_shadow/command_refresh_valid: 0.0586
Metrics/physical_shadow/command_refresh_count: 2.3398
Metrics/physical_shadow/command_refresh_tts_s: 0.0300
Metrics/physical_shadow/command_refresh_position_delta: 0.0058
Metrics/physical_shadow/command_refresh_incoming_velocity_delta: 0.0050
Metrics/physical_shadow/command_refresh_timing_delta_s: 0.0003
Metrics/physical_shadow/command_refresh_racket_velocity_delta: 0.0013
Metrics/physical_shadow/command_refresh_normal_delta_deg: 0.0160
Metrics/physical_shadow/minimum_ball_racket_distance: 0.0908
      Episode_Termination/time_out: 0.0000
  Episode_Termination/base_too_low: 0.0000
   Episode_Termination/base_tilted: 1.0859
   Episode_Termination/table_touch: 0.0703
Episode_Termination/persistent_action_overflow: 0.0000
--------------------------------------------------------------------------------
                   Total timesteps: 163840
                    Iteration time: 23.77s
                      Time elapsed: 00:01:36
                               ETA: 00:14:45

################################################################################
                      [1m Learning iteration 205/250 [0m                      

                       Computation: 1517 steps/s (collection: 21.564s, learning 0.032s)
             Mean action noise std: 0.08
          Mean value_function loss: 1.1160
               Mean surrogate loss: 0.0019
                 Mean entropy loss: -34.3100
      Mean critic_only_warmup loss: 0.0000
                       Mean reward: 6.53
               Mean episode length: 611.23
 Episode_Reward/undesired_contacts: -0.0002
  Episode_Reward/feet_contact_slip: -0.0015
     Episode_Reward/table_no_touch: -0.0025
              Episode_Reward/alive: 0.0040
          Episode_Reward/imitation: 0.0648
Episode_Reward/planner_racket_task_space_crossfade: 0.0570
Episode_Reward/healthy_trunk_support: 0.0311
Episode_Reward/phase_action_overflow: -0.0003
Episode_Reward/prestrike_station_progress: -0.0016
 Episode_Reward/lower_body_support: 0.0183
Episode_Reward/termination_penalty: -0.3488
Episode_Reward/phase_action_rate_waist: -0.0001
Episode_Reward/phase_action_rate_upper: -0.0001
Episode_Reward/phase_action_rate_legs: -0.0001
        Episode_Reward/joint_limit: -0.0168
Episode_Reward/prestrike_racket_progress: 0.0548
Episode_Reward/operational_joint_margin: -0.0137
  Episode_Reward/joint_target_slew: -0.0303
Episode_Reward/actuator_waist_feasibility: -0.0000
Episode_Reward/actuator_right_arm_feasibility: -0.0000
Episode_Reward/actuator_leg_feasibility: -0.0000
Episode_Reward/physical_outcome_events: 0.0077
Episode_Reward/physical_contact_planner_alignment: 0.0242
Episode_Reward/physical_recovery_settlement: 0.0203
Episode_Reward/physical_capability_curriculum: 0.0000
Episode_Reward/durable_recovery_progress: -0.0005
Episode_Reward/durable_recovery_success: 0.0233
Episode_Reward/durable_recovery_failure: -0.0429
Episode_Reward/no_command_instability: -0.0085
Episode_Reward/safe_strike_inactivity: -0.0153
    Metrics/motion/error_joint_pos: 2.2154
    Metrics/motion/error_joint_vel: 7.3950
     Metrics/motion/error_body_pos: 0.2872
     Metrics/motion/error_body_rot: 0.9631
       Metrics/motion/motion_phase: 0.2414
            Metrics/motion/in_hold: 0.6073
Metrics/motion/motion_start_warmup_prob: 0.7500
Metrics/motion/motion_start_lifecycle_progress: 0.0000
Metrics/motion/motion_start_effective_prestrike_fraction: 1.0000
Metrics/motion/motion_start_effective_recovery_fraction: 0.0000
Metrics/motion/motion_start_effective_rsi_fraction: 0.0000
 Metrics/motion/motion_start_reset: 0.1172
Metrics/motion/motion_start_prestrike_reset: 0.0000
Metrics/motion/motion_start_recovery_reset: 0.0000
Metrics/motion/motion_start_rsi_reset: 0.0000
 Metrics/motion/single_cycle_reset: 0.0000
     Metrics/motion/motion_clip_id: 0.3874
Metrics/motion/motion_supplemental_clip: 0.0000
      Metrics/motion/stand_episode: 0.0799
Metrics/motion/default_stand_reset: 0.2518
Metrics/motion/error_body_pos_lower: 0.3142
Metrics/motion/error_body_rot_lower: 0.9857
Metrics/motion/error_body_lin_vel_lower: 0.7462
Metrics/motion/error_body_ang_vel_lower: 2.8255
Metrics/motion/reference_body_lin_speed_lower: 0.0099
Metrics/motion/robot_body_lin_speed_lower: 0.7490
Metrics/motion/error_body_pos_core: 0.1277
Metrics/motion/error_body_rot_core: 0.6899
Metrics/motion/error_body_lin_vel_core: 1.5744
Metrics/motion/error_body_ang_vel_core: 2.7255
Metrics/motion/reference_body_lin_speed_core: 0.0073
Metrics/motion/robot_body_lin_speed_core: 1.5726
Metrics/motion/error_body_pos_upper: 0.3133
Metrics/motion/error_body_rot_upper: 1.0315
Metrics/motion/error_body_lin_vel_upper: 2.0910
Metrics/motion/error_body_ang_vel_upper: 3.6824
Metrics/motion/reference_body_lin_speed_upper: 0.0182
Metrics/motion/robot_body_lin_speed_upper: 2.0873
Metrics/motion/error_joint_pos_waist: 0.5677
Metrics/motion/error_joint_vel_waist: 1.7802
Metrics/motion/reference_joint_speed_waist: 0.0114
Metrics/motion/error_joint_pos_arms: 1.8873
Metrics/motion/error_joint_vel_arms: 5.1688
Metrics/motion/reference_joint_speed_arms: 0.0419
Metrics/motion/error_joint_pos_legs: 0.9456
Metrics/motion/error_joint_vel_legs: 4.3962
Metrics/motion/reference_joint_speed_legs: 0.0027
Metrics/racket_target/racket_pos_error: 1.0959
Metrics/racket_target/racket_vel_error: 2.0129
Metrics/racket_target/time_to_strike: 0.5993
Metrics/racket_target/return_success: 0.0004
Metrics/racket_target/prev_return_success: 0.0004
Metrics/racket_target/prev_net_cross: 0.0004
Metrics/racket_target/current_net_cross: 0.0004
Metrics/racket_target/racket_pos_curriculum_scale: 1.0000
Metrics/racket_target/impact_inverse_command_blend: 1.0000
Metrics/racket_target/steps_since_target_resample: 68.2010
Metrics/racket_target/recovery_height_error: 0.2127
Metrics/racket_target/recovery_upright_error: 0.6572
Metrics/racket_target/recovery_base_lin_vel: 1.0722
Metrics/racket_target/recovery_base_ang_vel: 2.6120
Metrics/racket_target/recovery_station_error: 0.5817
Metrics/racket_target/recovery_feet_contact_frac: 0.7239
Metrics/racket_target/recovery_racket_speed: 2.8357
Metrics/racket_target/recovery_height_score: 0.1150
Metrics/racket_target/recovery_upright_score: 0.0336
Metrics/racket_target/recovery_lin_vel_score: 0.0913
Metrics/racket_target/recovery_ang_vel_score: 0.0248
Metrics/racket_target/recovery_station_score: 0.0423
Metrics/racket_target/recovery_racket_score: 0.0228
Metrics/racket_target/recovery_arm_score: 0.2743
Metrics/racket_target/recovery_ready_score: 0.1506
Metrics/racket_target/recovery_anchor_arm_score: 1.0000
Metrics/racket_target/recovery_core_ready_score: 0.0285
Metrics/racket_target/recovery_functional_ready_score: 0.0248
Metrics/racket_target/waist_action_overflow_rms: 0.0000
Metrics/racket_target/right_arm_action_overflow_rms: 0.0549
Metrics/racket_target/leg_action_overflow_rms: 0.0442
Metrics/racket_target/operational_margin_fraction: 0.0418
Metrics/racket_target/waist_operational_margin_fraction: 0.0001
Metrics/racket_target/right_arm_operational_margin_fraction: 0.0309
Metrics/racket_target/leg_operational_margin_fraction: 0.0899
Metrics/racket_target/waist_operational_excess_rms: 0.0000
Metrics/racket_target/right_arm_operational_excess_rms: 0.0062
Metrics/racket_target/leg_operational_excess_rms: 0.0303
Metrics/racket_target/q_des_velocity_violation_fraction: 0.0411
Metrics/racket_target/waist_q_des_velocity_violation_fraction: 0.0011
Metrics/racket_target/right_arm_q_des_velocity_violation_fraction: 0.0129
Metrics/racket_target/leg_q_des_velocity_violation_fraction: 0.0957
Metrics/racket_target/q_des_acceleration_violation_fraction: 0.5689
Metrics/racket_target/waist_q_des_acceleration_violation_fraction: 0.5890
Metrics/racket_target/right_arm_q_des_acceleration_violation_fraction: 0.5965
Metrics/racket_target/leg_q_des_acceleration_violation_fraction: 0.7132
Metrics/racket_target/waist_q_des_velocity_rms: 3.8016
Metrics/racket_target/right_arm_q_des_velocity_rms: 4.4409
Metrics/racket_target/leg_q_des_velocity_rms: 6.6237
Metrics/racket_target/waist_q_des_acceleration_rms: 322.6228
Metrics/racket_target/right_arm_q_des_acceleration_rms: 380.4064
Metrics/racket_target/leg_q_des_acceleration_rms: 582.8970
Metrics/racket_target/action_operational_feasibility_score: 0.6099
Metrics/racket_target/actuator_overflow_consecutive_steps: 0.0000
Metrics/racket_target/actuator_overflow_severe: 0.0000
Metrics/racket_target/recovery_phase_gate: 0.7918
Metrics/racket_target/recovery_phase_ready_score: 0.1269
Metrics/racket_target/recovery_contact_ready_score: 0.0240
Metrics/racket_target/recovery_net_ready_score: 0.0004
Metrics/racket_target/recovery_return_ready_score: 0.0004
Metrics/racket_target/cycle_success_ready_score: 0.0000
Metrics/racket_target/cycle_success_soft: 0.0000
Metrics/racket_target/cycle_success_binary: 0.0000
Metrics/racket_target/cycle_v2_pending: 0.0000
Metrics/racket_target/cycle_v2_attempt_latch: 0.0000
Metrics/racket_target/cycle_v2_ready_success_latch: 0.0000
Metrics/racket_target/cycle_v2_ready_fail_latch: 0.0000
Metrics/racket_target/cycle_v2_attempt_event: 0.0000
Metrics/racket_target/cycle_v2_ready_success_event: 0.0000
Metrics/racket_target/cycle_v2_ready_fail_event: 0.0000
Metrics/racket_target/cycle_v2_unresolved_resample_fail_event: 0.0000
Metrics/racket_target/cycle_v2_resolved_event: 0.0000
Metrics/racket_target/cycle_v2_command_visible_steps: 0.0000
Metrics/racket_target/cycle_v2_elapsed_steps: 0.0000
Metrics/racket_target/cycle_v2_ready_score: 0.0000
Metrics/racket_target/cycle_v2_ready_ok: 0.0000
Metrics/racket_target/cycle_v2_visible: 0.0000
Metrics/racket_target/cycle_v2_ready_score_ok: 0.0000
Metrics/racket_target/cycle_v2_height_ok: 0.0000
Metrics/racket_target/cycle_v2_upright_ok: 0.0000
Metrics/racket_target/cycle_v2_base_lin_vel_ok: 0.0000
Metrics/racket_target/cycle_v2_base_ang_vel_ok: 0.0000
Metrics/racket_target/cycle_v2_feet_ok: 0.0000
Metrics/racket_target/cycle_v2_core_ready_ok: 0.0000
Metrics/racket_target/cycle_v2_ready_consecutive_steps: 0.0000
Metrics/racket_target/single_cycle_bootstrap: 0.0000
Metrics/racket_target/single_cycle_swing_completed: 0.0000
Metrics/racket_target/single_cycle_recovery_active: 0.0000
Metrics/racket_target/single_cycle_recovery_elapsed_steps: 0.0000
Metrics/racket_target/single_cycle_ready_consecutive_steps: 0.0000
Metrics/racket_target/single_cycle_safe_timeout_event: 0.0000
Metrics/racket_target/single_cycle_deadline_timeout_event: 0.0000
Metrics/racket_target/single_cycle_timeout_latch: 0.0000
Metrics/racket_target/single_cycle_hard_failure_event: 0.0000
Metrics/racket_target/single_cycle_probability: 0.0000
Metrics/racket_target/single_cycle_curriculum_level: 0.0000
Metrics/racket_target/single_cycle_effective_deadline_steps: 100.0000
Metrics/racket_target/single_cycle_selected_events: 0.0000
Metrics/racket_target/single_cycle_completed_events: 0.0000
Metrics/racket_target/single_cycle_safe_timeout_events: 0.0000
Metrics/racket_target/single_cycle_deadline_timeout_events: 0.0000
Metrics/racket_target/single_cycle_hard_failure_events: 0.0000
Metrics/racket_target/active_ready_consecutive_steps: 0.0030
Metrics/racket_target/active_ready_success_event: 0.0000
Metrics/racket_target/active_ready_success_latch: 0.0485
Metrics/racket_target/active_ready_survival_steps: 0.0000
Metrics/racket_target/active_ready_survival_next_milestone: 0.0000
Metrics/racket_target/active_ready_survival_milestone_event: 0.0000
Metrics/racket_target/no_command_ready_active: 0.2206
Metrics/racket_target/no_command_from_stand_episode: 0.0799
Metrics/racket_target/no_command_from_default_stand_reset: 0.1346
Metrics/racket_target/no_command_ready_upright_ok: 0.0018
Metrics/racket_target/no_command_ready_motion_ok: 0.0008
Metrics/racket_target/no_command_ready_score: 0.0291
Metrics/racket_target/no_command_ready_progress: -0.0027
Metrics/racket_target/no_command_ready_station_error: 0.1226
Metrics/racket_target/no_command_ready_fixed_station_error: 0.1226
Metrics/racket_target/healthy_training_stage: 3.0000
Metrics/racket_target/healthy_stage_planted_rehearsal: 0.0000
Metrics/racket_target/healthy_stage_station_hold_seen: 0.0000
Metrics/racket_target/healthy_stage_station_arrived: 0.0000
Metrics/racket_target/healthy_stage_station_settled: 0.0000
Metrics/racket_target/healthy_stage_station_settle_steps: 0.0000
Metrics/racket_target/station_relocation_active: 0.0000
Metrics/racket_target/station_relocation_target_offset_y: 0.0000
Metrics/racket_target/station_relocation_error: 0.0000
Metrics/racket_target/station_relocation_arrival_event: 0.0000
Metrics/racket_target/station_relocation_settle_event: 0.0000
Metrics/racket_target/station_relocation_release_event: 0.0000
Metrics/racket_target/station_relocation_timeout_event: 0.0000
Metrics/racket_target/station_relocation_elapsed_steps: 0.0000
Metrics/racket_target/station_relocation_hold_deadline_steps: 0.0000
Metrics/racket_target/lifecycle_recovery_hold_active: 0.0000
Metrics/racket_target/lifecycle_recovery_release_success_event: 0.0000
Metrics/racket_target/lifecycle_recovery_release_fail_event: 0.0000
Metrics/racket_target/station_relocation_level: 0.0000
Metrics/racket_target/station_relocation_arrival_ema: 0.0000
Metrics/racket_target/station_relocation_settle_ema: 0.0000
Metrics/racket_target/station_relocation_contact_ema: 0.0000
Metrics/racket_target/station_relocation_safety_ema: 0.0000
Metrics/racket_target/station_relocation_resolved_events: 0.0000
Metrics/racket_target/station_relocation_terminal_reset_events: 0.0000
Metrics/racket_target/station_relocation_advance_streak: 0.0000
Metrics/racket_target/station_relocation_regress_streak: 0.0000
Metrics/racket_target/station_relocation_effective_max_lin_vel: 0.0000
Metrics/racket_target/station_relocation_effective_max_ang_vel: 0.0000
Metrics/racket_target/station_relocation_effective_min_settle_steps: 0.0000
Metrics/racket_target/ability_curriculum_level: 0.0000
Metrics/racket_target/ability_curriculum_scale: 1.0000
Metrics/racket_target/ability_curriculum_resolved_events: 0.0000
Metrics/racket_target/ability_curriculum_total_resolved_events: 0.0000
Metrics/racket_target/ability_curriculum_advance_streak: 0.0000
Metrics/racket_target/ability_curriculum_regress_streak: 0.0000
Metrics/racket_target/ability_contact_ema: 0.0000
Metrics/racket_target/ability_net_ema: 0.0000
Metrics/racket_target/ability_success_ema: 0.0000
Metrics/racket_target/ability_recovery_ema: 0.0000
Metrics/racket_target/ability_cycle_ema: 0.0000
Metrics/racket_target/ability_cycle_attempt_ema: 0.0000
Metrics/racket_target/ability_cycle_resolved_ema: 0.0000
Metrics/racket_target/ability_forehand_contact_ema: 0.0000
Metrics/racket_target/ability_forehand_net_ema: 0.0000
Metrics/racket_target/ability_forehand_success_ema: 0.0000
Metrics/racket_target/ability_backhand_contact_ema: 0.0000
Metrics/racket_target/ability_backhand_net_ema: 0.0000
Metrics/racket_target/ability_backhand_success_ema: 0.0000
Metrics/racket_target/ability_attempt_ema: 0.0000
Metrics/racket_target/ability_targeted_attempt_ema: 0.0000
Metrics/racket_target/impact_health_floor_progress: 0.0000
Metrics/racket_target/ability_safety_ema: 1.0000
Metrics/racket_target/ability_station_saturation_ema: 0.0000
Metrics/racket_target/ability_healthy_normal_ema: 0.0000
Metrics/racket_target/ability_station_arrival_ema: 0.0000
Metrics/racket_target/ability_station_settle_ema: 0.0000
Metrics/racket_target/planner_hit_plane_blend: 1.0000
Metrics/racket_target/planner_hit_plane_x_delta: 0.0359
Metrics/racket_target/true_strike_table_x: 0.2014
Metrics/racket_target/planner_target_table_x: 0.2014
Metrics/racket_target/workspace_level: 0.0000
Metrics/racket_target/workspace_fringe_sample: 0.0000
Metrics/racket_target/workspace_target_lateral_norm: 0.3265
Metrics/racket_target/workspace_target_table_y: -0.2035
Metrics/racket_target/workspace_playable_y_min: -0.7225
Metrics/racket_target/workspace_playable_y_max: 0.7225
Metrics/racket_target/workspace_active_y_lo: -0.2650
Metrics/racket_target/workspace_active_y_hi: -0.1450
Metrics/racket_target/workspace_motion_seed_blend: 0.0000
Metrics/racket_target/planner_perturb_curriculum_scale: 0.0000
Metrics/racket_target/incoming_ball_horizontal_speed: 1.0244
Metrics/racket_target/incoming_ball_speed: 2.0713
Metrics/racket_target/incoming_ball_speed_curriculum_level: 0.0000
Metrics/racket_target/incoming_ball_speed_sample_low: 0.9000
Metrics/racket_target/incoming_ball_speed_sample_high: 1.2500
Metrics/racket_target/station_saturated: 1.0000
Metrics/racket_target/station_raw_clip_excess: 0.0900
Metrics/racket_target/station_saturated_x: 0.9525
Metrics/racket_target/station_saturated_y: 0.9994
Metrics/racket_target/station_raw_clip_excess_x: 0.0100
Metrics/racket_target/station_raw_clip_excess_y: 0.0885
Metrics/racket_target/current_swing_opportunity: 0.2870
Metrics/racket_target/current_swing_attempt: 0.2862
Metrics/racket_target/current_swing_targeted_attempt: 0.1646
Metrics/racket_target/prev_swing_targeted_attempt: 0.3947
Metrics/racket_target/current_swing_unsafe: 0.7812
Metrics/racket_target/current_swing_station_saturated: 1.0000
Metrics/racket_target/impact_health_score: 0.0532
Metrics/racket_target/impact_health_ok: 0.0300
Metrics/racket_target/impact_health_backlean_violation: 0.2480
Metrics/racket_target/impact_health_waist_backfold: 0.0124
Metrics/racket_target/impact_health_base_retreat: 0.4043
Metrics/racket_target/impact_health_torso_gravity_x: -0.1116
Metrics/racket_target/impact_health_torso_ang_vel: 2.4828
Metrics/racket_target/impact_health_com_x: 0.4575
Metrics/racket_target/impact_health_com_y: 0.1931
Metrics/racket_target/post_contact_ready_pending: 0.1559
Metrics/racket_target/post_contact_ready_elapsed_steps: 9.3732
Metrics/racket_target/post_contact_ready_consecutive_steps: 0.0002
Metrics/racket_target/post_contact_ready_diagnostic_pending: 0.1646
Metrics/racket_target/post_contact_ready_diagnostic_elapsed_steps: 9.8458
Metrics/racket_target/post_contact_ready_durable_pending: 0.0581
Metrics/racket_target/post_contact_ready_durable_consecutive_steps: 0.0000
Metrics/racket_target/post_contact_ready_durable_ready_now: 0.0000
Metrics/racket_target/post_contact_ready_durable_success_event: 0.0000
Metrics/racket_target/post_contact_ready_durable_fail_event: 0.0002
Metrics/racket_target/post_contact_ready_durable_resolution_success_rate: 0.5390
Metrics/racket_target/post_contact_ready_durable_resolution_fail_rate: 0.3830
Metrics/racket_target/post_contact_ready_durable_resolution_success_latency_steps: 52.0000
Metrics/racket_target/post_contact_ready_durable_resolution_fail_latency_steps: 44.3933
Metrics/racket_target/post_contact_ready_durable_fail_backlean_rate: 0.1949
Metrics/racket_target/post_contact_ready_durable_fail_forward_lean_rate: 0.6617
Metrics/racket_target/post_contact_ready_durable_fail_torso_ang_vel_rate: 0.4567
Metrics/racket_target/post_contact_ready_durable_fail_base_lin_vel_rate: 0.4963
Metrics/racket_target/post_contact_ready_durable_fail_base_ang_vel_rate: 0.5848
Metrics/racket_target/post_contact_ready_durable_fail_racket_speed_rate: 0.5097
Metrics/racket_target/post_contact_ready_durable_fail_height_rate: 0.2260
Metrics/racket_target/post_contact_ready_durable_fail_com_x_rate: 0.3451
Metrics/racket_target/post_contact_ready_durable_fail_com_y_rate: 0.2054
Metrics/racket_target/post_contact_ready_durable_fail_feet_rate: 0.2369
Metrics/racket_target/post_contact_ready_durable_fail_station_rate: 0.2783
Metrics/racket_target/post_contact_ready_durable_fail_arm_rate: 0.1598
Metrics/racket_target/post_contact_ready_terminal_window_active: 0.0317
Metrics/racket_target/post_contact_ready_terminal_quality: 0.0199
Metrics/racket_target/post_contact_ready_terminal_settlement_event: 0.0002
Metrics/racket_target/post_contact_ready_operational_ready_now: 0.0004
Metrics/racket_target/post_contact_ready_operational_consecutive_steps: 0.0014
Metrics/racket_target/post_contact_ready_safe_settlement_event: 0.0002
Metrics/racket_target/post_contact_ready_unsafe_settlement_event: 0.0000
Metrics/racket_target/post_contact_ready_incomplete_settlement_event: 0.0000
Metrics/racket_target/post_contact_ready_safe_net_cycle_event: 0.0000
Metrics/racket_target/post_contact_ready_terminal_quality_mean: 0.8059
Metrics/racket_target/post_contact_ready_safe_terminal_quality_mean: 0.9121
Metrics/racket_target/post_contact_ready_terminal_safe_rate: 0.7789
Metrics/racket_target/post_contact_ready_terminal_unsafe_rate: 0.2077
Metrics/racket_target/post_contact_ready_terminal_incomplete_rate: 0.0134
Metrics/racket_target/post_contact_ready_safe_net_cycle_rate: 0.0091
Metrics/racket_target/post_contact_ready_score: 0.0215
Metrics/racket_target/post_contact_ready_now: 0.0002
Metrics/racket_target/post_contact_ready_success_event: 0.0000
Metrics/racket_target/post_contact_ready_fail_event: 0.0000
Metrics/racket_target/post_contact_ready_outcome_tier: -0.9256
Metrics/racket_target/post_contact_ready_face_quality: 0.0794
Metrics/racket_target/post_contact_ready_safe_face_net_cycle_value: 0.0000
Metrics/racket_target/post_contact_ready_planner_speed_ratio: 0.1180
Metrics/racket_target/post_contact_ready_planner_direction_error_rad: 0.0904
Metrics/racket_target/post_contact_ready_planner_position_error: 0.0231
Metrics/racket_target/post_contact_ready_impact_health_score: 0.1415
Metrics/racket_target/post_contact_ready_peak_base_ang_vel: 0.7961
Metrics/racket_target/post_contact_ready_peak_ang_vel_excess_increment: 0.0001
Metrics/racket_target/post_contact_ready_envelope_violation_latch: 0.1428
Metrics/racket_target/post_contact_ready_envelope_violation_event: 0.0000
Metrics/racket_target/post_contact_ready_envelope_first_violation_step: 2.7809
Metrics/racket_target/post_contact_ready_envelope_attempts: 700.6875
Metrics/racket_target/post_contact_ready_envelope_violation_rate: 0.2708
Metrics/racket_target/post_contact_ready_envelope_tilt_violation_rate: 0.1160
Metrics/racket_target/post_contact_ready_envelope_pitch_violation_rate: 0.1901
Metrics/racket_target/post_contact_ready_envelope_com_violation_rate: 0.1302
Metrics/racket_target/post_contact_ready_envelope_waist_violation_rate: 0.0000
Metrics/racket_target/post_contact_ready_envelope_leg_violation_rate: 0.0000
Metrics/racket_target/post_contact_ready_envelope_base_ang_vel_violation_rate: 0.1835
Metrics/racket_target/post_contact_ready_resolution_success_rate: 0.8341
Metrics/racket_target/post_contact_ready_resolution_fail_rate: 0.0973
Metrics/racket_target/post_contact_ready_resolution_success_latency_steps: 7.3539
Metrics/racket_target/post_contact_ready_resolution_fail_latency_steps: 35.5638
Metrics/racket_target/post_contact_ready_max_tilt: 0.0796
Metrics/racket_target/post_contact_ready_max_abs_pitch: 0.0742
Metrics/racket_target/post_contact_ready_max_com_x: 0.0622
Metrics/racket_target/post_contact_ready_max_com_y: 0.0207
Metrics/racket_target/post_contact_ready_max_waist_overflow: 0.0000
Metrics/racket_target/post_contact_ready_max_leg_overflow: 0.0334
Metrics/racket_target/post_contact_ready_settlement_velocity_score_ema: 0.4033
Metrics/racket_target/post_contact_ready_settlement_position_gate_ema: 0.4014
Metrics/racket_target/post_contact_ready_settlement_health_gate_ema: 0.9714
Metrics/racket_target/post_contact_ready_settlement_recovery_gate_ema: 0.6373
Metrics/racket_target/post_contact_ready_settlement_total_score_ema: 0.0937
Metrics/racket_target/post_contact_recovery_backlean_error: 0.3289
Metrics/racket_target/post_contact_recovery_directional_progress: -0.1215
Metrics/racket_target/post_contact_ready_torso_ok: 0.0090
Metrics/racket_target/post_contact_ready_motion_ok: 0.0183
Metrics/racket_target/post_contact_ready_support_ok: 0.0306
Metrics/racket_target/post_contact_ready_arm_ok: 1.0000
Metrics/racket_target/post_contact_ready_base_lin_vel_ok: 0.1252
Metrics/racket_target/post_contact_ready_base_ang_vel_ok: 0.0266
Metrics/racket_target/post_contact_ready_racket_speed_ok: 0.0844
Metrics/racket_target/post_contact_ready_height_ok: 0.1094
Metrics/racket_target/post_contact_ready_com_x_ok: 0.0332
Metrics/racket_target/post_contact_ready_com_y_ok: 0.2852
Metrics/racket_target/post_contact_ready_feet_ok: 0.4959
Metrics/racket_target/post_contact_ready_station_ok: 0.0389
Metrics/racket_target/post_contact_ready_fail_torso: 0.0000
Metrics/racket_target/post_contact_ready_fail_base_lin_vel: 0.0000
Metrics/racket_target/post_contact_ready_fail_base_ang_vel: 0.0000
Metrics/racket_target/post_contact_ready_fail_racket_speed: 0.0000
Metrics/racket_target/post_contact_ready_fail_support: 0.0000
Metrics/racket_target/post_contact_ready_fail_arm: 0.0000
Metrics/racket_target/post_contact_ready_shadow_now: 0.0000
Metrics/racket_target/post_contact_ready_shadow_consecutive_steps: 0.0000
Metrics/racket_target/post_contact_ready_shadow_success_latch: 0.0010
Metrics/racket_target/post_contact_ready_curriculum_level: 1.0000
Metrics/racket_target/post_contact_ready_curriculum_fraction: 0.3333
Metrics/racket_target/post_contact_ready_curriculum_success_ema: 0.5247
Metrics/racket_target/post_contact_ready_curriculum_shadow_success_ema: 0.0350
Metrics/racket_target/post_contact_ready_curriculum_resolved_events: 70.4922
Metrics/racket_target/post_contact_ready_curriculum_successful_events: 40.6172
Metrics/racket_target/post_contact_ready_curriculum_targeted_attempt_ema: 0.6360
Metrics/racket_target/post_contact_ready_curriculum_return_success_ema: 0.0073
Metrics/racket_target/post_contact_ready_curriculum_completed_swings: 121.1016
Metrics/racket_target/post_contact_ready_curriculum_advance_streak: 0.0000
Metrics/racket_target/post_contact_ready_curriculum_advance_guard_ok: 0.0000
Metrics/racket_target/post_contact_ready_effective_max_torso_ang_vel: 0.7800
Metrics/racket_target/post_contact_ready_effective_torso_x_min: -0.0750
Metrics/racket_target/post_contact_ready_effective_torso_x_max: 0.3000
Metrics/racket_target/post_contact_ready_effective_max_base_lin_vel: 0.2000
Metrics/racket_target/post_contact_ready_effective_max_base_ang_vel: 0.8200
Metrics/racket_target/post_contact_ready_effective_max_racket_speed: 1.0500
Metrics/racket_target/post_contact_ready_effective_min_feet_contact: 0.9500
Metrics/racket_target/post_contact_ready_effective_required_consecutive_steps: 5.0000
Metrics/racket_target/post_contact_ready_effective_deadline_steps: 85.0000
Metrics/racket_target/post_contact_ready_curriculum_advance_threshold: 0.3500
Metrics/racket_target/post_contact_ready_curriculum_advance_min_events: 1024.0000
Metrics/racket_target/post_contact_ready_curriculum_shadow_threshold: 0.1500
Metrics/racket_target/post_contact_ready_curriculum_min_targeted_attempt_ema: 0.1200
Metrics/racket_target/post_contact_ready_curriculum_min_return_success_ema: 0.0050
Metrics/racket_target/post_contact_ready_curriculum_min_completed_swings: 512.0000
Metrics/racket_target/post_contact_ready_curriculum_required_advance_checks: 2.0000
Metrics/racket_target/racket_normal_error_deg: 72.6408
Metrics/racket_target/impact_normal_error_deg: 8.3414
Metrics/racket_target/impact_racket_vel_error_mps: 1.7630
Metrics/racket_target/impact_racket_speed_ratio: 0.9185
Metrics/racket_target/impact_racket_vel_angle_deg: 41.3649
Metrics/racket_target/impact_racket_actual_vel_x: 1.0713
Metrics/racket_target/impact_racket_actual_vel_y: 0.0507
Metrics/racket_target/impact_racket_actual_vel_z: 0.5751
Metrics/racket_target/impact_racket_target_vel_x: 0.9356
Metrics/racket_target/impact_racket_target_vel_y: 0.0185
Metrics/racket_target/impact_racket_target_vel_z: 1.4172
Metrics/racket_target/impact_ball_out_error_mps: 2.8977
Metrics/racket_target/impact_face_radial_error_m: 0.6538
Metrics/racket_target/impact_face_normal_gap_m: 0.7941
Metrics/racket_target/impact_face_quality: 0.0796
Metrics/racket_target/impact_center_contact: 0.0000
Metrics/racket_target/impact_center_net_cross: 0.0000
Metrics/racket_target/impact_center_on_opponent: 0.0000
Metrics/racket_target/impact_rim_contact: 0.0000
Metrics/racket_target/impact_rim_net_cross: 0.0000
Metrics/racket_target/impact_rim_on_opponent: 0.0000
Metrics/racket_target/impact_analytic_outer_contact: 0.0000
Metrics/racket_target/impact_analytic_outer_net_cross: 0.0000
Metrics/racket_target/impact_analytic_outer_on_opponent: 0.0000
Metrics/racket_target/impact_planner_pos_error_m: 1.0681
Metrics/racket_target/impact_planner_vel_error_mps: 1.7630
Metrics/racket_target/impact_planner_speed_ratio: 0.9185
Metrics/racket_target/impact_planner_vel_angle_deg: 41.3649
Metrics/racket_target/impact_healthy_normal_ok: 0.0000
Metrics/racket_target/impact_healthy_contact: 0.0000
Metrics/racket_target/impact_healthy_net_cross: 0.0000
Metrics/racket_target/impact_healthy_on_opponent: 0.0000
Metrics/racket_target/current_swing_impact_health_score: 0.0815
Metrics/racket_target/current_swing_healthy_contact: 0.0892
Metrics/racket_target/current_swing_healthy_net_cross: 0.0004
Metrics/racket_target/current_swing_healthy_on_opponent: 0.0004
Metrics/racket_target/current_swing_healthy_normal_ok: 0.2810
Metrics/racket_target/current_swing_contact: 0.0892
Metrics/racket_target/current_swing_net_cross: 0.0004
Metrics/racket_target/current_swing_on_opponent: 0.0004
Metrics/racket_target/current_swing_center_contact: 0.0869
Metrics/racket_target/current_swing_center_net_cross: 0.0002
Metrics/racket_target/current_swing_center_on_opponent: 0.0002
Metrics/racket_target/current_swing_rim_contact: 0.0016
Metrics/racket_target/current_swing_rim_net_cross: 0.0002
Metrics/racket_target/current_swing_rim_on_opponent: 0.0002
Metrics/racket_target/current_swing_analytic_outer_contact: 0.0006
Metrics/racket_target/current_swing_analytic_outer_net_cross: 0.0000
Metrics/racket_target/current_swing_analytic_outer_on_opponent: 0.0000
Metrics/racket_target/cycle_v2_outcome_tier: -1.0000
Metrics/racket_target/cycle_v2_streak: 0.0000
Metrics/racket_target/closed_loop_recovery_trigger_event: 0.0000
Metrics/racket_target/closed_loop_cycle_success_event: 0.0000
Metrics/racket_target/closed_loop_durable_cycle_success_event: 0.0000
Metrics/racket_target/closed_loop_phase_id: 1.5577
Metrics/racket_target/closed_loop_phase_ready_no_command: 0.2206
Metrics/racket_target/closed_loop_phase_command_acquire: 0.5164
Metrics/racket_target/closed_loop_phase_pre_strike: 0.0598
Metrics/racket_target/closed_loop_phase_strike: 0.0471
Metrics/racket_target/closed_loop_phase_follow_through: 0.0002
Metrics/racket_target/closed_loop_phase_recovery: 0.1559
Metrics/racket_target/closed_loop_phase_next_ready: 0.0000
Metrics/racket_target/post_contact_phase_impact_0_100ms_attempts: 700.6875
Metrics/racket_target/post_contact_phase_impact_0_100ms_tilt_gt_0p1_rate: 0.9946
Metrics/racket_target/post_contact_phase_impact_0_100ms_pitch_gt_0p1_rate: 0.9660
Metrics/racket_target/post_contact_phase_impact_0_100ms_waist_overflow_gt_1p0_rate: 0.0000
Metrics/racket_target/post_contact_phase_impact_0_100ms_base_ang_vel_gt_0p8_rate: 0.9299
Metrics/racket_target/post_contact_phase_brake_100_300ms_attempts: 688.2109
Metrics/racket_target/post_contact_phase_brake_100_300ms_tilt_gt_0p1_rate: 0.9291
Metrics/racket_target/post_contact_phase_brake_100_300ms_pitch_gt_0p1_rate: 0.8126
Metrics/racket_target/post_contact_phase_brake_100_300ms_waist_overflow_gt_1p0_rate: 0.0000
Metrics/racket_target/post_contact_phase_brake_100_300ms_base_ang_vel_gt_0p8_rate: 0.8755
Metrics/racket_target/post_contact_phase_settle_300_600ms_attempts: 658.7266
Metrics/racket_target/post_contact_phase_settle_300_600ms_tilt_gt_0p1_rate: 0.6186
Metrics/racket_target/post_contact_phase_settle_300_600ms_pitch_gt_0p1_rate: 0.5562
Metrics/racket_target/post_contact_phase_settle_300_600ms_waist_overflow_gt_1p0_rate: 0.0000
Metrics/racket_target/post_contact_phase_settle_300_600ms_base_ang_vel_gt_0p8_rate: 0.7358
Metrics/racket_target/post_contact_phase_ready_after_600ms_attempts: 619.8750
Metrics/racket_target/post_contact_phase_ready_after_600ms_tilt_gt_0p1_rate: 0.4731
Metrics/racket_target/post_contact_phase_ready_after_600ms_pitch_gt_0p1_rate: 0.3954
Metrics/racket_target/post_contact_phase_ready_after_600ms_waist_overflow_gt_1p0_rate: 0.0000
Metrics/racket_target/post_contact_phase_ready_after_600ms_base_ang_vel_gt_0p8_rate: 0.9586
Metrics/racket_target/base_pitch_like_signed: -0.3739
Metrics/racket_target/base_backward_velocity: 0.8308
Metrics/racket_target/waist_action_rms: 0.5199
Metrics/racket_target/right_arm_action_rms: 3.0552
Metrics/racket_target/leg_action_rms: 0.6929
Metrics/racket_target/action_abs_max: 5.4702
Metrics/racket_target/applied_action_abs_max: 5.4702
Metrics/racket_target/leg_action_abs_max: 1.4428
Metrics/racket_target/effective_action_abs_max: 5.3274
Metrics/racket_target/action_clamp_fraction: 0.0219
Metrics/racket_target/waist_action_clamp_fraction: 0.0000
Metrics/racket_target/right_arm_action_clamp_fraction: 0.0138
Metrics/racket_target/leg_action_clamp_fraction: 0.0485
Metrics/racket_target/waist_q_tracking_error_rms: 0.3564
Metrics/racket_target/right_arm_q_tracking_error_rms: 0.1568
Metrics/racket_target/leg_q_tracking_error_rms: 0.2596
Metrics/racket_target/waist_torque_clip_fraction: 0.0000
Metrics/racket_target/right_arm_torque_clip_fraction: 0.0045
Metrics/racket_target/leg_torque_clip_fraction: 0.0000
Metrics/racket_target/waist_action_delta_rms: 0.1594
Metrics/racket_target/right_arm_action_delta_rms: 0.3959
Metrics/racket_target/leg_action_delta_rms: 0.2538
Metrics/racket_target/waist_joint_vel_rms: 1.0406
Metrics/racket_target/right_arm_joint_vel_rms: 1.6001
Metrics/racket_target/leg_joint_vel_rms: 1.2255
Metrics/racket_target/recovery_leg_action_abs_max: 1.1574
Metrics/racket_target/recovery_leg_action_delta_rms: 0.1857
Metrics/racket_target/recovery_leg_joint_vel_rms: 0.9516
Metrics/racket_target/physical_contact_health_score: 0.0000
Metrics/racket_target/physical_contact_face_quality: 0.0000
Metrics/racket_target/physical_contact_outcome_quality: 0.0000
Metrics/racket_target/physical_contact_quality_command_scale: 1.0000
Metrics/racket_target/physical_contact_planner_alignment: 0.0000
Metrics/racket_target/physical_contact_planner_alignment_raw: 0.0000
Metrics/racket_target/physical_recovery_pending: 0.0016
Metrics/racket_target/physical_recovery_tier: 0.0016
Metrics/racket_target/physical_recovery_success_event: 0.0000
Metrics/racket_target/physical_recovery_failure_event: 0.0000
Metrics/racket_target/physical_recovery_nonterminal_failure_event: 0.0000
Metrics/racket_target/physical_recovery_terminal_failure_event: 0.0000
Metrics/racket_target/physical_center_contact_event: 0.0000
Metrics/racket_target/physical_aligned_contact_event: 0.0000
Metrics/racket_target/physical_ability_level: 0.0000
Metrics/racket_target/physical_ability_batch_events: 330.8828
Metrics/racket_target/physical_ability_raw_contact_ema: 0.4191
Metrics/racket_target/physical_ability_contact_ema: 0.0916
Metrics/racket_target/physical_ability_aligned_contact_ema: 0.0526
Metrics/racket_target/physical_ability_net_ema: 0.0000
Metrics/racket_target/physical_ability_bounce_ema: 0.0000
Metrics/racket_target/physical_ability_recovery_ema: 0.6759
Metrics/racket_target/physical_ability_safety_ema: 0.8752
Metrics/racket_target/physical_ability_recovery_threshold: 0.1125
Metrics/racket_target/physical_ability_contact_threshold: 0.1050
Metrics/racket_target/physical_ability_aligned_contact_threshold: 0.0000
Metrics/racket_target/physical_ability_net_threshold: 0.0000
Metrics/racket_target/physical_ability_bounce_threshold: 0.0000
     Metrics/physical_shadow/phase: 0.9265
Metrics/physical_shadow/route_valid: 1.0000
Metrics/physical_shadow/route_curriculum_level: 1.0000
Metrics/physical_shadow/serve_event: 0.0000
Metrics/physical_shadow/incoming_bounce_event: 0.0000
Metrics/physical_shadow/contact_event: 0.0000
Metrics/physical_shadow/net_cross_event: 0.0000
Metrics/physical_shadow/outgoing_landing_event: 0.0000
Metrics/physical_shadow/opponent_bounce_event: 0.0000
Metrics/physical_shadow/landing_short_event: 0.0000
Metrics/physical_shadow/landing_long_event: 0.0000
Metrics/physical_shadow/landing_side_event: 0.0000
Metrics/physical_shadow/landing_no_net_event: 0.0000
Metrics/physical_shadow/abort_event: 0.0000
Metrics/physical_shadow/timeout_event: 0.0000
Metrics/physical_shadow/route_unalignable_event: 0.0000
Metrics/physical_shadow/route_invalid_event: 0.0000
Metrics/physical_shadow/incoming_net_collision_event: 0.0000
Metrics/physical_shadow/reset_abort_event: 0.0000
Metrics/physical_shadow/command_refresh_event: 0.0557
Metrics/physical_shadow/incoming_bounce_latch: 0.2872
Metrics/physical_shadow/contact_latch: 0.1057
Metrics/physical_shadow/net_cross_latch: 0.0000
Metrics/physical_shadow/opponent_bounce_latch: 0.0000
Metrics/physical_shadow/launch_timing_error_s: 0.0011
Metrics/physical_shadow/contact_true_target_error: 0.0108
Metrics/physical_shadow/contact_planner_position_error: 0.0143
Metrics/physical_shadow/contact_planner_velocity_error: 0.1023
Metrics/physical_shadow/contact_planner_velocity_direction_error_deg: 2.5292
Metrics/physical_shadow/contact_planner_normal_error_deg: 2.6202
Metrics/physical_shadow/contact_outgoing_velocity_error: 0.2713
Metrics/physical_shadow/contact_outgoing_speed: 0.3093
Metrics/physical_shadow/contact_target_outgoing_speed: 0.4192
Metrics/physical_shadow/contact_outgoing_speed_ratio: 0.0783
Metrics/physical_shadow/contact_outgoing_direction_error_deg: 4.2722
Metrics/physical_shadow/contact_outgoing_velocity_x: 0.0242
Metrics/physical_shadow/contact_outgoing_velocity_y: 0.1159
Metrics/physical_shadow/contact_outgoing_velocity_z: 0.2816
Metrics/physical_shadow/contact_target_outgoing_velocity_x: 0.2892
Metrics/physical_shadow/contact_target_outgoing_velocity_y: 0.0828
Metrics/physical_shadow/contact_target_outgoing_velocity_z: 0.2876
Metrics/physical_shadow/contact_incoming_velocity_error: 0.0599
Metrics/physical_shadow/contact_incoming_velocity_direction_error_deg: 2.3052
Metrics/physical_shadow/contact_route_incoming_velocity_error: 0.0525
Metrics/physical_shadow/contact_route_incoming_velocity_direction_error_deg: 2.2484
Metrics/physical_shadow/contact_actual_route_incoming_velocity_error: 0.0215
Metrics/physical_shadow/contact_command_normal_only_error: 0.0196
Metrics/physical_shadow/contact_command_training_model_error: 0.0221
Metrics/physical_shadow/contact_command_physics_model_error: 0.0400
Metrics/physical_shadow/contact_actual_training_model_residual: 0.0369
Metrics/physical_shadow/contact_actual_physics_model_residual: 0.0804
Metrics/physical_shadow/contact_actual_normal_only_model_residual: 0.0275
Metrics/physical_shadow/contact_actual_training_predicted_target_error: 0.2454
Metrics/physical_shadow/contact_actual_physics_predicted_target_error: 0.2039
Metrics/physical_shadow/contact_actual_normal_only_predicted_target_error: 0.2632
Metrics/physical_shadow/contact_force_direction_valid: 0.0988
Metrics/physical_shadow/contact_force_vs_racket_normal_angle_deg: 0.1068
Metrics/physical_shadow/contact_actual_force_direction_model_residual: 0.0798
Metrics/physical_shadow/contact_actual_force_direction_predicted_target_error: 0.2024
Metrics/physical_shadow/contact_physx_data_valid: 0.1057
Metrics/physical_shadow/contact_physx_force: 0.4320
Metrics/physical_shadow/contact_physx_separation: -0.0000
Metrics/physical_shadow/contact_physx_normal_error_deg: 0.2162
Metrics/physical_shadow/contact_physx_point_radial_error: 0.0057
Metrics/physical_shadow/contact_actual_physx_normal_model_residual: 0.0759
Metrics/physical_shadow/contact_actual_physx_normal_predicted_target_error: 0.2026
Metrics/physical_shadow/contact_physx_substep_valid: 0.1057
Metrics/physical_shadow/contact_physx_substep_normal_error_deg: 0.1843
Metrics/physical_shadow/contact_physx_substep_point_radial_error: 0.0057
Metrics/physical_shadow/contact_physx_substep_point_normal_offset: -0.0003
Metrics/physical_shadow/contact_physx_patch_substeps: 0.1057
Metrics/physical_shadow/contact_physx_normal_impulse: 0.0011
Metrics/physical_shadow/contact_physx_capture_lag_s: 0.0007
Metrics/physical_shadow/contact_physx_contact_point_speed_delta: 0.0111
Metrics/physical_shadow/contact_physx_substep_link_model_residual: 0.0842
Metrics/physical_shadow/contact_physx_substep_point_model_residual: 0.0818
Metrics/physical_shadow/contact_physx_substep_outgoing_target_error: 0.2712
Metrics/physical_shadow/contact_physx_measured_restitution: 0.0689
Metrics/physical_shadow/contact_physx_pre_ball_speed: 0.1686
Metrics/physical_shadow/contact_physx_post_ball_speed: 0.3139
Metrics/physical_shadow/contact_physx_point_x: 0.2445
Metrics/physical_shadow/contact_physx_point_y: -1.9598
Metrics/physical_shadow/contact_physx_point_z: 0.1321
Metrics/physical_shadow/contact_physx_normal_x: 0.0517
Metrics/physical_shadow/contact_physx_normal_y: 0.0320
Metrics/physical_shadow/contact_physx_normal_z: 0.0855
Metrics/physical_shadow/contact_physx_pre_ball_velocity_x: -0.1591
Metrics/physical_shadow/contact_physx_pre_ball_velocity_y: 0.0022
Metrics/physical_shadow/contact_physx_pre_ball_velocity_z: -0.0454
Metrics/physical_shadow/contact_physx_post_ball_velocity_x: 0.0242
Metrics/physical_shadow/contact_physx_post_ball_velocity_y: 0.1161
Metrics/physical_shadow/contact_physx_post_ball_velocity_z: 0.2866
Metrics/physical_shadow/contact_physx_pre_racket_point_velocity_x: 0.0735
Metrics/physical_shadow/contact_physx_pre_racket_point_velocity_y: 0.0468
Metrics/physical_shadow/contact_physx_pre_racket_point_velocity_z: 0.0966
Metrics/physical_shadow/contact_physx_post_racket_point_velocity_x: 0.0710
Metrics/physical_shadow/contact_physx_post_racket_point_velocity_y: 0.0463
Metrics/physical_shadow/contact_physx_post_racket_point_velocity_z: 0.0922
Metrics/physical_shadow/contact_physx_pre_ball_angular_velocity_x: 0.7407
Metrics/physical_shadow/contact_physx_pre_ball_angular_velocity_y: -32.8328
Metrics/physical_shadow/contact_physx_pre_ball_angular_velocity_z: -0.0000
Metrics/physical_shadow/contact_physx_post_ball_angular_velocity_x: -2.5486
Metrics/physical_shadow/contact_physx_post_ball_angular_velocity_y: -23.2022
Metrics/physical_shadow/contact_physx_post_ball_angular_velocity_z: -0.7324
Metrics/physical_shadow/contact_physx_pre_ball_surface_tangent_speed: 0.3194
Metrics/physical_shadow/contact_physx_post_ball_spin_speed: 23.7611
Metrics/physical_shadow/contact_impact_normal_error_deg: 2.6202
Metrics/physical_shadow/contact_wire_impact_normal_gap_deg: 0.0000
Metrics/physical_shadow/contact_face_radial_error: 0.0059
Metrics/physical_shadow/contact_time_to_strike: 0.0040
Metrics/physical_shadow/landing_target_error: 0.1856
Metrics/physical_shadow/landing_target_x_error: -0.1839
Metrics/physical_shadow/landing_target_y_error: 0.0150
Metrics/physical_shadow/landing_position_x: 0.2702
Metrics/physical_shadow/landing_position_y: -1.8423
Metrics/physical_shadow/command_refresh_valid: 0.2872
Metrics/physical_shadow/command_refresh_count: 6.1255
Metrics/physical_shadow/command_refresh_tts_s: 0.1015
Metrics/physical_shadow/command_refresh_position_delta: 0.0154
Metrics/physical_shadow/command_refresh_incoming_velocity_delta: 0.0440
Metrics/physical_shadow/command_refresh_timing_delta_s: 0.0059
Metrics/physical_shadow/command_refresh_racket_velocity_delta: 0.0190
Metrics/physical_shadow/command_refresh_normal_delta_deg: 0.4246
Metrics/physical_shadow/minimum_ball_racket_distance: 0.1303
      Episode_Termination/time_out: 2.7422
  Episode_Termination/base_too_low: 0.0781
   Episode_Termination/base_tilted: 0.8281
   Episode_Termination/table_touch: 0.1875
Episode_Termination/persistent_action_overflow: 0.0000
--------------------------------------------------------------------------------
                   Total timesteps: 196608
                    Iteration time: 21.60s
                      Time elapsed: 00:01:57
                               ETA: 00:14:43

################################################################################
                      [1m Learning iteration 206/250 [0m                      

                       Computation: 1449 steps/s (collection: 22.573s, learning 0.028s)
             Mean action noise std: 0.08
          Mean value_function loss: 1.1237
               Mean surrogate loss: 0.0021
                 Mean entropy loss: -34.3095
      Mean critic_only_warmup loss: 0.0000
                       Mean reward: 0.89
               Mean episode length: 420.59
 Episode_Reward/undesired_contacts: -0.0002
  Episode_Reward/feet_contact_slip: -0.0016
     Episode_Reward/table_no_touch: -0.0019
              Episode_Reward/alive: 0.0055
          Episode_Reward/imitation: 0.0888
Episode_Reward/planner_racket_task_space_crossfade: 0.0733
Episode_Reward/healthy_trunk_support: 0.0372
Episode_Reward/phase_action_overflow: -0.0002
Episode_Reward/prestrike_station_progress: 0.0003
 Episode_Reward/lower_body_support: 0.0222
Episode_Reward/termination_penalty: -0.2595
Episode_Reward/phase_action_rate_waist: -0.0001
Episode_Reward/phase_action_rate_upper: -0.0001
Episode_Reward/phase_action_rate_legs: -0.0001
        Episode_Reward/joint_limit: -0.0215
Episode_Reward/prestrike_racket_progress: 0.0771
Episode_Reward/operational_joint_margin: -0.0131
  Episode_Reward/joint_target_slew: -0.0424
Episode_Reward/actuator_waist_feasibility: -0.0001
Episode_Reward/actuator_right_arm_feasibility: -0.0000
Episode_Reward/actuator_leg_feasibility: -0.0000
Episode_Reward/physical_outcome_events: 0.0134
Episode_Reward/physical_contact_planner_alignment: 0.0374
Episode_Reward/physical_recovery_settlement: 0.0189
Episode_Reward/physical_capability_curriculum: 0.0000
Episode_Reward/durable_recovery_progress: -0.0006
Episode_Reward/durable_recovery_success: 0.0345
Episode_Reward/durable_recovery_failure: -0.0679
Episode_Reward/no_command_instability: -0.0090
Episode_Reward/safe_strike_inactivity: -0.0174
    Metrics/motion/error_joint_pos: 1.9806
    Metrics/motion/error_joint_vel: 5.4165
     Metrics/motion/error_body_pos: 0.2371
     Metrics/motion/error_body_rot: 0.7859
       Metrics/motion/motion_phase: 0.3925
            Metrics/motion/in_hold: 0.5039
Metrics/motion/motion_start_warmup_prob: 0.7500
Metrics/motion/motion_start_lifecycle_progress: 0.0000
Metrics/motion/motion_start_effective_prestrike_fraction: 1.0000
Metrics/motion/motion_start_effective_recovery_fraction: 0.0000
Metrics/motion/motion_start_effective_rsi_fraction: 0.0000
 Metrics/motion/motion_start_reset: 0.1328
Metrics/motion/motion_start_prestrike_reset: 0.0000
Metrics/motion/motion_start_recovery_reset: 0.0000
Metrics/motion/motion_start_rsi_reset: 0.0000
 Metrics/motion/single_cycle_reset: 0.0000
     Metrics/motion/motion_clip_id: 0.6784
Metrics/motion/motion_supplemental_clip: 0.0000
      Metrics/motion/stand_episode: 0.0352
Metrics/motion/default_stand_reset: 0.1367
Metrics/motion/error_body_pos_lower: 0.2740
Metrics/motion/error_body_rot_lower: 0.8053
Metrics/motion/error_body_lin_vel_lower: 0.6005
Metrics/motion/error_body_ang_vel_lower: 2.0399
Metrics/motion/reference_body_lin_speed_lower: 0.0069
Metrics/motion/robot_body_lin_speed_lower: 0.5997
Metrics/motion/error_body_pos_core: 0.1027
Metrics/motion/error_body_rot_core: 0.6066
Metrics/motion/error_body_lin_vel_core: 1.1883
Metrics/motion/error_body_ang_vel_core: 2.0869
Metrics/motion/reference_body_lin_speed_core: 0.0058
Metrics/motion/robot_body_lin_speed_core: 1.1868
Metrics/motion/error_body_pos_upper: 0.2450
Metrics/motion/error_body_rot_upper: 0.8264
Metrics/motion/error_body_lin_vel_upper: 1.6451
Metrics/motion/error_body_ang_vel_upper: 2.6079
Metrics/motion/reference_body_lin_speed_upper: 0.0148
Metrics/motion/robot_body_lin_speed_upper: 1.6434
Metrics/motion/error_joint_pos_waist: 0.4403
Metrics/motion/error_joint_vel_waist: 1.4525
Metrics/motion/reference_joint_speed_waist: 0.0083
Metrics/motion/error_joint_pos_arms: 1.7192
Metrics/motion/error_joint_vel_arms: 3.6975
Metrics/motion/reference_joint_speed_arms: 0.0339
Metrics/motion/error_joint_pos_legs: 0.8174
Metrics/motion/error_joint_vel_legs: 3.3222
Metrics/motion/reference_joint_speed_legs: 0.0021
Metrics/racket_target/racket_pos_error: 0.7011
Metrics/racket_target/racket_vel_error: 2.0241
Metrics/racket_target/time_to_strike: 0.1251
Metrics/racket_target/return_success: 0.0000
Metrics/racket_target/prev_return_success: 0.0078
Metrics/racket_target/prev_net_cross: 0.0078
Metrics/racket_target/current_net_cross: 0.0000
Metrics/racket_target/racket_pos_curriculum_scale: 1.0000
Metrics/racket_target/impact_inverse_command_blend: 1.0000
Metrics/racket_target/steps_since_target_resample: 102.1654
Metrics/racket_target/recovery_height_error: 0.1632
Metrics/racket_target/recovery_upright_error: 0.5393
Metrics/racket_target/recovery_base_lin_vel: 0.8152
Metrics/racket_target/recovery_base_ang_vel: 1.9495
Metrics/racket_target/recovery_station_error: 0.4863
Metrics/racket_target/recovery_feet_contact_frac: 0.8008
Metrics/racket_target/recovery_racket_speed: 2.1910
Metrics/racket_target/recovery_height_score: 0.2917
Metrics/racket_target/recovery_upright_score: 0.2289
Metrics/racket_target/recovery_lin_vel_score: 0.2381
Metrics/racket_target/recovery_ang_vel_score: 0.1549
Metrics/racket_target/recovery_station_score: 0.2295
Metrics/racket_target/recovery_racket_score: 0.0975
Metrics/racket_target/recovery_arm_score: 0.4443
Metrics/racket_target/recovery_ready_score: 0.3008
Metrics/racket_target/recovery_anchor_arm_score: 1.0000
Metrics/racket_target/recovery_core_ready_score: 0.1998
Metrics/racket_target/recovery_functional_ready_score: 0.1770
Metrics/racket_target/waist_action_overflow_rms: 0.0032
Metrics/racket_target/right_arm_action_overflow_rms: 0.0052
Metrics/racket_target/leg_action_overflow_rms: 0.0263
Metrics/racket_target/operational_margin_fraction: 0.0338
Metrics/racket_target/waist_operational_margin_fraction: 0.0417
Metrics/racket_target/right_arm_operational_margin_fraction: 0.0022
Metrics/racket_target/leg_operational_margin_fraction: 0.0755
Metrics/racket_target/waist_operational_excess_rms: 0.0045
Metrics/racket_target/right_arm_operational_excess_rms: 0.0006
Metrics/racket_target/leg_operational_excess_rms: 0.0211
Metrics/racket_target/q_des_velocity_violation_fraction: 0.0292
Metrics/racket_target/waist_q_des_velocity_violation_fraction: 0.0078
Metrics/racket_target/right_arm_q_des_velocity_violation_fraction: 0.0126
Metrics/racket_target/leg_q_des_velocity_violation_fraction: 0.0605
Metrics/racket_target/q_des_acceleration_violation_fraction: 0.5156
Metrics/racket_target/waist_q_des_acceleration_violation_fraction: 0.5321
Metrics/racket_target/right_arm_q_des_acceleration_violation_fraction: 0.5166
Metrics/racket_target/leg_q_des_acceleration_violation_fraction: 0.6673
Metrics/racket_target/waist_q_des_velocity_rms: 3.0684
Metrics/racket_target/right_arm_q_des_velocity_rms: 3.7100
Metrics/racket_target/leg_q_des_velocity_rms: 5.3324
Metrics/racket_target/waist_q_des_acceleration_rms: 253.6655
Metrics/racket_target/right_arm_q_des_acceleration_rms: 283.5854
Metrics/racket_target/leg_q_des_acceleration_rms: 469.6862
Metrics/racket_target/action_operational_feasibility_score: 0.7150
Metrics/racket_target/actuator_overflow_consecutive_steps: 0.0000
Metrics/racket_target/actuator_overflow_severe: 0.0000
Metrics/racket_target/recovery_phase_gate: 0.9180
Metrics/racket_target/recovery_phase_ready_score: 0.2812
Metrics/racket_target/recovery_contact_ready_score: 0.0250
Metrics/racket_target/recovery_net_ready_score: 0.0000
Metrics/racket_target/recovery_return_ready_score: 0.0000
Metrics/racket_target/cycle_success_ready_score: 0.0000
Metrics/racket_target/cycle_success_soft: 0.0000
Metrics/racket_target/cycle_success_binary: 0.0000
Metrics/racket_target/cycle_v2_pending: 0.0000
Metrics/racket_target/cycle_v2_attempt_latch: 0.0000
Metrics/racket_target/cycle_v2_ready_success_latch: 0.0000
Metrics/racket_target/cycle_v2_ready_fail_latch: 0.0000
Metrics/racket_target/cycle_v2_attempt_event: 0.0000
Metrics/racket_target/cycle_v2_ready_success_event: 0.0000
Metrics/racket_target/cycle_v2_ready_fail_event: 0.0000
Metrics/racket_target/cycle_v2_unresolved_resample_fail_event: 0.0000
Metrics/racket_target/cycle_v2_resolved_event: 0.0000
Metrics/racket_target/cycle_v2_command_visible_steps: 0.0000
Metrics/racket_target/cycle_v2_elapsed_steps: 0.0000
Metrics/racket_target/cycle_v2_ready_score: 0.0000
Metrics/racket_target/cycle_v2_ready_ok: 0.0000
Metrics/racket_target/cycle_v2_visible: 0.0000
Metrics/racket_target/cycle_v2_ready_score_ok: 0.0000
Metrics/racket_target/cycle_v2_height_ok: 0.0000
Metrics/racket_target/cycle_v2_upright_ok: 0.0000
Metrics/racket_target/cycle_v2_base_lin_vel_ok: 0.0000
Metrics/racket_target/cycle_v2_base_ang_vel_ok: 0.0000
Metrics/racket_target/cycle_v2_feet_ok: 0.0000
Metrics/racket_target/cycle_v2_core_ready_ok: 0.0000
Metrics/racket_target/cycle_v2_ready_consecutive_steps: 0.0000
Metrics/racket_target/single_cycle_bootstrap: 0.0000
Metrics/racket_target/single_cycle_swing_completed: 0.0000
Metrics/racket_target/single_cycle_recovery_active: 0.0000
Metrics/racket_target/single_cycle_recovery_elapsed_steps: 0.0000
Metrics/racket_target/single_cycle_ready_consecutive_steps: 0.0000
Metrics/racket_target/single_cycle_safe_timeout_event: 0.0000
Metrics/racket_target/single_cycle_deadline_timeout_event: 0.0000
Metrics/racket_target/single_cycle_timeout_latch: 0.0000
Metrics/racket_target/single_cycle_hard_failure_event: 0.0000
Metrics/racket_target/single_cycle_probability: 0.0000
Metrics/racket_target/single_cycle_curriculum_level: 0.0000
Metrics/racket_target/single_cycle_effective_deadline_steps: 100.0000
Metrics/racket_target/single_cycle_selected_events: 0.0000
Metrics/racket_target/single_cycle_completed_events: 0.0000
Metrics/racket_target/single_cycle_safe_timeout_events: 0.0000
Metrics/racket_target/single_cycle_deadline_timeout_events: 0.0000
Metrics/racket_target/single_cycle_hard_failure_events: 0.0000
Metrics/racket_target/active_ready_consecutive_steps: 0.0078
Metrics/racket_target/active_ready_success_event: 0.0000
Metrics/racket_target/active_ready_success_latch: 0.0234
Metrics/racket_target/active_ready_survival_steps: 0.0000
Metrics/racket_target/active_ready_survival_next_milestone: 0.0000
Metrics/racket_target/active_ready_survival_milestone_event: 0.0000
Metrics/racket_target/no_command_ready_active: 0.1641
Metrics/racket_target/no_command_from_stand_episode: 0.0352
Metrics/racket_target/no_command_from_default_stand_reset: 0.0352
Metrics/racket_target/no_command_ready_upright_ok: 0.0195
Metrics/racket_target/no_command_ready_motion_ok: 0.0078
Metrics/racket_target/no_command_ready_score: 0.0257
Metrics/racket_target/no_command_ready_progress: -0.0041
Metrics/racket_target/no_command_ready_station_error: 0.1028
Metrics/racket_target/no_command_ready_fixed_station_error: 0.1028
Metrics/racket_target/healthy_training_stage: 3.0000
Metrics/racket_target/healthy_stage_planted_rehearsal: 0.0000
Metrics/racket_target/healthy_stage_station_hold_seen: 0.0000
Metrics/racket_target/healthy_stage_station_arrived: 0.0000
Metrics/racket_target/healthy_stage_station_settled: 0.0000
Metrics/racket_target/healthy_stage_station_settle_steps: 0.0000
Metrics/racket_target/station_relocation_active: 0.0000
Metrics/racket_target/station_relocation_target_offset_y: 0.0000
Metrics/racket_target/station_relocation_error: 0.0000
Metrics/racket_target/station_relocation_arrival_event: 0.0000
Metrics/racket_target/station_relocation_settle_event: 0.0000
Metrics/racket_target/station_relocation_release_event: 0.0000
Metrics/racket_target/station_relocation_timeout_event: 0.0000
Metrics/racket_target/station_relocation_elapsed_steps: 0.0000
Metrics/racket_target/station_relocation_hold_deadline_steps: 0.0000
Metrics/racket_target/lifecycle_recovery_hold_active: 0.0000
Metrics/racket_target/lifecycle_recovery_release_success_event: 0.0000
Metrics/racket_target/lifecycle_recovery_release_fail_event: 0.0000
Metrics/racket_target/station_relocation_level: 0.0000
Metrics/racket_target/station_relocation_arrival_ema: 0.0000
Metrics/racket_target/station_relocation_settle_ema: 0.0000
Metrics/racket_target/station_relocation_contact_ema: 0.0000
Metrics/racket_target/station_relocation_safety_ema: 0.0000
Metrics/racket_target/station_relocation_resolved_events: 0.0000
Metrics/racket_target/station_relocation_terminal_reset_events: 0.0000
Metrics/racket_target/station_relocation_advance_streak: 0.0000
Metrics/racket_target/station_relocation_regress_streak: 0.0000
Metrics/racket_target/station_relocation_effective_max_lin_vel: 0.0000
Metrics/racket_target/station_relocation_effective_max_ang_vel: 0.0000
Metrics/racket_target/station_relocation_effective_min_settle_steps: 0.0000
Metrics/racket_target/ability_curriculum_level: 0.0000
Metrics/racket_target/ability_curriculum_scale: 1.0000
Metrics/racket_target/ability_curriculum_resolved_events: 0.0000
Metrics/racket_target/ability_curriculum_total_resolved_events: 0.0000
Metrics/racket_target/ability_curriculum_advance_streak: 0.0000
Metrics/racket_target/ability_curriculum_regress_streak: 0.0000
Metrics/racket_target/ability_contact_ema: 0.0000
Metrics/racket_target/ability_net_ema: 0.0000
Metrics/racket_target/ability_success_ema: 0.0000
Metrics/racket_target/ability_recovery_ema: 0.0000
Metrics/racket_target/ability_cycle_ema: 0.0000
Metrics/racket_target/ability_cycle_attempt_ema: 0.0000
Metrics/racket_target/ability_cycle_resolved_ema: 0.0000
Metrics/racket_target/ability_forehand_contact_ema: 0.0000
Metrics/racket_target/ability_forehand_net_ema: 0.0000
Metrics/racket_target/ability_forehand_success_ema: 0.0000
Metrics/racket_target/ability_backhand_contact_ema: 0.0000
Metrics/racket_target/ability_backhand_net_ema: 0.0000
Metrics/racket_target/ability_backhand_success_ema: 0.0000
Metrics/racket_target/ability_attempt_ema: 0.0000
Metrics/racket_target/ability_targeted_attempt_ema: 0.0000
Metrics/racket_target/impact_health_floor_progress: 0.0000
Metrics/racket_target/ability_safety_ema: 1.0000
Metrics/racket_target/ability_station_saturation_ema: 0.0000
Metrics/racket_target/ability_healthy_normal_ema: 0.0000
Metrics/racket_target/ability_station_arrival_ema: 0.0000
Metrics/racket_target/ability_station_settle_ema: 0.0000
Metrics/racket_target/planner_hit_plane_blend: 1.0000
Metrics/racket_target/planner_hit_plane_x_delta: 0.0379
Metrics/racket_target/true_strike_table_x: 0.2005
Metrics/racket_target/planner_target_table_x: 0.2005
Metrics/racket_target/workspace_level: 0.0000
Metrics/racket_target/workspace_fringe_sample: 0.0000
Metrics/racket_target/workspace_target_lateral_norm: 0.2057
Metrics/racket_target/workspace_target_table_y: -0.0828
Metrics/racket_target/workspace_playable_y_min: -0.7225
Metrics/racket_target/workspace_playable_y_max: 0.7225
Metrics/racket_target/workspace_active_y_lo: -0.1502
Metrics/racket_target/workspace_active_y_hi: -0.0302
Metrics/racket_target/workspace_motion_seed_blend: 0.0000
Metrics/racket_target/planner_perturb_curriculum_scale: 0.0000
Metrics/racket_target/incoming_ball_horizontal_speed: 1.0780
Metrics/racket_target/incoming_ball_speed: 1.7524
Metrics/racket_target/incoming_ball_speed_curriculum_level: 0.0000
Metrics/racket_target/incoming_ball_speed_sample_low: 0.9000
Metrics/racket_target/incoming_ball_speed_sample_high: 1.2500
Metrics/racket_target/station_saturated: 1.0000
Metrics/racket_target/station_raw_clip_excess: 0.1075
Metrics/racket_target/station_saturated_x: 0.9961
Metrics/racket_target/station_saturated_y: 0.9727
Metrics/racket_target/station_raw_clip_excess_x: 0.0099
Metrics/racket_target/station_raw_clip_excess_y: 0.1064
Metrics/racket_target/current_swing_opportunity: 0.4766
Metrics/racket_target/current_swing_attempt: 0.4648
Metrics/racket_target/current_swing_targeted_attempt: 0.3216
Metrics/racket_target/prev_swing_targeted_attempt: 0.4310
Metrics/racket_target/current_swing_unsafe: 0.6875
Metrics/racket_target/current_swing_station_saturated: 1.0000
Metrics/racket_target/impact_health_score: 0.2581
Metrics/racket_target/impact_health_ok: 0.2305
Metrics/racket_target/impact_health_backlean_violation: 0.1692
Metrics/racket_target/impact_health_waist_backfold: 0.0000
Metrics/racket_target/impact_health_base_retreat: 0.3329
Metrics/racket_target/impact_health_torso_gravity_x: 0.0648
Metrics/racket_target/impact_health_torso_ang_vel: 1.9578
Metrics/racket_target/impact_health_com_x: 0.3715
Metrics/racket_target/impact_health_com_y: 0.1383
Metrics/racket_target/post_contact_ready_pending: 0.2109
Metrics/racket_target/post_contact_ready_elapsed_steps: 13.5378
Metrics/racket_target/post_contact_ready_consecutive_steps: 0.0000
Metrics/racket_target/post_contact_ready_diagnostic_pending: 0.3138
Metrics/racket_target/post_contact_ready_diagnostic_elapsed_steps: 18.6081
Metrics/racket_target/post_contact_ready_durable_pending: 0.1016
Metrics/racket_target/post_contact_ready_durable_consecutive_steps: 0.0000
Metrics/racket_target/post_contact_ready_durable_ready_now: 0.0000
Metrics/racket_target/post_contact_ready_durable_success_event: 0.0000
Metrics/racket_target/post_contact_ready_durable_fail_event: 0.0000
Metrics/racket_target/post_contact_ready_durable_resolution_success_rate: 0.4532
Metrics/racket_target/post_contact_ready_durable_resolution_fail_rate: 0.4815
Metrics/racket_target/post_contact_ready_durable_resolution_success_latency_steps: 52.0000
Metrics/racket_target/post_contact_ready_durable_resolution_fail_latency_steps: 45.7391
Metrics/racket_target/post_contact_ready_durable_fail_backlean_rate: 0.1556
Metrics/racket_target/post_contact_ready_durable_fail_forward_lean_rate: 0.7641
Metrics/racket_target/post_contact_ready_durable_fail_torso_ang_vel_rate: 0.3629
Metrics/racket_target/post_contact_ready_durable_fail_base_lin_vel_rate: 0.3998
Metrics/racket_target/post_contact_ready_durable_fail_base_ang_vel_rate: 0.4940
Metrics/racket_target/post_contact_ready_durable_fail_racket_speed_rate: 0.4046
Metrics/racket_target/post_contact_ready_durable_fail_height_rate: 0.1843
Metrics/racket_target/post_contact_ready_durable_fail_com_x_rate: 0.2736
Metrics/racket_target/post_contact_ready_durable_fail_com_y_rate: 0.1685
Metrics/racket_target/post_contact_ready_durable_fail_feet_rate: 0.1935
Metrics/racket_target/post_contact_ready_durable_fail_station_rate: 0.2191
Metrics/racket_target/post_contact_ready_durable_fail_arm_rate: 0.1328
Metrics/racket_target/post_contact_ready_terminal_window_active: 0.0156
Metrics/racket_target/post_contact_ready_terminal_quality: 0.1412
Metrics/racket_target/post_contact_ready_terminal_settlement_event: 0.0000
Metrics/racket_target/post_contact_ready_operational_ready_now: 0.0078
Metrics/racket_target/post_contact_ready_operational_consecutive_steps: 0.0156
Metrics/racket_target/post_contact_ready_safe_settlement_event: 0.0000
Metrics/racket_target/post_contact_ready_unsafe_settlement_event: 0.0000
Metrics/racket_target/post_contact_ready_incomplete_settlement_event: 0.0000
Metrics/racket_target/post_contact_ready_safe_net_cycle_event: 0.0000
Metrics/racket_target/post_contact_ready_terminal_quality_mean: 0.7882
Metrics/racket_target/post_contact_ready_safe_terminal_quality_mean: 0.8907
Metrics/racket_target/post_contact_ready_terminal_safe_rate: 0.7830
Metrics/racket_target/post_contact_ready_terminal_unsafe_rate: 0.2034
Metrics/racket_target/post_contact_ready_terminal_incomplete_rate: 0.0136
Metrics/racket_target/post_contact_ready_safe_net_cycle_rate: 0.0086
Metrics/racket_target/post_contact_ready_score: 0.1539
Metrics/racket_target/post_contact_ready_now: 0.0000
Metrics/racket_target/post_contact_ready_success_event: 0.0000
Metrics/racket_target/post_contact_ready_fail_event: 0.0000
Metrics/racket_target/post_contact_ready_outcome_tier: -0.9414
Metrics/racket_target/post_contact_ready_face_quality: 0.0491
Metrics/racket_target/post_contact_ready_safe_face_net_cycle_value: 0.0000
Metrics/racket_target/post_contact_ready_planner_speed_ratio: 0.2683
Metrics/racket_target/post_contact_ready_planner_direction_error_rad: 0.1911
Metrics/racket_target/post_contact_ready_planner_position_error: 0.1189
Metrics/racket_target/post_contact_ready_impact_health_score: 0.2891
Metrics/racket_target/post_contact_ready_peak_base_ang_vel: 0.8549
Metrics/racket_target/post_contact_ready_peak_ang_vel_excess_increment: 0.0079
Metrics/racket_target/post_contact_ready_envelope_violation_latch: 0.1836
Metrics/racket_target/post_contact_ready_envelope_violation_event: 0.0078
Metrics/racket_target/post_contact_ready_envelope_first_violation_step: 3.0898
Metrics/racket_target/post_contact_ready_envelope_attempts: 834.9453
Metrics/racket_target/post_contact_ready_envelope_violation_rate: 0.2676
Metrics/racket_target/post_contact_ready_envelope_tilt_violation_rate: 0.1123
Metrics/racket_target/post_contact_ready_envelope_pitch_violation_rate: 0.1880
Metrics/racket_target/post_contact_ready_envelope_com_violation_rate: 0.1306
Metrics/racket_target/post_contact_ready_envelope_waist_violation_rate: 0.0000
Metrics/racket_target/post_contact_ready_envelope_leg_violation_rate: 0.0000
Metrics/racket_target/post_contact_ready_envelope_base_ang_vel_violation_rate: 0.1827
Metrics/racket_target/post_contact_ready_resolution_success_rate: 0.7587
Metrics/racket_target/post_contact_ready_resolution_fail_rate: 0.1586
Metrics/racket_target/post_contact_ready_resolution_success_latency_steps: 7.9485
Metrics/racket_target/post_contact_ready_resolution_fail_latency_steps: 52.1163
Metrics/racket_target/post_contact_ready_max_tilt: 0.1078
Metrics/racket_target/post_contact_ready_max_abs_pitch: 0.0978
Metrics/racket_target/post_contact_ready_max_com_x: 0.0585
Metrics/racket_target/post_contact_ready_max_com_y: 0.0320
Metrics/racket_target/post_contact_ready_max_waist_overflow: 0.0026
Metrics/racket_target/post_contact_ready_max_leg_overflow: 0.0240
Metrics/racket_target/post_contact_ready_settlement_velocity_score_ema: 0.4617
Metrics/racket_target/post_contact_ready_settlement_position_gate_ema: 0.3526
Metrics/racket_target/post_contact_ready_settlement_health_gate_ema: 0.9695
Metrics/racket_target/post_contact_ready_settlement_recovery_gate_ema: 0.6231
Metrics/racket_target/post_contact_ready_settlement_total_score_ema: 0.0846
Metrics/racket_target/post_contact_recovery_backlean_error: 0.2821
Metrics/racket_target/post_contact_recovery_directional_progress: -0.0545
Metrics/racket_target/post_contact_ready_torso_ok: 0.0000
Metrics/racket_target/post_contact_ready_motion_ok: 0.1445
Metrics/racket_target/post_contact_ready_support_ok: 0.2266
Metrics/racket_target/post_contact_ready_arm_ok: 1.0000
Metrics/racket_target/post_contact_ready_base_lin_vel_ok: 0.2357
Metrics/racket_target/post_contact_ready_base_ang_vel_ok: 0.2383
Metrics/racket_target/post_contact_ready_racket_speed_ok: 0.1836
Metrics/racket_target/post_contact_ready_height_ok: 0.2852
Metrics/racket_target/post_contact_ready_com_x_ok: 0.2656
Metrics/racket_target/post_contact_ready_com_y_ok: 0.6016
Metrics/racket_target/post_contact_ready_feet_ok: 0.6016
Metrics/racket_target/post_contact_ready_station_ok: 0.2266
Metrics/racket_target/post_contact_ready_fail_torso: 0.0000
Metrics/racket_target/post_contact_ready_fail_base_lin_vel: 0.0000
Metrics/racket_target/post_contact_ready_fail_base_ang_vel: 0.0000
Metrics/racket_target/post_contact_ready_fail_racket_speed: 0.0000
Metrics/racket_target/post_contact_ready_fail_support: 0.0000
Metrics/racket_target/post_contact_ready_fail_arm: 0.0000
Metrics/racket_target/post_contact_ready_shadow_now: 0.0000
Metrics/racket_target/post_contact_ready_shadow_consecutive_steps: 0.0000
Metrics/racket_target/post_contact_ready_shadow_success_latch: 0.0000
Metrics/racket_target/post_contact_ready_curriculum_level: 1.0000
Metrics/racket_target/post_contact_ready_curriculum_fraction: 0.3333
Metrics/racket_target/post_contact_ready_curriculum_success_ema: 0.5104
Metrics/racket_target/post_contact_ready_curriculum_shadow_success_ema: 0.0370
Metrics/racket_target/post_contact_ready_curriculum_resolved_events: 183.4531
Metrics/racket_target/post_contact_ready_curriculum_successful_events: 89.6797
Metrics/racket_target/post_contact_ready_curriculum_targeted_attempt_ema: 0.5837
Metrics/racket_target/post_contact_ready_curriculum_return_success_ema: 0.0001
Metrics/racket_target/post_contact_ready_curriculum_completed_swings: 323.2422
Metrics/racket_target/post_contact_ready_curriculum_advance_streak: 0.0000
Metrics/racket_target/post_contact_ready_curriculum_advance_guard_ok: 0.0000
Metrics/racket_target/post_contact_ready_effective_max_torso_ang_vel: 0.7800
Metrics/racket_target/post_contact_ready_effective_torso_x_min: -0.0750
Metrics/racket_target/post_contact_ready_effective_torso_x_max: 0.3000
Metrics/racket_target/post_contact_ready_effective_max_base_lin_vel: 0.2000
Metrics/racket_target/post_contact_ready_effective_max_base_ang_vel: 0.8200
Metrics/racket_target/post_contact_ready_effective_max_racket_speed: 1.0500
Metrics/racket_target/post_contact_ready_effective_min_feet_contact: 0.9500
Metrics/racket_target/post_contact_ready_effective_required_consecutive_steps: 5.0000
Metrics/racket_target/post_contact_ready_effective_deadline_steps: 85.0000
Metrics/racket_target/post_contact_ready_curriculum_advance_threshold: 0.3500
Metrics/racket_target/post_contact_ready_curriculum_advance_min_events: 1024.0000
Metrics/racket_target/post_contact_ready_curriculum_shadow_threshold: 0.1500
Metrics/racket_target/post_contact_ready_curriculum_min_targeted_attempt_ema: 0.1200
Metrics/racket_target/post_contact_ready_curriculum_min_return_success_ema: 0.0050
Metrics/racket_target/post_contact_ready_curriculum_min_completed_swings: 512.0000
Metrics/racket_target/post_contact_ready_curriculum_required_advance_checks: 2.0000
Metrics/racket_target/racket_normal_error_deg: 70.2392
Metrics/racket_target/impact_normal_error_deg: 15.8060
Metrics/racket_target/impact_racket_vel_error_mps: 1.4495
Metrics/racket_target/impact_racket_speed_ratio: 0.9220
Metrics/racket_target/impact_racket_vel_angle_deg: 34.9827
Metrics/racket_target/impact_racket_actual_vel_x: 0.8287
Metrics/racket_target/impact_racket_actual_vel_y: -0.1615
Metrics/racket_target/impact_racket_actual_vel_z: 0.8366
Metrics/racket_target/impact_racket_target_vel_x: 1.1820
Metrics/racket_target/impact_racket_target_vel_y: 0.0201
Metrics/racket_target/impact_racket_target_vel_z: 1.2294
Metrics/racket_target/impact_ball_out_error_mps: 2.9214
Metrics/racket_target/impact_face_radial_error_m: 0.4544
Metrics/racket_target/impact_face_normal_gap_m: 0.3619
Metrics/racket_target/impact_face_quality: 0.0627
Metrics/racket_target/impact_center_contact: 0.0000
Metrics/racket_target/impact_center_net_cross: 0.0000
Metrics/racket_target/impact_center_on_opponent: 0.0000
Metrics/racket_target/impact_rim_contact: 0.0000
Metrics/racket_target/impact_rim_net_cross: 0.0000
Metrics/racket_target/impact_rim_on_opponent: 0.0000
Metrics/racket_target/impact_analytic_outer_contact: 0.0000
Metrics/racket_target/impact_analytic_outer_net_cross: 0.0000
Metrics/racket_target/impact_analytic_outer_on_opponent: 0.0000
Metrics/racket_target/impact_planner_pos_error_m: 0.6008
Metrics/racket_target/impact_planner_vel_error_mps: 1.4495
Metrics/racket_target/impact_planner_speed_ratio: 0.9220
Metrics/racket_target/impact_planner_vel_angle_deg: 34.9827
Metrics/racket_target/impact_healthy_normal_ok: 0.0000
Metrics/racket_target/impact_healthy_contact: 0.0000
Metrics/racket_target/impact_healthy_net_cross: 0.0000
Metrics/racket_target/impact_healthy_on_opponent: 0.0000
Metrics/racket_target/current_swing_impact_health_score: 0.0628
Metrics/racket_target/current_swing_healthy_contact: 0.0664
Metrics/racket_target/current_swing_healthy_net_cross: 0.0000
Metrics/racket_target/current_swing_healthy_on_opponent: 0.0000
Metrics/racket_target/current_swing_healthy_normal_ok: 0.3242
Metrics/racket_target/current_swing_contact: 0.0664
Metrics/racket_target/current_swing_net_cross: 0.0000
Metrics/racket_target/current_swing_on_opponent: 0.0000
Metrics/racket_target/current_swing_center_contact: 0.0391
Metrics/racket_target/current_swing_center_net_cross: 0.0000
Metrics/racket_target/current_swing_center_on_opponent: 0.0000
Metrics/racket_target/current_swing_rim_contact: 0.0117
Metrics/racket_target/current_swing_rim_net_cross: 0.0000
Metrics/racket_target/current_swing_rim_on_opponent: 0.0000
Metrics/racket_target/current_swing_analytic_outer_contact: 0.0156
Metrics/racket_target/current_swing_analytic_outer_net_cross: 0.0000
Metrics/racket_target/current_swing_analytic_outer_on_opponent: 0.0000
Metrics/racket_target/cycle_v2_outcome_tier: -1.0000
Metrics/racket_target/cycle_v2_streak: 0.0000
Metrics/racket_target/closed_loop_recovery_trigger_event: 0.0000
Metrics/racket_target/closed_loop_cycle_success_event: 0.0000
Metrics/racket_target/closed_loop_durable_cycle_success_event: 0.0000
Metrics/racket_target/closed_loop_phase_id: 1.9297
Metrics/racket_target/closed_loop_phase_ready_no_command: 0.1641
Metrics/racket_target/closed_loop_phase_command_acquire: 0.3438
Metrics/racket_target/closed_loop_phase_pre_strike: 0.2422
Metrics/racket_target/closed_loop_phase_strike: 0.0703
Metrics/racket_target/closed_loop_phase_follow_through: 0.0078
Metrics/racket_target/closed_loop_phase_recovery: 0.1719
Metrics/racket_target/closed_loop_phase_next_ready: 0.0000
Metrics/racket_target/post_contact_phase_impact_0_100ms_attempts: 834.9453
Metrics/racket_target/post_contact_phase_impact_0_100ms_tilt_gt_0p1_rate: 0.9941
Metrics/racket_target/post_contact_phase_impact_0_100ms_pitch_gt_0p1_rate: 0.9701
Metrics/racket_target/post_contact_phase_impact_0_100ms_waist_overflow_gt_1p0_rate: 0.0000
Metrics/racket_target/post_contact_phase_impact_0_100ms_base_ang_vel_gt_0p8_rate: 0.9323
Metrics/racket_target/post_contact_phase_brake_100_300ms_attempts: 823.3516
Metrics/racket_target/post_contact_phase_brake_100_300ms_tilt_gt_0p1_rate: 0.9306
Metrics/racket_target/post_contact_phase_brake_100_300ms_pitch_gt_0p1_rate: 0.8115
Metrics/racket_target/post_contact_phase_brake_100_300ms_waist_overflow_gt_1p0_rate: 0.0000
Metrics/racket_target/post_contact_phase_brake_100_300ms_base_ang_vel_gt_0p8_rate: 0.8870
Metrics/racket_target/post_contact_phase_settle_300_600ms_attempts: 788.0000
Metrics/racket_target/post_contact_phase_settle_300_600ms_tilt_gt_0p1_rate: 0.6126
Metrics/racket_target/post_contact_phase_settle_300_600ms_pitch_gt_0p1_rate: 0.5538
Metrics/racket_target/post_contact_phase_settle_300_600ms_waist_overflow_gt_1p0_rate: 0.0000
Metrics/racket_target/post_contact_phase_settle_300_600ms_base_ang_vel_gt_0p8_rate: 0.7338
Metrics/racket_target/post_contact_phase_ready_after_600ms_attempts: 741.0938
Metrics/racket_target/post_contact_phase_ready_after_600ms_tilt_gt_0p1_rate: 0.4740
Metrics/racket_target/post_contact_phase_ready_after_600ms_pitch_gt_0p1_rate: 0.3955
Metrics/racket_target/post_contact_phase_ready_after_600ms_waist_overflow_gt_1p0_rate: 0.0000
Metrics/racket_target/post_contact_phase_ready_after_600ms_base_ang_vel_gt_0p8_rate: 0.9572
Metrics/racket_target/base_pitch_like_signed: -0.2554
Metrics/racket_target/base_backward_velocity: 0.6816
Metrics/racket_target/waist_action_rms: 0.4634
Metrics/racket_target/right_arm_action_rms: 3.2758
Metrics/racket_target/leg_action_rms: 0.6333
Metrics/racket_target/action_abs_max: 5.8520
Metrics/racket_target/applied_action_abs_max: 5.8520
Metrics/racket_target/leg_action_abs_max: 1.3190
Metrics/racket_target/effective_action_abs_max: 5.8383
Metrics/racket_target/action_clamp_fraction: 0.0184
Metrics/racket_target/waist_action_clamp_fraction: 0.0130
Metrics/racket_target/right_arm_action_clamp_fraction: 0.0022
Metrics/racket_target/leg_action_clamp_fraction: 0.0430
Metrics/racket_target/waist_q_tracking_error_rms: 0.3523
Metrics/racket_target/right_arm_q_tracking_error_rms: 0.1422
Metrics/racket_target/leg_q_tracking_error_rms: 0.2409
Metrics/racket_target/waist_torque_clip_fraction: 0.0000
Metrics/racket_target/right_arm_torque_clip_fraction: 0.0033
Metrics/racket_target/leg_torque_clip_fraction: 0.0000
Metrics/racket_target/waist_action_delta_rms: 0.1456
Metrics/racket_target/right_arm_action_delta_rms: 0.3366
Metrics/racket_target/leg_action_delta_rms: 0.1993
Metrics/racket_target/waist_joint_vel_rms: 0.8514
Metrics/racket_target/right_arm_joint_vel_rms: 1.1306
Metrics/racket_target/leg_joint_vel_rms: 1.0762
Metrics/racket_target/recovery_leg_action_abs_max: 1.2094
Metrics/racket_target/recovery_leg_action_delta_rms: 0.1789
Metrics/racket_target/recovery_leg_joint_vel_rms: 0.9810
Metrics/racket_target/physical_contact_health_score: 0.0000
Metrics/racket_target/physical_contact_face_quality: 0.0000
Metrics/racket_target/physical_contact_outcome_quality: 0.0000
Metrics/racket_target/physical_contact_quality_command_scale: 1.0000
Metrics/racket_target/physical_contact_planner_alignment: 0.0000
Metrics/racket_target/physical_contact_planner_alignment_raw: 0.0000
Metrics/racket_target/physical_recovery_pending: 0.0508
Metrics/racket_target/physical_recovery_tier: 0.0664
Metrics/racket_target/physical_recovery_success_event: 0.0000
Metrics/racket_target/physical_recovery_failure_event: 0.0117
Metrics/racket_target/physical_recovery_nonterminal_failure_event: 0.0000
Metrics/racket_target/physical_recovery_terminal_failure_event: 0.0117
Metrics/racket_target/physical_center_contact_event: 0.0000
Metrics/racket_target/physical_aligned_contact_event: 0.0000
Metrics/racket_target/physical_ability_level: 0.0000
Metrics/racket_target/physical_ability_batch_events: 309.2891
Metrics/racket_target/physical_ability_raw_contact_ema: 0.4235
Metrics/racket_target/physical_ability_contact_ema: 0.0965
Metrics/racket_target/physical_ability_aligned_contact_ema: 0.0566
Metrics/racket_target/physical_ability_net_ema: 0.0002
Metrics/racket_target/physical_ability_bounce_ema: 0.0002
Metrics/racket_target/physical_ability_recovery_ema: 0.6639
Metrics/racket_target/physical_ability_safety_ema: 0.8582
Metrics/racket_target/physical_ability_recovery_threshold: 0.2098
Metrics/racket_target/physical_ability_contact_threshold: 0.1958
Metrics/racket_target/physical_ability_aligned_contact_threshold: 0.0000
Metrics/racket_target/physical_ability_net_threshold: 0.0000
Metrics/racket_target/physical_ability_bounce_threshold: 0.0000
     Metrics/physical_shadow/phase: 1.4362
Metrics/physical_shadow/route_valid: 1.0000
Metrics/physical_shadow/route_curriculum_level: 1.0000
Metrics/physical_shadow/serve_event: 0.0000
Metrics/physical_shadow/incoming_bounce_event: 0.0000
Metrics/physical_shadow/contact_event: 0.0000
Metrics/physical_shadow/net_cross_event: 0.0000
Metrics/physical_shadow/outgoing_landing_event: 0.0000
Metrics/physical_shadow/opponent_bounce_event: 0.0000
Metrics/physical_shadow/landing_short_event: 0.0000
Metrics/physical_shadow/landing_long_event: 0.0000
Metrics/physical_shadow/landing_side_event: 0.0000
Metrics/physical_shadow/landing_no_net_event: 0.0000
Metrics/physical_shadow/abort_event: 0.0000
Metrics/physical_shadow/timeout_event: 0.0000
Metrics/physical_shadow/route_unalignable_event: 0.0000
Metrics/physical_shadow/route_invalid_event: 0.0000
Metrics/physical_shadow/incoming_net_collision_event: 0.0000
Metrics/physical_shadow/reset_abort_event: 0.0000
Metrics/physical_shadow/command_refresh_event: 0.0078
Metrics/physical_shadow/incoming_bounce_latch: 0.4922
Metrics/physical_shadow/contact_latch: 0.2044
Metrics/physical_shadow/net_cross_latch: 0.0312
Metrics/physical_shadow/opponent_bounce_latch: 0.0312
Metrics/physical_shadow/launch_timing_error_s: 0.0002
Metrics/physical_shadow/contact_true_target_error: 0.0189
Metrics/physical_shadow/contact_planner_position_error: 0.0226
Metrics/physical_shadow/contact_planner_velocity_error: 0.1974
Metrics/physical_shadow/contact_planner_velocity_direction_error_deg: 5.3175
Metrics/physical_shadow/contact_planner_normal_error_deg: 5.2802
Metrics/physical_shadow/contact_outgoing_velocity_error: 0.6185
Metrics/physical_shadow/contact_outgoing_speed: 0.5607
Metrics/physical_shadow/contact_target_outgoing_speed: 0.8214
Metrics/physical_shadow/contact_outgoing_speed_ratio: 0.1403
Metrics/physical_shadow/contact_outgoing_direction_error_deg: 10.9770
Metrics/physical_shadow/contact_outgoing_velocity_x: 0.0938
Metrics/physical_shadow/contact_outgoing_velocity_y: 0.1477
Metrics/physical_shadow/contact_outgoing_velocity_z: 0.4491
Metrics/physical_shadow/contact_target_outgoing_velocity_x: 0.6410
Metrics/physical_shadow/contact_target_outgoing_velocity_y: 0.0777
Metrics/physical_shadow/contact_target_outgoing_velocity_z: 0.4812
Metrics/physical_shadow/contact_incoming_velocity_error: 0.1206
Metrics/physical_shadow/contact_incoming_velocity_direction_error_deg: 4.0556
Metrics/physical_shadow/contact_route_incoming_velocity_error: 0.0760
Metrics/physical_shadow/contact_route_incoming_velocity_direction_error_deg: 2.6774
Metrics/physical_shadow/contact_actual_route_incoming_velocity_error: 0.0728
Metrics/physical_shadow/contact_command_normal_only_error: 0.0151
Metrics/physical_shadow/contact_command_training_model_error: 0.0189
Metrics/physical_shadow/contact_command_physics_model_error: 0.0405
Metrics/physical_shadow/contact_actual_training_model_residual: 0.1893
Metrics/physical_shadow/contact_actual_physics_model_residual: 0.2238
Metrics/physical_shadow/contact_actual_normal_only_model_residual: 0.1829
Metrics/physical_shadow/contact_actual_training_predicted_target_error: 0.5383
Metrics/physical_shadow/contact_actual_physics_predicted_target_error: 0.4798
Metrics/physical_shadow/contact_actual_normal_only_predicted_target_error: 0.5633
Metrics/physical_shadow/contact_force_direction_valid: 0.0924
Metrics/physical_shadow/contact_force_vs_racket_normal_angle_deg: 0.0635
Metrics/physical_shadow/contact_actual_force_direction_model_residual: 0.2216
Metrics/physical_shadow/contact_actual_force_direction_predicted_target_error: 0.4818
Metrics/physical_shadow/contact_physx_data_valid: 0.2044
Metrics/physical_shadow/contact_physx_force: 0.8338
Metrics/physical_shadow/contact_physx_separation: 0.0000
Metrics/physical_shadow/contact_physx_normal_error_deg: 2.2837
Metrics/physical_shadow/contact_physx_point_radial_error: 0.0125
Metrics/physical_shadow/contact_actual_physx_normal_model_residual: 0.1306
Metrics/physical_shadow/contact_actual_physx_normal_predicted_target_error: 0.5137
Metrics/physical_shadow/contact_physx_substep_valid: 0.2044
Metrics/physical_shadow/contact_physx_substep_normal_error_deg: 2.2465
Metrics/physical_shadow/contact_physx_substep_point_radial_error: 0.0126
Metrics/physical_shadow/contact_physx_substep_point_normal_offset: -0.0008
Metrics/physical_shadow/contact_physx_patch_substeps: 0.2044
Metrics/physical_shadow/contact_physx_normal_impulse: 0.0021
Metrics/physical_shadow/contact_physx_capture_lag_s: 0.0024
Metrics/physical_shadow/contact_physx_contact_point_speed_delta: 0.0301
Metrics/physical_shadow/contact_physx_substep_link_model_residual: 0.1401
Metrics/physical_shadow/contact_physx_substep_point_model_residual: 0.1320
Metrics/physical_shadow/contact_physx_substep_outgoing_target_error: 0.6188
Metrics/physical_shadow/contact_physx_measured_restitution: 0.1285
Metrics/physical_shadow/contact_physx_pre_ball_speed: 0.3219
Metrics/physical_shadow/contact_physx_post_ball_speed: 0.5746
Metrics/physical_shadow/contact_physx_point_x: -2.5091
Metrics/physical_shadow/contact_physx_point_y: -3.1547
Metrics/physical_shadow/contact_physx_point_z: 0.2518
Metrics/physical_shadow/contact_physx_normal_x: 0.0938
Metrics/physical_shadow/contact_physx_normal_y: 0.0615
Metrics/physical_shadow/contact_physx_normal_z: 0.1559
Metrics/physical_shadow/contact_physx_pre_ball_velocity_x: -0.2475
Metrics/physical_shadow/contact_physx_pre_ball_velocity_y: -0.0026
Metrics/physical_shadow/contact_physx_pre_ball_velocity_z: -0.1622
Metrics/physical_shadow/contact_physx_post_ball_velocity_x: 0.0942
Metrics/physical_shadow/contact_physx_post_ball_velocity_y: 0.1480
Metrics/physical_shadow/contact_physx_post_ball_velocity_z: 0.4687
Metrics/physical_shadow/contact_physx_pre_racket_point_velocity_x: 0.1397
Metrics/physical_shadow/contact_physx_pre_racket_point_velocity_y: 0.0420
Metrics/physical_shadow/contact_physx_pre_racket_point_velocity_z: 0.1869
Metrics/physical_shadow/contact_physx_post_racket_point_velocity_x: 0.1353
Metrics/physical_shadow/contact_physx_post_racket_point_velocity_y: 0.0411
Metrics/physical_shadow/contact_physx_post_racket_point_velocity_z: 0.1773
Metrics/physical_shadow/contact_physx_pre_ball_angular_velocity_x: 0.5665
Metrics/physical_shadow/contact_physx_pre_ball_angular_velocity_y: -47.2415
Metrics/physical_shadow/contact_physx_pre_ball_angular_velocity_z: -0.0000
Metrics/physical_shadow/contact_physx_post_ball_angular_velocity_x: -12.2949
Metrics/physical_shadow/contact_physx_post_ball_angular_velocity_y: -35.5570
Metrics/physical_shadow/contact_physx_post_ball_angular_velocity_z: 7.0844
Metrics/physical_shadow/contact_physx_pre_ball_surface_tangent_speed: 0.7408
Metrics/physical_shadow/contact_physx_post_ball_spin_speed: 42.3105
Metrics/physical_shadow/contact_impact_normal_error_deg: 5.2802
Metrics/physical_shadow/contact_wire_impact_normal_gap_deg: 0.0007
Metrics/physical_shadow/contact_face_radial_error: 0.0150
Metrics/physical_shadow/contact_time_to_strike: 0.0008
Metrics/physical_shadow/landing_target_error: 0.3422
Metrics/physical_shadow/landing_target_x_error: -0.3265
Metrics/physical_shadow/landing_target_y_error: 0.0348
Metrics/physical_shadow/landing_position_x: -2.3371
Metrics/physical_shadow/landing_position_y: -3.2468
Metrics/physical_shadow/command_refresh_valid: 0.4922
Metrics/physical_shadow/command_refresh_count: 8.8359
Metrics/physical_shadow/command_refresh_tts_s: 0.1121
Metrics/physical_shadow/command_refresh_position_delta: 0.0084
Metrics/physical_shadow/command_refresh_incoming_velocity_delta: 0.0336
Metrics/physical_shadow/command_refresh_timing_delta_s: 0.0024
Metrics/physical_shadow/command_refresh_racket_velocity_delta: 0.0128
Metrics/physical_shadow/command_refresh_normal_delta_deg: 0.2820
Metrics/physical_shadow/minimum_ball_racket_distance: 0.0730
      Episode_Termination/time_out: 0.3594
  Episode_Termination/base_too_low: 0.0000
   Episode_Termination/base_tilted: 0.7031
   Episode_Termination/table_touch: 0.1172
Episode_Termination/persistent_action_overflow: 0.0000
--------------------------------------------------------------------------------
                   Total timesteps: 229376
                    Iteration time: 22.60s
                      Time elapsed: 00:02:20
                               ETA: 00:14:42

################################################################################
                      [1m Learning iteration 207/250 [0m                      

                       Computation: 1437 steps/s (collection: 22.772s, learning 0.028s)
             Mean action noise std: 0.08
          Mean value_function loss: 0.9387
               Mean surrogate loss: 0.0021
                 Mean entropy loss: -34.3088
      Mean critic_only_warmup loss: 0.0000
                       Mean reward: 0.56
               Mean episode length: 443.25
 Episode_Reward/undesired_contacts: -0.0003
  Episode_Reward/feet_contact_slip: -0.0016
     Episode_Reward/table_no_touch: -0.0023
              Episode_Reward/alive: 0.0047
          Episode_Reward/imitation: 0.0721
Episode_Reward/planner_racket_task_space_crossfade: 0.0595
Episode_Reward/healthy_trunk_support: 0.0382
Episode_Reward/phase_action_overflow: -0.0002
Episode_Reward/prestrike_station_progress: -0.0002
 Episode_Reward/lower_body_support: 0.0172
Episode_Reward/termination_penalty: -0.2660
Episode_Reward/phase_action_rate_waist: -0.0001
Episode_Reward/phase_action_rate_upper: -0.0001
Episode_Reward/phase_action_rate_legs: -0.0001
        Episode_Reward/joint_limit: -0.0184
Episode_Reward/prestrike_racket_progress: 0.0635
Episode_Reward/operational_joint_margin: -0.0128
  Episode_Reward/joint_target_slew: -0.0386
Episode_Reward/actuator_waist_feasibility: -0.0001
Episode_Reward/actuator_right_arm_feasibility: -0.0000
Episode_Reward/actuator_leg_feasibility: -0.0000
Episode_Reward/physical_outcome_events: 0.0051
Episode_Reward/physical_contact_planner_alignment: 0.0141
Episode_Reward/physical_recovery_settlement: 0.0016
Episode_Reward/physical_capability_curriculum: 0.0000
Episode_Reward/durable_recovery_progress: -0.0005
Episode_Reward/durable_recovery_success: 0.0191
Episode_Reward/durable_recovery_failure: -0.0748
Episode_Reward/no_command_instability: -0.0138
Episode_Reward/safe_strike_inactivity: -0.0126
    Metrics/motion/error_joint_pos: 1.8537
    Metrics/motion/error_joint_vel: 6.4769
     Metrics/motion/error_body_pos: 0.2463
     Metrics/motion/error_body_rot: 0.7854
       Metrics/motion/motion_phase: 0.4291
            Metrics/motion/in_hold: 0.2878
Metrics/motion/motion_start_warmup_prob: 0.7500
Metrics/motion/motion_start_lifecycle_progress: 0.0000
Metrics/motion/motion_start_effective_prestrike_fraction: 1.0000
Metrics/motion/motion_start_effective_recovery_fraction: 0.0000
Metrics/motion/motion_start_effective_rsi_fraction: 0.0000
 Metrics/motion/motion_start_reset: 0.1172
Metrics/motion/motion_start_prestrike_reset: 0.0000
Metrics/motion/motion_start_recovery_reset: 0.0000
Metrics/motion/motion_start_rsi_reset: 0.0000
 Metrics/motion/single_cycle_reset: 0.0000
     Metrics/motion/motion_clip_id: 0.6979
Metrics/motion/motion_supplemental_clip: 0.0000
      Metrics/motion/stand_episode: 0.0469
Metrics/motion/default_stand_reset: 0.2852
Metrics/motion/error_body_pos_lower: 0.2863
Metrics/motion/error_body_rot_lower: 0.8065
Metrics/motion/error_body_lin_vel_lower: 0.6427
Metrics/motion/error_body_ang_vel_lower: 2.4439
Metrics/motion/reference_body_lin_speed_lower: 0.0127
Metrics/motion/robot_body_lin_speed_lower: 0.6405
Metrics/motion/error_body_pos_core: 0.1077
Metrics/motion/error_body_rot_core: 0.6082
Metrics/motion/error_body_lin_vel_core: 1.1783
Metrics/motion/error_body_ang_vel_core: 1.8781
Metrics/motion/reference_body_lin_speed_core: 0.0111
Metrics/motion/robot_body_lin_speed_core: 1.1765
Metrics/motion/error_body_pos_upper: 0.2525
Metrics/motion/error_body_rot_upper: 0.8234
Metrics/motion/error_body_lin_vel_upper: 1.6579
Metrics/motion/error_body_ang_vel_upper: 2.7932
Metrics/motion/reference_body_lin_speed_upper: 0.0278
Metrics/motion/robot_body_lin_speed_upper: 1.6551
Metrics/motion/error_joint_pos_waist: 0.4439
Metrics/motion/error_joint_vel_waist: 1.5317
Metrics/motion/reference_joint_speed_waist: 0.0129
Metrics/motion/error_joint_pos_arms: 1.5767
Metrics/motion/error_joint_vel_arms: 4.1926
Metrics/motion/reference_joint_speed_arms: 0.0624
Metrics/motion/error_joint_pos_legs: 0.8046
Metrics/motion/error_joint_vel_legs: 4.3060
Metrics/motion/reference_joint_speed_legs: 0.0034
Metrics/racket_target/racket_pos_error: 0.4908
Metrics/racket_target/racket_vel_error: 1.2928
Metrics/racket_target/time_to_strike: -0.1004
Metrics/racket_target/return_success: 0.0000
Metrics/racket_target/prev_return_success: 0.0000
Metrics/racket_target/prev_net_cross: 0.0000
Metrics/racket_target/current_net_cross: 0.0000
Metrics/racket_target/racket_pos_curriculum_scale: 1.0000
Metrics/racket_target/impact_inverse_command_blend: 1.0000
Metrics/racket_target/steps_since_target_resample: 121.2083
Metrics/racket_target/recovery_height_error: 0.1646
Metrics/racket_target/recovery_upright_error: 0.5353
Metrics/racket_target/recovery_base_lin_vel: 0.8068
Metrics/racket_target/recovery_base_ang_vel: 1.9623
Metrics/racket_target/recovery_station_error: 0.4924
Metrics/racket_target/recovery_feet_contact_frac: 0.8034
Metrics/racket_target/recovery_racket_speed: 2.4387
Metrics/racket_target/recovery_height_score: 0.3115
Metrics/racket_target/recovery_upright_score: 0.2184
Metrics/racket_target/recovery_lin_vel_score: 0.3181
Metrics/racket_target/recovery_ang_vel_score: 0.1610
Metrics/racket_target/recovery_station_score: 0.2465
Metrics/racket_target/recovery_racket_score: 0.0872
Metrics/racket_target/recovery_arm_score: 0.4326
Metrics/racket_target/recovery_ready_score: 0.3160
Metrics/racket_target/recovery_anchor_arm_score: 1.0000
Metrics/racket_target/recovery_core_ready_score: 0.2090
Metrics/racket_target/recovery_functional_ready_score: 0.1846
Metrics/racket_target/waist_action_overflow_rms: 0.0000
Metrics/racket_target/right_arm_action_overflow_rms: 0.0016
Metrics/racket_target/leg_action_overflow_rms: 0.0401
Metrics/racket_target/operational_margin_fraction: 0.0312
Metrics/racket_target/waist_operational_margin_fraction: 0.0143
Metrics/racket_target/right_arm_operational_margin_fraction: 0.0022
Metrics/racket_target/leg_operational_margin_fraction: 0.0756
Metrics/racket_target/waist_operational_excess_rms: 0.0008
Metrics/racket_target/right_arm_operational_excess_rms: 0.0004
Metrics/racket_target/leg_operational_excess_rms: 0.0263
Metrics/racket_target/q_des_velocity_violation_fraction: 0.0433
Metrics/racket_target/waist_q_des_velocity_violation_fraction: 0.0143
Metrics/racket_target/right_arm_q_des_velocity_violation_fraction: 0.0223
Metrics/racket_target/leg_q_des_velocity_violation_fraction: 0.0953
Metrics/racket_target/q_des_acceleration_violation_fraction: 0.5205
Metrics/racket_target/waist_q_des_acceleration_violation_fraction: 0.5972
Metrics/racket_target/right_arm_q_des_acceleration_violation_fraction: 0.4993
Metrics/racket_target/leg_q_des_acceleration_violation_fraction: 0.6987
Metrics/racket_target/waist_q_des_velocity_rms: 3.6096
Metrics/racket_target/right_arm_q_des_velocity_rms: 4.5613
Metrics/racket_target/leg_q_des_velocity_rms: 6.4044
Metrics/racket_target/waist_q_des_acceleration_rms: 270.1272
Metrics/racket_target/right_arm_q_des_acceleration_rms: 324.8301
Metrics/racket_target/leg_q_des_acceleration_rms: 458.7265
Metrics/racket_target/action_operational_feasibility_score: 0.6951
Metrics/racket_target/actuator_overflow_consecutive_steps: 0.0000
Metrics/racket_target/actuator_overflow_severe: 0.0000
Metrics/racket_target/recovery_phase_gate: 0.7109
Metrics/racket_target/recovery_phase_ready_score: 0.2460
Metrics/racket_target/recovery_contact_ready_score: 0.0000
Metrics/racket_target/recovery_net_ready_score: 0.0000
Metrics/racket_target/recovery_return_ready_score: 0.0000
Metrics/racket_target/cycle_success_ready_score: 0.0000
Metrics/racket_target/cycle_success_soft: 0.0000
Metrics/racket_target/cycle_success_binary: 0.0000
Metrics/racket_target/cycle_v2_pending: 0.0000
Metrics/racket_target/cycle_v2_attempt_latch: 0.0000
Metrics/racket_target/cycle_v2_ready_success_latch: 0.0000
Metrics/racket_target/cycle_v2_ready_fail_latch: 0.0000
Metrics/racket_target/cycle_v2_attempt_event: 0.0000
Metrics/racket_target/cycle_v2_ready_success_event: 0.0000
Metrics/racket_target/cycle_v2_ready_fail_event: 0.0000
Metrics/racket_target/cycle_v2_unresolved_resample_fail_event: 0.0000
Metrics/racket_target/cycle_v2_resolved_event: 0.0000
Metrics/racket_target/cycle_v2_command_visible_steps: 0.0000
Metrics/racket_target/cycle_v2_elapsed_steps: 0.0000
Metrics/racket_target/cycle_v2_ready_score: 0.0000
Metrics/racket_target/cycle_v2_ready_ok: 0.0000
Metrics/racket_target/cycle_v2_visible: 0.0000
Metrics/racket_target/cycle_v2_ready_score_ok: 0.0000
Metrics/racket_target/cycle_v2_height_ok: 0.0000
Metrics/racket_target/cycle_v2_upright_ok: 0.0000
Metrics/racket_target/cycle_v2_base_lin_vel_ok: 0.0000
Metrics/racket_target/cycle_v2_base_ang_vel_ok: 0.0000
Metrics/racket_target/cycle_v2_feet_ok: 0.0000
Metrics/racket_target/cycle_v2_core_ready_ok: 0.0000
Metrics/racket_target/cycle_v2_ready_consecutive_steps: 0.0000
Metrics/racket_target/single_cycle_bootstrap: 0.0000
Metrics/racket_target/single_cycle_swing_completed: 0.0000
Metrics/racket_target/single_cycle_recovery_active: 0.0000
Metrics/racket_target/single_cycle_recovery_elapsed_steps: 0.0000
Metrics/racket_target/single_cycle_ready_consecutive_steps: 0.0000
Metrics/racket_target/single_cycle_safe_timeout_event: 0.0000
Metrics/racket_target/single_cycle_deadline_timeout_event: 0.0000
Metrics/racket_target/single_cycle_timeout_latch: 0.0000
Metrics/racket_target/single_cycle_hard_failure_event: 0.0000
Metrics/racket_target/single_cycle_probability: 0.0000
Metrics/racket_target/single_cycle_curriculum_level: 0.0000
Metrics/racket_target/single_cycle_effective_deadline_steps: 100.0000
Metrics/racket_target/single_cycle_selected_events: 0.0000
Metrics/racket_target/single_cycle_completed_events: 0.0000
Metrics/racket_target/single_cycle_safe_timeout_events: 0.0000
Metrics/racket_target/single_cycle_deadline_timeout_events: 0.0000
Metrics/racket_target/single_cycle_hard_failure_events: 0.0000
Metrics/racket_target/active_ready_consecutive_steps: 0.0000
Metrics/racket_target/active_ready_success_event: 0.0000
Metrics/racket_target/active_ready_success_latch: 0.0156
Metrics/racket_target/active_ready_survival_steps: 0.0000
Metrics/racket_target/active_ready_survival_next_milestone: 0.0000
Metrics/racket_target/active_ready_survival_milestone_event: 0.0000
Metrics/racket_target/no_command_ready_active: 0.0638
Metrics/racket_target/no_command_from_stand_episode: 0.0469
Metrics/racket_target/no_command_from_default_stand_reset: 0.0469
Metrics/racket_target/no_command_ready_upright_ok: 0.0078
Metrics/racket_target/no_command_ready_motion_ok: 0.0000
Metrics/racket_target/no_command_ready_score: 0.0119
Metrics/racket_target/no_command_ready_progress: -0.0081
Metrics/racket_target/no_command_ready_station_error: 0.0421
Metrics/racket_target/no_command_ready_fixed_station_error: 0.0421
Metrics/racket_target/healthy_training_stage: 3.0000
Metrics/racket_target/healthy_stage_planted_rehearsal: 0.0000
Metrics/racket_target/healthy_stage_station_hold_seen: 0.0000
Metrics/racket_target/healthy_stage_station_arrived: 0.0000
Metrics/racket_target/healthy_stage_station_settled: 0.0000
Metrics/racket_target/healthy_stage_station_settle_steps: 0.0000
Metrics/racket_target/station_relocation_active: 0.0000
Metrics/racket_target/station_relocation_target_offset_y: 0.0000
Metrics/racket_target/station_relocation_error: 0.0000
Metrics/racket_target/station_relocation_arrival_event: 0.0000
Metrics/racket_target/station_relocation_settle_event: 0.0000
Metrics/racket_target/station_relocation_release_event: 0.0000
Metrics/racket_target/station_relocation_timeout_event: 0.0000
Metrics/racket_target/station_relocation_elapsed_steps: 0.0000
Metrics/racket_target/station_relocation_hold_deadline_steps: 0.0000
Metrics/racket_target/lifecycle_recovery_hold_active: 0.0000
Metrics/racket_target/lifecycle_recovery_release_success_event: 0.0000
Metrics/racket_target/lifecycle_recovery_release_fail_event: 0.0000
Metrics/racket_target/station_relocation_level: 0.0000
Metrics/racket_target/station_relocation_arrival_ema: 0.0000
Metrics/racket_target/station_relocation_settle_ema: 0.0000
Metrics/racket_target/station_relocation_contact_ema: 0.0000
Metrics/racket_target/station_relocation_safety_ema: 0.0000
Metrics/racket_target/station_relocation_resolved_events: 0.0000
Metrics/racket_target/station_relocation_terminal_reset_events: 0.0000
Metrics/racket_target/station_relocation_advance_streak: 0.0000
Metrics/racket_target/station_relocation_regress_streak: 0.0000
Metrics/racket_target/station_relocation_effective_max_lin_vel: 0.0000
Metrics/racket_target/station_relocation_effective_max_ang_vel: 0.0000
Metrics/racket_target/station_relocation_effective_min_settle_steps: 0.0000
Metrics/racket_target/ability_curriculum_level: 0.0000
Metrics/racket_target/ability_curriculum_scale: 1.0000
Metrics/racket_target/ability_curriculum_resolved_events: 0.0000
Metrics/racket_target/ability_curriculum_total_resolved_events: 0.0000
Metrics/racket_target/ability_curriculum_advance_streak: 0.0000
Metrics/racket_target/ability_curriculum_regress_streak: 0.0000
Metrics/racket_target/ability_contact_ema: 0.0000
Metrics/racket_target/ability_net_ema: 0.0000
Metrics/racket_target/ability_success_ema: 0.0000
Metrics/racket_target/ability_recovery_ema: 0.0000
Metrics/racket_target/ability_cycle_ema: 0.0000
Metrics/racket_target/ability_cycle_attempt_ema: 0.0000
Metrics/racket_target/ability_cycle_resolved_ema: 0.0000
Metrics/racket_target/ability_forehand_contact_ema: 0.0000
Metrics/racket_target/ability_forehand_net_ema: 0.0000
Metrics/racket_target/ability_forehand_success_ema: 0.0000
Metrics/racket_target/ability_backhand_contact_ema: 0.0000
Metrics/racket_target/ability_backhand_net_ema: 0.0000
Metrics/racket_target/ability_backhand_success_ema: 0.0000
Metrics/racket_target/ability_attempt_ema: 0.0000
Metrics/racket_target/ability_targeted_attempt_ema: 0.0000
Metrics/racket_target/impact_health_floor_progress: 0.0000
Metrics/racket_target/ability_safety_ema: 1.0000
Metrics/racket_target/ability_station_saturation_ema: 0.0000
Metrics/racket_target/ability_healthy_normal_ema: 0.0000
Metrics/racket_target/ability_station_arrival_ema: 0.0000
Metrics/racket_target/ability_station_settle_ema: 0.0000
Metrics/racket_target/planner_hit_plane_blend: 1.0000
Metrics/racket_target/planner_hit_plane_x_delta: 0.0377
Metrics/racket_target/true_strike_table_x: 0.2000
Metrics/racket_target/planner_target_table_x: 0.2000
Metrics/racket_target/workspace_level: 0.0000
Metrics/racket_target/workspace_fringe_sample: 0.0000
Metrics/racket_target/workspace_target_lateral_norm: 0.1916
Metrics/racket_target/workspace_target_table_y: -0.0853
Metrics/racket_target/workspace_playable_y_min: -0.7225
Metrics/racket_target/workspace_playable_y_max: 0.7225
Metrics/racket_target/workspace_active_y_lo: -0.1408
Metrics/racket_target/workspace_active_y_hi: -0.0208
Metrics/racket_target/workspace_motion_seed_blend: 0.0000
Metrics/racket_target/planner_perturb_curriculum_scale: 0.0000
Metrics/racket_target/incoming_ball_horizontal_speed: 1.1740
Metrics/racket_target/incoming_ball_speed: 1.6105
Metrics/racket_target/incoming_ball_speed_curriculum_level: 0.0000
Metrics/racket_target/incoming_ball_speed_sample_low: 0.9000
Metrics/racket_target/incoming_ball_speed_sample_high: 1.2500
Metrics/racket_target/station_saturated: 1.0000
Metrics/racket_target/station_raw_clip_excess: 0.0663
Metrics/racket_target/station_saturated_x: 0.9922
Metrics/racket_target/station_saturated_y: 0.9766
Metrics/racket_target/station_raw_clip_excess_x: 0.0095
Metrics/racket_target/station_raw_clip_excess_y: 0.0644
Metrics/racket_target/current_swing_opportunity: 0.5013
Metrics/racket_target/current_swing_attempt: 0.4974
Metrics/racket_target/current_swing_targeted_attempt: 0.3711
Metrics/racket_target/prev_swing_targeted_attempt: 0.4258
Metrics/racket_target/current_swing_unsafe: 0.6589
Metrics/racket_target/current_swing_station_saturated: 1.0000
Metrics/racket_target/impact_health_score: 0.2496
Metrics/racket_target/impact_health_ok: 0.2083
Metrics/racket_target/impact_health_backlean_violation: 0.1700
Metrics/racket_target/impact_health_waist_backfold: 0.0067
Metrics/racket_target/impact_health_base_retreat: 0.3377
Metrics/racket_target/impact_health_torso_gravity_x: 0.0385
Metrics/racket_target/impact_health_torso_ang_vel: 1.7013
Metrics/racket_target/impact_health_com_x: 0.3670
Metrics/racket_target/impact_health_com_y: 0.1492
Metrics/racket_target/post_contact_ready_pending: 0.0820
Metrics/racket_target/post_contact_ready_elapsed_steps: 11.5117
Metrics/racket_target/post_contact_ready_consecutive_steps: 0.0000
Metrics/racket_target/post_contact_ready_diagnostic_pending: 0.3711
Metrics/racket_target/post_contact_ready_diagnostic_elapsed_steps: 26.0859
Metrics/racket_target/post_contact_ready_durable_pending: 0.0234
Metrics/racket_target/post_contact_ready_durable_consecutive_steps: 0.0352
Metrics/racket_target/post_contact_ready_durable_ready_now: 0.0039
Metrics/racket_target/post_contact_ready_durable_success_event: 0.0000
Metrics/racket_target/post_contact_ready_durable_fail_event: 0.0000
Metrics/racket_target/post_contact_ready_durable_resolution_success_rate: 0.4033
Metrics/racket_target/post_contact_ready_durable_resolution_fail_rate: 0.5486
Metrics/racket_target/post_contact_ready_durable_resolution_success_latency_steps: 52.0000
Metrics/racket_target/post_contact_ready_durable_resolution_fail_latency_steps: 46.4397
Metrics/racket_target/post_contact_ready_durable_fail_backlean_rate: 0.1337
Metrics/racket_target/post_contact_ready_durable_fail_forward_lean_rate: 0.8049
Metrics/racket_target/post_contact_ready_durable_fail_torso_ang_vel_rate: 0.3179
Metrics/racket_target/post_contact_ready_durable_fail_base_lin_vel_rate: 0.3532
Metrics/racket_target/post_contact_ready_durable_fail_base_ang_vel_rate: 0.4450
Metrics/racket_target/post_contact_ready_durable_fail_racket_speed_rate: 0.3509
Metrics/racket_target/post_contact_ready_durable_fail_height_rate: 0.1590
Metrics/racket_target/post_contact_ready_durable_fail_com_x_rate: 0.2373
Metrics/racket_target/post_contact_ready_durable_fail_com_y_rate: 0.1468
Metrics/racket_target/post_contact_ready_durable_fail_feet_rate: 0.1674
Metrics/racket_target/post_contact_ready_durable_fail_station_rate: 0.1892
Metrics/racket_target/post_contact_ready_durable_fail_arm_rate: 0.1142
Metrics/racket_target/post_contact_ready_terminal_window_active: 0.0000
Metrics/racket_target/post_contact_ready_terminal_quality: 0.1787
Metrics/racket_target/post_contact_ready_terminal_settlement_event: 0.0000
Metrics/racket_target/post_contact_ready_operational_ready_now: 0.0000
Metrics/racket_target/post_contact_ready_operational_consecutive_steps: 0.0000
Metrics/racket_target/post_contact_ready_safe_settlement_event: 0.0000
Metrics/racket_target/post_contact_ready_unsafe_settlement_event: 0.0000
Metrics/racket_target/post_contact_ready_incomplete_settlement_event: 0.0000
Metrics/racket_target/post_contact_ready_safe_net_cycle_event: 0.0000
Metrics/racket_target/post_contact_ready_terminal_quality_mean: 0.7788
Metrics/racket_target/post_contact_ready_safe_terminal_quality_mean: 0.8777
Metrics/racket_target/post_contact_ready_terminal_safe_rate: 0.7843
Metrics/racket_target/post_contact_ready_terminal_unsafe_rate: 0.2032
Metrics/racket_target/post_contact_ready_terminal_incomplete_rate: 0.0125
Metrics/racket_target/post_contact_ready_safe_net_cycle_rate: 0.0075
Metrics/racket_target/post_contact_ready_score: 0.1474
Metrics/racket_target/post_contact_ready_now: 0.0000
Metrics/racket_target/post_contact_ready_success_event: 0.0000
Metrics/racket_target/post_contact_ready_fail_event: 0.0000
Metrics/racket_target/post_contact_ready_outcome_tier: -1.0000
Metrics/racket_target/post_contact_ready_face_quality: 0.0352
Metrics/racket_target/post_contact_ready_safe_face_net_cycle_value: 0.0000
Metrics/racket_target/post_contact_ready_planner_speed_ratio: 0.3674
Metrics/racket_target/post_contact_ready_planner_direction_error_rad: 0.1199
Metrics/racket_target/post_contact_ready_planner_position_error: 0.0674
Metrics/racket_target/post_contact_ready_impact_health_score: 0.3416
Metrics/racket_target/post_contact_ready_peak_base_ang_vel: 0.6671
Metrics/racket_target/post_contact_ready_peak_ang_vel_excess_increment: 0.0000
Metrics/racket_target/post_contact_ready_envelope_violation_latch: 0.2812
Metrics/racket_target/post_contact_ready_envelope_violation_event: 0.0000
Metrics/racket_target/post_contact_ready_envelope_first_violation_step: 7.4062
Metrics/racket_target/post_contact_ready_envelope_attempts: 940.0156
Metrics/racket_target/post_contact_ready_envelope_violation_rate: 0.2751
Metrics/racket_target/post_contact_ready_envelope_tilt_violation_rate: 0.1185
Metrics/racket_target/post_contact_ready_envelope_pitch_violation_rate: 0.1952
Metrics/racket_target/post_contact_ready_envelope_com_violation_rate: 0.1361
Metrics/racket_target/post_contact_ready_envelope_waist_violation_rate: 0.0000
Metrics/racket_target/post_contact_ready_envelope_leg_violation_rate: 0.0000
Metrics/racket_target/post_contact_ready_envelope_base_ang_vel_violation_rate: 0.1842
Metrics/racket_target/post_contact_ready_resolution_success_rate: 0.7103
Metrics/racket_target/post_contact_ready_resolution_fail_rate: 0.2191
Metrics/racket_target/post_contact_ready_resolution_success_latency_steps: 8.3166
Metrics/racket_target/post_contact_ready_resolution_fail_latency_steps: 60.9496
Metrics/racket_target/post_contact_ready_max_tilt: 0.1872
Metrics/racket_target/post_contact_ready_max_abs_pitch: 0.1826
Metrics/racket_target/post_contact_ready_max_com_x: 0.1316
Metrics/racket_target/post_contact_ready_max_com_y: 0.0468
Metrics/racket_target/post_contact_ready_max_waist_overflow: 0.0000
Metrics/racket_target/post_contact_ready_max_leg_overflow: 0.0566
Metrics/racket_target/post_contact_ready_settlement_velocity_score_ema: 0.4224
Metrics/racket_target/post_contact_ready_settlement_position_gate_ema: 0.3392
Metrics/racket_target/post_contact_ready_settlement_health_gate_ema: 0.9688
Metrics/racket_target/post_contact_ready_settlement_recovery_gate_ema: 0.5925
Metrics/racket_target/post_contact_ready_settlement_total_score_ema: 0.0706
Metrics/racket_target/post_contact_recovery_backlean_error: 0.2713
Metrics/racket_target/post_contact_recovery_directional_progress: -0.0144
Metrics/racket_target/post_contact_ready_torso_ok: 0.0039
Metrics/racket_target/post_contact_ready_motion_ok: 0.1068
Metrics/racket_target/post_contact_ready_support_ok: 0.2552
Metrics/racket_target/post_contact_ready_arm_ok: 1.0000
Metrics/racket_target/post_contact_ready_base_lin_vel_ok: 0.3451
Metrics/racket_target/post_contact_ready_base_ang_vel_ok: 0.2474
Metrics/racket_target/post_contact_ready_racket_speed_ok: 0.2279
Metrics/racket_target/post_contact_ready_height_ok: 0.2943
Metrics/racket_target/post_contact_ready_com_x_ok: 0.2630
Metrics/racket_target/post_contact_ready_com_y_ok: 0.4935
Metrics/racket_target/post_contact_ready_feet_ok: 0.6068
Metrics/racket_target/post_contact_ready_station_ok: 0.2552
Metrics/racket_target/post_contact_ready_fail_torso: 0.0000
Metrics/racket_target/post_contact_ready_fail_base_lin_vel: 0.0000
Metrics/racket_target/post_contact_ready_fail_base_ang_vel: 0.0000
Metrics/racket_target/post_contact_ready_fail_racket_speed: 0.0000
Metrics/racket_target/post_contact_ready_fail_support: 0.0000
Metrics/racket_target/post_contact_ready_fail_arm: 0.0000
Metrics/racket_target/post_contact_ready_shadow_now: 0.0000
Metrics/racket_target/post_contact_ready_shadow_consecutive_steps: 0.0000
Metrics/racket_target/post_contact_ready_shadow_success_latch: 0.1289
Metrics/racket_target/post_contact_ready_curriculum_level: 1.0000
Metrics/racket_target/post_contact_ready_curriculum_fraction: 0.3333
Metrics/racket_target/post_contact_ready_curriculum_success_ema: 0.3740
Metrics/racket_target/post_contact_ready_curriculum_shadow_success_ema: 0.0326
Metrics/racket_target/post_contact_ready_curriculum_resolved_events: 290.0938
Metrics/racket_target/post_contact_ready_curriculum_successful_events: 123.5156
Metrics/racket_target/post_contact_ready_curriculum_targeted_attempt_ema: 0.5739
Metrics/racket_target/post_contact_ready_curriculum_return_success_ema: 0.0036
Metrics/racket_target/post_contact_ready_curriculum_completed_swings: 487.3047
Metrics/racket_target/post_contact_ready_curriculum_advance_streak: 0.0000
Metrics/racket_target/post_contact_ready_curriculum_advance_guard_ok: 0.0000
Metrics/racket_target/post_contact_ready_effective_max_torso_ang_vel: 0.7800
Metrics/racket_target/post_contact_ready_effective_torso_x_min: -0.0750
Metrics/racket_target/post_contact_ready_effective_torso_x_max: 0.3000
Metrics/racket_target/post_contact_ready_effective_max_base_lin_vel: 0.2000
Metrics/racket_target/post_contact_ready_effective_max_base_ang_vel: 0.8200
Metrics/racket_target/post_contact_ready_effective_max_racket_speed: 1.0500
Metrics/racket_target/post_contact_ready_effective_min_feet_contact: 0.9500
Metrics/racket_target/post_contact_ready_effective_required_consecutive_steps: 5.0000
Metrics/racket_target/post_contact_ready_effective_deadline_steps: 85.0000
Metrics/racket_target/post_contact_ready_curriculum_advance_threshold: 0.3500
Metrics/racket_target/post_contact_ready_curriculum_advance_min_events: 1024.0000
Metrics/racket_target/post_contact_ready_curriculum_shadow_threshold: 0.1500
Metrics/racket_target/post_contact_ready_curriculum_min_targeted_attempt_ema: 0.1200
Metrics/racket_target/post_contact_ready_curriculum_min_return_success_ema: 0.0050
Metrics/racket_target/post_contact_ready_curriculum_min_completed_swings: 512.0000
Metrics/racket_target/post_contact_ready_curriculum_required_advance_checks: 2.0000
Metrics/racket_target/racket_normal_error_deg: 75.7202
Metrics/racket_target/impact_normal_error_deg: 10.8662
Metrics/racket_target/impact_racket_vel_error_mps: 0.9248
Metrics/racket_target/impact_racket_speed_ratio: 0.8341
Metrics/racket_target/impact_racket_vel_angle_deg: 23.9044
Metrics/racket_target/impact_racket_actual_vel_x: 0.6756
Metrics/racket_target/impact_racket_actual_vel_y: 0.0083
Metrics/racket_target/impact_racket_actual_vel_z: 0.9031
Metrics/racket_target/impact_racket_target_vel_x: 1.0294
Metrics/racket_target/impact_racket_target_vel_y: 0.0084
Metrics/racket_target/impact_racket_target_vel_z: 0.9970
Metrics/racket_target/impact_ball_out_error_mps: 1.9561
Metrics/racket_target/impact_face_radial_error_m: 0.3305
Metrics/racket_target/impact_face_normal_gap_m: 0.3318
Metrics/racket_target/impact_face_quality: 0.0352
Metrics/racket_target/impact_center_contact: 0.0000
Metrics/racket_target/impact_center_net_cross: 0.0000
Metrics/racket_target/impact_center_on_opponent: 0.0000
Metrics/racket_target/impact_rim_contact: 0.0000
Metrics/racket_target/impact_rim_net_cross: 0.0000
Metrics/racket_target/impact_rim_on_opponent: 0.0000
Metrics/racket_target/impact_analytic_outer_contact: 0.0000
Metrics/racket_target/impact_analytic_outer_net_cross: 0.0000
Metrics/racket_target/impact_analytic_outer_on_opponent: 0.0000
Metrics/racket_target/impact_planner_pos_error_m: 0.4842
Metrics/racket_target/impact_planner_vel_error_mps: 0.9248
Metrics/racket_target/impact_planner_speed_ratio: 0.8341
Metrics/racket_target/impact_planner_vel_angle_deg: 23.9044
Metrics/racket_target/impact_healthy_normal_ok: 0.0000
Metrics/racket_target/impact_healthy_contact: 0.0000
Metrics/racket_target/impact_healthy_net_cross: 0.0000
Metrics/racket_target/impact_healthy_on_opponent: 0.0000
Metrics/racket_target/current_swing_impact_health_score: 0.0000
Metrics/racket_target/current_swing_healthy_contact: 0.0000
Metrics/racket_target/current_swing_healthy_net_cross: 0.0000
Metrics/racket_target/current_swing_healthy_on_opponent: 0.0000
Metrics/racket_target/current_swing_healthy_normal_ok: 0.3216
Metrics/racket_target/current_swing_contact: 0.0000
Metrics/racket_target/current_swing_net_cross: 0.0000
Metrics/racket_target/current_swing_on_opponent: 0.0000
Metrics/racket_target/current_swing_center_contact: 0.0000
Metrics/racket_target/current_swing_center_net_cross: 0.0000
Metrics/racket_target/current_swing_center_on_opponent: 0.0000
Metrics/racket_target/current_swing_rim_contact: 0.0000
Metrics/racket_target/current_swing_rim_net_cross: 0.0000
Metrics/racket_target/current_swing_rim_on_opponent: 0.0000
Metrics/racket_target/current_swing_analytic_outer_contact: 0.0000
Metrics/racket_target/current_swing_analytic_outer_net_cross: 0.0000
Metrics/racket_target/current_swing_analytic_outer_on_opponent: 0.0000
Metrics/racket_target/cycle_v2_outcome_tier: -1.0000
Metrics/racket_target/cycle_v2_streak: 0.0000
Metrics/racket_target/closed_loop_recovery_trigger_event: 0.0000
Metrics/racket_target/closed_loop_cycle_success_event: 0.0000
Metrics/racket_target/closed_loop_durable_cycle_success_event: 0.0000
Metrics/racket_target/closed_loop_phase_id: 1.7617
Metrics/racket_target/closed_loop_phase_ready_no_command: 0.0638
Metrics/racket_target/closed_loop_phase_command_acquire: 0.4349
Metrics/racket_target/closed_loop_phase_pre_strike: 0.3411
Metrics/racket_target/closed_loop_phase_strike: 0.0781
Metrics/racket_target/closed_loop_phase_follow_through: 0.0000
Metrics/racket_target/closed_loop_phase_recovery: 0.0820
Metrics/racket_target/closed_loop_phase_next_ready: 0.0000
Metrics/racket_target/post_contact_phase_impact_0_100ms_attempts: 940.0156
Metrics/racket_target/post_contact_phase_impact_0_100ms_tilt_gt_0p1_rate: 0.9924
Metrics/racket_target/post_contact_phase_impact_0_100ms_pitch_gt_0p1_rate: 0.9684
Metrics/racket_target/post_contact_phase_impact_0_100ms_waist_overflow_gt_1p0_rate: 0.0000
Metrics/racket_target/post_contact_phase_impact_0_100ms_base_ang_vel_gt_0p8_rate: 0.9335
Metrics/racket_target/post_contact_phase_brake_100_300ms_attempts: 923.7578
Metrics/racket_target/post_contact_phase_brake_100_300ms_tilt_gt_0p1_rate: 0.9282
Metrics/racket_target/post_contact_phase_brake_100_300ms_pitch_gt_0p1_rate: 0.8081
Metrics/racket_target/post_contact_phase_brake_100_300ms_waist_overflow_gt_1p0_rate: 0.0000
Metrics/racket_target/post_contact_phase_brake_100_300ms_base_ang_vel_gt_0p8_rate: 0.8864
Metrics/racket_target/post_contact_phase_settle_300_600ms_attempts: 887.4062
Metrics/racket_target/post_contact_phase_settle_300_600ms_tilt_gt_0p1_rate: 0.6091
Metrics/racket_target/post_contact_phase_settle_300_600ms_pitch_gt_0p1_rate: 0.5482
Metrics/racket_target/post_contact_phase_settle_300_600ms_waist_overflow_gt_1p0_rate: 0.0000
Metrics/racket_target/post_contact_phase_settle_300_600ms_base_ang_vel_gt_0p8_rate: 0.7382
Metrics/racket_target/post_contact_phase_ready_after_600ms_attempts: 842.9531
Metrics/racket_target/post_contact_phase_ready_after_600ms_tilt_gt_0p1_rate: 0.4801
Metrics/racket_target/post_contact_phase_ready_after_600ms_pitch_gt_0p1_rate: 0.4019
Metrics/racket_target/post_contact_phase_ready_after_600ms_waist_overflow_gt_1p0_rate: 0.0000
Metrics/racket_target/post_contact_phase_ready_after_600ms_base_ang_vel_gt_0p8_rate: 0.9599
Metrics/racket_target/base_pitch_like_signed: -0.2616
Metrics/racket_target/base_backward_velocity: 0.6637
Metrics/racket_target/waist_action_rms: 0.4371
Metrics/racket_target/right_arm_action_rms: 3.2352
Metrics/racket_target/leg_action_rms: 0.6327
Metrics/racket_target/action_abs_max: 5.8089
Metrics/racket_target/applied_action_abs_max: 5.8089
Metrics/racket_target/leg_action_abs_max: 1.2296
Metrics/racket_target/effective_action_abs_max: 5.8085
Metrics/racket_target/action_clamp_fraction: 0.0194
Metrics/racket_target/waist_action_clamp_fraction: 0.0000
Metrics/racket_target/right_arm_action_clamp_fraction: 0.0022
Metrics/racket_target/leg_action_clamp_fraction: 0.0487
Metrics/racket_target/waist_q_tracking_error_rms: 0.3335
Metrics/racket_target/right_arm_q_tracking_error_rms: 0.1521
Metrics/racket_target/leg_q_tracking_error_rms: 0.2537
Metrics/racket_target/waist_torque_clip_fraction: 0.0000
Metrics/racket_target/right_arm_torque_clip_fraction: 0.0061
Metrics/racket_target/leg_torque_clip_fraction: 0.0000
Metrics/racket_target/waist_action_delta_rms: 0.1477
Metrics/racket_target/right_arm_action_delta_rms: 0.3963
Metrics/racket_target/leg_action_delta_rms: 0.2636
Metrics/racket_target/waist_joint_vel_rms: 0.8731
Metrics/racket_target/right_arm_joint_vel_rms: 1.2769
Metrics/racket_target/leg_joint_vel_rms: 1.1709
Metrics/racket_target/recovery_leg_action_abs_max: 0.9281
Metrics/racket_target/recovery_leg_action_delta_rms: 0.1968
Metrics/racket_target/recovery_leg_joint_vel_rms: 0.9092
Metrics/racket_target/physical_contact_health_score: 0.0000
Metrics/racket_target/physical_contact_face_quality: 0.0000
Metrics/racket_target/physical_contact_outcome_quality: 0.0000
Metrics/racket_target/physical_contact_quality_command_scale: 1.0000
Metrics/racket_target/physical_contact_planner_alignment: 0.0000
Metrics/racket_target/physical_contact_planner_alignment_raw: 0.0000
Metrics/racket_target/physical_recovery_pending: 0.0091
Metrics/racket_target/physical_recovery_tier: 0.0091
Metrics/racket_target/physical_recovery_success_event: 0.0000
Metrics/racket_target/physical_recovery_failure_event: 0.0000
Metrics/racket_target/physical_recovery_nonterminal_failure_event: 0.0000
Metrics/racket_target/physical_recovery_terminal_failure_event: 0.0000
Metrics/racket_target/physical_center_contact_event: 0.0000
Metrics/racket_target/physical_aligned_contact_event: 0.0000
Metrics/racket_target/physical_ability_level: 0.0000
Metrics/racket_target/physical_ability_batch_events: 119.3281
Metrics/racket_target/physical_ability_raw_contact_ema: 0.4316
Metrics/racket_target/physical_ability_contact_ema: 0.1056
Metrics/racket_target/physical_ability_aligned_contact_ema: 0.0641
Metrics/racket_target/physical_ability_net_ema: 0.0006
Metrics/racket_target/physical_ability_bounce_ema: 0.0006
Metrics/racket_target/physical_ability_recovery_ema: 0.6417
Metrics/racket_target/physical_ability_safety_ema: 0.8269
Metrics/racket_target/physical_ability_recovery_threshold: 0.2480
Metrics/racket_target/physical_ability_contact_threshold: 0.2315
Metrics/racket_target/physical_ability_aligned_contact_threshold: 0.0000
Metrics/racket_target/physical_ability_net_threshold: 0.0000
Metrics/racket_target/physical_ability_bounce_threshold: 0.0000
     Metrics/physical_shadow/phase: 1.9544
Metrics/physical_shadow/route_valid: 1.0000
Metrics/physical_shadow/route_curriculum_level: 1.0000
Metrics/physical_shadow/serve_event: 0.0000
Metrics/physical_shadow/incoming_bounce_event: 0.0000
Metrics/physical_shadow/contact_event: 0.0000
Metrics/physical_shadow/net_cross_event: 0.0000
Metrics/physical_shadow/outgoing_landing_event: 0.0000
Metrics/physical_shadow/opponent_bounce_event: 0.0000
Metrics/physical_shadow/landing_short_event: 0.0000
Metrics/physical_shadow/landing_long_event: 0.0000
Metrics/physical_shadow/landing_side_event: 0.0000
Metrics/physical_shadow/landing_no_net_event: 0.0000
Metrics/physical_shadow/abort_event: 0.0000
Metrics/physical_shadow/timeout_event: 0.0078
Metrics/physical_shadow/route_unalignable_event: 0.0000
Metrics/physical_shadow/route_invalid_event: 0.0000
Metrics/physical_shadow/incoming_net_collision_event: 0.0000
Metrics/physical_shadow/reset_abort_event: 0.0000
Metrics/physical_shadow/command_refresh_event: 0.0195
Metrics/physical_shadow/incoming_bounce_latch: 0.5208
Metrics/physical_shadow/contact_latch: 0.2435
Metrics/physical_shadow/net_cross_latch: 0.0000
Metrics/physical_shadow/opponent_bounce_latch: 0.0000
Metrics/physical_shadow/launch_timing_error_s: -0.0011
Metrics/physical_shadow/contact_true_target_error: 0.0141
Metrics/physical_shadow/contact_planner_position_error: 0.0264
Metrics/physical_shadow/contact_planner_velocity_error: 0.2155
Metrics/physical_shadow/contact_planner_velocity_direction_error_deg: 5.9330
Metrics/physical_shadow/contact_planner_normal_error_deg: 6.2804
Metrics/physical_shadow/contact_outgoing_velocity_error: 0.6867
Metrics/physical_shadow/contact_outgoing_speed: 0.6077
Metrics/physical_shadow/contact_target_outgoing_speed: 0.9191
Metrics/physical_shadow/contact_outgoing_speed_ratio: 0.1627
Metrics/physical_shadow/contact_outgoing_direction_error_deg: 12.8666
Metrics/physical_shadow/contact_outgoing_velocity_x: 0.0897
Metrics/physical_shadow/contact_outgoing_velocity_y: 0.2476
Metrics/physical_shadow/contact_outgoing_velocity_z: 0.4351
Metrics/physical_shadow/contact_target_outgoing_velocity_x: 0.6778
Metrics/physical_shadow/contact_target_outgoing_velocity_y: 0.0758
Metrics/physical_shadow/contact_target_outgoing_velocity_z: 0.5858
Metrics/physical_shadow/contact_incoming_velocity_error: 0.0620
Metrics/physical_shadow/contact_incoming_velocity_direction_error_deg: 1.8489
Metrics/physical_shadow/contact_route_incoming_velocity_error: 0.0577
Metrics/physical_shadow/contact_route_incoming_velocity_direction_error_deg: 2.0012
Metrics/physical_shadow/contact_actual_route_incoming_velocity_error: 0.0705
Metrics/physical_shadow/contact_command_normal_only_error: 0.0320
Metrics/physical_shadow/contact_command_training_model_error: 0.0365
Metrics/physical_shadow/contact_command_physics_model_error: 0.0644
Metrics/physical_shadow/contact_actual_training_model_residual: 0.3434
Metrics/physical_shadow/contact_actual_physics_model_residual: 0.3750
Metrics/physical_shadow/contact_actual_normal_only_model_residual: 0.3361
Metrics/physical_shadow/contact_actual_training_predicted_target_error: 0.5852
Metrics/physical_shadow/contact_actual_physics_predicted_target_error: 0.5146
Metrics/physical_shadow/contact_actual_normal_only_predicted_target_error: 0.6153
Metrics/physical_shadow/contact_force_direction_valid: 0.0703
Metrics/physical_shadow/contact_force_vs_racket_normal_angle_deg: 0.4132
Metrics/physical_shadow/contact_actual_force_direction_model_residual: 0.3633
Metrics/physical_shadow/contact_actual_force_direction_predicted_target_error: 0.5101
Metrics/physical_shadow/contact_physx_data_valid: 0.2435
Metrics/physical_shadow/contact_physx_force: 0.9169
Metrics/physical_shadow/contact_physx_separation: -0.0001
Metrics/physical_shadow/contact_physx_normal_error_deg: 5.2502
Metrics/physical_shadow/contact_physx_point_radial_error: 0.0217
Metrics/physical_shadow/contact_actual_physx_normal_model_residual: 0.1442
Metrics/physical_shadow/contact_actual_physx_normal_predicted_target_error: 0.5787
Metrics/physical_shadow/contact_physx_substep_valid: 0.2435
Metrics/physical_shadow/contact_physx_substep_normal_error_deg: 5.2371
Metrics/physical_shadow/contact_physx_substep_point_radial_error: 0.0218
Metrics/physical_shadow/contact_physx_substep_point_normal_offset: -0.0005
Metrics/physical_shadow/contact_physx_patch_substeps: 0.2435
Metrics/physical_shadow/contact_physx_normal_impulse: 0.0023
Metrics/physical_shadow/contact_physx_capture_lag_s: 0.0027
Metrics/physical_shadow/contact_physx_contact_point_speed_delta: 0.0442
Metrics/physical_shadow/contact_physx_substep_link_model_residual: 0.1585
Metrics/physical_shadow/contact_physx_substep_point_model_residual: 0.1569
Metrics/physical_shadow/contact_physx_substep_outgoing_target_error: 0.6846
Metrics/physical_shadow/contact_physx_measured_restitution: 0.1589
Metrics/physical_shadow/contact_physx_pre_ball_speed: 0.4054
Metrics/physical_shadow/contact_physx_post_ball_speed: 0.6222
Metrics/physical_shadow/contact_physx_point_x: 1.4556
Metrics/physical_shadow/contact_physx_point_y: 1.8469
Metrics/physical_shadow/contact_physx_point_z: 0.2981
Metrics/physical_shadow/contact_physx_normal_x: 0.1183
Metrics/physical_shadow/contact_physx_normal_y: 0.0982
Metrics/physical_shadow/contact_physx_normal_z: 0.1650
Metrics/physical_shadow/contact_physx_pre_ball_velocity_x: -0.3318
Metrics/physical_shadow/contact_physx_pre_ball_velocity_y: 0.0167
Metrics/physical_shadow/contact_physx_pre_ball_velocity_z: -0.2135
Metrics/physical_shadow/contact_physx_post_ball_velocity_x: 0.0899
Metrics/physical_shadow/contact_physx_post_ball_velocity_y: 0.2483
Metrics/physical_shadow/contact_physx_post_ball_velocity_z: 0.4571
Metrics/physical_shadow/contact_physx_pre_racket_point_velocity_x: 0.1731
Metrics/physical_shadow/contact_physx_pre_racket_point_velocity_y: 0.0397
Metrics/physical_shadow/contact_physx_pre_racket_point_velocity_z: 0.1914
Metrics/physical_shadow/contact_physx_post_racket_point_velocity_x: 0.1662
Metrics/physical_shadow/contact_physx_post_racket_point_velocity_y: 0.0383
Metrics/physical_shadow/contact_physx_post_racket_point_velocity_z: 0.1796
Metrics/physical_shadow/contact_physx_pre_ball_angular_velocity_x: -0.3950
Metrics/physical_shadow/contact_physx_pre_ball_angular_velocity_y: -34.8859
Metrics/physical_shadow/contact_physx_pre_ball_angular_velocity_z: -0.0000
Metrics/physical_shadow/contact_physx_post_ball_angular_velocity_x: -12.6482
Metrics/physical_shadow/contact_physx_post_ball_angular_velocity_y: -24.0935
Metrics/physical_shadow/contact_physx_post_ball_angular_velocity_z: 6.2331
Metrics/physical_shadow/contact_physx_pre_ball_surface_tangent_speed: 0.6129
Metrics/physical_shadow/contact_physx_post_ball_spin_speed: 30.8437
Metrics/physical_shadow/contact_impact_normal_error_deg: 6.2804
Metrics/physical_shadow/contact_wire_impact_normal_gap_deg: 0.0002
Metrics/physical_shadow/contact_face_radial_error: 0.0267
Metrics/physical_shadow/contact_time_to_strike: -0.0066
Metrics/physical_shadow/landing_target_error: 0.3779
Metrics/physical_shadow/landing_target_x_error: -0.3641
Metrics/physical_shadow/landing_target_y_error: 0.0677
Metrics/physical_shadow/landing_position_x: 1.4406
Metrics/physical_shadow/landing_position_y: 1.9754
Metrics/physical_shadow/command_refresh_valid: 0.5208
Metrics/physical_shadow/command_refresh_count: 6.1693
Metrics/physical_shadow/command_refresh_tts_s: 0.1124
Metrics/physical_shadow/command_refresh_position_delta: 0.0005
Metrics/physical_shadow/command_refresh_incoming_velocity_delta: 0.0017
Metrics/physical_shadow/command_refresh_timing_delta_s: 0.0000
Metrics/physical_shadow/command_refresh_racket_velocity_delta: 0.0004
Metrics/physical_shadow/command_refresh_normal_delta_deg: 0.0074
Metrics/physical_shadow/minimum_ball_racket_distance: 0.6467
      Episode_Termination/time_out: 0.3125
  Episode_Termination/base_too_low: 0.0000
   Episode_Termination/base_tilted: 0.7578
   Episode_Termination/table_touch: 0.1406
Episode_Termination/persistent_action_overflow: 0.0000
--------------------------------------------------------------------------------
                   Total timesteps: 262144
                    Iteration time: 22.80s
                      Time elapsed: 00:02:43
                               ETA: 00:14:37

################################################################################
                      [1m Learning iteration 208/250 [0m                      

                       Computation: 1295 steps/s (collection: 25.260s, learning 0.028s)
             Mean action noise std: 0.08
          Mean value_function loss: 0.9884
               Mean surrogate loss: -0.0005
                 Mean entropy loss: -34.3084
      Mean critic_only_warmup loss: 0.0000
                       Mean reward: -1.64
               Mean episode length: 391.15
 Episode_Reward/undesired_contacts: -0.0002
  Episode_Reward/feet_contact_slip: -0.0016
     Episode_Reward/table_no_touch: -0.0022
              Episode_Reward/alive: 0.0053
          Episode_Reward/imitation: 0.0853
Episode_Reward/planner_racket_task_space_crossfade: 0.0646
Episode_Reward/healthy_trunk_support: 0.0347
Episode_Reward/phase_action_overflow: -0.0002
Episode_Reward/prestrike_station_progress: 0.0003
 Episode_Reward/lower_body_support: 0.0216
Episode_Reward/termination_penalty: -0.2874
Episode_Reward/phase_action_rate_waist: -0.0001
Episode_Reward/phase_action_rate_upper: -0.0001
Episode_Reward/phase_action_rate_legs: -0.0001
        Episode_Reward/joint_limit: -0.0205
Episode_Reward/prestrike_racket_progress: 0.0767
Episode_Reward/operational_joint_margin: -0.0130
  Episode_Reward/joint_target_slew: -0.0401
Episode_Reward/actuator_waist_feasibility: -0.0000
Episode_Reward/actuator_right_arm_feasibility: -0.0000
Episode_Reward/actuator_leg_feasibility: -0.0000
Episode_Reward/physical_outcome_events: 0.0067
Episode_Reward/physical_contact_planner_alignment: 0.0207
Episode_Reward/physical_recovery_settlement: -0.0093
Episode_Reward/physical_capability_curriculum: 0.0000
Episode_Reward/durable_recovery_progress: -0.0005
Episode_Reward/durable_recovery_success: 0.0120
Episode_Reward/durable_recovery_failure: -0.0835
Episode_Reward/no_command_instability: -0.0066
Episode_Reward/safe_strike_inactivity: -0.0223
    Metrics/motion/error_joint_pos: 2.1171
    Metrics/motion/error_joint_vel: 6.0509
     Metrics/motion/error_body_pos: 0.2475
     Metrics/motion/error_body_rot: 0.8496
       Metrics/motion/motion_phase: 0.3943
            Metrics/motion/in_hold: 0.4661
Metrics/motion/motion_start_warmup_prob: 0.7500
Metrics/motion/motion_start_lifecycle_progress: 0.0000
Metrics/motion/motion_start_effective_prestrike_fraction: 1.0000
Metrics/motion/motion_start_effective_recovery_fraction: 0.0000
Metrics/motion/motion_start_effective_rsi_fraction: 0.0000
 Metrics/motion/motion_start_reset: 0.0625
Metrics/motion/motion_start_prestrike_reset: 0.0000
Metrics/motion/motion_start_recovery_reset: 0.0000
Metrics/motion/motion_start_rsi_reset: 0.0000
 Metrics/motion/single_cycle_reset: 0.0000
     Metrics/motion/motion_clip_id: 0.5716
Metrics/motion/motion_supplemental_clip: 0.0000
      Metrics/motion/stand_episode: 0.0156
Metrics/motion/default_stand_reset: 0.1445
Metrics/motion/error_body_pos_lower: 0.2782
Metrics/motion/error_body_rot_lower: 0.8641
Metrics/motion/error_body_lin_vel_lower: 0.6490
Metrics/motion/error_body_ang_vel_lower: 2.1648
Metrics/motion/reference_body_lin_speed_lower: 0.0103
Metrics/motion/robot_body_lin_speed_lower: 0.6487
Metrics/motion/error_body_pos_core: 0.1092
Metrics/motion/error_body_rot_core: 0.6170
Metrics/motion/error_body_lin_vel_core: 1.2965
Metrics/motion/error_body_ang_vel_core: 2.1306
Metrics/motion/reference_body_lin_speed_core: 0.0075
Metrics/motion/robot_body_lin_speed_core: 1.2964
Metrics/motion/error_body_pos_upper: 0.2628
Metrics/motion/error_body_rot_upper: 0.9127
Metrics/motion/error_body_lin_vel_upper: 1.7156
Metrics/motion/error_body_ang_vel_upper: 2.6201
Metrics/motion/reference_body_lin_speed_upper: 0.0178
Metrics/motion/robot_body_lin_speed_upper: 1.7166
Metrics/motion/error_joint_pos_waist: 0.4926
Metrics/motion/error_joint_vel_waist: 1.5632
Metrics/motion/reference_joint_speed_waist: 0.0118
Metrics/motion/error_joint_pos_arms: 1.8667
Metrics/motion/error_joint_vel_arms: 3.9484
Metrics/motion/reference_joint_speed_arms: 0.0411
Metrics/motion/error_joint_pos_legs: 0.8179
Metrics/motion/error_joint_vel_legs: 4.0455
Metrics/motion/reference_joint_speed_legs: 0.0031
Metrics/racket_target/racket_pos_error: 0.7856
Metrics/racket_target/racket_vel_error: 1.8862
Metrics/racket_target/time_to_strike: 0.2516
Metrics/racket_target/return_success: 0.0000
Metrics/racket_target/prev_return_success: 0.0000
Metrics/racket_target/prev_net_cross: 0.0000
Metrics/racket_target/current_net_cross: 0.0000
Metrics/racket_target/racket_pos_curriculum_scale: 1.0000
Metrics/racket_target/impact_inverse_command_blend: 1.0000
Metrics/racket_target/steps_since_target_resample: 95.2096
Metrics/racket_target/recovery_height_error: 0.1709
Metrics/racket_target/recovery_upright_error: 0.5554
Metrics/racket_target/recovery_base_lin_vel: 0.9109
Metrics/racket_target/recovery_base_ang_vel: 2.0909
Metrics/racket_target/recovery_station_error: 0.4879
Metrics/racket_target/recovery_feet_contact_frac: 0.7682
Metrics/racket_target/recovery_racket_speed: 1.9090
Metrics/racket_target/recovery_height_score: 0.2781
Metrics/racket_target/recovery_upright_score: 0.1898
Metrics/racket_target/recovery_lin_vel_score: 0.2019
Metrics/racket_target/recovery_ang_vel_score: 0.1160
Metrics/racket_target/recovery_station_score: 0.2072
Metrics/racket_target/recovery_racket_score: 0.0780
Metrics/racket_target/recovery_arm_score: 0.4240
Metrics/racket_target/recovery_ready_score: 0.2715
Metrics/racket_target/recovery_anchor_arm_score: 1.0000
Metrics/racket_target/recovery_core_ready_score: 0.1562
Metrics/racket_target/recovery_functional_ready_score: 0.1370
Metrics/racket_target/waist_action_overflow_rms: 0.0036
Metrics/racket_target/right_arm_action_overflow_rms: 0.0265
Metrics/racket_target/leg_action_overflow_rms: 0.0368
Metrics/racket_target/operational_margin_fraction: 0.0305
Metrics/racket_target/waist_operational_margin_fraction: 0.0286
Metrics/racket_target/right_arm_operational_margin_fraction: 0.0089
Metrics/racket_target/leg_operational_margin_fraction: 0.0664
Metrics/racket_target/waist_operational_excess_rms: 0.0057
Metrics/racket_target/right_arm_operational_excess_rms: 0.0029
Metrics/racket_target/leg_operational_excess_rms: 0.0265
Metrics/racket_target/q_des_velocity_violation_fraction: 0.0483
Metrics/racket_target/waist_q_des_velocity_violation_fraction: 0.0104
Metrics/racket_target/right_arm_q_des_velocity_violation_fraction: 0.0073
Metrics/racket_target/leg_q_des_velocity_violation_fraction: 0.1006
Metrics/racket_target/q_des_acceleration_violation_fraction: 0.5383
Metrics/racket_target/waist_q_des_acceleration_violation_fraction: 0.6020
Metrics/racket_target/right_arm_q_des_acceleration_violation_fraction: 0.5104
Metrics/racket_target/leg_q_des_acceleration_violation_fraction: 0.6928
Metrics/racket_target/waist_q_des_velocity_rms: 3.4284
Metrics/racket_target/right_arm_q_des_velocity_rms: 4.0171
Metrics/racket_target/leg_q_des_velocity_rms: 6.6431
Metrics/racket_target/waist_q_des_acceleration_rms: 285.9180
Metrics/racket_target/right_arm_q_des_acceleration_rms: 340.9040
Metrics/racket_target/leg_q_des_acceleration_rms: 580.0764
Metrics/racket_target/action_operational_feasibility_score: 0.6296
Metrics/racket_target/actuator_overflow_consecutive_steps: 0.0000
Metrics/racket_target/actuator_overflow_severe: 0.0000
Metrics/racket_target/recovery_phase_gate: 0.7578
Metrics/racket_target/recovery_phase_ready_score: 0.2386
Metrics/racket_target/recovery_contact_ready_score: 0.0171
Metrics/racket_target/recovery_net_ready_score: 0.0000
Metrics/racket_target/recovery_return_ready_score: 0.0000
Metrics/racket_target/cycle_success_ready_score: 0.0000
Metrics/racket_target/cycle_success_soft: 0.0000
Metrics/racket_target/cycle_success_binary: 0.0000
Metrics/racket_target/cycle_v2_pending: 0.0000
Metrics/racket_target/cycle_v2_attempt_latch: 0.0000
Metrics/racket_target/cycle_v2_ready_success_latch: 0.0000
Metrics/racket_target/cycle_v2_ready_fail_latch: 0.0000
Metrics/racket_target/cycle_v2_attempt_event: 0.0000
Metrics/racket_target/cycle_v2_ready_success_event: 0.0000
Metrics/racket_target/cycle_v2_ready_fail_event: 0.0000
Metrics/racket_target/cycle_v2_unresolved_resample_fail_event: 0.0000
Metrics/racket_target/cycle_v2_resolved_event: 0.0000
Metrics/racket_target/cycle_v2_command_visible_steps: 0.0000
Metrics/racket_target/cycle_v2_elapsed_steps: 0.0000
Metrics/racket_target/cycle_v2_ready_score: 0.0000
Metrics/racket_target/cycle_v2_ready_ok: 0.0000
Metrics/racket_target/cycle_v2_visible: 0.0000
Metrics/racket_target/cycle_v2_ready_score_ok: 0.0000
Metrics/racket_target/cycle_v2_height_ok: 0.0000
Metrics/racket_target/cycle_v2_upright_ok: 0.0000
Metrics/racket_target/cycle_v2_base_lin_vel_ok: 0.0000
Metrics/racket_target/cycle_v2_base_ang_vel_ok: 0.0000
Metrics/racket_target/cycle_v2_feet_ok: 0.0000
Metrics/racket_target/cycle_v2_core_ready_ok: 0.0000
Metrics/racket_target/cycle_v2_ready_consecutive_steps: 0.0000
Metrics/racket_target/single_cycle_bootstrap: 0.0000
Metrics/racket_target/single_cycle_swing_completed: 0.0000
Metrics/racket_target/single_cycle_recovery_active: 0.0000
Metrics/racket_target/single_cycle_recovery_elapsed_steps: 0.0000
Metrics/racket_target/single_cycle_ready_consecutive_steps: 0.0000
Metrics/racket_target/single_cycle_safe_timeout_event: 0.0000
Metrics/racket_target/single_cycle_deadline_timeout_event: 0.0000
Metrics/racket_target/single_cycle_timeout_latch: 0.0000
Metrics/racket_target/single_cycle_hard_failure_event: 0.0000
Metrics/racket_target/single_cycle_probability: 0.0000
Metrics/racket_target/single_cycle_curriculum_level: 0.0000
Metrics/racket_target/single_cycle_effective_deadline_steps: 100.0000
Metrics/racket_target/single_cycle_selected_events: 0.0000
Metrics/racket_target/single_cycle_completed_events: 0.0000
Metrics/racket_target/single_cycle_safe_timeout_events: 0.0000
Metrics/racket_target/single_cycle_deadline_timeout_events: 0.0000
Metrics/racket_target/single_cycle_hard_failure_events: 0.0000
Metrics/racket_target/active_ready_consecutive_steps: 0.0000
Metrics/racket_target/active_ready_success_event: 0.0000
Metrics/racket_target/active_ready_success_latch: 0.0156
Metrics/racket_target/active_ready_survival_steps: 0.0000
Metrics/racket_target/active_ready_survival_next_milestone: 0.0000
Metrics/racket_target/active_ready_survival_milestone_event: 0.0000
Metrics/racket_target/no_command_ready_active: 0.0794
Metrics/racket_target/no_command_from_stand_episode: 0.0156
Metrics/racket_target/no_command_from_default_stand_reset: 0.0156
Metrics/racket_target/no_command_ready_upright_ok: 0.0000
Metrics/racket_target/no_command_ready_motion_ok: 0.0000
Metrics/racket_target/no_command_ready_score: 0.0090
Metrics/racket_target/no_command_ready_progress: -0.0189
Metrics/racket_target/no_command_ready_station_error: 0.0501
Metrics/racket_target/no_command_ready_fixed_station_error: 0.0501
Metrics/racket_target/healthy_training_stage: 3.0000
Metrics/racket_target/healthy_stage_planted_rehearsal: 0.0000
Metrics/racket_target/healthy_stage_station_hold_seen: 0.0000
Metrics/racket_target/healthy_stage_station_arrived: 0.0000
Metrics/racket_target/healthy_stage_station_settled: 0.0000
Metrics/racket_target/healthy_stage_station_settle_steps: 0.0000
Metrics/racket_target/station_relocation_active: 0.0000
Metrics/racket_target/station_relocation_target_offset_y: 0.0000
Metrics/racket_target/station_relocation_error: 0.0000
Metrics/racket_target/station_relocation_arrival_event: 0.0000
Metrics/racket_target/station_relocation_settle_event: 0.0000
Metrics/racket_target/station_relocation_release_event: 0.0000
Metrics/racket_target/station_relocation_timeout_event: 0.0000
Metrics/racket_target/station_relocation_elapsed_steps: 0.0000
Metrics/racket_target/station_relocation_hold_deadline_steps: 0.0000
Metrics/racket_target/lifecycle_recovery_hold_active: 0.0000
Metrics/racket_target/lifecycle_recovery_release_success_event: 0.0000
Metrics/racket_target/lifecycle_recovery_release_fail_event: 0.0000
Metrics/racket_target/station_relocation_level: 0.0000
Metrics/racket_target/station_relocation_arrival_ema: 0.0000
Metrics/racket_target/station_relocation_settle_ema: 0.0000
Metrics/racket_target/station_relocation_contact_ema: 0.0000
Metrics/racket_target/station_relocation_safety_ema: 0.0000
Metrics/racket_target/station_relocation_resolved_events: 0.0000
Metrics/racket_target/station_relocation_terminal_reset_events: 0.0000
Metrics/racket_target/station_relocation_advance_streak: 0.0000
Metrics/racket_target/station_relocation_regress_streak: 0.0000
Metrics/racket_target/station_relocation_effective_max_lin_vel: 0.0000
Metrics/racket_target/station_relocation_effective_max_ang_vel: 0.0000
Metrics/racket_target/station_relocation_effective_min_settle_steps: 0.0000
Metrics/racket_target/ability_curriculum_level: 0.0000
Metrics/racket_target/ability_curriculum_scale: 1.0000
Metrics/racket_target/ability_curriculum_resolved_events: 0.0000
Metrics/racket_target/ability_curriculum_total_resolved_events: 0.0000
Metrics/racket_target/ability_curriculum_advance_streak: 0.0000
Metrics/racket_target/ability_curriculum_regress_streak: 0.0000
Metrics/racket_target/ability_contact_ema: 0.0000
Metrics/racket_target/ability_net_ema: 0.0000
Metrics/racket_target/ability_success_ema: 0.0000
Metrics/racket_target/ability_recovery_ema: 0.0000
Metrics/racket_target/ability_cycle_ema: 0.0000
Metrics/racket_target/ability_cycle_attempt_ema: 0.0000
Metrics/racket_target/ability_cycle_resolved_ema: 0.0000
Metrics/racket_target/ability_forehand_contact_ema: 0.0000
Metrics/racket_target/ability_forehand_net_ema: 0.0000
Metrics/racket_target/ability_forehand_success_ema: 0.0000
Metrics/racket_target/ability_backhand_contact_ema: 0.0000
Metrics/racket_target/ability_backhand_net_ema: 0.0000
Metrics/racket_target/ability_backhand_success_ema: 0.0000
Metrics/racket_target/ability_attempt_ema: 0.0000
Metrics/racket_target/ability_targeted_attempt_ema: 0.0000
Metrics/racket_target/impact_health_floor_progress: 0.0000
Metrics/racket_target/ability_safety_ema: 1.0000
Metrics/racket_target/ability_station_saturation_ema: 0.0000
Metrics/racket_target/ability_healthy_normal_ema: 0.0000
Metrics/racket_target/ability_station_arrival_ema: 0.0000
Metrics/racket_target/ability_station_settle_ema: 0.0000
Metrics/racket_target/planner_hit_plane_blend: 1.0000
Metrics/racket_target/planner_hit_plane_x_delta: 0.0362
Metrics/racket_target/true_strike_table_x: 0.1998
Metrics/racket_target/planner_target_table_x: 0.1998
Metrics/racket_target/workspace_level: 0.0000
Metrics/racket_target/workspace_fringe_sample: 0.0000
Metrics/racket_target/workspace_target_lateral_norm: 0.2535
Metrics/racket_target/workspace_target_table_y: -0.1251
Metrics/racket_target/workspace_playable_y_min: -0.7225
Metrics/racket_target/workspace_playable_y_max: 0.7225
Metrics/racket_target/workspace_active_y_lo: -0.1914
Metrics/racket_target/workspace_active_y_hi: -0.0714
Metrics/racket_target/workspace_motion_seed_blend: 0.0000
Metrics/racket_target/planner_perturb_curriculum_scale: 0.0000
Metrics/racket_target/incoming_ball_horizontal_speed: 1.0488
Metrics/racket_target/incoming_ball_speed: 2.0983
Metrics/racket_target/incoming_ball_speed_curriculum_level: 0.0000
Metrics/racket_target/incoming_ball_speed_sample_low: 0.9000
Metrics/racket_target/incoming_ball_speed_sample_high: 1.2500
Metrics/racket_target/station_saturated: 1.0000
Metrics/racket_target/station_raw_clip_excess: 0.1001
Metrics/racket_target/station_saturated_x: 0.9844
Metrics/racket_target/station_saturated_y: 0.9844
Metrics/racket_target/station_raw_clip_excess_x: 0.0089
Metrics/racket_target/station_raw_clip_excess_y: 0.0993
Metrics/racket_target/current_swing_opportunity: 0.4557
Metrics/racket_target/current_swing_attempt: 0.4557
Metrics/racket_target/current_swing_targeted_attempt: 0.2188
Metrics/racket_target/prev_swing_targeted_attempt: 0.4883
Metrics/racket_target/current_swing_unsafe: 0.6797
Metrics/racket_target/current_swing_station_saturated: 1.0000
Metrics/racket_target/impact_health_score: 0.2204
Metrics/racket_target/impact_health_ok: 0.2031
Metrics/racket_target/impact_health_backlean_violation: 0.1975
Metrics/racket_target/impact_health_waist_backfold: 0.0095
Metrics/racket_target/impact_health_base_retreat: 0.3354
Metrics/racket_target/impact_health_torso_gravity_x: -0.0037
Metrics/racket_target/impact_health_torso_ang_vel: 1.9000
Metrics/racket_target/impact_health_com_x: 0.3886
Metrics/racket_target/impact_health_com_y: 0.1400
Metrics/racket_target/post_contact_ready_pending: 0.2135
Metrics/racket_target/post_contact_ready_elapsed_steps: 13.3151
Metrics/racket_target/post_contact_ready_consecutive_steps: 0.0000
Metrics/racket_target/post_contact_ready_diagnostic_pending: 0.2188
Metrics/racket_target/post_contact_ready_diagnostic_elapsed_steps: 13.3307
Metrics/racket_target/post_contact_ready_durable_pending: 0.0469
Metrics/racket_target/post_contact_ready_durable_consecutive_steps: 0.0000
Metrics/racket_target/post_contact_ready_durable_ready_now: 0.0000
Metrics/racket_target/post_contact_ready_durable_success_event: 0.0000
Metrics/racket_target/post_contact_ready_durable_fail_event: 0.0000
Metrics/racket_target/post_contact_ready_durable_resolution_success_rate: 0.3626
Metrics/racket_target/post_contact_ready_durable_resolution_fail_rate: 0.6057
Metrics/racket_target/post_contact_ready_durable_resolution_success_latency_steps: 52.0000
Metrics/racket_target/post_contact_ready_durable_resolution_fail_latency_steps: 47.0537
Metrics/racket_target/post_contact_ready_durable_fail_backlean_rate: 0.1176
Metrics/racket_target/post_contact_ready_durable_fail_forward_lean_rate: 0.8316
Metrics/racket_target/post_contact_ready_durable_fail_torso_ang_vel_rate: 0.2889
Metrics/racket_target/post_contact_ready_durable_fail_base_lin_vel_rate: 0.3217
Metrics/racket_target/post_contact_ready_durable_fail_base_ang_vel_rate: 0.4265
Metrics/racket_target/post_contact_ready_durable_fail_racket_speed_rate: 0.3164
Metrics/racket_target/post_contact_ready_durable_fail_height_rate: 0.1386
Metrics/racket_target/post_contact_ready_durable_fail_com_x_rate: 0.2108
Metrics/racket_target/post_contact_ready_durable_fail_com_y_rate: 0.1300
Metrics/racket_target/post_contact_ready_durable_fail_feet_rate: 0.1513
Metrics/racket_target/post_contact_ready_durable_fail_station_rate: 0.1668
Metrics/racket_target/post_contact_ready_durable_fail_arm_rate: 0.1019
Metrics/racket_target/post_contact_ready_terminal_window_active: 0.0000
Metrics/racket_target/post_contact_ready_terminal_quality: 0.0693
Metrics/racket_target/post_contact_ready_terminal_settlement_event: 0.0000
Metrics/racket_target/post_contact_ready_operational_ready_now: 0.0000
Metrics/racket_target/post_contact_ready_operational_consecutive_steps: 0.0000
Metrics/racket_target/post_contact_ready_safe_settlement_event: 0.0000
Metrics/racket_target/post_contact_ready_unsafe_settlement_event: 0.0000
Metrics/racket_target/post_contact_ready_incomplete_settlement_event: 0.0000
Metrics/racket_target/post_contact_ready_safe_net_cycle_event: 0.0000
Metrics/racket_target/post_contact_ready_terminal_quality_mean: 0.7701
Metrics/racket_target/post_contact_ready_safe_terminal_quality_mean: 0.8663
Metrics/racket_target/post_contact_ready_terminal_safe_rate: 0.7809
Metrics/racket_target/post_contact_ready_terminal_unsafe_rate: 0.2058
Metrics/racket_target/post_contact_ready_terminal_incomplete_rate: 0.0134
Metrics/racket_target/post_contact_ready_safe_net_cycle_rate: 0.0066
Metrics/racket_target/post_contact_ready_score: 0.1333
Metrics/racket_target/post_contact_ready_now: 0.0000
Metrics/racket_target/post_contact_ready_success_event: 0.0000
Metrics/racket_target/post_contact_ready_fail_event: 0.0000
Metrics/racket_target/post_contact_ready_outcome_tier: -0.9792
Metrics/racket_target/post_contact_ready_face_quality: 0.0139
Metrics/racket_target/post_contact_ready_safe_face_net_cycle_value: 0.0000
Metrics/racket_target/post_contact_ready_planner_speed_ratio: 0.1948
Metrics/racket_target/post_contact_ready_planner_direction_error_rad: 0.0908
Metrics/racket_target/post_contact_ready_planner_position_error: 0.0320
Metrics/racket_target/post_contact_ready_impact_health_score: 0.2055
Metrics/racket_target/post_contact_ready_peak_base_ang_vel: 0.6668
Metrics/racket_target/post_contact_ready_peak_ang_vel_excess_increment: 0.0000
Metrics/racket_target/post_contact_ready_envelope_violation_latch: 0.0938
Metrics/racket_target/post_contact_ready_envelope_violation_event: 0.0000
Metrics/racket_target/post_contact_ready_envelope_first_violation_step: 0.7266
Metrics/racket_target/post_contact_ready_envelope_attempts: 1048.4688
Metrics/racket_target/post_contact_ready_envelope_violation_rate: 0.2793
Metrics/racket_target/post_contact_ready_envelope_tilt_violation_rate: 0.1175
Metrics/racket_target/post_contact_ready_envelope_pitch_violation_rate: 0.1974
Metrics/racket_target/post_contact_ready_envelope_com_violation_rate: 0.1391
Metrics/racket_target/post_contact_ready_envelope_waist_violation_rate: 0.0000
Metrics/racket_target/post_contact_ready_envelope_leg_violation_rate: 0.0000
Metrics/racket_target/post_contact_ready_envelope_base_ang_vel_violation_rate: 0.1865
Metrics/racket_target/post_contact_ready_resolution_success_rate: 0.6717
Metrics/racket_target/post_contact_ready_resolution_fail_rate: 0.2738
Metrics/racket_target/post_contact_ready_resolution_success_latency_steps: 8.7386
Metrics/racket_target/post_contact_ready_resolution_fail_latency_steps: 65.8647
Metrics/racket_target/post_contact_ready_max_tilt: 0.0814
Metrics/racket_target/post_contact_ready_max_abs_pitch: 0.0669
Metrics/racket_target/post_contact_ready_max_com_x: 0.0456
Metrics/racket_target/post_contact_ready_max_com_y: 0.0350
Metrics/racket_target/post_contact_ready_max_waist_overflow: 0.0012
Metrics/racket_target/post_contact_ready_max_leg_overflow: 0.0152
Metrics/racket_target/post_contact_ready_settlement_velocity_score_ema: 0.4063
Metrics/racket_target/post_contact_ready_settlement_position_gate_ema: 0.2926
Metrics/racket_target/post_contact_ready_settlement_health_gate_ema: 0.9679
Metrics/racket_target/post_contact_ready_settlement_recovery_gate_ema: 0.6320
Metrics/racket_target/post_contact_ready_settlement_total_score_ema: 0.0664
Metrics/racket_target/post_contact_recovery_backlean_error: 0.2894
Metrics/racket_target/post_contact_recovery_directional_progress: -0.0782
Metrics/racket_target/post_contact_ready_torso_ok: 0.0000
Metrics/racket_target/post_contact_ready_motion_ok: 0.1328
Metrics/racket_target/post_contact_ready_support_ok: 0.2109
Metrics/racket_target/post_contact_ready_arm_ok: 1.0000
Metrics/racket_target/post_contact_ready_base_lin_vel_ok: 0.2344
Metrics/racket_target/post_contact_ready_base_ang_vel_ok: 0.1758
Metrics/racket_target/post_contact_ready_racket_speed_ok: 0.2422
Metrics/racket_target/post_contact_ready_height_ok: 0.2578
Metrics/racket_target/post_contact_ready_com_x_ok: 0.2109
Metrics/racket_target/post_contact_ready_com_y_ok: 0.5326
Metrics/racket_target/post_contact_ready_feet_ok: 0.5677
Metrics/racket_target/post_contact_ready_station_ok: 0.2109
Metrics/racket_target/post_contact_ready_fail_torso: 0.0000
Metrics/racket_target/post_contact_ready_fail_base_lin_vel: 0.0000
Metrics/racket_target/post_contact_ready_fail_base_ang_vel: 0.0000
Metrics/racket_target/post_contact_ready_fail_racket_speed: 0.0000
Metrics/racket_target/post_contact_ready_fail_support: 0.0000
Metrics/racket_target/post_contact_ready_fail_arm: 0.0000
Metrics/racket_target/post_contact_ready_shadow_now: 0.0000
Metrics/racket_target/post_contact_ready_shadow_consecutive_steps: 0.0000
Metrics/racket_target/post_contact_ready_shadow_success_latch: 0.0000
Metrics/racket_target/post_contact_ready_curriculum_level: 1.0000
Metrics/racket_target/post_contact_ready_curriculum_fraction: 0.3333
Metrics/racket_target/post_contact_ready_curriculum_success_ema: 0.2616
Metrics/racket_target/post_contact_ready_curriculum_shadow_success_ema: 0.0212
Metrics/racket_target/post_contact_ready_curriculum_resolved_events: 408.4219
Metrics/racket_target/post_contact_ready_curriculum_successful_events: 160.6250
Metrics/racket_target/post_contact_ready_curriculum_targeted_attempt_ema: 0.5180
Metrics/racket_target/post_contact_ready_curriculum_return_success_ema: 0.0037
Metrics/racket_target/post_contact_ready_curriculum_completed_swings: 661.6328
Metrics/racket_target/post_contact_ready_curriculum_advance_streak: 0.0000
Metrics/racket_target/post_contact_ready_curriculum_advance_guard_ok: 0.0000
Metrics/racket_target/post_contact_ready_effective_max_torso_ang_vel: 0.7800
Metrics/racket_target/post_contact_ready_effective_torso_x_min: -0.0750
Metrics/racket_target/post_contact_ready_effective_torso_x_max: 0.3000
Metrics/racket_target/post_contact_ready_effective_max_base_lin_vel: 0.2000
Metrics/racket_target/post_contact_ready_effective_max_base_ang_vel: 0.8200
Metrics/racket_target/post_contact_ready_effective_max_racket_speed: 1.0500
Metrics/racket_target/post_contact_ready_effective_min_feet_contact: 0.9500
Metrics/racket_target/post_contact_ready_effective_required_consecutive_steps: 5.0000
Metrics/racket_target/post_contact_ready_effective_deadline_steps: 85.0000
Metrics/racket_target/post_contact_ready_curriculum_advance_threshold: 0.3500
Metrics/racket_target/post_contact_ready_curriculum_advance_min_events: 1024.0000
Metrics/racket_target/post_contact_ready_curriculum_shadow_threshold: 0.1500
Metrics/racket_target/post_contact_ready_curriculum_min_targeted_attempt_ema: 0.1200
Metrics/racket_target/post_contact_ready_curriculum_min_return_success_ema: 0.0050
Metrics/racket_target/post_contact_ready_curriculum_min_completed_swings: 512.0000
Metrics/racket_target/post_contact_ready_curriculum_required_advance_checks: 2.0000
Metrics/racket_target/racket_normal_error_deg: 71.3781
Metrics/racket_target/impact_normal_error_deg: 12.7175
Metrics/racket_target/impact_racket_vel_error_mps: 1.5205
Metrics/racket_target/impact_racket_speed_ratio: 0.9930
Metrics/racket_target/impact_racket_vel_angle_deg: 43.0855
Metrics/racket_target/impact_racket_actual_vel_x: 0.8062
Metrics/racket_target/impact_racket_actual_vel_y: -0.1227
Metrics/racket_target/impact_racket_actual_vel_z: 0.9199
Metrics/racket_target/impact_racket_target_vel_x: 1.3012
Metrics/racket_target/impact_racket_target_vel_y: 0.0664
Metrics/racket_target/impact_racket_target_vel_z: 1.1645
Metrics/racket_target/impact_ball_out_error_mps: 3.2158
Metrics/racket_target/impact_face_radial_error_m: 0.5246
Metrics/racket_target/impact_face_normal_gap_m: 0.4881
Metrics/racket_target/impact_face_quality: 0.0764
Metrics/racket_target/impact_center_contact: 0.0000
Metrics/racket_target/impact_center_net_cross: 0.0000
Metrics/racket_target/impact_center_on_opponent: 0.0000
Metrics/racket_target/impact_rim_contact: 0.0000
Metrics/racket_target/impact_rim_net_cross: 0.0000
Metrics/racket_target/impact_rim_on_opponent: 0.0000
Metrics/racket_target/impact_analytic_outer_contact: 0.0000
Metrics/racket_target/impact_analytic_outer_net_cross: 0.0000
Metrics/racket_target/impact_analytic_outer_on_opponent: 0.0000
Metrics/racket_target/impact_planner_pos_error_m: 0.7335
Metrics/racket_target/impact_planner_vel_error_mps: 1.5205
Metrics/racket_target/impact_planner_speed_ratio: 0.9930
Metrics/racket_target/impact_planner_vel_angle_deg: 43.0855
Metrics/racket_target/impact_healthy_normal_ok: 0.0000
Metrics/racket_target/impact_healthy_contact: 0.0000
Metrics/racket_target/impact_healthy_net_cross: 0.0000
Metrics/racket_target/impact_healthy_on_opponent: 0.0000
Metrics/racket_target/current_swing_impact_health_score: 0.0199
Metrics/racket_target/current_swing_healthy_contact: 0.0208
Metrics/racket_target/current_swing_healthy_net_cross: 0.0000
Metrics/racket_target/current_swing_healthy_on_opponent: 0.0000
Metrics/racket_target/current_swing_healthy_normal_ok: 0.3477
Metrics/racket_target/current_swing_contact: 0.0208
Metrics/racket_target/current_swing_net_cross: 0.0000
Metrics/racket_target/current_swing_on_opponent: 0.0000
Metrics/racket_target/current_swing_center_contact: 0.0000
Metrics/racket_target/current_swing_center_net_cross: 0.0000
Metrics/racket_target/current_swing_center_on_opponent: 0.0000
Metrics/racket_target/current_swing_rim_contact: 0.0156
Metrics/racket_target/current_swing_rim_net_cross: 0.0000
Metrics/racket_target/current_swing_rim_on_opponent: 0.0000
Metrics/racket_target/current_swing_analytic_outer_contact: 0.0052
Metrics/racket_target/current_swing_analytic_outer_net_cross: 0.0000
Metrics/racket_target/current_swing_analytic_outer_on_opponent: 0.0000
Metrics/racket_target/cycle_v2_outcome_tier: -1.0000
Metrics/racket_target/cycle_v2_streak: 0.0000
Metrics/racket_target/closed_loop_recovery_trigger_event: 0.0000
Metrics/racket_target/closed_loop_cycle_success_event: 0.0000
Metrics/racket_target/closed_loop_durable_cycle_success_event: 0.0000
Metrics/racket_target/closed_loop_phase_id: 2.0677
Metrics/racket_target/closed_loop_phase_ready_no_command: 0.0794
Metrics/racket_target/closed_loop_phase_command_acquire: 0.4453
Metrics/racket_target/closed_loop_phase_pre_strike: 0.2148
Metrics/racket_target/closed_loop_phase_strike: 0.0547
Metrics/racket_target/closed_loop_phase_follow_through: 0.0000
Metrics/racket_target/closed_loop_phase_recovery: 0.2057
Metrics/racket_target/closed_loop_phase_next_ready: 0.0000
Metrics/racket_target/post_contact_phase_impact_0_100ms_attempts: 1048.4688
Metrics/racket_target/post_contact_phase_impact_0_100ms_tilt_gt_0p1_rate: 0.9914
Metrics/racket_target/post_contact_phase_impact_0_100ms_pitch_gt_0p1_rate: 0.9668
Metrics/racket_target/post_contact_phase_impact_0_100ms_waist_overflow_gt_1p0_rate: 0.0000
Metrics/racket_target/post_contact_phase_impact_0_100ms_base_ang_vel_gt_0p8_rate: 0.9344
Metrics/racket_target/post_contact_phase_brake_100_300ms_attempts: 1033.2188
Metrics/racket_target/post_contact_phase_brake_100_300ms_tilt_gt_0p1_rate: 0.9267
Metrics/racket_target/post_contact_phase_brake_100_300ms_pitch_gt_0p1_rate: 0.8076
Metrics/racket_target/post_contact_phase_brake_100_300ms_waist_overflow_gt_1p0_rate: 0.0000
Metrics/racket_target/post_contact_phase_brake_100_300ms_base_ang_vel_gt_0p8_rate: 0.8882
Metrics/racket_target/post_contact_phase_settle_300_600ms_attempts: 995.7734
Metrics/racket_target/post_contact_phase_settle_300_600ms_tilt_gt_0p1_rate: 0.6062
Metrics/racket_target/post_contact_phase_settle_300_600ms_pitch_gt_0p1_rate: 0.5487
Metrics/racket_target/post_contact_phase_settle_300_600ms_waist_overflow_gt_1p0_rate: 0.0000
Metrics/racket_target/post_contact_phase_settle_300_600ms_base_ang_vel_gt_0p8_rate: 0.7404
Metrics/racket_target/post_contact_phase_ready_after_600ms_attempts: 951.8984
Metrics/racket_target/post_contact_phase_ready_after_600ms_tilt_gt_0p1_rate: 0.4805
Metrics/racket_target/post_contact_phase_ready_after_600ms_pitch_gt_0p1_rate: 0.4004
Metrics/racket_target/post_contact_phase_ready_after_600ms_waist_overflow_gt_1p0_rate: 0.0000
Metrics/racket_target/post_contact_phase_ready_after_600ms_base_ang_vel_gt_0p8_rate: 0.9656
Metrics/racket_target/base_pitch_like_signed: -0.2837
Metrics/racket_target/base_backward_velocity: 0.7025
Metrics/racket_target/waist_action_rms: 0.4852
Metrics/racket_target/right_arm_action_rms: 3.2270
Metrics/racket_target/leg_action_rms: 0.6180
Metrics/racket_target/action_abs_max: 5.7985
Metrics/racket_target/applied_action_abs_max: 5.7985
Metrics/racket_target/leg_action_abs_max: 1.2513
Metrics/racket_target/effective_action_abs_max: 5.7284
Metrics/racket_target/action_clamp_fraction: 0.0231
Metrics/racket_target/waist_action_clamp_fraction: 0.0260
Metrics/racket_target/right_arm_action_clamp_fraction: 0.0067
Metrics/racket_target/leg_action_clamp_fraction: 0.0493
Metrics/racket_target/waist_q_tracking_error_rms: 0.3491
Metrics/racket_target/right_arm_q_tracking_error_rms: 0.1440
Metrics/racket_target/leg_q_tracking_error_rms: 0.2376
Metrics/racket_target/waist_torque_clip_fraction: 0.0000
Metrics/racket_target/right_arm_torque_clip_fraction: 0.0045
Metrics/racket_target/leg_torque_clip_fraction: 0.0000
Metrics/racket_target/waist_action_delta_rms: 0.1585
Metrics/racket_target/right_arm_action_delta_rms: 0.3555
Metrics/racket_target/leg_action_delta_rms: 0.2551
Metrics/racket_target/waist_joint_vel_rms: 0.8985
Metrics/racket_target/right_arm_joint_vel_rms: 1.0836
Metrics/racket_target/leg_joint_vel_rms: 1.1164
Metrics/racket_target/recovery_leg_action_abs_max: 0.9644
Metrics/racket_target/recovery_leg_action_delta_rms: 0.1913
Metrics/racket_target/recovery_leg_joint_vel_rms: 0.8654
Metrics/racket_target/physical_contact_health_score: 0.0000
Metrics/racket_target/physical_contact_face_quality: 0.0000
Metrics/racket_target/physical_contact_outcome_quality: 0.0000
Metrics/racket_target/physical_contact_quality_command_scale: 1.0000
Metrics/racket_target/physical_contact_planner_alignment: 0.0000
Metrics/racket_target/physical_contact_planner_alignment_raw: 0.0000
Metrics/racket_target/physical_recovery_pending: 0.0625
Metrics/racket_target/physical_recovery_tier: 0.0625
Metrics/racket_target/physical_recovery_success_event: 0.0000
Metrics/racket_target/physical_recovery_failure_event: 0.0469
Metrics/racket_target/physical_recovery_nonterminal_failure_event: 0.0000
Metrics/racket_target/physical_recovery_terminal_failure_event: 0.0469
Metrics/racket_target/physical_center_contact_event: 0.0000
Metrics/racket_target/physical_aligned_contact_event: 0.0000
Metrics/racket_target/physical_ability_level: 0.0000
Metrics/racket_target/physical_ability_batch_events: 295.0469
Metrics/racket_target/physical_ability_raw_contact_ema: 0.4316
Metrics/racket_target/physical_ability_contact_ema: 0.1056
Metrics/racket_target/physical_ability_aligned_contact_ema: 0.0641
Metrics/racket_target/physical_ability_net_ema: 0.0006
Metrics/racket_target/physical_ability_bounce_ema: 0.0006
Metrics/racket_target/physical_ability_recovery_ema: 0.6417
Metrics/racket_target/physical_ability_safety_ema: 0.8269
Metrics/racket_target/physical_ability_recovery_threshold: 0.2020
Metrics/racket_target/physical_ability_contact_threshold: 0.1885
Metrics/racket_target/physical_ability_aligned_contact_threshold: 0.0000
Metrics/racket_target/physical_ability_net_threshold: 0.0000
Metrics/racket_target/physical_ability_bounce_threshold: 0.0000
     Metrics/physical_shadow/phase: 1.5599
Metrics/physical_shadow/route_valid: 1.0000
Metrics/physical_shadow/route_curriculum_level: 1.0000
Metrics/physical_shadow/serve_event: 0.0000
Metrics/physical_shadow/incoming_bounce_event: 0.0000
Metrics/physical_shadow/contact_event: 0.0000
Metrics/physical_shadow/net_cross_event: 0.0000
Metrics/physical_shadow/outgoing_landing_event: 0.0000
Metrics/physical_shadow/opponent_bounce_event: 0.0000
Metrics/physical_shadow/landing_short_event: 0.0000
Metrics/physical_shadow/landing_long_event: 0.0000
Metrics/physical_shadow/landing_side_event: 0.0000
Metrics/physical_shadow/landing_no_net_event: 0.0000
Metrics/physical_shadow/abort_event: 0.0000
Metrics/physical_shadow/timeout_event: 0.0469
Metrics/physical_shadow/route_unalignable_event: 0.0000
Metrics/physical_shadow/route_invalid_event: 0.0000
Metrics/physical_shadow/incoming_net_collision_event: 0.0000
Metrics/physical_shadow/reset_abort_event: 0.0000
Metrics/physical_shadow/command_refresh_event: 0.0664
Metrics/physical_shadow/incoming_bounce_latch: 0.4753
Metrics/physical_shadow/contact_latch: 0.1602
Metrics/physical_shadow/net_cross_latch: 0.0000
Metrics/physical_shadow/opponent_bounce_latch: 0.0000
Metrics/physical_shadow/launch_timing_error_s: -0.0005
Metrics/physical_shadow/contact_true_target_error: 0.0094
Metrics/physical_shadow/contact_planner_position_error: 0.0151
Metrics/physical_shadow/contact_planner_velocity_error: 0.1512
Metrics/physical_shadow/contact_planner_velocity_direction_error_deg: 5.4399
Metrics/physical_shadow/contact_planner_normal_error_deg: 4.1090
Metrics/physical_shadow/contact_outgoing_velocity_error: 0.4702
Metrics/physical_shadow/contact_outgoing_speed: 0.4268
Metrics/physical_shadow/contact_target_outgoing_speed: 0.6232
Metrics/physical_shadow/contact_outgoing_speed_ratio: 0.1088
Metrics/physical_shadow/contact_outgoing_direction_error_deg: 8.0013
Metrics/physical_shadow/contact_outgoing_velocity_x: 0.0830
Metrics/physical_shadow/contact_outgoing_velocity_y: 0.1708
Metrics/physical_shadow/contact_outgoing_velocity_z: 0.3656
Metrics/physical_shadow/contact_target_outgoing_velocity_x: 0.5180
Metrics/physical_shadow/contact_target_outgoing_velocity_y: 0.0496
Metrics/physical_shadow/contact_target_outgoing_velocity_z: 0.3269
Metrics/physical_shadow/contact_incoming_velocity_error: 0.0644
Metrics/physical_shadow/contact_incoming_velocity_direction_error_deg: 1.6384
Metrics/physical_shadow/contact_route_incoming_velocity_error: 0.0421
Metrics/physical_shadow/contact_route_incoming_velocity_direction_error_deg: 1.0881
Metrics/physical_shadow/contact_actual_route_incoming_velocity_error: 0.0425
Metrics/physical_shadow/contact_command_normal_only_error: 0.0226
Metrics/physical_shadow/contact_command_training_model_error: 0.0259
Metrics/physical_shadow/contact_command_physics_model_error: 0.0477
Metrics/physical_shadow/contact_actual_training_model_residual: 0.0820
Metrics/physical_shadow/contact_actual_physics_model_residual: 0.1229
Metrics/physical_shadow/contact_actual_normal_only_model_residual: 0.0706
Metrics/physical_shadow/contact_actual_training_predicted_target_error: 0.4155
Metrics/physical_shadow/contact_actual_physics_predicted_target_error: 0.3713
Metrics/physical_shadow/contact_actual_normal_only_predicted_target_error: 0.4338
Metrics/physical_shadow/contact_force_direction_valid: 0.1263
Metrics/physical_shadow/contact_force_vs_racket_normal_angle_deg: 0.0782
Metrics/physical_shadow/contact_actual_force_direction_model_residual: 0.1204
Metrics/physical_shadow/contact_actual_force_direction_predicted_target_error: 0.3740
Metrics/physical_shadow/contact_physx_data_valid: 0.1602
Metrics/physical_shadow/contact_physx_force: 0.6814
Metrics/physical_shadow/contact_physx_separation: -0.0000
Metrics/physical_shadow/contact_physx_normal_error_deg: 0.5309
Metrics/physical_shadow/contact_physx_point_radial_error: 0.0110
Metrics/physical_shadow/contact_actual_physx_normal_model_residual: 0.1037
Metrics/physical_shadow/contact_actual_physx_normal_predicted_target_error: 0.3787
Metrics/physical_shadow/contact_physx_substep_valid: 0.1602
Metrics/physical_shadow/contact_physx_substep_normal_error_deg: 0.5189
Metrics/physical_shadow/contact_physx_substep_point_radial_error: 0.0110
Metrics/physical_shadow/contact_physx_substep_point_normal_offset: -0.0005
Metrics/physical_shadow/contact_physx_patch_substeps: 0.1602
Metrics/physical_shadow/contact_physx_normal_impulse: 0.0017
Metrics/physical_shadow/contact_physx_capture_lag_s: 0.0011
Metrics/physical_shadow/contact_physx_contact_point_speed_delta: 0.0126
Metrics/physical_shadow/contact_physx_substep_link_model_residual: 0.1096
Metrics/physical_shadow/contact_physx_substep_point_model_residual: 0.1085
Metrics/physical_shadow/contact_physx_substep_outgoing_target_error: 0.4700
Metrics/physical_shadow/contact_physx_measured_restitution: 0.1047
Metrics/physical_shadow/contact_physx_pre_ball_speed: 0.2617
Metrics/physical_shadow/contact_physx_post_ball_speed: 0.4326
Metrics/physical_shadow/contact_physx_point_x: 0.3143
Metrics/physical_shadow/contact_physx_point_y: -0.3701
Metrics/physical_shadow/contact_physx_point_z: 0.1968
Metrics/physical_shadow/contact_physx_normal_x: 0.0806
Metrics/physical_shadow/contact_physx_normal_y: 0.0488
Metrics/physical_shadow/contact_physx_normal_z: 0.1255
Metrics/physical_shadow/contact_physx_pre_ball_velocity_x: -0.1948
Metrics/physical_shadow/contact_physx_pre_ball_velocity_y: 0.0066
Metrics/physical_shadow/contact_physx_pre_ball_velocity_z: -0.1641
Metrics/physical_shadow/contact_physx_post_ball_velocity_x: 0.0830
Metrics/physical_shadow/contact_physx_post_ball_velocity_y: 0.1710
Metrics/physical_shadow/contact_physx_post_ball_velocity_z: 0.3730
Metrics/physical_shadow/contact_physx_pre_racket_point_velocity_x: 0.1022
Metrics/physical_shadow/contact_physx_pre_racket_point_velocity_y: 0.0479
Metrics/physical_shadow/contact_physx_pre_racket_point_velocity_z: 0.1186
Metrics/physical_shadow/contact_physx_post_racket_point_velocity_x: 0.0988
Metrics/physical_shadow/contact_physx_post_racket_point_velocity_y: 0.0472
Metrics/physical_shadow/contact_physx_post_racket_point_velocity_z: 0.1116
Metrics/physical_shadow/contact_physx_pre_ball_angular_velocity_x: -1.0563
Metrics/physical_shadow/contact_physx_pre_ball_angular_velocity_y: -35.0140
Metrics/physical_shadow/contact_physx_pre_ball_angular_velocity_z: 0.0000
Metrics/physical_shadow/contact_physx_post_ball_angular_velocity_x: -7.2286
Metrics/physical_shadow/contact_physx_post_ball_angular_velocity_y: -20.0297
Metrics/physical_shadow/contact_physx_post_ball_angular_velocity_z: 1.1011
Metrics/physical_shadow/contact_physx_pre_ball_surface_tangent_speed: 0.5115
Metrics/physical_shadow/contact_physx_post_ball_spin_speed: 24.0265
Metrics/physical_shadow/contact_impact_normal_error_deg: 4.1090
Metrics/physical_shadow/contact_wire_impact_normal_gap_deg: 0.0000
Metrics/physical_shadow/contact_face_radial_error: 0.0118
Metrics/physical_shadow/contact_time_to_strike: 0.0030
Metrics/physical_shadow/landing_target_error: 0.2389
Metrics/physical_shadow/landing_target_x_error: -0.2260
Metrics/physical_shadow/landing_target_y_error: 0.0720
Metrics/physical_shadow/landing_position_x: 0.5799
Metrics/physical_shadow/landing_position_y: 0.3343
Metrics/physical_shadow/command_refresh_valid: 0.4753
Metrics/physical_shadow/command_refresh_count: 11.5104
Metrics/physical_shadow/command_refresh_tts_s: 0.1394
Metrics/physical_shadow/command_refresh_position_delta: 0.0079
Metrics/physical_shadow/command_refresh_incoming_velocity_delta: 0.0116
Metrics/physical_shadow/command_refresh_timing_delta_s: 0.0017
Metrics/physical_shadow/command_refresh_racket_velocity_delta: 0.0026
Metrics/physical_shadow/command_refresh_normal_delta_deg: 0.0493
Metrics/physical_shadow/minimum_ball_racket_distance: 0.1290
      Episode_Termination/time_out: 0.2734
  Episode_Termination/base_too_low: 0.0000
   Episode_Termination/base_tilted: 0.7578
   Episode_Termination/table_touch: 0.1562
Episode_Termination/persistent_action_overflow: 0.0000
--------------------------------------------------------------------------------
                   Total timesteps: 294912
                    Iteration time: 25.29s
                      Time elapsed: 00:03:08
                               ETA: 00:14:39

################################################################################
                      [1m Learning iteration 209/250 [0m                      

                       Computation: 1346 steps/s (collection: 24.300s, learning 0.028s)
             Mean action noise std: 0.08
          Mean value_function loss: 0.7796
               Mean surrogate loss: 0.0014
                 Mean entropy loss: -34.3080
      Mean critic_only_warmup loss: 0.0000
                       Mean reward: -1.05
               Mean episode length: 467.46
 Episode_Reward/undesired_contacts: -0.0001
  Episode_Reward/feet_contact_slip: -0.0018
     Episode_Reward/table_no_touch: -0.0009
              Episode_Reward/alive: 0.0065
          Episode_Reward/imitation: 0.0974
Episode_Reward/planner_racket_task_space_crossfade: 0.0801
Episode_Reward/healthy_trunk_support: 0.0545
Episode_Reward/phase_action_overflow: -0.0001
Episode_Reward/prestrike_station_progress: 0.0008
 Episode_Reward/lower_body_support: 0.0241
Episode_Reward/termination_penalty: -0.2214
Episode_Reward/phase_action_rate_waist: -0.0002
Episode_Reward/phase_action_rate_upper: -0.0001
Episode_Reward/phase_action_rate_legs: -0.0001
        Episode_Reward/joint_limit: -0.0259
Episode_Reward/prestrike_racket_progress: 0.0844
Episode_Reward/operational_joint_margin: -0.0104
  Episode_Reward/joint_target_slew: -0.0516
Episode_Reward/actuator_waist_feasibility: -0.0001
Episode_Reward/actuator_right_arm_feasibility: -0.0000
Episode_Reward/actuator_leg_feasibility: -0.0000
Episode_Reward/physical_outcome_events: 0.0124
Episode_Reward/physical_contact_planner_alignment: 0.0357
Episode_Reward/physical_recovery_settlement: -0.0339
Episode_Reward/physical_capability_curriculum: 0.0000
Episode_Reward/durable_recovery_progress: -0.0011
Episode_Reward/durable_recovery_success: 0.0037
Episode_Reward/durable_recovery_failure: -0.1237
Episode_Reward/no_command_instability: -0.0171
Episode_Reward/safe_strike_inactivity: -0.0188
    Metrics/motion/error_joint_pos: 1.8609
    Metrics/motion/error_joint_vel: 4.5847
     Metrics/motion/error_body_pos: 0.1970
     Metrics/motion/error_body_rot: 0.6885
       Metrics/motion/motion_phase: 0.3728
            Metrics/motion/in_hold: 0.4792
Metrics/motion/motion_start_warmup_prob: 0.7500
Metrics/motion/motion_start_lifecycle_progress: 0.0000
Metrics/motion/motion_start_effective_prestrike_fraction: 1.0000
Metrics/motion/motion_start_effective_recovery_fraction: 0.0000
Metrics/motion/motion_start_effective_rsi_fraction: 0.0000
 Metrics/motion/motion_start_reset: 0.1250
Metrics/motion/motion_start_prestrike_reset: 0.0000
Metrics/motion/motion_start_recovery_reset: 0.0000
Metrics/motion/motion_start_rsi_reset: 0.0000
 Metrics/motion/single_cycle_reset: 0.0000
     Metrics/motion/motion_clip_id: 0.5482
Metrics/motion/motion_supplemental_clip: 0.0000
      Metrics/motion/stand_episode: 0.0820
Metrics/motion/default_stand_reset: 0.0898
Metrics/motion/error_body_pos_lower: 0.2270
Metrics/motion/error_body_rot_lower: 0.7169
Metrics/motion/error_body_lin_vel_lower: 0.5377
Metrics/motion/error_body_ang_vel_lower: 1.6819
Metrics/motion/reference_body_lin_speed_lower: 0.0075
Metrics/motion/robot_body_lin_speed_lower: 0.5366
Metrics/motion/error_body_pos_core: 0.1065
Metrics/motion/error_body_rot_core: 0.4954
Metrics/motion/error_body_lin_vel_core: 1.1207
Metrics/motion/error_body_ang_vel_core: 1.7429
Metrics/motion/reference_body_lin_speed_core: 0.0070
Metrics/motion/robot_body_lin_speed_core: 1.1211
Metrics/motion/error_body_pos_upper: 0.1973
Metrics/motion/error_body_rot_upper: 0.7245
Metrics/motion/error_body_lin_vel_upper: 1.5746
Metrics/motion/error_body_ang_vel_upper: 2.5647
Metrics/motion/reference_body_lin_speed_upper: 0.0161
Metrics/motion/robot_body_lin_speed_upper: 1.5745
Metrics/motion/error_joint_pos_waist: 0.4283
Metrics/motion/error_joint_vel_waist: 1.2626
Metrics/motion/reference_joint_speed_waist: 0.0089
Metrics/motion/error_joint_pos_arms: 1.6240
Metrics/motion/error_joint_vel_arms: 3.0549
Metrics/motion/reference_joint_speed_arms: 0.0390
Metrics/motion/error_joint_pos_legs: 0.7480
Metrics/motion/error_joint_vel_legs: 2.9024
Metrics/motion/reference_joint_speed_legs: 0.0023
Metrics/racket_target/racket_pos_error: 0.4284
Metrics/racket_target/racket_vel_error: 1.5087
Metrics/racket_target/time_to_strike: 0.1190
Metrics/racket_target/return_success: 0.0000
Metrics/racket_target/prev_return_success: 0.0078
Metrics/racket_target/prev_net_cross: 0.0078
Metrics/racket_target/current_net_cross: 0.0000
Metrics/racket_target/racket_pos_curriculum_scale: 1.0000
Metrics/racket_target/impact_inverse_command_blend: 1.0000
Metrics/racket_target/steps_since_target_resample: 125.1719
Metrics/racket_target/recovery_height_error: 0.1524
Metrics/racket_target/recovery_upright_error: 0.4736
Metrics/racket_target/recovery_base_lin_vel: 0.7715
Metrics/racket_target/recovery_base_ang_vel: 1.5683
Metrics/racket_target/recovery_station_error: 0.4366
Metrics/racket_target/recovery_feet_contact_frac: 0.8359
Metrics/racket_target/recovery_racket_speed: 2.1892
Metrics/racket_target/recovery_height_score: 0.3895
Metrics/racket_target/recovery_upright_score: 0.3070
Metrics/racket_target/recovery_lin_vel_score: 0.2828
Metrics/racket_target/recovery_ang_vel_score: 0.2119
Metrics/racket_target/recovery_station_score: 0.3367
Metrics/racket_target/recovery_racket_score: 0.1629
Metrics/racket_target/recovery_arm_score: 0.5295
Metrics/racket_target/recovery_ready_score: 0.3714
Metrics/racket_target/recovery_anchor_arm_score: 1.0000
Metrics/racket_target/recovery_core_ready_score: 0.2770
Metrics/racket_target/recovery_functional_ready_score: 0.2510
Metrics/racket_target/waist_action_overflow_rms: 0.0000
Metrics/racket_target/right_arm_action_overflow_rms: 0.0107
Metrics/racket_target/leg_action_overflow_rms: 0.0191
Metrics/racket_target/operational_margin_fraction: 0.0244
Metrics/racket_target/waist_operational_margin_fraction: 0.0052
Metrics/racket_target/right_arm_operational_margin_fraction: 0.0056
Metrics/racket_target/leg_operational_margin_fraction: 0.0585
Metrics/racket_target/waist_operational_excess_rms: 0.0003
Metrics/racket_target/right_arm_operational_excess_rms: 0.0016
Metrics/racket_target/leg_operational_excess_rms: 0.0140
Metrics/racket_target/q_des_velocity_violation_fraction: 0.0365
Metrics/racket_target/waist_q_des_velocity_violation_fraction: 0.0000
Metrics/racket_target/right_arm_q_des_velocity_violation_fraction: 0.0033
Metrics/racket_target/leg_q_des_velocity_violation_fraction: 0.0812
Metrics/racket_target/q_des_acceleration_violation_fraction: 0.5317
Metrics/racket_target/waist_q_des_acceleration_violation_fraction: 0.6385
Metrics/racket_target/right_arm_q_des_acceleration_violation_fraction: 0.4823
Metrics/racket_target/leg_q_des_acceleration_violation_fraction: 0.7220
Metrics/racket_target/waist_q_des_velocity_rms: 3.4625
Metrics/racket_target/right_arm_q_des_velocity_rms: 3.4674
Metrics/racket_target/leg_q_des_velocity_rms: 5.5328
Metrics/racket_target/waist_q_des_acceleration_rms: 289.6136
Metrics/racket_target/right_arm_q_des_acceleration_rms: 276.6461
Metrics/racket_target/leg_q_des_acceleration_rms: 462.1810
Metrics/racket_target/action_operational_feasibility_score: 0.8351
Metrics/racket_target/actuator_overflow_consecutive_steps: 0.0000
Metrics/racket_target/actuator_overflow_severe: 0.0000
Metrics/racket_target/recovery_phase_gate: 0.9297
Metrics/racket_target/recovery_phase_ready_score: 0.3479
Metrics/racket_target/recovery_contact_ready_score: 0.0010
Metrics/racket_target/recovery_net_ready_score: 0.0000
Metrics/racket_target/recovery_return_ready_score: 0.0000
Metrics/racket_target/cycle_success_ready_score: 0.0000
Metrics/racket_target/cycle_success_soft: 0.0000
Metrics/racket_target/cycle_success_binary: 0.0000
Metrics/racket_target/cycle_v2_pending: 0.0000
Metrics/racket_target/cycle_v2_attempt_latch: 0.0000
Metrics/racket_target/cycle_v2_ready_success_latch: 0.0000
Metrics/racket_target/cycle_v2_ready_fail_latch: 0.0000
Metrics/racket_target/cycle_v2_attempt_event: 0.0000
Metrics/racket_target/cycle_v2_ready_success_event: 0.0000
Metrics/racket_target/cycle_v2_ready_fail_event: 0.0000
Metrics/racket_target/cycle_v2_unresolved_resample_fail_event: 0.0000
Metrics/racket_target/cycle_v2_resolved_event: 0.0000
Metrics/racket_target/cycle_v2_command_visible_steps: 0.0000
Metrics/racket_target/cycle_v2_elapsed_steps: 0.0000
Metrics/racket_target/cycle_v2_ready_score: 0.0000
Metrics/racket_target/cycle_v2_ready_ok: 0.0000
Metrics/racket_target/cycle_v2_visible: 0.0000
Metrics/racket_target/cycle_v2_ready_score_ok: 0.0000
Metrics/racket_target/cycle_v2_height_ok: 0.0000
Metrics/racket_target/cycle_v2_upright_ok: 0.0000
Metrics/racket_target/cycle_v2_base_lin_vel_ok: 0.0000
Metrics/racket_target/cycle_v2_base_ang_vel_ok: 0.0000
Metrics/racket_target/cycle_v2_feet_ok: 0.0000
Metrics/racket_target/cycle_v2_core_ready_ok: 0.0000
Metrics/racket_target/cycle_v2_ready_consecutive_steps: 0.0000
Metrics/racket_target/single_cycle_bootstrap: 0.0000
Metrics/racket_target/single_cycle_swing_completed: 0.0000
Metrics/racket_target/single_cycle_recovery_active: 0.0000
Metrics/racket_target/single_cycle_recovery_elapsed_steps: 0.0000
Metrics/racket_target/single_cycle_ready_consecutive_steps: 0.0000
Metrics/racket_target/single_cycle_safe_timeout_event: 0.0000
Metrics/racket_target/single_cycle_deadline_timeout_event: 0.0000
Metrics/racket_target/single_cycle_timeout_latch: 0.0000
Metrics/racket_target/single_cycle_hard_failure_event: 0.0000
Metrics/racket_target/single_cycle_probability: 0.0000
Metrics/racket_target/single_cycle_curriculum_level: 0.0000
Metrics/racket_target/single_cycle_effective_deadline_steps: 100.0000
Metrics/racket_target/single_cycle_selected_events: 0.0000
Metrics/racket_target/single_cycle_completed_events: 0.0000
Metrics/racket_target/single_cycle_safe_timeout_events: 0.0000
Metrics/racket_target/single_cycle_deadline_timeout_events: 0.0000
Metrics/racket_target/single_cycle_hard_failure_events: 0.0000
Metrics/racket_target/active_ready_consecutive_steps: 0.0625
Metrics/racket_target/active_ready_success_event: 0.0000
Metrics/racket_target/active_ready_success_latch: 0.0820
Metrics/racket_target/active_ready_survival_steps: 0.0000
Metrics/racket_target/active_ready_survival_next_milestone: 0.0000
Metrics/racket_target/active_ready_survival_milestone_event: 0.0000
Metrics/racket_target/no_command_ready_active: 0.2031
Metrics/racket_target/no_command_from_stand_episode: 0.0820
Metrics/racket_target/no_command_from_default_stand_reset: 0.0820
Metrics/racket_target/no_command_ready_upright_ok: 0.0352
Metrics/racket_target/no_command_ready_motion_ok: 0.0352
Metrics/racket_target/no_command_ready_score: 0.0430
Metrics/racket_target/no_command_ready_progress: -0.0327
Metrics/racket_target/no_command_ready_station_error: 0.1214
Metrics/racket_target/no_command_ready_fixed_station_error: 0.1214
Metrics/racket_target/healthy_training_stage: 3.0000
Metrics/racket_target/healthy_stage_planted_rehearsal: 0.0000
Metrics/racket_target/healthy_stage_station_hold_seen: 0.0000
Metrics/racket_target/healthy_stage_station_arrived: 0.0000
Metrics/racket_target/healthy_stage_station_settled: 0.0000
Metrics/racket_target/healthy_stage_station_settle_steps: 0.0000
Metrics/racket_target/station_relocation_active: 0.0000
Metrics/racket_target/station_relocation_target_offset_y: 0.0000
Metrics/racket_target/station_relocation_error: 0.0000
Metrics/racket_target/station_relocation_arrival_event: 0.0000
Metrics/racket_target/station_relocation_settle_event: 0.0000
Metrics/racket_target/station_relocation_release_event: 0.0000
Metrics/racket_target/station_relocation_timeout_event: 0.0000
Metrics/racket_target/station_relocation_elapsed_steps: 0.0000
Metrics/racket_target/station_relocation_hold_deadline_steps: 0.0000
Metrics/racket_target/lifecycle_recovery_hold_active: 0.0000
Metrics/racket_target/lifecycle_recovery_release_success_event: 0.0000
Metrics/racket_target/lifecycle_recovery_release_fail_event: 0.0000
Metrics/racket_target/station_relocation_level: 0.0000
Metrics/racket_target/station_relocation_arrival_ema: 0.0000
Metrics/racket_target/station_relocation_settle_ema: 0.0000
Metrics/racket_target/station_relocation_contact_ema: 0.0000
Metrics/racket_target/station_relocation_safety_ema: 0.0000
Metrics/racket_target/station_relocation_resolved_events: 0.0000
Metrics/racket_target/station_relocation_terminal_reset_events: 0.0000
Metrics/racket_target/station_relocation_advance_streak: 0.0000
Metrics/racket_target/station_relocation_regress_streak: 0.0000
Metrics/racket_target/station_relocation_effective_max_lin_vel: 0.0000
Metrics/racket_target/station_relocation_effective_max_ang_vel: 0.0000
Metrics/racket_target/station_relocation_effective_min_settle_steps: 0.0000
Metrics/racket_target/ability_curriculum_level: 0.0000
Metrics/racket_target/ability_curriculum_scale: 1.0000
Metrics/racket_target/ability_curriculum_resolved_events: 0.0000
Metrics/racket_target/ability_curriculum_total_resolved_events: 0.0000
Metrics/racket_target/ability_curriculum_advance_streak: 0.0000
Metrics/racket_target/ability_curriculum_regress_streak: 0.0000
Metrics/racket_target/ability_contact_ema: 0.0000
Metrics/racket_target/ability_net_ema: 0.0000
Metrics/racket_target/ability_success_ema: 0.0000
Metrics/racket_target/ability_recovery_ema: 0.0000
Metrics/racket_target/ability_cycle_ema: 0.0000
Metrics/racket_target/ability_cycle_attempt_ema: 0.0000
Metrics/racket_target/ability_cycle_resolved_ema: 0.0000
Metrics/racket_target/ability_forehand_contact_ema: 0.0000
Metrics/racket_target/ability_forehand_net_ema: 0.0000
Metrics/racket_target/ability_forehand_success_ema: 0.0000
Metrics/racket_target/ability_backhand_contact_ema: 0.0000
Metrics/racket_target/ability_backhand_net_ema: 0.0000
Metrics/racket_target/ability_backhand_success_ema: 0.0000
Metrics/racket_target/ability_attempt_ema: 0.0000
Metrics/racket_target/ability_targeted_attempt_ema: 0.0000
Metrics/racket_target/impact_health_floor_progress: 0.0000
Metrics/racket_target/ability_safety_ema: 1.0000
Metrics/racket_target/ability_station_saturation_ema: 0.0000
Metrics/racket_target/ability_healthy_normal_ema: 0.0000
Metrics/racket_target/ability_station_arrival_ema: 0.0000
Metrics/racket_target/ability_station_settle_ema: 0.0000
Metrics/racket_target/planner_hit_plane_blend: 1.0000
Metrics/racket_target/planner_hit_plane_x_delta: 0.0361
Metrics/racket_target/true_strike_table_x: 0.1999
Metrics/racket_target/planner_target_table_x: 0.1999
Metrics/racket_target/workspace_level: 0.0000
Metrics/racket_target/workspace_fringe_sample: 0.0000
Metrics/racket_target/workspace_target_lateral_norm: 0.2525
Metrics/racket_target/workspace_target_table_y: -0.1397
Metrics/racket_target/workspace_playable_y_min: -0.7225
Metrics/racket_target/workspace_playable_y_max: 0.7225
Metrics/racket_target/workspace_active_y_lo: -0.2007
Metrics/racket_target/workspace_active_y_hi: -0.0807
Metrics/racket_target/workspace_motion_seed_blend: 0.0000
Metrics/racket_target/planner_perturb_curriculum_scale: 0.0000
Metrics/racket_target/incoming_ball_horizontal_speed: 1.0918
Metrics/racket_target/incoming_ball_speed: 1.7039
Metrics/racket_target/incoming_ball_speed_curriculum_level: 0.0000
Metrics/racket_target/incoming_ball_speed_sample_low: 0.9000
Metrics/racket_target/incoming_ball_speed_sample_high: 1.2500
Metrics/racket_target/station_saturated: 1.0000
Metrics/racket_target/station_raw_clip_excess: 0.1028
Metrics/racket_target/station_saturated_x: 1.0000
Metrics/racket_target/station_saturated_y: 0.9844
Metrics/racket_target/station_raw_clip_excess_x: 0.0090
Metrics/racket_target/station_raw_clip_excess_y: 0.1020
Metrics/racket_target/current_swing_opportunity: 0.4896
Metrics/racket_target/current_swing_attempt: 0.4896
Metrics/racket_target/current_swing_targeted_attempt: 0.3880
Metrics/racket_target/prev_swing_targeted_attempt: 0.4818
Metrics/racket_target/current_swing_unsafe: 0.5417
Metrics/racket_target/current_swing_station_saturated: 1.0000
Metrics/racket_target/impact_health_score: 0.3581
Metrics/racket_target/impact_health_ok: 0.3685
Metrics/racket_target/impact_health_backlean_violation: 0.1491
Metrics/racket_target/impact_health_waist_backfold: 0.0000
Metrics/racket_target/impact_health_base_retreat: 0.3328
Metrics/racket_target/impact_health_torso_gravity_x: 0.0273
Metrics/racket_target/impact_health_torso_ang_vel: 1.7238
Metrics/racket_target/impact_health_com_x: 0.3226
Metrics/racket_target/impact_health_com_y: 0.1020
Metrics/racket_target/post_contact_ready_pending: 0.1797
Metrics/racket_target/post_contact_ready_elapsed_steps: 11.8333
Metrics/racket_target/post_contact_ready_consecutive_steps: 0.0000
Metrics/racket_target/post_contact_ready_diagnostic_pending: 0.3880
Metrics/racket_target/post_contact_ready_diagnostic_elapsed_steps: 21.3151
Metrics/racket_target/post_contact_ready_durable_pending: 0.2018
Metrics/racket_target/post_contact_ready_durable_consecutive_steps: 0.0000
Metrics/racket_target/post_contact_ready_durable_ready_now: 0.0000
Metrics/racket_target/post_contact_ready_durable_success_event: 0.0000
Metrics/racket_target/post_contact_ready_durable_fail_event: 0.0000
Metrics/racket_target/post_contact_ready_durable_resolution_success_rate: 0.3195
Metrics/racket_target/post_contact_ready_durable_resolution_fail_rate: 0.6333
Metrics/racket_target/post_contact_ready_durable_resolution_success_latency_steps: 52.0000
Metrics/racket_target/post_contact_ready_durable_resolution_fail_latency_steps: 47.4336
Metrics/racket_target/post_contact_ready_durable_fail_backlean_rate: 0.1099
Metrics/racket_target/post_contact_ready_durable_fail_forward_lean_rate: 0.8460
Metrics/racket_target/post_contact_ready_durable_fail_torso_ang_vel_rate: 0.2719
Metrics/racket_target/post_contact_ready_durable_fail_base_lin_vel_rate: 0.3039
Metrics/racket_target/post_contact_ready_durable_fail_base_ang_vel_rate: 0.4097
Metrics/racket_target/post_contact_ready_durable_fail_racket_speed_rate: 0.2963
Metrics/racket_target/post_contact_ready_durable_fail_height_rate: 0.1285
Metrics/racket_target/post_contact_ready_durable_fail_com_x_rate: 0.1966
Metrics/racket_target/post_contact_ready_durable_fail_com_y_rate: 0.1190
Metrics/racket_target/post_contact_ready_durable_fail_feet_rate: 0.1415
Metrics/racket_target/post_contact_ready_durable_fail_station_rate: 0.1532
Metrics/racket_target/post_contact_ready_durable_fail_arm_rate: 0.0949
Metrics/racket_target/post_contact_ready_terminal_window_active: 0.0156
Metrics/racket_target/post_contact_ready_terminal_quality: 0.1230
Metrics/racket_target/post_contact_ready_terminal_settlement_event: 0.0000
Metrics/racket_target/post_contact_ready_operational_ready_now: 0.0000
Metrics/racket_target/post_contact_ready_operational_consecutive_steps: 0.0000
Metrics/racket_target/post_contact_ready_safe_settlement_event: 0.0000
Metrics/racket_target/post_contact_ready_unsafe_settlement_event: 0.0000
Metrics/racket_target/post_contact_ready_incomplete_settlement_event: 0.0000
Metrics/racket_target/post_contact_ready_safe_net_cycle_event: 0.0000
Metrics/racket_target/post_contact_ready_terminal_quality_mean: 0.7629
Metrics/racket_target/post_contact_ready_safe_terminal_quality_mean: 0.8574
Metrics/racket_target/post_contact_ready_terminal_safe_rate: 0.7853
Metrics/racket_target/post_contact_ready_terminal_unsafe_rate: 0.2006
Metrics/racket_target/post_contact_ready_terminal_incomplete_rate: 0.0140
Metrics/racket_target/post_contact_ready_safe_net_cycle_rate: 0.0065
Metrics/racket_target/post_contact_ready_score: 0.2507
Metrics/racket_target/post_contact_ready_now: 0.0000
Metrics/racket_target/post_contact_ready_success_event: 0.0000
Metrics/racket_target/post_contact_ready_fail_event: 0.0000
Metrics/racket_target/post_contact_ready_outcome_tier: -0.9961
Metrics/racket_target/post_contact_ready_face_quality: 0.0681
Metrics/racket_target/post_contact_ready_safe_face_net_cycle_value: 0.0000
Metrics/racket_target/post_contact_ready_planner_speed_ratio: 0.3341
Metrics/racket_target/post_contact_ready_planner_direction_error_rad: 0.1622
Metrics/racket_target/post_contact_ready_planner_position_error: 0.0553
Metrics/racket_target/post_contact_ready_impact_health_score: 0.3611
Metrics/racket_target/post_contact_ready_peak_base_ang_vel: 0.5838
Metrics/racket_target/post_contact_ready_peak_ang_vel_excess_increment: 0.0665
Metrics/racket_target/post_contact_ready_envelope_violation_latch: 0.1602
Metrics/racket_target/post_contact_ready_envelope_violation_event: 0.0000
Metrics/racket_target/post_contact_ready_envelope_first_violation_step: 0.5586
Metrics/racket_target/post_contact_ready_envelope_attempts: 1190.2188
Metrics/racket_target/post_contact_ready_envelope_violation_rate: 0.2718
Metrics/racket_target/post_contact_ready_envelope_tilt_violation_rate: 0.1138
Metrics/racket_target/post_contact_ready_envelope_pitch_violation_rate: 0.1902
Metrics/racket_target/post_contact_ready_envelope_com_violation_rate: 0.1363
Metrics/racket_target/post_contact_ready_envelope_waist_violation_rate: 0.0000
Metrics/racket_target/post_contact_ready_envelope_leg_violation_rate: 0.0000
Metrics/racket_target/post_contact_ready_envelope_base_ang_vel_violation_rate: 0.1844
Metrics/racket_target/post_contact_ready_resolution_success_rate: 0.6314
Metrics/racket_target/post_contact_ready_resolution_fail_rate: 0.2972
Metrics/racket_target/post_contact_ready_resolution_success_latency_steps: 8.9339
Metrics/racket_target/post_contact_ready_resolution_fail_latency_steps: 67.8850
Metrics/racket_target/post_contact_ready_max_tilt: 0.1412
Metrics/racket_target/post_contact_ready_max_abs_pitch: 0.1371
Metrics/racket_target/post_contact_ready_max_com_x: 0.0812
Metrics/racket_target/post_contact_ready_max_com_y: 0.0278
Metrics/racket_target/post_contact_ready_max_waist_overflow: 0.0011
Metrics/racket_target/post_contact_ready_max_leg_overflow: 0.0069
Metrics/racket_target/post_contact_ready_settlement_velocity_score_ema: 0.4495
Metrics/racket_target/post_contact_ready_settlement_position_gate_ema: 0.3245
Metrics/racket_target/post_contact_ready_settlement_health_gate_ema: 0.9720
Metrics/racket_target/post_contact_ready_settlement_recovery_gate_ema: 0.6459
Metrics/racket_target/post_contact_ready_settlement_total_score_ema: 0.0851
Metrics/racket_target/post_contact_recovery_backlean_error: 0.2003
Metrics/racket_target/post_contact_recovery_directional_progress: -0.1196
Metrics/racket_target/post_contact_ready_torso_ok: 0.0273
Metrics/racket_target/post_contact_ready_motion_ok: 0.2057
Metrics/racket_target/post_contact_ready_support_ok: 0.3490
Metrics/racket_target/post_contact_ready_arm_ok: 1.0000
Metrics/racket_target/post_contact_ready_base_lin_vel_ok: 0.2917
Metrics/racket_target/post_contact_ready_base_ang_vel_ok: 0.3021
Metrics/racket_target/post_contact_ready_racket_speed_ok: 0.2839
Metrics/racket_target/post_contact_ready_height_ok: 0.4427
Metrics/racket_target/post_contact_ready_com_x_ok: 0.3724
Metrics/racket_target/post_contact_ready_com_y_ok: 0.6732
Metrics/racket_target/post_contact_ready_feet_ok: 0.6719
Metrics/racket_target/post_contact_ready_station_ok: 0.3724
Metrics/racket_target/post_contact_ready_fail_torso: 0.0000
Metrics/racket_target/post_contact_ready_fail_base_lin_vel: 0.0000
Metrics/racket_target/post_contact_ready_fail_base_ang_vel: 0.0000
Metrics/racket_target/post_contact_ready_fail_racket_speed: 0.0000
Metrics/racket_target/post_contact_ready_fail_support: 0.0000
Metrics/racket_target/post_contact_ready_fail_arm: 0.0000
Metrics/racket_target/post_contact_ready_shadow_now: 0.0000
Metrics/racket_target/post_contact_ready_shadow_consecutive_steps: 0.0000
Metrics/racket_target/post_contact_ready_shadow_success_latch: 0.0000
Metrics/racket_target/post_contact_ready_curriculum_level: 1.0000
Metrics/racket_target/post_contact_ready_curriculum_fraction: 0.3333
Metrics/racket_target/post_contact_ready_curriculum_success_ema: 0.3739
Metrics/racket_target/post_contact_ready_curriculum_shadow_success_ema: 0.0286
Metrics/racket_target/post_contact_ready_curriculum_resolved_events: 522.9375
Metrics/racket_target/post_contact_ready_curriculum_successful_events: 208.1562
Metrics/racket_target/post_contact_ready_curriculum_targeted_attempt_ema: 0.6673
Metrics/racket_target/post_contact_ready_curriculum_return_success_ema: 0.0137
Metrics/racket_target/post_contact_ready_curriculum_completed_swings: 852.5078
Metrics/racket_target/post_contact_ready_curriculum_advance_streak: 0.0000
Metrics/racket_target/post_contact_ready_curriculum_advance_guard_ok: 0.0000
Metrics/racket_target/post_contact_ready_effective_max_torso_ang_vel: 0.7800
Metrics/racket_target/post_contact_ready_effective_torso_x_min: -0.0750
Metrics/racket_target/post_contact_ready_effective_torso_x_max: 0.3000
Metrics/racket_target/post_contact_ready_effective_max_base_lin_vel: 0.2000
Metrics/racket_target/post_contact_ready_effective_max_base_ang_vel: 0.8200
Metrics/racket_target/post_contact_ready_effective_max_racket_speed: 1.0500
Metrics/racket_target/post_contact_ready_effective_min_feet_contact: 0.9500
Metrics/racket_target/post_contact_ready_effective_required_consecutive_steps: 5.0000
Metrics/racket_target/post_contact_ready_effective_deadline_steps: 85.0000
Metrics/racket_target/post_contact_ready_curriculum_advance_threshold: 0.3500
Metrics/racket_target/post_contact_ready_curriculum_advance_min_events: 1024.0000
Metrics/racket_target/post_contact_ready_curriculum_shadow_threshold: 0.1500
Metrics/racket_target/post_contact_ready_curriculum_min_targeted_attempt_ema: 0.1200
Metrics/racket_target/post_contact_ready_curriculum_min_return_success_ema: 0.0050
Metrics/racket_target/post_contact_ready_curriculum_min_completed_swings: 512.0000
Metrics/racket_target/post_contact_ready_curriculum_required_advance_checks: 2.0000
Metrics/racket_target/racket_normal_error_deg: 71.8678
Metrics/racket_target/impact_normal_error_deg: 11.6031
Metrics/racket_target/impact_racket_vel_error_mps: 0.9892
Metrics/racket_target/impact_racket_speed_ratio: 0.8875
Metrics/racket_target/impact_racket_vel_angle_deg: 26.8837
Metrics/racket_target/impact_racket_actual_vel_x: 0.7861
Metrics/racket_target/impact_racket_actual_vel_y: -0.1331
Metrics/racket_target/impact_racket_actual_vel_z: 1.0043
Metrics/racket_target/impact_racket_target_vel_x: 1.1657
Metrics/racket_target/impact_racket_target_vel_y: 0.0607
Metrics/racket_target/impact_racket_target_vel_z: 1.0409
Metrics/racket_target/impact_ball_out_error_mps: 2.2764
Metrics/racket_target/impact_face_radial_error_m: 0.2456
Metrics/racket_target/impact_face_normal_gap_m: 0.2522
Metrics/racket_target/impact_face_quality: 0.0681
Metrics/racket_target/impact_center_contact: 0.0000
Metrics/racket_target/impact_center_net_cross: 0.0000
Metrics/racket_target/impact_center_on_opponent: 0.0000
Metrics/racket_target/impact_rim_contact: 0.0000
Metrics/racket_target/impact_rim_net_cross: 0.0000
Metrics/racket_target/impact_rim_on_opponent: 0.0000
Metrics/racket_target/impact_analytic_outer_contact: 0.0000
Metrics/racket_target/impact_analytic_outer_net_cross: 0.0000
Metrics/racket_target/impact_analytic_outer_on_opponent: 0.0000
Metrics/racket_target/impact_planner_pos_error_m: 0.3710
Metrics/racket_target/impact_planner_vel_error_mps: 0.9892
Metrics/racket_target/impact_planner_speed_ratio: 0.8875
Metrics/racket_target/impact_planner_vel_angle_deg: 26.8837
Metrics/racket_target/impact_healthy_normal_ok: 0.0000
Metrics/racket_target/impact_healthy_contact: 0.0000
Metrics/racket_target/impact_healthy_net_cross: 0.0000
Metrics/racket_target/impact_healthy_on_opponent: 0.0000
Metrics/racket_target/current_swing_impact_health_score: 0.0036
Metrics/racket_target/current_swing_healthy_contact: 0.0039
Metrics/racket_target/current_swing_healthy_net_cross: 0.0000
Metrics/racket_target/current_swing_healthy_on_opponent: 0.0000
Metrics/racket_target/current_swing_healthy_normal_ok: 0.2956
Metrics/racket_target/current_swing_contact: 0.0039
Metrics/racket_target/current_swing_net_cross: 0.0000
Metrics/racket_target/current_swing_on_opponent: 0.0000
Metrics/racket_target/current_swing_center_contact: 0.0039
Metrics/racket_target/current_swing_center_net_cross: 0.0000
Metrics/racket_target/current_swing_center_on_opponent: 0.0000
Metrics/racket_target/current_swing_rim_contact: 0.0000
Metrics/racket_target/current_swing_rim_net_cross: 0.0000
Metrics/racket_target/current_swing_rim_on_opponent: 0.0000
Metrics/racket_target/current_swing_analytic_outer_contact: 0.0000
Metrics/racket_target/current_swing_analytic_outer_net_cross: 0.0000
Metrics/racket_target/current_swing_analytic_outer_on_opponent: 0.0000
Metrics/racket_target/cycle_v2_outcome_tier: -1.0000
Metrics/racket_target/cycle_v2_streak: 0.0000
Metrics/racket_target/closed_loop_recovery_trigger_event: 0.0000
Metrics/racket_target/closed_loop_cycle_success_event: 0.0000
Metrics/racket_target/closed_loop_durable_cycle_success_event: 0.0000
Metrics/racket_target/closed_loop_phase_id: 1.8138
Metrics/racket_target/closed_loop_phase_ready_no_command: 0.2031
Metrics/racket_target/closed_loop_phase_command_acquire: 0.3346
Metrics/racket_target/closed_loop_phase_pre_strike: 0.2747
Metrics/racket_target/closed_loop_phase_strike: 0.0000
Metrics/racket_target/closed_loop_phase_follow_through: 0.0078
Metrics/racket_target/closed_loop_phase_recovery: 0.1797
Metrics/racket_target/closed_loop_phase_next_ready: 0.0000
Metrics/racket_target/post_contact_phase_impact_0_100ms_attempts: 1190.2188
Metrics/racket_target/post_contact_phase_impact_0_100ms_tilt_gt_0p1_rate: 0.9916
Metrics/racket_target/post_contact_phase_impact_0_100ms_pitch_gt_0p1_rate: 0.9665
Metrics/racket_target/post_contact_phase_impact_0_100ms_waist_overflow_gt_1p0_rate: 0.0000
Metrics/racket_target/post_contact_phase_impact_0_100ms_base_ang_vel_gt_0p8_rate: 0.9328
Metrics/racket_target/post_contact_phase_brake_100_300ms_attempts: 1172.8594
Metrics/racket_target/post_contact_phase_brake_100_300ms_tilt_gt_0p1_rate: 0.9226
Metrics/racket_target/post_contact_phase_brake_100_300ms_pitch_gt_0p1_rate: 0.8067
Metrics/racket_target/post_contact_phase_brake_100_300ms_waist_overflow_gt_1p0_rate: 0.0000
Metrics/racket_target/post_contact_phase_brake_100_300ms_base_ang_vel_gt_0p8_rate: 0.8908
Metrics/racket_target/post_contact_phase_settle_300_600ms_attempts: 1131.9531
Metrics/racket_target/post_contact_phase_settle_300_600ms_tilt_gt_0p1_rate: 0.6065
Metrics/racket_target/post_contact_phase_settle_300_600ms_pitch_gt_0p1_rate: 0.5485
Metrics/racket_target/post_contact_phase_settle_300_600ms_waist_overflow_gt_1p0_rate: 0.0000
Metrics/racket_target/post_contact_phase_settle_300_600ms_base_ang_vel_gt_0p8_rate: 0.7495
Metrics/racket_target/post_contact_phase_ready_after_600ms_attempts: 1076.9297
Metrics/racket_target/post_contact_phase_ready_after_600ms_tilt_gt_0p1_rate: 0.4797
Metrics/racket_target/post_contact_phase_ready_after_600ms_pitch_gt_0p1_rate: 0.3959
Metrics/racket_target/post_contact_phase_ready_after_600ms_waist_overflow_gt_1p0_rate: 0.0000
Metrics/racket_target/post_contact_phase_ready_after_600ms_base_ang_vel_gt_0p8_rate: 0.9609
Metrics/racket_target/base_pitch_like_signed: -0.3218
Metrics/racket_target/base_backward_velocity: 0.6691
Metrics/racket_target/waist_action_rms: 0.3894
Metrics/racket_target/right_arm_action_rms: 3.2201
Metrics/racket_target/leg_action_rms: 0.5535
Metrics/racket_target/action_abs_max: 5.7916
Metrics/racket_target/applied_action_abs_max: 5.7916
Metrics/racket_target/leg_action_abs_max: 1.0755
Metrics/racket_target/effective_action_abs_max: 5.7773
Metrics/racket_target/action_clamp_fraction: 0.0080
Metrics/racket_target/waist_action_clamp_fraction: 0.0000
Metrics/racket_target/right_arm_action_clamp_fraction: 0.0056
Metrics/racket_target/leg_action_clamp_fraction: 0.0175
Metrics/racket_target/waist_q_tracking_error_rms: 0.3443
Metrics/racket_target/right_arm_q_tracking_error_rms: 0.1353
Metrics/racket_target/leg_q_tracking_error_rms: 0.2012
Metrics/racket_target/waist_torque_clip_fraction: 0.0000
Metrics/racket_target/right_arm_torque_clip_fraction: 0.0000
Metrics/racket_target/leg_torque_clip_fraction: 0.0000
Metrics/racket_target/waist_action_delta_rms: 0.1585
Metrics/racket_target/right_arm_action_delta_rms: 0.2975
Metrics/racket_target/leg_action_delta_rms: 0.2055
Metrics/racket_target/waist_joint_vel_rms: 0.7276
Metrics/racket_target/right_arm_joint_vel_rms: 0.9964
Metrics/racket_target/leg_joint_vel_rms: 0.9196
Metrics/racket_target/recovery_leg_action_abs_max: 0.9942
Metrics/racket_target/recovery_leg_action_delta_rms: 0.1930
Metrics/racket_target/recovery_leg_joint_vel_rms: 0.8511
Metrics/racket_target/physical_contact_health_score: 0.0000
Metrics/racket_target/physical_contact_face_quality: 0.0000
Metrics/racket_target/physical_contact_outcome_quality: 0.0000
Metrics/racket_target/physical_contact_quality_command_scale: 1.0000
Metrics/racket_target/physical_contact_planner_alignment: 0.0000
Metrics/racket_target/physical_contact_planner_alignment_raw: 0.0000
Metrics/racket_target/physical_recovery_pending: 0.0625
Metrics/racket_target/physical_recovery_tier: 0.0625
Metrics/racket_target/physical_recovery_success_event: 0.0000
Metrics/racket_target/physical_recovery_failure_event: 0.0000
Metrics/racket_target/physical_recovery_nonterminal_failure_event: 0.0000
Metrics/racket_target/physical_recovery_terminal_failure_event: 0.0000
Metrics/racket_target/physical_center_contact_event: 0.0000
Metrics/racket_target/physical_aligned_contact_event: 0.0000
Metrics/racket_target/physical_ability_level: 0.0000
Metrics/racket_target/physical_ability_batch_events: 303.5000
Metrics/racket_target/physical_ability_raw_contact_ema: 0.4315
Metrics/racket_target/physical_ability_contact_ema: 0.1048
Metrics/racket_target/physical_ability_aligned_contact_ema: 0.0650
Metrics/racket_target/physical_ability_net_ema: 0.0009
Metrics/racket_target/physical_ability_bounce_ema: 0.0009
Metrics/racket_target/physical_ability_recovery_ema: 0.6408
Metrics/racket_target/physical_ability_safety_ema: 0.8251
Metrics/racket_target/physical_ability_recovery_threshold: 0.1820
Metrics/racket_target/physical_ability_contact_threshold: 0.1699
Metrics/racket_target/physical_ability_aligned_contact_threshold: 0.0000
Metrics/racket_target/physical_ability_net_threshold: 0.0000
Metrics/racket_target/physical_ability_bounce_threshold: 0.0000
     Metrics/physical_shadow/phase: 1.3698
Metrics/physical_shadow/route_valid: 1.0000
Metrics/physical_shadow/route_curriculum_level: 1.0000
Metrics/physical_shadow/serve_event: 0.0000
Metrics/physical_shadow/incoming_bounce_event: 0.0000
Metrics/physical_shadow/contact_event: 0.0000
Metrics/physical_shadow/net_cross_event: 0.0000
Metrics/physical_shadow/outgoing_landing_event: 0.0000
Metrics/physical_shadow/opponent_bounce_event: 0.0000
Metrics/physical_shadow/landing_short_event: 0.0000
Metrics/physical_shadow/landing_long_event: 0.0000
Metrics/physical_shadow/landing_side_event: 0.0000
Metrics/physical_shadow/landing_no_net_event: 0.0000
Metrics/physical_shadow/abort_event: 0.0000
Metrics/physical_shadow/timeout_event: 0.0000
Metrics/physical_shadow/route_unalignable_event: 0.0000
Metrics/physical_shadow/route_invalid_event: 0.0000
Metrics/physical_shadow/incoming_net_collision_event: 0.0000
Metrics/physical_shadow/reset_abort_event: 0.0000
Metrics/physical_shadow/command_refresh_event: 0.0391
Metrics/physical_shadow/incoming_bounce_latch: 0.4896
Metrics/physical_shadow/contact_latch: 0.1719
Metrics/physical_shadow/net_cross_latch: 0.0078
Metrics/physical_shadow/opponent_bounce_latch: 0.0078
Metrics/physical_shadow/launch_timing_error_s: -0.0015
Metrics/physical_shadow/contact_true_target_error: 0.0117
Metrics/physical_shadow/contact_planner_position_error: 0.0155
Metrics/physical_shadow/contact_planner_velocity_error: 0.1062
Metrics/physical_shadow/contact_planner_velocity_direction_error_deg: 3.1232
Metrics/physical_shadow/contact_planner_normal_error_deg: 3.0250
Metrics/physical_shadow/contact_outgoing_velocity_error: 0.3824
Metrics/physical_shadow/contact_outgoing_speed: 0.4950
Metrics/physical_shadow/contact_target_outgoing_speed: 0.6485
Metrics/physical_shadow/contact_outgoing_speed_ratio: 0.1314
Metrics/physical_shadow/contact_outgoing_direction_error_deg: 6.2426
Metrics/physical_shadow/contact_outgoing_velocity_x: 0.1049
Metrics/physical_shadow/contact_outgoing_velocity_y: 0.1438
Metrics/physical_shadow/contact_outgoing_velocity_z: 0.4379
Metrics/physical_shadow/contact_target_outgoing_velocity_x: 0.4585
Metrics/physical_shadow/contact_target_outgoing_velocity_y: 0.1182
Metrics/physical_shadow/contact_target_outgoing_velocity_z: 0.4312
Metrics/physical_shadow/contact_incoming_velocity_error: 0.0740
Metrics/physical_shadow/contact_incoming_velocity_direction_error_deg: 2.3759
Metrics/physical_shadow/contact_route_incoming_velocity_error: 0.0265
Metrics/physical_shadow/contact_route_incoming_velocity_direction_error_deg: 0.8290
Metrics/physical_shadow/contact_actual_route_incoming_velocity_error: 0.0604
Metrics/physical_shadow/contact_command_normal_only_error: 0.0116
Metrics/physical_shadow/contact_command_training_model_error: 0.0145
Metrics/physical_shadow/contact_command_physics_model_error: 0.0304
Metrics/physical_shadow/contact_actual_training_model_residual: 0.1318
Metrics/physical_shadow/contact_actual_physics_model_residual: 0.1620
Metrics/physical_shadow/contact_actual_normal_only_model_residual: 0.1242
Metrics/physical_shadow/contact_actual_training_predicted_target_error: 0.3145
Metrics/physical_shadow/contact_actual_physics_predicted_target_error: 0.2724
Metrics/physical_shadow/contact_actual_normal_only_predicted_target_error: 0.3322
Metrics/physical_shadow/contact_force_direction_valid: 0.0977
Metrics/physical_shadow/contact_force_vs_racket_normal_angle_deg: 0.4159
Metrics/physical_shadow/contact_actual_force_direction_model_residual: 0.1427
Metrics/physical_shadow/contact_actual_force_direction_predicted_target_error: 0.2640
Metrics/physical_shadow/contact_physx_data_valid: 0.1719
Metrics/physical_shadow/contact_physx_force: 0.7448
Metrics/physical_shadow/contact_physx_separation: -0.0003
Metrics/physical_shadow/contact_physx_normal_error_deg: 1.3105
Metrics/physical_shadow/contact_physx_point_radial_error: 0.0104
Metrics/physical_shadow/contact_actual_physx_normal_model_residual: 0.1058
Metrics/physical_shadow/contact_actual_physx_normal_predicted_target_error: 0.2865
Metrics/physical_shadow/contact_physx_substep_valid: 0.1719
Metrics/physical_shadow/contact_physx_substep_normal_error_deg: 1.3211
Metrics/physical_shadow/contact_physx_substep_point_radial_error: 0.0104
Metrics/physical_shadow/contact_physx_substep_point_normal_offset: -0.0006
Metrics/physical_shadow/contact_physx_patch_substeps: 0.1719
Metrics/physical_shadow/contact_physx_normal_impulse: 0.0019
Metrics/physical_shadow/contact_physx_capture_lag_s: 0.0016
Metrics/physical_shadow/contact_physx_contact_point_speed_delta: 0.0204
Metrics/physical_shadow/contact_physx_substep_link_model_residual: 0.1160
Metrics/physical_shadow/contact_physx_substep_point_model_residual: 0.1090
Metrics/physical_shadow/contact_physx_substep_outgoing_target_error: 0.3831
Metrics/physical_shadow/contact_physx_measured_restitution: 0.1124
Metrics/physical_shadow/contact_physx_pre_ball_speed: 0.2491
Metrics/physical_shadow/contact_physx_post_ball_speed: 0.5056
Metrics/physical_shadow/contact_physx_point_x: -2.6644
Metrics/physical_shadow/contact_physx_point_y: -3.6172
Metrics/physical_shadow/contact_physx_point_z: 0.2149
Metrics/physical_shadow/contact_physx_normal_x: 0.0845
Metrics/physical_shadow/contact_physx_normal_y: 0.0459
Metrics/physical_shadow/contact_physx_normal_z: 0.1375
Metrics/physical_shadow/contact_physx_pre_ball_velocity_x: -0.2013
Metrics/physical_shadow/contact_physx_pre_ball_velocity_y: -0.0140
Metrics/physical_shadow/contact_physx_pre_ball_velocity_z: -0.1362
Metrics/physical_shadow/contact_physx_post_ball_velocity_x: 0.1051
Metrics/physical_shadow/contact_physx_post_ball_velocity_y: 0.1441
Metrics/physical_shadow/contact_physx_post_ball_velocity_z: 0.4501
Metrics/physical_shadow/contact_physx_pre_racket_point_velocity_x: 0.1142
Metrics/physical_shadow/contact_physx_pre_racket_point_velocity_y: 0.0555
Metrics/physical_shadow/contact_physx_pre_racket_point_velocity_z: 0.1770
Metrics/physical_shadow/contact_physx_post_racket_point_velocity_x: 0.1107
Metrics/physical_shadow/contact_physx_post_racket_point_velocity_y: 0.0554
Metrics/physical_shadow/contact_physx_post_racket_point_velocity_z: 0.1704
Metrics/physical_shadow/contact_physx_pre_ball_angular_velocity_x: 1.6761
Metrics/physical_shadow/contact_physx_pre_ball_angular_velocity_y: -45.2707
Metrics/physical_shadow/contact_physx_pre_ball_angular_velocity_z: -0.0000
Metrics/physical_shadow/contact_physx_post_ball_angular_velocity_x: -9.8669
Metrics/physical_shadow/contact_physx_post_ball_angular_velocity_y: -28.6526
Metrics/physical_shadow/contact_physx_post_ball_angular_velocity_z: 2.4120
Metrics/physical_shadow/contact_physx_pre_ball_surface_tangent_speed: 0.6560
Metrics/physical_shadow/contact_physx_post_ball_spin_speed: 34.2934
Metrics/physical_shadow/contact_impact_normal_error_deg: 3.0250
Metrics/physical_shadow/contact_wire_impact_normal_gap_deg: 0.0012
Metrics/physical_shadow/contact_face_radial_error: 0.0120
Metrics/physical_shadow/contact_time_to_strike: 0.0035
Metrics/physical_shadow/landing_target_error: 0.2401
Metrics/physical_shadow/landing_target_x_error: -0.2318
Metrics/physical_shadow/landing_target_y_error: 0.0113
Metrics/physical_shadow/landing_position_x: -2.5968
Metrics/physical_shadow/landing_position_y: -3.5290
Metrics/physical_shadow/command_refresh_valid: 0.4896
Metrics/physical_shadow/command_refresh_count: 6.8112
Metrics/physical_shadow/command_refresh_tts_s: 0.1186
Metrics/physical_shadow/command_refresh_position_delta: 0.0018
Metrics/physical_shadow/command_refresh_incoming_velocity_delta: 0.0006
Metrics/physical_shadow/command_refresh_timing_delta_s: 0.0008
Metrics/physical_shadow/command_refresh_racket_velocity_delta: 0.0002
Metrics/physical_shadow/command_refresh_normal_delta_deg: 0.0011
Metrics/physical_shadow/minimum_ball_racket_distance: 0.1379
      Episode_Termination/time_out: 0.4531
  Episode_Termination/base_too_low: 0.0000
   Episode_Termination/base_tilted: 0.6406
   Episode_Termination/table_touch: 0.0859
Episode_Termination/persistent_action_overflow: 0.0000
--------------------------------------------------------------------------------
                   Total timesteps: 327680
                    Iteration time: 24.33s
                      Time elapsed: 00:03:32
                               ETA: 00:14:32

################################################################################
                      [1m Learning iteration 210/250 [0m                      

                       Computation: 1471 steps/s (collection: 22.238s, learning 0.027s)
             Mean action noise std: 0.08
          Mean value_function loss: 0.7796
               Mean surrogate loss: 0.0008
                 Mean entropy loss: -34.3079
      Mean critic_only_warmup loss: 0.0000
                       Mean reward: -0.24
               Mean episode length: 579.22
 Episode_Reward/undesired_contacts: -0.0003
  Episode_Reward/feet_contact_slip: -0.0017
     Episode_Reward/table_no_touch: -0.0023
              Episode_Reward/alive: 0.0057
          Episode_Reward/imitation: 0.0849
Episode_Reward/planner_racket_task_space_crossfade: 0.0685
Episode_Reward/healthy_trunk_support: 0.0495
Episode_Reward/phase_action_overflow: -0.0001
Episode_Reward/prestrike_station_progress: 0.0007
 Episode_Reward/lower_body_support: 0.0219
Episode_Reward/termination_penalty: -0.2570
Episode_Reward/phase_action_rate_waist: -0.0001
Episode_Reward/phase_action_rate_upper: -0.0001
Episode_Reward/phase_action_rate_legs: -0.0001
        Episode_Reward/joint_limit: -0.0221
Episode_Reward/prestrike_racket_progress: 0.0752
Episode_Reward/operational_joint_margin: -0.0117
  Episode_Reward/joint_target_slew: -0.0451
Episode_Reward/actuator_waist_feasibility: -0.0000
Episode_Reward/actuator_right_arm_feasibility: -0.0000
Episode_Reward/actuator_leg_feasibility: -0.0000
Episode_Reward/physical_outcome_events: 0.0169
Episode_Reward/physical_contact_planner_alignment: 0.0471
Episode_Reward/physical_recovery_settlement: -0.0456
Episode_Reward/physical_capability_curriculum: 0.0000
Episode_Reward/durable_recovery_progress: -0.0018
Episode_Reward/durable_recovery_success: 0.0000
Episode_Reward/durable_recovery_failure: -0.1329
Episode_Reward/no_command_instability: -0.0149
Episode_Reward/safe_strike_inactivity: -0.0137
    Metrics/motion/error_joint_pos: 1.9457
    Metrics/motion/error_joint_vel: 6.5696
     Metrics/motion/error_body_pos: 0.2469
     Metrics/motion/error_body_rot: 0.8720
       Metrics/motion/motion_phase: 0.6004
            Metrics/motion/in_hold: 0.1673
Metrics/motion/motion_start_warmup_prob: 0.7500
Metrics/motion/motion_start_lifecycle_progress: 0.0000
Metrics/motion/motion_start_effective_prestrike_fraction: 1.0000
Metrics/motion/motion_start_effective_recovery_fraction: 0.0000
Metrics/motion/motion_start_effective_rsi_fraction: 0.0000
 Metrics/motion/motion_start_reset: 0.1094
Metrics/motion/motion_start_prestrike_reset: 0.0000
Metrics/motion/motion_start_recovery_reset: 0.0000
Metrics/motion/motion_start_rsi_reset: 0.0000
 Metrics/motion/single_cycle_reset: 0.0000
     Metrics/motion/motion_clip_id: 0.3918
Metrics/motion/motion_supplemental_clip: 0.0000
      Metrics/motion/stand_episode: 0.0610
Metrics/motion/default_stand_reset: 0.3189
Metrics/motion/error_body_pos_lower: 0.2770
Metrics/motion/error_body_rot_lower: 0.8309
Metrics/motion/error_body_lin_vel_lower: 0.5042
Metrics/motion/error_body_ang_vel_lower: 1.9407
Metrics/motion/reference_body_lin_speed_lower: 0.0167
Metrics/motion/robot_body_lin_speed_lower: 0.5029
Metrics/motion/error_body_pos_core: 0.0850
Metrics/motion/error_body_rot_core: 0.6088
Metrics/motion/error_body_lin_vel_core: 1.1161
Metrics/motion/error_body_ang_vel_core: 2.1837
Metrics/motion/reference_body_lin_speed_core: 0.0126
Metrics/motion/robot_body_lin_speed_core: 1.1154
Metrics/motion/error_body_pos_upper: 0.2707
Metrics/motion/error_body_rot_upper: 1.0008
Metrics/motion/error_body_lin_vel_upper: 1.6267
Metrics/motion/error_body_ang_vel_upper: 3.1899
Metrics/motion/reference_body_lin_speed_upper: 0.0317
Metrics/motion/robot_body_lin_speed_upper: 1.6277
Metrics/motion/error_joint_pos_waist: 0.4192
Metrics/motion/error_joint_vel_waist: 1.5200
Metrics/motion/reference_joint_speed_waist: 0.0198
Metrics/motion/error_joint_pos_arms: 1.6808
Metrics/motion/error_joint_vel_arms: 4.5981
Metrics/motion/reference_joint_speed_arms: 0.0765
Metrics/motion/error_joint_pos_legs: 0.8081
Metrics/motion/error_joint_vel_legs: 4.1202
Metrics/motion/reference_joint_speed_legs: 0.0042
Metrics/racket_target/racket_pos_error: 0.3665
Metrics/racket_target/racket_vel_error: 1.6591
Metrics/racket_target/time_to_strike: -0.3382
Metrics/racket_target/return_success: 0.0000
Metrics/racket_target/prev_return_success: 0.0008
Metrics/racket_target/prev_net_cross: 0.0008
Metrics/racket_target/current_net_cross: 0.0000
Metrics/racket_target/racket_pos_curriculum_scale: 1.0000
Metrics/racket_target/impact_inverse_command_blend: 1.0000
Metrics/racket_target/steps_since_target_resample: 162.3732
Metrics/racket_target/recovery_height_error: 0.1481
Metrics/racket_target/recovery_upright_error: 0.5048
Metrics/racket_target/recovery_base_lin_vel: 0.7115
Metrics/racket_target/recovery_base_ang_vel: 1.8856
Metrics/racket_target/recovery_station_error: 0.4756
Metrics/racket_target/recovery_feet_contact_frac: 0.8078
Metrics/racket_target/recovery_racket_speed: 2.3583
Metrics/racket_target/recovery_height_score: 0.3179
Metrics/racket_target/recovery_upright_score: 0.2241
Metrics/racket_target/recovery_lin_vel_score: 0.2871
Metrics/racket_target/recovery_ang_vel_score: 0.1483
Metrics/racket_target/recovery_station_score: 0.2286
Metrics/racket_target/recovery_racket_score: 0.0608
Metrics/racket_target/recovery_arm_score: 0.3255
Metrics/racket_target/recovery_ready_score: 0.3032
Metrics/racket_target/recovery_anchor_arm_score: 1.0000
Metrics/racket_target/recovery_core_ready_score: 0.2029
Metrics/racket_target/recovery_functional_ready_score: 0.1726
Metrics/racket_target/waist_action_overflow_rms: 0.0006
Metrics/racket_target/right_arm_action_overflow_rms: 0.0005
Metrics/racket_target/leg_action_overflow_rms: 0.0451
Metrics/racket_target/operational_margin_fraction: 0.0415
Metrics/racket_target/waist_operational_margin_fraction: 0.0464
Metrics/racket_target/right_arm_operational_margin_fraction: 0.0040
Metrics/racket_target/leg_operational_margin_fraction: 0.0932
Metrics/racket_target/waist_operational_excess_rms: 0.0026
Metrics/racket_target/right_arm_operational_excess_rms: 0.0002
Metrics/racket_target/leg_operational_excess_rms: 0.0325
Metrics/racket_target/q_des_velocity_violation_fraction: 0.0391
Metrics/racket_target/waist_q_des_velocity_violation_fraction: 0.0005
Metrics/racket_target/right_arm_q_des_velocity_violation_fraction: 0.0138
Metrics/racket_target/leg_q_des_velocity_violation_fraction: 0.0897
Metrics/racket_target/q_des_acceleration_violation_fraction: 0.5231
Metrics/racket_target/waist_q_des_acceleration_violation_fraction: 0.5350
Metrics/racket_target/right_arm_q_des_acceleration_violation_fraction: 0.5679
Metrics/racket_target/leg_q_des_acceleration_violation_fraction: 0.6512
Metrics/racket_target/waist_q_des_velocity_rms: 3.4247
Metrics/racket_target/right_arm_q_des_velocity_rms: 4.0141
Metrics/racket_target/leg_q_des_velocity_rms: 6.2027
Metrics/racket_target/waist_q_des_acceleration_rms: 260.9934
Metrics/racket_target/right_arm_q_des_acceleration_rms: 334.0308
Metrics/racket_target/leg_q_des_acceleration_rms: 469.7137
Metrics/racket_target/action_operational_feasibility_score: 0.6011
Metrics/racket_target/actuator_overflow_consecutive_steps: 0.0000
Metrics/racket_target/actuator_overflow_severe: 0.0000
Metrics/racket_target/recovery_phase_gate: 0.7225
Metrics/racket_target/recovery_phase_ready_score: 0.2534
Metrics/racket_target/recovery_contact_ready_score: 0.0977
Metrics/racket_target/recovery_net_ready_score: 0.0000
Metrics/racket_target/recovery_return_ready_score: 0.0000
Metrics/racket_target/cycle_success_ready_score: 0.0000
Metrics/racket_target/cycle_success_soft: 0.0000
Metrics/racket_target/cycle_success_binary: 0.0000
Metrics/racket_target/cycle_v2_pending: 0.0000
Metrics/racket_target/cycle_v2_attempt_latch: 0.0000
Metrics/racket_target/cycle_v2_ready_success_latch: 0.0000
Metrics/racket_target/cycle_v2_ready_fail_latch: 0.0000
Metrics/racket_target/cycle_v2_attempt_event: 0.0000
Metrics/racket_target/cycle_v2_ready_success_event: 0.0000
Metrics/racket_target/cycle_v2_ready_fail_event: 0.0000
Metrics/racket_target/cycle_v2_unresolved_resample_fail_event: 0.0000
Metrics/racket_target/cycle_v2_resolved_event: 0.0000
Metrics/racket_target/cycle_v2_command_visible_steps: 0.0000
Metrics/racket_target/cycle_v2_elapsed_steps: 0.0000
Metrics/racket_target/cycle_v2_ready_score: 0.0000
Metrics/racket_target/cycle_v2_ready_ok: 0.0000
Metrics/racket_target/cycle_v2_visible: 0.0000
Metrics/racket_target/cycle_v2_ready_score_ok: 0.0000
Metrics/racket_target/cycle_v2_height_ok: 0.0000
Metrics/racket_target/cycle_v2_upright_ok: 0.0000
Metrics/racket_target/cycle_v2_base_lin_vel_ok: 0.0000
Metrics/racket_target/cycle_v2_base_ang_vel_ok: 0.0000
Metrics/racket_target/cycle_v2_feet_ok: 0.0000
Metrics/racket_target/cycle_v2_core_ready_ok: 0.0000
Metrics/racket_target/cycle_v2_ready_consecutive_steps: 0.0000
Metrics/racket_target/single_cycle_bootstrap: 0.0000
Metrics/racket_target/single_cycle_swing_completed: 0.0000
Metrics/racket_target/single_cycle_recovery_active: 0.0000
Metrics/racket_target/single_cycle_recovery_elapsed_steps: 0.0000
Metrics/racket_target/single_cycle_ready_consecutive_steps: 0.0000
Metrics/racket_target/single_cycle_safe_timeout_event: 0.0000
Metrics/racket_target/single_cycle_deadline_timeout_event: 0.0000
Metrics/racket_target/single_cycle_timeout_latch: 0.0000
Metrics/racket_target/single_cycle_hard_failure_event: 0.0000
Metrics/racket_target/single_cycle_probability: 0.0000
Metrics/racket_target/single_cycle_curriculum_level: 0.0000
Metrics/racket_target/single_cycle_effective_deadline_steps: 100.0000
Metrics/racket_target/single_cycle_selected_events: 0.0000
Metrics/racket_target/single_cycle_completed_events: 0.0000
Metrics/racket_target/single_cycle_safe_timeout_events: 0.0000
Metrics/racket_target/single_cycle_deadline_timeout_events: 0.0000
Metrics/racket_target/single_cycle_hard_failure_events: 0.0000
Metrics/racket_target/active_ready_consecutive_steps: 0.0094
Metrics/racket_target/active_ready_success_event: 0.0000
Metrics/racket_target/active_ready_success_latch: 0.0571
Metrics/racket_target/active_ready_survival_steps: 0.0000
Metrics/racket_target/active_ready_survival_next_milestone: 0.0000
Metrics/racket_target/active_ready_survival_milestone_event: 0.0000
Metrics/racket_target/no_command_ready_active: 0.0689
Metrics/racket_target/no_command_from_stand_episode: 0.0610
Metrics/racket_target/no_command_from_default_stand_reset: 0.0610
Metrics/racket_target/no_command_ready_upright_ok: 0.0142
Metrics/racket_target/no_command_ready_motion_ok: 0.0094
Metrics/racket_target/no_command_ready_score: 0.0152
Metrics/racket_target/no_command_ready_progress: 0.0125
Metrics/racket_target/no_command_ready_station_error: 0.0405
Metrics/racket_target/no_command_ready_fixed_station_error: 0.0405
Metrics/racket_target/healthy_training_stage: 3.0000
Metrics/racket_target/healthy_stage_planted_rehearsal: 0.0000
Metrics/racket_target/healthy_stage_station_hold_seen: 0.0000
Metrics/racket_target/healthy_stage_station_arrived: 0.0000
Metrics/racket_target/healthy_stage_station_settled: 0.0000
Metrics/racket_target/healthy_stage_station_settle_steps: 0.0000
Metrics/racket_target/station_relocation_active: 0.0000
Metrics/racket_target/station_relocation_target_offset_y: 0.0000
Metrics/racket_target/station_relocation_error: 0.0000
Metrics/racket_target/station_relocation_arrival_event: 0.0000
Metrics/racket_target/station_relocation_settle_event: 0.0000
Metrics/racket_target/station_relocation_release_event: 0.0000
Metrics/racket_target/station_relocation_timeout_event: 0.0000
Metrics/racket_target/station_relocation_elapsed_steps: 0.0000
Metrics/racket_target/station_relocation_hold_deadline_steps: 0.0000
Metrics/racket_target/lifecycle_recovery_hold_active: 0.0000
Metrics/racket_target/lifecycle_recovery_release_success_event: 0.0000
Metrics/racket_target/lifecycle_recovery_release_fail_event: 0.0000
Metrics/racket_target/station_relocation_level: 0.0000
Metrics/racket_target/station_relocation_arrival_ema: 0.0000
Metrics/racket_target/station_relocation_settle_ema: 0.0000
Metrics/racket_target/station_relocation_contact_ema: 0.0000
Metrics/racket_target/station_relocation_safety_ema: 0.0000
Metrics/racket_target/station_relocation_resolved_events: 0.0000
Metrics/racket_target/station_relocation_terminal_reset_events: 0.0000
Metrics/racket_target/station_relocation_advance_streak: 0.0000
Metrics/racket_target/station_relocation_regress_streak: 0.0000
Metrics/racket_target/station_relocation_effective_max_lin_vel: 0.0000
Metrics/racket_target/station_relocation_effective_max_ang_vel: 0.0000
Metrics/racket_target/station_relocation_effective_min_settle_steps: 0.0000
Metrics/racket_target/ability_curriculum_level: 0.0000
Metrics/racket_target/ability_curriculum_scale: 1.0000
Metrics/racket_target/ability_curriculum_resolved_events: 0.0000
Metrics/racket_target/ability_curriculum_total_resolved_events: 0.0000
Metrics/racket_target/ability_curriculum_advance_streak: 0.0000
Metrics/racket_target/ability_curriculum_regress_streak: 0.0000
Metrics/racket_target/ability_contact_ema: 0.0000
Metrics/racket_target/ability_net_ema: 0.0000
Metrics/racket_target/ability_success_ema: 0.0000
Metrics/racket_target/ability_recovery_ema: 0.0000
Metrics/racket_target/ability_cycle_ema: 0.0000
Metrics/racket_target/ability_cycle_attempt_ema: 0.0000
Metrics/racket_target/ability_cycle_resolved_ema: 0.0000
Metrics/racket_target/ability_forehand_contact_ema: 0.0000
Metrics/racket_target/ability_forehand_net_ema: 0.0000
Metrics/racket_target/ability_forehand_success_ema: 0.0000
Metrics/racket_target/ability_backhand_contact_ema: 0.0000
Metrics/racket_target/ability_backhand_net_ema: 0.0000
Metrics/racket_target/ability_backhand_success_ema: 0.0000
Metrics/racket_target/ability_attempt_ema: 0.0000
Metrics/racket_target/ability_targeted_attempt_ema: 0.0000
Metrics/racket_target/impact_health_floor_progress: 0.0000
Metrics/racket_target/ability_safety_ema: 1.0000
Metrics/racket_target/ability_station_saturation_ema: 0.0000
Metrics/racket_target/ability_healthy_normal_ema: 0.0000
Metrics/racket_target/ability_station_arrival_ema: 0.0000
Metrics/racket_target/ability_station_settle_ema: 0.0000
Metrics/racket_target/planner_hit_plane_blend: 1.0000
Metrics/racket_target/planner_hit_plane_x_delta: 0.0345
Metrics/racket_target/true_strike_table_x: 0.2000
Metrics/racket_target/planner_target_table_x: 0.2000
Metrics/racket_target/workspace_level: 0.0000
Metrics/racket_target/workspace_fringe_sample: 0.0000
Metrics/racket_target/workspace_target_lateral_norm: 0.3357
Metrics/racket_target/workspace_target_table_y: -0.2104
Metrics/racket_target/workspace_playable_y_min: -0.7225
Metrics/racket_target/workspace_playable_y_max: 0.7225
Metrics/racket_target/workspace_active_y_lo: -0.2633
Metrics/racket_target/workspace_active_y_hi: -0.1433
Metrics/racket_target/workspace_motion_seed_blend: 0.0000
Metrics/racket_target/planner_perturb_curriculum_scale: 0.0000
Metrics/racket_target/incoming_ball_horizontal_speed: 1.0781
Metrics/racket_target/incoming_ball_speed: 2.0807
Metrics/racket_target/incoming_ball_speed_curriculum_level: 0.0000
Metrics/racket_target/incoming_ball_speed_sample_low: 0.9000
Metrics/racket_target/incoming_ball_speed_sample_high: 1.2500
Metrics/racket_target/station_saturated: 1.0000
Metrics/racket_target/station_raw_clip_excess: 0.1034
Metrics/racket_target/station_saturated_x: 0.9203
Metrics/racket_target/station_saturated_y: 0.8445
Metrics/racket_target/station_raw_clip_excess_x: 0.0086
Metrics/racket_target/station_raw_clip_excess_y: 0.1010
Metrics/racket_target/current_swing_opportunity: 0.6843
Metrics/racket_target/current_swing_attempt: 0.6835
Metrics/racket_target/current_swing_targeted_attempt: 0.5262
Metrics/racket_target/prev_swing_targeted_attempt: 0.4786
Metrics/racket_target/current_swing_unsafe: 0.4344
Metrics/racket_target/current_swing_station_saturated: 1.0000
Metrics/racket_target/impact_health_score: 0.2461
Metrics/racket_target/impact_health_ok: 0.2202
Metrics/racket_target/impact_health_backlean_violation: 0.1185
Metrics/racket_target/impact_health_waist_backfold: 0.0000
Metrics/racket_target/impact_health_base_retreat: 0.2839
Metrics/racket_target/impact_health_torso_gravity_x: 0.1900
Metrics/racket_target/impact_health_torso_ang_vel: 1.9677
Metrics/racket_target/impact_health_com_x: 0.3824
Metrics/racket_target/impact_health_com_y: 0.1152
Metrics/racket_target/post_contact_ready_pending: 0.3448
Metrics/racket_target/post_contact_ready_elapsed_steps: 31.1028
Metrics/racket_target/post_contact_ready_consecutive_steps: 0.0032
Metrics/racket_target/post_contact_ready_diagnostic_pending: 0.5262
Metrics/racket_target/post_contact_ready_diagnostic_elapsed_steps: 36.7413
Metrics/racket_target/post_contact_ready_durable_pending: 0.0126
Metrics/racket_target/post_contact_ready_durable_consecutive_steps: 0.0032
Metrics/racket_target/post_contact_ready_durable_ready_now: 0.0008
Metrics/racket_target/post_contact_ready_durable_success_event: 0.0000
Metrics/racket_target/post_contact_ready_durable_fail_event: 0.0781
Metrics/racket_target/post_contact_ready_durable_resolution_success_rate: 0.2920
Metrics/racket_target/post_contact_ready_durable_resolution_fail_rate: 0.6705
Metrics/racket_target/post_contact_ready_durable_resolution_success_latency_steps: 52.0000
Metrics/racket_target/post_contact_ready_durable_resolution_fail_latency_steps: 47.6030
Metrics/racket_target/post_contact_ready_durable_fail_backlean_rate: 0.1095
Metrics/racket_target/post_contact_ready_durable_fail_forward_lean_rate: 0.8555
Metrics/racket_target/post_contact_ready_durable_fail_torso_ang_vel_rate: 0.2638
Metrics/racket_target/post_contact_ready_durable_fail_base_lin_vel_rate: 0.2942
Metrics/racket_target/post_contact_ready_durable_fail_base_ang_vel_rate: 0.4033
Metrics/racket_target/post_contact_ready_durable_fail_racket_speed_rate: 0.2873
Metrics/racket_target/post_contact_ready_durable_fail_height_rate: 0.1276
Metrics/racket_target/post_contact_ready_durable_fail_com_x_rate: 0.1928
Metrics/racket_target/post_contact_ready_durable_fail_com_y_rate: 0.1164
Metrics/racket_target/post_contact_ready_durable_fail_feet_rate: 0.1414
Metrics/racket_target/post_contact_ready_durable_fail_station_rate: 0.1521
Metrics/racket_target/post_contact_ready_durable_fail_arm_rate: 0.0927
Metrics/racket_target/post_contact_ready_terminal_window_active: 0.0859
Metrics/racket_target/post_contact_ready_terminal_quality: 0.1254
Metrics/racket_target/post_contact_ready_terminal_settlement_event: 0.0781
Metrics/racket_target/post_contact_ready_operational_ready_now: 0.0000
Metrics/racket_target/post_contact_ready_operational_consecutive_steps: 0.0000
Metrics/racket_target/post_contact_ready_safe_settlement_event: 0.0000
Metrics/racket_target/post_contact_ready_unsafe_settlement_event: 0.0781
Metrics/racket_target/post_contact_ready_incomplete_settlement_event: 0.0000
Metrics/racket_target/post_contact_ready_safe_net_cycle_event: 0.0000
Metrics/racket_target/post_contact_ready_terminal_quality_mean: 0.7549
Metrics/racket_target/post_contact_ready_safe_terminal_quality_mean: 0.8503
Metrics/racket_target/post_contact_ready_terminal_safe_rate: 0.7855
Metrics/racket_target/post_contact_ready_terminal_unsafe_rate: 0.2002
Metrics/racket_target/post_contact_ready_terminal_incomplete_rate: 0.0143
Metrics/racket_target/post_contact_ready_safe_net_cycle_rate: 0.0078
Metrics/racket_target/post_contact_ready_score: 0.0905
Metrics/racket_target/post_contact_ready_now: 0.0008
Metrics/racket_target/post_contact_ready_success_event: 0.0000
Metrics/racket_target/post_contact_ready_fail_event: 0.0000
Metrics/racket_target/post_contact_ready_outcome_tier: -0.8226
Metrics/racket_target/post_contact_ready_face_quality: 0.1580
Metrics/racket_target/post_contact_ready_safe_face_net_cycle_value: 0.0000
Metrics/racket_target/post_contact_ready_planner_speed_ratio: 0.3501
Metrics/racket_target/post_contact_ready_planner_direction_error_rad: 0.3842
Metrics/racket_target/post_contact_ready_planner_position_error: 0.0794
Metrics/racket_target/post_contact_ready_impact_health_score: 0.4916
Metrics/racket_target/post_contact_ready_peak_base_ang_vel: 1.7129
Metrics/racket_target/post_contact_ready_peak_ang_vel_excess_increment: 0.0000
Metrics/racket_target/post_contact_ready_envelope_violation_latch: 0.3720
Metrics/racket_target/post_contact_ready_envelope_violation_event: 0.0000
Metrics/racket_target/post_contact_ready_envelope_first_violation_step: 10.0760
Metrics/racket_target/post_contact_ready_envelope_attempts: 1303.1328
Metrics/racket_target/post_contact_ready_envelope_violation_rate: 0.2737
Metrics/racket_target/post_contact_ready_envelope_tilt_violation_rate: 0.1152
Metrics/racket_target/post_contact_ready_envelope_pitch_violation_rate: 0.1911
Metrics/racket_target/post_contact_ready_envelope_com_violation_rate: 0.1390
Metrics/racket_target/post_contact_ready_envelope_waist_violation_rate: 0.0000
Metrics/racket_target/post_contact_ready_envelope_leg_violation_rate: 0.0000
Metrics/racket_target/post_contact_ready_envelope_base_ang_vel_violation_rate: 0.1852
Metrics/racket_target/post_contact_ready_resolution_success_rate: 0.6001
Metrics/racket_target/post_contact_ready_resolution_fail_rate: 0.3360
Metrics/racket_target/post_contact_ready_resolution_success_latency_steps: 9.1630
Metrics/racket_target/post_contact_ready_resolution_fail_latency_steps: 69.1985
Metrics/racket_target/post_contact_ready_max_tilt: 0.2366
Metrics/racket_target/post_contact_ready_max_abs_pitch: 0.2265
Metrics/racket_target/post_contact_ready_max_com_x: 0.1871
Metrics/racket_target/post_contact_ready_max_com_y: 0.0665
Metrics/racket_target/post_contact_ready_max_waist_overflow: 0.0067
Metrics/racket_target/post_contact_ready_max_leg_overflow: 0.0689
Metrics/racket_target/post_contact_ready_settlement_velocity_score_ema: 0.4861
Metrics/racket_target/post_contact_ready_settlement_position_gate_ema: 0.3305
Metrics/racket_target/post_contact_ready_settlement_health_gate_ema: 0.9741
Metrics/racket_target/post_contact_ready_settlement_recovery_gate_ema: 0.6363
Metrics/racket_target/post_contact_ready_settlement_total_score_ema: 0.0999
Metrics/racket_target/post_contact_recovery_backlean_error: 0.2790
Metrics/racket_target/post_contact_recovery_directional_progress: -0.2805
Metrics/racket_target/post_contact_ready_torso_ok: 0.0266
Metrics/racket_target/post_contact_ready_motion_ok: 0.0527
Metrics/racket_target/post_contact_ready_support_ok: 0.2312
Metrics/racket_target/post_contact_ready_arm_ok: 1.0000
Metrics/racket_target/post_contact_ready_base_lin_vel_ok: 0.3326
Metrics/racket_target/post_contact_ready_base_ang_vel_ok: 0.1904
Metrics/racket_target/post_contact_ready_racket_speed_ok: 0.1028
Metrics/racket_target/post_contact_ready_height_ok: 0.2492
Metrics/racket_target/post_contact_ready_com_x_ok: 0.2320
Metrics/racket_target/post_contact_ready_com_y_ok: 0.6476
Metrics/racket_target/post_contact_ready_feet_ok: 0.6156
Metrics/racket_target/post_contact_ready_station_ok: 0.2328
Metrics/racket_target/post_contact_ready_fail_torso: 0.0000
Metrics/racket_target/post_contact_ready_fail_base_lin_vel: 0.0000
Metrics/racket_target/post_contact_ready_fail_base_ang_vel: 0.0000
Metrics/racket_target/post_contact_ready_fail_racket_speed: 0.0000
Metrics/racket_target/post_contact_ready_fail_support: 0.0000
Metrics/racket_target/post_contact_ready_fail_arm: 0.0000
Metrics/racket_target/post_contact_ready_shadow_now: 0.0000
Metrics/racket_target/post_contact_ready_shadow_consecutive_steps: 0.0000
Metrics/racket_target/post_contact_ready_shadow_success_latch: 0.0008
Metrics/racket_target/post_contact_ready_curriculum_level: 1.0000
Metrics/racket_target/post_contact_ready_curriculum_fraction: 0.3333
Metrics/racket_target/post_contact_ready_curriculum_success_ema: 0.2779
Metrics/racket_target/post_contact_ready_curriculum_shadow_success_ema: 0.0096
Metrics/racket_target/post_contact_ready_curriculum_resolved_events: 636.9375
Metrics/racket_target/post_contact_ready_curriculum_successful_events: 238.3281
Metrics/racket_target/post_contact_ready_curriculum_targeted_attempt_ema: 0.6002
Metrics/racket_target/post_contact_ready_curriculum_return_success_ema: 0.0068
Metrics/racket_target/post_contact_ready_curriculum_completed_swings: 1026.3672
Metrics/racket_target/post_contact_ready_curriculum_advance_streak: 0.0000
Metrics/racket_target/post_contact_ready_curriculum_advance_guard_ok: 0.0000
Metrics/racket_target/post_contact_ready_effective_max_torso_ang_vel: 0.7800
Metrics/racket_target/post_contact_ready_effective_torso_x_min: -0.0750
Metrics/racket_target/post_contact_ready_effective_torso_x_max: 0.3000
Metrics/racket_target/post_contact_ready_effective_max_base_lin_vel: 0.2000
Metrics/racket_target/post_contact_ready_effective_max_base_ang_vel: 0.8200
Metrics/racket_target/post_contact_ready_effective_max_racket_speed: 1.0500
Metrics/racket_target/post_contact_ready_effective_min_feet_contact: 0.9500
Metrics/racket_target/post_contact_ready_effective_required_consecutive_steps: 5.0000
Metrics/racket_target/post_contact_ready_effective_deadline_steps: 85.0000
Metrics/racket_target/post_contact_ready_curriculum_advance_threshold: 0.3500
Metrics/racket_target/post_contact_ready_curriculum_advance_min_events: 1024.0000
Metrics/racket_target/post_contact_ready_curriculum_shadow_threshold: 0.1500
Metrics/racket_target/post_contact_ready_curriculum_min_targeted_attempt_ema: 0.1200
Metrics/racket_target/post_contact_ready_curriculum_min_return_success_ema: 0.0050
Metrics/racket_target/post_contact_ready_curriculum_min_completed_swings: 512.0000
Metrics/racket_target/post_contact_ready_curriculum_required_advance_checks: 2.0000
Metrics/racket_target/racket_normal_error_deg: 84.3893
Metrics/racket_target/impact_normal_error_deg: 21.2858
Metrics/racket_target/impact_racket_vel_error_mps: 1.2363
Metrics/racket_target/impact_racket_speed_ratio: 0.7201
Metrics/racket_target/impact_racket_vel_angle_deg: 36.5968
Metrics/racket_target/impact_racket_actual_vel_x: 0.7140
Metrics/racket_target/impact_racket_actual_vel_y: 0.1105
Metrics/racket_target/impact_racket_actual_vel_z: 0.7104
Metrics/racket_target/impact_racket_target_vel_x: 1.3104
Metrics/racket_target/impact_racket_target_vel_y: 0.0628
Metrics/racket_target/impact_racket_target_vel_z: 1.0505
Metrics/racket_target/impact_ball_out_error_mps: 2.7600
Metrics/racket_target/impact_face_radial_error_m: 0.2602
Metrics/racket_target/impact_face_normal_gap_m: 0.2182
Metrics/racket_target/impact_face_quality: 0.2184
Metrics/racket_target/impact_center_contact: 0.0000
Metrics/racket_target/impact_center_net_cross: 0.0000
Metrics/racket_target/impact_center_on_opponent: 0.0000
Metrics/racket_target/impact_rim_contact: 0.0000
Metrics/racket_target/impact_rim_net_cross: 0.0000
Metrics/racket_target/impact_rim_on_opponent: 0.0000
Metrics/racket_target/impact_analytic_outer_contact: 0.0000
Metrics/racket_target/impact_analytic_outer_net_cross: 0.0000
Metrics/racket_target/impact_analytic_outer_on_opponent: 0.0000
Metrics/racket_target/impact_planner_pos_error_m: 0.3525
Metrics/racket_target/impact_planner_vel_error_mps: 1.2363
Metrics/racket_target/impact_planner_speed_ratio: 0.7201
Metrics/racket_target/impact_planner_vel_angle_deg: 36.5968
Metrics/racket_target/impact_healthy_normal_ok: 0.0000
Metrics/racket_target/impact_healthy_contact: 0.0000
Metrics/racket_target/impact_healthy_net_cross: 0.0000
Metrics/racket_target/impact_healthy_on_opponent: 0.0000
Metrics/racket_target/current_swing_impact_health_score: 0.1698
Metrics/racket_target/current_swing_healthy_contact: 0.1774
Metrics/racket_target/current_swing_healthy_net_cross: 0.0000
Metrics/racket_target/current_swing_healthy_on_opponent: 0.0000
Metrics/racket_target/current_swing_healthy_normal_ok: 0.2599
Metrics/racket_target/current_swing_contact: 0.1774
Metrics/racket_target/current_swing_net_cross: 0.0000
Metrics/racket_target/current_swing_on_opponent: 0.0000
Metrics/racket_target/current_swing_center_contact: 0.0680
Metrics/racket_target/current_swing_center_net_cross: 0.0000
Metrics/racket_target/current_swing_center_on_opponent: 0.0000
Metrics/racket_target/current_swing_rim_contact: 0.1094
Metrics/racket_target/current_swing_rim_net_cross: 0.0000
Metrics/racket_target/current_swing_rim_on_opponent: 0.0000
Metrics/racket_target/current_swing_analytic_outer_contact: 0.0000
Metrics/racket_target/current_swing_analytic_outer_net_cross: 0.0000
Metrics/racket_target/current_swing_analytic_outer_on_opponent: 0.0000
Metrics/racket_target/cycle_v2_outcome_tier: -1.0000
Metrics/racket_target/cycle_v2_streak: 0.0000
Metrics/racket_target/closed_loop_recovery_trigger_event: 0.0000
Metrics/racket_target/closed_loop_cycle_success_event: 0.0000
Metrics/racket_target/closed_loop_durable_cycle_success_event: 0.0000
Metrics/racket_target/closed_loop_phase_id: 2.5530
Metrics/racket_target/closed_loop_phase_ready_no_command: 0.0689
Metrics/racket_target/closed_loop_phase_command_acquire: 0.3508
Metrics/racket_target/closed_loop_phase_pre_strike: 0.2284
Metrics/racket_target/closed_loop_phase_strike: 0.0071
Metrics/racket_target/closed_loop_phase_follow_through: 0.0000
Metrics/racket_target/closed_loop_phase_recovery: 0.3448
Metrics/racket_target/closed_loop_phase_next_ready: 0.0000
Metrics/racket_target/post_contact_phase_impact_0_100ms_attempts: 1303.1328
Metrics/racket_target/post_contact_phase_impact_0_100ms_tilt_gt_0p1_rate: 0.9923
Metrics/racket_target/post_contact_phase_impact_0_100ms_pitch_gt_0p1_rate: 0.9687
Metrics/racket_target/post_contact_phase_impact_0_100ms_waist_overflow_gt_1p0_rate: 0.0000
Metrics/racket_target/post_contact_phase_impact_0_100ms_base_ang_vel_gt_0p8_rate: 0.9345
Metrics/racket_target/post_contact_phase_brake_100_300ms_attempts: 1284.2188
Metrics/racket_target/post_contact_phase_brake_100_300ms_tilt_gt_0p1_rate: 0.9231
Metrics/racket_target/post_contact_phase_brake_100_300ms_pitch_gt_0p1_rate: 0.8068
Metrics/racket_target/post_contact_phase_brake_100_300ms_waist_overflow_gt_1p0_rate: 0.0000
Metrics/racket_target/post_contact_phase_brake_100_300ms_base_ang_vel_gt_0p8_rate: 0.8915
Metrics/racket_target/post_contact_phase_settle_300_600ms_attempts: 1240.3281
Metrics/racket_target/post_contact_phase_settle_300_600ms_tilt_gt_0p1_rate: 0.6075
Metrics/racket_target/post_contact_phase_settle_300_600ms_pitch_gt_0p1_rate: 0.5472
Metrics/racket_target/post_contact_phase_settle_300_600ms_waist_overflow_gt_1p0_rate: 0.0000
Metrics/racket_target/post_contact_phase_settle_300_600ms_base_ang_vel_gt_0p8_rate: 0.7507
Metrics/racket_target/post_contact_phase_ready_after_600ms_attempts: 1180.7500
Metrics/racket_target/post_contact_phase_ready_after_600ms_tilt_gt_0p1_rate: 0.4799
Metrics/racket_target/post_contact_phase_ready_after_600ms_pitch_gt_0p1_rate: 0.3949
Metrics/racket_target/post_contact_phase_ready_after_600ms_waist_overflow_gt_1p0_rate: 0.0000
Metrics/racket_target/post_contact_phase_ready_after_600ms_base_ang_vel_gt_0p8_rate: 0.9659
Metrics/racket_target/base_pitch_like_signed: -0.1481
Metrics/racket_target/base_backward_velocity: 0.5693
Metrics/racket_target/waist_action_rms: 0.4592
Metrics/racket_target/right_arm_action_rms: 2.9685
Metrics/racket_target/leg_action_rms: 0.6630
Metrics/racket_target/action_abs_max: 5.2543
Metrics/racket_target/applied_action_abs_max: 5.2543
Metrics/racket_target/leg_action_abs_max: 1.3807
Metrics/racket_target/effective_action_abs_max: 5.2542
Metrics/racket_target/action_clamp_fraction: 0.0236
Metrics/racket_target/waist_action_clamp_fraction: 0.0018
Metrics/racket_target/right_arm_action_clamp_fraction: 0.0005
Metrics/racket_target/leg_action_clamp_fraction: 0.0603
Metrics/racket_target/waist_q_tracking_error_rms: 0.3321
Metrics/racket_target/right_arm_q_tracking_error_rms: 0.1103
Metrics/racket_target/leg_q_tracking_error_rms: 0.2570
Metrics/racket_target/waist_torque_clip_fraction: 0.0000
Metrics/racket_target/right_arm_torque_clip_fraction: 0.0015
Metrics/racket_target/leg_torque_clip_fraction: 0.0000
Metrics/racket_target/waist_action_delta_rms: 0.1606
Metrics/racket_target/right_arm_action_delta_rms: 0.3561
Metrics/racket_target/leg_action_delta_rms: 0.2325
Metrics/racket_target/waist_joint_vel_rms: 0.8788
Metrics/racket_target/right_arm_joint_vel_rms: 1.1671
Metrics/racket_target/leg_joint_vel_rms: 1.1208
Metrics/racket_target/recovery_leg_action_abs_max: 1.0529
Metrics/racket_target/recovery_leg_action_delta_rms: 0.1637
Metrics/racket_target/recovery_leg_joint_vel_rms: 0.8777
Metrics/racket_target/physical_contact_health_score: 0.0000
Metrics/racket_target/physical_contact_face_quality: 0.0000
Metrics/racket_target/physical_contact_outcome_quality: 0.0000
Metrics/racket_target/physical_contact_quality_command_scale: 1.0000
Metrics/racket_target/physical_contact_planner_alignment: 0.0000
Metrics/racket_target/physical_contact_planner_alignment_raw: 0.0000
Metrics/racket_target/physical_recovery_pending: 0.0883
Metrics/racket_target/physical_recovery_tier: 0.0883
Metrics/racket_target/physical_recovery_success_event: 0.0000
Metrics/racket_target/physical_recovery_failure_event: 0.0859
Metrics/racket_target/physical_recovery_nonterminal_failure_event: 0.0000
Metrics/racket_target/physical_recovery_terminal_failure_event: 0.0859
Metrics/racket_target/physical_center_contact_event: 0.0000
Metrics/racket_target/physical_aligned_contact_event: 0.0000
Metrics/racket_target/physical_ability_level: 0.0000
Metrics/racket_target/physical_ability_batch_events: 101.5859
Metrics/racket_target/physical_ability_raw_contact_ema: 0.4313
Metrics/racket_target/physical_ability_contact_ema: 0.1027
Metrics/racket_target/physical_ability_aligned_contact_ema: 0.0676
Metrics/racket_target/physical_ability_net_ema: 0.0018
Metrics/racket_target/physical_ability_bounce_ema: 0.0018
Metrics/racket_target/physical_ability_recovery_ema: 0.6386
Metrics/racket_target/physical_ability_safety_ema: 0.8206
Metrics/racket_target/physical_ability_recovery_threshold: 0.2777
Metrics/racket_target/physical_ability_contact_threshold: 0.2592
Metrics/racket_target/physical_ability_aligned_contact_threshold: 0.0000
Metrics/racket_target/physical_ability_net_threshold: 0.0000
Metrics/racket_target/physical_ability_bounce_threshold: 0.0000
     Metrics/physical_shadow/phase: 2.4066
Metrics/physical_shadow/route_valid: 1.0000
Metrics/physical_shadow/route_curriculum_level: 1.0000
Metrics/physical_shadow/serve_event: 0.0000
Metrics/physical_shadow/incoming_bounce_event: 0.0117
Metrics/physical_shadow/contact_event: 0.0000
Metrics/physical_shadow/net_cross_event: 0.0000
Metrics/physical_shadow/outgoing_landing_event: 0.0000
Metrics/physical_shadow/opponent_bounce_event: 0.0000
Metrics/physical_shadow/landing_short_event: 0.0000
Metrics/physical_shadow/landing_long_event: 0.0000
Metrics/physical_shadow/landing_side_event: 0.0000
Metrics/physical_shadow/landing_no_net_event: 0.0000
Metrics/physical_shadow/abort_event: 0.0000
Metrics/physical_shadow/timeout_event: 0.0234
Metrics/physical_shadow/route_unalignable_event: 0.0000
Metrics/physical_shadow/route_invalid_event: 0.0000
Metrics/physical_shadow/incoming_net_collision_event: 0.0000
Metrics/physical_shadow/reset_abort_event: 0.0000
Metrics/physical_shadow/command_refresh_event: 0.0610
Metrics/physical_shadow/incoming_bounce_latch: 0.6960
Metrics/physical_shadow/contact_latch: 0.3690
Metrics/physical_shadow/net_cross_latch: 0.0008
Metrics/physical_shadow/opponent_bounce_latch: 0.0008
Metrics/physical_shadow/launch_timing_error_s: -0.0007
Metrics/physical_shadow/contact_true_target_error: 0.0412
Metrics/physical_shadow/contact_planner_position_error: 0.0523
Metrics/physical_shadow/contact_planner_velocity_error: 0.5024
Metrics/physical_shadow/contact_planner_velocity_direction_error_deg: 17.5473
Metrics/physical_shadow/contact_planner_normal_error_deg: 11.6504
Metrics/physical_shadow/contact_outgoing_velocity_error: 1.2274
Metrics/physical_shadow/contact_outgoing_speed: 0.8526
Metrics/physical_shadow/contact_target_outgoing_speed: 1.4167
Metrics/physical_shadow/contact_outgoing_speed_ratio: 0.2198
Metrics/physical_shadow/contact_outgoing_direction_error_deg: 22.2389
Metrics/physical_shadow/contact_outgoing_velocity_x: 0.0009
Metrics/physical_shadow/contact_outgoing_velocity_y: 0.3458
Metrics/physical_shadow/contact_outgoing_velocity_z: 0.7450
Metrics/physical_shadow/contact_target_outgoing_velocity_x: 1.1808
Metrics/physical_shadow/contact_target_outgoing_velocity_y: 0.2464
Metrics/physical_shadow/contact_target_outgoing_velocity_z: 0.6788
Metrics/physical_shadow/contact_incoming_velocity_error: 0.2214
Metrics/physical_shadow/contact_incoming_velocity_direction_error_deg: 8.5473
Metrics/physical_shadow/contact_route_incoming_velocity_error: 0.1966
Metrics/physical_shadow/contact_route_incoming_velocity_direction_error_deg: 8.1850
Metrics/physical_shadow/contact_actual_route_incoming_velocity_error: 0.1132
Metrics/physical_shadow/contact_command_normal_only_error: 0.0921
Metrics/physical_shadow/contact_command_training_model_error: 0.1002
Metrics/physical_shadow/contact_command_physics_model_error: 0.1581
Metrics/physical_shadow/contact_actual_training_model_residual: 0.1311
Metrics/physical_shadow/contact_actual_physics_model_residual: 0.2735
Metrics/physical_shadow/contact_actual_normal_only_model_residual: 0.0991
Metrics/physical_shadow/contact_actual_training_predicted_target_error: 1.1394
Metrics/physical_shadow/contact_actual_physics_predicted_target_error: 1.0109
Metrics/physical_shadow/contact_actual_normal_only_predicted_target_error: 1.1937
Metrics/physical_shadow/contact_force_direction_valid: 0.0282
Metrics/physical_shadow/contact_force_vs_racket_normal_angle_deg: 0.1326
Metrics/physical_shadow/contact_actual_force_direction_model_residual: 0.2673
Metrics/physical_shadow/contact_actual_force_direction_predicted_target_error: 1.0143
Metrics/physical_shadow/contact_physx_data_valid: 0.3690
Metrics/physical_shadow/contact_physx_force: 1.2900
Metrics/physical_shadow/contact_physx_separation: -0.0001
Metrics/physical_shadow/contact_physx_normal_error_deg: 0.8971
Metrics/physical_shadow/contact_physx_point_radial_error: 0.0318
Metrics/physical_shadow/contact_actual_physx_normal_model_residual: 0.2571
Metrics/physical_shadow/contact_actual_physx_normal_predicted_target_error: 1.0235
Metrics/physical_shadow/contact_physx_substep_valid: 0.3690
Metrics/physical_shadow/contact_physx_substep_normal_error_deg: 0.6641
Metrics/physical_shadow/contact_physx_substep_point_radial_error: 0.0320
Metrics/physical_shadow/contact_physx_substep_point_normal_offset: -0.0012
Metrics/physical_shadow/contact_physx_patch_substeps: 0.3690
Metrics/physical_shadow/contact_physx_normal_impulse: 0.0032
Metrics/physical_shadow/contact_physx_capture_lag_s: 0.0049
Metrics/physical_shadow/contact_physx_contact_point_speed_delta: 0.0468
Metrics/physical_shadow/contact_physx_substep_link_model_residual: 0.2869
Metrics/physical_shadow/contact_physx_substep_point_model_residual: 0.2795
Metrics/physical_shadow/contact_physx_substep_outgoing_target_error: 1.2263
Metrics/physical_shadow/contact_physx_measured_restitution: 0.2383
Metrics/physical_shadow/contact_physx_pre_ball_speed: 0.6078
Metrics/physical_shadow/contact_physx_post_ball_speed: 0.8884
Metrics/physical_shadow/contact_physx_point_x: -0.7696
Metrics/physical_shadow/contact_physx_point_y: 1.3930
Metrics/physical_shadow/contact_physx_point_z: 0.4664
Metrics/physical_shadow/contact_physx_normal_x: 0.1854
Metrics/physical_shadow/contact_physx_normal_y: 0.1045
Metrics/physical_shadow/contact_physx_normal_z: 0.2969
Metrics/physical_shadow/contact_physx_pre_ball_velocity_x: -0.5467
Metrics/physical_shadow/contact_physx_pre_ball_velocity_y: 0.0110
Metrics/physical_shadow/contact_physx_pre_ball_velocity_z: -0.2086
Metrics/physical_shadow/contact_physx_post_ball_velocity_x: 0.0009
Metrics/physical_shadow/contact_physx_post_ball_velocity_y: 0.3469
Metrics/physical_shadow/contact_physx_post_ball_velocity_z: 0.7863
Metrics/physical_shadow/contact_physx_pre_racket_point_velocity_x: 0.1872
Metrics/physical_shadow/contact_physx_pre_racket_point_velocity_y: 0.1837
Metrics/physical_shadow/contact_physx_pre_racket_point_velocity_z: 0.1740
Metrics/physical_shadow/contact_physx_post_racket_point_velocity_x: 0.1806
Metrics/physical_shadow/contact_physx_post_racket_point_velocity_y: 0.1833
Metrics/physical_shadow/contact_physx_post_racket_point_velocity_z: 0.1618
Metrics/physical_shadow/contact_physx_pre_ball_angular_velocity_x: -0.5168
Metrics/physical_shadow/contact_physx_pre_ball_angular_velocity_y: -57.8157
Metrics/physical_shadow/contact_physx_pre_ball_angular_velocity_z: 0.0000
Metrics/physical_shadow/contact_physx_post_ball_angular_velocity_x: -7.8665
Metrics/physical_shadow/contact_physx_post_ball_angular_velocity_y: -40.7520
Metrics/physical_shadow/contact_physx_post_ball_angular_velocity_z: 0.9274
Metrics/physical_shadow/contact_physx_pre_ball_surface_tangent_speed: 0.7040
Metrics/physical_shadow/contact_physx_post_ball_spin_speed: 46.7139
Metrics/physical_shadow/contact_impact_normal_error_deg: 11.6504
Metrics/physical_shadow/contact_wire_impact_normal_gap_deg: 0.0000
Metrics/physical_shadow/contact_face_radial_error: 0.0369
Metrics/physical_shadow/contact_time_to_strike: 0.0169
Metrics/physical_shadow/landing_target_error: 0.6704
Metrics/physical_shadow/landing_target_x_error: -0.6630
Metrics/physical_shadow/landing_target_y_error: 0.0468
Metrics/physical_shadow/landing_position_x: -0.7337
Metrics/physical_shadow/landing_position_y: 1.5756
Metrics/physical_shadow/command_refresh_valid: 0.6960
Metrics/physical_shadow/command_refresh_count: 13.6796
Metrics/physical_shadow/command_refresh_tts_s: 0.2026
Metrics/physical_shadow/command_refresh_position_delta: 0.0263
Metrics/physical_shadow/command_refresh_incoming_velocity_delta: 0.1489
Metrics/physical_shadow/command_refresh_timing_delta_s: 0.0281
Metrics/physical_shadow/command_refresh_racket_velocity_delta: 0.0693
Metrics/physical_shadow/command_refresh_normal_delta_deg: 1.5975
Metrics/physical_shadow/minimum_ball_racket_distance: 0.3642
      Episode_Termination/time_out: 2.9766
  Episode_Termination/base_too_low: 0.0000
   Episode_Termination/base_tilted: 0.5781
   Episode_Termination/table_touch: 0.3047
Episode_Termination/persistent_action_overflow: 0.0000
--------------------------------------------------------------------------------
                   Total timesteps: 360448
                    Iteration time: 22.27s
                      Time elapsed: 00:03:55
                               ETA: 00:14:14
